{"type":"FeatureCollection","generated_at":"2026-08-06T13:31:00.087Z","city":"riv","res":9,"months":24,"cells":980,"incidents":5383,"monthly":{"2024-08":280,"2024-09":301,"2024-10":335,"2024-11":289,"2024-12":274,"2025-01":233,"2025-02":241,"2025-03":241,"2025-04":218,"2025-05":190,"2025-06":182,"2025-07":226,"2025-08":229,"2025-09":233,"2025-10":230,"2025-11":158,"2025-12":209,"2026-01":193,"2026-02":41,"2026-03":164,"2026-04":171,"2026-05":178,"2026-06":191,"2026-07":186,"2026-08":10},"features":[{"type":"Feature","geometry":{"type":"Polygon","coordinates":[[[-117.44326388009482,33.94395723142896],[-117.44212428400142,33.94564913529411],[-117.44330128553541,33.94727799000064],[-117.44561789739988,33.94721491636887],[-117.44675743943698,33.945523004174916],[-117.44558042366869,33.943894173941345],[-117.44326388009482,33.94395723142896],[-117.44326388009482,33.94395723142896]]]},"properties":{"h3":"8929a014a3bffff","count":11,"c3":0,"c6":2,"c12":6,"c24":11,"score":5.9,"risk":11,"peakDay":"Saturday","peakTime":"afternoon","hood":"Ramona","bk12":{"morning":4,"afternoon":2,"evening":0,"night":0},"bk24":{"morning":5,"afternoon":5,"evening":1,"night":0},"sv12":4,"recent":[{"d":"2026-04-16","day":"Thu","time":"15:59","desc":"Motor Vehicle Theft","res":""},{"d":"2026-03-07","day":"Sat","time":"14:32","desc":"Motor Vehicle Theft","res":""},{"d":"2026-01-06","day":"Tue","time":"06:20","desc":"Motor Vehicle Theft","res":""},{"d":"2025-12-13","day":"Sat","time":"09:48","desc":"Larceny","res":""},{"d":"2025-11-15","day":"Sat","time":"06:04","desc":"Motor Vehicle Theft","res":""},{"d":"2025-11-15","day":"Sat","time":"06:04","desc":"Larceny","res":""},{"d":"2025-05-10","day":"Sat","time":"14:00","desc":"Motor Vehicle Theft","res":""},{"d":"2025-04-28","day":"Mon","time":"18:00","desc":"Larceny","res":""},{"d":"2025-03-28","day":"Fri","time":"06:00","desc":"Larceny","res":""},{"d":"2025-01-02","day":"Thu","time":"14:55","desc":"Larceny","res":""}]}},{"type":"Feature","geometry":{"type":"Polygon","coordinates":[[[-117.31494122731638,33.97562180923117],[-117.31379874209361,33.977312769615246],[-117.31497485697523,33.97894292241709],[-117.31729347172215,33.97888209045208],[-117.31843590316947,33.97719112157455],[-117.31725977364805,33.975560993155305],[-117.31494122731638,33.97562180923117],[-117.31494122731638,33.97562180923117]]]},"properties":{"h3":"8929a002b1bffff","count":6,"c3":2,"c6":2,"c12":4,"c24":6,"score":3.6,"risk":7,"peakDay":"Thursday","peakTime":"evening","hood":"University","bk12":{"morning":1,"afternoon":2,"evening":1,"night":0},"bk24":{"morning":1,"afternoon":2,"evening":2,"night":1},"sv12":2,"recent":[{"d":"2026-05-21","day":"Thu","time":"13:19","desc":"Larceny","res":""},{"d":"2026-05-21","day":"Thu","time":"09:22","desc":"Larceny","res":""},{"d":"2025-11-06","day":"Thu","time":"14:51","desc":"Motor Vehicle Theft","res":""},{"d":"2025-09-29","day":"Mon","time":"20:16","desc":"Motor Vehicle Theft","res":""},{"d":"2025-07-18","day":"Fri","time":"02:50","desc":"Motor Vehicle Theft","res":""},{"d":"2024-08-06","day":"Tue","time":"19:00","desc":"Larceny","res":""}]}},{"type":"Feature","geometry":{"type":"Polygon","coordinates":[[[-117.36030563832693,33.989371274874784],[-117.35916391930361,33.99106239232987],[-117.36034061110313,33.992691793978516],[-117.36265903643162,33.99263005377403],[-117.3638007015559,33.990938927893396],[-117.36262399525354,33.98930955064263],[-117.36030563832693,33.989371274874784],[-117.36030563832693,33.989371274874784]]]},"properties":{"h3":"8929a0070d3ffff","count":16,"c3":3,"c6":3,"c12":7,"c24":16,"score":8.4,"risk":16,"peakDay":"Monday","peakTime":"morning","hood":"Downtown","bk12":{"morning":5,"afternoon":0,"evening":2,"night":0},"bk24":{"morning":6,"afternoon":1,"evening":5,"night":4},"sv12":3,"recent":[{"d":"2026-07-06","day":"Mon","time":"10:33","desc":"Larceny","res":""},{"d":"2026-06-28","day":"Sun","time":"07:20","desc":"Larceny","res":""},{"d":"2026-06-28","day":"Sun","time":"07:20","desc":"Larceny","res":""},{"d":"2026-01-04","day":"Sun","time":"19:49","desc":"Larceny","res":""},{"d":"2025-12-01","day":"Mon","time":"10:29","desc":"Motor Vehicle Theft","res":""},{"d":"2025-11-19","day":"Wed","time":"07:51","desc":"Motor Vehicle Theft","res":""},{"d":"2025-10-26","day":"Sun","time":"18:07","desc":"Motor Vehicle Theft","res":""},{"d":"2025-05-12","day":"Mon","time":"17:00","desc":"Larceny","res":""},{"d":"2025-05-11","day":"Sun","time":"19:00","desc":"Motor Vehicle Theft","res":""},{"d":"2025-04-30","day":"Wed","time":"03:06","desc":"Larceny","res":""}]}},{"type":"Feature","geometry":{"type":"Polygon","coordinates":[[[-117.42932708351077,33.94101375989655],[-117.4281872382379,33.94270560709794],[-117.42936407698545,33.94433467796882],[-117.43168077528534,33.94427187717064],[-117.4328205665385,33.94258002162003],[-117.43164371351425,33.940950975216644],[-117.42932708351077,33.94101375989655],[-117.42932708351077,33.94101375989655]]]},"properties":{"h3":"8929a014a43ffff","count":5,"c3":1,"c6":1,"c12":2,"c24":5,"score":2.4,"risk":5,"peakDay":"Wednesday","peakTime":"night","hood":"Ramona","bk12":{"morning":0,"afternoon":0,"evening":1,"night":1},"bk24":{"morning":1,"afternoon":1,"evening":1,"night":2},"sv12":1,"recent":[{"d":"2026-06-03","day":"Wed","time":"20:04","desc":"Motor Vehicle Theft","res":""},{"d":"2026-01-04","day":"Sun","time":"04:54","desc":"Larceny","res":""},{"d":"2024-12-29","day":"Sun","time":"23:02","desc":"Motor Vehicle Theft","res":""},{"d":"2024-09-23","day":"Mon","time":"09:30","desc":"Larceny","res":""},{"d":"2024-08-07","day":"Wed","time":"14:50","desc":"Larceny","res":""}]}},{"type":"Feature","geometry":{"type":"Polygon","coordinates":[[[-117.28329507150391,33.94156089332277],[-117.2821523021737,33.94325191795418],[-117.28332775708543,33.944882880613264],[-117.28564599605903,33.94482279425251],[-117.28678871172349,33.943131761070696],[-117.28561324208287,33.941500822799874],[-117.28329507150391,33.94156089332277],[-117.28329507150391,33.94156089332277]]]},"properties":{"h3":"8929a002e53ffff","count":15,"c3":1,"c6":1,"c12":5,"c24":15,"score":6.6,"risk":13,"peakDay":"Friday","peakTime":"afternoon","hood":"Sycamore Canyon/Canyon Springs","bk12":{"morning":4,"afternoon":1,"evening":0,"night":0},"bk24":{"morning":5,"afternoon":6,"evening":4,"night":0},"recent":[{"d":"2026-06-10","day":"Wed","time":"09:43","desc":"Larceny","res":""},{"d":"2026-01-12","day":"Mon","time":"12:22","desc":"Larceny","res":""},{"d":"2025-10-17","day":"Fri","time":"07:14","desc":"Larceny","res":""},{"d":"2025-10-17","day":"Fri","time":"06:15","desc":"Larceny","res":""},{"d":"2025-10-17","day":"Fri","time":"06:13","desc":"Larceny","res":""},{"d":"2025-04-22","day":"Tue","time":"13:00","desc":"Larceny","res":""},{"d":"2025-04-16","day":"Wed","time":"17:47","desc":"Larceny","res":""},{"d":"2025-03-02","day":"Sun","time":"14:50","desc":"Larceny","res":""},{"d":"2025-02-14","day":"Fri","time":"13:21","desc":"Larceny","res":""},{"d":"2025-02-07","day":"Fri","time":"17:00","desc":"Motor Vehicle Theft","res":""}]}},{"type":"Feature","geometry":{"type":"Polygon","coordinates":[[[-117.32857987520757,33.94868586286599],[-117.32743793705214,33.950377092040625],[-117.32861389922584,33.952007383607324],[-117.33093181414833,33.95194642159111],[-117.33207369852094,33.95025518393121],[-117.33089772175673,33.94862491677264],[-117.32857987520757,33.94868586286599],[-117.32857987520757,33.94868586286599]]]},"properties":{"h3":"8929a0028b3ffff","count":16,"c3":1,"c6":1,"c12":3,"c24":16,"score":6.6,"risk":13,"peakDay":"Tuesday","peakTime":"evening","hood":"Canyon Crest","bk12":{"morning":1,"afternoon":1,"evening":1,"night":0},"bk24":{"morning":4,"afternoon":4,"evening":5,"night":3},"sv12":2,"recent":[{"d":"2026-07-09","day":"Thu","time":"07:54","desc":"Larceny","res":""},{"d":"2025-12-28","day":"Sun","time":"16:12","desc":"Motor Vehicle Theft","res":""},{"d":"2025-11-18","day":"Tue","time":"20:36","desc":"Motor Vehicle Theft","res":""},{"d":"2025-07-26","day":"Sat","time":"17:25","desc":"Larceny","res":""},{"d":"2025-06-24","day":"Tue","time":"23:00","desc":"Larceny","res":""},{"d":"2025-06-21","day":"Sat","time":"18:10","desc":"Larceny","res":""},{"d":"2025-05-05","day":"Mon","time":"12:30","desc":"Motor Vehicle Theft","res":""},{"d":"2025-03-17","day":"Mon","time":"11:00","desc":"Larceny","res":""},{"d":"2025-01-26","day":"Sun","time":"08:53","desc":"Motor Vehicle Theft","res":""},{"d":"2024-11-08","day":"Fri","time":"06:30","desc":"Motor Vehicle Theft","res":""}]}},{"type":"Feature","geometry":{"type":"Polygon","coordinates":[[[-117.38769487507233,33.94877891894515],[-117.38655411752343,33.950470478923144],[-117.38773064316209,33.952100000873486],[-117.39004794076007,33.95203793840573],[-117.39118864438264,33.95034637002405],[-117.39001210433636,33.94871687251364],[-117.38769487507233,33.94877891894515],[-117.38769487507233,33.94877891894515]]]},"properties":{"h3":"8929a015863ffff","count":2,"c3":0,"c6":0,"c12":1,"c24":2,"score":0.8,"risk":2,"peakDay":"Wednesday","peakTime":"evening","hood":"Magnolia Center","bk12":{"morning":0,"afternoon":0,"evening":0,"night":1},"bk24":{"morning":0,"afternoon":0,"evening":1,"night":1},"sv12":1,"recent":[{"d":"2025-09-28","day":"Sun","time":"22:10","desc":"Motor Vehicle Theft","res":""},{"d":"2024-08-07","day":"Wed","time":"21:00","desc":"Larceny","res":""}]}},{"type":"Feature","geometry":{"type":"Polygon","coordinates":[[[-117.30419099583018,33.94434055988385],[-117.30304861506389,33.94603168264438],[-117.30422429887564,33.94766234171716],[-117.30654237812143,33.94760185363143],[-117.30768470516841,33.94591072235035],[-117.30650900669174,33.94428008767537],[-117.30419099583018,33.94434055988385],[-117.30419099583018,33.94434055988385]]]},"properties":{"h3":"8929a002eafffff","count":13,"c3":1,"c6":2,"c12":9,"c24":13,"score":7.2,"risk":14,"peakDay":"Thursday","peakTime":"morning","hood":"Canyon Crest","bk12":{"morning":4,"afternoon":2,"evening":1,"night":2},"bk24":{"morning":5,"afternoon":2,"evening":2,"night":4},"recent":[{"d":"2026-05-11","day":"Mon","time":"15:24","desc":"Larceny","res":""},{"d":"2026-04-15","day":"Wed","time":"04:24","desc":"Larceny","res":""},{"d":"2026-02-01","day":"Sun","time":"21:09","desc":"Larceny","res":""},{"d":"2026-01-14","day":"Wed","time":"08:51","desc":"Larceny","res":""},{"d":"2025-12-24","day":"Wed","time":"07:16","desc":"Larceny","res":""},{"d":"2025-12-11","day":"Thu","time":"04:29","desc":"Larceny","res":""},{"d":"2025-11-21","day":"Fri","time":"06:49","desc":"Larceny","res":""},{"d":"2025-11-21","day":"Fri","time":"05:52","desc":"Larceny","res":""},{"d":"2025-08-07","day":"Thu","time":"15:00","desc":"Larceny","res":""},{"d":"2025-02-03","day":"Mon","time":"21:00","desc":"Larceny","res":""}]}},{"type":"Feature","geometry":{"type":"Polygon","coordinates":[[[-117.47048759661371,33.893381736347635],[-117.46934906016067,33.895074147554276],[-117.47052578754935,33.89670323944267],[-117.47284106553116,33.89663989560254],[-117.473979547911,33.89494747608485],[-117.47280280638505,33.89331840871815],[-117.47048759661371,33.893381736347635],[-117.47048759661371,33.893381736347635]]]},"properties":{"h3":"8929a014c97ffff","count":7,"c3":1,"c6":2,"c12":4,"c24":7,"score":4,"risk":8,"peakDay":"Friday","peakTime":"afternoon","hood":"La Sierra South","bk12":{"morning":0,"afternoon":2,"evening":1,"night":1},"bk24":{"morning":1,"afternoon":3,"evening":2,"night":1},"sv12":2,"recent":[{"d":"2026-07-17","day":"Fri","time":"03:21","desc":"Larceny","res":""},{"d":"2026-04-25","day":"Sat","time":"14:13","desc":"Motor Vehicle Theft","res":""},{"d":"2025-12-26","day":"Fri","time":"12:36","desc":"Larceny","res":""},{"d":"2025-10-20","day":"Mon","time":"20:37","desc":"Motor Vehicle Theft","res":""},{"d":"2025-03-28","day":"Fri","time":"12:00","desc":"Larceny","res":""},{"d":"2024-11-07","day":"Thu","time":"10:00","desc":"Larceny","res":""},{"d":"2024-08-08","day":"Thu","time":"17:26","desc":"Larceny","res":""}]}},{"type":"Feature","geometry":{"type":"Polygon","coordinates":[[[-117.32111913951995,33.89903739469129],[-117.31997755826426,33.900728933831296],[-117.32115292841809,33.90235990271245],[-117.32346989443107,33.902299308015905],[-117.3246114219697,33.90060776036074],[-117.32343603721519,33.898976815917116],[-117.32111913951995,33.89903739469129],[-117.32111913951995,33.89903739469129]]]},"properties":{"h3":"8929a015283ffff","count":5,"c3":1,"c6":1,"c12":1,"c24":5,"score":1.9,"risk":4,"peakDay":"Monday","peakTime":"night","hood":"Orangecrest","bk12":{"morning":0,"afternoon":0,"evening":1,"night":0},"bk24":{"morning":0,"afternoon":0,"evening":1,"night":4},"recent":[{"d":"2026-06-17","day":"Wed","time":"18:00","desc":"Larceny","res":""},{"d":"2024-08-26","day":"Mon","time":"04:02","desc":"Motor Vehicle Theft","res":""},{"d":"2024-08-26","day":"Mon","time":"04:02","desc":"Larceny","res":""},{"d":"2024-08-26","day":"Mon","time":"04:02","desc":"Larceny","res":""},{"d":"2024-08-09","day":"Fri","time":"01:00","desc":"Larceny","res":""}]}},{"type":"Feature","geometry":{"type":"Polygon","coordinates":[[[-117.32861389922584,33.952007383607324],[-117.3274719278886,33.95369858934517],[-117.32864792525702,33.955328841550866],[-117.33096590855688,33.955267863612654],[-117.33210782610807,33.95357664939091],[-117.33093181414833,33.95194642159111],[-117.32861389922584,33.952007383607324],[-117.32861389922584,33.952007383607324]]]},"properties":{"h3":"8929a0028a3ffff","count":24,"c3":3,"c6":4,"c12":10,"c24":24,"score":12,"risk":23,"peakDay":"Saturday","peakTime":"morning","hood":"Canyon Crest","bk12":{"morning":8,"afternoon":1,"evening":0,"night":1},"bk24":{"morning":13,"afternoon":4,"evening":2,"night":5},"sv12":2,"recent":[{"d":"2026-07-09","day":"Thu","time":"11:56","desc":"Larceny","res":""},{"d":"2026-06-04","day":"Thu","time":"10:16","desc":"Larceny","res":""},{"d":"2026-05-18","day":"Mon","time":"08:22","desc":"Motor Vehicle Theft","res":""},{"d":"2026-04-28","day":"Tue","time":"09:30","desc":"Larceny","res":""},{"d":"2026-02-02","day":"Mon","time":"08:36","desc":"Larceny","res":""},{"d":"2026-01-03","day":"Sat","time":"08:36","desc":"Larceny","res":""},{"d":"2026-01-03","day":"Sat","time":"01:42","desc":"Motor Vehicle Theft","res":""},{"d":"2025-12-02","day":"Tue","time":"15:17","desc":"Larceny","res":""},{"d":"2025-11-29","day":"Sat","time":"11:27","desc":"Larceny","res":""},{"d":"2025-09-17","day":"Wed","time":"07:55","desc":"Larceny","res":""}]}},{"type":"Feature","geometry":{"type":"Polygon","coordinates":[[[-117.48096358444177,33.89807854759808],[-117.47982521023809,33.89977098372152],[-117.48100208572497,33.90139988406934],[-117.4833173495244,33.901336323769506],[-117.48445566962508,33.899643879351395],[-117.48327878003211,33.89801500352764],[-117.48096358444177,33.89807854759808],[-117.48096358444177,33.89807854759808]]]},"properties":{"h3":"8929a016b7bffff","count":29,"c3":8,"c6":9,"c12":14,"c24":29,"score":16.1,"risk":31,"peakDay":"Monday","peakTime":"morning","hood":"La Sierra","bk12":{"morning":7,"afternoon":4,"evening":3,"night":0},"bk24":{"morning":12,"afternoon":5,"evening":10,"night":2},"sv12":3,"recent":[{"d":"2026-07-29","day":"Wed","time":"11:50","desc":"Larceny","res":""},{"d":"2026-07-29","day":"Wed","time":"08:22","desc":"Motor Vehicle Theft","res":""},{"d":"2026-07-12","day":"Sun","time":"14:08","desc":"Larceny","res":""},{"d":"2026-06-26","day":"Fri","time":"17:38","desc":"Larceny","res":""},{"d":"2026-06-03","day":"Wed","time":"12:52","desc":"Larceny","res":""},{"d":"2026-05-26","day":"Tue","time":"08:20","desc":"Larceny","res":""},{"d":"2026-05-26","day":"Tue","time":"07:07","desc":"Larceny","res":""},{"d":"2026-05-26","day":"Tue","time":"06:37","desc":"Larceny","res":""},{"d":"2026-03-15","day":"Sun","time":"20:57","desc":"Motor Vehicle Theft","res":""},{"d":"2025-10-23","day":"Thu","time":"07:09","desc":"Motor Vehicle Theft","res":""}]}},{"type":"Feature","geometry":{"type":"Polygon","coordinates":[[[-117.47413273902328,33.908232891663744],[-117.47299412473255,33.90992521868388],[-117.47417104246136,33.9115540893684],[-117.47648658861347,33.91149060851904],[-117.4776251488079,33.909798273198774],[-117.47644821694932,33.90816942702782],[-117.47413273902328,33.908232891663744],[-117.47413273902328,33.908232891663744]]]},"properties":{"h3":"8929a014c37ffff","count":5,"c3":1,"c6":2,"c12":3,"c24":5,"score":2.8,"risk":5,"peakDay":"Wednesday","peakTime":"morning","hood":"La Sierra","bk12":{"morning":2,"afternoon":1,"evening":0,"night":0},"bk24":{"morning":2,"afternoon":1,"evening":1,"night":1},"sv12":1,"recent":[{"d":"2026-06-24","day":"Wed","time":"15:45","desc":"Larceny","res":""},{"d":"2026-04-09","day":"Thu","time":"11:44","desc":"Larceny","res":""},{"d":"2025-09-24","day":"Wed","time":"10:20","desc":"Motor Vehicle Theft","res":""},{"d":"2024-11-08","day":"Fri","time":"21:30","desc":"Larceny","res":""},{"d":"2024-08-10","day":"Sat","time":"00:00","desc":"Larceny","res":""}]}},{"type":"Feature","geometry":{"type":"Polygon","coordinates":[[[-117.46365577774901,33.90353593087174],[-117.46251700122893,33.90522823295875],[-117.46369377078015,33.90685729522474],[-117.4660093310152,33.90679403089237],[-117.46714805346878,33.905101720488865],[-117.46597126975658,33.90347268273406],[-117.46365577774901,33.90353593087174],[-117.46365577774901,33.90353593087174]]]},"properties":{"h3":"8929a014c03ffff","count":12,"c3":0,"c6":2,"c12":5,"c24":12,"score":5.7,"risk":11,"peakDay":"Tuesday","peakTime":"evening","hood":"La Sierra","bk12":{"morning":2,"afternoon":1,"evening":2,"night":0},"bk24":{"morning":4,"afternoon":2,"evening":4,"night":2},"sv12":1,"recent":[{"d":"2026-04-21","day":"Tue","time":"21:45","desc":"Larceny","res":""},{"d":"2026-04-05","day":"Sun","time":"13:14","desc":"Motor Vehicle Theft","res":""},{"d":"2025-12-22","day":"Mon","time":"17:03","desc":"Larceny","res":""},{"d":"2025-11-02","day":"Sun","time":"11:57","desc":"Larceny","res":""},{"d":"2025-09-25","day":"Thu","time":"07:48","desc":"Larceny","res":""},{"d":"2025-07-07","day":"Mon","time":"08:05","desc":"Larceny","res":""},{"d":"2025-06-17","day":"Tue","time":"18:00","desc":"Larceny","res":""},{"d":"2024-10-29","day":"Tue","time":"22:00","desc":"Motor Vehicle Theft","res":""},{"d":"2024-10-09","day":"Wed","time":"18:00","desc":"Larceny","res":""},{"d":"2024-10-03","day":"Thu","time":"16:00","desc":"Larceny","res":""}]}},{"type":"Feature","geometry":{"type":"Polygon","coordinates":[[[-117.37068512609233,33.984112389139256],[-117.36954366825825,33.985803602406236],[-117.37072040353283,33.987432930852165],[-117.37303861111363,33.98737102162396],[-117.37418001502857,33.98567979994368],[-117.37300326528464,33.98405049590474],[-117.37068512609233,33.984112389139256],[-117.37068512609233,33.984112389139256]]]},"properties":{"h3":"8929a00742bffff","count":52,"c3":9,"c6":13,"c12":25,"c24":52,"score":27.9,"risk":54,"peakDay":"Saturday","peakTime":"morning","hood":"Downtown","bk12":{"morning":9,"afternoon":8,"evening":2,"night":6},"bk24":{"morning":16,"afternoon":11,"evening":12,"night":13},"sv12":4,"recent":[{"d":"2026-07-15","day":"Wed","time":"03:51","desc":"Larceny","res":""},{"d":"2026-07-06","day":"Mon","time":"20:13","desc":"Larceny","res":""},{"d":"2026-07-03","day":"Fri","time":"08:04","desc":"Larceny","res":""},{"d":"2026-06-27","day":"Sat","time":"07:07","desc":"Larceny","res":""},{"d":"2026-06-09","day":"Tue","time":"14:13","desc":"Larceny","res":""},{"d":"2026-05-25","day":"Mon","time":"10:54","desc":"Larceny","res":""},{"d":"2026-05-17","day":"Sun","time":"13:45","desc":"Larceny","res":""},{"d":"2026-05-12","day":"Tue","time":"15:05","desc":"Larceny","res":""},{"d":"2026-05-07","day":"Thu","time":"13:38","desc":"Larceny","res":""},{"d":"2026-04-24","day":"Fri","time":"12:13","desc":"Motor Vehicle Theft","res":""}]}},{"type":"Feature","geometry":{"type":"Polygon","coordinates":[[[-117.44634498695618,33.9089911354816],[-117.4452058082058,33.91068330327898],[-117.44638247155247,33.91231252739987],[-117.44869832786824,33.91224955922493],[-117.44983745258865,33.91055738308926],[-117.44866077502608,33.908928183466635],[-117.44634498695618,33.9089911354816],[-117.44634498695618,33.9089911354816]]]},"properties":{"h3":"8929a014e87ffff","count":8,"c3":2,"c6":4,"c12":5,"c24":8,"score":4.9,"risk":9,"peakDay":"Tuesday","peakTime":"afternoon","hood":"Arlington South","bk12":{"morning":3,"afternoon":2,"evening":0,"night":0},"bk24":{"morning":3,"afternoon":3,"evening":2,"night":0},"sv12":5,"recent":[{"d":"2026-06-16","day":"Tue","time":"06:56","desc":"Motor Vehicle Theft","res":""},{"d":"2026-06-16","day":"Tue","time":"06:56","desc":"Motor Vehicle Theft","res":""},{"d":"2026-03-23","day":"Mon","time":"15:23","desc":"Motor Vehicle Theft","res":""},{"d":"2026-03-16","day":"Mon","time":"11:49","desc":"Motor Vehicle Theft","res":""},{"d":"2026-01-16","day":"Fri","time":"14:17","desc":"Motor Vehicle Theft","res":""},{"d":"2025-01-07","day":"Tue","time":"18:30","desc":"Larceny","res":""},{"d":"2024-09-29","day":"Sun","time":"19:00","desc":"Larceny","res":""},{"d":"2024-08-10","day":"Sat","time":"12:55","desc":"Larceny","res":""}]}},{"type":"Feature","geometry":{"type":"Polygon","coordinates":[[[-117.41204274488938,33.94978576060145],[-117.41090246428628,33.9514774493778],[-117.41207923148306,33.95310664254067],[-117.41439629361818,33.953044122474694],[-117.41553652023491,33.9513524253287],[-117.4143597387057,33.94972325661815],[-117.41204274488938,33.94978576060145],[-117.41204274488938,33.94978576060145]]]},"properties":{"h3":"8929a01591bffff","count":13,"c3":1,"c6":3,"c12":7,"c24":13,"score":7.2,"risk":14,"peakDay":"Sunday","peakTime":"afternoon","hood":"Magnolia Center","bk12":{"morning":3,"afternoon":3,"evening":1,"night":0},"bk24":{"morning":4,"afternoon":5,"evening":3,"night":1},"sv12":2,"recent":[{"d":"2026-07-12","day":"Sun","time":"15:23","desc":"Motor Vehicle Theft","res":""},{"d":"2026-05-05","day":"Tue","time":"13:18","desc":"Larceny","res":""},{"d":"2026-05-03","day":"Sun","time":"09:09","desc":"Larceny","res":""},{"d":"2026-01-29","day":"Thu","time":"17:21","desc":"Larceny","res":""},{"d":"2026-01-22","day":"Thu","time":"12:39","desc":"Larceny","res":""},{"d":"2025-10-16","day":"Thu","time":"05:22","desc":"Larceny","res":""},{"d":"2025-09-08","day":"Mon","time":"10:52","desc":"Motor Vehicle Theft","res":""},{"d":"2025-06-01","day":"Sun","time":"14:00","desc":"Larceny","res":""},{"d":"2025-05-02","day":"Fri","time":"23:00","desc":"Motor Vehicle Theft","res":""},{"d":"2025-03-19","day":"Wed","time":"16:30","desc":"Motor Vehicle Theft","res":""}]}},{"type":"Feature","geometry":{"type":"Polygon","coordinates":[[[-117.40520046052077,33.95993561780454],[-117.40405993960923,33.9616271963656],[-117.40523674858703,33.96325635953412],[-117.40755409283543,33.963193919699606],[-117.4086945597674,33.96150233276342],[-117.40751773643339,33.95987319403671],[-117.40520046052077,33.95993561780454],[-117.40520046052077,33.95993561780454]]]},"properties":{"h3":"8929a015bb7ffff","count":3,"c3":0,"c6":0,"c12":0,"c24":3,"score":0.9,"risk":2,"peakDay":"Saturday","peakTime":"evening","hood":"Magnolia Center","bk12":{"morning":0,"afternoon":0,"evening":0,"night":0},"bk24":{"morning":1,"afternoon":1,"evening":1,"night":0},"recent":[{"d":"2025-01-26","day":"Sun","time":"08:30","desc":"Larceny","res":""},{"d":"2024-08-21","day":"Wed","time":"12:00","desc":"Motor Vehicle Theft","res":""},{"d":"2024-08-10","day":"Sat","time":"19:10","desc":"Larceny","res":""}]}},{"type":"Feature","geometry":{"type":"Polygon","coordinates":[[[-117.38109875896373,33.982173273470046],[-117.37995752919595,33.9838645589496],[-117.38113434308691,33.98549377467058],[-117.38345240118515,33.985431680497925],[-117.38459357701042,33.983740386618685],[-117.38341674868285,33.9821111953116],[-117.38109875896373,33.982173273470046],[-117.38109875896373,33.982173273470046]]]},"properties":{"h3":"8929a0075cbffff","count":8,"c3":0,"c6":0,"c12":1,"c24":8,"score":3,"risk":6,"peakDay":"Saturday","peakTime":"evening","hood":"Downtown","bk12":{"morning":0,"afternoon":0,"evening":0,"night":1},"bk24":{"morning":2,"afternoon":0,"evening":3,"night":3},"sv12":1,"recent":[{"d":"2025-12-30","day":"Tue","time":"01:42","desc":"Motor Vehicle Theft","res":""},{"d":"2025-05-11","day":"Sun","time":"07:00","desc":"Larceny","res":""},{"d":"2025-04-26","day":"Sat","time":"23:14","desc":"Motor Vehicle Theft","res":""},{"d":"2025-02-02","day":"Sun","time":"20:51","desc":"Larceny","res":""},{"d":"2025-01-03","day":"Fri","time":"17:00","desc":"Motor Vehicle Theft","res":""},{"d":"2024-10-05","day":"Sat","time":"05:31","desc":"Motor Vehicle Theft","res":""},{"d":"2024-09-14","day":"Sat","time":"01:00","desc":"Motor Vehicle Theft","res":""},{"d":"2024-08-10","day":"Sat","time":"19:30","desc":"Larceny","res":""}]}},{"type":"Feature","geometry":{"type":"Polygon","coordinates":[[[-117.33940492118082,33.986604136978556],[-117.33826281259664,33.98829515670273],[-117.33943927623402,33.98992486266227],[-117.34175786302524,33.989863524509005],[-117.34289991776386,33.9881724963294],[-117.34172343955957,33.9865428147583],[-117.33940492118082,33.986604136978556],[-117.33940492118082,33.986604136978556]]]},"properties":{"h3":"8929a00761bffff","count":19,"c3":1,"c6":3,"c12":7,"c24":19,"score":8.7,"risk":17,"peakDay":"Saturday","peakTime":"morning","hood":"University","bk12":{"morning":5,"afternoon":2,"evening":0,"night":0},"bk24":{"morning":6,"afternoon":4,"evening":5,"night":4},"sv12":3,"recent":[{"d":"2026-07-30","day":"Thu","time":"06:40","desc":"Motor Vehicle Theft","res":""},{"d":"2026-04-15","day":"Wed","time":"16:33","desc":"Motor Vehicle Theft","res":""},{"d":"2026-03-12","day":"Thu","time":"14:06","desc":"Larceny","res":""},{"d":"2026-01-27","day":"Tue","time":"09:12","desc":"Motor Vehicle Theft","res":""},{"d":"2025-12-26","day":"Fri","time":"07:24","desc":"Larceny","res":""},{"d":"2025-10-15","day":"Wed","time":"07:12","desc":"Larceny","res":""},{"d":"2025-10-15","day":"Wed","time":"05:12","desc":"Larceny","res":""},{"d":"2025-07-21","day":"Mon","time":"19:19","desc":"Motor Vehicle Theft","res":""},{"d":"2025-04-12","day":"Sat","time":"02:00","desc":"Motor Vehicle Theft","res":""},{"d":"2025-03-01","day":"Sat","time":"20:00","desc":"Motor Vehicle Theft","res":""}]}},{"type":"Feature","geometry":{"type":"Polygon","coordinates":[[[-117.4604667260309,33.9285396136217],[-117.4593276314353,33.93023172192101],[-117.46050463352246,33.931860533070896],[-117.46282074438516,33.93179721142874],[-117.46395978489782,33.93010509481835],[-117.46278276863349,33.928476308161024],[-117.4604667260309,33.9285396136217],[-117.4604667260309,33.9285396136217]]]},"properties":{"h3":"8929a01480bffff","count":2,"c3":0,"c6":0,"c12":0,"c24":2,"score":0.6,"risk":1,"peakDay":"Saturday","peakTime":"night","hood":"Arlanza","bk12":{"morning":0,"afternoon":0,"evening":0,"night":0},"bk24":{"morning":1,"afternoon":0,"evening":0,"night":1},"recent":[{"d":"2025-02-28","day":"Fri","time":"05:34","desc":"Motor Vehicle Theft","res":""},{"d":"2024-08-10","day":"Sat","time":"22:00","desc":"Larceny","res":""}]}},{"type":"Feature","geometry":{"type":"Polygon","coordinates":[[[-117.40141700761974,33.93180012890734],[-117.40027669746567,33.93349188582498],[-117.40145317499193,33.935121428146985],[-117.40376997703586,33.935059189092414],[-117.40491023324668,33.933367423783366],[-117.40373374135966,33.93173790592012],[-117.40141700761974,33.93180012890734],[-117.40141700761974,33.93180012890734]]]},"properties":{"h3":"8929a015d4bffff","count":12,"c3":2,"c6":2,"c12":4,"c24":12,"score":5.6,"risk":11,"peakDay":"Friday","peakTime":"morning","hood":"Casa Blanca","bk12":{"morning":1,"afternoon":3,"evening":0,"night":0},"bk24":{"morning":5,"afternoon":4,"evening":2,"night":1},"sv12":2,"recent":[{"d":"2026-07-21","day":"Tue","time":"14:36","desc":"Motor Vehicle Theft","res":""},{"d":"2026-06-05","day":"Fri","time":"14:00","desc":"Motor Vehicle Theft","res":""},{"d":"2025-12-15","day":"Mon","time":"16:47","desc":"Larceny","res":""},{"d":"2025-08-27","day":"Wed","time":"08:37","desc":"Larceny","res":""},{"d":"2025-06-29","day":"Sun","time":"12:48","desc":"Motor Vehicle Theft","res":""},{"d":"2025-06-10","day":"Tue","time":"10:00","desc":"Larceny","res":""},{"d":"2025-01-31","day":"Fri","time":"18:00","desc":"Motor Vehicle Theft","res":""},{"d":"2024-12-02","day":"Mon","time":"11:42","desc":"Larceny","res":""},{"d":"2024-09-16","day":"Mon","time":"07:44","desc":"Larceny","res":""},{"d":"2024-09-13","day":"Fri","time":"09:00","desc":"Larceny","res":""}]}},{"type":"Feature","geometry":{"type":"Polygon","coordinates":[[[-117.31144659738226,33.974052360791895],[-117.31030405839404,33.9757433126771],[-117.31148012342321,33.977373529279745],[-117.31379874209361,33.977312769615246],[-117.31494122731638,33.97562180923117],[-117.31376514763699,33.97399161701027],[-117.31144659738226,33.974052360791895],[-117.31144659738226,33.974052360791895]]]},"properties":{"h3":"8929a002bcfffff","count":8,"c3":0,"c6":1,"c12":2,"c24":8,"score":3.3,"risk":6,"peakDay":"Thursday","peakTime":"evening","hood":"University","bk12":{"morning":2,"afternoon":0,"evening":0,"night":0},"bk24":{"morning":2,"afternoon":2,"evening":3,"night":1},"recent":[{"d":"2026-03-18","day":"Wed","time":"08:28","desc":"Larceny","res":""},{"d":"2025-12-09","day":"Tue","time":"08:02","desc":"Larceny","res":""},{"d":"2025-08-04","day":"Mon","time":"19:09","desc":"Motor Vehicle Theft","res":""},{"d":"2024-11-14","day":"Thu","time":"22:00","desc":"Larceny","res":""},{"d":"2024-11-14","day":"Thu","time":"15:55","desc":"Motor Vehicle Theft","res":""},{"d":"2024-09-06","day":"Fri","time":"19:00","desc":"Larceny","res":""},{"d":"2024-08-24","day":"Sat","time":"13:00","desc":"Larceny","res":""},{"d":"2024-08-11","day":"Sun","time":"20:00","desc":"Larceny","res":""}]}},{"type":"Feature","geometry":{"type":"Polygon","coordinates":[[[-117.37414463605263,33.98235925072731],[-117.37300326528464,33.98405049590474],[-117.37418001502857,33.98567979994368],[-117.37649815000148,33.98561783439501],[-117.37763946684363,33.983926580808365],[-117.3764627026415,33.982297301179464],[-117.37414463605263,33.98235925072731],[-117.37414463605263,33.98235925072731]]]},"properties":{"h3":"8929a007423ffff","count":29,"c3":4,"c6":6,"c12":9,"c24":29,"score":13.9,"risk":27,"peakDay":"Sunday","peakTime":"night","hood":"Downtown","bk12":{"morning":4,"afternoon":1,"evening":1,"night":3},"bk24":{"morning":5,"afternoon":3,"evening":10,"night":11},"sv12":3,"recent":[{"d":"2026-07-30","day":"Thu","time":"01:31","desc":"Motor Vehicle Theft","res":""},{"d":"2026-06-28","day":"Sun","time":"14:09","desc":"Larceny","res":""},{"d":"2026-05-31","day":"Sun","time":"17:22","desc":"Larceny","res":""},{"d":"2026-05-21","day":"Thu","time":"08:23","desc":"Larceny","res":""},{"d":"2026-04-06","day":"Mon","time":"04:27","desc":"Motor Vehicle Theft","res":""},{"d":"2026-04-06","day":"Mon","time":"04:27","desc":"Larceny","res":""},{"d":"2026-01-08","day":"Thu","time":"05:01","desc":"Motor Vehicle Theft","res":""},{"d":"2025-10-27","day":"Mon","time":"09:25","desc":"Larceny","res":""},{"d":"2025-10-09","day":"Thu","time":"08:07","desc":"Larceny","res":""},{"d":"2025-07-18","day":"Fri","time":"19:00","desc":"Larceny","res":""}]}},{"type":"Feature","geometry":{"type":"Polygon","coordinates":[[[-117.36715511092817,33.979224181954336],[-117.36601363233845,33.98091541029706],[-117.36719028266108,33.98254484212496],[-117.36950842605528,33.98248302120161],[-117.37064985073911,33.98079178443883],[-117.36947318593745,33.97916237701931],[-117.36715511092817,33.979224181954336],[-117.36715511092817,33.979224181954336]]]},"properties":{"h3":"8929a00740fffff","count":9,"c3":1,"c6":2,"c12":2,"c24":9,"score":4.7,"risk":9,"peakDay":"Friday","peakTime":"night","hood":"Downtown","bk12":{"morning":0,"afternoon":0,"evening":0,"night":2},"bk24":{"morning":3,"afternoon":1,"evening":1,"night":4},"sv12":2,"recent":[{"d":"2026-06-15","day":"Mon","time":"23:48","desc":"Motor Vehicle Theft","res":""},{"d":"2026-04-24","day":"Fri","time":"22:28","desc":"Motor Vehicle Theft","res":""},{"d":"2025-08-04","day":"Mon","time":"02:50","desc":"Motor Vehicle Theft","res":""},{"d":"2025-08-01","day":"Fri","time":"11:47","desc":"Larceny","res":""},{"d":"2025-08-01","day":"Fri","time":"11:47","desc":"Larceny","res":""},{"d":"2025-07-27","day":"Sun","time":"17:00","desc":"Motor Vehicle Theft","res":""},{"d":"2025-06-17","day":"Tue","time":"10:00","desc":"Larceny","res":""},{"d":"2024-10-04","day":"Fri","time":"16:00","desc":"Larceny","res":""},{"d":"2024-08-11","day":"Sun","time":"23:00","desc":"Larceny","res":""}]}},{"type":"Feature","geometry":{"type":"Polygon","coordinates":[[[-117.4391365707386,33.88592790343242],[-117.43799748205647,33.88762019339414],[-117.43917383516408,33.88924978093905],[-117.44148929118896,33.889187054012005],[-117.44262832588073,33.8874947556929],[-117.44145195854077,33.88586519265802],[-117.4391365707386,33.88592790343242],[-117.4391365707386,33.88592790343242]]]},"properties":{"h3":"8929a01418bffff","count":1,"c3":0,"c6":0,"c12":0,"c24":1,"score":0.3,"risk":0,"peakDay":"Monday","peakTime":"morning","hood":"Arlington Heights","bk12":{"morning":0,"afternoon":0,"evening":0,"night":0},"bk24":{"morning":1,"afternoon":0,"evening":0,"night":0},"recent":[{"d":"2024-08-12","day":"Mon","time":"09:52","desc":"Larceny","res":""}]}},{"type":"Feature","geometry":{"type":"Polygon","coordinates":[[[-117.36013080548346,33.972767734433624],[-117.35898925227018,33.97445896940093],[-117.36016576791444,33.97608856844312],[-117.36248385127394,33.976026908108885],[-117.36362535060466,33.97433566470928],[-117.36244882046127,33.97270609007603],[-117.36013080548346,33.972767734433624],[-117.36013080548346,33.972767734433624]]]},"properties":{"h3":"8929a0074cfffff","count":5,"c3":0,"c6":1,"c12":1,"c24":5,"score":2.1,"risk":4,"peakDay":"Tuesday","peakTime":"afternoon","hood":"Eastside","bk12":{"morning":0,"afternoon":1,"evening":0,"night":0},"bk24":{"morning":1,"afternoon":3,"evening":0,"night":1},"sv12":1,"recent":[{"d":"2026-04-14","day":"Tue","time":"14:47","desc":"Motor Vehicle Theft","res":""},{"d":"2025-08-02","day":"Sat","time":"22:00","desc":"Motor Vehicle Theft","res":""},{"d":"2024-09-11","day":"Wed","time":"12:15","desc":"Motor Vehicle Theft","res":""},{"d":"2024-09-03","day":"Tue","time":"10:00","desc":"Motor Vehicle Theft","res":""},{"d":"2024-08-12","day":"Mon","time":"12:00","desc":"Larceny","res":""}]}},{"type":"Feature","geometry":{"type":"Polygon","coordinates":[[[-117.37072040353283,33.987432930852165],[-117.36957891254663,33.98912412061266],[-117.3707556830608,33.99075340955705],[-117.37307395903416,33.990691484336025],[-117.37421539609795,33.98900028616359],[-117.37303861111363,33.98737102162396],[-117.37072040353283,33.987432930852165],[-117.37072040353283,33.987432930852165]]]},"properties":{"h3":"8929a007093ffff","count":18,"c3":3,"c6":5,"c12":8,"c24":18,"score":9.6,"risk":19,"peakDay":"Wednesday","peakTime":"morning","hood":"Downtown","bk12":{"morning":4,"afternoon":3,"evening":1,"night":0},"bk24":{"morning":7,"afternoon":4,"evening":5,"night":2},"sv12":2,"recent":[{"d":"2026-07-05","day":"Sun","time":"08:47","desc":"Larceny","res":""},{"d":"2026-05-31","day":"Sun","time":"18:24","desc":"Motor Vehicle Theft","res":""},{"d":"2026-05-20","day":"Wed","time":"10:49","desc":"Larceny","res":""},{"d":"2026-04-10","day":"Fri","time":"11:36","desc":"Larceny","res":""},{"d":"2026-03-22","day":"Sun","time":"12:06","desc":"Larceny","res":""},{"d":"2026-01-21","day":"Wed","time":"16:38","desc":"Motor Vehicle Theft","res":""},{"d":"2026-01-21","day":"Wed","time":"16:38","desc":"Larceny","res":""},{"d":"2025-11-12","day":"Wed","time":"06:51","desc":"Larceny","res":""},{"d":"2025-07-19","day":"Sat","time":"04:40","desc":"Motor Vehicle Theft","res":""},{"d":"2025-05-12","day":"Mon","time":"23:00","desc":"Larceny","res":""}]}},{"type":"Feature","geometry":{"type":"Polygon","coordinates":[[[-117.32166000176437,33.95219001248426],[-117.32051788969464,33.95388117779325],[-117.32169382265376,33.955511518167],[-117.32401188229832,33.95545066882957],[-117.32515394059868,33.95375949502717],[-117.32397799302669,33.95212917905543],[-117.32166000176437,33.95219001248426],[-117.32166000176437,33.95219001248426]]]},"properties":{"h3":"8929a002817ffff","count":35,"c3":2,"c6":2,"c12":8,"c24":35,"score":14.1,"risk":27,"peakDay":"Saturday","peakTime":"evening","hood":"Canyon Crest","bk12":{"morning":2,"afternoon":3,"evening":3,"night":0},"bk24":{"morning":8,"afternoon":5,"evening":13,"night":9},"sv12":2,"recent":[{"d":"2026-07-10","day":"Fri","time":"14:47","desc":"Larceny","res":""},{"d":"2026-07-04","day":"Sat","time":"20:11","desc":"Larceny","res":""},{"d":"2025-12-31","day":"Wed","time":"10:21","desc":"Larceny","res":""},{"d":"2025-11-23","day":"Sun","time":"05:09","desc":"Larceny","res":""},{"d":"2025-10-04","day":"Sat","time":"14:03","desc":"Larceny","res":""},{"d":"2025-10-03","day":"Fri","time":"14:34","desc":"Motor Vehicle Theft","res":""},{"d":"2025-08-12","day":"Tue","time":"18:00","desc":"Motor Vehicle Theft","res":""},{"d":"2025-08-11","day":"Mon","time":"21:30","desc":"Larceny","res":""},{"d":"2025-07-29","day":"Tue","time":"18:00","desc":"Larceny","res":""},{"d":"2025-07-20","day":"Sun","time":"15:48","desc":"Larceny","res":""}]}},{"type":"Feature","geometry":{"type":"Polygon","coordinates":[[[-117.4988537871212,33.942432048675705],[-117.49771532095768,33.94412427133237],[-117.49889283108004,33.94575241855812],[-117.5012088214306,33.94568831862354],[-117.50234723340509,33.94399608771446],[-117.50116970922086,33.94236796499218],[-117.4988537871212,33.942432048675705],[-117.4988537871212,33.942432048675705]]]},"properties":{"h3":"8929a014937ffff","count":1,"c3":0,"c6":0,"c12":0,"c24":1,"score":0.3,"risk":0,"peakDay":"Monday","peakTime":"night","hood":"La Sierra Hills","bk12":{"morning":0,"afternoon":0,"evening":0,"night":0},"bk24":{"morning":0,"afternoon":0,"evening":0,"night":1},"recent":[{"d":"2024-08-12","day":"Mon","time":"23:45","desc":"Larceny","res":""}]}},{"type":"Feature","geometry":{"type":"Polygon","coordinates":[[[-117.35995602435246,33.956162621002896],[-117.35881463690103,33.957853973215],[-117.3599909764428,33.95948376940502],[-117.36230871793411,33.9594221889627],[-117.36345005151937,33.95773082831152],[-117.36227369748224,33.95610105654154],[-117.35995602435246,33.956162621002896],[-117.35995602435246,33.956162621002896]]]},"properties":{"h3":"8929a015a47ffff","count":4,"c3":0,"c6":0,"c12":1,"c24":4,"score":1.7,"risk":3,"peakDay":"Sunday","peakTime":"night","hood":"Victoria","bk12":{"morning":1,"afternoon":0,"evening":0,"night":0},"bk24":{"morning":2,"afternoon":0,"evening":0,"night":2},"recent":[{"d":"2025-11-30","day":"Sun","time":"11:40","desc":"Larceny","res":""},{"d":"2025-07-26","day":"Sat","time":"09:38","desc":"Larceny","res":""},{"d":"2024-11-03","day":"Sun","time":"23:56","desc":"Motor Vehicle Theft","res":""},{"d":"2024-08-13","day":"Tue","time":"00:00","desc":"Larceny","res":""}]}},{"type":"Feature","geometry":{"type":"Polygon","coordinates":[[[-117.29720371510211,33.941199827111824],[-117.29606122692725,33.94289093281496],[-117.29723681102729,33.94452171930806],[-117.29955489799077,33.944461375701714],[-117.30069733246637,33.94277026146716],[-117.29952173368058,33.94113949937017],[-117.29720371510211,33.941199827111824],[-117.29720371510211,33.941199827111824]]]},"properties":{"h3":"8929a002e17ffff","count":26,"c3":2,"c6":3,"c12":13,"c24":26,"score":12.5,"risk":24,"peakDay":"Tuesday","peakTime":"morning","hood":"Canyon Crest","bk12":{"morning":8,"afternoon":1,"evening":3,"night":1},"bk24":{"morning":11,"afternoon":1,"evening":6,"night":8},"sv12":1,"recent":[{"d":"2026-06-21","day":"Sun","time":"20:32","desc":"Larceny","res":""},{"d":"2026-05-16","day":"Sat","time":"08:29","desc":"Larceny","res":""},{"d":"2026-03-31","day":"Tue","time":"00:34","desc":"Larceny","res":""},{"d":"2026-01-09","day":"Fri","time":"08:39","desc":"Larceny","res":""},{"d":"2026-01-04","day":"Sun","time":"09:49","desc":"Larceny","res":""},{"d":"2025-12-18","day":"Thu","time":"09:01","desc":"Larceny","res":""},{"d":"2025-11-25","day":"Tue","time":"10:09","desc":"Larceny","res":""},{"d":"2025-11-10","day":"Mon","time":"17:18","desc":"Larceny","res":""},{"d":"2025-10-28","day":"Tue","time":"09:54","desc":"Larceny","res":""},{"d":"2025-10-08","day":"Wed","time":"09:51","desc":"Larceny","res":""}]}},{"type":"Feature","geometry":{"type":"Polygon","coordinates":[[[-117.45670914665497,33.90372541901751],[-117.45557022903272,33.90541768131081],[-117.45674693499375,33.90704683192782],[-117.4590625727623,33.90698369574402],[-117.4602014363346,33.90529142512469],[-117.45902471619108,33.90366229901502],[-117.45670914665497,33.90372541901751],[-117.45670914665497,33.90372541901751]]]},"properties":{"h3":"8929a014c57ffff","count":28,"c3":2,"c6":2,"c12":11,"c24":28,"score":13.5,"risk":26,"peakDay":"Wednesday","peakTime":"afternoon","hood":"La Sierra","bk12":{"morning":1,"afternoon":6,"evening":3,"night":1},"bk24":{"morning":6,"afternoon":11,"evening":8,"night":3},"sv12":2,"recent":[{"d":"2026-06-13","day":"Sat","time":"00:50","desc":"Motor Vehicle Theft","res":""},{"d":"2026-06-06","day":"Sat","time":"16:45","desc":"Motor Vehicle Theft","res":""},{"d":"2026-01-07","day":"Wed","time":"17:27","desc":"Larceny","res":""},{"d":"2025-12-27","day":"Sat","time":"17:02","desc":"Larceny","res":""},{"d":"2025-12-26","day":"Fri","time":"15:04","desc":"Larceny","res":""},{"d":"2025-12-22","day":"Mon","time":"16:49","desc":"Larceny","res":""},{"d":"2025-12-10","day":"Wed","time":"19:17","desc":"Larceny","res":""},{"d":"2025-12-03","day":"Wed","time":"12:38","desc":"Larceny","res":""},{"d":"2025-10-22","day":"Wed","time":"15:46","desc":"Larceny","res":""},{"d":"2025-10-08","day":"Wed","time":"08:14","desc":"Larceny","res":""}]}},{"type":"Feature","geometry":{"type":"Polygon","coordinates":[[[-117.37410925916993,33.97903863853499],[-117.37296792154697,33.98072990719887],[-117.37414463605263,33.98235925072731],[-117.3764627026415,33.982297301179464],[-117.37760398634191,33.98060602410502],[-117.37642725737881,33.97897670498881],[-117.37410925916993,33.97903863853499],[-117.37410925916993,33.97903863853499]]]},"properties":{"h3":"8929a007433ffff","count":29,"c3":2,"c6":4,"c12":12,"c24":29,"score":14.6,"risk":28,"peakDay":"Wednesday","peakTime":"morning","hood":"Downtown","bk12":{"morning":7,"afternoon":2,"evening":1,"night":2},"bk24":{"morning":11,"afternoon":6,"evening":7,"night":5},"sv12":4,"recent":[{"d":"2026-07-08","day":"Wed","time":"04:17","desc":"Larceny","res":""},{"d":"2026-05-23","day":"Sat","time":"05:05","desc":"Motor Vehicle Theft","res":""},{"d":"2026-04-02","day":"Thu","time":"03:26","desc":"Larceny","res":""},{"d":"2026-03-26","day":"Thu","time":"09:57","desc":"Motor Vehicle Theft","res":""},{"d":"2025-12-29","day":"Mon","time":"10:18","desc":"Larceny","res":""},{"d":"2025-11-06","day":"Thu","time":"15:39","desc":"Motor Vehicle Theft","res":""},{"d":"2025-10-29","day":"Wed","time":"08:18","desc":"Larceny","res":""},{"d":"2025-10-18","day":"Sat","time":"10:37","desc":"Larceny","res":""},{"d":"2025-10-01","day":"Wed","time":"18:07","desc":"Larceny","res":""},{"d":"2025-09-29","day":"Mon","time":"06:53","desc":"Larceny","res":""}]}},{"type":"Feature","geometry":{"type":"Polygon","coordinates":[[[-117.3527249496887,33.92977522697667],[-117.3515836865666,33.93146672596859],[-117.35275968024588,33.933096925275755],[-117.35507695156099,33.933035601156924],[-117.35621816085988,33.931344093705576],[-117.35504215266965,33.92971391883233],[-117.3527249496887,33.92977522697667],[-117.3527249496887,33.92977522697667]]]},"properties":{"h3":"8929a015e5bffff","count":1,"c3":0,"c6":0,"c12":0,"c24":1,"score":0.3,"risk":0,"peakDay":"Tuesday","peakTime":"evening","hood":"Canyon Crest","bk12":{"morning":0,"afternoon":0,"evening":0,"night":0},"bk24":{"morning":0,"afternoon":0,"evening":1,"night":0},"recent":[{"d":"2024-08-13","day":"Tue","time":"17:00","desc":"Larceny","res":""}]}},{"type":"Feature","geometry":{"type":"Polygon","coordinates":[[[-117.37064985073911,33.98079178443883],[-117.36950842605528,33.98248302120161],[-117.37068512609233,33.984112389139256],[-117.37300326528464,33.98405049590474],[-117.37414463605263,33.98235925072731],[-117.37296792154697,33.98072990719887],[-117.37064985073911,33.98079178443883],[-117.37064985073911,33.98079178443883]]]},"properties":{"h3":"8929a00743bffff","count":103,"c3":8,"c6":22,"c12":42,"c24":103,"score":51.6,"risk":100,"peakDay":"Saturday","peakTime":"night","hood":"Downtown","bk12":{"morning":11,"afternoon":9,"evening":5,"night":17},"bk24":{"morning":19,"afternoon":17,"evening":17,"night":50},"sv12":8,"recent":[{"d":"2026-07-24","day":"Fri","time":"01:10","desc":"Larceny","res":""},{"d":"2026-07-13","day":"Mon","time":"18:01","desc":"Motor Vehicle Theft","res":""},{"d":"2026-06-18","day":"Thu","time":"21:10","desc":"Motor Vehicle Theft","res":""},{"d":"2026-06-09","day":"Tue","time":"15:11","desc":"Larceny","res":""},{"d":"2026-05-26","day":"Tue","time":"03:18","desc":"Larceny","res":""},{"d":"2026-05-16","day":"Sat","time":"07:03","desc":"Larceny","res":""},{"d":"2026-05-12","day":"Tue","time":"17:14","desc":"Motor Vehicle Theft","res":""},{"d":"2026-05-11","day":"Mon","time":"00:22","desc":"Larceny","res":""},{"d":"2026-05-01","day":"Fri","time":"01:11","desc":"Larceny","res":""},{"d":"2026-04-25","day":"Sat","time":"22:20","desc":"Larceny","res":""}]}},{"type":"Feature","geometry":{"type":"Polygon","coordinates":[[[-117.35006339844335,34.007910972698625],[-117.34892128549923,34.00960189990662],[-117.3500980746762,34.011231216612344],[-117.35241699133952,34.011169581730044],[-117.3535590503917,34.009478646089626],[-117.35238224667529,34.007849353763774],[-117.35006339844335,34.007910972698625],[-117.35006339844335,34.007910972698625]]]},"properties":{"h3":"8929a0072bbffff","count":3,"c3":0,"c6":0,"c12":0,"c24":3,"score":0.9,"risk":2,"peakDay":"Thursday","peakTime":"evening","hood":"Northside","bk12":{"morning":0,"afternoon":0,"evening":0,"night":0},"bk24":{"morning":0,"afternoon":0,"evening":3,"night":0},"recent":[{"d":"2024-12-05","day":"Thu","time":"17:30","desc":"Motor Vehicle Theft","res":""},{"d":"2024-10-24","day":"Thu","time":"21:41","desc":"Larceny","res":""},{"d":"2024-08-13","day":"Tue","time":"20:30","desc":"Larceny","res":""}]}},{"type":"Feature","geometry":{"type":"Polygon","coordinates":[[[-117.46369377078015,33.90685729522474],[-117.46255496126768,33.90854957416465],[-117.46373176605731,33.910178597087516],[-117.46604739452388,33.91011531656133],[-117.46718614996652,33.908423029306284],[-117.4660093310152,33.90679403089237],[-117.46369377078015,33.90685729522474],[-117.46369377078015,33.90685729522474]]]},"properties":{"h3":"8929a014c0fffff","count":23,"c3":3,"c6":4,"c12":11,"c24":23,"score":11.5,"risk":22,"peakDay":"Tuesday","peakTime":"night","hood":"La Sierra","bk12":{"morning":3,"afternoon":2,"evening":0,"night":6},"bk24":{"morning":7,"afternoon":2,"evening":5,"night":9},"sv12":8,"recent":[{"d":"2026-07-28","day":"Tue","time":"16:45","desc":"Larceny","res":""},{"d":"2026-07-03","day":"Fri","time":"11:08","desc":"Larceny","res":""},{"d":"2026-06-30","day":"Tue","time":"08:16","desc":"Motor Vehicle Theft","res":""},{"d":"2026-04-10","day":"Fri","time":"01:27","desc":"Motor Vehicle Theft","res":""},{"d":"2025-12-25","day":"Thu","time":"22:26","desc":"Larceny","res":""},{"d":"2025-10-14","day":"Tue","time":"09:45","desc":"Motor Vehicle Theft","res":""},{"d":"2025-09-29","day":"Mon","time":"03:07","desc":"Motor Vehicle Theft","res":""},{"d":"2025-09-29","day":"Mon","time":"03:07","desc":"Motor Vehicle Theft","res":""},{"d":"2025-09-29","day":"Mon","time":"03:07","desc":"Motor Vehicle Theft","res":""},{"d":"2025-09-10","day":"Wed","time":"02:57","desc":"Motor Vehicle Theft","res":""}]}},{"type":"Feature","geometry":{"type":"Polygon","coordinates":[[[-117.46023932814138,33.90861278251816],[-117.45910043157147,33.91030502998107],[-117.46027722218824,33.911934077409846],[-117.46259292355056,33.91187085286963],[-117.46373176605731,33.910178597087516],[-117.46255496126768,33.90854957416465],[-117.46023932814138,33.90861278251816],[-117.46023932814138,33.90861278251816]]]},"properties":{"h3":"8929a014c73ffff","count":38,"c3":9,"c6":9,"c12":19,"c24":38,"score":21.7,"risk":42,"peakDay":"Friday","peakTime":"afternoon","hood":"La Sierra","bk12":{"morning":2,"afternoon":6,"evening":7,"night":4},"bk24":{"morning":4,"afternoon":16,"evening":12,"night":6},"sv12":10,"recent":[{"d":"2026-07-25","day":"Sat","time":"00:07","desc":"Motor Vehicle Theft","res":""},{"d":"2026-07-12","day":"Sun","time":"17:25","desc":"Motor Vehicle Theft","res":""},{"d":"2026-07-09","day":"Thu","time":"12:03","desc":"Larceny","res":""},{"d":"2026-06-20","day":"Sat","time":"16:14","desc":"Larceny","res":""},{"d":"2026-06-19","day":"Fri","time":"18:49","desc":"Motor Vehicle Theft","res":""},{"d":"2026-06-16","day":"Tue","time":"14:00","desc":"Larceny","res":""},{"d":"2026-05-23","day":"Sat","time":"22:55","desc":"Larceny","res":""},{"d":"2026-05-16","day":"Sat","time":"20:34","desc":"Motor Vehicle Theft","res":""},{"d":"2026-05-10","day":"Sun","time":"18:48","desc":"Motor Vehicle Theft","res":""},{"d":"2026-01-13","day":"Tue","time":"00:35","desc":"Motor Vehicle Theft","res":""}]}},{"type":"Feature","geometry":{"type":"Polygon","coordinates":[[[-117.33584147358499,33.978393890304865],[-117.3346993775487,33.98008494862903],[-117.33587572094969,33.981714797368184],[-117.33819417496561,33.981653563390964],[-117.33933621717296,33.97996249660323],[-117.33815985919613,33.97833267225612],[-117.33584147358499,33.978393890304865],[-117.33584147358499,33.978393890304865]]]},"properties":{"h3":"8929a0076d3ffff","count":54,"c3":5,"c6":10,"c12":24,"c24":54,"score":27,"risk":52,"peakDay":"Friday","peakTime":"afternoon","hood":"University","bk12":{"morning":10,"afternoon":9,"evening":4,"night":1},"bk24":{"morning":15,"afternoon":16,"evening":14,"night":9},"sv12":9,"recent":[{"d":"2026-07-17","day":"Fri","time":"21:46","desc":"Larceny","res":""},{"d":"2026-07-05","day":"Sun","time":"15:03","desc":"Larceny","res":""},{"d":"2026-06-24","day":"Wed","time":"13:03","desc":"Motor Vehicle Theft","res":""},{"d":"2026-05-25","day":"Mon","time":"11:02","desc":"Motor Vehicle Theft","res":""},{"d":"2026-05-17","day":"Sun","time":"15:01","desc":"Motor Vehicle Theft","res":""},{"d":"2026-04-26","day":"Sun","time":"10:29","desc":"Larceny","res":""},{"d":"2026-04-24","day":"Fri","time":"06:40","desc":"Larceny","res":""},{"d":"2026-04-19","day":"Sun","time":"10:32","desc":"Motor Vehicle Theft","res":""},{"d":"2026-03-24","day":"Tue","time":"15:59","desc":"Motor Vehicle Theft","res":""},{"d":"2026-03-20","day":"Fri","time":"15:51","desc":"Motor Vehicle Theft","res":""}]}},{"type":"Feature","geometry":{"type":"Polygon","coordinates":[[[-117.34954350111963,33.95809974881141],[-117.34840188581092,33.95979102881605],[-117.34957814658767,33.9614209376546],[-117.35189603720409,33.96135954207522],[-117.35303759867004,33.95966825361792],[-117.35186132336514,33.95803836919249],[-117.34954350111963,33.95809974881141],[-117.34954350111963,33.95809974881141]]]},"properties":{"h3":"8929a002987ffff","count":2,"c3":0,"c6":0,"c12":0,"c24":2,"score":0.5,"risk":1,"peakDay":"Wednesday","peakTime":"night","hood":"Victoria","bk12":{"morning":0,"afternoon":0,"evening":0,"night":0},"bk24":{"morning":0,"afternoon":1,"evening":0,"night":1},"recent":[{"d":"2024-08-24","day":"Sat","time":"16:00","desc":"Motor Vehicle Theft","res":""},{"d":"2024-08-14","day":"Wed","time":"04:18","desc":"Larceny","res":""}]}},{"type":"Feature","geometry":{"type":"Polygon","coordinates":[[[-117.37364955009585,33.93586495856294],[-117.37250864318318,33.937556531577215],[-117.37368489978324,33.93918638757446],[-117.37600207774649,33.93912464611618],[-117.37714293077929,33.93743306467376],[-117.37596665973152,33.9358032331176],[-117.37364955009585,33.93586495856294],[-117.37364955009585,33.93586495856294]]]},"properties":{"h3":"8929a015e23ffff","count":2,"c3":0,"c6":0,"c12":0,"c24":2,"score":0.5,"risk":1,"peakDay":"Wednesday","peakTime":"morning","hood":"Victoria","bk12":{"morning":0,"afternoon":0,"evening":0,"night":0},"bk24":{"morning":2,"afternoon":0,"evening":0,"night":0},"recent":[{"d":"2024-08-14","day":"Wed","time":"05:00","desc":"Larceny","res":""},{"d":"2024-08-14","day":"Wed","time":"05:00","desc":"Larceny","res":""}]}},{"type":"Feature","geometry":{"type":"Polygon","coordinates":[[[-117.30765130053531,33.942588932954926],[-117.30650900669174,33.94428008767537],[-117.30768470516841,33.94591072235035],[-117.31000271214522,33.94585017790388],[-117.31114495226278,33.94415901466696],[-117.30996923913237,33.942528404392824],[-117.30765130053531,33.942588932954926],[-117.30765130053531,33.942588932954926]]]},"properties":{"h3":"8929a002ea7ffff","count":14,"c3":0,"c6":0,"c12":4,"c24":14,"score":5.8,"risk":11,"peakDay":"Tuesday","peakTime":"afternoon","hood":"Canyon Crest","bk12":{"morning":1,"afternoon":2,"evening":0,"night":1},"bk24":{"morning":2,"afternoon":6,"evening":2,"night":4},"sv12":1,"recent":[{"d":"2026-01-08","day":"Thu","time":"04:30","desc":"Larceny","res":""},{"d":"2025-12-16","day":"Tue","time":"09:31","desc":"Motor Vehicle Theft","res":""},{"d":"2025-11-30","day":"Sun","time":"12:57","desc":"Larceny","res":""},{"d":"2025-11-21","day":"Fri","time":"13:30","desc":"Larceny","res":""},{"d":"2025-06-01","day":"Sun","time":"13:00","desc":"Motor Vehicle Theft","res":""},{"d":"2025-02-22","day":"Sat","time":"23:59","desc":"Motor Vehicle Theft","res":""},{"d":"2025-01-31","day":"Fri","time":"12:00","desc":"Motor Vehicle Theft","res":""},{"d":"2024-12-24","day":"Tue","time":"16:00","desc":"Motor Vehicle Theft","res":""},{"d":"2024-12-17","day":"Tue","time":"21:00","desc":"Larceny","res":""},{"d":"2024-12-16","day":"Mon","time":"22:00","desc":"Larceny","res":""}]}},{"type":"Feature","geometry":{"type":"Polygon","coordinates":[[[-117.36750692193122,34.01242794716384],[-117.36636511171977,34.01411894008098],[-117.36754211448394,34.01574797662589],[-117.36986094194886,34.01568599586728],[-117.37100269822159,34.013994994543545],[-117.36982568097092,34.01236598238485],[-117.36750692193122,34.01242794716384],[-117.36750692193122,34.01242794716384]]]},"properties":{"h3":"8929a00739bffff","count":4,"c3":0,"c6":0,"c12":1,"c24":4,"score":1.5,"risk":3,"peakDay":"Thursday","peakTime":"night","hood":"Northside","bk12":{"morning":0,"afternoon":0,"evening":0,"night":1},"bk24":{"morning":1,"afternoon":0,"evening":1,"night":2},"sv12":1,"recent":[{"d":"2025-11-19","day":"Wed","time":"22:56","desc":"Motor Vehicle Theft","res":""},{"d":"2025-01-23","day":"Thu","time":"18:00","desc":"Larceny","res":""},{"d":"2024-12-24","day":"Tue","time":"11:00","desc":"Larceny","res":""},{"d":"2024-08-15","day":"Thu","time":"02:15","desc":"Larceny","res":""}]}},{"type":"Feature","geometry":{"type":"Polygon","coordinates":[[[-117.42226668628886,33.9312385818476],[-117.42112679912576,33.93293045890633],[-117.42230346833824,33.93455973632041],[-117.42462003901271,33.93449711220526],[-117.42575987218262,33.932805226783685],[-117.42458318867406,33.93117597383995],[-117.42226668628886,33.9312385818476],[-117.42226668628886,33.9312385818476]]]},"properties":{"h3":"8929a015d33ffff","count":15,"c3":3,"c6":3,"c12":5,"c24":15,"score":7.4,"risk":14,"peakDay":"Friday","peakTime":"night","hood":"Ramona","bk12":{"morning":2,"afternoon":1,"evening":1,"night":1},"bk24":{"morning":4,"afternoon":2,"evening":3,"night":6},"sv12":3,"recent":[{"d":"2026-07-02","day":"Thu","time":"01:26","desc":"Motor Vehicle Theft","res":""},{"d":"2026-05-16","day":"Sat","time":"11:46","desc":"Motor Vehicle Theft","res":""},{"d":"2026-05-10","day":"Sun","time":"12:40","desc":"Motor Vehicle Theft","res":""},{"d":"2025-12-24","day":"Wed","time":"17:48","desc":"Larceny","res":""},{"d":"2025-09-05","day":"Fri","time":"11:27","desc":"Larceny","res":""},{"d":"2025-07-08","day":"Tue","time":"23:22","desc":"Larceny","res":""},{"d":"2025-07-07","day":"Mon","time":"21:00","desc":"Larceny","res":""},{"d":"2025-06-13","day":"Fri","time":"10:30","desc":"Larceny","res":""},{"d":"2025-04-06","day":"Sun","time":"22:40","desc":"Larceny","res":""},{"d":"2025-01-15","day":"Wed","time":"23:00","desc":"Larceny","res":""}]}},{"type":"Feature","geometry":{"type":"Polygon","coordinates":[[[-117.39493433021251,33.97515916256313],[-117.3937934487568,33.9768505754801],[-117.39497032032719,33.97847969352728],[-117.39728808774798,33.97841737423128],[-117.39842891523433,33.97672595293098],[-117.39725202927204,33.97509685930983],[-117.39493433021251,33.97515916256313],[-117.39493433021251,33.97515916256313]]]},"properties":{"h3":"8929a007593ffff","count":21,"c3":1,"c6":1,"c12":4,"c24":21,"score":8.2,"risk":16,"peakDay":"Wednesday","peakTime":"morning","hood":"Grand","bk12":{"morning":1,"afternoon":1,"evening":2,"night":0},"bk24":{"morning":9,"afternoon":3,"evening":8,"night":1},"sv12":1,"recent":[{"d":"2026-05-25","day":"Mon","time":"19:54","desc":"Motor Vehicle Theft","res":""},{"d":"2026-01-16","day":"Fri","time":"18:56","desc":"Larceny","res":""},{"d":"2025-09-27","day":"Sat","time":"15:16","desc":"Larceny","res":""},{"d":"2025-08-24","day":"Sun","time":"11:00","desc":"Larceny","res":""},{"d":"2025-07-20","day":"Sun","time":"22:37","desc":"Motor Vehicle Theft","res":""},{"d":"2025-06-18","day":"Wed","time":"12:00","desc":"Larceny","res":""},{"d":"2025-05-02","day":"Fri","time":"09:30","desc":"Larceny","res":""},{"d":"2025-04-20","day":"Sun","time":"16:00","desc":"Larceny","res":""},{"d":"2025-03-16","day":"Sun","time":"06:00","desc":"Motor Vehicle Theft","res":""},{"d":"2025-03-04","day":"Tue","time":"18:50","desc":"Motor Vehicle Theft","res":""}]}},{"type":"Feature","geometry":{"type":"Polygon","coordinates":[[[-117.47420934816385,33.91487522455591],[-117.47307066790623,33.91656750526297],[-117.47424765613091,33.918196297205675],[-117.47656333874728,33.91813278393206],[-117.47770196490195,33.91644049492759],[-117.47652496254604,33.914811727493976],[-117.47420934816385,33.91487522455591],[-117.47420934816385,33.91487522455591]]]},"properties":{"h3":"8929a014d5bffff","count":15,"c3":2,"c6":3,"c12":7,"c24":15,"score":7.7,"risk":15,"peakDay":"Saturday","peakTime":"evening","hood":"La Sierra","bk12":{"morning":3,"afternoon":2,"evening":2,"night":0},"bk24":{"morning":5,"afternoon":2,"evening":6,"night":2},"sv12":3,"recent":[{"d":"2026-06-21","day":"Sun","time":"07:32","desc":"Motor Vehicle Theft","res":""},{"d":"2026-06-04","day":"Thu","time":"15:41","desc":"Larceny","res":""},{"d":"2026-05-06","day":"Wed","time":"17:37","desc":"Larceny","res":""},{"d":"2026-01-03","day":"Sat","time":"06:36","desc":"Motor Vehicle Theft","res":""},{"d":"2025-11-02","day":"Sun","time":"13:32","desc":"Larceny","res":""},{"d":"2025-09-01","day":"Mon","time":"10:34","desc":"Motor Vehicle Theft","res":""},{"d":"2025-08-16","day":"Sat","time":"17:56","desc":"Larceny","res":""},{"d":"2025-07-05","day":"Sat","time":"18:03","desc":"Motor Vehicle Theft","res":""},{"d":"2025-06-03","day":"Tue","time":"21:00","desc":"Motor Vehicle Theft","res":""},{"d":"2025-05-02","day":"Fri","time":"07:30","desc":"Motor Vehicle Theft","res":""}]}},{"type":"Feature","geometry":{"type":"Polygon","coordinates":[[[-117.33587572094969,33.981714797368184],[-117.33473359172265,33.98340583216727],[-117.33590997034098,33.9850356414515],[-117.33822849276572,33.98497439154667],[-117.33937056816048,33.98328334828537],[-117.33819417496561,33.981653563390964],[-117.33587572094969,33.981714797368184],[-117.33587572094969,33.981714797368184]]]},"properties":{"h3":"8929a0076c3ffff","count":45,"c3":5,"c6":9,"c12":28,"c24":45,"score":24.7,"risk":48,"peakDay":"Friday","peakTime":"morning","hood":"University","bk12":{"morning":16,"afternoon":5,"evening":4,"night":3},"bk24":{"morning":20,"afternoon":6,"evening":9,"night":10},"sv12":10,"recent":[{"d":"2026-08-01","day":"Sat","time":"06:21","desc":"Motor Vehicle Theft","res":""},{"d":"2026-07-27","day":"Mon","time":"21:20","desc":"Larceny","res":""},{"d":"2026-07-11","day":"Sat","time":"10:37","desc":"Motor Vehicle Theft","res":""},{"d":"2026-05-14","day":"Thu","time":"09:21","desc":"Motor Vehicle Theft","res":""},{"d":"2026-05-07","day":"Thu","time":"16:53","desc":"Motor Vehicle Theft","res":""},{"d":"2026-04-20","day":"Mon","time":"16:27","desc":"Larceny","res":""},{"d":"2026-04-13","day":"Mon","time":"17:25","desc":"Larceny","res":""},{"d":"2026-03-20","day":"Fri","time":"17:35","desc":"Larceny","res":""},{"d":"2026-03-11","day":"Wed","time":"15:41","desc":"Larceny","res":""},{"d":"2025-12-27","day":"Sat","time":"08:10","desc":"Larceny","res":""}]}},{"type":"Feature","geometry":{"type":"Polygon","coordinates":[[[-117.4602014363346,33.90529142512469],[-117.4590625727623,33.90698369574402],[-117.46023932814138,33.90861278251816],[-117.46255496126768,33.90854957416465],[-117.46369377078015,33.90685729522474],[-117.46251700122893,33.90522823295875],[-117.4602014363346,33.90529142512469],[-117.4602014363346,33.90529142512469]]]},"properties":{"h3":"8929a014c0bffff","count":37,"c3":1,"c6":6,"c12":14,"c24":37,"score":16.8,"risk":33,"peakDay":"Wednesday","peakTime":"morning","hood":"La Sierra","bk12":{"morning":8,"afternoon":5,"evening":0,"night":1},"bk24":{"morning":15,"afternoon":8,"evening":8,"night":6},"sv12":5,"recent":[{"d":"2026-06-08","day":"Mon","time":"06:13","desc":"Larceny","res":""},{"d":"2026-05-05","day":"Tue","time":"08:10","desc":"Motor Vehicle Theft","res":""},{"d":"2026-04-15","day":"Wed","time":"05:41","desc":"Larceny","res":""},{"d":"2026-04-14","day":"Tue","time":"12:45","desc":"Motor Vehicle Theft","res":""},{"d":"2026-04-02","day":"Thu","time":"13:36","desc":"Larceny","res":""},{"d":"2026-02-05","day":"Thu","time":"08:41","desc":"Motor Vehicle Theft","res":""},{"d":"2026-01-10","day":"Sat","time":"09:51","desc":"Larceny","res":""},{"d":"2025-11-28","day":"Fri","time":"09:57","desc":"Larceny","res":""},{"d":"2025-11-20","day":"Thu","time":"08:38","desc":"Motor Vehicle Theft","res":""},{"d":"2025-11-05","day":"Wed","time":"02:50","desc":"Motor Vehicle Theft","res":""}]}},{"type":"Feature","geometry":{"type":"Polygon","coordinates":[[[-117.49140116434408,33.89945290261262],[-117.49026298543562,33.90114538670815],[-117.49143997370201,33.902774134794576],[-117.49375515495376,33.9027103742566],[-117.49489327973271,33.901017881881394],[-117.49371627739222,33.89938915832366],[-117.49140116434408,33.89945290261262],[-117.49140116434408,33.89945290261262]]]},"properties":{"h3":"8929a016b2bffff","count":12,"c3":1,"c6":2,"c12":6,"c24":12,"score":5.6,"risk":11,"peakDay":"Friday","peakTime":"morning","hood":"La Sierra","bk12":{"morning":4,"afternoon":2,"evening":0,"night":0},"bk24":{"morning":7,"afternoon":3,"evening":2,"night":0},"sv12":1,"recent":[{"d":"2026-05-26","day":"Tue","time":"07:29","desc":"Motor Vehicle Theft","res":""},{"d":"2026-03-23","day":"Mon","time":"07:54","desc":"Larceny","res":""},{"d":"2025-12-07","day":"Sun","time":"12:40","desc":"Larceny","res":""},{"d":"2025-10-03","day":"Fri","time":"10:59","desc":"Larceny","res":""},{"d":"2025-09-24","day":"Wed","time":"11:42","desc":"Larceny","res":""},{"d":"2025-09-09","day":"Tue","time":"12:01","desc":"Larceny","res":""},{"d":"2025-02-20","day":"Thu","time":"11:45","desc":"Motor Vehicle Theft","res":""},{"d":"2024-11-10","day":"Sun","time":"11:15","desc":"Larceny","res":""},{"d":"2024-09-14","day":"Sat","time":"18:00","desc":"Larceny","res":""},{"d":"2024-09-14","day":"Sat","time":"18:00","desc":"Larceny","res":""}]}},{"type":"Feature","geometry":{"type":"Polygon","coordinates":[[[-117.47060217619322,33.90334605833442],[-117.4694635408,33.905038400188054],[-117.4706403739019,33.90666737409],[-117.47295585653927,33.9066039816231],[-117.47409443784943,33.904911631462504],[-117.47291759060806,33.90328268207559],[-117.47060217619322,33.90334605833442],[-117.47060217619322,33.90334605833442]]]},"properties":{"h3":"8929a014cabffff","count":28,"c3":1,"c6":5,"c12":8,"c24":28,"score":12.9,"risk":25,"peakDay":"Wednesday","peakTime":"morning","hood":"La Sierra","bk12":{"morning":2,"afternoon":1,"evening":4,"night":1},"bk24":{"morning":11,"afternoon":5,"evening":10,"night":2},"sv12":4,"recent":[{"d":"2026-05-18","day":"Mon","time":"16:55","desc":"Motor Vehicle Theft","res":""},{"d":"2026-04-17","day":"Fri","time":"23:26","desc":"Motor Vehicle Theft","res":""},{"d":"2026-03-30","day":"Mon","time":"21:09","desc":"Larceny","res":""},{"d":"2026-03-30","day":"Mon","time":"17:29","desc":"Motor Vehicle Theft","res":""},{"d":"2026-03-30","day":"Mon","time":"17:29","desc":"Motor Vehicle Theft","res":""},{"d":"2026-01-17","day":"Sat","time":"10:56","desc":"Larceny","res":""},{"d":"2025-11-18","day":"Tue","time":"06:46","desc":"Larceny","res":""},{"d":"2025-10-08","day":"Wed","time":"18:01","desc":"Larceny","res":""},{"d":"2025-06-28","day":"Sat","time":"08:00","desc":"Larceny","res":""},{"d":"2025-06-11","day":"Wed","time":"11:00","desc":"Larceny","res":""}]}},{"type":"Feature","geometry":{"type":"Polygon","coordinates":[[[-117.3425554429742,33.95496233099443],[-117.3414137200099,33.95665359407747],[-117.34258988128254,33.9582836305259],[-117.34490778007114,33.95822237947966],[-117.34604944921264,33.95653110793309],[-117.34487327339109,33.95490109589611],[-117.3425554429742,33.95496233099443],[-117.3425554429742,33.95496233099443]]]},"properties":{"h3":"8929a00299bffff","count":4,"c3":1,"c6":1,"c12":1,"c24":4,"score":2,"risk":4,"peakDay":"Saturday","peakTime":"night","hood":"Canyon Crest","bk12":{"morning":0,"afternoon":0,"evening":0,"night":1},"bk24":{"morning":0,"afternoon":1,"evening":0,"night":3},"recent":[{"d":"2026-07-10","day":"Fri","time":"04:50","desc":"Larceny","res":""},{"d":"2025-07-12","day":"Sat","time":"15:44","desc":"Larceny","res":""},{"d":"2025-02-04","day":"Tue","time":"00:00","desc":"Motor Vehicle Theft","res":""},{"d":"2024-08-17","day":"Sat","time":"00:00","desc":"Larceny","res":""}]}},{"type":"Feature","geometry":{"type":"Polygon","coordinates":[[[-117.49493219254546,33.904339058461765],[-117.49379403481339,33.90603152773119],[-117.49497110765839,33.90766017257391],[-117.49728635230277,33.907596323619806],[-117.49842445589216,33.90590384607754],[-117.49724736898267,33.904275225762056],[-117.49493219254546,33.904339058461765],[-117.49493219254546,33.904339058461765]]]},"properties":{"h3":"8929a014d97ffff","count":38,"c3":3,"c6":4,"c12":14,"c24":38,"score":17.6,"risk":34,"peakDay":"Monday","peakTime":"morning","hood":"La Sierra","bk12":{"morning":8,"afternoon":4,"evening":2,"night":0},"bk24":{"morning":13,"afternoon":9,"evening":11,"night":5},"sv12":5,"recent":[{"d":"2026-07-13","day":"Mon","time":"05:16","desc":"Motor Vehicle Theft","res":""},{"d":"2026-07-07","day":"Tue","time":"16:35","desc":"Larceny","res":""},{"d":"2026-05-30","day":"Sat","time":"09:04","desc":"Motor Vehicle Theft","res":""},{"d":"2026-03-09","day":"Mon","time":"14:52","desc":"Larceny","res":""},{"d":"2026-01-31","day":"Sat","time":"13:52","desc":"Larceny","res":""},{"d":"2025-12-27","day":"Sat","time":"18:39","desc":"Motor Vehicle Theft","res":""},{"d":"2025-12-21","day":"Sun","time":"06:42","desc":"Larceny","res":""},{"d":"2025-12-08","day":"Mon","time":"19:26","desc":"Larceny","res":""},{"d":"2025-12-08","day":"Mon","time":"06:59","desc":"Larceny","res":""},{"d":"2025-11-29","day":"Sat","time":"11:05","desc":"Motor Vehicle Theft","res":""}]}},{"type":"Feature","geometry":{"type":"Polygon","coordinates":[[[-117.33176664106323,33.92035917188143],[-117.3306250552112,33.92205062000264],[-117.33180075048722,33.92368120167695],[-117.33411804619139,33.923620310800956],[-117.33525957828007,33.92192885418771],[-117.33408386843074,33.920298296942335],[-117.33176664106323,33.92035917188143],[-117.33176664106323,33.92035917188143]]]},"properties":{"h3":"8929a015343ffff","count":3,"c3":0,"c6":1,"c12":1,"c24":3,"score":1.4,"risk":3,"peakDay":"Saturday","peakTime":"afternoon","hood":"Mission Grove","bk12":{"morning":0,"afternoon":1,"evening":0,"night":0},"bk24":{"morning":0,"afternoon":2,"evening":1,"night":0},"recent":[{"d":"2026-04-07","day":"Tue","time":"15:37","desc":"Larceny","res":""},{"d":"2025-03-20","day":"Thu","time":"20:00","desc":"Motor Vehicle Theft","res":""},{"d":"2024-08-17","day":"Sat","time":"15:00","desc":"Larceny","res":""}]}},{"type":"Feature","geometry":{"type":"Polygon","coordinates":[[[-117.47052578754935,33.89670323944267],[-117.46938721811813,33.89839562754237],[-117.47056398074243,33.90002468011179],[-117.47287932693877,33.89996132006188],[-117.47401784229348,33.89826892365249],[-117.47284106553116,33.89663989560254],[-117.47052578754935,33.89670323944267],[-117.47052578754935,33.89670323944267]]]},"properties":{"h3":"8929a014c87ffff","count":17,"c3":1,"c6":1,"c12":5,"c24":17,"score":7.6,"risk":15,"peakDay":"Saturday","peakTime":"evening","hood":"La Sierra South","bk12":{"morning":2,"afternoon":2,"evening":0,"night":1},"bk24":{"morning":3,"afternoon":4,"evening":6,"night":4},"sv12":2,"recent":[{"d":"2026-07-02","day":"Thu","time":"13:48","desc":"Motor Vehicle Theft","res":""},{"d":"2026-01-25","day":"Sun","time":"10:29","desc":"Larceny","res":""},{"d":"2026-01-02","day":"Fri","time":"09:57","desc":"Larceny","res":""},{"d":"2025-12-05","day":"Fri","time":"13:41","desc":"Larceny","res":""},{"d":"2025-08-17","day":"Sun","time":"02:00","desc":"Motor Vehicle Theft","res":""},{"d":"2025-06-28","day":"Sat","time":"10:56","desc":"Larceny","res":""},{"d":"2025-05-14","day":"Wed","time":"00:00","desc":"Motor Vehicle Theft","res":""},{"d":"2025-04-16","day":"Wed","time":"14:53","desc":"Larceny","res":""},{"d":"2025-03-31","day":"Mon","time":"19:18","desc":"Larceny","res":""},{"d":"2025-03-02","day":"Sun","time":"16:30","desc":"Larceny","res":""}]}},{"type":"Feature","geometry":{"type":"Polygon","coordinates":[[[-117.39824847864179,33.9601226321615],[-117.39710781669825,33.961814170567024],[-117.39828456169086,33.963443422064366],[-117.40060198300758,33.963381110718046],[-117.4017425909882,33.96168956392787],[-117.40056583161785,33.96006033686848],[-117.39824847864179,33.9601226321615],[-117.39824847864179,33.9601226321615]]]},"properties":{"h3":"8929a015bbbffff","count":6,"c3":1,"c6":3,"c12":4,"c24":6,"score":3.9,"risk":8,"peakDay":"Saturday","peakTime":"morning","hood":"Magnolia Center","bk12":{"morning":3,"afternoon":1,"evening":0,"night":0},"bk24":{"morning":4,"afternoon":1,"evening":1,"night":0},"sv12":2,"recent":[{"d":"2026-06-27","day":"Sat","time":"10:32","desc":"Motor Vehicle Theft","res":""},{"d":"2026-04-18","day":"Sat","time":"11:09","desc":"Larceny","res":""},{"d":"2026-04-11","day":"Sat","time":"11:00","desc":"Motor Vehicle Theft","res":""},{"d":"2026-01-11","day":"Sun","time":"13:36","desc":"Larceny","res":""},{"d":"2025-06-17","day":"Tue","time":"10:32","desc":"Motor Vehicle Theft","res":""},{"d":"2024-08-17","day":"Sat","time":"21:00","desc":"Larceny","res":""}]}},{"type":"Feature","geometry":{"type":"Polygon","coordinates":[[[-117.31826726671075,33.96058488829925],[-117.31712500128936,33.962275974714935],[-117.31830099001142,33.96390626074248],[-117.32061925878335,33.96384543595968],[-117.32176147043563,33.96215434104922],[-117.32058546708795,33.96052407941619],[-117.31826726671075,33.96058488829925],[-117.31826726671075,33.96058488829925]]]},"properties":{"h3":"8929a002877ffff","count":12,"c3":0,"c6":0,"c12":5,"c24":12,"score":5.6,"risk":11,"peakDay":"Tuesday","peakTime":"afternoon","hood":"Canyon Crest","bk12":{"morning":3,"afternoon":2,"evening":0,"night":0},"bk24":{"morning":5,"afternoon":5,"evening":1,"night":1},"recent":[{"d":"2026-01-06","day":"Tue","time":"10:10","desc":"Larceny","res":""},{"d":"2025-12-25","day":"Thu","time":"06:52","desc":"Larceny","res":""},{"d":"2025-11-18","day":"Tue","time":"08:38","desc":"Larceny","res":""},{"d":"2025-11-06","day":"Thu","time":"16:26","desc":"Larceny","res":""},{"d":"2025-10-15","day":"Wed","time":"16:46","desc":"Larceny","res":""},{"d":"2025-06-01","day":"Sun","time":"14:00","desc":"Larceny","res":""},{"d":"2025-05-22","day":"Thu","time":"19:00","desc":"Larceny","res":""},{"d":"2025-02-12","day":"Wed","time":"10:00","desc":"Larceny","res":""},{"d":"2025-02-11","day":"Tue","time":"15:00","desc":"Larceny","res":""},{"d":"2025-02-11","day":"Tue","time":"08:35","desc":"Larceny","res":""}]}},{"type":"Feature","geometry":{"type":"Polygon","coordinates":[[[-117.3251878650643,33.9570809454381],[-117.32404577357488,33.95877209578368],[-117.32522179153698,33.96040233301916],[-117.32753991559447,33.960341395508294],[-117.32868195330127,33.95865023667611],[-117.32750592073593,33.95702002384123],[-117.3251878650643,33.9570809454381],[-117.3251878650643,33.9570809454381]]]},"properties":{"h3":"8929a002833ffff","count":4,"c3":1,"c6":1,"c12":1,"c24":4,"score":2,"risk":4,"peakDay":"Thursday","peakTime":"afternoon","hood":"Canyon Crest","bk12":{"morning":0,"afternoon":1,"evening":0,"night":0},"bk24":{"morning":1,"afternoon":2,"evening":0,"night":1},"recent":[{"d":"2026-05-14","day":"Thu","time":"12:39","desc":"Larceny","res":""},{"d":"2025-07-15","day":"Tue","time":"15:00","desc":"Larceny","res":""},{"d":"2025-05-15","day":"Thu","time":"00:00","desc":"Motor Vehicle Theft","res":""},{"d":"2024-08-18","day":"Sun","time":"05:30","desc":"Larceny","res":""}]}},{"type":"Feature","geometry":{"type":"Polygon","coordinates":[[[-117.39111690744569,33.94370412875635],[-117.38997627003228,33.945395743857],[-117.3911527748534,33.947025280767136],[-117.39346993148638,33.94696317813124],[-117.39461051497,33.945271554629635],[-117.39343399575324,33.94364204216472],[-117.39111690744569,33.94370412875635],[-117.39111690744569,33.94370412875635]]]},"properties":{"h3":"8929a01580fffff","count":5,"c3":0,"c6":0,"c12":1,"c24":5,"score":1.8,"risk":4,"peakDay":"Sunday","peakTime":"morning","hood":"Magnolia Center","bk12":{"morning":1,"afternoon":0,"evening":0,"night":0},"bk24":{"morning":5,"afternoon":0,"evening":0,"night":0},"sv12":1,"recent":[{"d":"2025-10-05","day":"Sun","time":"09:49","desc":"Motor Vehicle Theft","res":""},{"d":"2025-03-09","day":"Sun","time":"08:47","desc":"Larceny","res":""},{"d":"2025-03-02","day":"Sun","time":"08:04","desc":"Motor Vehicle Theft","res":""},{"d":"2024-10-06","day":"Sun","time":"10:00","desc":"Larceny","res":""},{"d":"2024-08-18","day":"Sun","time":"08:55","desc":"Larceny","res":""}]}},{"type":"Feature","geometry":{"type":"Polygon","coordinates":[[[-117.51636102472462,33.95357097255215],[-117.51522279664931,33.95526321317396],[-117.51640058871162,33.956891000843285],[-117.51871662286248,33.95682652338547],[-117.51985479669577,33.955134274539866],[-117.51867699062299,33.95350651137571],[-117.51636102472462,33.95357097255215],[-117.51636102472462,33.95357097255215]]]},"properties":{"h3":"8929a0a943bffff","count":5,"c3":1,"c6":1,"c12":3,"c24":5,"score":2.8,"risk":5,"peakDay":"Sunday","peakTime":"afternoon","hood":"La Sierra Hills","bk12":{"morning":0,"afternoon":2,"evening":1,"night":0},"bk24":{"morning":1,"afternoon":3,"evening":1,"night":0},"recent":[{"d":"2026-08-05","day":"Wed","time":"12:25","desc":"Larceny","res":""},{"d":"2025-11-04","day":"Tue","time":"15:43","desc":"Larceny","res":""},{"d":"2025-10-23","day":"Thu","time":"17:15","desc":"Larceny","res":""},{"d":"2025-03-23","day":"Sun","time":"11:00","desc":"Larceny","res":""},{"d":"2024-08-18","day":"Sun","time":"13:12","desc":"Larceny","res":""}]}},{"type":"Feature","geometry":{"type":"Polygon","coordinates":[[[-117.36366041664488,33.9776564432853],[-117.3625188841593,33.97934766320249],[-117.36369548475994,33.98097715891223],[-117.36601363233845,33.98091541029706],[-117.36715511092817,33.979224181954336],[-117.36597849583809,33.97759471065216],[-117.36366041664488,33.9776564432853],[-117.36366041664488,33.9776564432853]]]},"properties":{"h3":"8929a00740bffff","count":27,"c3":5,"c6":7,"c12":14,"c24":27,"score":14.5,"risk":28,"peakDay":"Monday","peakTime":"evening","hood":"Eastside","bk12":{"morning":6,"afternoon":2,"evening":3,"night":3},"bk24":{"morning":7,"afternoon":5,"evening":10,"night":5},"sv12":10,"recent":[{"d":"2026-07-20","day":"Mon","time":"07:16","desc":"Motor Vehicle Theft","res":""},{"d":"2026-06-30","day":"Tue","time":"13:57","desc":"Larceny","res":""},{"d":"2026-06-26","day":"Fri","time":"23:07","desc":"Motor Vehicle Theft","res":""},{"d":"2026-06-05","day":"Fri","time":"17:31","desc":"Motor Vehicle Theft","res":""},{"d":"2026-05-17","day":"Sun","time":"14:59","desc":"Motor Vehicle Theft","res":""},{"d":"2026-03-29","day":"Sun","time":"17:33","desc":"Motor Vehicle Theft","res":""},{"d":"2026-03-11","day":"Wed","time":"01:28","desc":"Larceny","res":""},{"d":"2026-02-04","day":"Wed","time":"08:06","desc":"Larceny","res":""},{"d":"2025-12-08","day":"Mon","time":"08:13","desc":"Motor Vehicle Theft","res":""},{"d":"2025-11-22","day":"Sat","time":"10:32","desc":"Motor Vehicle Theft","res":""}]}},{"type":"Feature","geometry":{"type":"Polygon","coordinates":[[[-117.37724929675016,33.947396997416654],[-117.3761083443614,33.949088508780825],[-117.37728475626825,33.9507181828402],[-117.37960213500624,33.95065632109995],[-117.38074303349529,33.94896480131711],[-117.37956660714889,33.94733515169302],[-117.37724929675016,33.947396997416654],[-117.37724929675016,33.947396997416654]]]},"properties":{"h3":"8929a015ab3ffff","count":1,"c3":0,"c6":0,"c12":0,"c24":1,"score":0.3,"risk":0,"peakDay":"Sunday","peakTime":"evening","hood":"Victoria","bk12":{"morning":0,"afternoon":0,"evening":0,"night":0},"bk24":{"morning":0,"afternoon":0,"evening":1,"night":0},"recent":[{"d":"2024-08-18","day":"Sun","time":"20:01","desc":"Larceny","res":""}]}},{"type":"Feature","geometry":{"type":"Polygon","coordinates":[[[-117.43605375224283,33.92089874318077],[-117.43491424631118,33.92259076992822],[-117.43609093740638,33.92421998881358],[-117.43840714868682,33.924157156466606],[-117.43954660060186,33.9224651213713],[-117.43836989525587,33.920835926970646],[-117.43605375224283,33.92089874318077],[-117.43605375224283,33.92089874318077]]]},"properties":{"h3":"8929a014e73ffff","count":4,"c3":0,"c6":0,"c12":3,"c24":4,"score":1.9,"risk":4,"peakDay":"Sunday","peakTime":"afternoon","hood":"Arlington","bk12":{"morning":0,"afternoon":3,"evening":0,"night":0},"bk24":{"morning":0,"afternoon":3,"evening":0,"night":1},"recent":[{"d":"2025-12-30","day":"Tue","time":"13:12","desc":"Larceny","res":""},{"d":"2025-08-10","day":"Sun","time":"12:33","desc":"Larceny","res":""},{"d":"2025-08-10","day":"Sun","time":"12:33","desc":"Larceny","res":""},{"d":"2024-08-18","day":"Sun","time":"23:00","desc":"Larceny","res":""}]}},{"type":"Feature","geometry":{"type":"Polygon","coordinates":[[[-117.48814136323678,33.91781457677067],[-117.48700293242166,33.919506913801975],[-117.4881800828727,33.92113548953041],[-117.4904956782305,33.921071703712855],[-117.49163405490624,33.919379358404605],[-117.49045689036635,33.917750807190664],[-117.48814136323678,33.91781457677067],[-117.48814136323678,33.91781457677067]]]},"properties":{"h3":"8929a014d0fffff","count":10,"c3":1,"c6":1,"c12":1,"c24":10,"score":3.6,"risk":7,"peakDay":"Sunday","peakTime":"morning","hood":"La Sierra","bk12":{"morning":1,"afternoon":0,"evening":0,"night":0},"bk24":{"morning":5,"afternoon":2,"evening":3,"night":0},"recent":[{"d":"2026-05-24","day":"Sun","time":"10:13","desc":"Larceny","res":""},{"d":"2025-02-10","day":"Mon","time":"07:19","desc":"Larceny","res":""},{"d":"2025-02-09","day":"Sun","time":"14:09","desc":"Larceny","res":""},{"d":"2024-11-20","day":"Wed","time":"20:42","desc":"Motor Vehicle Theft","res":""},{"d":"2024-11-06","day":"Wed","time":"06:30","desc":"Motor Vehicle Theft","res":""},{"d":"2024-10-19","day":"Sat","time":"20:37","desc":"Larceny","res":""},{"d":"2024-10-19","day":"Sat","time":"20:37","desc":"Larceny","res":""},{"d":"2024-09-29","day":"Sun","time":"10:00","desc":"Motor Vehicle Theft","res":""},{"d":"2024-09-29","day":"Sun","time":"10:00","desc":"Larceny","res":""},{"d":"2024-08-19","day":"Mon","time":"16:00","desc":"Larceny","res":""}]}},{"type":"Feature","geometry":{"type":"Polygon","coordinates":[[[-117.43936019033654,33.90585823226808],[-117.43822090355606,33.907550383372495],[-117.43939746798137,33.90917973514905],[-117.4417133334267,33.90911691132437],[-117.44285256619713,33.90742475187074],[-117.44167598753505,33.90579542459085],[-117.43936019033654,33.90585823226808],[-117.43936019033654,33.90585823226808]]]},"properties":{"h3":"8929a014e9bffff","count":7,"c3":0,"c6":0,"c12":5,"c24":7,"score":3.8,"risk":7,"peakDay":"Friday","peakTime":"morning","hood":"Arlington South","bk12":{"morning":4,"afternoon":1,"evening":0,"night":0},"bk24":{"morning":4,"afternoon":2,"evening":0,"night":1},"recent":[{"d":"2025-12-26","day":"Fri","time":"09:04","desc":"Larceny","res":""},{"d":"2025-12-26","day":"Fri","time":"09:04","desc":"Larceny","res":""},{"d":"2025-11-28","day":"Fri","time":"13:46","desc":"Larceny","res":""},{"d":"2025-11-22","day":"Sat","time":"11:37","desc":"Larceny","res":""},{"d":"2025-10-11","day":"Sat","time":"10:37","desc":"Larceny","res":""},{"d":"2025-06-20","day":"Fri","time":"13:30","desc":"Larceny","res":""},{"d":"2024-08-19","day":"Mon","time":"23:00","desc":"Larceny","res":""}]}},{"type":"Feature","geometry":{"type":"Polygon","coordinates":[[[-117.3501327529615,34.014551397366674],[-117.34899057363324,34.01624227735338],[-117.35016743329945,34.0178715149411],[-117.3524864868376,34.01780984816648],[-117.35362861226739,34.016118959750045],[-117.35245173806025,34.01448974653777],[-117.3501327529615,34.014551397366674],[-117.3501327529615,34.014551397366674]]]},"properties":{"h3":"8929a007233ffff","count":9,"c3":0,"c6":1,"c12":2,"c24":9,"score":3.8,"risk":7,"peakDay":"Tuesday","peakTime":"morning","hood":"Northside","bk12":{"morning":1,"afternoon":1,"evening":0,"night":0},"bk24":{"morning":3,"afternoon":2,"evening":1,"night":3},"sv12":1,"recent":[{"d":"2026-04-06","day":"Mon","time":"12:25","desc":"Larceny","res":""},{"d":"2026-01-21","day":"Wed","time":"09:42","desc":"Motor Vehicle Theft","res":""},{"d":"2025-07-30","day":"Wed","time":"02:00","desc":"Motor Vehicle Theft","res":""},{"d":"2025-02-18","day":"Tue","time":"22:00","desc":"Larceny","res":""},{"d":"2024-12-07","day":"Sat","time":"21:58","desc":"Motor Vehicle Theft","res":""},{"d":"2024-10-27","day":"Sun","time":"07:00","desc":"Motor Vehicle Theft","res":""},{"d":"2024-10-08","day":"Tue","time":"13:00","desc":"Larceny","res":""},{"d":"2024-10-08","day":"Tue","time":"00:20","desc":"Motor Vehicle Theft","res":""},{"d":"2024-08-20","day":"Tue","time":"11:00","desc":"Larceny","res":""}]}},{"type":"Feature","geometry":{"type":"Polygon","coordinates":[[[-117.45363155793413,33.93869198945725],[-117.45249222312081,33.9403839881391],[-117.4536692673243,33.942012769417694],[-117.45598566054487,33.94194952753225],[-117.45712494128195,33.94025752053389],[-117.45594788287755,33.93862876373731],[-117.45363155793413,33.93869198945725],[-117.45363155793413,33.93869198945725]]]},"properties":{"h3":"8929a014aa7ffff","count":25,"c3":3,"c6":3,"c12":6,"c24":25,"score":11.6,"risk":23,"peakDay":"Tuesday","peakTime":"evening","hood":"Arlanza","bk12":{"morning":2,"afternoon":1,"evening":2,"night":1},"bk24":{"morning":8,"afternoon":6,"evening":8,"night":3},"sv12":1,"recent":[{"d":"2026-07-28","day":"Tue","time":"22:28","desc":"Larceny","res":""},{"d":"2026-06-16","day":"Tue","time":"18:10","desc":"Motor Vehicle Theft","res":""},{"d":"2026-05-28","day":"Thu","time":"13:09","desc":"Larceny","res":""},{"d":"2026-01-20","day":"Tue","time":"08:17","desc":"Larceny","res":""},{"d":"2026-01-10","day":"Sat","time":"20:41","desc":"Larceny","res":""},{"d":"2025-09-18","day":"Thu","time":"08:14","desc":"Larceny","res":""},{"d":"2025-07-29","day":"Tue","time":"05:28","desc":"Motor Vehicle Theft","res":""},{"d":"2025-07-23","day":"Wed","time":"02:50","desc":"Motor Vehicle Theft","res":""},{"d":"2025-07-18","day":"Fri","time":"10:00","desc":"Larceny","res":""},{"d":"2025-07-15","day":"Tue","time":"09:40","desc":"Larceny","res":""}]}},{"type":"Feature","geometry":{"type":"Polygon","coordinates":[[[-117.49159523407609,33.91605843872441],[-117.49045689036635,33.917750807190664],[-117.49163405490624,33.919379358404605],[-117.49394957723638,33.919315516634605],[-117.49508786680013,33.917623139895476],[-117.49391068818252,33.91599461319906],[-117.49159523407609,33.91605843872441],[-117.49159523407609,33.91605843872441]]]},"properties":{"h3":"8929a014d07ffff","count":5,"c3":1,"c6":1,"c12":1,"c24":5,"score":2.1,"risk":4,"peakDay":"Monday","peakTime":"afternoon","hood":"La Sierra","bk12":{"morning":1,"afternoon":0,"evening":0,"night":0},"bk24":{"morning":1,"afternoon":2,"evening":1,"night":1},"sv12":1,"recent":[{"d":"2026-06-05","day":"Fri","time":"10:26","desc":"Motor Vehicle Theft","res":""},{"d":"2025-02-03","day":"Mon","time":"20:30","desc":"Larceny","res":""},{"d":"2024-11-25","day":"Mon","time":"14:32","desc":"Larceny","res":""},{"d":"2024-09-25","day":"Wed","time":"02:45","desc":"Motor Vehicle Theft","res":""},{"d":"2024-08-20","day":"Tue","time":"13:00","desc":"Larceny","res":""}]}},{"type":"Feature","geometry":{"type":"Polygon","coordinates":[[[-117.40491023324668,33.933367423783366],[-117.40376997703586,33.935059189092414],[-117.40494650414676,33.93668866758447],[-117.40726330182159,33.936626356307706],[-117.40840350407919,33.93493458261268],[-117.40722696261798,33.93330512858021],[-117.40491023324668,33.933367423783366],[-117.40491023324668,33.933367423783366]]]},"properties":{"h3":"8929a015d4fffff","count":22,"c3":0,"c6":0,"c12":5,"c24":22,"score":9.6,"risk":19,"peakDay":"Wednesday","peakTime":"night","hood":"Casa Blanca","bk12":{"morning":0,"afternoon":0,"evening":3,"night":2},"bk24":{"morning":5,"afternoon":3,"evening":7,"night":7},"sv12":1,"recent":[{"d":"2026-02-03","day":"Tue","time":"00:25","desc":"Larceny","res":""},{"d":"2026-02-03","day":"Tue","time":"00:25","desc":"Larceny","res":""},{"d":"2026-01-29","day":"Thu","time":"17:45","desc":"Larceny","res":""},{"d":"2025-11-08","day":"Sat","time":"20:28","desc":"Larceny","res":""},{"d":"2025-09-29","day":"Mon","time":"18:23","desc":"Motor Vehicle Theft","res":""},{"d":"2025-07-18","day":"Fri","time":"15:00","desc":"Motor Vehicle Theft","res":""},{"d":"2025-07-13","day":"Sun","time":"15:04","desc":"Motor Vehicle Theft","res":""},{"d":"2025-06-25","day":"Wed","time":"18:25","desc":"Larceny","res":""},{"d":"2025-04-27","day":"Sun","time":"01:30","desc":"Larceny","res":""},{"d":"2025-04-18","day":"Fri","time":"09:09","desc":"Larceny","res":""}]}},{"type":"Feature","geometry":{"type":"Polygon","coordinates":[[[-117.34971674895895,33.97470506430581],[-117.3485749678199,33.976396226978935],[-117.34975140467742,33.978025938685555],[-117.35206963720861,33.97796446331688],[-117.35321136448846,33.97627329219785],[-117.3520349130991,33.974643604893245],[-117.34971674895895,33.97470506430581],[-117.34971674895895,33.97470506430581]]]},"properties":{"h3":"8929a00292fffff","count":17,"c3":1,"c6":3,"c12":5,"c24":17,"score":7.8,"risk":15,"peakDay":"Thursday","peakTime":"afternoon","hood":"Eastside","bk12":{"morning":2,"afternoon":2,"evening":1,"night":0},"bk24":{"morning":6,"afternoon":7,"evening":2,"night":2},"sv12":1,"recent":[{"d":"2026-06-25","day":"Thu","time":"11:33","desc":"Larceny","res":""},{"d":"2026-04-04","day":"Sat","time":"08:17","desc":"Larceny","res":""},{"d":"2026-03-15","day":"Sun","time":"15:57","desc":"Larceny","res":""},{"d":"2026-01-02","day":"Fri","time":"12:43","desc":"Larceny","res":""},{"d":"2025-12-11","day":"Thu","time":"21:12","desc":"Motor Vehicle Theft","res":""},{"d":"2025-07-25","day":"Fri","time":"13:00","desc":"Motor Vehicle Theft","res":""},{"d":"2025-05-22","day":"Thu","time":"15:42","desc":"Larceny","res":""},{"d":"2025-03-28","day":"Fri","time":"22:00","desc":"Motor Vehicle Theft","res":""},{"d":"2025-03-23","day":"Sun","time":"18:00","desc":"Larceny","res":""},{"d":"2025-01-01","day":"Wed","time":"14:30","desc":"Larceny","res":""}]}},{"type":"Feature","geometry":{"type":"Polygon","coordinates":[[[-117.49469875016413,33.884411062676094],[-117.49356079012233,33.886103670419516],[-117.49473765147917,33.887732551289055],[-117.49705248694077,33.88766879987436],[-117.49819039285971,33.885976183849884],[-117.49701351744268,33.884347327521006],[-117.49469875016413,33.884411062676094],[-117.49469875016413,33.884411062676094]]]},"properties":{"h3":"8929a016b87ffff","count":11,"c3":0,"c6":3,"c12":4,"c24":11,"score":5.2,"risk":10,"peakDay":"Wednesday","peakTime":"morning","hood":"La Sierra South","bk12":{"morning":3,"afternoon":0,"evening":1,"night":0},"bk24":{"morning":4,"afternoon":1,"evening":3,"night":3},"recent":[{"d":"2026-04-03","day":"Fri","time":"09:15","desc":"Larceny","res":""},{"d":"2026-03-17","day":"Tue","time":"09:59","desc":"Larceny","res":""},{"d":"2026-03-12","day":"Thu","time":"06:02","desc":"Larceny","res":""},{"d":"2025-12-10","day":"Wed","time":"17:37","desc":"Larceny","res":""},{"d":"2025-07-20","day":"Sun","time":"00:00","desc":"Larceny","res":""},{"d":"2025-06-11","day":"Wed","time":"22:00","desc":"Motor Vehicle Theft","res":""},{"d":"2024-10-21","day":"Mon","time":"18:06","desc":"Motor Vehicle Theft","res":""},{"d":"2024-09-03","day":"Tue","time":"05:00","desc":"Motor Vehicle Theft","res":""},{"d":"2024-08-25","day":"Sun","time":"03:00","desc":"Larceny","res":""},{"d":"2024-08-21","day":"Wed","time":"20:00","desc":"Motor Vehicle Theft","res":""}]}},{"type":"Feature","geometry":{"type":"Polygon","coordinates":[[[-117.40134467929157,33.92515734247606],[-117.40020443530001,33.92684914597091],[-117.40138084238637,33.928478767010176],[-117.4036975078263,33.9284165600912],[-117.4048376978811,33.92672474820221],[-117.40366127643551,33.92509515162616],[-117.40134467929157,33.92515734247606],[-117.40134467929157,33.92515734247606]]]},"properties":{"h3":"8929a015c27ffff","count":12,"c3":0,"c6":0,"c12":3,"c24":12,"score":4.5,"risk":9,"peakDay":"Sunday","peakTime":"morning","hood":"Casa Blanca","bk12":{"morning":3,"afternoon":0,"evening":0,"night":0},"bk24":{"morning":5,"afternoon":2,"evening":2,"night":3},"sv12":2,"recent":[{"d":"2025-10-26","day":"Sun","time":"11:42","desc":"Larceny","res":""},{"d":"2025-09-16","day":"Tue","time":"05:06","desc":"Motor Vehicle Theft","res":""},{"d":"2025-09-07","day":"Sun","time":"11:02","desc":"Motor Vehicle Theft","res":""},{"d":"2025-02-19","day":"Wed","time":"08:00","desc":"Larceny","res":""},{"d":"2025-02-08","day":"Sat","time":"17:00","desc":"Larceny","res":""},{"d":"2025-02-08","day":"Sat","time":"14:22","desc":"Larceny","res":""},{"d":"2025-02-08","day":"Sat","time":"07:28","desc":"Larceny","res":""},{"d":"2024-11-27","day":"Wed","time":"19:00","desc":"Larceny","res":""},{"d":"2024-11-24","day":"Sun","time":"23:00","desc":"Larceny","res":""},{"d":"2024-10-28","day":"Mon","time":"12:00","desc":"Larceny","res":""}]}},{"type":"Feature","geometry":{"type":"Polygon","coordinates":[[[-117.38070747252065,33.94564360853872],[-117.37956660714889,33.94733515169302],[-117.38074303349529,33.94896480131711],[-117.38306033964466,33.94890288334844],[-117.38420115111,33.94721133177957],[-117.38302471033522,33.94558170659378],[-117.38070747252065,33.94564360853872],[-117.38070747252065,33.94564360853872]]]},"properties":{"h3":"8929a01584fffff","count":3,"c3":0,"c6":0,"c12":0,"c24":3,"score":1,"risk":2,"peakDay":"Thursday","peakTime":"morning","hood":"Victoria","bk12":{"morning":0,"afternoon":0,"evening":0,"night":0},"bk24":{"morning":2,"afternoon":1,"evening":0,"night":0},"recent":[{"d":"2025-06-26","day":"Thu","time":"13:00","desc":"Larceny","res":""},{"d":"2024-10-23","day":"Wed","time":"10:00","desc":"Larceny","res":""},{"d":"2024-08-22","day":"Thu","time":"09:58","desc":"Larceny","res":""}]}},{"type":"Feature","geometry":{"type":"Polygon","coordinates":[[[-117.29367715334527,33.93630724674404],[-117.2925346446976,33.93799836734428],[-117.2937101437624,33.93962925682934],[-117.29602816617304,33.939569001316556],[-117.2971706211347,33.93787787217813],[-117.29599510737455,33.93624700709052],[-117.29367715334527,33.93630724674404],[-117.29367715334527,33.93630724674404]]]},"properties":{"h3":"8929a002e8bffff","count":7,"c3":0,"c6":0,"c12":1,"c24":7,"score":2.8,"risk":5,"peakDay":"Sunday","peakTime":"evening","hood":"Sycamore Canyon/Canyon Springs","bk12":{"morning":0,"afternoon":1,"evening":0,"night":0},"bk24":{"morning":0,"afternoon":2,"evening":5,"night":0},"sv12":1,"recent":[{"d":"2025-11-30","day":"Sun","time":"13:55","desc":"Motor Vehicle Theft","res":""},{"d":"2025-08-02","day":"Sat","time":"21:43","desc":"Motor Vehicle Theft","res":""},{"d":"2025-08-02","day":"Sat","time":"21:43","desc":"Larceny","res":""},{"d":"2025-02-09","day":"Sun","time":"16:00","desc":"Larceny","res":""},{"d":"2025-01-12","day":"Sun","time":"17:00","desc":"Motor Vehicle Theft","res":""},{"d":"2024-08-22","day":"Thu","time":"17:00","desc":"Larceny","res":""},{"d":"2024-08-22","day":"Thu","time":"17:00","desc":"Larceny","res":""}]}},{"type":"Feature","geometry":{"type":"Polygon","coordinates":[[[-117.47417104246136,33.9115540893684],[-117.47303239518814,33.91324639323736],[-117.47420934816385,33.91487522455591],[-117.47652496254604,33.914811727493976],[-117.47766355571966,33.91311941532625],[-117.47648658861347,33.91149060851904],[-117.47417104246136,33.9115540893684],[-117.47417104246136,33.9115540893684]]]},"properties":{"h3":"8929a014c27ffff","count":8,"c3":1,"c6":2,"c12":4,"c24":8,"score":4.2,"risk":8,"peakDay":"Thursday","peakTime":"evening","hood":"La Sierra","bk12":{"morning":2,"afternoon":1,"evening":0,"night":1},"bk24":{"morning":2,"afternoon":2,"evening":3,"night":1},"sv12":2,"recent":[{"d":"2026-07-06","day":"Mon","time":"14:27","desc":"Larceny","res":""},{"d":"2026-04-21","day":"Tue","time":"04:52","desc":"Motor Vehicle Theft","res":""},{"d":"2025-12-27","day":"Sat","time":"08:09","desc":"Larceny","res":""},{"d":"2025-10-12","day":"Sun","time":"06:03","desc":"Motor Vehicle Theft","res":""},{"d":"2025-05-17","day":"Sat","time":"15:42","desc":"Larceny","res":""},{"d":"2024-12-19","day":"Thu","time":"21:30","desc":"Motor Vehicle Theft","res":""},{"d":"2024-08-22","day":"Thu","time":"17:00","desc":"Motor Vehicle Theft","res":""},{"d":"2024-08-22","day":"Thu","time":"17:00","desc":"Larceny","res":""}]}},{"type":"Feature","geometry":{"type":"Polygon","coordinates":[[[-117.47758674416643,33.90647706856573],[-117.47644821694932,33.90816942702782],[-117.4776251488079,33.909798273198774],[-117.47994062200499,33.90973473639085],[-117.48107909511918,33.908042369632724],[-117.47990214914195,33.90641354797837],[-117.47758674416643,33.90647706856573],[-117.47758674416643,33.90647706856573]]]},"properties":{"h3":"8929a014ddbffff","count":8,"c3":3,"c6":4,"c12":5,"c24":8,"score":5.1,"risk":10,"peakDay":"Wednesday","peakTime":"morning","hood":"La Sierra","bk12":{"morning":4,"afternoon":1,"evening":0,"night":0},"bk24":{"morning":4,"afternoon":2,"evening":1,"night":1},"recent":[{"d":"2026-07-10","day":"Fri","time":"11:06","desc":"Larceny","res":""},{"d":"2026-05-26","day":"Tue","time":"09:13","desc":"Larceny","res":""},{"d":"2026-05-26","day":"Tue","time":"08:07","desc":"Larceny","res":""},{"d":"2026-04-26","day":"Sun","time":"13:49","desc":"Larceny","res":""},{"d":"2026-01-07","day":"Wed","time":"09:10","desc":"Larceny","res":""},{"d":"2025-04-30","day":"Wed","time":"00:00","desc":"Larceny","res":""},{"d":"2024-08-22","day":"Thu","time":"17:03","desc":"Larceny","res":""},{"d":"2024-08-09","day":"Fri","time":"16:04","desc":"Motor Vehicle Theft","res":""}]}},{"type":"Feature","geometry":{"type":"Polygon","coordinates":[[[-117.4601635467677,33.90197000524997],[-117.45902471619108,33.90366229901502],[-117.4602014363346,33.90529142512469],[-117.46251700122893,33.90522823295875],[-117.46365577774901,33.90353593087174],[-117.4624790434341,33.901906829272455],[-117.4601635467677,33.90197000524997],[-117.4601635467677,33.90197000524997]]]},"properties":{"h3":"8929a014c1bffff","count":80,"c3":9,"c6":15,"c12":31,"c24":80,"score":39.2,"risk":76,"peakDay":"Monday","peakTime":"morning","hood":"La Sierra","bk12":{"morning":11,"afternoon":13,"evening":1,"night":6},"bk24":{"morning":23,"afternoon":21,"evening":19,"night":17},"sv12":3,"recent":[{"d":"2026-07-27","day":"Mon","time":"18:27","desc":"Larceny","res":""},{"d":"2026-07-13","day":"Mon","time":"13:37","desc":"Larceny","res":""},{"d":"2026-07-13","day":"Mon","time":"13:09","desc":"Larceny","res":""},{"d":"2026-07-13","day":"Mon","time":"00:27","desc":"Larceny","res":""},{"d":"2026-07-03","day":"Fri","time":"15:51","desc":"Larceny","res":""},{"d":"2026-07-03","day":"Fri","time":"14:16","desc":"Larceny","res":""},{"d":"2026-06-27","day":"Sat","time":"08:11","desc":"Larceny","res":""},{"d":"2026-06-15","day":"Mon","time":"09:15","desc":"Larceny","res":""},{"d":"2026-05-20","day":"Wed","time":"06:21","desc":"Larceny","res":""},{"d":"2026-05-02","day":"Sat","time":"16:13","desc":"Larceny","res":""}]}},{"type":"Feature","geometry":{"type":"Polygon","coordinates":[[[-117.38416548868844,33.94389013166279],[-117.38302471033522,33.94558170659378],[-117.38420115111,33.94721133177957],[-117.38651838465806,33.94714935759284],[-117.38765910909817,33.94545777425137],[-117.38648265390614,33.94382817350693],[-117.38416548868844,33.94389013166279],[-117.38416548868844,33.94389013166279]]]},"properties":{"h3":"8929a015847ffff","count":16,"c3":0,"c6":1,"c12":6,"c24":16,"score":7.1,"risk":14,"peakDay":"Thursday","peakTime":"morning","hood":"Victoria","bk12":{"morning":2,"afternoon":2,"evening":2,"night":0},"bk24":{"morning":7,"afternoon":3,"evening":6,"night":0},"recent":[{"d":"2026-03-27","day":"Fri","time":"09:22","desc":"Larceny","res":""},{"d":"2026-01-22","day":"Thu","time":"16:25","desc":"Larceny","res":""},{"d":"2026-01-10","day":"Sat","time":"10:42","desc":"Larceny","res":""},{"d":"2025-12-22","day":"Mon","time":"14:00","desc":"Larceny","res":""},{"d":"2025-12-09","day":"Tue","time":"20:35","desc":"Larceny","res":""},{"d":"2025-08-15","day":"Fri","time":"17:00","desc":"Larceny","res":""},{"d":"2025-05-06","day":"Tue","time":"08:27","desc":"Larceny","res":""},{"d":"2025-04-14","day":"Mon","time":"09:11","desc":"Larceny","res":""},{"d":"2025-01-04","day":"Sat","time":"11:36","desc":"Larceny","res":""},{"d":"2024-11-20","day":"Wed","time":"19:00","desc":"Larceny","res":""}]}},{"type":"Feature","geometry":{"type":"Polygon","coordinates":[[[-117.36722545647517,33.985865439317024],[-117.36608391157651,33.98755662066014],[-117.36726063237053,33.989185973510025],[-117.36957891254663,33.98912412061266],[-117.37072040353283,33.987432930852165],[-117.36954366825825,33.985803602406236],[-117.36722545647517,33.985865439317024],[-117.36722545647517,33.985865439317024]]]},"properties":{"h3":"8929a007467ffff","count":11,"c3":1,"c6":3,"c12":6,"c24":11,"score":5.7,"risk":11,"peakDay":"Thursday","peakTime":"evening","hood":"Downtown","bk12":{"morning":2,"afternoon":2,"evening":2,"night":0},"bk24":{"morning":3,"afternoon":2,"evening":4,"night":2},"sv12":2,"recent":[{"d":"2026-06-18","day":"Thu","time":"12:33","desc":"Larceny","res":""},{"d":"2026-04-12","day":"Sun","time":"05:55","desc":"Motor Vehicle Theft","res":""},{"d":"2026-04-10","day":"Fri","time":"07:03","desc":"Motor Vehicle Theft","res":""},{"d":"2025-11-10","day":"Mon","time":"13:53","desc":"Larceny","res":""},{"d":"2025-09-26","day":"Fri","time":"17:21","desc":"Larceny","res":""},{"d":"2025-09-17","day":"Wed","time":"18:01","desc":"Larceny","res":""},{"d":"2025-02-16","day":"Sun","time":"20:00","desc":"Larceny","res":""},{"d":"2024-12-01","day":"Sun","time":"11:31","desc":"Larceny","res":""},{"d":"2024-08-27","day":"Tue","time":"20:00","desc":"Motor Vehicle Theft","res":""},{"d":"2024-08-22","day":"Thu","time":"23:00","desc":"Larceny","res":""}]}},{"type":"Feature","geometry":{"type":"Polygon","coordinates":[[[-117.45374469279486,33.948654141188385],[-117.45260525890014,33.95034607002357],[-117.45378240887564,33.951974732957524],[-117.45609900695176,33.951911442580766],[-117.45723838676034,33.95021950543313],[-117.45606122258175,33.94859086697452],[-117.45374469279486,33.948654141188385],[-117.45374469279486,33.948654141188385]]]},"properties":{"h3":"8929a014b53ffff","count":13,"c3":1,"c6":2,"c12":8,"c24":13,"score":7.2,"risk":14,"peakDay":"Friday","peakTime":"morning","hood":"Airport","bk12":{"morning":4,"afternoon":3,"evening":1,"night":0},"bk24":{"morning":5,"afternoon":4,"evening":2,"night":2},"sv12":4,"recent":[{"d":"2026-07-09","day":"Thu","time":"15:43","desc":"Motor Vehicle Theft","res":""},{"d":"2026-03-10","day":"Tue","time":"08:06","desc":"Larceny","res":""},{"d":"2026-02-01","day":"Sun","time":"09:19","desc":"Motor Vehicle Theft","res":""},{"d":"2026-01-11","day":"Sun","time":"08:48","desc":"Motor Vehicle Theft","res":""},{"d":"2025-12-26","day":"Fri","time":"14:49","desc":"Motor Vehicle Theft","res":""},{"d":"2025-11-27","day":"Thu","time":"21:55","desc":"Larceny","res":""},{"d":"2025-11-01","day":"Sat","time":"12:12","desc":"Larceny","res":""},{"d":"2025-10-31","day":"Fri","time":"08:42","desc":"Larceny","res":""},{"d":"2025-04-30","day":"Wed","time":"11:01","desc":"Larceny","res":""},{"d":"2025-01-14","day":"Tue","time":"20:00","desc":"Motor Vehicle Theft","res":""}]}},{"type":"Feature","geometry":{"type":"Polygon","coordinates":[[[-117.37742661531765,33.96400229653282],[-117.37628549729706,33.96569369088587],[-117.37746208532519,33.967323167852896],[-117.37977980581998,33.967261226042545],[-117.38092086992441,33.96556982327761],[-117.37974426745298,33.963940370734754],[-117.37742661531765,33.96400229653282],[-117.37742661531765,33.96400229653282]]]},"properties":{"h3":"8929a015b5bffff","count":4,"c3":1,"c6":1,"c12":1,"c24":4,"score":2.1,"risk":4,"peakDay":"Friday","peakTime":"morning","hood":"Wood Streets","bk12":{"morning":1,"afternoon":0,"evening":0,"night":0},"bk24":{"morning":2,"afternoon":1,"evening":0,"night":1},"recent":[{"d":"2026-06-11","day":"Thu","time":"05:29","desc":"Larceny","res":""},{"d":"2025-07-12","day":"Sat","time":"14:39","desc":"Larceny","res":""},{"d":"2025-05-21","day":"Wed","time":"02:50","desc":"Larceny","res":""},{"d":"2024-08-23","day":"Fri","time":"08:15","desc":"Larceny","res":""}]}},{"type":"Feature","geometry":{"type":"Polygon","coordinates":[[[-117.32474700350069,33.91389719684613],[-117.32360534331785,33.91558865129523],[-117.32478090389496,33.9172193996124],[-117.3270981392511,33.9171586690508],[-117.32823974569388,33.9154672060974],[-117.3270641705234,33.91383648220972],[-117.32474700350069,33.91389719684613],[-117.32474700350069,33.91389719684613]]]},"properties":{"h3":"8929a015223ffff","count":19,"c3":2,"c6":3,"c12":9,"c24":19,"score":9.9,"risk":19,"peakDay":"Thursday","peakTime":"afternoon","hood":"Mission Grove","bk12":{"morning":5,"afternoon":3,"evening":1,"night":0},"bk24":{"morning":8,"afternoon":9,"evening":2,"night":0},"sv12":2,"recent":[{"d":"2026-07-31","day":"Fri","time":"11:06","desc":"Larceny","res":""},{"d":"2026-06-04","day":"Thu","time":"15:04","desc":"Motor Vehicle Theft","res":""},{"d":"2026-03-22","day":"Sun","time":"11:59","desc":"Larceny","res":""},{"d":"2026-01-13","day":"Tue","time":"06:23","desc":"Larceny","res":""},{"d":"2025-11-15","day":"Sat","time":"19:48","desc":"Motor Vehicle Theft","res":""},{"d":"2025-11-08","day":"Sat","time":"10:10","desc":"Larceny","res":""},{"d":"2025-10-16","day":"Thu","time":"13:16","desc":"Larceny","res":""},{"d":"2025-10-16","day":"Thu","time":"08:55","desc":"Larceny","res":""},{"d":"2025-10-04","day":"Sat","time":"12:12","desc":"Larceny","res":""},{"d":"2025-07-21","day":"Mon","time":"16:14","desc":"Larceny","res":""}]}},{"type":"Feature","geometry":{"type":"Polygon","coordinates":[[[-117.38798107904184,33.97534581521418],[-117.38684005655315,33.97703718789908],[-117.38801686406283,33.97866639427968],[-117.39033470847744,33.97860420355301],[-117.3914756770134,33.97691282247526],[-117.39029885509022,33.97528364051685],[-117.38798107904184,33.97534581521418],[-117.38798107904184,33.97534581521418]]]},"properties":{"h3":"8929a015b6fffff","count":17,"c3":1,"c6":2,"c12":7,"c24":17,"score":7.8,"risk":15,"peakDay":"Sunday","peakTime":"evening","hood":"Wood Streets","bk12":{"morning":3,"afternoon":2,"evening":0,"night":2},"bk24":{"morning":4,"afternoon":3,"evening":5,"night":5},"sv12":1,"recent":[{"d":"2026-07-27","day":"Mon","time":"14:50","desc":"Larceny","res":""},{"d":"2026-04-20","day":"Mon","time":"12:31","desc":"Larceny","res":""},{"d":"2026-01-31","day":"Sat","time":"10:30","desc":"Motor Vehicle Theft","res":""},{"d":"2025-11-23","day":"Sun","time":"08:30","desc":"Larceny","res":""},{"d":"2025-10-15","day":"Wed","time":"22:48","desc":"Larceny","res":""},{"d":"2025-08-26","day":"Tue","time":"22:17","desc":"Larceny","res":""},{"d":"2025-08-24","day":"Sun","time":"07:00","desc":"Larceny","res":""},{"d":"2025-05-04","day":"Sun","time":"16:00","desc":"Larceny","res":""},{"d":"2025-04-22","day":"Tue","time":"01:00","desc":"Larceny","res":""},{"d":"2025-03-01","day":"Sat","time":"19:34","desc":"Motor Vehicle Theft","res":""}]}},{"type":"Feature","geometry":{"type":"Polygon","coordinates":[[[-117.37054403720133,33.97082959261766],[-117.36940271195662,33.972520899803676],[-117.3705793062938,33.97415038615752],[-117.37289724034483,33.97408854090928],[-117.37403851168352,33.97239722530456],[-117.37286190288,33.970767763366595],[-117.37054403720133,33.97082959261766],[-117.37054403720133,33.97082959261766]]]},"properties":{"h3":"8929a00748fffff","count":1,"c3":0,"c6":0,"c12":0,"c24":1,"score":0.3,"risk":1,"peakDay":"Friday","peakTime":"evening","hood":"Eastside","bk12":{"morning":0,"afternoon":0,"evening":0,"night":0},"bk24":{"morning":0,"afternoon":0,"evening":1,"night":0},"recent":[{"d":"2024-08-23","day":"Fri","time":"19:00","desc":"Larceny","res":""}]}},{"type":"Feature","geometry":{"type":"Polygon","coordinates":[[[-117.33258582440632,34.00007056177389],[-117.33144344215253,34.00176144673835],[-117.33261998229754,34.00339108297636],[-117.3349389192908,34.003329809874],[-117.3360812477027,34.00163891644998],[-117.3349046929661,34.00000930458769],[-117.33258582440632,34.00007056177389],[-117.33258582440632,34.00007056177389]]]},"properties":{"h3":"8929a000da7ffff","count":2,"c3":0,"c6":0,"c12":0,"c24":2,"score":0.7,"risk":1,"peakDay":"Saturday","peakTime":"morning","hood":"Hunter Industrial Park","bk12":{"morning":0,"afternoon":0,"evening":0,"night":0},"bk24":{"morning":1,"afternoon":0,"evening":1,"night":0},"recent":[{"d":"2025-06-12","day":"Thu","time":"18:14","desc":"Larceny","res":""},{"d":"2024-08-24","day":"Sat","time":"05:00","desc":"Larceny","res":""}]}},{"type":"Feature","geometry":{"type":"Polygon","coordinates":[[[-117.4710224752157,33.93987709143532],[-117.46988347689472,33.94156917816976],[-117.47106069777419,33.94319771869673],[-117.47337693112478,33.943134147998606],[-117.47451587532635,33.94144205297219],[-117.47333864029954,33.939813536935695],[-117.4710224752157,33.93987709143532],[-117.4710224752157,33.93987709143532]]]},"properties":{"h3":"8929a014b97ffff","count":12,"c3":0,"c6":2,"c12":4,"c24":12,"score":5.8,"risk":11,"peakDay":"Thursday","peakTime":"night","hood":"Arlanza","bk12":{"morning":0,"afternoon":3,"evening":1,"night":0},"bk24":{"morning":1,"afternoon":3,"evening":4,"night":4},"sv12":3,"recent":[{"d":"2026-04-02","day":"Thu","time":"12:56","desc":"Motor Vehicle Theft","res":""},{"d":"2026-04-02","day":"Thu","time":"12:56","desc":"Motor Vehicle Theft","res":""},{"d":"2026-01-13","day":"Tue","time":"17:30","desc":"Motor Vehicle Theft","res":""},{"d":"2025-08-23","day":"Sat","time":"14:33","desc":"Larceny","res":""},{"d":"2025-07-23","day":"Wed","time":"19:24","desc":"Motor Vehicle Theft","res":""},{"d":"2025-07-04","day":"Fri","time":"21:30","desc":"Motor Vehicle Theft","res":""},{"d":"2025-03-14","day":"Fri","time":"22:00","desc":"Motor Vehicle Theft","res":""},{"d":"2025-03-14","day":"Fri","time":"22:00","desc":"Larceny","res":""},{"d":"2025-03-13","day":"Thu","time":"02:54","desc":"Larceny","res":""},{"d":"2025-03-03","day":"Mon","time":"17:40","desc":"Larceny","res":""}]}},{"type":"Feature","geometry":{"type":"Polygon","coordinates":[[[-117.3604105628645,33.99933264303733],[-117.35926874433207,34.00102368985677],[-117.36044554185001,34.002652972951395],[-117.36276417240833,34.00259118483519],[-117.36390593703189,34.00090012959423],[-117.36272912500884,33.99927087089082],[-117.3604105628645,33.99933264303733],[-117.3604105628645,33.99933264303733]]]},"properties":{"h3":"8929a007057ffff","count":4,"c3":0,"c6":0,"c12":0,"c24":4,"score":1.5,"risk":3,"peakDay":"Wednesday","peakTime":"morning","hood":"Northside","bk12":{"morning":0,"afternoon":0,"evening":0,"night":0},"bk24":{"morning":3,"afternoon":1,"evening":0,"night":0},"recent":[{"d":"2025-07-23","day":"Wed","time":"09:00","desc":"Motor Vehicle Theft","res":""},{"d":"2025-03-16","day":"Sun","time":"12:09","desc":"Larceny","res":""},{"d":"2025-03-05","day":"Wed","time":"05:40","desc":"Motor Vehicle Theft","res":""},{"d":"2024-08-24","day":"Sat","time":"08:45","desc":"Larceny","res":""}]}},{"type":"Feature","geometry":{"type":"Polygon","coordinates":[[[-117.41196977817563,33.94314380844373],[-117.41082956373074,33.9448355438911],[-117.41200626045361,33.94646481589563],[-117.41432318595517,33.94640232799587],[-117.4154633464203,33.94471058417613],[-117.41428663536641,33.943081336628374],[-117.41196977817563,33.94314380844373],[-117.41196977817563,33.94314380844373]]]},"properties":{"h3":"8929a0159d7ffff","count":5,"c3":0,"c6":0,"c12":1,"c24":5,"score":1.8,"risk":4,"peakDay":"Wednesday","peakTime":"evening","hood":"Ramona","bk12":{"morning":0,"afternoon":0,"evening":1,"night":0},"bk24":{"morning":0,"afternoon":0,"evening":3,"night":2},"recent":[{"d":"2025-10-21","day":"Tue","time":"18:03","desc":"Larceny","res":""},{"d":"2025-02-05","day":"Wed","time":"04:00","desc":"Motor Vehicle Theft","res":""},{"d":"2025-01-31","day":"Fri","time":"20:00","desc":"Larceny","res":""},{"d":"2024-09-11","day":"Wed","time":"00:30","desc":"Larceny","res":""},{"d":"2024-08-24","day":"Sat","time":"17:30","desc":"Larceny","res":""}]}},{"type":"Feature","geometry":{"type":"Polygon","coordinates":[[[-117.46058045523027,33.938502184011725],[-117.45944126159604,33.940194222584694],[-117.46061836944689,33.94182291546229],[-117.46293468511406,33.941759545280895],[-117.46407382465546,33.94006749840095],[-117.46289670262526,33.93843883000921],[-117.46058045523027,33.938502184011725],[-117.46058045523027,33.938502184011725]]]},"properties":{"h3":"8929a01486fffff","count":3,"c3":0,"c6":0,"c12":1,"c24":3,"score":1.2,"risk":2,"peakDay":"Saturday","peakTime":"evening","hood":"Arlanza","bk12":{"morning":0,"afternoon":1,"evening":0,"night":0},"bk24":{"morning":0,"afternoon":1,"evening":2,"night":0},"sv12":1,"recent":[{"d":"2025-10-07","day":"Tue","time":"13:38","desc":"Motor Vehicle Theft","res":""},{"d":"2025-05-12","day":"Mon","time":"19:00","desc":"Motor Vehicle Theft","res":""},{"d":"2024-08-24","day":"Sat","time":"21:00","desc":"Larceny","res":""}]}},{"type":"Feature","geometry":{"type":"Polygon","coordinates":[[[-117.47754834179511,33.90315580144767],[-117.47640984755334,33.90484818304088],[-117.47758674416643,33.90647706856573],[-117.47990214914195,33.90641354797837],[-117.48104058928402,33.90472115808776],[-117.47986367855307,33.903092297081734],[-117.47754834179511,33.90315580144767],[-117.47754834179511,33.90315580144767]]]},"properties":{"h3":"8929a014ca7ffff","count":22,"c3":2,"c6":2,"c12":6,"c24":22,"score":10.2,"risk":20,"peakDay":"Sunday","peakTime":"morning","hood":"La Sierra","bk12":{"morning":3,"afternoon":2,"evening":0,"night":1},"bk24":{"morning":7,"afternoon":3,"evening":6,"night":6},"sv12":1,"recent":[{"d":"2026-07-07","day":"Tue","time":"09:05","desc":"Motor Vehicle Theft","res":""},{"d":"2026-06-15","day":"Mon","time":"12:43","desc":"Larceny","res":""},{"d":"2025-12-15","day":"Mon","time":"09:53","desc":"Larceny","res":""},{"d":"2025-09-25","day":"Thu","time":"12:15","desc":"Larceny","res":""},{"d":"2025-09-25","day":"Thu","time":"03:30","desc":"Larceny","res":""},{"d":"2025-09-21","day":"Sun","time":"10:03","desc":"Larceny","res":""},{"d":"2025-08-01","day":"Fri","time":"22:23","desc":"Larceny","res":""},{"d":"2025-06-30","day":"Mon","time":"23:30","desc":"Motor Vehicle Theft","res":""},{"d":"2025-06-29","day":"Sun","time":"16:00","desc":"Larceny","res":""},{"d":"2025-06-25","day":"Wed","time":"11:13","desc":"Larceny","res":""}]}},{"type":"Feature","geometry":{"type":"Polygon","coordinates":[[[-117.29354521119024,33.92301857952941],[-117.29240283538908,33.924709793758204],[-117.29357819380232,33.92634084032296],[-117.29589594271174,33.92628064825242],[-117.29703826483987,33.924589425479994],[-117.2958628917344,33.92295840332157],[-117.29354521119024,33.92301857952941],[-117.29354521119024,33.92301857952941]]]},"properties":{"h3":"8929a00210fffff","count":2,"c3":0,"c6":0,"c12":0,"c24":2,"score":0.8,"risk":1,"peakDay":"Sunday","peakTime":"night","hood":"Sycamore Canyon/Canyon Springs","bk12":{"morning":0,"afternoon":0,"evening":0,"night":0},"bk24":{"morning":1,"afternoon":0,"evening":0,"night":1},"recent":[{"d":"2025-08-02","day":"Sat","time":"10:50","desc":"Larceny","res":""},{"d":"2024-08-25","day":"Sun","time":"03:45","desc":"Larceny","res":""}]}},{"type":"Feature","geometry":{"type":"Polygon","coordinates":[[[-117.37421539609795,33.98900028616359],[-117.37307395903416,33.990691484336025],[-117.37425077926098,33.9923207093665],[-117.37656905101404,33.99225871181878],[-117.3777104341454,33.99056750523984],[-117.37653359945892,33.98893830461495],[-117.37421539609795,33.98900028616359],[-117.37421539609795,33.98900028616359]]]},"properties":{"h3":"8929a007097ffff","count":9,"c3":1,"c6":1,"c12":5,"c24":9,"score":4.6,"risk":9,"peakDay":"Friday","peakTime":"afternoon","hood":"Downtown","bk12":{"morning":0,"afternoon":3,"evening":0,"night":2},"bk24":{"morning":2,"afternoon":4,"evening":1,"night":2},"recent":[{"d":"2026-07-07","day":"Tue","time":"16:36","desc":"Larceny","res":""},{"d":"2025-12-12","day":"Fri","time":"03:54","desc":"Larceny","res":""},{"d":"2025-12-12","day":"Fri","time":"03:54","desc":"Larceny","res":""},{"d":"2025-11-14","day":"Fri","time":"12:04","desc":"Larceny","res":""},{"d":"2025-09-09","day":"Tue","time":"14:59","desc":"Larceny","res":""},{"d":"2025-03-02","day":"Sun","time":"10:30","desc":"Motor Vehicle Theft","res":""},{"d":"2025-01-10","day":"Fri","time":"18:00","desc":"Larceny","res":""},{"d":"2024-11-10","day":"Sun","time":"15:50","desc":"Larceny","res":""},{"d":"2024-08-25","day":"Sun","time":"10:23","desc":"Larceny","res":""}]}},{"type":"Feature","geometry":{"type":"Polygon","coordinates":[[[-117.32122051220891,33.90900473125859],[-117.32007883146318,33.91069620051425],[-117.32125430710198,33.91232705174242],[-117.3235714780923,33.91226640928395],[-117.32471310511121,33.91057493151724],[-117.32353761486945,33.9089441047199],[-117.32122051220891,33.90900473125859],[-117.32122051220891,33.90900473125859]]]},"properties":{"h3":"8929a015207ffff","count":26,"c3":6,"c6":8,"c12":14,"c24":26,"score":15.1,"risk":29,"peakDay":"Wednesday","peakTime":"evening","hood":"Mission Grove","bk12":{"morning":5,"afternoon":5,"evening":3,"night":1},"bk24":{"morning":8,"afternoon":5,"evening":8,"night":5},"sv12":1,"recent":[{"d":"2026-07-29","day":"Wed","time":"14:23","desc":"Larceny","res":""},{"d":"2026-07-09","day":"Thu","time":"05:38","desc":"Larceny","res":""},{"d":"2026-07-07","day":"Tue","time":"10:14","desc":"Larceny","res":""},{"d":"2026-06-23","day":"Tue","time":"15:38","desc":"Larceny","res":""},{"d":"2026-06-21","day":"Sun","time":"13:17","desc":"Larceny","res":""},{"d":"2026-06-20","day":"Sat","time":"04:41","desc":"Larceny","res":""},{"d":"2026-03-06","day":"Fri","time":"17:12","desc":"Larceny","res":""},{"d":"2026-03-06","day":"Fri","time":"06:09","desc":"Larceny","res":""},{"d":"2026-01-10","day":"Sat","time":"14:18","desc":"Larceny","res":""},{"d":"2025-12-01","day":"Mon","time":"21:22","desc":"Larceny","res":""}]}},{"type":"Feature","geometry":{"type":"Polygon","coordinates":[[[-117.46027722218824,33.911934077409846],[-117.45913829261883,33.913626301705584],[-117.46031511847538,33.91525530977915],[-117.46263088807771,33.91519206905312],[-117.46376976358069,33.91349983643951],[-117.46259292355056,33.91187085286963],[-117.46027722218824,33.911934077409846],[-117.46027722218824,33.911934077409846]]]},"properties":{"h3":"8929a014c63ffff","count":3,"c3":0,"c6":0,"c12":1,"c24":3,"score":1.3,"risk":3,"peakDay":"Monday","peakTime":"evening","hood":"La Sierra","bk12":{"morning":0,"afternoon":0,"evening":0,"night":1},"bk24":{"morning":0,"afternoon":0,"evening":2,"night":1},"sv12":1,"recent":[{"d":"2026-01-12","day":"Mon","time":"01:12","desc":"Motor Vehicle Theft","res":""},{"d":"2025-04-02","day":"Wed","time":"20:50","desc":"Larceny","res":""},{"d":"2024-08-26","day":"Mon","time":"17:00","desc":"Larceny","res":""}]}},{"type":"Feature","geometry":{"type":"Polygon","coordinates":[[[-117.32793380107015,33.88556506454906],[-117.32679249300416,33.887256736987084],[-117.32796778687764,33.88888777454097],[-117.33028440339596,33.88882711520634],[-117.33142565774129,33.887135434257196],[-117.33025034929173,33.88550442115363],[-117.32793380107015,33.88556506454906],[-117.32793380107015,33.88556506454906]]]},"properties":{"h3":"8929a0156afffff","count":6,"c3":1,"c6":1,"c12":2,"c24":6,"score":2.8,"risk":5,"peakDay":"Monday","peakTime":"afternoon","hood":"Orangecrest","bk12":{"morning":2,"afternoon":0,"evening":0,"night":0},"bk24":{"morning":2,"afternoon":3,"evening":1,"night":0},"sv12":2,"recent":[{"d":"2026-05-18","day":"Mon","time":"05:49","desc":"Motor Vehicle Theft","res":""},{"d":"2025-12-06","day":"Sat","time":"11:31","desc":"Motor Vehicle Theft","res":""},{"d":"2025-04-24","day":"Thu","time":"16:00","desc":"Larceny","res":""},{"d":"2024-12-27","day":"Fri","time":"12:30","desc":"Motor Vehicle Theft","res":""},{"d":"2024-12-03","day":"Tue","time":"16:35","desc":"Larceny","res":""},{"d":"2024-08-26","day":"Mon","time":"17:15","desc":"Larceny","res":""}]}},{"type":"Feature","geometry":{"type":"Polygon","coordinates":[[[-117.34276210338936,33.97488918526728],[-117.34162018138359,33.97658030753663],[-117.34279655392504,33.978210107488636],[-117.34511486302846,33.97814876077299],[-117.34625673119177,33.97645763004823],[-117.34508034409689,33.974827854494364],[-117.34276210338936,33.97488918526728],[-117.34276210338936,33.97488918526728]]]},"properties":{"h3":"8929a002967ffff","count":21,"c3":7,"c6":7,"c12":14,"c24":21,"score":13,"risk":25,"peakDay":"Saturday","peakTime":"morning","hood":"University","bk12":{"morning":8,"afternoon":5,"evening":0,"night":1},"bk24":{"morning":9,"afternoon":6,"evening":2,"night":4},"sv12":9,"recent":[{"d":"2026-07-14","day":"Tue","time":"16:10","desc":"Larceny","res":""},{"d":"2026-07-09","day":"Thu","time":"04:40","desc":"Motor Vehicle Theft","res":""},{"d":"2026-06-23","day":"Tue","time":"15:33","desc":"Motor Vehicle Theft","res":""},{"d":"2026-06-13","day":"Sat","time":"08:32","desc":"Motor Vehicle Theft","res":""},{"d":"2026-06-12","day":"Fri","time":"06:27","desc":"Motor Vehicle Theft","res":""},{"d":"2026-06-12","day":"Fri","time":"06:27","desc":"Larceny","res":""},{"d":"2026-05-26","day":"Tue","time":"14:09","desc":"Motor Vehicle Theft","res":""},{"d":"2026-01-07","day":"Wed","time":"09:08","desc":"Larceny","res":""},{"d":"2025-12-02","day":"Tue","time":"09:32","desc":"Motor Vehicle Theft","res":""},{"d":"2025-11-22","day":"Sat","time":"11:08","desc":"Motor Vehicle Theft","res":""}]}},{"type":"Feature","geometry":{"type":"Polygon","coordinates":[[[-117.46771973750147,33.95491478098317],[-117.46658052001102,33.956606743035465],[-117.4677578678024,33.95823515015501],[-117.47007444724849,33.95817157074356],[-117.47121361061302,33.95647960040062],[-117.47003624866021,33.954851217759604],[-117.46771973750147,33.95491478098317],[-117.46771973750147,33.95491478098317]]]},"properties":{"h3":"8929a014b3bffff","count":1,"c3":0,"c6":0,"c12":0,"c24":1,"score":0.3,"risk":1,"peakDay":"Monday","peakTime":"evening","hood":"Arlanza","bk12":{"morning":0,"afternoon":0,"evening":0,"night":0},"bk24":{"morning":0,"afternoon":0,"evening":1,"night":0},"recent":[{"d":"2024-08-26","day":"Mon","time":"18:30","desc":"Larceny","res":""}]}},{"type":"Feature","geometry":{"type":"Polygon","coordinates":[[[-117.33210782610807,33.95357664939091],[-117.33096590855688,33.955267863612654],[-117.33214195571422,33.95689805204384],[-117.3344599350065,33.956837001846395],[-117.33560179876166,33.95514577914619],[-117.33442573702342,33.953515615121724],[-117.33210782610807,33.95357664939091],[-117.33210782610807,33.95357664939091]]]},"properties":{"h3":"8929a0028a7ffff","count":7,"c3":0,"c6":1,"c12":2,"c24":7,"score":3.2,"risk":6,"peakDay":"Monday","peakTime":"evening","hood":"Canyon Crest","bk12":{"morning":0,"afternoon":2,"evening":0,"night":0},"bk24":{"morning":2,"afternoon":2,"evening":2,"night":1},"sv12":1,"recent":[{"d":"2026-03-30","day":"Mon","time":"12:20","desc":"Larceny","res":""},{"d":"2025-08-13","day":"Wed","time":"14:43","desc":"Motor Vehicle Theft","res":""},{"d":"2025-07-11","day":"Fri","time":"09:07","desc":"Motor Vehicle Theft","res":""},{"d":"2025-05-20","day":"Tue","time":"23:00","desc":"Larceny","res":""},{"d":"2025-03-23","day":"Sun","time":"19:00","desc":"Motor Vehicle Theft","res":""},{"d":"2025-01-23","day":"Thu","time":"06:30","desc":"Larceny","res":""},{"d":"2024-08-26","day":"Mon","time":"20:00","desc":"Larceny","res":""}]}},{"type":"Feature","geometry":{"type":"Polygon","coordinates":[[[-117.39100931794974,33.93374029640617],[-117.38986877983567,33.93543198150499],[-117.39104517899403,33.93706163655531],[-117.39336213066278,33.936999582054796],[-117.39450261485692,33.93530788855096],[-117.39332620130509,33.9336782579525],[-117.39100931794974,33.93374029640617],[-117.39100931794974,33.93374029640617]]]},"properties":{"h3":"8929a01588bffff","count":4,"c3":1,"c6":1,"c12":2,"c24":4,"score":1.9,"risk":4,"peakDay":"Tuesday","peakTime":"morning","hood":"Casa Blanca","bk12":{"morning":1,"afternoon":0,"evening":1,"night":0},"bk24":{"morning":2,"afternoon":1,"evening":1,"night":0},"recent":[{"d":"2026-06-02","day":"Tue","time":"08:45","desc":"Larceny","res":""},{"d":"2025-08-21","day":"Thu","time":"17:00","desc":"Larceny","res":""},{"d":"2024-09-06","day":"Fri","time":"07:57","desc":"Larceny","res":""},{"d":"2024-08-27","day":"Tue","time":"15:40","desc":"Larceny","res":""}]}},{"type":"Feature","geometry":{"type":"Polygon","coordinates":[[[-117.4190303407203,33.95291895391954],[-117.41789016809986,33.954610659429754],[-117.41906703443571,33.95623972481282],[-117.42138408770634,33.956177060231546],[-117.42252420632047,33.95448534636256],[-117.42134732567305,33.95285630543344],[-117.4190303407203,33.95291895391954],[-117.4190303407203,33.95291895391954]]]},"properties":{"h3":"8929a015907ffff","count":3,"c3":0,"c6":0,"c12":1,"c24":3,"score":1.3,"risk":3,"peakDay":"Tuesday","peakTime":"afternoon","hood":"Airport","bk12":{"morning":1,"afternoon":0,"evening":0,"night":0},"bk24":{"morning":1,"afternoon":1,"evening":1,"night":0},"recent":[{"d":"2026-01-07","day":"Wed","time":"08:42","desc":"Larceny","res":""},{"d":"2025-04-17","day":"Thu","time":"18:00","desc":"Motor Vehicle Theft","res":""},{"d":"2024-08-27","day":"Tue","time":"15:53","desc":"Larceny","res":""}]}},{"type":"Feature","geometry":{"type":"Polygon","coordinates":[[[-117.30771811177773,33.94923244898135],[-117.30657575152541,33.95092355681237],[-117.30775152036344,33.95255411282736],[-117.31006966411191,33.95249353661474],[-117.31121197063166,33.95080242026992],[-117.31003618713837,33.94917188865137],[-117.30771811177773,33.94923244898135],[-117.30771811177773,33.94923244898135]]]},"properties":{"h3":"8929a0028cbffff","count":3,"c3":0,"c6":0,"c12":0,"c24":3,"score":1.1,"risk":2,"peakDay":"Wednesday","peakTime":"night","hood":"Canyon Crest","bk12":{"morning":0,"afternoon":0,"evening":0,"night":0},"bk24":{"morning":0,"afternoon":0,"evening":1,"night":2},"recent":[{"d":"2025-05-21","day":"Wed","time":"01:30","desc":"Larceny","res":""},{"d":"2025-05-21","day":"Wed","time":"01:25","desc":"Larceny","res":""},{"d":"2024-08-27","day":"Tue","time":"18:00","desc":"Larceny","res":""}]}},{"type":"Feature","geometry":{"type":"Polygon","coordinates":[[[-117.39468245901574,33.95191368500481],[-117.39354180932955,33.953605261784716],[-117.39471843423024,33.95523465602757],[-117.39703572320673,33.955172449048746],[-117.39817631894657,33.953480863876024],[-117.3969996796591,33.951851494074766],[-117.39468245901574,33.95191368500481],[-117.39468245901574,33.95191368500481]]]},"properties":{"h3":"8929a015b93ffff","count":7,"c3":0,"c6":1,"c12":5,"c24":7,"score":3.9,"risk":8,"peakDay":"Thursday","peakTime":"afternoon","hood":"Magnolia Center","bk12":{"morning":1,"afternoon":3,"evening":0,"night":1},"bk24":{"morning":2,"afternoon":3,"evening":1,"night":1},"sv12":3,"recent":[{"d":"2026-04-22","day":"Wed","time":"01:23","desc":"Motor Vehicle Theft","res":""},{"d":"2026-01-03","day":"Sat","time":"13:13","desc":"Motor Vehicle Theft","res":""},{"d":"2025-11-27","day":"Thu","time":"10:28","desc":"Motor Vehicle Theft","res":""},{"d":"2025-10-01","day":"Wed","time":"12:17","desc":"Larceny","res":""},{"d":"2025-08-15","day":"Fri","time":"12:22","desc":"Larceny","res":""},{"d":"2025-06-12","day":"Thu","time":"05:45","desc":"Larceny","res":""},{"d":"2024-08-27","day":"Tue","time":"19:05","desc":"Larceny","res":""}]}},{"type":"Feature","geometry":{"type":"Polygon","coordinates":[[[-117.39104517899403,33.93706163655531],[-117.38990460778211,33.938753298332124],[-117.3910810421593,33.94038291401224],[-117.39339806214542,33.94032084346571],[-117.39453857943413,33.93862917328526],[-117.39336213066278,33.936999582054796],[-117.39104517899403,33.93706163655531],[-117.39104517899403,33.93706163655531]]]},"properties":{"h3":"8929a015813ffff","count":1,"c3":0,"c6":0,"c12":0,"c24":1,"score":0.3,"risk":1,"peakDay":"Tuesday","peakTime":"evening","hood":"Casa Blanca","bk12":{"morning":0,"afternoon":0,"evening":0,"night":0},"bk24":{"morning":0,"afternoon":0,"evening":1,"night":0},"recent":[{"d":"2024-08-27","day":"Tue","time":"20:41","desc":"Larceny","res":""}]}},{"type":"Feature","geometry":{"type":"Polygon","coordinates":[[[-117.46730045297346,33.9183865806811],[-117.46616159855208,33.92007879842652],[-117.467338558481,33.921707639378376],[-117.46965438698756,33.921644238081576],[-117.47079318731927,33.91995201203057],[-117.46961621323689,33.91832319558176],[-117.46730045297346,33.9183865806811],[-117.46730045297346,33.9183865806811]]]},"properties":{"h3":"8929a014883ffff","count":4,"c3":0,"c6":0,"c12":0,"c24":4,"score":1.6,"risk":3,"peakDay":"Saturday","peakTime":"night","hood":"La Sierra","bk12":{"morning":0,"afternoon":0,"evening":0,"night":0},"bk24":{"morning":0,"afternoon":1,"evening":0,"night":3},"recent":[{"d":"2025-07-26","day":"Sat","time":"22:02","desc":"Larceny","res":""},{"d":"2025-07-26","day":"Sat","time":"22:02","desc":"Larceny","res":""},{"d":"2025-01-06","day":"Mon","time":"16:30","desc":"Larceny","res":""},{"d":"2024-08-27","day":"Tue","time":"22:00","desc":"Larceny","res":""}]}},{"type":"Feature","geometry":{"type":"Polygon","coordinates":[[[-117.42230346833824,33.93455973632041],[-117.42116354811645,33.93625159009844],[-117.42234025256282,33.93788082812295],[-117.42465689153062,33.93781818790115],[-117.42579675775589,33.93612632576166],[-117.42462003901271,33.93449711220526],[-117.42230346833824,33.93455973632041],[-117.42230346833824,33.93455973632041]]]},"properties":{"h3":"8929a015d23ffff","count":3,"c3":0,"c6":0,"c12":0,"c24":3,"score":1.1,"risk":2,"peakDay":"Wednesday","peakTime":"night","hood":"Ramona","bk12":{"morning":0,"afternoon":0,"evening":0,"night":0},"bk24":{"morning":0,"afternoon":0,"evening":1,"night":2},"recent":[{"d":"2025-05-18","day":"Sun","time":"22:20","desc":"Motor Vehicle Theft","res":""},{"d":"2025-04-29","day":"Tue","time":"17:12","desc":"Larceny","res":""},{"d":"2024-08-28","day":"Wed","time":"00:00","desc":"Larceny","res":""}]}},{"type":"Feature","geometry":{"type":"Polygon","coordinates":[[[-117.30362514533927,33.88786068391784],[-117.30248332882417,33.88955220366702],[-117.3036584149169,33.89118352979612],[-117.3059753321794,33.891123311740365],[-117.3071170950307,33.88943178344748],[-117.3059419942861,33.887800481753914],[-117.30362514533927,33.88786068391784],[-117.30362514533927,33.88786068391784]]]},"properties":{"h3":"8929a01564bffff","count":1,"c3":0,"c6":0,"c12":0,"c24":1,"score":0.3,"risk":1,"peakDay":"Wednesday","peakTime":"morning","hood":"Orangecrest","bk12":{"morning":0,"afternoon":0,"evening":0,"night":0},"bk24":{"morning":1,"afternoon":0,"evening":0,"night":0},"recent":[{"d":"2024-08-28","day":"Wed","time":"08:00","desc":"Larceny","res":""}]}},{"type":"Feature","geometry":{"type":"Polygon","coordinates":[[[-117.45674693499375,33.90704683192782],[-117.45560798437062,33.908739071066044],[-117.45678472556646,33.91036818234531],[-117.45910043157147,33.91030502998107],[-117.46023932814138,33.90861278251816],[-117.4590625727623,33.90698369574402],[-117.45674693499375,33.90704683192782],[-117.45674693499375,33.90704683192782]]]},"properties":{"h3":"8929a014c47ffff","count":50,"c3":11,"c6":15,"c12":23,"c24":50,"score":28.1,"risk":54,"peakDay":"Friday","peakTime":"evening","hood":"La Sierra","bk12":{"morning":3,"afternoon":7,"evening":11,"night":2},"bk24":{"morning":5,"afternoon":19,"evening":22,"night":4},"sv12":7,"recent":[{"d":"2026-08-04","day":"Tue","time":"13:46","desc":"Motor Vehicle Theft","res":""},{"d":"2026-07-26","day":"Sun","time":"01:31","desc":"Larceny","res":""},{"d":"2026-07-16","day":"Thu","time":"14:05","desc":"Larceny","res":""},{"d":"2026-07-15","day":"Wed","time":"17:39","desc":"Larceny","res":""},{"d":"2026-07-08","day":"Wed","time":"12:44","desc":"Motor Vehicle Theft","res":""},{"d":"2026-07-07","day":"Tue","time":"09:13","desc":"Larceny","res":""},{"d":"2026-06-20","day":"Sat","time":"19:31","desc":"Motor Vehicle Theft","res":""},{"d":"2026-06-17","day":"Wed","time":"18:03","desc":"Larceny","res":""},{"d":"2026-06-15","day":"Mon","time":"17:59","desc":"Motor Vehicle Theft","res":""},{"d":"2026-05-29","day":"Fri","time":"21:59","desc":"Larceny","res":""}]}},{"type":"Feature","geometry":{"type":"Polygon","coordinates":[[[-117.46745288852213,33.93167043989949],[-117.46631390210239,33.933362564815454],[-117.46749100304264,33.9349912481478],[-117.4698071045618,33.934927782069835],[-117.47094603687871,33.933235648853724],[-117.46976892178209,33.93160699001554],[-117.46745288852213,33.93167043989949],[-117.46745288852213,33.93167043989949]]]},"properties":{"h3":"8929a01483bffff","count":6,"c3":0,"c6":0,"c12":0,"c24":6,"score":1.8,"risk":4,"peakDay":"Thursday","peakTime":"night","hood":"Arlanza","bk12":{"morning":0,"afternoon":0,"evening":0,"night":0},"bk24":{"morning":1,"afternoon":0,"evening":1,"night":4},"recent":[{"d":"2025-02-28","day":"Fri","time":"22:00","desc":"Larceny","res":""},{"d":"2025-02-17","day":"Mon","time":"07:00","desc":"Motor Vehicle Theft","res":""},{"d":"2024-12-31","day":"Tue","time":"02:00","desc":"Motor Vehicle Theft","res":""},{"d":"2024-09-12","day":"Thu","time":"02:20","desc":"Motor Vehicle Theft","res":""},{"d":"2024-08-29","day":"Thu","time":"00:00","desc":"Larceny","res":""},{"d":"2024-08-08","day":"Thu","time":"17:00","desc":"Motor Vehicle Theft","res":""}]}},{"type":"Feature","geometry":{"type":"Polygon","coordinates":[[[-117.32515394059868,33.95375949502717],[-117.32401188229832,33.95545066882957],[-117.3251878650643,33.9570809454381],[-117.32750592073593,33.95702002384123],[-117.32864792525702,33.955328841550866],[-117.3274719278886,33.95369858934517],[-117.32515394059868,33.95375949502717],[-117.32515394059868,33.95375949502717]]]},"properties":{"h3":"8929a0028abffff","count":4,"c3":1,"c6":1,"c12":1,"c24":4,"score":1.7,"risk":3,"peakDay":"Thursday","peakTime":"afternoon","hood":"Canyon Crest","bk12":{"morning":0,"afternoon":1,"evening":0,"night":0},"bk24":{"morning":0,"afternoon":2,"evening":1,"night":1},"recent":[{"d":"2026-06-17","day":"Wed","time":"12:35","desc":"Larceny","res":""},{"d":"2024-11-21","day":"Thu","time":"22:00","desc":"Larceny","res":""},{"d":"2024-09-19","day":"Thu","time":"18:50","desc":"Larceny","res":""},{"d":"2024-08-29","day":"Thu","time":"13:08","desc":"Larceny","res":""}]}},{"type":"Feature","geometry":{"type":"Polygon","coordinates":[[[-117.43631409456859,33.94414614721946],[-117.43517435734512,33.945838011113864],[-117.43635129512757,33.947466954196855],[-117.43866798439208,33.947404008916195],[-117.43980766757592,33.94571213668346],[-117.4386307155376,33.944083218069565],[-117.43631409456859,33.94414614721946],[-117.43631409456859,33.94414614721946]]]},"properties":{"h3":"8929a014a73ffff","count":6,"c3":0,"c6":1,"c12":2,"c24":6,"score":2.6,"risk":5,"peakDay":"Wednesday","peakTime":"morning","hood":"Ramona","bk12":{"morning":1,"afternoon":1,"evening":0,"night":0},"bk24":{"morning":3,"afternoon":2,"evening":1,"night":0},"recent":[{"d":"2026-03-11","day":"Wed","time":"14:21","desc":"Larceny","res":""},{"d":"2025-11-07","day":"Fri","time":"07:18","desc":"Larceny","res":""},{"d":"2025-04-20","day":"Sun","time":"11:50","desc":"Larceny","res":""},{"d":"2024-11-17","day":"Sun","time":"10:20","desc":"Larceny","res":""},{"d":"2024-09-25","day":"Wed","time":"12:58","desc":"Larceny","res":""},{"d":"2024-08-29","day":"Thu","time":"17:27","desc":"Larceny","res":""}]}},{"type":"Feature","geometry":{"type":"Polygon","coordinates":[[[-117.3914756770134,33.97691282247526],[-117.39033470847744,33.97860420355301],[-117.3915115656447,33.9802333460232],[-117.39382940575382,33.980171082992456],[-117.39497032032719,33.97847969352728],[-117.3937934487568,33.9768505754801],[-117.3914756770134,33.97691282247526],[-117.3914756770134,33.97691282247526]]]},"properties":{"h3":"8929a00759bffff","count":7,"c3":2,"c6":2,"c12":3,"c24":7,"score":3.5,"risk":7,"peakDay":"Wednesday","peakTime":"evening","hood":"Downtown","bk12":{"morning":1,"afternoon":1,"evening":0,"night":1},"bk24":{"morning":2,"afternoon":1,"evening":3,"night":1},"recent":[{"d":"2026-05-18","day":"Mon","time":"08:30","desc":"Larceny","res":""},{"d":"2026-05-17","day":"Sun","time":"15:04","desc":"Larceny","res":""},{"d":"2025-09-24","day":"Wed","time":"23:31","desc":"Larceny","res":""},{"d":"2025-04-16","day":"Wed","time":"18:00","desc":"Motor Vehicle Theft","res":""},{"d":"2024-09-25","day":"Wed","time":"05:50","desc":"Larceny","res":""},{"d":"2024-09-03","day":"Tue","time":"20:00","desc":"Motor Vehicle Theft","res":""},{"d":"2024-08-29","day":"Thu","time":"18:00","desc":"Larceny","res":""}]}},{"type":"Feature","geometry":{"type":"Polygon","coordinates":[[[-117.33926752129531,33.97332060435415],[-117.3381255454571,33.97501171816267],[-117.33930186821793,33.976641581952656],[-117.34162018138359,33.97658030753663],[-117.34276210338936,33.97488918526728],[-117.34158576606468,33.973259345874624],[-117.33926752129531,33.97332060435415],[-117.33926752129531,33.97332060435415]]]},"properties":{"h3":"8929a002963ffff","count":24,"c3":7,"c6":9,"c12":16,"c24":24,"score":14.6,"risk":28,"peakDay":"Saturday","peakTime":"afternoon","hood":"University","bk12":{"morning":1,"afternoon":9,"evening":3,"night":3},"bk24":{"morning":3,"afternoon":9,"evening":5,"night":7},"sv12":5,"recent":[{"d":"2026-06-27","day":"Sat","time":"15:14","desc":"Larceny","res":""},{"d":"2026-06-25","day":"Thu","time":"21:20","desc":"Motor Vehicle Theft","res":""},{"d":"2026-06-20","day":"Sat","time":"07:50","desc":"Larceny","res":""},{"d":"2026-06-13","day":"Sat","time":"22:17","desc":"Motor Vehicle Theft","res":""},{"d":"2026-06-02","day":"Tue","time":"12:41","desc":"Larceny","res":""},{"d":"2026-05-25","day":"Mon","time":"22:43","desc":"Larceny","res":""},{"d":"2026-05-13","day":"Wed","time":"21:23","desc":"Larceny","res":""},{"d":"2026-04-15","day":"Wed","time":"23:15","desc":"Larceny","res":""},{"d":"2026-03-22","day":"Sun","time":"12:41","desc":"Motor Vehicle Theft","res":""},{"d":"2026-01-15","day":"Thu","time":"16:23","desc":"Motor Vehicle Theft","res":""}]}},{"type":"Feature","geometry":{"type":"Polygon","coordinates":[[[-117.31779534991433,33.91407908387811],[-117.31665354910888,33.915770497976794],[-117.31782904529865,33.917401334393176],[-117.3201463569116,33.917340732285126],[-117.32128810399368,33.915649309672645],[-117.32011259318904,33.91401849768185],[-117.31779534991433,33.91407908387811],[-117.31779534991433,33.91407908387811]]]},"properties":{"h3":"8929a015277ffff","count":32,"c3":1,"c6":3,"c12":10,"c24":32,"score":15.2,"risk":29,"peakDay":"Tuesday","peakTime":"afternoon","hood":"Mission Grove","bk12":{"morning":2,"afternoon":6,"evening":1,"night":1},"bk24":{"morning":5,"afternoon":11,"evening":9,"night":7},"sv12":2,"recent":[{"d":"2026-07-21","day":"Tue","time":"07:24","desc":"Motor Vehicle Theft","res":""},{"d":"2026-04-05","day":"Sun","time":"13:01","desc":"Larceny","res":""},{"d":"2026-03-08","day":"Sun","time":"18:35","desc":"Larceny","res":""},{"d":"2026-01-30","day":"Fri","time":"08:21","desc":"Larceny","res":""},{"d":"2026-01-21","day":"Wed","time":"14:16","desc":"Larceny","res":""},{"d":"2026-01-20","day":"Tue","time":"12:17","desc":"Larceny","res":""},{"d":"2026-01-20","day":"Tue","time":"03:24","desc":"Larceny","res":""},{"d":"2026-01-14","day":"Wed","time":"16:47","desc":"Larceny","res":""},{"d":"2026-01-06","day":"Tue","time":"15:40","desc":"Motor Vehicle Theft","res":""},{"d":"2025-09-27","day":"Sat","time":"16:35","desc":"Larceny","res":""}]}},{"type":"Feature","geometry":{"type":"Polygon","coordinates":[[[-117.27980147741411,33.93998988966605],[-117.27865865442816,33.94168090574162],[-117.27983405943691,33.943311932079475],[-117.2821523021737,33.94325191795418],[-117.28329507150391,33.94156089332277],[-117.28211965175589,33.93992989137234],[-117.27980147741411,33.93998988966605],[-117.27980147741411,33.93998988966605]]]},"properties":{"h3":"8929a002327ffff","count":15,"c3":0,"c6":0,"c12":2,"c24":15,"score":5.2,"risk":10,"peakDay":"Sunday","peakTime":"afternoon","hood":"Sycamore Canyon/Canyon Springs","bk12":{"morning":0,"afternoon":1,"evening":1,"night":0},"bk24":{"morning":4,"afternoon":7,"evening":4,"night":0},"recent":[{"d":"2025-09-16","day":"Tue","time":"13:53","desc":"Larceny","res":""},{"d":"2025-08-28","day":"Thu","time":"21:16","desc":"Larceny","res":""},{"d":"2025-07-07","day":"Mon","time":"20:50","desc":"Larceny","res":""},{"d":"2025-03-09","day":"Sun","time":"10:00","desc":"Motor Vehicle Theft","res":""},{"d":"2025-02-17","day":"Mon","time":"09:50","desc":"Larceny","res":""},{"d":"2025-01-19","day":"Sun","time":"12:45","desc":"Larceny","res":""},{"d":"2024-12-13","day":"Fri","time":"13:30","desc":"Larceny","res":""},{"d":"2024-12-07","day":"Sat","time":"12:00","desc":"Larceny","res":""},{"d":"2024-11-17","day":"Sun","time":"19:30","desc":"Larceny","res":""},{"d":"2024-10-23","day":"Wed","time":"08:30","desc":"Motor Vehicle Theft","res":""}]}},{"type":"Feature","geometry":{"type":"Polygon","coordinates":[[[-117.40156168994304,33.94508494971531],[-117.40042124744078,33.94677661335001],[-117.40159786587223,33.94840599811939],[-117.40391494117247,33.94834369480404],[-117.40505532971832,33.946652022783354],[-117.40387869692316,33.94502266246384],[-117.40156168994304,33.94508494971531],[-117.40156168994304,33.94508494971531]]]},"properties":{"h3":"8929a015837ffff","count":11,"c3":0,"c6":1,"c12":1,"c24":11,"score":4.3,"risk":8,"peakDay":"Monday","peakTime":"afternoon","hood":"Magnolia Center","bk12":{"morning":0,"afternoon":0,"evening":1,"night":0},"bk24":{"morning":3,"afternoon":4,"evening":2,"night":2},"recent":[{"d":"2026-03-07","day":"Sat","time":"19:11","desc":"Larceny","res":""},{"d":"2025-07-27","day":"Sun","time":"21:30","desc":"Motor Vehicle Theft","res":""},{"d":"2025-03-31","day":"Mon","time":"12:54","desc":"Motor Vehicle Theft","res":""},{"d":"2025-03-24","day":"Mon","time":"03:00","desc":"Motor Vehicle Theft","res":""},{"d":"2025-03-11","day":"Tue","time":"10:35","desc":"Larceny","res":""},{"d":"2025-03-11","day":"Tue","time":"00:30","desc":"Larceny","res":""},{"d":"2025-02-25","day":"Tue","time":"12:24","desc":"Motor Vehicle Theft","res":""},{"d":"2025-01-06","day":"Mon","time":"14:40","desc":"Larceny","res":""},{"d":"2024-12-02","day":"Mon","time":"08:58","desc":"Larceny","res":""},{"d":"2024-11-05","day":"Tue","time":"14:00","desc":"Motor Vehicle Theft","res":""}]}},{"type":"Feature","geometry":{"type":"Polygon","coordinates":[[[-117.49865860195088,33.92582925912662],[-117.49752030062241,33.92752159780099],[-117.49869763436908,33.929149942319576],[-117.50101328350542,33.92908592364901],[-117.5021515306614,33.927393576715424],[-117.5009741828564,33.92576525671145],[-117.49865860195088,33.92582925912662],[-117.49865860195088,33.92582925912662]]]},"properties":{"h3":"8929a0ab25bffff","count":5,"c3":0,"c6":0,"c12":0,"c24":5,"score":1.5,"risk":3,"peakDay":"Saturday","peakTime":"morning","hood":"La Sierra Hills","bk12":{"morning":0,"afternoon":0,"evening":0,"night":0},"bk24":{"morning":3,"afternoon":0,"evening":1,"night":1},"recent":[{"d":"2025-03-02","day":"Sun","time":"01:43","desc":"Motor Vehicle Theft","res":""},{"d":"2025-02-15","day":"Sat","time":"17:00","desc":"Larceny","res":""},{"d":"2024-10-30","day":"Wed","time":"10:30","desc":"Larceny","res":""},{"d":"2024-08-31","day":"Sat","time":"10:18","desc":"Larceny","res":""},{"d":"2024-08-23","day":"Fri","time":"11:40","desc":"Motor Vehicle Theft","res":""}]}},{"type":"Feature","geometry":{"type":"Polygon","coordinates":[[[-117.47033485544192,33.88009510011971],[-117.46919645088241,33.88178760364696],[-117.47037303734969,33.8834168527127],[-117.47268804251362,33.88335357372039],[-117.47382639301314,33.881661061876635],[-117.47264979241147,33.88003183734152],[-117.47033485544192,33.88009510011971],[-117.47033485544192,33.88009510011971]]]},"properties":{"h3":"8929a016aabffff","count":2,"c3":0,"c6":0,"c12":0,"c24":2,"score":0.6,"risk":1,"peakDay":"Saturday","peakTime":"afternoon","hood":"La Sierra South","bk12":{"morning":0,"afternoon":0,"evening":0,"night":0},"bk24":{"morning":1,"afternoon":1,"evening":0,"night":0},"recent":[{"d":"2024-12-16","day":"Mon","time":"05:00","desc":"Larceny","res":""},{"d":"2024-08-31","day":"Sat","time":"15:09","desc":"Larceny","res":""}]}},{"type":"Feature","geometry":{"type":"Polygon","coordinates":[[[-117.31473949114549,33.95569380895313],[-117.31359720516758,33.95738491034279],[-117.31477310886743,33.959015299511364],[-117.31709131318323,33.95895456289422],[-117.31823354540528,33.95726345300299],[-117.3170576270702,33.9556330882303],[-117.31473949114549,33.95569380895313],[-117.31473949114549,33.95569380895313]]]},"properties":{"h3":"8929a00280bffff","count":18,"c3":3,"c6":4,"c12":8,"c24":18,"score":8.9,"risk":17,"peakDay":"Monday","peakTime":"afternoon","hood":"Canyon Crest","bk12":{"morning":3,"afternoon":3,"evening":2,"night":0},"bk24":{"morning":5,"afternoon":6,"evening":5,"night":2},"sv12":4,"recent":[{"d":"2026-07-20","day":"Mon","time":"09:52","desc":"Motor Vehicle Theft","res":""},{"d":"2026-07-08","day":"Wed","time":"05:07","desc":"Motor Vehicle Theft","res":""},{"d":"2026-05-18","day":"Mon","time":"12:31","desc":"Motor Vehicle Theft","res":""},{"d":"2026-03-16","day":"Mon","time":"21:59","desc":"Larceny","res":""},{"d":"2026-01-14","day":"Wed","time":"16:56","desc":"Larceny","res":""},{"d":"2026-01-04","day":"Sun","time":"08:17","desc":"Motor Vehicle Theft","res":""},{"d":"2025-11-21","day":"Fri","time":"18:59","desc":"Larceny","res":""},{"d":"2025-10-16","day":"Thu","time":"14:55","desc":"Larceny","res":""},{"d":"2025-01-20","day":"Mon","time":"18:00","desc":"Larceny","res":""},{"d":"2024-12-21","day":"Sat","time":"01:30","desc":"Larceny","res":""}]}},{"type":"Feature","geometry":{"type":"Polygon","coordinates":[[[-117.36023569898258,33.98273004762127],[-117.35909404628904,33.98442121211334],[-117.36027066762013,33.98605069274887],[-117.36258895614891,33.98598898448988],[-117.36373055495002,33.98429781156959],[-117.36255391911757,33.98266835533634],[-117.36023569898258,33.98273004762127],[-117.36023569898258,33.98273004762127]]]},"properties":{"h3":"8929a00747bffff","count":4,"c3":1,"c6":1,"c12":2,"c24":4,"score":2.1,"risk":4,"peakDay":"Saturday","peakTime":"night","hood":"Hunter Industrial Park","bk12":{"morning":2,"afternoon":0,"evening":0,"night":0},"bk24":{"morning":2,"afternoon":0,"evening":0,"night":2},"sv12":1,"recent":[{"d":"2026-07-25","day":"Sat","time":"08:44","desc":"Larceny","res":""},{"d":"2025-09-27","day":"Sat","time":"07:46","desc":"Motor Vehicle Theft","res":""},{"d":"2024-08-31","day":"Sat","time":"22:00","desc":"Motor Vehicle Theft","res":""},{"d":"2024-08-31","day":"Sat","time":"22:00","desc":"Larceny","res":""}]}},{"type":"Feature","geometry":{"type":"Polygon","coordinates":[[[-117.45355614584305,33.932050241488774],[-117.45241687707437,33.933742286681564],[-117.45359385077379,33.93537114680742],[-117.4559101074441,33.93530793725387],[-117.45704932214309,33.93361588374186],[-117.45587233424428,33.93198704810248],[-117.45355614584305,33.932050241488774],[-117.45355614584305,33.932050241488774]]]},"properties":{"h3":"8929a01484fffff","count":16,"c3":1,"c6":1,"c12":3,"c24":16,"score":6.6,"risk":13,"peakDay":"Thursday","peakTime":"morning","hood":"Arlanza","bk12":{"morning":1,"afternoon":0,"evening":1,"night":1},"bk24":{"morning":8,"afternoon":4,"evening":3,"night":1},"sv12":2,"recent":[{"d":"2026-07-28","day":"Tue","time":"03:02","desc":"Motor Vehicle Theft","res":""},{"d":"2025-08-20","day":"Wed","time":"09:46","desc":"Larceny","res":""},{"d":"2025-08-14","day":"Thu","time":"18:00","desc":"Motor Vehicle Theft","res":""},{"d":"2025-07-08","day":"Tue","time":"05:32","desc":"Larceny","res":""},{"d":"2025-07-01","day":"Tue","time":"05:53","desc":"Motor Vehicle Theft","res":""},{"d":"2025-03-30","day":"Sun","time":"14:41","desc":"Motor Vehicle Theft","res":""},{"d":"2025-03-15","day":"Sat","time":"15:10","desc":"Larceny","res":""},{"d":"2025-03-06","day":"Thu","time":"10:00","desc":"Larceny","res":""},{"d":"2025-02-20","day":"Thu","time":"10:45","desc":"Larceny","res":""},{"d":"2025-01-13","day":"Mon","time":"21:00","desc":"Larceny","res":""}]}},{"type":"Feature","geometry":{"type":"Polygon","coordinates":[[[-117.41859018535779,33.913064811880375],[-117.41745040949256,33.91475679680689],[-117.41862685304322,33.916386334832346],[-117.42094308676472,33.91632386345042],[-117.42208280866313,33.91463187014881],[-117.42090635080964,33.91300235660404],[-117.41859018535779,33.913064811880375],[-117.41859018535779,33.913064811880375]]]},"properties":{"h3":"8929a01432bffff","count":3,"c3":1,"c6":1,"c12":1,"c24":3,"score":1.4,"risk":3,"peakDay":"Sunday","peakTime":"afternoon","hood":"Arlington Heights","bk12":{"morning":1,"afternoon":0,"evening":0,"night":0},"bk24":{"morning":1,"afternoon":1,"evening":1,"night":0},"recent":[{"d":"2026-06-05","day":"Fri","time":"05:22","desc":"Larceny","res":""},{"d":"2024-11-07","day":"Thu","time":"20:00","desc":"Motor Vehicle Theft","res":""},{"d":"2024-09-01","day":"Sun","time":"16:00","desc":"Larceny","res":""}]}},{"type":"Feature","geometry":{"type":"Polygon","coordinates":[[[-117.47739475500711,33.88987010853663],[-117.47625639264778,33.89156258254713],[-117.47743314829992,33.893191625389086],[-117.47974828042925,33.89312816969261],[-117.4808865887021,33.89143568737923],[-117.47970981893494,33.88980666906504],[-117.47739475500711,33.88987010853663],[-117.47739475500711,33.88987010853663]]]},"properties":{"h3":"8929a016b53ffff","count":4,"c3":1,"c6":3,"c12":3,"c24":4,"score":2.6,"risk":5,"peakDay":"Sunday","peakTime":"afternoon","hood":"La Sierra South","bk12":{"morning":0,"afternoon":2,"evening":0,"night":1},"bk24":{"morning":0,"afternoon":2,"evening":1,"night":1},"sv12":1,"recent":[{"d":"2026-05-12","day":"Tue","time":"14:11","desc":"Motor Vehicle Theft","res":""},{"d":"2026-03-09","day":"Mon","time":"14:05","desc":"Larceny","res":""},{"d":"2026-03-06","day":"Fri","time":"03:55","desc":"Larceny","res":""},{"d":"2024-09-01","day":"Sun","time":"18:00","desc":"Larceny","res":""}]}},{"type":"Feature","geometry":{"type":"Polygon","coordinates":[[[-117.47820149098213,33.95960883051862],[-117.47706243589934,33.9613008174265],[-117.47823993197305,33.962929032597074],[-117.48055649726246,33.96286523637869],[-117.48169549818945,33.9611732411965],[-117.4805179879856,33.95954505050683],[-117.47820149098213,33.95960883051862],[-117.47820149098213,33.95960883051862]]]},"properties":{"h3":"8929a0a9653ffff","count":3,"c3":1,"c6":1,"c12":1,"c24":3,"score":1.5,"risk":3,"peakDay":"Sunday","peakTime":"evening","hood":"Arlanza","bk12":{"morning":1,"afternoon":0,"evening":0,"night":0},"bk24":{"morning":1,"afternoon":0,"evening":1,"night":1},"recent":[{"d":"2026-06-03","day":"Wed","time":"11:32","desc":"Larceny","res":""},{"d":"2025-03-24","day":"Mon","time":"04:42","desc":"Larceny","res":""},{"d":"2024-09-01","day":"Sun","time":"19:52","desc":"Larceny","res":""}]}},{"type":"Feature","geometry":{"type":"Polygon","coordinates":[[[-117.46737666624149,33.92502863549423],[-117.46623774582476,33.926720806846355],[-117.46741477625517,33.92834956900812],[-117.46973074125994,33.928286135319006],[-117.47086960758048,33.92659395566403],[-117.46969256299516,33.92496521800085],[-117.46737666624149,33.92502863549423],[-117.46737666624149,33.92502863549423]]]},"properties":{"h3":"8929a014817ffff","count":4,"c3":1,"c6":2,"c12":2,"c24":4,"score":2.3,"risk":4,"peakDay":"Sunday","peakTime":"night","hood":"Arlanza","bk12":{"morning":1,"afternoon":1,"evening":0,"night":0},"bk24":{"morning":1,"afternoon":1,"evening":1,"night":1},"sv12":2,"recent":[{"d":"2026-07-01","day":"Wed","time":"13:06","desc":"Motor Vehicle Theft","res":""},{"d":"2026-04-04","day":"Sat","time":"08:06","desc":"Motor Vehicle Theft","res":""},{"d":"2024-11-26","day":"Tue","time":"21:00","desc":"Motor Vehicle Theft","res":""},{"d":"2024-09-01","day":"Sun","time":"22:00","desc":"Larceny","res":""}]}},{"type":"Feature","geometry":{"type":"Polygon","coordinates":[[[-117.45697371194645,33.92697399632087],[-117.45583456327785,33.92866609630368],[-117.4570115159271,33.93029497134972],[-117.4593276314353,33.93023172192101],[-117.4604667260309,33.9285396136217],[-117.45928975919405,33.926910763067404],[-117.45697371194645,33.92697399632087],[-117.45697371194645,33.92697399632087]]]},"properties":{"h3":"8929a014857ffff","count":6,"c3":0,"c6":0,"c12":2,"c24":6,"score":2.3,"risk":4,"peakDay":"Monday","peakTime":"morning","hood":"Arlanza","bk12":{"morning":1,"afternoon":0,"evening":0,"night":1},"bk24":{"morning":3,"afternoon":0,"evening":0,"night":3},"recent":[{"d":"2025-10-03","day":"Fri","time":"01:14","desc":"Larceny","res":""},{"d":"2025-09-29","day":"Mon","time":"09:14","desc":"Larceny","res":""},{"d":"2025-01-02","day":"Thu","time":"01:17","desc":"Motor Vehicle Theft","res":""},{"d":"2024-10-18","day":"Fri","time":"09:30","desc":"Larceny","res":""},{"d":"2024-10-08","day":"Tue","time":"02:30","desc":"Motor Vehicle Theft","res":""},{"d":"2024-09-02","day":"Mon","time":"07:50","desc":"Larceny","res":""}]}},{"type":"Feature","geometry":{"type":"Polygon","coordinates":[[[-117.41542676275863,33.941389569487825],[-117.41428663536641,33.943081336628374],[-117.4154633464203,33.94471058417613],[-117.41778019918897,33.94464804012337],[-117.41892027259472,33.94295626461453],[-117.41774354722104,33.941327041526584],[-117.41542676275863,33.941389569487825],[-117.41542676275863,33.941389569487825]]]},"properties":{"h3":"8929a01599bffff","count":6,"c3":0,"c6":0,"c12":0,"c24":6,"score":2.1,"risk":4,"peakDay":"Thursday","peakTime":"evening","hood":"Ramona","bk12":{"morning":0,"afternoon":0,"evening":0,"night":0},"bk24":{"morning":2,"afternoon":0,"evening":3,"night":1},"recent":[{"d":"2025-05-09","day":"Fri","time":"00:00","desc":"Larceny","res":""},{"d":"2025-05-08","day":"Thu","time":"18:00","desc":"Motor Vehicle Theft","res":""},{"d":"2025-03-13","day":"Thu","time":"19:00","desc":"Larceny","res":""},{"d":"2024-12-26","day":"Thu","time":"19:30","desc":"Larceny","res":""},{"d":"2024-09-02","day":"Mon","time":"09:00","desc":"Larceny","res":""},{"d":"2024-09-02","day":"Mon","time":"07:51","desc":"Larceny","res":""}]}},{"type":"Feature","geometry":{"type":"Polygon","coordinates":[[[-117.32864792525702,33.955328841550866],[-117.32750592073593,33.95702002384123],[-117.32868195330127,33.95865023667611],[-117.3310000049825,33.95858924281676],[-117.33214195571422,33.95689805204384],[-117.33096590855688,33.955267863612654],[-117.32864792525702,33.955328841550866],[-117.32864792525702,33.955328841550866]]]},"properties":{"h3":"8929a0028afffff","count":26,"c3":4,"c6":6,"c12":10,"c24":26,"score":13.1,"risk":25,"peakDay":"Tuesday","peakTime":"morning","hood":"Canyon Crest","bk12":{"morning":5,"afternoon":3,"evening":2,"night":0},"bk24":{"morning":10,"afternoon":6,"evening":7,"night":3},"sv12":3,"recent":[{"d":"2026-07-13","day":"Mon","time":"14:48","desc":"Motor Vehicle Theft","res":""},{"d":"2026-07-07","day":"Tue","time":"15:38","desc":"Larceny","res":""},{"d":"2026-06-22","day":"Mon","time":"19:47","desc":"Motor Vehicle Theft","res":""},{"d":"2026-06-22","day":"Mon","time":"13:12","desc":"Larceny","res":""},{"d":"2026-04-23","day":"Thu","time":"20:13","desc":"Larceny","res":""},{"d":"2026-03-31","day":"Tue","time":"05:35","desc":"Motor Vehicle Theft","res":""},{"d":"2026-01-20","day":"Tue","time":"09:20","desc":"Larceny","res":""},{"d":"2025-11-05","day":"Wed","time":"08:45","desc":"Larceny","res":""},{"d":"2025-08-21","day":"Thu","time":"11:00","desc":"Larceny","res":""},{"d":"2025-08-20","day":"Wed","time":"08:00","desc":"Larceny","res":""}]}},{"type":"Feature","geometry":{"type":"Polygon","coordinates":[[[-117.4154633464203,33.94471058417613],[-117.41432318595517,33.94640232799587],[-117.41549993224565,33.94803153612994],[-117.41781685332462,33.94796897598652],[-117.41895695980001,33.946277223799854],[-117.41778019918897,33.94464804012337],[-117.4154633464203,33.94471058417613],[-117.4154633464203,33.94471058417613]]]},"properties":{"h3":"8929a01598bffff","count":6,"c3":0,"c6":0,"c12":2,"c24":6,"score":2.7,"risk":5,"peakDay":"Friday","peakTime":"night","hood":"Ramona","bk12":{"morning":1,"afternoon":0,"evening":0,"night":1},"bk24":{"morning":2,"afternoon":1,"evening":0,"night":3},"sv12":1,"recent":[{"d":"2026-01-23","day":"Fri","time":"07:47","desc":"Larceny","res":""},{"d":"2025-08-08","day":"Fri","time":"22:00","desc":"Motor Vehicle Theft","res":""},{"d":"2025-07-30","day":"Wed","time":"00:42","desc":"Motor Vehicle Theft","res":""},{"d":"2025-06-07","day":"Sat","time":"16:39","desc":"Motor Vehicle Theft","res":""},{"d":"2024-10-24","day":"Thu","time":"10:26","desc":"Motor Vehicle Theft","res":""},{"d":"2024-09-03","day":"Tue","time":"03:16","desc":"Larceny","res":""}]}},{"type":"Feature","geometry":{"type":"Polygon","coordinates":[[[-117.49822939760125,33.889297616892314],[-117.49709145874203,33.89099020986321],[-117.49826840464809,33.89261898756036],[-117.50058330346666,33.89255514774724],[-117.50172118818976,33.89086254650212],[-117.50054422823322,33.889233793344175],[-117.49822939760125,33.889297616892314],[-117.49822939760125,33.889297616892314]]]},"properties":{"h3":"8929a016ba3ffff","count":10,"c3":0,"c6":0,"c12":5,"c24":10,"score":4.5,"risk":9,"peakDay":"Wednesday","peakTime":"night","hood":"La Sierra South","bk12":{"morning":3,"afternoon":1,"evening":0,"night":1},"bk24":{"morning":3,"afternoon":2,"evening":1,"night":4},"sv12":1,"recent":[{"d":"2026-01-31","day":"Sat","time":"08:42","desc":"Motor Vehicle Theft","res":""},{"d":"2026-01-15","day":"Thu","time":"05:45","desc":"Larceny","res":""},{"d":"2025-09-20","day":"Sat","time":"10:22","desc":"Larceny","res":""},{"d":"2025-08-18","day":"Mon","time":"16:30","desc":"Larceny","res":""},{"d":"2025-08-13","day":"Wed","time":"23:00","desc":"Larceny","res":""},{"d":"2025-03-05","day":"Wed","time":"00:00","desc":"Motor Vehicle Theft","res":""},{"d":"2025-02-26","day":"Wed","time":"22:30","desc":"Motor Vehicle Theft","res":""},{"d":"2024-11-27","day":"Wed","time":"21:00","desc":"Motor Vehicle Theft","res":""},{"d":"2024-09-03","day":"Tue","time":"15:00","desc":"Larceny","res":""},{"d":"2024-08-26","day":"Mon","time":"00:00","desc":"Motor Vehicle Theft","res":""}]}},{"type":"Feature","geometry":{"type":"Polygon","coordinates":[[[-117.4359050335722,33.907613135026516],[-117.43476565976522,33.909305254597236],[-117.43594220994267,33.91093463086742],[-117.43825814817781,33.91087186307307],[-117.43939746798137,33.90917973514905],[-117.43822090355606,33.907550383372495],[-117.4359050335722,33.907613135026516],[-117.4359050335722,33.907613135026516]]]},"properties":{"h3":"8929a014ed7ffff","count":18,"c3":4,"c6":5,"c12":9,"c24":18,"score":9.4,"risk":18,"peakDay":"Tuesday","peakTime":"evening","hood":"Arlington South","bk12":{"morning":2,"afternoon":2,"evening":4,"night":1},"bk24":{"morning":5,"afternoon":2,"evening":7,"night":4},"sv12":2,"recent":[{"d":"2026-08-01","day":"Sat","time":"14:08","desc":"Larceny","res":""},{"d":"2026-07-17","day":"Fri","time":"22:16","desc":"Larceny","res":""},{"d":"2026-05-24","day":"Sun","time":"18:49","desc":"Motor Vehicle Theft","res":""},{"d":"2026-05-08","day":"Fri","time":"19:19","desc":"Larceny","res":""},{"d":"2026-03-17","day":"Tue","time":"17:58","desc":"Motor Vehicle Theft","res":""},{"d":"2025-10-09","day":"Thu","time":"07:27","desc":"Larceny","res":""},{"d":"2025-10-01","day":"Wed","time":"20:22","desc":"Larceny","res":""},{"d":"2025-08-21","day":"Thu","time":"07:00","desc":"Larceny","res":""},{"d":"2025-08-14","day":"Thu","time":"12:00","desc":"Larceny","res":""},{"d":"2025-03-08","day":"Sat","time":"11:08","desc":"Larceny","res":""}]}},{"type":"Feature","geometry":{"type":"Polygon","coordinates":[[[-117.34992471403264,33.99462936585978],[-117.3487827338337,33.9963203873821],[-117.34995938205759,33.99794986220608],[-117.3522780250196,33.99788829111879],[-117.35341995133975,33.99619726115866],[-117.35224328857949,33.994567810723424],[-117.34992471403264,33.99462936585978],[-117.34992471403264,33.99462936585978]]]},"properties":{"h3":"8929a007623ffff","count":9,"c3":1,"c6":1,"c12":6,"c24":9,"score":4.8,"risk":9,"peakDay":"Saturday","peakTime":"evening","hood":"Hunter Industrial Park","bk12":{"morning":2,"afternoon":1,"evening":2,"night":1},"bk24":{"morning":3,"afternoon":1,"evening":3,"night":2},"sv12":4,"recent":[{"d":"2026-06-27","day":"Sat","time":"09:33","desc":"Motor Vehicle Theft","res":""},{"d":"2026-02-04","day":"Wed","time":"20:39","desc":"Motor Vehicle Theft","res":""},{"d":"2025-11-08","day":"Sat","time":"11:27","desc":"Larceny","res":""},{"d":"2025-09-27","day":"Sat","time":"17:26","desc":"Motor Vehicle Theft","res":""},{"d":"2025-09-27","day":"Sat","time":"14:39","desc":"Motor Vehicle Theft","res":""},{"d":"2025-08-15","day":"Fri","time":"04:00","desc":"Larceny","res":""},{"d":"2025-03-29","day":"Sat","time":"09:18","desc":"Motor Vehicle Theft","res":""},{"d":"2024-09-23","day":"Mon","time":"22:00","desc":"Larceny","res":""},{"d":"2024-09-03","day":"Tue","time":"17:07","desc":"Larceny","res":""}]}},{"type":"Feature","geometry":{"type":"Polygon","coordinates":[[[-117.40498277719193,33.94000984869853],[-117.40384245481741,33.94170156738482],[-117.40501905238239,33.943330967105005],[-117.40733598667646,33.943268623683615],[-117.40847625509112,33.94157689661406],[-117.40729964317437,33.939947521349026],[-117.40498277719193,33.94000984869853],[-117.40498277719193,33.94000984869853]]]},"properties":{"h3":"8929a0158a7ffff","count":10,"c3":1,"c6":2,"c12":3,"c24":10,"score":4.7,"risk":9,"peakDay":"Monday","peakTime":"night","hood":"Magnolia Center","bk12":{"morning":1,"afternoon":1,"evening":0,"night":1},"bk24":{"morning":3,"afternoon":2,"evening":2,"night":3},"recent":[{"d":"2026-06-20","day":"Sat","time":"11:48","desc":"Larceny","res":""},{"d":"2026-05-03","day":"Sun","time":"12:40","desc":"Larceny","res":""},{"d":"2026-01-29","day":"Thu","time":"01:20","desc":"Larceny","res":""},{"d":"2025-03-26","day":"Wed","time":"13:00","desc":"Motor Vehicle Theft","res":""},{"d":"2025-02-17","day":"Mon","time":"11:09","desc":"Larceny","res":""},{"d":"2025-02-17","day":"Mon","time":"09:09","desc":"Larceny","res":""},{"d":"2025-01-24","day":"Fri","time":"01:00","desc":"Larceny","res":""},{"d":"2024-10-26","day":"Sat","time":"23:00","desc":"Larceny","res":""},{"d":"2024-09-03","day":"Tue","time":"18:30","desc":"Larceny","res":""},{"d":"2024-08-12","day":"Mon","time":"18:30","desc":"Motor Vehicle Theft","res":""}]}},{"type":"Feature","geometry":{"type":"Polygon","coordinates":[[[-117.4919058649899,33.942624043278975],[-117.49076725749886,33.94431622618149],[-117.49194470418612,33.94594446188785],[-117.4942607724507,33.94588049019183],[-117.49539932576933,33.94418829902735],[-117.49422186499861,33.942560087820674],[-117.4919058649899,33.942624043278975],[-117.4919058649899,33.942624043278975]]]},"properties":{"h3":"8929a01493bffff","count":4,"c3":0,"c6":0,"c12":2,"c24":4,"score":1.8,"risk":4,"peakDay":"Tuesday","peakTime":"night","hood":"La Sierra Acres","bk12":{"morning":0,"afternoon":0,"evening":1,"night":1},"bk24":{"morning":0,"afternoon":1,"evening":1,"night":2},"sv12":2,"recent":[{"d":"2025-11-22","day":"Sat","time":"19:03","desc":"Motor Vehicle Theft","res":""},{"d":"2025-09-02","day":"Tue","time":"03:55","desc":"Motor Vehicle Theft","res":""},{"d":"2025-04-29","day":"Tue","time":"16:02","desc":"Motor Vehicle Theft","res":""},{"d":"2024-09-04","day":"Wed","time":"00:00","desc":"Larceny","res":""}]}},{"type":"Feature","geometry":{"type":"Polygon","coordinates":[[[-117.35300285167412,33.956347057299624],[-117.35186132336514,33.95803836919249],[-117.35303759867004,33.95966825361792],[-117.35535541680358,33.95960680173417],[-117.35649689126303,33.95791548139275],[-117.3553206014412,33.95628562138347],[-117.35300285167412,33.956347057299624],[-117.35300285167412,33.956347057299624]]]},"properties":{"h3":"8929a015a4bffff","count":3,"c3":1,"c6":2,"c12":2,"c24":3,"score":1.9,"risk":4,"peakDay":"Wednesday","peakTime":"night","hood":"Victoria","bk12":{"morning":1,"afternoon":1,"evening":0,"night":0},"bk24":{"morning":1,"afternoon":1,"evening":0,"night":1},"sv12":1,"recent":[{"d":"2026-05-08","day":"Fri","time":"16:20","desc":"Motor Vehicle Theft","res":""},{"d":"2026-03-24","day":"Tue","time":"09:49","desc":"Larceny","res":""},{"d":"2024-09-04","day":"Wed","time":"00:00","desc":"Larceny","res":""}]}},{"type":"Feature","geometry":{"type":"Polygon","coordinates":[[[-117.49136235727997,33.89613160799198],[-117.49022421132608,33.897824115181244],[-117.49140116434408,33.89945290261262],[-117.49371627739222,33.89938915832366],[-117.49485436921988,33.89769664285338],[-117.49367740212848,33.89606787995292],[-117.49136235727997,33.89613160799198],[-117.49136235727997,33.89613160799198]]]},"properties":{"h3":"8929a016b3bffff","count":26,"c3":3,"c6":4,"c12":13,"c24":26,"score":13.7,"risk":27,"peakDay":"Wednesday","peakTime":"morning","hood":"La Sierra","bk12":{"morning":8,"afternoon":4,"evening":0,"night":1},"bk24":{"morning":11,"afternoon":6,"evening":6,"night":3},"sv12":6,"recent":[{"d":"2026-07-31","day":"Fri","time":"12:13","desc":"Larceny","res":""},{"d":"2026-07-15","day":"Wed","time":"01:57","desc":"Motor Vehicle Theft","res":""},{"d":"2026-06-23","day":"Tue","time":"08:12","desc":"Motor Vehicle Theft","res":""},{"d":"2026-04-09","day":"Thu","time":"09:54","desc":"Larceny","res":""},{"d":"2026-01-29","day":"Thu","time":"16:52","desc":"Motor Vehicle Theft","res":""},{"d":"2026-01-09","day":"Fri","time":"08:41","desc":"Motor Vehicle Theft","res":""},{"d":"2025-12-31","day":"Wed","time":"08:27","desc":"Larceny","res":""},{"d":"2025-12-09","day":"Tue","time":"10:47","desc":"Larceny","res":""},{"d":"2025-11-07","day":"Fri","time":"06:40","desc":"Motor Vehicle Theft","res":""},{"d":"2025-10-21","day":"Tue","time":"15:34","desc":"Motor Vehicle Theft","res":""}]}},{"type":"Feature","geometry":{"type":"Polygon","coordinates":[[[-117.39457454613843,33.94195039531833],[-117.39343399575324,33.94364204216472],[-117.39461051497,33.945271554629635],[-117.39692759895934,33.945209395799765],[-117.39806809540805,33.943517740556494],[-117.39689156180674,33.94188825253983],[-117.39457454613843,33.94195039531833],[-117.39457454613843,33.94195039531833]]]},"properties":{"h3":"8929a015807ffff","count":5,"c3":1,"c6":2,"c12":2,"c24":5,"score":2.5,"risk":5,"peakDay":"Wednesday","peakTime":"afternoon","hood":"Magnolia Center","bk12":{"morning":0,"afternoon":1,"evening":1,"night":0},"bk24":{"morning":1,"afternoon":3,"evening":1,"night":0},"sv12":2,"recent":[{"d":"2026-06-01","day":"Mon","time":"16:47","desc":"Motor Vehicle Theft","res":""},{"d":"2026-04-09","day":"Thu","time":"17:38","desc":"Motor Vehicle Theft","res":""},{"d":"2024-10-01","day":"Tue","time":"07:40","desc":"Larceny","res":""},{"d":"2024-09-04","day":"Wed","time":"16:32","desc":"Larceny","res":""},{"d":"2024-08-23","day":"Fri","time":"13:35","desc":"Motor Vehicle Theft","res":""}]}},{"type":"Feature","geometry":{"type":"Polygon","coordinates":[[[-117.40836713179985,33.93161333158851],[-117.40722696261798,33.93330512858021],[-117.40840350407919,33.93493458261268],[-117.41072022906428,33.934872215190616],[-117.41186034428624,33.933180409817005],[-117.41068378848587,33.931550980247195],[-117.40836713179985,33.93161333158851],[-117.40836713179985,33.93161333158851]]]},"properties":{"h3":"8929a015d47ffff","count":7,"c3":1,"c6":1,"c12":2,"c24":7,"score":3.3,"risk":6,"peakDay":"Monday","peakTime":"afternoon","hood":"Casa Blanca","bk12":{"morning":0,"afternoon":2,"evening":0,"night":0},"bk24":{"morning":2,"afternoon":3,"evening":0,"night":2},"sv12":1,"recent":[{"d":"2026-07-08","day":"Wed","time":"16:53","desc":"Motor Vehicle Theft","res":""},{"d":"2026-01-04","day":"Sun","time":"13:05","desc":"Larceny","res":""},{"d":"2025-04-21","day":"Mon","time":"10:40","desc":"Motor Vehicle Theft","res":""},{"d":"2025-04-15","day":"Tue","time":"00:00","desc":"Motor Vehicle Theft","res":""},{"d":"2025-02-24","day":"Mon","time":"11:10","desc":"Motor Vehicle Theft","res":""},{"d":"2024-10-04","day":"Fri","time":"13:20","desc":"Larceny","res":""},{"d":"2024-09-05","day":"Thu","time":"01:42","desc":"Larceny","res":""}]}},{"type":"Feature","geometry":{"type":"Polygon","coordinates":[[[-117.32128810399368,33.915649309672645],[-117.3201463569116,33.917340732285126],[-117.32132190288421,33.91897150502869],[-117.32363921054625,33.91891083073322],[-117.32478090389496,33.9172193996124],[-117.32360534331785,33.91558865129523],[-117.32128810399368,33.915649309672645],[-117.32128810399368,33.915649309672645]]]},"properties":{"h3":"8929a01522bffff","count":2,"c3":0,"c6":0,"c12":0,"c24":2,"score":0.7,"risk":1,"peakDay":"Thursday","peakTime":"evening","hood":"Mission Grove","bk12":{"morning":0,"afternoon":0,"evening":0,"night":0},"bk24":{"morning":1,"afternoon":0,"evening":1,"night":0},"recent":[{"d":"2025-05-20","day":"Tue","time":"08:00","desc":"Larceny","res":""},{"d":"2024-09-05","day":"Thu","time":"17:30","desc":"Larceny","res":""}]}},{"type":"Feature","geometry":{"type":"Polygon","coordinates":[[[-117.43954660060186,33.9224651213713],[-117.43840714868682,33.924157156466606],[-117.43958388926823,33.92578631149866],[-117.44190009600784,33.92572340694976],[-117.44303949389639,33.92403136351207],[-117.44186273907458,33.92240223296552],[-117.43954660060186,33.9224651213713],[-117.43954660060186,33.9224651213713]]]},"properties":{"h3":"8929a014e77ffff","count":15,"c3":2,"c6":3,"c12":11,"c24":15,"score":8.3,"risk":16,"peakDay":"Tuesday","peakTime":"morning","hood":"Arlington","bk12":{"morning":3,"afternoon":5,"evening":2,"night":1},"bk24":{"morning":5,"afternoon":5,"evening":4,"night":1},"sv12":2,"recent":[{"d":"2026-07-08","day":"Wed","time":"10:14","desc":"Larceny","res":""},{"d":"2026-05-12","day":"Tue","time":"10:08","desc":"Larceny","res":""},{"d":"2026-03-14","day":"Sat","time":"09:37","desc":"Larceny","res":""},{"d":"2025-11-25","day":"Tue","time":"12:18","desc":"Larceny","res":""},{"d":"2025-11-06","day":"Thu","time":"16:19","desc":"Larceny","res":""},{"d":"2025-09-30","day":"Tue","time":"16:11","desc":"Motor Vehicle Theft","res":""},{"d":"2025-09-30","day":"Tue","time":"12:05","desc":"Larceny","res":""},{"d":"2025-09-18","day":"Thu","time":"13:17","desc":"Motor Vehicle Theft","res":""},{"d":"2025-08-23","day":"Sat","time":"20:56","desc":"Larceny","res":""},{"d":"2025-08-14","day":"Thu","time":"02:00","desc":"Larceny","res":""}]}},{"type":"Feature","geometry":{"type":"Polygon","coordinates":[[[-117.31823354540528,33.95726345300299],[-117.31709131318323,33.95895456289422],[-117.31826726671075,33.96058488829925],[-117.32058546708795,33.96052407941619],[-117.32172764554412,33.95883296102883],[-117.32055167739179,33.95720266002053],[-117.31823354540528,33.95726345300299],[-117.31823354540528,33.95726345300299]]]},"properties":{"h3":"8929a00280fffff","count":5,"c3":0,"c6":0,"c12":1,"c24":5,"score":1.9,"risk":4,"peakDay":"Sunday","peakTime":"night","hood":"Canyon Crest","bk12":{"morning":0,"afternoon":1,"evening":0,"night":0},"bk24":{"morning":1,"afternoon":1,"evening":1,"night":2},"sv12":1,"recent":[{"d":"2025-10-17","day":"Fri","time":"15:47","desc":"Motor Vehicle Theft","res":""},{"d":"2025-06-29","day":"Sun","time":"01:41","desc":"Larceny","res":""},{"d":"2024-09-27","day":"Fri","time":"21:00","desc":"Larceny","res":""},{"d":"2024-09-22","day":"Sun","time":"06:00","desc":"Larceny","res":""},{"d":"2024-09-07","day":"Sat","time":"00:00","desc":"Larceny","res":""}]}},{"type":"Feature","geometry":{"type":"Polygon","coordinates":[[[-117.49132355250947,33.892810250953254],[-117.4901854395082,33.894502781225505],[-117.49136235727997,33.89613160799198],[-117.49367740212848,33.89606787995292],[-117.49481546100684,33.89437534139828],[-117.49363852916237,33.89274653916493],[-117.49132355250947,33.892810250953254],[-117.49132355250947,33.892810250953254]]]},"properties":{"h3":"8929a016b07ffff","count":11,"c3":1,"c6":1,"c12":4,"c24":11,"score":5,"risk":10,"peakDay":"Monday","peakTime":"afternoon","hood":"La Sierra South","bk12":{"morning":1,"afternoon":3,"evening":0,"night":0},"bk24":{"morning":1,"afternoon":4,"evening":3,"night":3},"sv12":3,"recent":[{"d":"2026-07-14","day":"Tue","time":"15:44","desc":"Motor Vehicle Theft","res":""},{"d":"2025-10-21","day":"Tue","time":"12:37","desc":"Motor Vehicle Theft","res":""},{"d":"2025-10-13","day":"Mon","time":"11:49","desc":"Larceny","res":""},{"d":"2025-09-16","day":"Tue","time":"13:43","desc":"Motor Vehicle Theft","res":""},{"d":"2025-04-21","day":"Mon","time":"21:08","desc":"Motor Vehicle Theft","res":""},{"d":"2025-04-21","day":"Mon","time":"17:00","desc":"Motor Vehicle Theft","res":""},{"d":"2025-04-17","day":"Thu","time":"17:50","desc":"Larceny","res":""},{"d":"2024-11-04","day":"Mon","time":"22:15","desc":"Larceny","res":""},{"d":"2024-11-04","day":"Mon","time":"00:00","desc":"Larceny","res":""},{"d":"2024-10-28","day":"Mon","time":"16:35","desc":"Larceny","res":""}]}},{"type":"Feature","geometry":{"type":"Polygon","coordinates":[[[-117.50187764398751,33.904147432294984],[-117.5007396274973,33.905839941213166],[-117.50191676371693,33.907468497630596],[-117.50423193047251,33.90740452059861],[-117.50536989280343,33.905712003417136],[-117.50419274254088,33.90408347153076],[-117.50187764398751,33.904147432294984],[-117.50187764398751,33.904147432294984]]]},"properties":{"h3":"8929a0ab643ffff","count":1,"c3":0,"c6":0,"c12":0,"c24":1,"score":0.3,"risk":1,"peakDay":"Saturday","peakTime":"morning","hood":"La Sierra","bk12":{"morning":0,"afternoon":0,"evening":0,"night":0},"bk24":{"morning":1,"afternoon":0,"evening":0,"night":0},"recent":[{"d":"2024-09-07","day":"Sat","time":"07:00","desc":"Larceny","res":""}]}},{"type":"Feature","geometry":{"type":"Polygon","coordinates":[[[-117.4536692673243,33.942012769417694],[-117.45252989948571,33.94370474482803],[-117.45370697894448,33.94533348666826],[-117.45602344044622,33.94527022861817],[-117.45716275420521,33.94357824489266],[-117.45598566054487,33.94194952753225],[-117.4536692673243,33.942012769417694],[-117.4536692673243,33.942012769417694]]]},"properties":{"h3":"8929a014bdbffff","count":9,"c3":0,"c6":0,"c12":1,"c24":9,"score":3.5,"risk":7,"peakDay":"Wednesday","peakTime":"morning","hood":"Arlanza","bk12":{"morning":0,"afternoon":0,"evening":1,"night":0},"bk24":{"morning":3,"afternoon":3,"evening":2,"night":1},"sv12":1,"recent":[{"d":"2025-11-21","day":"Fri","time":"19:56","desc":"Motor Vehicle Theft","res":""},{"d":"2025-08-06","day":"Wed","time":"12:00","desc":"Larceny","res":""},{"d":"2025-06-02","day":"Mon","time":"11:00","desc":"Motor Vehicle Theft","res":""},{"d":"2025-04-24","day":"Thu","time":"12:50","desc":"Larceny","res":""},{"d":"2025-02-23","day":"Sun","time":"08:15","desc":"Motor Vehicle Theft","res":""},{"d":"2024-12-25","day":"Wed","time":"14:30","desc":"Larceny","res":""},{"d":"2024-10-10","day":"Thu","time":"00:00","desc":"Larceny","res":""},{"d":"2024-09-11","day":"Wed","time":"19:55","desc":"Larceny","res":""},{"d":"2024-09-07","day":"Sat","time":"11:00","desc":"Larceny","res":""}]}},{"type":"Feature","geometry":{"type":"Polygon","coordinates":[[[-117.33933621717296,33.97996249660323],[-117.33819417496561,33.981653563390964],[-117.33937056816048,33.98328334828537],[-117.34168901813088,33.983222041999],[-117.34283100649921,33.98153096675313],[-117.34165459873897,33.9799012062516],[-117.33933621717296,33.97996249660323],[-117.33933621717296,33.97996249660323]]]},"properties":{"h3":"8929a0076d7ffff","count":13,"c3":2,"c6":4,"c12":7,"c24":13,"score":7,"risk":14,"peakDay":"Saturday","peakTime":"morning","hood":"University","bk12":{"morning":3,"afternoon":2,"evening":1,"night":1},"bk24":{"morning":5,"afternoon":3,"evening":2,"night":3},"sv12":4,"recent":[{"d":"2026-06-17","day":"Wed","time":"17:33","desc":"Motor Vehicle Theft","res":""},{"d":"2026-05-23","day":"Sat","time":"08:37","desc":"Motor Vehicle Theft","res":""},{"d":"2026-04-08","day":"Wed","time":"12:26","desc":"Larceny","res":""},{"d":"2026-03-20","day":"Fri","time":"05:08","desc":"Larceny","res":""},{"d":"2025-12-25","day":"Thu","time":"10:45","desc":"Motor Vehicle Theft","res":""},{"d":"2025-11-22","day":"Sat","time":"14:15","desc":"Larceny","res":""},{"d":"2025-09-28","day":"Sun","time":"00:16","desc":"Motor Vehicle Theft","res":""},{"d":"2025-06-07","day":"Sat","time":"02:00","desc":"Larceny","res":""},{"d":"2024-12-06","day":"Fri","time":"17:30","desc":"Larceny","res":""},{"d":"2024-10-18","day":"Fri","time":"10:36","desc":"Larceny","res":""}]}},{"type":"Feature","geometry":{"type":"Polygon","coordinates":[[[-117.45340534841223,33.91876599393692],[-117.45226621171001,33.92045813202305],[-117.45344304442652,33.922087149725385],[-117.4557590280446,33.92202400484604],[-117.4568981106904,33.92033185843525],[-117.4557212637773,33.9187028652283],[-117.45340534841223,33.91876599393692],[-117.45340534841223,33.91876599393692]]]},"properties":{"h3":"8929a0148dbffff","count":12,"c3":2,"c6":4,"c12":6,"c24":12,"score":6.8,"risk":13,"peakDay":"Thursday","peakTime":"morning","hood":"Arlington","bk12":{"morning":3,"afternoon":2,"evening":1,"night":0},"bk24":{"morning":4,"afternoon":3,"evening":2,"night":3},"sv12":3,"recent":[{"d":"2026-08-02","day":"Sun","time":"15:09","desc":"Motor Vehicle Theft","res":""},{"d":"2026-08-02","day":"Sun","time":"15:09","desc":"Larceny","res":""},{"d":"2026-04-22","day":"Wed","time":"19:24","desc":"Motor Vehicle Theft","res":""},{"d":"2026-04-22","day":"Wed","time":"11:51","desc":"Larceny","res":""},{"d":"2025-12-19","day":"Fri","time":"08:24","desc":"Larceny","res":""},{"d":"2025-09-16","day":"Tue","time":"05:13","desc":"Motor Vehicle Theft","res":""},{"d":"2025-05-06","day":"Tue","time":"15:35","desc":"Larceny","res":""},{"d":"2025-01-28","day":"Tue","time":"00:00","desc":"Larceny","res":""},{"d":"2025-01-02","day":"Thu","time":"05:10","desc":"Motor Vehicle Theft","res":""},{"d":"2024-12-19","day":"Thu","time":"00:20","desc":"Larceny","res":""}]}},{"type":"Feature","geometry":{"type":"Polygon","coordinates":[[[-117.47106069777419,33.94319771869673],[-117.46992166644834,33.94488978217428],[-117.47109892259299,33.94651828324449],[-117.47341522421435,33.94645469634876],[-117.47455420141752,33.9447626245806],[-117.47337693112478,33.943134147998606],[-117.47106069777419,33.94319771869673],[-117.47106069777419,33.94319771869673]]]},"properties":{"h3":"8929a014b87ffff","count":23,"c3":0,"c6":0,"c12":3,"c24":23,"score":8.8,"risk":17,"peakDay":"Sunday","peakTime":"night","hood":"Arlanza","bk12":{"morning":2,"afternoon":0,"evening":1,"night":0},"bk24":{"morning":8,"afternoon":3,"evening":4,"night":8},"sv12":2,"recent":[{"d":"2026-01-02","day":"Fri","time":"06:58","desc":"Larceny","res":""},{"d":"2025-09-21","day":"Sun","time":"17:20","desc":"Motor Vehicle Theft","res":""},{"d":"2025-09-21","day":"Sun","time":"10:46","desc":"Motor Vehicle Theft","res":""},{"d":"2025-07-16","day":"Wed","time":"00:00","desc":"Larceny","res":""},{"d":"2025-06-05","day":"Thu","time":"10:30","desc":"Larceny","res":""},{"d":"2025-05-11","day":"Sun","time":"12:00","desc":"Motor Vehicle Theft","res":""},{"d":"2025-04-27","day":"Sun","time":"14:00","desc":"Motor Vehicle Theft","res":""},{"d":"2025-03-18","day":"Tue","time":"02:00","desc":"Larceny","res":""},{"d":"2025-03-17","day":"Mon","time":"21:00","desc":"Larceny","res":""},{"d":"2025-03-11","day":"Tue","time":"21:30","desc":"Larceny","res":""}]}},{"type":"Feature","geometry":{"type":"Polygon","coordinates":[[[-117.49489327973271,33.901017881881394],[-117.49375515495376,33.9027103742566],[-117.49493219254546,33.904339058461765],[-117.49724736898267,33.904275225762056],[-117.49838543962225,33.90258272511263],[-117.49720838796678,33.90095406543696],[-117.49489327973271,33.901017881881394],[-117.49489327973271,33.901017881881394]]]},"properties":{"h3":"8929a016b2fffff","count":20,"c3":2,"c6":4,"c12":10,"c24":20,"score":10.5,"risk":20,"peakDay":"Tuesday","peakTime":"morning","hood":"La Sierra","bk12":{"morning":4,"afternoon":3,"evening":3,"night":0},"bk24":{"morning":8,"afternoon":4,"evening":5,"night":3},"sv12":1,"recent":[{"d":"2026-08-04","day":"Tue","time":"08:02","desc":"Motor Vehicle Theft","res":""},{"d":"2026-07-13","day":"Mon","time":"19:31","desc":"Larceny","res":""},{"d":"2026-03-31","day":"Tue","time":"13:55","desc":"Larceny","res":""},{"d":"2026-03-12","day":"Thu","time":"16:03","desc":"Larceny","res":""},{"d":"2026-01-02","day":"Fri","time":"14:15","desc":"Larceny","res":""},{"d":"2025-12-09","day":"Tue","time":"10:36","desc":"Larceny","res":""},{"d":"2025-12-04","day":"Thu","time":"17:00","desc":"Larceny","res":""},{"d":"2025-11-06","day":"Thu","time":"06:58","desc":"Larceny","res":""},{"d":"2025-09-28","day":"Sun","time":"10:56","desc":"Larceny","res":""},{"d":"2025-09-24","day":"Wed","time":"17:45","desc":"Larceny","res":""}]}},{"type":"Feature","geometry":{"type":"Polygon","coordinates":[[[-117.44991263096207,33.917199993384905],[-117.44877344021333,33.918892123140914],[-117.44995022348242,33.92052120470734],[-117.45226621171001,33.92045813202305],[-117.45340534841223,33.91876599393692],[-117.4522285509362,33.91713693686507],[-117.44991263096207,33.917199993384905],[-117.44991263096207,33.917199993384905]]]},"properties":{"h3":"8929a014eafffff","count":8,"c3":1,"c6":1,"c12":5,"c24":8,"score":4.1,"risk":8,"peakDay":"Sunday","peakTime":"afternoon","hood":"Arlington","bk12":{"morning":2,"afternoon":2,"evening":1,"night":0},"bk24":{"morning":2,"afternoon":4,"evening":2,"night":0},"sv12":3,"recent":[{"d":"2026-05-23","day":"Sat","time":"13:01","desc":"Motor Vehicle Theft","res":""},{"d":"2026-01-23","day":"Fri","time":"10:48","desc":"Larceny","res":""},{"d":"2025-10-22","day":"Wed","time":"21:40","desc":"Larceny","res":""},{"d":"2025-09-27","day":"Sat","time":"08:11","desc":"Motor Vehicle Theft","res":""},{"d":"2025-08-25","day":"Mon","time":"15:28","desc":"Motor Vehicle Theft","res":""},{"d":"2025-01-26","day":"Sun","time":"20:00","desc":"Larceny","res":""},{"d":"2024-11-25","day":"Mon","time":"12:15","desc":"Larceny","res":""},{"d":"2024-09-08","day":"Sun","time":"13:43","desc":"Larceny","res":""}]}},{"type":"Feature","geometry":{"type":"Polygon","coordinates":[[[-117.32213367636805,33.99868536786482],[-117.32099109943123,34.0003762038235],[-117.32216752528709,34.0020059921863],[-117.32448654270613,34.001944920219266],[-117.3256290658278,34.000254075786096],[-117.32445262534843,33.99862431179428],[-117.32213367636805,33.99868536786482],[-117.32213367636805,33.99868536786482]]]},"properties":{"h3":"8929a000d17ffff","count":4,"c3":2,"c6":2,"c12":2,"c24":4,"score":2.3,"risk":5,"peakDay":"Monday","peakTime":"afternoon","hood":"Hunter Industrial Park","bk12":{"morning":1,"afternoon":0,"evening":0,"night":1},"bk24":{"morning":1,"afternoon":2,"evening":0,"night":1},"sv12":1,"recent":[{"d":"2026-06-01","day":"Mon","time":"02:22","desc":"Larceny","res":""},{"d":"2026-05-19","day":"Tue","time":"11:32","desc":"Motor Vehicle Theft","res":""},{"d":"2024-12-11","day":"Wed","time":"13:26","desc":"Larceny","res":""},{"d":"2024-09-09","day":"Mon","time":"15:11","desc":"Larceny","res":""}]}},{"type":"Feature","geometry":{"type":"Polygon","coordinates":[[[-117.40138084238637,33.928478767010176],[-117.4002405653145,33.93017054722178],[-117.40141700761974,33.93180012890734],[-117.40373374135966,33.93173790592012],[-117.40487396449154,33.930046117315754],[-117.4036975078263,33.9284165600912],[-117.40138084238637,33.928478767010176],[-117.40138084238637,33.928478767010176]]]},"properties":{"h3":"8929a015d5bffff","count":3,"c3":0,"c6":0,"c12":2,"c24":3,"score":1.5,"risk":3,"peakDay":"Monday","peakTime":"afternoon","hood":"Casa Blanca","bk12":{"morning":0,"afternoon":0,"evening":1,"night":1},"bk24":{"morning":0,"afternoon":1,"evening":1,"night":1},"recent":[{"d":"2026-02-02","day":"Mon","time":"03:31","desc":"Larceny","res":""},{"d":"2025-08-26","day":"Tue","time":"20:00","desc":"Larceny","res":""},{"d":"2024-09-09","day":"Mon","time":"16:30","desc":"Larceny","res":""}]}},{"type":"Feature","geometry":{"type":"Polygon","coordinates":[[[-117.33248336286108,33.990108619683696],[-117.33134108021824,33.991799575379765],[-117.33251751468829,33.99342933010705],[-117.3348362463933,33.99336810475575],[-117.33597847520407,33.99167714059608],[-117.33480202614477,33.99004741025116],[-117.33248336286108,33.990108619683696],[-117.33248336286108,33.990108619683696]]]},"properties":{"h3":"8929a007643ffff","count":6,"c3":0,"c6":2,"c12":2,"c24":6,"score":2.8,"risk":6,"peakDay":"Monday","peakTime":"night","hood":"Hunter Industrial Park","bk12":{"morning":1,"afternoon":1,"evening":0,"night":0},"bk24":{"morning":1,"afternoon":2,"evening":1,"night":2},"sv12":1,"recent":[{"d":"2026-04-23","day":"Thu","time":"08:30","desc":"Larceny","res":""},{"d":"2026-04-20","day":"Mon","time":"12:32","desc":"Motor Vehicle Theft","res":""},{"d":"2025-02-27","day":"Thu","time":"14:00","desc":"Motor Vehicle Theft","res":""},{"d":"2024-11-23","day":"Sat","time":"00:00","desc":"Motor Vehicle Theft","res":""},{"d":"2024-09-15","day":"Sun","time":"00:00","desc":"Motor Vehicle Theft","res":""},{"d":"2024-09-09","day":"Mon","time":"18:00","desc":"Larceny","res":""}]}},{"type":"Feature","geometry":{"type":"Polygon","coordinates":[[[-117.36704960821446,33.96926182377637],[-117.36590822907371,33.97095312253827],[-117.36708477370503,33.972582672759515],[-117.36940271195662,33.972520899803676],[-117.37054403720133,33.97082959261766],[-117.36936747809327,33.96920006681143],[-117.36704960821446,33.96926182377637],[-117.36704960821446,33.96926182377637]]]},"properties":{"h3":"8929a00748bffff","count":5,"c3":2,"c6":2,"c12":2,"c24":5,"score":2.5,"risk":5,"peakDay":"Monday","peakTime":"night","hood":"Eastside","bk12":{"morning":1,"afternoon":0,"evening":0,"night":1},"bk24":{"morning":2,"afternoon":0,"evening":1,"night":2},"sv12":2,"recent":[{"d":"2026-05-25","day":"Mon","time":"22:59","desc":"Motor Vehicle Theft","res":""},{"d":"2026-05-15","day":"Fri","time":"07:14","desc":"Motor Vehicle Theft","res":""},{"d":"2024-11-03","day":"Sun","time":"20:00","desc":"Larceny","res":""},{"d":"2024-09-09","day":"Mon","time":"22:33","desc":"Larceny","res":""},{"d":"2024-08-29","day":"Thu","time":"10:20","desc":"Motor Vehicle Theft","res":""}]}},{"type":"Feature","geometry":{"type":"Polygon","coordinates":[[[-117.38045860457989,33.922393503310566],[-117.3793179709755,33.92408520976538],[-117.3804941508354,33.92571513488994],[-117.38281097872567,33.92565332910564],[-117.38395155844663,33.92396161422674],[-117.38277536416352,33.922331713556055],[-117.38045860457989,33.922393503310566],[-117.38045860457989,33.922393503310566]]]},"properties":{"h3":"8929a015c4fffff","count":3,"c3":0,"c6":0,"c12":0,"c24":3,"score":0.9,"risk":2,"peakDay":"Tuesday","peakTime":"night","hood":"Hawarden Hills","bk12":{"morning":0,"afternoon":0,"evening":0,"night":0},"bk24":{"morning":0,"afternoon":1,"evening":0,"night":2},"recent":[{"d":"2025-01-12","day":"Sun","time":"02:40","desc":"Larceny","res":""},{"d":"2024-12-12","day":"Thu","time":"13:17","desc":"Motor Vehicle Theft","res":""},{"d":"2024-09-10","day":"Tue","time":"01:47","desc":"Larceny","res":""}]}},{"type":"Feature","geometry":{"type":"Polygon","coordinates":[[[-117.40163404394117,33.95172698376323],[-117.40049353525332,33.95341860069222],[-117.40167022415004,33.955047906626284],[-117.40398743610258,33.95498557118572],[-117.40512789082743,33.95329394587346],[-117.40395118756555,33.95166466438485],[-117.40163404394117,33.95172698376323],[-117.40163404394117,33.95172698376323]]]},"properties":{"h3":"8929a01595bffff","count":8,"c3":0,"c6":2,"c12":3,"c24":8,"score":4.1,"risk":8,"peakDay":"Friday","peakTime":"night","hood":"Magnolia Center","bk12":{"morning":0,"afternoon":3,"evening":0,"night":0},"bk24":{"morning":0,"afternoon":3,"evening":1,"night":4},"sv12":1,"recent":[{"d":"2026-04-24","day":"Fri","time":"12:56","desc":"Larceny","res":""},{"d":"2026-04-14","day":"Tue","time":"12:32","desc":"Larceny","res":""},{"d":"2025-10-15","day":"Wed","time":"12:55","desc":"Motor Vehicle Theft","res":""},{"d":"2025-05-30","day":"Fri","time":"03:00","desc":"Larceny","res":""},{"d":"2025-05-24","day":"Sat","time":"21:40","desc":"Motor Vehicle Theft","res":""},{"d":"2025-04-23","day":"Wed","time":"23:00","desc":"Larceny","res":""},{"d":"2025-02-14","day":"Fri","time":"01:15","desc":"Larceny","res":""},{"d":"2024-09-10","day":"Tue","time":"02:13","desc":"Larceny","res":""}]}},{"type":"Feature","geometry":{"type":"Polygon","coordinates":[[[-117.37403851168352,33.97239722530456],[-117.37289724034483,33.97408854090928],[-117.37407388438031,33.97571796338723],[-117.37639181421319,33.97565604584362],[-117.3775330316359,33.97396472182565],[-117.37635637314447,33.97233532376437],[-117.37403851168352,33.97239722530456],[-117.37403851168352,33.97239722530456]]]},"properties":{"h3":"8929a0074bbffff","count":9,"c3":2,"c6":3,"c12":4,"c24":9,"score":4.9,"risk":9,"peakDay":"Tuesday","peakTime":"morning","hood":"Downtown","bk12":{"morning":1,"afternoon":2,"evening":1,"night":0},"bk24":{"morning":4,"afternoon":2,"evening":2,"night":1},"sv12":1,"recent":[{"d":"2026-05-18","day":"Mon","time":"12:27","desc":"Larceny","res":""},{"d":"2026-05-15","day":"Fri","time":"08:12","desc":"Motor Vehicle Theft","res":""},{"d":"2026-04-02","day":"Thu","time":"13:31","desc":"Larceny","res":""},{"d":"2025-08-13","day":"Wed","time":"17:04","desc":"Larceny","res":""},{"d":"2025-07-22","day":"Tue","time":"18:53","desc":"Larceny","res":""},{"d":"2025-06-27","day":"Fri","time":"09:30","desc":"Larceny","res":""},{"d":"2025-04-01","day":"Tue","time":"08:00","desc":"Larceny","res":""},{"d":"2024-10-04","day":"Fri","time":"23:45","desc":"Motor Vehicle Theft","res":""},{"d":"2024-09-10","day":"Tue","time":"05:40","desc":"Larceny","res":""}]}},{"type":"Feature","geometry":{"type":"Polygon","coordinates":[[[-117.46760536012748,33.944953296828935],[-117.46646624167879,33.94664532874416],[-117.46764348366422,33.94827385429962],[-117.46995985826034,33.94821032345444],[-117.47109892259299,33.94651828324449],[-117.46992166644834,33.94488978217428],[-117.46760536012748,33.944953296828935],[-117.46760536012748,33.944953296828935]]]},"properties":{"h3":"8929a014b8fffff","count":9,"c3":0,"c6":0,"c12":2,"c24":9,"score":3.2,"risk":6,"peakDay":"Wednesday","peakTime":"morning","hood":"Arlanza","bk12":{"morning":0,"afternoon":0,"evening":1,"night":1},"bk24":{"morning":4,"afternoon":0,"evening":4,"night":1},"sv12":1,"recent":[{"d":"2025-09-09","day":"Tue","time":"17:19","desc":"Larceny","res":""},{"d":"2025-08-29","day":"Fri","time":"23:00","desc":"Motor Vehicle Theft","res":""},{"d":"2025-01-17","day":"Fri","time":"06:30","desc":"Larceny","res":""},{"d":"2025-01-10","day":"Fri","time":"05:00","desc":"Larceny","res":""},{"d":"2025-01-09","day":"Thu","time":"20:12","desc":"Larceny","res":""},{"d":"2024-12-18","day":"Wed","time":"21:23","desc":"Motor Vehicle Theft","res":""},{"d":"2024-10-08","day":"Tue","time":"10:00","desc":"Larceny","res":""},{"d":"2024-09-11","day":"Wed","time":"11:50","desc":"Larceny","res":""},{"d":"2024-08-21","day":"Wed","time":"20:44","desc":"Motor Vehicle Theft","res":""}]}},{"type":"Feature","geometry":{"type":"Polygon","coordinates":[[[-117.45321690176635,33.9021592769146],[-117.45207793010414,33.903851530876395],[-117.45325458663943,33.905480745327864],[-117.45557022903272,33.90541768131081],[-117.45670914665497,33.90372541901751],[-117.45553247592672,33.902096229072605],[-117.45321690176635,33.9021592769146],[-117.45321690176635,33.9021592769146]]]},"properties":{"h3":"8929a014c53ffff","count":10,"c3":0,"c6":0,"c12":1,"c24":10,"score":3.8,"risk":7,"peakDay":"Monday","peakTime":"evening","hood":"La Sierra South","bk12":{"morning":0,"afternoon":0,"evening":0,"night":1},"bk24":{"morning":2,"afternoon":0,"evening":4,"night":4},"recent":[{"d":"2025-10-20","day":"Mon","time":"00:53","desc":"Larceny","res":""},{"d":"2025-04-28","day":"Mon","time":"18:58","desc":"Motor Vehicle Theft","res":""},{"d":"2025-03-31","day":"Mon","time":"03:30","desc":"Larceny","res":""},{"d":"2025-03-27","day":"Thu","time":"04:50","desc":"Larceny","res":""},{"d":"2025-03-17","day":"Mon","time":"21:00","desc":"Larceny","res":""},{"d":"2025-03-01","day":"Sat","time":"22:30","desc":"Larceny","res":""},{"d":"2025-02-01","day":"Sat","time":"10:50","desc":"Larceny","res":""},{"d":"2024-12-07","day":"Sat","time":"07:13","desc":"Motor Vehicle Theft","res":""},{"d":"2024-11-24","day":"Sun","time":"20:00","desc":"Larceny","res":""},{"d":"2024-09-11","day":"Wed","time":"20:00","desc":"Larceny","res":""}]}},{"type":"Feature","geometry":{"type":"Polygon","coordinates":[[[-117.339542353593,33.99988666145131],[-117.33840011223201,34.00157758692007],[-117.33957671677972,34.003207134891944],[-117.34189557726101,34.003145733015316],[-117.34303776476335,34.00145479909653],[-117.34186114564575,33.99982527550424],[-117.339542353593,33.99988666145131],[-117.339542353593,33.99988666145131]]]},"properties":{"h3":"8929a00766fffff","count":2,"c3":0,"c6":0,"c12":0,"c24":2,"score":0.6,"risk":1,"peakDay":"Thursday","peakTime":"afternoon","hood":"Hunter Industrial Park","bk12":{"morning":0,"afternoon":0,"evening":0,"night":0},"bk24":{"morning":0,"afternoon":1,"evening":1,"night":0},"recent":[{"d":"2025-03-15","day":"Sat","time":"19:30","desc":"Motor Vehicle Theft","res":""},{"d":"2024-09-12","day":"Thu","time":"14:30","desc":"Larceny","res":""}]}},{"type":"Feature","geometry":{"type":"Polygon","coordinates":[[[-117.38773064316209,33.952100000873486],[-117.38658985250238,33.953791537477294],[-117.38776641336757,33.95542102001583],[-117.39008377930355,33.955358941512664],[-117.39122451603356,33.953667396506525],[-117.39004794076007,33.95203793840573],[-117.38773064316209,33.952100000873486],[-117.38773064316209,33.952100000873486]]]},"properties":{"h3":"8929a01586fffff","count":17,"c3":6,"c6":7,"c12":10,"c24":17,"score":10.7,"risk":21,"peakDay":"Thursday","peakTime":"evening","hood":"Magnolia Center","bk12":{"morning":1,"afternoon":3,"evening":4,"night":2},"bk24":{"morning":2,"afternoon":3,"evening":9,"night":3},"sv12":6,"recent":[{"d":"2026-07-30","day":"Thu","time":"12:54","desc":"Motor Vehicle Theft","res":""},{"d":"2026-06-30","day":"Tue","time":"21:31","desc":"Larceny","res":""},{"d":"2026-06-24","day":"Wed","time":"21:36","desc":"Motor Vehicle Theft","res":""},{"d":"2026-06-23","day":"Tue","time":"22:21","desc":"Motor Vehicle Theft","res":""},{"d":"2026-06-23","day":"Tue","time":"11:42","desc":"Larceny","res":""},{"d":"2026-06-19","day":"Fri","time":"15:33","desc":"Motor Vehicle Theft","res":""},{"d":"2026-04-24","day":"Fri","time":"13:16","desc":"Larceny","res":""},{"d":"2025-12-26","day":"Fri","time":"19:29","desc":"Motor Vehicle Theft","res":""},{"d":"2025-10-16","day":"Thu","time":"18:14","desc":"Larceny","res":""},{"d":"2025-09-04","day":"Thu","time":"00:08","desc":"Motor Vehicle Theft","res":""}]}},{"type":"Feature","geometry":{"type":"Polygon","coordinates":[[[-117.45712494128195,33.94025752053389],[-117.45598566054487,33.94194952753225],[-117.45716275420521,33.94357824489266],[-117.45947914279596,33.94351493077172],[-117.46061836944689,33.94182291546229],[-117.45944126159604,33.940194222584694],[-117.45712494128195,33.94025752053389],[-117.45712494128195,33.94025752053389]]]},"properties":{"h3":"8929a014bd3ffff","count":15,"c3":4,"c6":4,"c12":4,"c24":15,"score":7.2,"risk":14,"peakDay":"Thursday","peakTime":"evening","hood":"Arlanza","bk12":{"morning":1,"afternoon":2,"evening":1,"night":0},"bk24":{"morning":3,"afternoon":2,"evening":7,"night":3},"sv12":2,"recent":[{"d":"2026-07-20","day":"Mon","time":"19:00","desc":"Larceny","res":""},{"d":"2026-07-06","day":"Mon","time":"15:44","desc":"Motor Vehicle Theft","res":""},{"d":"2026-06-06","day":"Sat","time":"16:30","desc":"Larceny","res":""},{"d":"2026-05-07","day":"Thu","time":"11:24","desc":"Motor Vehicle Theft","res":""},{"d":"2025-03-30","day":"Sun","time":"22:20","desc":"Motor Vehicle Theft","res":""},{"d":"2025-03-18","day":"Tue","time":"06:00","desc":"Motor Vehicle Theft","res":""},{"d":"2025-02-19","day":"Wed","time":"18:00","desc":"Larceny","res":""},{"d":"2025-01-30","day":"Thu","time":"20:00","desc":"Motor Vehicle Theft","res":""},{"d":"2025-01-04","day":"Sat","time":"21:00","desc":"Larceny","res":""},{"d":"2025-01-02","day":"Thu","time":"00:30","desc":"Larceny","res":""}]}},{"type":"Feature","geometry":{"type":"Polygon","coordinates":[[[-117.44619507072883,33.895704942944185],[-117.44505602402535,33.89739720336691],[-117.44623254646238,33.899026584767064],[-117.44854812981875,33.898963681237156],[-117.44968712250544,33.89727141247067],[-117.44851058585539,33.895642055577696],[-117.44619507072883,33.895704942944185],[-117.44619507072883,33.895704942944185]]]},"properties":{"h3":"8929a014133ffff","count":1,"c3":0,"c6":0,"c12":0,"c24":1,"score":0.3,"risk":1,"peakDay":"Friday","peakTime":"night","hood":"Arlington South","bk12":{"morning":0,"afternoon":0,"evening":0,"night":0},"bk24":{"morning":0,"afternoon":0,"evening":0,"night":1},"recent":[{"d":"2024-09-13","day":"Fri","time":"00:00","desc":"Larceny","res":""}]}},{"type":"Feature","geometry":{"type":"Polygon","coordinates":[[[-117.3287159833587,33.961971568962504],[-117.32757391246429,33.963662704325785],[-117.32875001542962,33.96529283838948],[-117.33106820388575,33.965231812690455],[-117.3322102209843,33.963540668847315],[-117.33103410342538,33.96191055918288],[-117.3287159833587,33.961971568962504],[-117.3287159833587,33.961971568962504]]]},"properties":{"h3":"8929a002827ffff","count":1,"c3":0,"c6":0,"c12":0,"c24":1,"score":0.3,"risk":1,"peakDay":"Friday","peakTime":"morning","hood":"Canyon Crest","bk12":{"morning":0,"afternoon":0,"evening":0,"night":0},"bk24":{"morning":1,"afternoon":0,"evening":0,"night":0},"recent":[{"d":"2024-09-13","day":"Fri","time":"09:37","desc":"Larceny","res":""}]}},{"type":"Feature","geometry":{"type":"Polygon","coordinates":[[[-117.46376976358069,33.91349983643951],[-117.46263088807771,33.91519206905312],[-117.46380776335046,33.91682101326019],[-117.4661235282921,33.91675770034897],[-117.46726234971867,33.91506545942295],[-117.46608546028278,33.91343653972039],[-117.46376976358069,33.91349983643951],[-117.46376976358069,33.91349983643951]]]},"properties":{"h3":"8929a014c67ffff","count":8,"c3":0,"c6":0,"c12":2,"c24":8,"score":3.2,"risk":6,"peakDay":"Tuesday","peakTime":"afternoon","hood":"La Sierra","bk12":{"morning":1,"afternoon":1,"evening":0,"night":0},"bk24":{"morning":2,"afternoon":2,"evening":2,"night":2},"recent":[{"d":"2026-01-04","day":"Sun","time":"08:11","desc":"Larceny","res":""},{"d":"2025-10-08","day":"Wed","time":"16:03","desc":"Larceny","res":""},{"d":"2025-04-04","day":"Fri","time":"00:40","desc":"Motor Vehicle Theft","res":""},{"d":"2025-03-04","day":"Tue","time":"10:00","desc":"Motor Vehicle Theft","res":""},{"d":"2024-12-31","day":"Tue","time":"00:00","desc":"Larceny","res":""},{"d":"2024-11-12","day":"Tue","time":"18:19","desc":"Larceny","res":""},{"d":"2024-10-30","day":"Wed","time":"20:14","desc":"Larceny","res":""},{"d":"2024-09-13","day":"Fri","time":"13:00","desc":"Larceny","res":""}]}},{"type":"Feature","geometry":{"type":"Polygon","coordinates":[[[-117.46414986240029,33.94670878734499],[-117.46301065683022,33.94840078768445],[-117.46418788464521,33.95002933772209],[-117.46650433220351,33.94996586293789],[-117.46764348366422,33.94827385429962],[-117.46646624167879,33.94664532874416],[-117.46414986240029,33.94670878734499],[-117.46414986240029,33.94670878734499]]]},"properties":{"h3":"8929a014b13ffff","count":1,"c3":0,"c6":0,"c12":0,"c24":1,"score":0.3,"risk":1,"peakDay":"Friday","peakTime":"afternoon","hood":"Arlanza","bk12":{"morning":0,"afternoon":0,"evening":0,"night":0},"bk24":{"morning":0,"afternoon":1,"evening":0,"night":0},"recent":[{"d":"2024-09-13","day":"Fri","time":"14:00","desc":"Larceny","res":""}]}},{"type":"Feature","geometry":{"type":"Polygon","coordinates":[[[-117.33882119616548,33.93014217665803],[-117.3376796515388,33.93183359505823],[-117.3388555166836,33.93346397071032],[-117.34117294101195,33.933402903535885],[-117.34231443184876,33.93171147665722],[-117.34113855214994,33.930081125431286],[-117.33882119616548,33.93014217665803],[-117.33882119616548,33.93014217665803]]]},"properties":{"h3":"8929a01536fffff","count":1,"c3":0,"c6":0,"c12":0,"c24":1,"score":0.3,"risk":1,"peakDay":"Friday","peakTime":"afternoon","hood":"Canyon Crest","bk12":{"morning":0,"afternoon":0,"evening":0,"night":0},"bk24":{"morning":0,"afternoon":1,"evening":0,"night":0},"recent":[{"d":"2024-09-13","day":"Fri","time":"14:00","desc":"Larceny","res":""}]}},{"type":"Feature","geometry":{"type":"Polygon","coordinates":[[[-117.36373055495002,33.98429781156959],[-117.36258895614891,33.98598898448988],[-117.36376562721529,33.987618401236816],[-117.36608391157651,33.98755662066014],[-117.36722545647517,33.985865439317024],[-117.36604877091789,33.98423604697322],[-117.36373055495002,33.98429781156959],[-117.36373055495002,33.98429781156959]]]},"properties":{"h3":"8929a007463ffff","count":6,"c3":0,"c6":0,"c12":2,"c24":6,"score":2.4,"risk":5,"peakDay":"Monday","peakTime":"morning","hood":"Downtown","bk12":{"morning":0,"afternoon":1,"evening":1,"night":0},"bk24":{"morning":3,"afternoon":2,"evening":1,"night":0},"sv12":1,"recent":[{"d":"2026-01-28","day":"Wed","time":"18:46","desc":"Motor Vehicle Theft","res":""},{"d":"2025-09-15","day":"Mon","time":"16:43","desc":"Larceny","res":""},{"d":"2024-12-23","day":"Mon","time":"09:30","desc":"Larceny","res":""},{"d":"2024-12-12","day":"Thu","time":"10:02","desc":"Larceny","res":""},{"d":"2024-09-16","day":"Mon","time":"08:00","desc":"Motor Vehicle Theft","res":""},{"d":"2024-09-13","day":"Fri","time":"14:00","desc":"Larceny","res":""}]}},{"type":"Feature","geometry":{"type":"Polygon","coordinates":[[[-117.32895425014671,33.98521913375403],[-117.32781194688482,33.986910104535525],[-117.3289882963165,33.988539962590295],[-117.33130696361184,33.98847882547963],[-117.33244921305491,33.986787846227756],[-117.3312728490243,33.98515801255673],[-117.32895425014671,33.98521913375403],[-117.32895425014671,33.98521913375403]]]},"properties":{"h3":"8929a002b27ffff","count":18,"c3":4,"c6":5,"c12":7,"c24":18,"score":9.2,"risk":18,"peakDay":"Tuesday","peakTime":"morning","hood":"University","bk12":{"morning":6,"afternoon":1,"evening":0,"night":0},"bk24":{"morning":10,"afternoon":3,"evening":1,"night":4},"sv12":5,"recent":[{"d":"2026-07-30","day":"Thu","time":"09:27","desc":"Motor Vehicle Theft","res":""},{"d":"2026-06-23","day":"Tue","time":"06:37","desc":"Motor Vehicle Theft","res":""},{"d":"2026-05-27","day":"Wed","time":"11:25","desc":"Motor Vehicle Theft","res":""},{"d":"2026-05-19","day":"Tue","time":"14:13","desc":"Larceny","res":""},{"d":"2026-04-11","day":"Sat","time":"07:07","desc":"Motor Vehicle Theft","res":""},{"d":"2025-12-27","day":"Sat","time":"09:36","desc":"Motor Vehicle Theft","res":""},{"d":"2025-09-30","day":"Tue","time":"06:55","desc":"Larceny","res":""},{"d":"2025-06-22","day":"Sun","time":"02:38","desc":"Larceny","res":""},{"d":"2025-05-12","day":"Mon","time":"10:30","desc":"Larceny","res":""},{"d":"2025-03-09","day":"Sun","time":"00:00","desc":"Larceny","res":""}]}},{"type":"Feature","geometry":{"type":"Polygon","coordinates":[[[-117.32892020599155,33.981898241914664],[-117.3277779359308,33.98358923623993],[-117.32895425014671,33.98521913375403],[-117.3312728490243,33.98515801255673],[-117.33241506526954,33.98346700975972],[-117.33123873645549,33.98183713663156],[-117.32892020599155,33.981898241914664],[-117.32892020599155,33.981898241914664]]]},"properties":{"h3":"8929a002b37ffff","count":25,"c3":2,"c6":2,"c12":11,"c24":25,"score":11.8,"risk":23,"peakDay":"Friday","peakTime":"evening","hood":"University","bk12":{"morning":7,"afternoon":3,"evening":1,"night":0},"bk24":{"morning":8,"afternoon":6,"evening":8,"night":3},"sv12":4,"recent":[{"d":"2026-06-17","day":"Wed","time":"16:32","desc":"Motor Vehicle Theft","res":""},{"d":"2026-05-14","day":"Thu","time":"11:20","desc":"Motor Vehicle Theft","res":""},{"d":"2025-11-10","day":"Mon","time":"09:01","desc":"Larceny","res":""},{"d":"2025-11-07","day":"Fri","time":"13:33","desc":"Larceny","res":""},{"d":"2025-11-01","day":"Sat","time":"07:56","desc":"Larceny","res":""},{"d":"2025-10-07","day":"Tue","time":"16:05","desc":"Larceny","res":""},{"d":"2025-10-04","day":"Sat","time":"06:34","desc":"Motor Vehicle Theft","res":""},{"d":"2025-09-29","day":"Mon","time":"09:53","desc":"Larceny","res":""},{"d":"2025-09-23","day":"Tue","time":"09:57","desc":"Larceny","res":""},{"d":"2025-09-04","day":"Thu","time":"17:13","desc":"Larceny","res":""}]}},{"type":"Feature","geometry":{"type":"Polygon","coordinates":[[[-117.39828456169086,33.963443422064366],[-117.39714386664258,33.96513493707024],[-117.39832064687444,33.96676414911327],[-117.40063813653589,33.966701821714516],[-117.40177877761798,33.965010298325346],[-117.40060198300758,33.963381110718046],[-117.39828456169086,33.963443422064366],[-117.39828456169086,33.963443422064366]]]},"properties":{"h3":"8929a015babffff","count":6,"c3":0,"c6":2,"c12":2,"c24":6,"score":2.7,"risk":5,"peakDay":"Saturday","peakTime":"evening","hood":"Wood Streets","bk12":{"morning":0,"afternoon":1,"evening":1,"night":0},"bk24":{"morning":1,"afternoon":1,"evening":4,"night":0},"recent":[{"d":"2026-03-12","day":"Thu","time":"12:08","desc":"Larceny","res":""},{"d":"2026-03-11","day":"Wed","time":"18:54","desc":"Larceny","res":""},{"d":"2025-01-06","day":"Mon","time":"07:00","desc":"Larceny","res":""},{"d":"2024-12-26","day":"Thu","time":"19:00","desc":"Larceny","res":""},{"d":"2024-09-14","day":"Sat","time":"20:00","desc":"Larceny","res":""},{"d":"2024-09-14","day":"Sat","time":"18:00","desc":"Larceny","res":""}]}},{"type":"Feature","geometry":{"type":"Polygon","coordinates":[[[-117.48461010226622,33.912928628107174],[-117.48347165029425,33.91462098001136],[-117.48464871613245,33.91624965903872],[-117.48696424804396,33.91618596164581],[-117.48810264588975,33.91449360145787],[-117.48692556595303,33.912864946946435],[-117.48461010226622,33.912928628107174],[-117.48461010226622,33.912928628107174]]]},"properties":{"h3":"8929a014d1bffff","count":13,"c3":1,"c6":1,"c12":1,"c24":13,"score":5.2,"risk":10,"peakDay":"Saturday","peakTime":"evening","hood":"La Sierra","bk12":{"morning":1,"afternoon":0,"evening":0,"night":0},"bk24":{"morning":2,"afternoon":2,"evening":6,"night":3},"recent":[{"d":"2026-05-14","day":"Thu","time":"10:44","desc":"Larceny","res":""},{"d":"2025-08-02","day":"Sat","time":"23:00","desc":"Larceny","res":""},{"d":"2025-07-08","day":"Tue","time":"00:00","desc":"Larceny","res":""},{"d":"2025-04-23","day":"Wed","time":"16:30","desc":"Larceny","res":""},{"d":"2025-04-15","day":"Tue","time":"20:21","desc":"Larceny","res":""},{"d":"2025-04-12","day":"Sat","time":"19:30","desc":"Larceny","res":""},{"d":"2025-04-01","day":"Tue","time":"06:00","desc":"Motor Vehicle Theft","res":""},{"d":"2025-03-21","day":"Fri","time":"02:00","desc":"Motor Vehicle Theft","res":""},{"d":"2024-11-08","day":"Fri","time":"21:50","desc":"Motor Vehicle Theft","res":""},{"d":"2024-11-06","day":"Wed","time":"21:00","desc":"Larceny","res":""}]}},{"type":"Feature","geometry":{"type":"Polygon","coordinates":[[[-117.41833357225036,33.889812401305655],[-117.41719402769827,33.89150454851266],[-117.41837022476447,33.89313436159138],[-117.42068598068319,33.89307200296667],[-117.42182547129143,33.89137984737505],[-117.42064925992759,33.88975005879258],[-117.41833357225036,33.889812401305655],[-117.41833357225036,33.889812401305655]]]},"properties":{"h3":"8929a01402bffff","count":1,"c3":0,"c6":0,"c12":0,"c24":1,"score":0.3,"risk":1,"peakDay":"Saturday","peakTime":"evening","hood":"Arlington Heights","bk12":{"morning":0,"afternoon":0,"evening":0,"night":0},"bk24":{"morning":0,"afternoon":0,"evening":1,"night":0},"recent":[{"d":"2024-09-14","day":"Sat","time":"21:00","desc":"Larceny","res":""}]}},{"type":"Feature","geometry":{"type":"Polygon","coordinates":[[[-117.39482637264273,33.965197192190196],[-117.39368559052832,33.966888675398344],[-117.39486235637048,33.96851791187406],[-117.39717991871952,33.9684556407088],[-117.39832064687444,33.96676414911327],[-117.39714386664258,33.96513493707024],[-117.39482637264273,33.965197192190196],[-117.39482637264273,33.965197192190196]]]},"properties":{"h3":"8929a015b07ffff","count":4,"c3":1,"c6":1,"c12":1,"c24":4,"score":1.7,"risk":3,"peakDay":"Saturday","peakTime":"evening","hood":"Wood Streets","bk12":{"morning":0,"afternoon":1,"evening":0,"night":0},"bk24":{"morning":0,"afternoon":1,"evening":2,"night":1},"recent":[{"d":"2026-05-18","day":"Mon","time":"12:33","desc":"Larceny","res":""},{"d":"2024-09-21","day":"Sat","time":"21:00","desc":"Motor Vehicle Theft","res":""},{"d":"2024-09-14","day":"Sat","time":"21:00","desc":"Larceny","res":""},{"d":"2024-09-01","day":"Sun","time":"04:14","desc":"Motor Vehicle Theft","res":""}]}},{"type":"Feature","geometry":{"type":"Polygon","coordinates":[[[-117.38092086992441,33.96556982327761],[-117.37977980581998,33.967261226042545],[-117.38095644352268,33.96889063913968],[-117.3832741597655,33.968828625046726],[-117.38441516994384,33.967137213875354],[-117.38323851780824,33.96550782520322],[-117.38092086992441,33.96556982327761],[-117.38092086992441,33.96556982327761]]]},"properties":{"h3":"8929a015b43ffff","count":6,"c3":0,"c6":0,"c12":3,"c24":6,"score":2.6,"risk":5,"peakDay":"Monday","peakTime":"night","hood":"Wood Streets","bk12":{"morning":3,"afternoon":0,"evening":0,"night":0},"bk24":{"morning":3,"afternoon":0,"evening":0,"night":3},"recent":[{"d":"2025-10-29","day":"Wed","time":"07:39","desc":"Larceny","res":""},{"d":"2025-08-30","day":"Sat","time":"08:29","desc":"Larceny","res":""},{"d":"2025-08-20","day":"Wed","time":"10:55","desc":"Larceny","res":""},{"d":"2025-02-10","day":"Mon","time":"04:00","desc":"Larceny","res":""},{"d":"2025-02-10","day":"Mon","time":"01:00","desc":"Larceny","res":""},{"d":"2024-09-15","day":"Sun","time":"00:00","desc":"Larceny","res":""}]}},{"type":"Feature","geometry":{"type":"Polygon","coordinates":[[[-117.391368023858,33.96695087428156],[-117.39022715467897,33.968642325678516],[-117.39140390612023,33.970271586583905],[-117.39372154114422,33.97020937166251],[-117.39486235637048,33.96851791187406],[-117.39368559052832,33.966888675398344],[-117.391368023858,33.96695087428156],[-117.391368023858,33.96695087428156]]]},"properties":{"h3":"8929a015b0fffff","count":2,"c3":0,"c6":0,"c12":1,"c24":2,"score":0.9,"risk":2,"peakDay":"Sunday","peakTime":"night","hood":"Wood Streets","bk12":{"morning":1,"afternoon":0,"evening":0,"night":0},"bk24":{"morning":1,"afternoon":0,"evening":0,"night":1},"recent":[{"d":"2026-01-12","day":"Mon","time":"08:02","desc":"Larceny","res":""},{"d":"2024-09-15","day":"Sun","time":"01:35","desc":"Larceny","res":""}]}},{"type":"Feature","geometry":{"type":"Polygon","coordinates":[[[-117.38790951535081,33.968704468314584],[-117.3867685591086,33.97039588788695],[-117.38794529613786,33.97202517321898],[-117.39026300382416,33.97196301455184],[-117.39140390612023,33.970271586583905],[-117.39022715467897,33.968642325678516],[-117.38790951535081,33.968704468314584],[-117.38790951535081,33.968704468314584]]]},"properties":{"h3":"8929a015b73ffff","count":3,"c3":0,"c6":0,"c12":1,"c24":3,"score":1.4,"risk":3,"peakDay":"Sunday","peakTime":"morning","hood":"Wood Streets","bk12":{"morning":1,"afternoon":0,"evening":0,"night":0},"bk24":{"morning":3,"afternoon":0,"evening":0,"night":0},"recent":[{"d":"2025-12-15","day":"Mon","time":"08:55","desc":"Larceny","res":""},{"d":"2025-07-27","day":"Sun","time":"10:46","desc":"Larceny","res":""},{"d":"2024-09-15","day":"Sun","time":"07:31","desc":"Larceny","res":""}]}},{"type":"Feature","geometry":{"type":"Polygon","coordinates":[[[-117.4121157202349,33.95642746169271],[-117.41097537346596,33.95811910375522],[-117.41215221114508,33.959748218037085],[-117.41446940992985,33.9596856658084],[-117.41560970270586,33.957994015378944],[-117.41443285069283,33.95636492554496],[-117.4121157202349,33.95642746169271],[-117.4121157202349,33.95642746169271]]]},"properties":{"h3":"8929a015973ffff","count":2,"c3":0,"c6":0,"c12":1,"c24":2,"score":1,"risk":2,"peakDay":"Sunday","peakTime":"morning","hood":"Magnolia Center","bk12":{"morning":1,"afternoon":0,"evening":0,"night":0},"bk24":{"morning":2,"afternoon":0,"evening":0,"night":0},"recent":[{"d":"2026-01-29","day":"Thu","time":"09:11","desc":"Larceny","res":""},{"d":"2024-09-15","day":"Sun","time":"07:59","desc":"Larceny","res":""}]}},{"type":"Feature","geometry":{"type":"Polygon","coordinates":[[[-117.45678472556646,33.91036818234531],[-117.45564574194054,33.91206039831774],[-117.45682251837334,33.91368947024941],[-117.45913829261883,33.913626301705584],[-117.46027722218824,33.911934077409846],[-117.45910043157147,33.91030502998107],[-117.45678472556646,33.91036818234531],[-117.45678472556646,33.91036818234531]]]},"properties":{"h3":"8929a014c7bffff","count":9,"c3":0,"c6":0,"c12":1,"c24":9,"score":3.5,"risk":7,"peakDay":"Monday","peakTime":"afternoon","hood":"La Sierra","bk12":{"morning":1,"afternoon":0,"evening":0,"night":0},"bk24":{"morning":3,"afternoon":3,"evening":3,"night":0},"recent":[{"d":"2025-10-15","day":"Wed","time":"10:50","desc":"Larceny","res":""},{"d":"2025-07-28","day":"Mon","time":"18:00","desc":"Motor Vehicle Theft","res":""},{"d":"2025-05-23","day":"Fri","time":"16:49","desc":"Motor Vehicle Theft","res":""},{"d":"2025-03-10","day":"Mon","time":"08:58","desc":"Larceny","res":""},{"d":"2025-01-13","day":"Mon","time":"17:53","desc":"Motor Vehicle Theft","res":""},{"d":"2025-01-08","day":"Wed","time":"05:55","desc":"Motor Vehicle Theft","res":""},{"d":"2025-01-07","day":"Tue","time":"13:30","desc":"Larceny","res":""},{"d":"2024-12-17","day":"Tue","time":"20:00","desc":"Motor Vehicle Theft","res":""},{"d":"2024-09-15","day":"Sun","time":"12:20","desc":"Larceny","res":""}]}},{"type":"Feature","geometry":{"type":"Polygon","coordinates":[[[-117.3913321437184,33.963630099102105],[-117.39019130765449,33.96532157391741],[-117.391368023858,33.96695087428156],[-117.39368559052832,33.966888675398344],[-117.39482637264273,33.965197192190196],[-117.3936496420391,33.963567916257944],[-117.3913321437184,33.963630099102105],[-117.3913321437184,33.963630099102105]]]},"properties":{"h3":"8929a015b03ffff","count":10,"c3":0,"c6":2,"c12":3,"c24":10,"score":4.6,"risk":9,"peakDay":"Friday","peakTime":"afternoon","hood":"Wood Streets","bk12":{"morning":2,"afternoon":1,"evening":0,"night":0},"bk24":{"morning":4,"afternoon":4,"evening":0,"night":2},"sv12":2,"recent":[{"d":"2026-03-17","day":"Tue","time":"14:32","desc":"Motor Vehicle Theft","res":""},{"d":"2026-03-11","day":"Wed","time":"11:47","desc":"Larceny","res":""},{"d":"2025-08-29","day":"Fri","time":"10:09","desc":"Motor Vehicle Theft","res":""},{"d":"2025-06-20","day":"Fri","time":"08:28","desc":"Larceny","res":""},{"d":"2025-06-20","day":"Fri","time":"06:51","desc":"Larceny","res":""},{"d":"2025-02-22","day":"Sat","time":"03:00","desc":"Larceny","res":""},{"d":"2025-02-22","day":"Sat","time":"03:00","desc":"Larceny","res":""},{"d":"2025-01-23","day":"Thu","time":"15:58","desc":"Motor Vehicle Theft","res":""},{"d":"2024-12-19","day":"Thu","time":"16:00","desc":"Larceny","res":""},{"d":"2024-09-15","day":"Sun","time":"14:00","desc":"Larceny","res":""}]}},{"type":"Feature","geometry":{"type":"Polygon","coordinates":[[[-117.35695010962161,34.001085405626995],[-117.35580820401348,34.00277642045426],[-117.35698498701518,34.00440572793705],[-117.35930369014405,34.00434399620425],[-117.36044554185001,34.002652972951395],[-117.35926874433207,34.00102368985677],[-117.35695010962161,34.001085405626995],[-117.35695010962161,34.001085405626995]]]},"properties":{"h3":"8929a007043ffff","count":7,"c3":2,"c6":4,"c12":5,"c24":7,"score":4.6,"risk":9,"peakDay":"Thursday","peakTime":"afternoon","hood":"Northside","bk12":{"morning":2,"afternoon":3,"evening":0,"night":0},"bk24":{"morning":2,"afternoon":4,"evening":0,"night":1},"sv12":3,"recent":[{"d":"2026-05-30","day":"Sat","time":"06:12","desc":"Motor Vehicle Theft","res":""},{"d":"2026-05-28","day":"Thu","time":"15:37","desc":"Motor Vehicle Theft","res":""},{"d":"2026-03-19","day":"Thu","time":"05:31","desc":"Larceny","res":""},{"d":"2026-03-12","day":"Thu","time":"16:26","desc":"Larceny","res":""},{"d":"2025-10-06","day":"Mon","time":"14:39","desc":"Motor Vehicle Theft","res":""},{"d":"2025-07-26","day":"Sat","time":"00:00","desc":"Motor Vehicle Theft","res":""},{"d":"2024-09-15","day":"Sun","time":"15:00","desc":"Larceny","res":""}]}},{"type":"Feature","geometry":{"type":"Polygon","coordinates":[[[-117.45013821942851,33.93712632224373],[-117.44899883054886,33.93881831260362],[-117.45017582528797,33.940447157792],[-117.45249222312081,33.9403839881391],[-117.45363155793413,33.93869198945725],[-117.45245454898374,33.937063168750086],[-117.45013821942851,33.93712632224373],[-117.45013821942851,33.93712632224373]]]},"properties":{"h3":"8929a014aa3ffff","count":17,"c3":0,"c6":0,"c12":6,"c24":17,"score":7.2,"risk":14,"peakDay":"Friday","peakTime":"evening","hood":"Ramona","bk12":{"morning":3,"afternoon":0,"evening":3,"night":0},"bk24":{"morning":3,"afternoon":4,"evening":7,"night":3},"sv12":3,"recent":[{"d":"2025-10-27","day":"Mon","time":"17:29","desc":"Larceny","res":""},{"d":"2025-10-11","day":"Sat","time":"08:02","desc":"Motor Vehicle Theft","res":""},{"d":"2025-10-03","day":"Fri","time":"17:16","desc":"Larceny","res":""},{"d":"2025-09-12","day":"Fri","time":"09:22","desc":"Larceny","res":""},{"d":"2025-09-05","day":"Fri","time":"10:34","desc":"Motor Vehicle Theft","res":""},{"d":"2025-08-27","day":"Wed","time":"18:36","desc":"Motor Vehicle Theft","res":""},{"d":"2025-06-17","day":"Tue","time":"19:00","desc":"Larceny","res":""},{"d":"2025-06-13","day":"Fri","time":"20:00","desc":"Motor Vehicle Theft","res":""},{"d":"2025-05-31","day":"Sat","time":"17:00","desc":"Larceny","res":""},{"d":"2025-02-24","day":"Mon","time":"17:19","desc":"Larceny","res":""}]}},{"type":"Feature","geometry":{"type":"Polygon","coordinates":[[[-117.41895695980001,33.946277223799854],[-117.41781685332462,33.94796897598652],[-117.41899364917518,33.94959812024169],[-117.42131056581403,33.94953548785165],[-117.4224506182897,33.94784372730349],[-117.42127380812902,33.946214607506704],[-117.41895695980001,33.946277223799854],[-117.41895695980001,33.946277223799854]]]},"properties":{"h3":"8929a01598fffff","count":3,"c3":0,"c6":0,"c12":0,"c24":3,"score":1,"risk":2,"peakDay":"Sunday","peakTime":"evening","hood":"Airport","bk12":{"morning":0,"afternoon":0,"evening":0,"night":0},"bk24":{"morning":1,"afternoon":0,"evening":1,"night":1},"recent":[{"d":"2025-03-14","day":"Fri","time":"08:38","desc":"Motor Vehicle Theft","res":""},{"d":"2025-02-09","day":"Sun","time":"00:00","desc":"Motor Vehicle Theft","res":""},{"d":"2024-09-15","day":"Sun","time":"21:00","desc":"Larceny","res":""}]}},{"type":"Feature","geometry":{"type":"Polygon","coordinates":[[[-117.40167022415004,33.955047906626284],[-117.40052968236648,33.95673950018636],[-117.40170640649899,33.958368766688],[-117.40402368678375,33.95830641518616],[-117.40516417460103,33.956614813244144],[-117.40398743610258,33.95498557118572],[-117.40167022415004,33.955047906626284],[-117.40167022415004,33.955047906626284]]]},"properties":{"h3":"8929a01594bffff","count":5,"c3":0,"c6":1,"c12":2,"c24":5,"score":2.3,"risk":4,"peakDay":"Saturday","peakTime":"night","hood":"Magnolia Center","bk12":{"morning":0,"afternoon":0,"evening":0,"night":2},"bk24":{"morning":0,"afternoon":0,"evening":0,"night":5},"sv12":1,"recent":[{"d":"2026-03-21","day":"Sat","time":"03:12","desc":"Larceny","res":""},{"d":"2025-12-12","day":"Fri","time":"04:45","desc":"Motor Vehicle Theft","res":""},{"d":"2024-11-08","day":"Fri","time":"03:30","desc":"Larceny","res":""},{"d":"2024-11-02","day":"Sat","time":"03:00","desc":"Larceny","res":""},{"d":"2024-09-15","day":"Sun","time":"22:00","desc":"Larceny","res":""}]}},{"type":"Feature","geometry":{"type":"Polygon","coordinates":[[[-117.40527303879986,33.96657703841234],[-117.40413245169395,33.96826857017938],[-117.40530933115956,33.96989765441868],[-117.40762681209162,33.96983518245342],[-117.40876734521142,33.96814364231395],[-117.4075904513881,33.96651458251202],[-117.40527303879986,33.96657703841234],[-117.40527303879986,33.96657703841234]]]},"properties":{"h3":"8929a0066dbffff","count":1,"c3":0,"c6":0,"c12":0,"c24":1,"score":0.3,"risk":1,"peakDay":"Monday","peakTime":"night","hood":"Grand","bk12":{"morning":0,"afternoon":0,"evening":0,"night":0},"bk24":{"morning":0,"afternoon":0,"evening":0,"night":1},"recent":[{"d":"2024-09-16","day":"Mon","time":"02:45","desc":"Larceny","res":""}]}},{"type":"Feature","geometry":{"type":"Polygon","coordinates":[[[-117.40159786587223,33.94840599811939],[-117.40045739027816,33.95009763840659],[-117.40163404394117,33.95172698376323],[-117.40395118756555,33.95166466438485],[-117.40509160919996,33.94997301571301],[-117.40391494117247,33.94834369480404],[-117.40159786587223,33.94840599811939],[-117.40159786587223,33.94840599811939]]]},"properties":{"h3":"8929a015827ffff","count":5,"c3":0,"c6":0,"c12":0,"c24":5,"score":2,"risk":4,"peakDay":"Tuesday","peakTime":"night","hood":"Magnolia Center","bk12":{"morning":0,"afternoon":0,"evening":0,"night":0},"bk24":{"morning":0,"afternoon":0,"evening":0,"night":5},"recent":[{"d":"2025-07-29","day":"Tue","time":"00:14","desc":"Larceny","res":""},{"d":"2025-05-27","day":"Tue","time":"22:30","desc":"Larceny","res":""},{"d":"2025-04-23","day":"Wed","time":"00:00","desc":"Larceny","res":""},{"d":"2025-03-25","day":"Tue","time":"03:30","desc":"Larceny","res":""},{"d":"2024-09-16","day":"Mon","time":"03:54","desc":"Larceny","res":""}]}},{"type":"Feature","geometry":{"type":"Polygon","coordinates":[[[-117.40512789082743,33.95329394587346],[-117.40398743610258,33.95498557118572],[-117.40516417460103,33.956614813244144],[-117.40748138218183,33.95655240554386],[-117.40862178293374,33.95486077185375],[-117.40744503008057,33.9532315542416],[-117.40512789082743,33.95329394587346],[-117.40512789082743,33.95329394587346]]]},"properties":{"h3":"8929a015943ffff","count":5,"c3":1,"c6":1,"c12":1,"c24":5,"score":2.5,"risk":5,"peakDay":"Monday","peakTime":"morning","hood":"Magnolia Center","bk12":{"morning":1,"afternoon":0,"evening":0,"night":0},"bk24":{"morning":4,"afternoon":0,"evening":1,"night":0},"recent":[{"d":"2026-07-13","day":"Mon","time":"06:14","desc":"Larceny","res":""},{"d":"2025-07-24","day":"Thu","time":"18:00","desc":"Motor Vehicle Theft","res":""},{"d":"2025-07-11","day":"Fri","time":"05:41","desc":"Larceny","res":""},{"d":"2024-12-27","day":"Fri","time":"09:07","desc":"Larceny","res":""},{"d":"2024-09-16","day":"Mon","time":"08:41","desc":"Larceny","res":""}]}},{"type":"Feature","geometry":{"type":"Polygon","coordinates":[[[-117.38088529843051,33.96224894454484],[-117.37974426745298,33.963940370734754],[-117.38092086992441,33.96556982327761],[-117.38323851780824,33.96550782520322],[-117.3843794948629,33.963816390605515],[-117.38320287795939,33.96218696248985],[-117.38088529843051,33.96224894454484],[-117.38088529843051,33.96224894454484]]]},"properties":{"h3":"8929a015b53ffff","count":15,"c3":2,"c6":4,"c12":8,"c24":15,"score":7.8,"risk":15,"peakDay":"Saturday","peakTime":"morning","hood":"Wood Streets","bk12":{"morning":6,"afternoon":1,"evening":0,"night":1},"bk24":{"morning":8,"afternoon":2,"evening":1,"night":4},"sv12":2,"recent":[{"d":"2026-07-01","day":"Wed","time":"09:03","desc":"Larceny","res":""},{"d":"2026-05-21","day":"Thu","time":"10:18","desc":"Motor Vehicle Theft","res":""},{"d":"2026-05-01","day":"Fri","time":"07:01","desc":"Motor Vehicle Theft","res":""},{"d":"2026-02-08","day":"Sun","time":"16:36","desc":"Larceny","res":""},{"d":"2026-01-05","day":"Mon","time":"08:22","desc":"Larceny","res":""},{"d":"2025-10-11","day":"Sat","time":"11:13","desc":"Larceny","res":""},{"d":"2025-08-30","day":"Sat","time":"09:24","desc":"Larceny","res":""},{"d":"2025-08-30","day":"Sat","time":"04:53","desc":"Larceny","res":""},{"d":"2025-04-13","day":"Sun","time":"12:36","desc":"Motor Vehicle Theft","res":""},{"d":"2025-03-22","day":"Sat","time":"23:00","desc":"Motor Vehicle Theft","res":""}]}},{"type":"Feature","geometry":{"type":"Polygon","coordinates":[[[-117.33244921305491,33.986787846227756],[-117.33130696361184,33.98847882547963],[-117.33248336286108,33.990108619683696],[-117.33480202614477,33.99004741025116],[-117.33594422175906,33.98835642253431],[-117.3347678079213,33.98672665271481],[-117.33244921305491,33.986787846227756],[-117.33244921305491,33.986787846227756]]]},"properties":{"h3":"8929a007653ffff","count":13,"c3":1,"c6":2,"c12":6,"c24":13,"score":6.4,"risk":12,"peakDay":"Saturday","peakTime":"night","hood":"University","bk12":{"morning":3,"afternoon":1,"evening":1,"night":1},"bk24":{"morning":4,"afternoon":2,"evening":2,"night":5},"sv12":2,"recent":[{"d":"2026-07-06","day":"Mon","time":"09:23","desc":"Motor Vehicle Theft","res":""},{"d":"2026-03-12","day":"Thu","time":"06:52","desc":"Larceny","res":""},{"d":"2025-10-21","day":"Tue","time":"02:22","desc":"Larceny","res":""},{"d":"2025-10-15","day":"Wed","time":"09:01","desc":"Larceny","res":""},{"d":"2025-08-30","day":"Sat","time":"17:15","desc":"Larceny","res":""},{"d":"2025-08-11","day":"Mon","time":"16:00","desc":"Motor Vehicle Theft","res":""},{"d":"2025-08-03","day":"Sun","time":"22:00","desc":"Motor Vehicle Theft","res":""},{"d":"2025-08-03","day":"Sun","time":"22:00","desc":"Motor Vehicle Theft","res":""},{"d":"2025-01-19","day":"Sun","time":"12:46","desc":"Motor Vehicle Theft","res":""},{"d":"2024-11-30","day":"Sat","time":"10:00","desc":"Motor Vehicle Theft","res":""}]}},{"type":"Feature","geometry":{"type":"Polygon","coordinates":[[[-117.47041122151407,33.88673854296207],[-117.4692727510116,33.88843100035046],[-117.47044940793533,33.89006017084724],[-117.47276454950023,33.889996859429296],[-117.47390296593606,33.888304393727125],[-117.47272629487645,33.886675247756514],[-117.47041122151407,33.88673854296207],[-117.47041122151407,33.88673854296207]]]},"properties":{"h3":"8929a016a23ffff","count":4,"c3":0,"c6":0,"c12":0,"c24":4,"score":1.2,"risk":2,"peakDay":"Tuesday","peakTime":"night","hood":"La Sierra South","bk12":{"morning":0,"afternoon":0,"evening":0,"night":0},"bk24":{"morning":0,"afternoon":1,"evening":1,"night":2},"recent":[{"d":"2025-02-17","day":"Mon","time":"22:20","desc":"Motor Vehicle Theft","res":""},{"d":"2024-10-20","day":"Sun","time":"13:32","desc":"Larceny","res":""},{"d":"2024-09-18","day":"Wed","time":"02:15","desc":"Larceny","res":""},{"d":"2024-09-17","day":"Tue","time":"21:00","desc":"Larceny","res":""}]}},{"type":"Feature","geometry":{"type":"Polygon","coordinates":[[[-117.4533299630694,33.91212349468232],[-117.4521908923889,33.91381567915085],[-117.4533676546266,33.91544477558238],[-117.45568350174271,33.91538166304534],[-117.45682251837334,33.91368947024941],[-117.45564574194054,33.91206039831774],[-117.4533299630694,33.91212349468232],[-117.4533299630694,33.91212349468232]]]},"properties":{"h3":"8929a014eb7ffff","count":8,"c3":0,"c6":0,"c12":4,"c24":8,"score":3.7,"risk":7,"peakDay":"Wednesday","peakTime":"evening","hood":"Arlington","bk12":{"morning":0,"afternoon":1,"evening":3,"night":0},"bk24":{"morning":1,"afternoon":2,"evening":3,"night":2},"sv12":2,"recent":[{"d":"2025-09-21","day":"Sun","time":"20:35","desc":"Larceny","res":""},{"d":"2025-09-14","day":"Sun","time":"15:43","desc":"Larceny","res":""},{"d":"2025-09-03","day":"Wed","time":"21:06","desc":"Motor Vehicle Theft","res":""},{"d":"2025-09-03","day":"Wed","time":"21:06","desc":"Motor Vehicle Theft","res":""},{"d":"2025-08-02","day":"Sat","time":"15:43","desc":"Motor Vehicle Theft","res":""},{"d":"2025-06-15","day":"Sun","time":"11:50","desc":"Motor Vehicle Theft","res":""},{"d":"2025-01-11","day":"Sat","time":"04:16","desc":"Motor Vehicle Theft","res":""},{"d":"2024-09-18","day":"Wed","time":"02:19","desc":"Larceny","res":""}]}},{"type":"Feature","geometry":{"type":"Polygon","coordinates":[[[-117.44649493863912,33.922276327907014],[-117.44535562781125,33.923968402907626],[-117.44653243210125,33.925597469591665],[-117.44884856144073,33.925534436785604],[-117.44998781822547,33.923842353452144],[-117.44881099971663,33.92221331125743],[-117.44649493863912,33.922276327907014],[-117.44649493863912,33.922276327907014]]]},"properties":{"h3":"8929a014e23ffff","count":10,"c3":2,"c6":5,"c12":8,"c24":10,"score":6.5,"risk":13,"peakDay":"Friday","peakTime":"evening","hood":"Arlington","bk12":{"morning":3,"afternoon":2,"evening":3,"night":0},"bk24":{"morning":3,"afternoon":2,"evening":4,"night":1},"sv12":2,"recent":[{"d":"2026-06-12","day":"Fri","time":"13:45","desc":"Larceny","res":""},{"d":"2026-05-27","day":"Wed","time":"21:11","desc":"Larceny","res":""},{"d":"2026-03-30","day":"Mon","time":"13:32","desc":"Motor Vehicle Theft","res":""},{"d":"2026-03-13","day":"Fri","time":"18:09","desc":"Larceny","res":""},{"d":"2026-03-06","day":"Fri","time":"08:51","desc":"Larceny","res":""},{"d":"2026-01-08","day":"Thu","time":"07:20","desc":"Larceny","res":""},{"d":"2025-10-26","day":"Sun","time":"17:50","desc":"Larceny","res":""},{"d":"2025-10-21","day":"Tue","time":"05:40","desc":"Motor Vehicle Theft","res":""},{"d":"2024-11-03","day":"Sun","time":"02:12","desc":"Larceny","res":""},{"d":"2024-09-18","day":"Wed","time":"21:00","desc":"Larceny","res":""}]}},{"type":"Feature","geometry":{"type":"Polygon","coordinates":[[[-117.46714805346878,33.905101720488865],[-117.4660093310152,33.90679403089237],[-117.46718614996652,33.908423029306284],[-117.46950170552479,33.908359692804545],[-117.4706403739019,33.90666737409],[-117.4694635408,33.905038400188054],[-117.46714805346878,33.905101720488865],[-117.46714805346878,33.905101720488865]]]},"properties":{"h3":"8929a014c07ffff","count":20,"c3":1,"c6":3,"c12":6,"c24":20,"score":9.6,"risk":19,"peakDay":"Monday","peakTime":"morning","hood":"La Sierra","bk12":{"morning":2,"afternoon":2,"evening":1,"night":1},"bk24":{"morning":7,"afternoon":3,"evening":4,"night":6},"sv12":1,"recent":[{"d":"2026-07-09","day":"Thu","time":"06:39","desc":"Larceny","res":""},{"d":"2026-04-12","day":"Sun","time":"03:17","desc":"Larceny","res":""},{"d":"2026-03-23","day":"Mon","time":"12:11","desc":"Larceny","res":""},{"d":"2025-12-28","day":"Sun","time":"19:25","desc":"Larceny","res":""},{"d":"2025-10-27","day":"Mon","time":"12:33","desc":"Larceny","res":""},{"d":"2025-08-22","day":"Fri","time":"09:04","desc":"Motor Vehicle Theft","res":""},{"d":"2025-08-06","day":"Wed","time":"06:27","desc":"Larceny","res":""},{"d":"2025-07-08","day":"Tue","time":"18:30","desc":"Motor Vehicle Theft","res":""},{"d":"2025-06-15","day":"Sun","time":"20:15","desc":"Motor Vehicle Theft","res":""},{"d":"2025-06-04","day":"Wed","time":"00:00","desc":"Motor Vehicle Theft","res":""}]}},{"type":"Feature","geometry":{"type":"Polygon","coordinates":[[[-117.30073053195048,33.94609209848889],[-117.299588064263,33.947783189276095],[-117.30076373339872,33.9494138727436],[-117.30308188490078,33.949353441029],[-117.30422429887564,33.94766234171716],[-117.30304861506389,33.94603168264438],[-117.30073053195048,33.94609209848889],[-117.30073053195048,33.94609209848889]]]},"properties":{"h3":"8929a002e33ffff","count":11,"c3":1,"c6":3,"c12":4,"c24":11,"score":5.4,"risk":11,"peakDay":"Thursday","peakTime":"afternoon","hood":"Canyon Crest","bk12":{"morning":2,"afternoon":2,"evening":0,"night":0},"bk24":{"morning":3,"afternoon":4,"evening":3,"night":1},"sv12":1,"recent":[{"d":"2026-06-27","day":"Sat","time":"15:28","desc":"Motor Vehicle Theft","res":""},{"d":"2026-04-11","day":"Sat","time":"16:59","desc":"Larceny","res":""},{"d":"2026-04-11","day":"Sat","time":"07:50","desc":"Larceny","res":""},{"d":"2025-09-25","day":"Thu","time":"10:52","desc":"Larceny","res":""},{"d":"2025-06-26","day":"Thu","time":"00:15","desc":"Larceny","res":""},{"d":"2025-06-22","day":"Sun","time":"13:12","desc":"Larceny","res":""},{"d":"2025-01-03","day":"Fri","time":"16:00","desc":"Larceny","res":""},{"d":"2024-10-06","day":"Sun","time":"10:00","desc":"Larceny","res":""},{"d":"2024-10-04","day":"Fri","time":"20:42","desc":"Larceny","res":""},{"d":"2024-09-27","day":"Fri","time":"18:00","desc":"Larceny","res":""}]}},{"type":"Feature","geometry":{"type":"Polygon","coordinates":[[[-117.32542539253213,33.98032933792779],[-117.32428306866588,33.982020323775906],[-117.32545933305951,33.98365028512463],[-117.3277779359308,33.98358923623993],[-117.32892020599155,33.981898241914664],[-117.32774392698933,33.98026830495106],[-117.32542539253213,33.98032933792779],[-117.32542539253213,33.98032933792779]]]},"properties":{"h3":"8929a002b33ffff","count":9,"c3":1,"c6":2,"c12":3,"c24":9,"score":4.2,"risk":8,"peakDay":"Thursday","peakTime":"evening","hood":"University","bk12":{"morning":0,"afternoon":2,"evening":0,"night":1},"bk24":{"morning":1,"afternoon":2,"evening":4,"night":2},"sv12":2,"recent":[{"d":"2026-07-07","day":"Tue","time":"13:57","desc":"Larceny","res":""},{"d":"2026-03-12","day":"Thu","time":"16:36","desc":"Motor Vehicle Theft","res":""},{"d":"2025-10-04","day":"Sat","time":"23:18","desc":"Motor Vehicle Theft","res":""},{"d":"2025-03-08","day":"Sat","time":"08:40","desc":"Larceny","res":""},{"d":"2025-01-29","day":"Wed","time":"19:42","desc":"Motor Vehicle Theft","res":""},{"d":"2024-12-13","day":"Fri","time":"21:06","desc":"Larceny","res":""},{"d":"2024-11-18","day":"Mon","time":"22:00","desc":"Larceny","res":""},{"d":"2024-09-29","day":"Sun","time":"21:00","desc":"Motor Vehicle Theft","res":""},{"d":"2024-09-19","day":"Thu","time":"19:00","desc":"Larceny","res":""}]}},{"type":"Feature","geometry":{"type":"Polygon","coordinates":[[[-117.3462221790851,33.973136700272555],[-117.34508034409689,33.974827854494364],[-117.34625673119177,33.97645763004823],[-117.3485749678199,33.976396226978935],[-117.34971674895895,33.97470506430581],[-117.34854034732182,33.97307531315313],[-117.3462221790851,33.973136700272555],[-117.3462221790851,33.973136700272555]]]},"properties":{"h3":"8929a00292bffff","count":21,"c3":1,"c6":2,"c12":10,"c24":21,"score":10.4,"risk":20,"peakDay":"Friday","peakTime":"afternoon","hood":"University","bk12":{"morning":4,"afternoon":3,"evening":2,"night":1},"bk24":{"morning":6,"afternoon":7,"evening":5,"night":3},"sv12":3,"recent":[{"d":"2026-07-20","day":"Mon","time":"17:03","desc":"Larceny","res":""},{"d":"2026-03-26","day":"Thu","time":"11:42","desc":"Larceny","res":""},{"d":"2025-12-20","day":"Sat","time":"16:39","desc":"Larceny","res":""},{"d":"2025-12-10","day":"Wed","time":"09:59","desc":"Motor Vehicle Theft","res":""},{"d":"2025-12-10","day":"Wed","time":"09:59","desc":"Motor Vehicle Theft","res":""},{"d":"2025-11-09","day":"Sun","time":"23:40","desc":"Motor Vehicle Theft","res":""},{"d":"2025-11-08","day":"Sat","time":"10:05","desc":"Larceny","res":""},{"d":"2025-10-13","day":"Mon","time":"14:00","desc":"Larceny","res":""},{"d":"2025-09-08","day":"Mon","time":"17:25","desc":"Larceny","res":""},{"d":"2025-08-21","day":"Thu","time":"16:00","desc":"Larceny","res":""}]}},{"type":"Feature","geometry":{"type":"Polygon","coordinates":[[[-117.32868195330127,33.95865023667611],[-117.32753991559447,33.960341395508294],[-117.3287159833587,33.961971568962504],[-117.33103410342538,33.96191055918288],[-117.33217608733958,33.9602193918695],[-117.3310000049825,33.95858924281676],[-117.32868195330127,33.95865023667611],[-117.32868195330127,33.95865023667611]]]},"properties":{"h3":"8929a002837ffff","count":14,"c3":2,"c6":4,"c12":5,"c24":14,"score":7.3,"risk":14,"peakDay":"Saturday","peakTime":"afternoon","hood":"Canyon Crest","bk12":{"morning":2,"afternoon":2,"evening":1,"night":0},"bk24":{"morning":4,"afternoon":6,"evening":2,"night":2},"sv12":3,"recent":[{"d":"2026-07-23","day":"Thu","time":"16:57","desc":"Motor Vehicle Theft","res":""},{"d":"2026-06-20","day":"Sat","time":"09:19","desc":"Motor Vehicle Theft","res":""},{"d":"2026-04-02","day":"Thu","time":"18:29","desc":"Larceny","res":""},{"d":"2026-03-06","day":"Fri","time":"11:02","desc":"Motor Vehicle Theft","res":""},{"d":"2025-10-09","day":"Thu","time":"16:40","desc":"Larceny","res":""},{"d":"2025-05-20","day":"Tue","time":"13:30","desc":"Larceny","res":""},{"d":"2025-05-12","day":"Mon","time":"00:00","desc":"Motor Vehicle Theft","res":""},{"d":"2025-05-12","day":"Mon","time":"00:00","desc":"Larceny","res":""},{"d":"2025-04-02","day":"Wed","time":"19:40","desc":"Larceny","res":""},{"d":"2025-02-10","day":"Mon","time":"12:00","desc":"Larceny","res":""}]}},{"type":"Feature","geometry":{"type":"Polygon","coordinates":[[[-117.34995938205759,33.99794986220608],[-117.3488173686752,33.99964086016585],[-117.34999405213419,34.00127029547498],[-117.35231276351551,34.00120870843765],[-117.35345472301576,33.999517702041416],[-117.3522780250196,33.99788829111879],[-117.34995938205759,33.99794986220608],[-117.34995938205759,33.99794986220608]]]},"properties":{"h3":"8929a00762fffff","count":9,"c3":0,"c6":1,"c12":3,"c24":9,"score":4,"risk":8,"peakDay":"Saturday","peakTime":"morning","hood":"Hunter Industrial Park","bk12":{"morning":2,"afternoon":0,"evening":0,"night":1},"bk24":{"morning":3,"afternoon":2,"evening":2,"night":2},"sv12":1,"recent":[{"d":"2026-04-27","day":"Mon","time":"01:09","desc":"Motor Vehicle Theft","res":""},{"d":"2025-10-15","day":"Wed","time":"11:45","desc":"Larceny","res":""},{"d":"2025-09-05","day":"Fri","time":"06:21","desc":"Larceny","res":""},{"d":"2025-07-19","day":"Sat","time":"14:00","desc":"Larceny","res":""},{"d":"2025-02-18","day":"Tue","time":"05:42","desc":"Motor Vehicle Theft","res":""},{"d":"2025-02-17","day":"Mon","time":"15:00","desc":"Motor Vehicle Theft","res":""},{"d":"2025-01-25","day":"Sat","time":"22:00","desc":"Motor Vehicle Theft","res":""},{"d":"2024-10-26","day":"Sat","time":"18:00","desc":"Motor Vehicle Theft","res":""},{"d":"2024-09-20","day":"Fri","time":"17:00","desc":"Larceny","res":""}]}},{"type":"Feature","geometry":{"type":"Polygon","coordinates":[[[-117.3775330316359,33.97396472182565],[-117.37639181421319,33.97565604584362],[-117.37756850793939,33.97728540443727],[-117.3798864335366,33.97722341459527],[-117.38102759703331,33.97553208216947],[-117.37985088886157,33.97390274799333],[-117.3775330316359,33.97396472182565],[-117.3775330316359,33.97396472182565]]]},"properties":{"h3":"8929a0074a3ffff","count":38,"c3":2,"c6":5,"c12":16,"c24":38,"score":19.3,"risk":37,"peakDay":"Thursday","peakTime":"evening","hood":"Downtown","bk12":{"morning":2,"afternoon":2,"evening":7,"night":5},"bk24":{"morning":12,"afternoon":3,"evening":15,"night":8},"sv12":4,"recent":[{"d":"2026-06-23","day":"Tue","time":"20:46","desc":"Motor Vehicle Theft","res":""},{"d":"2026-05-29","day":"Fri","time":"17:38","desc":"Larceny","res":""},{"d":"2026-03-27","day":"Fri","time":"09:31","desc":"Larceny","res":""},{"d":"2026-03-25","day":"Wed","time":"20:29","desc":"Larceny","res":""},{"d":"2026-02-05","day":"Thu","time":"21:17","desc":"Larceny","res":""},{"d":"2026-01-19","day":"Mon","time":"20:07","desc":"Motor Vehicle Theft","res":""},{"d":"2026-01-15","day":"Thu","time":"18:17","desc":"Larceny","res":""},{"d":"2025-11-02","day":"Sun","time":"14:07","desc":"Motor Vehicle Theft","res":""},{"d":"2025-09-19","day":"Fri","time":"07:23","desc":"Larceny","res":""},{"d":"2025-09-18","day":"Thu","time":"22:15","desc":"Larceny","res":""}]}},{"type":"Feature","geometry":{"type":"Polygon","coordinates":[[[-117.47394125579194,33.891625966102865],[-117.47280280638505,33.89331840871815],[-117.473979547911,33.89494747608485],[-117.47629475297283,33.894884076311335],[-117.47743314829992,33.893191625389086],[-117.47625639264778,33.89156258254713],[-117.47394125579194,33.891625966102865],[-117.47394125579194,33.891625966102865]]]},"properties":{"h3":"8929a016b5bffff","count":3,"c3":0,"c6":0,"c12":0,"c24":3,"score":1,"risk":2,"peakDay":"Friday","peakTime":"night","hood":"La Sierra South","bk12":{"morning":0,"afternoon":0,"evening":0,"night":0},"bk24":{"morning":1,"afternoon":0,"evening":0,"night":2},"recent":[{"d":"2025-05-15","day":"Thu","time":"10:47","desc":"Larceny","res":""},{"d":"2024-11-16","day":"Sat","time":"23:00","desc":"Larceny","res":""},{"d":"2024-09-20","day":"Fri","time":"22:00","desc":"Larceny","res":""}]}},{"type":"Feature","geometry":{"type":"Polygon","coordinates":[[[-117.34210793029006,33.911779728571126],[-117.34096663834455,33.913471295428316],[-117.3421423421282,33.91510184307013],[-117.34445935239923,33.915040799414285],[-117.34560059056452,33.91334922407591],[-117.34442487224179,33.91171870087442],[-117.34210793029006,33.911779728571126],[-117.34210793029006,33.911779728571126]]]},"properties":{"h3":"8929a01538bffff","count":1,"c3":0,"c6":0,"c12":0,"c24":1,"score":0.3,"risk":1,"peakDay":"Friday","peakTime":"night","hood":"Alessandro Heights","bk12":{"morning":0,"afternoon":0,"evening":0,"night":0},"bk24":{"morning":0,"afternoon":0,"evening":0,"night":1},"recent":[{"d":"2024-09-20","day":"Fri","time":"23:30","desc":"Larceny","res":""}]}},{"type":"Feature","geometry":{"type":"Polygon","coordinates":[[[-117.36383577797211,33.994259391518845],[-117.36269407968332,33.9959504938636],[-117.36387085646406,33.99757979209263],[-117.36618934602959,33.997517963580236],[-117.36733099040612,33.99582685281671],[-117.36615419913218,33.994197578984156],[-117.36383577797211,33.994259391518845],[-117.36383577797211,33.994259391518845]]]},"properties":{"h3":"8929a0070c7ffff","count":9,"c3":0,"c6":1,"c12":1,"c24":9,"score":3.6,"risk":7,"peakDay":"Saturday","peakTime":"evening","hood":"Downtown","bk12":{"morning":1,"afternoon":0,"evening":0,"night":0},"bk24":{"morning":1,"afternoon":2,"evening":3,"night":3},"recent":[{"d":"2026-03-28","day":"Sat","time":"07:28","desc":"Larceny","res":""},{"d":"2025-07-24","day":"Thu","time":"22:32","desc":"Motor Vehicle Theft","res":""},{"d":"2025-04-30","day":"Wed","time":"15:15","desc":"Motor Vehicle Theft","res":""},{"d":"2025-01-31","day":"Fri","time":"16:45","desc":"Motor Vehicle Theft","res":""},{"d":"2025-01-20","day":"Mon","time":"02:55","desc":"Larceny","res":""},{"d":"2024-12-21","day":"Sat","time":"19:18","desc":"Motor Vehicle Theft","res":""},{"d":"2024-12-12","day":"Thu","time":"18:00","desc":"Motor Vehicle Theft","res":""},{"d":"2024-09-21","day":"Sat","time":"20:00","desc":"Larceny","res":""},{"d":"2024-09-10","day":"Tue","time":"04:10","desc":"Motor Vehicle Theft","res":""}]}},{"type":"Feature","geometry":{"type":"Polygon","coordinates":[[[-117.49524357787043,33.93090622052231],[-117.49410515644448,33.93259850455974],[-117.49528251139193,33.93422683414883],[-117.49759830183827,33.93416285519091],[-117.49873666909502,33.9324705628915],[-117.4975593000774,33.93084225781182],[-117.49524357787043,33.93090622052231],[-117.49524357787043,33.93090622052231]]]},"properties":{"h3":"8929a014987ffff","count":3,"c3":0,"c6":0,"c12":0,"c24":3,"score":1,"risk":2,"peakDay":"Sunday","peakTime":"night","hood":"La Sierra Hills","bk12":{"morning":0,"afternoon":0,"evening":0,"night":0},"bk24":{"morning":1,"afternoon":0,"evening":0,"night":2},"recent":[{"d":"2025-08-04","day":"Mon","time":"01:50","desc":"Motor Vehicle Theft","res":""},{"d":"2024-09-22","day":"Sun","time":"00:00","desc":"Larceny","res":""},{"d":"2024-09-01","day":"Sun","time":"08:00","desc":"Motor Vehicle Theft","res":""}]}},{"type":"Feature","geometry":{"type":"Polygon","coordinates":[[[-117.41870019491864,33.923029193040136],[-117.41756031989048,33.92472110825715],[-117.41873686910897,33.92635052825485],[-117.42105330766344,33.926288008561386],[-117.42219312871491,33.92459608497338],[-117.42101656519141,33.92296668944966],[-117.41870019491864,33.923029193040136],[-117.41870019491864,33.923029193040136]]]},"properties":{"h3":"8929a015d8fffff","count":3,"c3":0,"c6":0,"c12":1,"c24":3,"score":1.1,"risk":2,"peakDay":"Sunday","peakTime":"night","hood":"Presidential Park","bk12":{"morning":1,"afternoon":0,"evening":0,"night":0},"bk24":{"morning":1,"afternoon":0,"evening":0,"night":2},"recent":[{"d":"2025-09-26","day":"Fri","time":"10:27","desc":"Larceny","res":""},{"d":"2024-12-17","day":"Tue","time":"04:28","desc":"Larceny","res":""},{"d":"2024-09-22","day":"Sun","time":"01:06","desc":"Larceny","res":""}]}},{"type":"Feature","geometry":{"type":"Polygon","coordinates":[[[-117.40494650414676,33.93668866758447],[-117.40380621485502,33.938380409587495],[-117.40498277719193,33.94000984869853],[-117.40729964317437,33.939947521349026],[-117.40843987850955,33.938255770961376],[-117.40726330182159,33.936626356307706],[-117.40494650414676,33.93668866758447],[-117.40494650414676,33.93668866758447]]]},"properties":{"h3":"8929a0158b7ffff","count":12,"c3":0,"c6":2,"c12":7,"c24":12,"score":6.4,"risk":12,"peakDay":"Monday","peakTime":"morning","hood":"Ramona","bk12":{"morning":3,"afternoon":3,"evening":1,"night":0},"bk24":{"morning":5,"afternoon":4,"evening":2,"night":1},"sv12":3,"recent":[{"d":"2026-03-14","day":"Sat","time":"10:10","desc":"Motor Vehicle Theft","res":""},{"d":"2026-02-09","day":"Mon","time":"12:17","desc":"Larceny","res":""},{"d":"2026-01-09","day":"Fri","time":"05:53","desc":"Motor Vehicle Theft","res":""},{"d":"2026-01-05","day":"Mon","time":"18:40","desc":"Larceny","res":""},{"d":"2025-11-10","day":"Mon","time":"05:59","desc":"Motor Vehicle Theft","res":""},{"d":"2025-09-24","day":"Wed","time":"14:59","desc":"Larceny","res":""},{"d":"2025-09-09","day":"Tue","time":"14:55","desc":"Larceny","res":""},{"d":"2025-05-24","day":"Sat","time":"02:15","desc":"Larceny","res":""},{"d":"2025-05-15","day":"Thu","time":"17:15","desc":"Larceny","res":""},{"d":"2025-03-22","day":"Sat","time":"13:30","desc":"Larceny","res":""}]}},{"type":"Feature","geometry":{"type":"Polygon","coordinates":[[[-117.41207923148306,33.95310664254067],[-117.41093891779803,33.954798307965426],[-117.4121157202349,33.95642746169271],[-117.41443285069283,33.95636492554496],[-117.41557311038825,33.954673251751885],[-117.41439629361818,33.953044122474694],[-117.41207923148306,33.95310664254067],[-117.41207923148306,33.95310664254067]]]},"properties":{"h3":"8929a01590bffff","count":4,"c3":1,"c6":2,"c12":2,"c24":4,"score":2.3,"risk":4,"peakDay":"Monday","peakTime":"morning","hood":"Magnolia Center","bk12":{"morning":2,"afternoon":0,"evening":0,"night":0},"bk24":{"morning":3,"afternoon":1,"evening":0,"night":0},"recent":[{"d":"2026-06-22","day":"Mon","time":"11:23","desc":"Larceny","res":""},{"d":"2026-04-06","day":"Mon","time":"08:53","desc":"Larceny","res":""},{"d":"2024-11-05","day":"Tue","time":"09:20","desc":"Motor Vehicle Theft","res":""},{"d":"2024-09-22","day":"Sun","time":"13:46","desc":"Larceny","res":""}]}},{"type":"Feature","geometry":{"type":"Polygon","coordinates":[[[-117.33943927623402,33.98992486266227],[-117.33829713445854,33.991615858838614],[-117.33947363332035,33.99324552531596],[-117.34179228852804,33.99318417123056],[-117.34293437645468,33.99149316660012],[-117.34175786302524,33.989863524509005],[-117.33943927623402,33.98992486266227],[-117.33943927623402,33.98992486266227]]]},"properties":{"h3":"8929a00760bffff","count":10,"c3":0,"c6":0,"c12":4,"c24":10,"score":4.3,"risk":8,"peakDay":"Thursday","peakTime":"night","hood":"University","bk12":{"morning":2,"afternoon":0,"evening":1,"night":1},"bk24":{"morning":3,"afternoon":1,"evening":1,"night":5},"sv12":3,"recent":[{"d":"2025-12-30","day":"Tue","time":"20:53","desc":"Larceny","res":""},{"d":"2025-11-10","day":"Mon","time":"22:10","desc":"Motor Vehicle Theft","res":""},{"d":"2025-10-09","day":"Thu","time":"07:49","desc":"Motor Vehicle Theft","res":""},{"d":"2025-09-04","day":"Thu","time":"11:05","desc":"Motor Vehicle Theft","res":""},{"d":"2025-07-19","day":"Sat","time":"01:30","desc":"Larceny","res":""},{"d":"2025-02-06","day":"Thu","time":"03:30","desc":"Larceny","res":""},{"d":"2024-12-13","day":"Fri","time":"04:10","desc":"Larceny","res":""},{"d":"2024-09-22","day":"Sun","time":"14:00","desc":"Larceny","res":""},{"d":"2024-09-14","day":"Sat","time":"01:00","desc":"Motor Vehicle Theft","res":""},{"d":"2024-08-10","day":"Sat","time":"06:01","desc":"Motor Vehicle Theft","res":""}]}},{"type":"Feature","geometry":{"type":"Polygon","coordinates":[[[-117.4017425909882,33.96168956392787],[-117.40060198300758,33.963381110718046],[-117.40177877761798,33.965010298325346],[-117.40409619457925,33.96494791470351],[-117.40523674858703,33.96325635953412],[-117.40405993960923,33.9616271963656],[-117.4017425909882,33.96168956392787],[-117.4017425909882,33.96168956392787]]]},"properties":{"h3":"8929a015ba3ffff","count":2,"c3":0,"c6":1,"c12":1,"c24":2,"score":1.1,"risk":2,"peakDay":"Monday","peakTime":"morning","hood":"Wood Streets","bk12":{"morning":1,"afternoon":0,"evening":0,"night":0},"bk24":{"morning":2,"afternoon":0,"evening":0,"night":0},"recent":[{"d":"2026-04-29","day":"Wed","time":"11:54","desc":"Larceny","res":""},{"d":"2024-09-23","day":"Mon","time":"07:32","desc":"Larceny","res":""}]}},{"type":"Feature","geometry":{"type":"Polygon","coordinates":[[[-117.31843590316947,33.97719112157455],[-117.31729347172215,33.97888209045208],[-117.31846963644865,33.980512179444666],[-117.32078824725463,33.98045127517614],[-117.3219306249164,33.978760297810595],[-117.32075444556054,33.97713023320144],[-117.31843590316947,33.97719112157455],[-117.31843590316947,33.97719112157455]]]},"properties":{"h3":"8929a002b03ffff","count":8,"c3":0,"c6":1,"c12":4,"c24":8,"score":3.7,"risk":7,"peakDay":"Wednesday","peakTime":"afternoon","hood":"University","bk12":{"morning":2,"afternoon":1,"evening":1,"night":0},"bk24":{"morning":2,"afternoon":2,"evening":2,"night":2},"recent":[{"d":"2026-04-01","day":"Wed","time":"20:07","desc":"Larceny","res":""},{"d":"2025-11-05","day":"Wed","time":"07:40","desc":"Larceny","res":""},{"d":"2025-10-03","day":"Fri","time":"08:50","desc":"Larceny","res":""},{"d":"2025-08-20","day":"Wed","time":"12:52","desc":"Larceny","res":""},{"d":"2025-01-16","day":"Thu","time":"21:30","desc":"Larceny","res":""},{"d":"2025-01-05","day":"Sun","time":"23:00","desc":"Larceny","res":""},{"d":"2024-10-11","day":"Fri","time":"04:31","desc":"Motor Vehicle Theft","res":""},{"d":"2024-09-23","day":"Mon","time":"16:00","desc":"Larceny","res":""}]}},{"type":"Feature","geometry":{"type":"Polygon","coordinates":[[[-117.36719028266108,33.98254484212496],[-117.36604877091789,33.98423604697322],[-117.36722545647517,33.985865439317024],[-117.36954366825825,33.985803602406236],[-117.37068512609233,33.984112389139256],[-117.36950842605528,33.98248302120161],[-117.36719028266108,33.98254484212496],[-117.36719028266108,33.98254484212496]]]},"properties":{"h3":"8929a007477ffff","count":24,"c3":1,"c6":2,"c12":3,"c24":24,"score":9.6,"risk":19,"peakDay":"Saturday","peakTime":"afternoon","hood":"Downtown","bk12":{"morning":1,"afternoon":2,"evening":0,"night":0},"bk24":{"morning":4,"afternoon":7,"evening":7,"night":6},"sv12":1,"recent":[{"d":"2026-05-07","day":"Thu","time":"16:18","desc":"Larceny","res":""},{"d":"2026-03-07","day":"Sat","time":"07:18","desc":"Larceny","res":""},{"d":"2025-10-09","day":"Thu","time":"16:23","desc":"Motor Vehicle Theft","res":""},{"d":"2025-07-26","day":"Sat","time":"10:53","desc":"Larceny","res":""},{"d":"2025-07-10","day":"Thu","time":"02:30","desc":"Larceny","res":""},{"d":"2025-06-28","day":"Sat","time":"12:57","desc":"Larceny","res":""},{"d":"2025-05-31","day":"Sat","time":"16:00","desc":"Motor Vehicle Theft","res":""},{"d":"2025-04-29","day":"Tue","time":"19:00","desc":"Motor Vehicle Theft","res":""},{"d":"2025-04-05","day":"Sat","time":"22:25","desc":"Larceny","res":""},{"d":"2025-03-18","day":"Tue","time":"16:00","desc":"Motor Vehicle Theft","res":""}]}},{"type":"Feature","geometry":{"type":"Polygon","coordinates":[[[-117.46361778696372,33.90021450404909],[-117.4624790434341,33.901906829272455],[-117.46365577774901,33.90353593087174],[-117.46597126975658,33.90347268273406],[-117.46710995922297,33.90178034919283],[-117.46593321074779,33.90015127210695],[-117.46361778696372,33.90021450404909],[-117.46361778696372,33.90021450404909]]]},"properties":{"h3":"8929a014c13ffff","count":14,"c3":1,"c6":1,"c12":4,"c24":14,"score":5.9,"risk":11,"peakDay":"Saturday","peakTime":"afternoon","hood":"La Sierra","bk12":{"morning":1,"afternoon":1,"evening":0,"night":2},"bk24":{"morning":4,"afternoon":5,"evening":3,"night":2},"sv12":2,"recent":[{"d":"2026-06-10","day":"Wed","time":"13:37","desc":"Motor Vehicle Theft","res":""},{"d":"2025-10-18","day":"Sat","time":"00:33","desc":"Larceny","res":""},{"d":"2025-09-25","day":"Thu","time":"08:33","desc":"Larceny","res":""},{"d":"2025-08-14","day":"Thu","time":"03:00","desc":"Motor Vehicle Theft","res":""},{"d":"2025-06-26","day":"Thu","time":"15:00","desc":"Larceny","res":""},{"d":"2025-04-30","day":"Wed","time":"12:00","desc":"Larceny","res":""},{"d":"2025-04-13","day":"Sun","time":"16:12","desc":"Larceny","res":""},{"d":"2025-03-29","day":"Sat","time":"15:00","desc":"Motor Vehicle Theft","res":""},{"d":"2025-01-05","day":"Sun","time":"06:30","desc":"Larceny","res":""},{"d":"2024-11-09","day":"Sat","time":"19:20","desc":"Larceny","res":""}]}},{"type":"Feature","geometry":{"type":"Polygon","coordinates":[[[-117.34639496006506,33.98974071949256],[-117.34525295918199,33.991431756122175],[-117.34642952239595,33.993061334336446],[-117.34874810104175,33.99299985153079],[-117.34989004805925,33.99130880645661],[-117.34871347029929,33.989679252632456],[-117.34639496006506,33.98974071949256],[-117.34639496006506,33.98974071949256]]]},"properties":{"h3":"8929a007607ffff","count":3,"c3":0,"c6":0,"c12":0,"c24":3,"score":0.8,"risk":2,"peakDay":"Tuesday","peakTime":"afternoon","hood":"Hunter Industrial Park","bk12":{"morning":0,"afternoon":0,"evening":0,"night":0},"bk24":{"morning":1,"afternoon":2,"evening":0,"night":0},"recent":[{"d":"2024-12-03","day":"Tue","time":"07:41","desc":"Larceny","res":""},{"d":"2024-09-24","day":"Tue","time":"13:00","desc":"Larceny","res":""},{"d":"2024-08-27","day":"Tue","time":"12:28","desc":"Motor Vehicle Theft","res":""}]}},{"type":"Feature","geometry":{"type":"Polygon","coordinates":[[[-117.46008777435284,33.89532697813909],[-117.45894900976184,33.89701931816344],[-117.46012565944052,33.89864852291459],[-117.46244108788298,33.89858536312637],[-117.46357979842402,33.89689301477733],[-117.46240313457535,33.89526383454105],[-117.46008777435284,33.89532697813909],[-117.46008777435284,33.89532697813909]]]},"properties":{"h3":"8929a014cd7ffff","count":3,"c3":0,"c6":0,"c12":0,"c24":3,"score":1,"risk":2,"peakDay":"Tuesday","peakTime":"evening","hood":"La Sierra South","bk12":{"morning":0,"afternoon":0,"evening":0,"night":0},"bk24":{"morning":0,"afternoon":0,"evening":2,"night":1},"recent":[{"d":"2025-03-30","day":"Sun","time":"22:30","desc":"Motor Vehicle Theft","res":""},{"d":"2024-12-02","day":"Mon","time":"20:30","desc":"Motor Vehicle Theft","res":""},{"d":"2024-09-24","day":"Tue","time":"17:00","desc":"Larceny","res":""}]}},{"type":"Feature","geometry":{"type":"Polygon","coordinates":[[[-117.45351844314172,33.928729273521874],[-117.45237920739251,33.93042134195405],[-117.45355614584305,33.932050241488774],[-117.45587233424428,33.93198704810248],[-117.4570115159271,33.93029497134972],[-117.45583456327785,33.92866609630368],[-117.45351844314172,33.928729273521874],[-117.45351844314172,33.928729273521874]]]},"properties":{"h3":"8929a014843ffff","count":22,"c3":1,"c6":2,"c12":8,"c24":22,"score":9.6,"risk":19,"peakDay":"Tuesday","peakTime":"afternoon","hood":"Arlanza","bk12":{"morning":4,"afternoon":4,"evening":0,"night":0},"bk24":{"morning":4,"afternoon":9,"evening":6,"night":3},"sv12":2,"recent":[{"d":"2026-05-25","day":"Mon","time":"15:18","desc":"Motor Vehicle Theft","res":""},{"d":"2026-03-19","day":"Thu","time":"08:45","desc":"Larceny","res":""},{"d":"2025-12-18","day":"Thu","time":"08:17","desc":"Larceny","res":""},{"d":"2025-11-22","day":"Sat","time":"15:52","desc":"Larceny","res":""},{"d":"2025-10-21","day":"Tue","time":"15:32","desc":"Larceny","res":""},{"d":"2025-09-02","day":"Tue","time":"12:33","desc":"Motor Vehicle Theft","res":""},{"d":"2025-08-20","day":"Wed","time":"06:03","desc":"Larceny","res":""},{"d":"2025-08-17","day":"Sun","time":"11:44","desc":"Larceny","res":""},{"d":"2025-03-22","day":"Sat","time":"15:00","desc":"Larceny","res":""},{"d":"2025-03-18","day":"Tue","time":"23:40","desc":"Motor Vehicle Theft","res":""}]}},{"type":"Feature","geometry":{"type":"Polygon","coordinates":[[[-117.42888333239637,33.9011578576232],[-117.42774388364535,33.90284998364731],[-117.42892029963194,33.904479526844185],[-117.43123617864028,33.90441691952257],[-117.43237557341108,33.902724785132904],[-117.43119914315652,33.901095266430254],[-117.42888333239637,33.9011578576232],[-117.42888333239637,33.9011578576232]]]},"properties":{"h3":"8929a0143b7ffff","count":10,"c3":0,"c6":0,"c12":1,"c24":10,"score":3.6,"risk":7,"peakDay":"Saturday","peakTime":"morning","hood":"Arlington Heights","bk12":{"morning":1,"afternoon":0,"evening":0,"night":0},"bk24":{"morning":7,"afternoon":0,"evening":3,"night":0},"sv12":1,"recent":[{"d":"2025-10-02","day":"Thu","time":"06:04","desc":"Motor Vehicle Theft","res":""},{"d":"2025-07-19","day":"Sat","time":"05:43","desc":"Larceny","res":""},{"d":"2025-04-26","day":"Sat","time":"10:26","desc":"Larceny","res":""},{"d":"2025-04-12","day":"Sat","time":"09:00","desc":"Larceny","res":""},{"d":"2024-11-05","day":"Tue","time":"18:00","desc":"Larceny","res":""},{"d":"2024-10-28","day":"Mon","time":"08:45","desc":"Larceny","res":""},{"d":"2024-10-18","day":"Fri","time":"09:00","desc":"Larceny","res":""},{"d":"2024-10-10","day":"Thu","time":"18:50","desc":"Larceny","res":""},{"d":"2024-10-05","day":"Sat","time":"08:57","desc":"Larceny","res":""},{"d":"2024-09-25","day":"Wed","time":"19:00","desc":"Larceny","res":""}]}},{"type":"Feature","geometry":{"type":"Polygon","coordinates":[[[-117.39486235637048,33.96851791187406],[-117.39372154114422,33.97020937166251],[-117.394898342227,33.971838568671885],[-117.39721597292927,33.97177628146217],[-117.39835673419276,33.97008481328769],[-117.39717991871952,33.9684556407088],[-117.39486235637048,33.96851791187406],[-117.39486235637048,33.96851791187406]]]},"properties":{"h3":"8929a015b3bffff","count":4,"c3":0,"c6":0,"c12":0,"c24":4,"score":1.2,"risk":2,"peakDay":"Thursday","peakTime":"night","hood":"Wood Streets","bk12":{"morning":0,"afternoon":0,"evening":0,"night":0},"bk24":{"morning":0,"afternoon":0,"evening":2,"night":2},"recent":[{"d":"2025-03-20","day":"Thu","time":"20:00","desc":"Motor Vehicle Theft","res":""},{"d":"2024-12-25","day":"Wed","time":"20:45","desc":"Larceny","res":""},{"d":"2024-09-26","day":"Thu","time":"01:05","desc":"Larceny","res":""},{"d":"2024-08-15","day":"Thu","time":"04:30","desc":"Motor Vehicle Theft","res":""}]}},{"type":"Feature","geometry":{"type":"Polygon","coordinates":[[[-117.38776641336757,33.95542102001583],[-117.38662558959524,33.957112533234756],[-117.38780218568901,33.95874197635165],[-117.39011961996697,33.95867988181396],[-117.39126038980635,33.95698836019406],[-117.39008377930355,33.955358941512664],[-117.38776641336757,33.95542102001583],[-117.38776641336757,33.95542102001583]]]},"properties":{"h3":"8929a015bd7ffff","count":26,"c3":2,"c6":4,"c12":11,"c24":26,"score":12.7,"risk":25,"peakDay":"Friday","peakTime":"afternoon","hood":"Magnolia Center","bk12":{"morning":3,"afternoon":5,"evening":2,"night":1},"bk24":{"morning":5,"afternoon":11,"evening":9,"night":1},"sv12":3,"recent":[{"d":"2026-07-05","day":"Sun","time":"12:03","desc":"Larceny","res":""},{"d":"2026-06-22","day":"Mon","time":"13:21","desc":"Larceny","res":""},{"d":"2026-04-24","day":"Fri","time":"11:52","desc":"Larceny","res":""},{"d":"2026-04-06","day":"Mon","time":"17:28","desc":"Larceny","res":""},{"d":"2026-01-22","day":"Thu","time":"22:26","desc":"Larceny","res":""},{"d":"2026-01-12","day":"Mon","time":"13:14","desc":"Motor Vehicle Theft","res":""},{"d":"2025-10-25","day":"Sat","time":"14:03","desc":"Larceny","res":""},{"d":"2025-09-22","day":"Mon","time":"06:17","desc":"Motor Vehicle Theft","res":""},{"d":"2025-09-09","day":"Tue","time":"15:36","desc":"Motor Vehicle Theft","res":""},{"d":"2025-08-15","day":"Fri","time":"07:50","desc":"Larceny","res":""}]}},{"type":"Feature","geometry":{"type":"Polygon","coordinates":[[[-117.30805228660232,33.98244625872745],[-117.3069095941905,33.984137131469254],[-117.30808571496179,33.9857672935938],[-117.31040454281056,33.98570655860212],[-117.3115471814571,33.98401567736007],[-117.31037104602294,33.98238553960978],[-117.30805228660232,33.98244625872745],[-117.30805228660232,33.98244625872745]]]},"properties":{"h3":"8929a002b4fffff","count":2,"c3":1,"c6":1,"c12":1,"c24":2,"score":1.2,"risk":2,"peakDay":"Thursday","peakTime":"morning","hood":"University","bk12":{"morning":1,"afternoon":0,"evening":0,"night":0},"bk24":{"morning":2,"afternoon":0,"evening":0,"night":0},"sv12":1,"recent":[{"d":"2026-06-15","day":"Mon","time":"05:28","desc":"Motor Vehicle Theft","res":""},{"d":"2024-09-26","day":"Thu","time":"08:45","desc":"Larceny","res":""}]}},{"type":"Feature","geometry":{"type":"Polygon","coordinates":[[[-117.33238091950479,33.98014611030014],[-117.33123873645549,33.98183713663156],[-117.33241506526954,33.98346700975972],[-117.33473359172265,33.98340583216727],[-117.33587572094969,33.981714797368184],[-117.3346993775487,33.98008494862903],[-117.33238091950479,33.98014611030014],[-117.33238091950479,33.98014611030014]]]},"properties":{"h3":"8929a0076dbffff","count":23,"c3":3,"c6":5,"c12":10,"c24":23,"score":12.2,"risk":24,"peakDay":"Monday","peakTime":"afternoon","hood":"University","bk12":{"morning":2,"afternoon":4,"evening":2,"night":2},"bk24":{"morning":4,"afternoon":8,"evening":5,"night":6},"sv12":4,"recent":[{"d":"2026-07-08","day":"Wed","time":"23:37","desc":"Larceny","res":""},{"d":"2026-07-07","day":"Tue","time":"10:55","desc":"Motor Vehicle Theft","res":""},{"d":"2026-05-09","day":"Sat","time":"01:20","desc":"Motor Vehicle Theft","res":""},{"d":"2026-03-20","day":"Fri","time":"17:46","desc":"Larceny","res":""},{"d":"2026-03-20","day":"Fri","time":"17:00","desc":"Larceny","res":""},{"d":"2026-01-18","day":"Sun","time":"12:51","desc":"Motor Vehicle Theft","res":""},{"d":"2026-01-16","day":"Fri","time":"08:20","desc":"Larceny","res":""},{"d":"2025-11-23","day":"Sun","time":"12:10","desc":"Larceny","res":""},{"d":"2025-11-03","day":"Mon","time":"15:56","desc":"Motor Vehicle Theft","res":""},{"d":"2025-11-03","day":"Mon","time":"15:56","desc":"Larceny","res":""}]}},{"type":"Feature","geometry":{"type":"Polygon","coordinates":[[[-117.36387085646406,33.99757979209263],[-117.36272912500884,33.99927087089082],[-117.36390593703189,34.00090012959423],[-117.36622449500699,34.00083828510501],[-117.36736617254661,33.999147197889386],[-117.36618934602959,33.997517963580236],[-117.36387085646406,33.99757979209263],[-117.36387085646406,33.99757979209263]]]},"properties":{"h3":"8929a00701bffff","count":3,"c3":0,"c6":0,"c12":0,"c24":3,"score":1.2,"risk":2,"peakDay":"Thursday","peakTime":"night","hood":"Northside","bk12":{"morning":0,"afternoon":0,"evening":0,"night":0},"bk24":{"morning":0,"afternoon":1,"evening":0,"night":2},"recent":[{"d":"2025-06-16","day":"Mon","time":"23:26","desc":"Larceny","res":""},{"d":"2025-05-13","day":"Tue","time":"00:00","desc":"Motor Vehicle Theft","res":""},{"d":"2024-09-26","day":"Thu","time":"12:25","desc":"Larceny","res":""}]}},{"type":"Feature","geometry":{"type":"Polygon","coordinates":[[[-117.38751606635331,33.93217256823265],[-117.38637547432931,33.93386424492099],[-117.38755182386716,33.93549396378276],[-117.38986877983567,33.93543198150499],[-117.39100931794974,33.93374029640617],[-117.38983295400807,33.93211060199544],[-117.38751606635331,33.93217256823265],[-117.38751606635331,33.93217256823265]]]},"properties":{"h3":"8929a0158d7ffff","count":4,"c3":1,"c6":1,"c12":2,"c24":4,"score":2.1,"risk":4,"peakDay":"Thursday","peakTime":"morning","hood":"Casa Blanca","bk12":{"morning":1,"afternoon":0,"evening":1,"night":0},"bk24":{"morning":2,"afternoon":0,"evening":1,"night":1},"recent":[{"d":"2026-07-04","day":"Sat","time":"11:05","desc":"Larceny","res":""},{"d":"2025-09-21","day":"Sun","time":"18:12","desc":"Larceny","res":""},{"d":"2024-12-13","day":"Fri","time":"11:20","desc":"Larceny","res":""},{"d":"2024-09-26","day":"Thu","time":"23:00","desc":"Larceny","res":""}]}},{"type":"Feature","geometry":{"type":"Polygon","coordinates":[[[-117.48107909511918,33.908042369632724],[-117.47994062200499,33.90973473639085],[-117.48111760323054,33.9113635186837],[-117.48343307168129,33.91129990970085],[-117.48457149068254,33.90960753465212],[-117.48339449534878,33.90797877687666],[-117.48107909511918,33.908042369632724],[-117.48107909511918,33.908042369632724]]]},"properties":{"h3":"8929a014dc3ffff","count":1,"c3":0,"c6":0,"c12":0,"c24":1,"score":0.3,"risk":1,"peakDay":"Thursday","peakTime":"night","hood":"La Sierra","bk12":{"morning":0,"afternoon":0,"evening":0,"night":0},"bk24":{"morning":0,"afternoon":0,"evening":0,"night":1},"recent":[{"d":"2024-09-26","day":"Thu","time":"23:00","desc":"Larceny","res":""}]}},{"type":"Feature","geometry":{"type":"Polygon","coordinates":[[[-117.34629128534291,33.97977849687859],[-117.34514938400258,33.98146960409561],[-117.34632584153871,33.98309930074312],[-117.34864421496184,33.98303786577668],[-117.3497860624465,33.98134675011105],[-117.34860959036652,33.97971707786029],[-117.34629128534291,33.97977849687859],[-117.34629128534291,33.97977849687859]]]},"properties":{"h3":"8929a007683ffff","count":2,"c3":1,"c6":1,"c12":1,"c24":2,"score":1.2,"risk":2,"peakDay":"Friday","peakTime":"morning","hood":"University","bk12":{"morning":0,"afternoon":0,"evening":1,"night":0},"bk24":{"morning":1,"afternoon":0,"evening":1,"night":0},"sv12":1,"recent":[{"d":"2026-06-17","day":"Wed","time":"18:55","desc":"Motor Vehicle Theft","res":""},{"d":"2024-09-27","day":"Fri","time":"05:00","desc":"Larceny","res":""}]}},{"type":"Feature","geometry":{"type":"Polygon","coordinates":[[[-117.31490759964746,33.9723006330985],[-117.31376514763699,33.97399161701027],[-117.31494122731638,33.97562180923117],[-117.31725977364805,33.975560993155305],[-117.3184021718863,33.973870000748754],[-117.31722607756788,33.97223983291267],[-117.31490759964746,33.9723006330985],[-117.31490759964746,33.9723006330985]]]},"properties":{"h3":"8929a002bc7ffff","count":9,"c3":0,"c6":0,"c12":4,"c24":9,"score":4.1,"risk":8,"peakDay":"Saturday","peakTime":"morning","hood":"University","bk12":{"morning":4,"afternoon":0,"evening":0,"night":0},"bk24":{"morning":7,"afternoon":0,"evening":0,"night":2},"sv12":2,"recent":[{"d":"2025-12-22","day":"Mon","time":"10:20","desc":"Larceny","res":""},{"d":"2025-10-15","day":"Wed","time":"11:05","desc":"Larceny","res":""},{"d":"2025-10-03","day":"Fri","time":"09:26","desc":"Motor Vehicle Theft","res":""},{"d":"2025-10-03","day":"Fri","time":"08:43","desc":"Motor Vehicle Theft","res":""},{"d":"2025-07-23","day":"Wed","time":"11:30","desc":"Larceny","res":""},{"d":"2025-05-22","day":"Thu","time":"00:00","desc":"Motor Vehicle Theft","res":""},{"d":"2024-10-26","day":"Sat","time":"23:00","desc":"Larceny","res":""},{"d":"2024-09-30","day":"Mon","time":"08:49","desc":"Motor Vehicle Theft","res":""},{"d":"2024-09-28","day":"Sat","time":"06:41","desc":"Larceny","res":""}]}},{"type":"Feature","geometry":{"type":"Polygon","coordinates":[[[-117.36394101967588,34.004220404003156],[-117.36279922188204,34.005911435676175],[-117.36397610439616,34.0075406152989],[-117.36629479920234,34.00747873885864],[-117.36743654307402,34.00578769877088],[-117.36625964606448,34.00415854353797],[-117.36394101967588,34.004220404003156],[-117.36394101967588,34.004220404003156]]]},"properties":{"h3":"8929a007073ffff","count":7,"c3":0,"c6":0,"c12":0,"c24":7,"score":2.5,"risk":5,"peakDay":"Wednesday","peakTime":"morning","hood":"Northside","bk12":{"morning":0,"afternoon":0,"evening":0,"night":0},"bk24":{"morning":4,"afternoon":3,"evening":0,"night":0},"recent":[{"d":"2025-07-22","day":"Tue","time":"14:00","desc":"Motor Vehicle Theft","res":""},{"d":"2025-07-05","day":"Sat","time":"10:30","desc":"Larceny","res":""},{"d":"2025-03-20","day":"Thu","time":"13:29","desc":"Larceny","res":""},{"d":"2024-10-16","day":"Wed","time":"05:47","desc":"Motor Vehicle Theft","res":""},{"d":"2024-10-16","day":"Wed","time":"05:47","desc":"Larceny","res":""},{"d":"2024-10-16","day":"Wed","time":"05:47","desc":"Larceny","res":""},{"d":"2024-09-28","day":"Sat","time":"15:00","desc":"Larceny","res":""}]}},{"type":"Feature","geometry":{"type":"Polygon","coordinates":[[[-117.39464648592904,33.94859265119865],[-117.3935058693451,33.95028425134476],[-117.39468245901574,33.95191368500481],[-117.3969996796591,33.951851494074766],[-117.3981402423,33.9501598855345],[-117.39696363824339,33.94853047631825],[-117.39464648592904,33.94859265119865],[-117.39464648592904,33.94859265119865]]]},"properties":{"h3":"8929a01582bffff","count":5,"c3":0,"c6":1,"c12":1,"c24":5,"score":2,"risk":4,"peakDay":"Friday","peakTime":"night","hood":"Magnolia Center","bk12":{"morning":0,"afternoon":1,"evening":0,"night":0},"bk24":{"morning":2,"afternoon":1,"evening":0,"night":2},"recent":[{"d":"2026-04-08","day":"Wed","time":"16:39","desc":"Larceny","res":""},{"d":"2025-03-28","day":"Fri","time":"05:15","desc":"Larceny","res":""},{"d":"2024-10-18","day":"Fri","time":"05:00","desc":"Larceny","res":""},{"d":"2024-10-18","day":"Fri","time":"04:55","desc":"Larceny","res":""},{"d":"2024-09-30","day":"Mon","time":"00:00","desc":"Larceny","res":""}]}},{"type":"Feature","geometry":{"type":"Polygon","coordinates":[[[-117.33577298493468,33.971751887320345],[-117.33463095527402,33.97344299266259],[-117.3358072282467,33.975072920282074],[-117.3381255454571,33.97501171816267],[-117.33926752129531,33.97332060435415],[-117.33809123374837,33.971690701131145],[-117.33577298493468,33.971751887320345],[-117.33577298493468,33.971751887320345]]]},"properties":{"h3":"8929a00297bffff","count":8,"c3":2,"c6":3,"c12":5,"c24":8,"score":4.9,"risk":10,"peakDay":"Friday","peakTime":"afternoon","hood":"University","bk12":{"morning":0,"afternoon":3,"evening":0,"night":2},"bk24":{"morning":0,"afternoon":5,"evening":1,"night":2},"recent":[{"d":"2026-06-14","day":"Sun","time":"16:26","desc":"Larceny","res":""},{"d":"2026-06-13","day":"Sat","time":"23:30","desc":"Larceny","res":""},{"d":"2026-03-27","day":"Fri","time":"14:33","desc":"Larceny","res":""},{"d":"2026-01-14","day":"Wed","time":"13:14","desc":"Larceny","res":""},{"d":"2025-09-05","day":"Fri","time":"04:03","desc":"Larceny","res":""},{"d":"2025-07-09","day":"Wed","time":"21:00","desc":"Motor Vehicle Theft","res":""},{"d":"2025-03-27","day":"Thu","time":"14:41","desc":"Larceny","res":""},{"d":"2024-09-30","day":"Mon","time":"14:00","desc":"Larceny","res":""}]}},{"type":"Feature","geometry":{"type":"Polygon","coordinates":[[[-117.31745850564067,33.88085314103858],[-117.31631703647261,33.88254478791062],[-117.31749218110596,33.88417601627916],[-117.31980880951745,33.88411557332768],[-117.32095022499482,33.88242391792822],[-117.3197750657542,33.880792714007484],[-117.31745850564067,33.88085314103858],[-117.31745850564067,33.88085314103858]]]},"properties":{"h3":"8929a015613ffff","count":2,"c3":0,"c6":0,"c12":1,"c24":2,"score":0.8,"risk":2,"peakDay":"Monday","peakTime":"afternoon","hood":"Orangecrest","bk12":{"morning":0,"afternoon":0,"evening":1,"night":0},"bk24":{"morning":0,"afternoon":1,"evening":1,"night":0},"recent":[{"d":"2025-09-11","day":"Thu","time":"19:01","desc":"Larceny","res":""},{"d":"2024-09-30","day":"Mon","time":"15:30","desc":"Larceny","res":""}]}},{"type":"Feature","geometry":{"type":"Polygon","coordinates":[[[-117.49858054403678,33.91918770495973],[-117.49744230862895,33.920880089966225],[-117.49861957184017,33.92250851333314],[-117.50093508451891,33.92244452717428],[-117.5020732657609,33.92075213390583],[-117.50089598849276,33.919123735058015],[-117.49858054403678,33.91918770495973],[-117.49858054403678,33.91918770495973]]]},"properties":{"h3":"8929a014d37ffff","count":2,"c3":0,"c6":0,"c12":1,"c24":2,"score":0.8,"risk":2,"peakDay":"Monday","peakTime":"evening","hood":"La Sierra","bk12":{"morning":1,"afternoon":0,"evening":0,"night":0},"bk24":{"morning":1,"afternoon":0,"evening":1,"night":0},"sv12":1,"recent":[{"d":"2025-10-12","day":"Sun","time":"11:42","desc":"Motor Vehicle Theft","res":""},{"d":"2024-09-30","day":"Mon","time":"17:00","desc":"Larceny","res":""}]}},{"type":"Feature","geometry":{"type":"Polygon","coordinates":[[[-117.37760398634191,33.98060602410502],[-117.3764627026415,33.982297301179464],[-117.37763946684363,33.983926580808365],[-117.37995752919595,33.9838645589496],[-117.38109875896373,33.982173273470046],[-117.37992198031462,33.98054401825421],[-117.37760398634191,33.98060602410502],[-117.37760398634191,33.98060602410502]]]},"properties":{"h3":"8929a007437ffff","count":16,"c3":3,"c6":4,"c12":8,"c24":16,"score":8.7,"risk":17,"peakDay":"Friday","peakTime":"evening","hood":"Downtown","bk12":{"morning":3,"afternoon":1,"evening":4,"night":0},"bk24":{"morning":5,"afternoon":4,"evening":6,"night":1},"sv12":4,"recent":[{"d":"2026-07-10","day":"Fri","time":"10:36","desc":"Larceny","res":""},{"d":"2026-06-19","day":"Fri","time":"08:30","desc":"Larceny","res":""},{"d":"2026-05-20","day":"Wed","time":"09:51","desc":"Motor Vehicle Theft","res":""},{"d":"2026-05-01","day":"Fri","time":"18:19","desc":"Motor Vehicle Theft","res":""},{"d":"2026-01-05","day":"Mon","time":"12:45","desc":"Larceny","res":""},{"d":"2025-11-24","day":"Mon","time":"18:36","desc":"Motor Vehicle Theft","res":""},{"d":"2025-08-08","day":"Fri","time":"18:00","desc":"Motor Vehicle Theft","res":""},{"d":"2025-08-08","day":"Fri","time":"17:00","desc":"Larceny","res":""},{"d":"2025-06-24","day":"Tue","time":"09:01","desc":"Motor Vehicle Theft","res":""},{"d":"2025-06-14","day":"Sat","time":"16:49","desc":"Motor Vehicle Theft","res":""}]}},{"type":"Feature","geometry":{"type":"Polygon","coordinates":[[[-117.45708713059467,33.93693673347678],[-117.45594788287755,33.93862876373731],[-117.45712494128195,33.94025752053389],[-117.45944126159604,33.940194222584694],[-117.46058045523027,33.938502184011725],[-117.45940338263607,33.93687345170021],[-117.45708713059467,33.93693673347678],[-117.45708713059467,33.93693673347678]]]},"properties":{"h3":"8929a01486bffff","count":5,"c3":0,"c6":0,"c12":2,"c24":5,"score":2,"risk":4,"peakDay":"Wednesday","peakTime":"night","hood":"Arlanza","bk12":{"morning":2,"afternoon":0,"evening":0,"night":0},"bk24":{"morning":2,"afternoon":0,"evening":1,"night":2},"recent":[{"d":"2025-10-08","day":"Wed","time":"08:28","desc":"Larceny","res":""},{"d":"2025-09-22","day":"Mon","time":"08:02","desc":"Larceny","res":""},{"d":"2024-11-15","day":"Fri","time":"21:00","desc":"Motor Vehicle Theft","res":""},{"d":"2024-10-06","day":"Sun","time":"22:00","desc":"Motor Vehicle Theft","res":""},{"d":"2024-10-02","day":"Wed","time":"00:00","desc":"Larceny","res":""}]}},{"type":"Feature","geometry":{"type":"Polygon","coordinates":[[[-117.4780093201238,33.94300687833177],[-117.47687043005156,33.94469898164472],[-117.47804774974998,33.94632739427332],[-117.48036397364994,33.94626367909674],[-117.48150280958292,33.94457156750271],[-117.48032547575797,33.942943179366175],[-117.4780093201238,33.94300687833177],[-117.4780093201238,33.94300687833177]]]},"properties":{"h3":"8929a01494fffff","count":11,"c3":0,"c6":1,"c12":2,"c24":11,"score":4.2,"risk":8,"peakDay":"Monday","peakTime":"afternoon","hood":"La Sierra Acres","bk12":{"morning":0,"afternoon":1,"evening":1,"night":0},"bk24":{"morning":1,"afternoon":4,"evening":2,"night":4},"sv12":1,"recent":[{"d":"2026-03-09","day":"Mon","time":"16:22","desc":"Motor Vehicle Theft","res":""},{"d":"2025-08-22","day":"Fri","time":"19:30","desc":"Larceny","res":""},{"d":"2025-04-14","day":"Mon","time":"00:41","desc":"Motor Vehicle Theft","res":""},{"d":"2025-04-14","day":"Mon","time":"00:41","desc":"Motor Vehicle Theft","res":""},{"d":"2025-02-23","day":"Sun","time":"07:00","desc":"Larceny","res":""},{"d":"2025-02-17","day":"Mon","time":"16:00","desc":"Motor Vehicle Theft","res":""},{"d":"2024-12-27","day":"Fri","time":"21:30","desc":"Larceny","res":""},{"d":"2024-10-26","day":"Sat","time":"23:30","desc":"Motor Vehicle Theft","res":""},{"d":"2024-10-02","day":"Wed","time":"13:00","desc":"Motor Vehicle Theft","res":""},{"d":"2024-10-02","day":"Wed","time":"13:00","desc":"Larceny","res":""}]}},{"type":"Feature","geometry":{"type":"Polygon","coordinates":[[[-117.44641995836493,33.915633856790556],[-117.44528071357962,33.91732597821098],[-117.44645744739374,33.918955123633125],[-117.44877344021333,33.918892123140914],[-117.44991263096207,33.917199993384905],[-117.44873588293059,33.91557087245655],[-117.44641995836493,33.915633856790556],[-117.44641995836493,33.915633856790556]]]},"properties":{"h3":"8929a014eabffff","count":6,"c3":0,"c6":0,"c12":0,"c24":6,"score":2,"risk":4,"peakDay":"Sunday","peakTime":"evening","hood":"Arlington","bk12":{"morning":0,"afternoon":0,"evening":0,"night":0},"bk24":{"morning":0,"afternoon":2,"evening":3,"night":1},"recent":[{"d":"2025-03-23","day":"Sun","time":"00:30","desc":"Motor Vehicle Theft","res":""},{"d":"2025-02-11","day":"Tue","time":"21:00","desc":"Larceny","res":""},{"d":"2025-02-01","day":"Sat","time":"17:20","desc":"Larceny","res":""},{"d":"2024-12-15","day":"Sun","time":"15:21","desc":"Larceny","res":""},{"d":"2024-10-07","day":"Mon","time":"20:00","desc":"Motor Vehicle Theft","res":""},{"d":"2024-10-02","day":"Wed","time":"16:00","desc":"Larceny","res":""}]}},{"type":"Feature","geometry":{"type":"Polygon","coordinates":[[[-117.46707186722891,33.8984589154387],[-117.46593321074779,33.90015127210695],[-117.46710995922297,33.90178034919283],[-117.4694253783312,33.90171704509381],[-117.47056398074243,33.90002468011179],[-117.46938721811813,33.89839562754237],[-117.46707186722891,33.8984589154387],[-117.46707186722891,33.8984589154387]]]},"properties":{"h3":"8929a014c8fffff","count":16,"c3":3,"c6":5,"c12":8,"c24":16,"score":8.8,"risk":17,"peakDay":"Tuesday","peakTime":"evening","hood":"La Sierra South","bk12":{"morning":2,"afternoon":1,"evening":5,"night":0},"bk24":{"morning":4,"afternoon":1,"evening":8,"night":3},"sv12":3,"recent":[{"d":"2026-06-30","day":"Tue","time":"18:04","desc":"Larceny","res":""},{"d":"2026-06-26","day":"Fri","time":"16:01","desc":"Larceny","res":""},{"d":"2026-06-07","day":"Sun","time":"21:12","desc":"Motor Vehicle Theft","res":""},{"d":"2026-04-28","day":"Tue","time":"10:54","desc":"Motor Vehicle Theft","res":""},{"d":"2026-04-22","day":"Wed","time":"20:04","desc":"Motor Vehicle Theft","res":""},{"d":"2025-12-20","day":"Sat","time":"11:08","desc":"Larceny","res":""},{"d":"2025-08-27","day":"Wed","time":"17:34","desc":"Larceny","res":""},{"d":"2025-08-27","day":"Wed","time":"17:34","desc":"Larceny","res":""},{"d":"2025-07-24","day":"Thu","time":"06:20","desc":"Motor Vehicle Theft","res":""},{"d":"2025-04-18","day":"Fri","time":"04:22","desc":"Larceny","res":""}]}},{"type":"Feature","geometry":{"type":"Polygon","coordinates":[[[-117.29347925181831,33.916373870086],[-117.29233694242889,33.91806513106478],[-117.29351223052895,33.919696256110235],[-117.29582984271194,33.91963609576598],[-117.29697209843494,33.917944826240856],[-117.29579679564412,33.91631372560617],[-117.29347925181831,33.916373870086],[-117.29347925181831,33.916373870086]]]},"properties":{"h3":"8929a002113ffff","count":6,"c3":1,"c6":2,"c12":2,"c24":6,"score":3,"risk":6,"peakDay":"Wednesday","peakTime":"night","hood":"Sycamore Canyon/Canyon Springs","bk12":{"morning":0,"afternoon":2,"evening":0,"night":0},"bk24":{"morning":2,"afternoon":2,"evening":0,"night":2},"sv12":1,"recent":[{"d":"2026-07-27","day":"Mon","time":"16:20","desc":"Larceny","res":""},{"d":"2026-04-20","day":"Mon","time":"12:29","desc":"Motor Vehicle Theft","res":""},{"d":"2024-12-15","day":"Sun","time":"00:00","desc":"Larceny","res":""},{"d":"2024-11-27","day":"Wed","time":"11:00","desc":"Larceny","res":""},{"d":"2024-11-27","day":"Wed","time":"11:00","desc":"Larceny","res":""},{"d":"2024-10-04","day":"Fri","time":"00:00","desc":"Larceny","res":""}]}},{"type":"Feature","geometry":{"type":"Polygon","coordinates":[[[-117.3245097568649,33.89064002688175],[-117.32336832878919,33.89233164432888],[-117.32454364322938,33.89396266715405],[-117.3268604003361,33.89390204808691],[-117.32800177469456,33.892210422125956],[-117.32682644566634,33.89057942374581],[-117.3245097568649,33.89064002688175],[-117.3245097568649,33.89064002688175]]]},"properties":{"h3":"8929a015623ffff","count":14,"c3":0,"c6":1,"c12":3,"c24":14,"score":6.2,"risk":12,"peakDay":"Thursday","peakTime":"evening","hood":"Orangecrest","bk12":{"morning":0,"afternoon":0,"evening":3,"night":0},"bk24":{"morning":3,"afternoon":3,"evening":5,"night":3},"sv12":2,"recent":[{"d":"2026-04-30","day":"Thu","time":"19:13","desc":"Motor Vehicle Theft","res":""},{"d":"2026-01-15","day":"Thu","time":"18:22","desc":"Larceny","res":""},{"d":"2025-08-14","day":"Thu","time":"20:32","desc":"Motor Vehicle Theft","res":""},{"d":"2025-06-21","day":"Sat","time":"16:46","desc":"Larceny","res":""},{"d":"2025-06-21","day":"Sat","time":"16:46","desc":"Larceny","res":""},{"d":"2025-04-20","day":"Sun","time":"12:58","desc":"Larceny","res":""},{"d":"2025-04-18","day":"Fri","time":"20:06","desc":"Larceny","res":""},{"d":"2025-04-10","day":"Thu","time":"05:55","desc":"Larceny","res":""},{"d":"2025-03-24","day":"Mon","time":"19:15","desc":"Larceny","res":""},{"d":"2025-03-15","day":"Sat","time":"00:00","desc":"Larceny","res":""}]}},{"type":"Feature","geometry":{"type":"Polygon","coordinates":[[[-117.32125430710198,33.91232705174242],[-117.32011259318904,33.91401849768185],[-117.32128810399368,33.915649309672645],[-117.32360534331785,33.91558865129523],[-117.32474700350069,33.91389719684613],[-117.3235714780923,33.91226640928395],[-117.32125430710198,33.91232705174242],[-117.32125430710198,33.91232705174242]]]},"properties":{"h3":"8929a01523bffff","count":13,"c3":2,"c6":3,"c12":5,"c24":13,"score":6.5,"risk":13,"peakDay":"Friday","peakTime":"evening","hood":"Mission Grove","bk12":{"morning":1,"afternoon":2,"evening":1,"night":1},"bk24":{"morning":2,"afternoon":5,"evening":5,"night":1},"recent":[{"d":"2026-07-15","day":"Wed","time":"22:43","desc":"Larceny","res":""},{"d":"2026-06-03","day":"Wed","time":"14:39","desc":"Larceny","res":""},{"d":"2026-03-12","day":"Thu","time":"17:21","desc":"Larceny","res":""},{"d":"2025-12-19","day":"Fri","time":"13:09","desc":"Larceny","res":""},{"d":"2025-12-19","day":"Fri","time":"08:13","desc":"Larceny","res":""},{"d":"2025-08-05","day":"Tue","time":"17:15","desc":"Larceny","res":""},{"d":"2024-12-22","day":"Sun","time":"20:15","desc":"Motor Vehicle Theft","res":""},{"d":"2024-11-17","day":"Sun","time":"17:40","desc":"Larceny","res":""},{"d":"2024-11-07","day":"Thu","time":"14:26","desc":"Larceny","res":""},{"d":"2024-10-29","day":"Tue","time":"14:00","desc":"Larceny","res":""}]}},{"type":"Feature","geometry":{"type":"Polygon","coordinates":[[[-117.42936407698545,33.94433467796882],[-117.4282241986567,33.94602650186539],[-117.429401072648,33.94765553331181],[-117.43171783924836,33.94759271639623],[-117.43285766355415,33.945900884151804],[-117.43168077528534,33.94427187717064],[-117.42936407698545,33.94433467796882],[-117.42936407698545,33.94433467796882]]]},"properties":{"h3":"8929a014a4fffff","count":2,"c3":0,"c6":0,"c12":0,"c24":2,"score":0.7,"risk":1,"peakDay":"Saturday","peakTime":"afternoon","hood":"Ramona","bk12":{"morning":0,"afternoon":0,"evening":0,"night":0},"bk24":{"morning":1,"afternoon":1,"evening":0,"night":0},"recent":[{"d":"2025-05-26","day":"Mon","time":"05:00","desc":"Larceny","res":""},{"d":"2024-10-05","day":"Sat","time":"14:27","desc":"Larceny","res":""}]}},{"type":"Feature","geometry":{"type":"Polygon","coordinates":[[[-117.49497110765839,33.90766017257391],[-117.49383291697121,33.909352618726814],[-117.49501002507169,33.91098122419727],[-117.49732533792722,33.91091735898966],[-117.49846347446838,33.90922490456527],[-117.49728635230277,33.907596323619806],[-117.49497110765839,33.90766017257391],[-117.49497110765839,33.90766017257391]]]},"properties":{"h3":"8929a014d87ffff","count":4,"c3":0,"c6":0,"c12":0,"c24":4,"score":1.4,"risk":3,"peakDay":"Saturday","peakTime":"night","hood":"La Sierra","bk12":{"morning":0,"afternoon":0,"evening":0,"night":0},"bk24":{"morning":0,"afternoon":0,"evening":1,"night":3},"recent":[{"d":"2025-08-06","day":"Wed","time":"03:21","desc":"Larceny","res":""},{"d":"2025-01-27","day":"Mon","time":"02:42","desc":"Larceny","res":""},{"d":"2024-10-17","day":"Thu","time":"02:40","desc":"Larceny","res":""},{"d":"2024-10-05","day":"Sat","time":"17:35","desc":"Larceny","res":""}]}},{"type":"Feature","geometry":{"type":"Polygon","coordinates":[[[-117.34279655392504,33.978210107488636],[-117.34165459873897,33.9799012062516],[-117.34283100649921,33.98153096675313],[-117.34514938400258,33.98146960409561],[-117.34629128534291,33.97977849687859],[-117.34511486302846,33.97814876077299],[-117.34279655392504,33.978210107488636],[-117.34279655392504,33.978210107488636]]]},"properties":{"h3":"8929a00769bffff","count":2,"c3":0,"c6":0,"c12":1,"c24":2,"score":0.9,"risk":2,"peakDay":"Sunday","peakTime":"night","hood":"University","bk12":{"morning":0,"afternoon":1,"evening":0,"night":0},"bk24":{"morning":0,"afternoon":1,"evening":0,"night":1},"sv12":1,"recent":[{"d":"2025-10-30","day":"Thu","time":"13:54","desc":"Motor Vehicle Theft","res":""},{"d":"2024-10-06","day":"Sun","time":"00:15","desc":"Larceny","res":""}]}},{"type":"Feature","geometry":{"type":"Polygon","coordinates":[[[-117.49850249535109,33.91254590055524],[-117.49736432585627,33.91423833185105],[-117.49854151854046,33.915866834026914],[-117.50085689477773,33.91580288038323],[-117.50199501011325,33.91411044082275],[-117.50081780337361,33.91248196317046],[-117.49850249535109,33.91254590055524],[-117.49850249535109,33.91254590055524]]]},"properties":{"h3":"8929a014da3ffff","count":2,"c3":0,"c6":0,"c12":0,"c24":2,"score":0.6,"risk":1,"peakDay":"Sunday","peakTime":"evening","hood":"La Sierra","bk12":{"morning":0,"afternoon":0,"evening":0,"night":0},"bk24":{"morning":1,"afternoon":0,"evening":1,"night":0},"recent":[{"d":"2025-02-20","day":"Thu","time":"09:10","desc":"Larceny","res":""},{"d":"2024-10-06","day":"Sun","time":"17:45","desc":"Larceny","res":""}]}},{"type":"Feature","geometry":{"type":"Polygon","coordinates":[[[-117.47098425491727,33.93655640148081],[-117.46984528959926,33.938248511461445],[-117.4710224752157,33.93987709143532],[-117.47333864029954,33.939813536935695],[-117.4744775515014,33.938121418661716],[-117.47330035173835,33.93649286318055],[-117.47098425491727,33.93655640148081],[-117.47098425491727,33.93655640148081]]]},"properties":{"h3":"8929a01482fffff","count":6,"c3":1,"c6":1,"c12":1,"c24":6,"score":2.5,"risk":5,"peakDay":"Monday","peakTime":"evening","hood":"Arlanza","bk12":{"morning":0,"afternoon":0,"evening":0,"night":1},"bk24":{"morning":1,"afternoon":1,"evening":2,"night":2},"sv12":1,"recent":[{"d":"2026-05-26","day":"Tue","time":"04:08","desc":"Motor Vehicle Theft","res":""},{"d":"2025-05-03","day":"Sat","time":"17:30","desc":"Larceny","res":""},{"d":"2025-01-30","day":"Thu","time":"06:30","desc":"Motor Vehicle Theft","res":""},{"d":"2024-10-07","day":"Mon","time":"16:21","desc":"Larceny","res":""},{"d":"2024-10-07","day":"Mon","time":"02:00","desc":"Larceny","res":""},{"d":"2024-10-06","day":"Sun","time":"19:00","desc":"Larceny","res":""}]}},{"type":"Feature","geometry":{"type":"Polygon","coordinates":[[[-117.46050463352246,33.931860533070896],[-117.4593655059159,33.93355261813879],[-117.46054254325551,33.935181389874415],[-117.46285872238236,33.935118052051635],[-117.4639977959027,33.93342595867403],[-117.46282074438516,33.93179721142874],[-117.46050463352246,33.931860533070896],[-117.46050463352246,33.931860533070896]]]},"properties":{"h3":"8929a014873ffff","count":2,"c3":0,"c6":0,"c12":0,"c24":2,"score":0.7,"risk":1,"peakDay":"Monday","peakTime":"night","hood":"Arlanza","bk12":{"morning":0,"afternoon":0,"evening":0,"night":0},"bk24":{"morning":0,"afternoon":1,"evening":0,"night":1},"recent":[{"d":"2025-04-15","day":"Tue","time":"15:59","desc":"Motor Vehicle Theft","res":""},{"d":"2024-10-07","day":"Mon","time":"02:10","desc":"Larceny","res":""}]}},{"type":"Feature","geometry":{"type":"Polygon","coordinates":[[[-117.4532922737404,33.90880215125729],[-117.4521532360679,33.91049435890096],[-117.4533299630694,33.91212349468232],[-117.45564574194054,33.91206039831774],[-117.45678472556646,33.91036818234531],[-117.45560798437062,33.908739071066044],[-117.4532922737404,33.90880215125729],[-117.4532922737404,33.90880215125729]]]},"properties":{"h3":"8929a014c4fffff","count":5,"c3":0,"c6":1,"c12":3,"c24":5,"score":2.7,"risk":5,"peakDay":"Sunday","peakTime":"morning","hood":"Arlington","bk12":{"morning":2,"afternoon":1,"evening":0,"night":0},"bk24":{"morning":3,"afternoon":2,"evening":0,"night":0},"sv12":2,"recent":[{"d":"2026-04-19","day":"Sun","time":"16:00","desc":"Motor Vehicle Theft","res":""},{"d":"2025-12-28","day":"Sun","time":"10:48","desc":"Motor Vehicle Theft","res":""},{"d":"2025-08-29","day":"Fri","time":"06:52","desc":"Larceny","res":""},{"d":"2025-06-15","day":"Sun","time":"16:16","desc":"Larceny","res":""},{"d":"2024-10-07","day":"Mon","time":"10:00","desc":"Larceny","res":""}]}},{"type":"Feature","geometry":{"type":"Polygon","coordinates":[[[-117.44300210393565,33.92071016630321],[-117.44186273907458,33.92240223296552],[-117.44303949389639,33.92403136351207],[-117.44535562781125,33.923968402907626],[-117.44649493863912,33.922276327907014],[-117.4453181695881,33.920647221849],[-117.44300210393565,33.92071016630321],[-117.44300210393565,33.92071016630321]]]},"properties":{"h3":"8929a014e3bffff","count":5,"c3":1,"c6":1,"c12":3,"c24":5,"score":2.6,"risk":5,"peakDay":"Tuesday","peakTime":"morning","hood":"Arlington","bk12":{"morning":2,"afternoon":1,"evening":0,"night":0},"bk24":{"morning":3,"afternoon":2,"evening":0,"night":0},"sv12":1,"recent":[{"d":"2026-06-10","day":"Wed","time":"06:59","desc":"Larceny","res":""},{"d":"2025-10-18","day":"Sat","time":"15:04","desc":"Larceny","res":""},{"d":"2025-09-16","day":"Tue","time":"08:08","desc":"Motor Vehicle Theft","res":""},{"d":"2024-10-08","day":"Tue","time":"14:25","desc":"Larceny","res":""},{"d":"2024-10-07","day":"Mon","time":"10:56","desc":"Larceny","res":""}]}},{"type":"Feature","geometry":{"type":"Polygon","coordinates":[[[-117.33937056816048,33.98328334828537],[-117.33822849276572,33.98497439154667],[-117.33940492118082,33.986604136978556],[-117.34172343955957,33.9865428147583],[-117.3428654611121,33.98485176304022],[-117.34168901813088,33.983222041999],[-117.33937056816048,33.98328334828537],[-117.33937056816048,33.98328334828537]]]},"properties":{"h3":"8929a0076c7ffff","count":30,"c3":2,"c6":5,"c12":12,"c24":30,"score":15,"risk":29,"peakDay":"Monday","peakTime":"night","hood":"University","bk12":{"morning":4,"afternoon":5,"evening":3,"night":0},"bk24":{"morning":5,"afternoon":8,"evening":8,"night":9},"sv12":5,"recent":[{"d":"2026-07-28","day":"Tue","time":"12:49","desc":"Larceny","res":""},{"d":"2026-07-18","day":"Sat","time":"13:36","desc":"Motor Vehicle Theft","res":""},{"d":"2026-04-19","day":"Sun","time":"10:33","desc":"Larceny","res":""},{"d":"2026-03-20","day":"Fri","time":"08:13","desc":"Motor Vehicle Theft","res":""},{"d":"2026-03-20","day":"Fri","time":"08:13","desc":"Larceny","res":""},{"d":"2026-01-25","day":"Sun","time":"18:53","desc":"Motor Vehicle Theft","res":""},{"d":"2026-01-12","day":"Mon","time":"16:01","desc":"Larceny","res":""},{"d":"2026-01-05","day":"Mon","time":"13:54","desc":"Larceny","res":""},{"d":"2026-01-03","day":"Sat","time":"06:35","desc":"Motor Vehicle Theft","res":""},{"d":"2025-11-06","day":"Thu","time":"17:32","desc":"Larceny","res":""}]}},{"type":"Feature","geometry":{"type":"Polygon","coordinates":[[[-117.39471843423024,33.95523465602757],[-117.39357775143989,33.95692620943061],[-117.3947544115728,33.958555564246424],[-117.39707176888633,33.958493341219686],[-117.39821239772712,33.956801779425206],[-117.39703572320673,33.955172449048746],[-117.39471843423024,33.95523465602757],[-117.39471843423024,33.95523465602757]]]},"properties":{"h3":"8929a015b83ffff","count":8,"c3":0,"c6":1,"c12":4,"c24":8,"score":3.7,"risk":7,"peakDay":"Thursday","peakTime":"morning","hood":"Magnolia Center","bk12":{"morning":2,"afternoon":1,"evening":1,"night":0},"bk24":{"morning":4,"afternoon":1,"evening":1,"night":2},"sv12":1,"recent":[{"d":"2026-03-29","day":"Sun","time":"21:55","desc":"Motor Vehicle Theft","res":""},{"d":"2025-12-12","day":"Fri","time":"09:04","desc":"Larceny","res":""},{"d":"2025-10-29","day":"Wed","time":"11:33","desc":"Larceny","res":""},{"d":"2025-10-02","day":"Thu","time":"13:36","desc":"Larceny","res":""},{"d":"2024-11-15","day":"Fri","time":"09:45","desc":"Motor Vehicle Theft","res":""},{"d":"2024-10-08","day":"Tue","time":"06:00","desc":"Larceny","res":""},{"d":"2024-09-21","day":"Sat","time":"22:11","desc":"Motor Vehicle Theft","res":""},{"d":"2024-08-29","day":"Thu","time":"22:30","desc":"Motor Vehicle Theft","res":""}]}},{"type":"Feature","geometry":{"type":"Polygon","coordinates":[[[-117.43612812476874,33.92754117184297],[-117.43498855276329,33.92923315211452],[-117.43616531433003,33.9308622922484],[-117.43848166215722,33.930799427630305],[-117.43962118013947,33.92910743901364],[-117.4384444043205,33.92747832336001],[-117.43612812476874,33.92754117184297],[-117.43612812476874,33.92754117184297]]]},"properties":{"h3":"8929a014e6fffff","count":3,"c3":0,"c6":0,"c12":1,"c24":3,"score":1.3,"risk":3,"peakDay":"Tuesday","peakTime":"afternoon","hood":"Ramona","bk12":{"morning":0,"afternoon":1,"evening":0,"night":0},"bk24":{"morning":0,"afternoon":3,"evening":0,"night":0},"recent":[{"d":"2025-12-24","day":"Wed","time":"16:30","desc":"Larceny","res":""},{"d":"2025-03-18","day":"Tue","time":"12:00","desc":"Larceny","res":""},{"d":"2024-10-08","day":"Tue","time":"14:45","desc":"Larceny","res":""}]}},{"type":"Feature","geometry":{"type":"Polygon","coordinates":[[[-117.31410113211066,33.89257357531969],[-117.31295947661694,33.89426512068367],[-117.3141347120744,33.89589625600821],[-117.31645161764914,33.895835821530554],[-117.31759321944907,33.89414426763918],[-117.31641796937086,33.892513156752685],[-117.31410113211066,33.89257357531969],[-117.31410113211066,33.89257357531969]]]},"properties":{"h3":"8929a015663ffff","count":2,"c3":1,"c6":1,"c12":1,"c24":2,"score":1.1,"risk":2,"peakDay":"Wednesday","peakTime":"night","hood":"Orangecrest","bk12":{"morning":1,"afternoon":0,"evening":0,"night":0},"bk24":{"morning":1,"afternoon":0,"evening":0,"night":1},"recent":[{"d":"2026-05-09","day":"Sat","time":"08:49","desc":"Larceny","res":""},{"d":"2024-10-09","day":"Wed","time":"01:40","desc":"Larceny","res":""}]}},{"type":"Feature","geometry":{"type":"Polygon","coordinates":[[[-117.37756850793939,33.97728540443727],[-117.37642725737881,33.97897670498881],[-117.37760398634191,33.98060602410502],[-117.37992198031462,33.98054401825421],[-117.38106317694593,33.97885270929618],[-117.3798864335366,33.97722341459527],[-117.37756850793939,33.97728540443727],[-117.37756850793939,33.97728540443727]]]},"properties":{"h3":"8929a0074afffff","count":7,"c3":1,"c6":1,"c12":1,"c24":7,"score":2.9,"risk":6,"peakDay":"Friday","peakTime":"evening","hood":"Downtown","bk12":{"morning":0,"afternoon":1,"evening":0,"night":0},"bk24":{"morning":2,"afternoon":1,"evening":2,"night":2},"sv12":1,"recent":[{"d":"2026-05-08","day":"Fri","time":"15:45","desc":"Motor Vehicle Theft","res":""},{"d":"2025-07-21","day":"Mon","time":"11:41","desc":"Larceny","res":""},{"d":"2025-01-24","day":"Fri","time":"00:00","desc":"Motor Vehicle Theft","res":""},{"d":"2024-12-17","day":"Tue","time":"08:15","desc":"Larceny","res":""},{"d":"2024-12-06","day":"Fri","time":"22:00","desc":"Motor Vehicle Theft","res":""},{"d":"2024-11-30","day":"Sat","time":"18:40","desc":"Motor Vehicle Theft","res":""},{"d":"2024-10-09","day":"Wed","time":"17:00","desc":"Larceny","res":""}]}},{"type":"Feature","geometry":{"type":"Polygon","coordinates":[[[-117.40148934450309,33.93844266470856],[-117.40034896817873,33.94013437500614],[-117.40152551615341,33.94176383857152],[-117.40384245481741,33.94170156738482],[-117.40498277719193,33.94000984869853],[-117.40380621485502,33.938380409587495],[-117.40148934450309,33.93844266470856],[-117.40148934450309,33.93844266470856]]]},"properties":{"h3":"8929a0158a3ffff","count":4,"c3":0,"c6":0,"c12":0,"c24":4,"score":1.3,"risk":2,"peakDay":"Thursday","peakTime":"night","hood":"Magnolia Center","bk12":{"morning":0,"afternoon":0,"evening":0,"night":0},"bk24":{"morning":1,"afternoon":0,"evening":1,"night":2},"recent":[{"d":"2025-02-18","day":"Tue","time":"05:20","desc":"Larceny","res":""},{"d":"2024-12-27","day":"Fri","time":"21:00","desc":"Motor Vehicle Theft","res":""},{"d":"2024-10-21","day":"Mon","time":"23:00","desc":"Larceny","res":""},{"d":"2024-10-10","day":"Thu","time":"04:30","desc":"Larceny","res":""}]}},{"type":"Feature","geometry":{"type":"Polygon","coordinates":[[[-117.2901508466791,33.93141435748636],[-117.28900831757323,33.93310549296482],[-117.29018373160305,33.93473648540829],[-117.29250168944652,33.934676317974265],[-117.2936441648797,33.93298517395084],[-117.2924687361449,33.93135420590621],[-117.2901508466791,33.93141435748636],[-117.2901508466791,33.93141435748636]]]},"properties":{"h3":"8929a00216fffff","count":1,"c3":0,"c6":0,"c12":0,"c24":1,"score":0.3,"risk":1,"peakDay":"Thursday","peakTime":"evening","hood":"Sycamore Canyon/Canyon Springs","bk12":{"morning":0,"afternoon":0,"evening":0,"night":0},"bk24":{"morning":0,"afternoon":0,"evening":1,"night":0},"recent":[{"d":"2024-10-10","day":"Thu","time":"17:00","desc":"Larceny","res":""}]}},{"type":"Feature","geometry":{"type":"Polygon","coordinates":[[[-117.35348949674962,34.00283807983782],[-117.35234750406735,34.00452906265947],[-117.35352427254153,34.0061583945274],[-117.3558430482283,34.00609671918839],[-117.35698498701518,34.00440572793705],[-117.35580820401348,34.00277642045426],[-117.35348949674962,34.00283807983782],[-117.35348949674962,34.00283807983782]]]},"properties":{"h3":"8929a00704bffff","count":9,"c3":0,"c6":0,"c12":3,"c24":9,"score":3.6,"risk":7,"peakDay":"Thursday","peakTime":"night","hood":"Northside","bk12":{"morning":1,"afternoon":1,"evening":0,"night":1},"bk24":{"morning":2,"afternoon":1,"evening":2,"night":4},"sv12":1,"recent":[{"d":"2026-01-04","day":"Sun","time":"02:03","desc":"Motor Vehicle Theft","res":""},{"d":"2025-11-04","day":"Tue","time":"08:59","desc":"Larceny","res":""},{"d":"2025-10-20","day":"Mon","time":"15:18","desc":"Larceny","res":""},{"d":"2024-11-07","day":"Thu","time":"03:30","desc":"Larceny","res":""},{"d":"2024-11-07","day":"Thu","time":"03:30","desc":"Larceny","res":""},{"d":"2024-10-31","day":"Thu","time":"03:30","desc":"Larceny","res":""},{"d":"2024-10-27","day":"Sun","time":"10:00","desc":"Larceny","res":""},{"d":"2024-10-11","day":"Fri","time":"19:30","desc":"Larceny","res":""},{"d":"2024-08-15","day":"Thu","time":"21:30","desc":"Motor Vehicle Theft","res":""}]}},{"type":"Feature","geometry":{"type":"Polygon","coordinates":[[[-117.31772796512368,33.907434395172984],[-117.3165862306611,33.909125855912116],[-117.31776165652276,33.91075677079785],[-117.32007883146318,33.91069620051425],[-117.32122051220891,33.90900473125859],[-117.3200450717339,33.9073738408029],[-117.31772796512368,33.907434395172984],[-117.31772796512368,33.907434395172984]]]},"properties":{"h3":"8929a015203ffff","count":2,"c3":0,"c6":0,"c12":1,"c24":2,"score":0.9,"risk":2,"peakDay":"Saturday","peakTime":"night","hood":"Mission Grove","bk12":{"morning":0,"afternoon":1,"evening":0,"night":0},"bk24":{"morning":0,"afternoon":1,"evening":0,"night":1},"recent":[{"d":"2025-12-08","day":"Mon","time":"14:23","desc":"Larceny","res":""},{"d":"2024-10-12","day":"Sat","time":"00:00","desc":"Larceny","res":""}]}},{"type":"Feature","geometry":{"type":"Polygon","coordinates":[[[-117.33536222317107,33.93189459001752],[-117.33422059160267,33.933585976569304],[-117.33539644218233,33.9352163766445],[-117.33771393889835,33.935155365744635],[-117.3388555166836,33.93346397071032],[-117.3376796515388,33.93183359505823],[-117.33536222317107,33.93189459001752],[-117.33536222317107,33.93189459001752]]]},"properties":{"h3":"8929a002dd3ffff","count":3,"c3":0,"c6":0,"c12":1,"c24":3,"score":1.2,"risk":2,"peakDay":"Saturday","peakTime":"night","hood":"Canyon Crest","bk12":{"morning":1,"afternoon":0,"evening":0,"night":0},"bk24":{"morning":1,"afternoon":0,"evening":1,"night":1},"recent":[{"d":"2025-10-29","day":"Wed","time":"09:26","desc":"Larceny","res":""},{"d":"2024-11-03","day":"Sun","time":"21:00","desc":"Motor Vehicle Theft","res":""},{"d":"2024-10-12","day":"Sat","time":"00:00","desc":"Larceny","res":""}]}},{"type":"Feature","geometry":{"type":"Polygon","coordinates":[[[-117.37763946684363,33.983926580808365],[-117.37649815000148,33.98561783439501],[-117.37767494944472,33.98724707452682],[-117.37999308018063,33.98718503666098],[-117.38113434308691,33.98549377467058],[-117.37995752919595,33.9838645589496],[-117.37763946684363,33.983926580808365],[-117.37763946684363,33.983926580808365]]]},"properties":{"h3":"8929a007427ffff","count":12,"c3":2,"c6":3,"c12":5,"c24":12,"score":6.3,"risk":12,"peakDay":"Saturday","peakTime":"afternoon","hood":"Downtown","bk12":{"morning":1,"afternoon":4,"evening":0,"night":0},"bk24":{"morning":1,"afternoon":6,"evening":4,"night":1},"sv12":1,"recent":[{"d":"2026-05-28","day":"Thu","time":"14:06","desc":"Larceny","res":""},{"d":"2026-05-09","day":"Sat","time":"08:50","desc":"Larceny","res":""},{"d":"2026-03-30","day":"Mon","time":"13:49","desc":"Larceny","res":""},{"d":"2025-12-08","day":"Mon","time":"13:32","desc":"Motor Vehicle Theft","res":""},{"d":"2025-10-07","day":"Tue","time":"12:27","desc":"Larceny","res":""},{"d":"2025-06-07","day":"Sat","time":"02:50","desc":"Motor Vehicle Theft","res":""},{"d":"2025-06-06","day":"Fri","time":"20:00","desc":"Motor Vehicle Theft","res":""},{"d":"2025-06-06","day":"Fri","time":"20:00","desc":"Motor Vehicle Theft","res":""},{"d":"2025-03-16","day":"Sun","time":"21:30","desc":"Motor Vehicle Theft","res":""},{"d":"2025-02-09","day":"Sun","time":"13:35","desc":"Larceny","res":""}]}},{"type":"Feature","geometry":{"type":"Polygon","coordinates":[[[-117.28675592452048,33.93980976616544],[-117.28561324208287,33.941500822799874],[-117.28678871172349,33.943131761070696],[-117.28910687852216,33.94307161831558],[-117.29024950728723,33.9413805531348],[-117.28907402292893,33.939749639255325],[-117.28675592452048,33.93980976616544],[-117.28675592452048,33.93980976616544]]]},"properties":{"h3":"8929a002ecfffff","count":8,"c3":0,"c6":1,"c12":4,"c24":8,"score":3.8,"risk":7,"peakDay":"Sunday","peakTime":"afternoon","hood":"Sycamore Canyon/Canyon Springs","bk12":{"morning":1,"afternoon":1,"evening":2,"night":0},"bk24":{"morning":2,"afternoon":3,"evening":3,"night":0},"recent":[{"d":"2026-04-22","day":"Wed","time":"17:01","desc":"Larceny","res":""},{"d":"2025-11-10","day":"Mon","time":"20:58","desc":"Larceny","res":""},{"d":"2025-10-25","day":"Sat","time":"14:07","desc":"Larceny","res":""},{"d":"2025-10-07","day":"Tue","time":"09:05","desc":"Larceny","res":""},{"d":"2025-03-02","day":"Sun","time":"16:00","desc":"Larceny","res":""},{"d":"2025-01-03","day":"Fri","time":"11:00","desc":"Motor Vehicle Theft","res":""},{"d":"2024-10-13","day":"Sun","time":"14:00","desc":"Larceny","res":""},{"d":"2024-08-24","day":"Sat","time":"20:45","desc":"Motor Vehicle Theft","res":""}]}},{"type":"Feature","geometry":{"type":"Polygon","coordinates":[[[-117.37093211201936,34.00735485724312],[-117.36979042207982,34.00904590574017],[-117.3709674040761,34.01067495746912],[-117.37328609048932,34.01061293630938],[-117.37442772648674,34.008921879408476],[-117.37325073001585,34.007292852071],[-117.37093211201936,34.00735485724312],[-117.37093211201936,34.00735485724312]]]},"properties":{"h3":"8929a00702bffff","count":7,"c3":2,"c6":3,"c12":3,"c24":7,"score":3.7,"risk":7,"peakDay":"Thursday","peakTime":"evening","hood":"Northside","bk12":{"morning":1,"afternoon":0,"evening":2,"night":0},"bk24":{"morning":2,"afternoon":0,"evening":3,"night":2},"recent":[{"d":"2026-05-21","day":"Thu","time":"17:30","desc":"Larceny","res":""},{"d":"2026-05-21","day":"Thu","time":"07:17","desc":"Larceny","res":""},{"d":"2026-03-13","day":"Fri","time":"19:08","desc":"Larceny","res":""},{"d":"2025-01-06","day":"Mon","time":"17:18","desc":"Larceny","res":""},{"d":"2024-10-24","day":"Thu","time":"10:45","desc":"Larceny","res":""},{"d":"2024-10-13","day":"Sun","time":"22:00","desc":"Larceny","res":""},{"d":"2024-09-25","day":"Wed","time":"22:22","desc":"Motor Vehicle Theft","res":""}]}},{"type":"Feature","geometry":{"type":"Polygon","coordinates":[[[-117.43248679209509,33.912689439002],[-117.43134729822955,33.91438150382651],[-117.4325238693736,33.91601086525359],[-117.43483994864567,33.91594813736765],[-117.43597938851117,33.91425606418713],[-117.4348028031074,33.9126267272484],[-117.43248679209509,33.912689439002],[-117.43248679209509,33.912689439002]]]},"properties":{"h3":"8929a014ecfffff","count":2,"c3":0,"c6":0,"c12":1,"c24":2,"score":1,"risk":2,"peakDay":"Monday","peakTime":"morning","hood":"Arlington South","bk12":{"morning":1,"afternoon":0,"evening":0,"night":0},"bk24":{"morning":2,"afternoon":0,"evening":0,"night":0},"recent":[{"d":"2026-01-25","day":"Sun","time":"07:29","desc":"Larceny","res":""},{"d":"2024-10-14","day":"Mon","time":"07:11","desc":"Larceny","res":""}]}},{"type":"Feature","geometry":{"type":"Polygon","coordinates":[[[-117.4808865887021,33.89143568737923],[-117.47974828042925,33.89312816969261],[-117.48092508543422,33.89475714869453],[-117.48324021281947,33.89469362085435],[-117.48437846699599,33.89300113024356],[-117.48320164788635,33.89137217577019],[-117.4808865887021,33.89143568737923],[-117.4808865887021,33.89143568737923]]]},"properties":{"h3":"8929a016b57ffff","count":8,"c3":1,"c6":2,"c12":5,"c24":8,"score":4.5,"risk":9,"peakDay":"Friday","peakTime":"evening","hood":"La Sierra South","bk12":{"morning":3,"afternoon":0,"evening":2,"night":0},"bk24":{"morning":3,"afternoon":0,"evening":4,"night":1},"recent":[{"d":"2026-07-30","day":"Thu","time":"11:10","desc":"Larceny","res":""},{"d":"2026-04-03","day":"Fri","time":"18:13","desc":"Larceny","res":""},{"d":"2025-12-24","day":"Wed","time":"07:03","desc":"Larceny","res":""},{"d":"2025-10-20","day":"Mon","time":"17:00","desc":"Larceny","res":""},{"d":"2025-10-09","day":"Thu","time":"10:21","desc":"Larceny","res":""},{"d":"2025-01-10","day":"Fri","time":"17:00","desc":"Larceny","res":""},{"d":"2024-11-27","day":"Wed","time":"18:05","desc":"Motor Vehicle Theft","res":""},{"d":"2024-10-15","day":"Tue","time":"00:00","desc":"Larceny","res":""}]}},{"type":"Feature","geometry":{"type":"Polygon","coordinates":[[[-117.43973306598451,33.939070445678716],[-117.43859344888709,33.94076236449713],[-117.4397703656773,33.94239132253865],[-117.44208691381175,33.9423283372872],[-117.44322647686622,33.94063641013319],[-117.44204954583199,33.93900747656604],[-117.43973306598451,33.939070445678716],[-117.43973306598451,33.939070445678716]]]},"properties":{"h3":"8929a014a03ffff","count":2,"c3":0,"c6":0,"c12":0,"c24":2,"score":0.7,"risk":1,"peakDay":"Tuesday","peakTime":"morning","hood":"Ramona","bk12":{"morning":0,"afternoon":0,"evening":0,"night":0},"bk24":{"morning":1,"afternoon":0,"evening":0,"night":1},"recent":[{"d":"2025-03-09","day":"Sun","time":"00:00","desc":"Larceny","res":""},{"d":"2024-10-15","day":"Tue","time":"10:25","desc":"Larceny","res":""}]}},{"type":"Feature","geometry":{"type":"Polygon","coordinates":[[[-117.48499634367857,33.94613612047369],[-117.48385756189484,33.947828240343334],[-117.48503498038184,33.94945652503998],[-117.4873511947611,33.949392665373175],[-117.48848992238567,33.947700537233345],[-117.48731248979293,33.94607227703033],[-117.48499634367857,33.94613612047369],[-117.48499634367857,33.94613612047369]]]},"properties":{"h3":"8929a014963ffff","count":1,"c3":0,"c6":0,"c12":0,"c24":1,"score":0.3,"risk":1,"peakDay":"Tuesday","peakTime":"evening","hood":"La Sierra Acres","bk12":{"morning":0,"afternoon":0,"evening":0,"night":0},"bk24":{"morning":0,"afternoon":0,"evening":1,"night":0},"recent":[{"d":"2024-10-15","day":"Tue","time":"19:30","desc":"Larceny","res":""}]}},{"type":"Feature","geometry":{"type":"Polygon","coordinates":[[[-117.3045907624522,33.984197794147704],[-117.3034479830553,33.985888634817414],[-117.30462408915247,33.987518821313174],[-117.30694298932342,33.987458142767835],[-117.30808571496179,33.9857672935938],[-117.3069095941905,33.984137131469254],[-117.3045907624522,33.984197794147704],[-117.3045907624522,33.984197794147704]]]},"properties":{"h3":"8929a000cb3ffff","count":12,"c3":4,"c6":7,"c12":7,"c24":12,"score":7.7,"risk":15,"peakDay":"Wednesday","peakTime":"afternoon","hood":"University","bk12":{"morning":2,"afternoon":1,"evening":4,"night":0},"bk24":{"morning":3,"afternoon":5,"evening":4,"night":0},"recent":[{"d":"2026-07-13","day":"Mon","time":"08:20","desc":"Larceny","res":""},{"d":"2026-05-18","day":"Mon","time":"19:16","desc":"Larceny","res":""},{"d":"2026-05-15","day":"Fri","time":"20:21","desc":"Larceny","res":""},{"d":"2026-05-15","day":"Fri","time":"19:59","desc":"Larceny","res":""},{"d":"2026-04-19","day":"Sun","time":"10:24","desc":"Larceny","res":""},{"d":"2026-04-01","day":"Wed","time":"16:42","desc":"Larceny","res":""},{"d":"2026-03-11","day":"Wed","time":"17:08","desc":"Larceny","res":""},{"d":"2025-04-30","day":"Wed","time":"12:15","desc":"Larceny","res":""},{"d":"2025-04-11","day":"Fri","time":"15:00","desc":"Larceny","res":""},{"d":"2025-02-22","day":"Sat","time":"07:00","desc":"Larceny","res":""}]}},{"type":"Feature","geometry":{"type":"Polygon","coordinates":[[[-117.47090782109986,33.92991483357463],[-117.46976892178209,33.93160699001554],[-117.47094603687871,33.933235648853724],[-117.4732620654411,33.93317212675369],[-117.47440091064936,33.931479962016724],[-117.47322378140753,33.92985132767568],[-117.47090782109986,33.92991483357463],[-117.47090782109986,33.92991483357463]]]},"properties":{"h3":"8929a014833ffff","count":3,"c3":0,"c6":0,"c12":1,"c24":3,"score":1.2,"risk":2,"peakDay":"Wednesday","peakTime":"afternoon","hood":"La Sierra Acres","bk12":{"morning":0,"afternoon":1,"evening":0,"night":0},"bk24":{"morning":0,"afternoon":2,"evening":1,"night":0},"recent":[{"d":"2025-11-07","day":"Fri","time":"14:14","desc":"Larceny","res":""},{"d":"2024-12-10","day":"Tue","time":"21:56","desc":"Motor Vehicle Theft","res":""},{"d":"2024-10-16","day":"Wed","time":"16:10","desc":"Larceny","res":""}]}},{"type":"Feature","geometry":{"type":"Polygon","coordinates":[[[-117.41189682009212,33.936501605383874],[-117.41075667179776,33.938193387459435],[-117.41193329805519,33.939822738266294],[-117.41425008693925,33.939760282536206],[-117.41539018126046,33.93806849208555],[-117.41421354067353,33.93643916573991],[-117.41189682009212,33.936501605383874],[-117.41189682009212,33.936501605383874]]]},"properties":{"h3":"8929a015d63ffff","count":7,"c3":0,"c6":0,"c12":2,"c24":7,"score":3,"risk":6,"peakDay":"Thursday","peakTime":"night","hood":"Ramona","bk12":{"morning":1,"afternoon":0,"evening":0,"night":1},"bk24":{"morning":3,"afternoon":1,"evening":0,"night":3},"sv12":1,"recent":[{"d":"2025-12-22","day":"Mon","time":"04:22","desc":"Motor Vehicle Theft","res":""},{"d":"2025-10-16","day":"Thu","time":"08:07","desc":"Larceny","res":""},{"d":"2025-04-12","day":"Sat","time":"07:03","desc":"Motor Vehicle Theft","res":""},{"d":"2025-03-08","day":"Sat","time":"01:30","desc":"Larceny","res":""},{"d":"2025-01-16","day":"Thu","time":"05:41","desc":"Motor Vehicle Theft","res":""},{"d":"2025-01-07","day":"Tue","time":"16:30","desc":"Larceny","res":""},{"d":"2024-10-17","day":"Thu","time":"00:00","desc":"Larceny","res":""}]}},{"type":"Feature","geometry":{"type":"Polygon","coordinates":[[[-117.44995022348242,33.92052120470734],[-117.44881099971663,33.92221331125743],[-117.44998781822547,33.923842353452144],[-117.45230387471055,33.923779264604235],[-117.45344304442652,33.922087149725385],[-117.45226621171001,33.92045813202305],[-117.44995022348242,33.92052120470734],[-117.44995022348242,33.92052120470734]]]},"properties":{"h3":"8929a014e37ffff","count":5,"c3":1,"c6":1,"c12":2,"c24":5,"score":2.5,"risk":5,"peakDay":"Friday","peakTime":"evening","hood":"Arlington","bk12":{"morning":1,"afternoon":1,"evening":0,"night":0},"bk24":{"morning":1,"afternoon":1,"evening":2,"night":1},"recent":[{"d":"2026-08-03","day":"Mon","time":"06:09","desc":"Larceny","res":""},{"d":"2025-09-12","day":"Fri","time":"15:05","desc":"Larceny","res":""},{"d":"2025-04-14","day":"Mon","time":"20:00","desc":"Motor Vehicle Theft","res":""},{"d":"2024-10-17","day":"Thu","time":"02:52","desc":"Larceny","res":""},{"d":"2024-08-30","day":"Fri","time":"17:00","desc":"Motor Vehicle Theft","res":""}]}},{"type":"Feature","geometry":{"type":"Polygon","coordinates":[[[-117.36711994127621,33.97590345882569],[-117.36597849583809,33.97759471065216],[-117.36715511092817,33.979224181954336],[-117.36947318593745,33.97916237701931],[-117.370614577473,33.977471116771405],[-117.36943794790464,33.97584166987981],[-117.36711994127621,33.97590345882569],[-117.36711994127621,33.97590345882569]]]},"properties":{"h3":"8929a007403ffff","count":11,"c3":0,"c6":3,"c12":4,"c24":11,"score":5.2,"risk":10,"peakDay":"Thursday","peakTime":"evening","hood":"Eastside","bk12":{"morning":0,"afternoon":1,"evening":3,"night":0},"bk24":{"morning":2,"afternoon":1,"evening":6,"night":2},"sv12":3,"recent":[{"d":"2026-04-14","day":"Tue","time":"21:05","desc":"Motor Vehicle Theft","res":""},{"d":"2026-03-30","day":"Mon","time":"21:20","desc":"Motor Vehicle Theft","res":""},{"d":"2026-03-12","day":"Thu","time":"19:09","desc":"Motor Vehicle Theft","res":""},{"d":"2025-10-02","day":"Thu","time":"12:17","desc":"Larceny","res":""},{"d":"2025-07-04","day":"Fri","time":"06:20","desc":"Motor Vehicle Theft","res":""},{"d":"2025-02-10","day":"Mon","time":"18:08","desc":"Motor Vehicle Theft","res":""},{"d":"2025-01-30","day":"Thu","time":"20:52","desc":"Larceny","res":""},{"d":"2025-01-03","day":"Fri","time":"00:00","desc":"Motor Vehicle Theft","res":""},{"d":"2024-10-17","day":"Thu","time":"07:20","desc":"Larceny","res":""},{"d":"2024-10-10","day":"Thu","time":"17:41","desc":"Motor Vehicle Theft","res":""}]}},{"type":"Feature","geometry":{"type":"Polygon","coordinates":[[[-117.34248657246908,33.94831954351268],[-117.34134491583654,33.950010853448006],[-117.34252100670311,33.95164096864985],[-117.34483876875235,33.95157974950033],[-117.34598037156863,33.949888431098785],[-117.34480426615471,33.94825834031282],[-117.34248657246908,33.94831954351268],[-117.34248657246908,33.94831954351268]]]},"properties":{"h3":"8929a002d77ffff","count":2,"c3":0,"c6":0,"c12":0,"c24":2,"score":0.6,"risk":1,"peakDay":"Thursday","peakTime":"evening","hood":"Canyon Crest","bk12":{"morning":0,"afternoon":0,"evening":0,"night":0},"bk24":{"morning":1,"afternoon":0,"evening":1,"night":0},"recent":[{"d":"2024-10-17","day":"Thu","time":"21:30","desc":"Larceny","res":""},{"d":"2024-09-23","day":"Mon","time":"05:07","desc":"Motor Vehicle Theft","res":""}]}},{"type":"Feature","geometry":{"type":"Polygon","coordinates":[[[-117.32444199014633,33.88399455910223],[-117.32330062836967,33.8856862230237],[-117.32447587250394,33.887317324190946],[-117.32679249300416,33.887256736987084],[-117.32793380107015,33.88556506454906],[-117.3267585423494,33.883933987831284],[-117.32444199014633,33.88399455910223],[-117.32444199014633,33.88399455910223]]]},"properties":{"h3":"8929a0156abffff","count":3,"c3":0,"c6":0,"c12":0,"c24":3,"score":0.9,"risk":2,"peakDay":"Friday","peakTime":"night","hood":"Orangecrest","bk12":{"morning":0,"afternoon":0,"evening":0,"night":0},"bk24":{"morning":1,"afternoon":0,"evening":1,"night":1},"recent":[{"d":"2024-12-11","day":"Wed","time":"06:14","desc":"Larceny","res":""},{"d":"2024-10-18","day":"Fri","time":"21:00","desc":"Motor Vehicle Theft","res":""},{"d":"2024-10-18","day":"Fri","time":"03:35","desc":"Larceny","res":""}]}},{"type":"Feature","geometry":{"type":"Polygon","coordinates":[[[-117.3947544115728,33.958555564246424],[-117.39361369567636,33.96024709426186],[-117.39479039104353,33.96187640964081],[-117.39710781669825,33.961814170567024],[-117.39824847864179,33.9601226321615],[-117.39707176888633,33.958493341219686],[-117.3947544115728,33.958555564246424],[-117.3947544115728,33.958555564246424]]]},"properties":{"h3":"8929a015b8fffff","count":7,"c3":2,"c6":2,"c12":4,"c24":7,"score":4,"risk":8,"peakDay":"Tuesday","peakTime":"morning","hood":"Magnolia Center","bk12":{"morning":1,"afternoon":1,"evening":2,"night":0},"bk24":{"morning":3,"afternoon":1,"evening":3,"night":0},"sv12":2,"recent":[{"d":"2026-06-02","day":"Tue","time":"21:05","desc":"Motor Vehicle Theft","res":""},{"d":"2026-06-02","day":"Tue","time":"21:05","desc":"Larceny","res":""},{"d":"2026-01-02","day":"Fri","time":"11:58","desc":"Motor Vehicle Theft","res":""},{"d":"2025-08-30","day":"Sat","time":"14:42","desc":"Larceny","res":""},{"d":"2025-07-17","day":"Thu","time":"19:55","desc":"Motor Vehicle Theft","res":""},{"d":"2024-10-18","day":"Fri","time":"06:00","desc":"Larceny","res":""},{"d":"2024-08-27","day":"Tue","time":"07:00","desc":"Motor Vehicle Theft","res":""}]}},{"type":"Feature","geometry":{"type":"Polygon","coordinates":[[[-117.41881022399589,33.93299301080316],[-117.41767024978756,33.934684856214275],[-117.41884690469284,33.93631415809565],[-117.42116354811645,33.93625159009844],[-117.42230346833824,33.93455973632041],[-117.42112679912576,33.93293045890633],[-117.41881022399589,33.93299301080316],[-117.41881022399589,33.93299301080316]]]},"properties":{"h3":"8929a015d3bffff","count":19,"c3":2,"c6":3,"c12":8,"c24":19,"score":9.5,"risk":18,"peakDay":"Friday","peakTime":"morning","hood":"Ramona","bk12":{"morning":3,"afternoon":3,"evening":1,"night":1},"bk24":{"morning":7,"afternoon":5,"evening":4,"night":3},"sv12":4,"recent":[{"d":"2026-07-25","day":"Sat","time":"15:47","desc":"Motor Vehicle Theft","res":""},{"d":"2026-05-09","day":"Sat","time":"13:32","desc":"Larceny","res":""},{"d":"2026-04-24","day":"Fri","time":"07:21","desc":"Larceny","res":""},{"d":"2025-11-02","day":"Sun","time":"05:46","desc":"Larceny","res":""},{"d":"2025-10-05","day":"Sun","time":"12:08","desc":"Motor Vehicle Theft","res":""},{"d":"2025-09-02","day":"Tue","time":"09:46","desc":"Motor Vehicle Theft","res":""},{"d":"2025-08-30","day":"Sat","time":"18:10","desc":"Larceny","res":""},{"d":"2025-08-25","day":"Mon","time":"22:00","desc":"Motor Vehicle Theft","res":""},{"d":"2025-07-29","day":"Tue","time":"07:34","desc":"Motor Vehicle Theft","res":""},{"d":"2025-07-17","day":"Thu","time":"21:00","desc":"Motor Vehicle Theft","res":""}]}},{"type":"Feature","geometry":{"type":"Polygon","coordinates":[[[-117.37372025156144,33.94250775387697],[-117.3725792784068,33.94419928018581],[-117.37375560543069,33.94582905744992],[-117.37607292006125,33.94576728396834],[-117.37721383932944,33.94407574923403],[-117.37603749785636,33.9424459964066],[-117.37372025156144,33.94250775387697],[-117.37372025156144,33.94250775387697]]]},"properties":{"h3":"8929a015a97ffff","count":2,"c3":0,"c6":0,"c12":1,"c24":2,"score":0.9,"risk":2,"peakDay":"Friday","peakTime":"afternoon","hood":"Victoria","bk12":{"morning":1,"afternoon":0,"evening":0,"night":0},"bk24":{"morning":1,"afternoon":1,"evening":0,"night":0},"recent":[{"d":"2025-10-21","day":"Tue","time":"08:25","desc":"Larceny","res":""},{"d":"2024-10-18","day":"Fri","time":"15:00","desc":"Larceny","res":""}]}},{"type":"Feature","geometry":{"type":"Polygon","coordinates":[[[-117.44660742567658,33.93223956511107],[-117.4454680157705,33.93393157040163],[-117.44664492579014,33.93556051890471],[-117.44896125993967,33.93549743763441],[-117.45010061579272,33.93380542401507],[-117.44892369155207,33.93217649999465],[-117.44660742567658,33.93223956511107],[-117.44660742567658,33.93223956511107]]]},"properties":{"h3":"8929a014a87ffff","count":9,"c3":0,"c6":0,"c12":5,"c24":9,"score":4.3,"risk":8,"peakDay":"Saturday","peakTime":"morning","hood":"Arlington","bk12":{"morning":2,"afternoon":0,"evening":1,"night":2},"bk24":{"morning":3,"afternoon":2,"evening":2,"night":2},"sv12":1,"recent":[{"d":"2025-12-20","day":"Sat","time":"03:05","desc":"Larceny","res":""},{"d":"2025-10-16","day":"Thu","time":"00:48","desc":"Motor Vehicle Theft","res":""},{"d":"2025-10-06","day":"Mon","time":"07:28","desc":"Larceny","res":""},{"d":"2025-09-29","day":"Mon","time":"08:04","desc":"Larceny","res":""},{"d":"2025-08-19","day":"Tue","time":"17:00","desc":"Larceny","res":""},{"d":"2025-03-26","day":"Wed","time":"05:50","desc":"Motor Vehicle Theft","res":""},{"d":"2025-03-07","day":"Fri","time":"12:46","desc":"Larceny","res":""},{"d":"2025-03-02","day":"Sun","time":"18:00","desc":"Larceny","res":""},{"d":"2024-10-19","day":"Sat","time":"12:00","desc":"Larceny","res":""}]}},{"type":"Feature","geometry":{"type":"Polygon","coordinates":[[[-117.36669806770068,33.93604987802788],[-117.36555701993153,33.937741410824884],[-117.36673321239547,33.93937135505146],[-117.36905046710058,33.93930974204364],[-117.37019146100646,33.937618200808984],[-117.36901525407328,33.93598828101961],[-117.36669806770068,33.93604987802788],[-117.36669806770068,33.93604987802788]]]},"properties":{"h3":"8929a015e77ffff","count":1,"c3":0,"c6":0,"c12":0,"c24":1,"score":0.3,"risk":1,"peakDay":"Saturday","peakTime":"afternoon","hood":"Hawarden Hills","bk12":{"morning":0,"afternoon":0,"evening":0,"night":0},"bk24":{"morning":0,"afternoon":1,"evening":0,"night":0},"recent":[{"d":"2024-10-19","day":"Sat","time":"16:00","desc":"Larceny","res":""}]}},{"type":"Feature","geometry":{"type":"Polygon","coordinates":[[[-117.45021343337132,33.94376793063933],[-117.44907397843274,33.945459874448204],[-117.4502510436787,33.94708864076519],[-117.45256757807881,33.94702543879639],[-117.45370697894448,33.94533348666826],[-117.45252989948571,33.94370474482803],[-117.45021343337132,33.94376793063933],[-117.45021343337132,33.94376793063933]]]},"properties":{"h3":"8929a014a37ffff","count":19,"c3":1,"c6":3,"c12":6,"c24":19,"score":8.7,"risk":17,"peakDay":"Monday","peakTime":"evening","hood":"Ramona","bk12":{"morning":3,"afternoon":1,"evening":2,"night":0},"bk24":{"morning":4,"afternoon":3,"evening":8,"night":4},"sv12":3,"recent":[{"d":"2026-06-29","day":"Mon","time":"12:30","desc":"Motor Vehicle Theft","res":""},{"d":"2026-05-01","day":"Fri","time":"20:23","desc":"Larceny","res":""},{"d":"2026-04-08","day":"Wed","time":"10:33","desc":"Motor Vehicle Theft","res":""},{"d":"2025-11-13","day":"Thu","time":"08:39","desc":"Larceny","res":""},{"d":"2025-10-10","day":"Fri","time":"21:42","desc":"Larceny","res":""},{"d":"2025-09-24","day":"Wed","time":"11:13","desc":"Motor Vehicle Theft","res":""},{"d":"2025-07-06","day":"Sun","time":"20:00","desc":"Motor Vehicle Theft","res":""},{"d":"2025-07-06","day":"Sun","time":"20:00","desc":"Larceny","res":""},{"d":"2025-05-03","day":"Sat","time":"19:00","desc":"Motor Vehicle Theft","res":""},{"d":"2025-03-10","day":"Mon","time":"12:00","desc":"Larceny","res":""}]}},{"type":"Feature","geometry":{"type":"Polygon","coordinates":[[[-117.42583364551052,33.93944736206039],[-117.42469374622792,33.941139200907116],[-117.42587053544666,33.942768335659316],[-117.4281872382379,33.94270560709794],[-117.42932708351077,33.94101375989655],[-117.42815028000491,33.93938464961102],[-117.42583364551052,33.93944736206039],[-117.42583364551052,33.93944736206039]]]},"properties":{"h3":"8929a014a5bffff","count":4,"c3":0,"c6":1,"c12":3,"c24":4,"score":2.3,"risk":4,"peakDay":"Monday","peakTime":"morning","hood":"Ramona","bk12":{"morning":3,"afternoon":0,"evening":0,"night":0},"bk24":{"morning":3,"afternoon":1,"evening":0,"night":0},"recent":[{"d":"2026-05-04","day":"Mon","time":"09:11","desc":"Larceny","res":""},{"d":"2026-01-04","day":"Sun","time":"05:11","desc":"Larceny","res":""},{"d":"2025-08-15","day":"Fri","time":"11:30","desc":"Larceny","res":""},{"d":"2024-10-21","day":"Mon","time":"16:15","desc":"Larceny","res":""}]}},{"type":"Feature","geometry":{"type":"Polygon","coordinates":[[[-117.42921611621186,33.93105062950932],[-117.42807637009533,33.93274254656098],[-117.42925310312415,33.934371735646245],[-117.43156959654686,33.934308983205504],[-117.43270928865358,33.93261705780055],[-117.43153254135022,33.93098789318946],[-117.42921611621186,33.93105062950932],[-117.42921611621186,33.93105062950932]]]},"properties":{"h3":"8929a014adbffff","count":2,"c3":0,"c6":0,"c12":0,"c24":2,"score":0.7,"risk":1,"peakDay":"Tuesday","peakTime":"night","hood":"Ramona","bk12":{"morning":0,"afternoon":0,"evening":0,"night":0},"bk24":{"morning":0,"afternoon":0,"evening":0,"night":2},"recent":[{"d":"2025-04-17","day":"Thu","time":"23:40","desc":"Motor Vehicle Theft","res":""},{"d":"2024-10-22","day":"Tue","time":"03:40","desc":"Larceny","res":""}]}},{"type":"Feature","geometry":{"type":"Polygon","coordinates":[[[-117.36369548475994,33.98097715891223],[-117.36255391911757,33.98266835533634],[-117.36373055495002,33.98429781156959],[-117.36604877091789,33.98423604697322],[-117.36719028266108,33.98254484212496],[-117.36601363233845,33.98091541029706],[-117.36369548475994,33.98097715891223],[-117.36369548475994,33.98097715891223]]]},"properties":{"h3":"8929a007473ffff","count":3,"c3":0,"c6":0,"c12":1,"c24":3,"score":1.1,"risk":2,"peakDay":"Tuesday","peakTime":"night","hood":"Eastside","bk12":{"morning":0,"afternoon":1,"evening":0,"night":0},"bk24":{"morning":0,"afternoon":1,"evening":1,"night":1},"recent":[{"d":"2025-08-25","day":"Mon","time":"12:26","desc":"Larceny","res":""},{"d":"2024-12-08","day":"Sun","time":"17:30","desc":"Larceny","res":""},{"d":"2024-10-22","day":"Tue","time":"22:00","desc":"Larceny","res":""}]}},{"type":"Feature","geometry":{"type":"Polygon","coordinates":[[[-117.45682251837334,33.91368947024941],[-117.45568350174271,33.91538166304534],[-117.45686031341457,33.917010695619574],[-117.45917615590456,33.91694751089704],[-117.46031511847538,33.91525530977915],[-117.45913829261883,33.913626301705584],[-117.45682251837334,33.91368947024941],[-117.45682251837334,33.91368947024941]]]},"properties":{"h3":"8929a014c6bffff","count":14,"c3":3,"c6":4,"c12":9,"c24":14,"score":8,"risk":15,"peakDay":"Tuesday","peakTime":"night","hood":"Arlington","bk12":{"morning":1,"afternoon":3,"evening":2,"night":3},"bk24":{"morning":2,"afternoon":4,"evening":4,"night":4},"sv12":5,"recent":[{"d":"2026-07-28","day":"Tue","time":"07:55","desc":"Larceny","res":""},{"d":"2026-07-06","day":"Mon","time":"17:55","desc":"Motor Vehicle Theft","res":""},{"d":"2026-06-13","day":"Sat","time":"15:48","desc":"Motor Vehicle Theft","res":""},{"d":"2026-02-27","day":"Fri","time":"21:22","desc":"Larceny","res":""},{"d":"2025-11-18","day":"Tue","time":"22:54","desc":"Motor Vehicle Theft","res":""},{"d":"2025-09-28","day":"Sun","time":"01:48","desc":"Larceny","res":""},{"d":"2025-08-31","day":"Sun","time":"14:00","desc":"Motor Vehicle Theft","res":""},{"d":"2025-08-31","day":"Sun","time":"14:00","desc":"Motor Vehicle Theft","res":""},{"d":"2025-08-09","day":"Sat","time":"00:00","desc":"Larceny","res":""},{"d":"2025-06-10","day":"Tue","time":"12:00","desc":"Larceny","res":""}]}},{"type":"Feature","geometry":{"type":"Polygon","coordinates":[[[-117.41517073769441,33.91814071182937],[-117.41403084175907,33.919832641915804],[-117.41520730621554,33.92146216508391],[-117.41752368092489,33.92139973369001],[-117.4186635228968,33.91970779522578],[-117.4174870441256,33.918078296533075],[-117.41517073769441,33.91814071182937],[-117.41517073769441,33.91814071182937]]]},"properties":{"h3":"8929a015d9bffff","count":2,"c3":1,"c6":1,"c12":1,"c24":2,"score":1.1,"risk":2,"peakDay":"Wednesday","peakTime":"evening","hood":"Presidential Park","bk12":{"morning":0,"afternoon":1,"evening":0,"night":0},"bk24":{"morning":0,"afternoon":1,"evening":1,"night":0},"recent":[{"d":"2026-05-14","day":"Thu","time":"14:55","desc":"Larceny","res":""},{"d":"2024-10-23","day":"Wed","time":"18:00","desc":"Larceny","res":""}]}},{"type":"Feature","geometry":{"type":"Polygon","coordinates":[[[-117.36345005151937,33.95773082831152],[-117.36230871793411,33.9594221889627],[-117.36348510718825,33.96105192132498],[-117.36580284451536,33.96099026861507],[-117.36694412422442,33.959298899530275],[-117.36576772048534,33.957669191588835],[-117.36345005151937,33.95773082831152],[-117.36345005151937,33.95773082831152]]]},"properties":{"h3":"8929a015a73ffff","count":4,"c3":1,"c6":1,"c12":3,"c24":4,"score":2.4,"risk":5,"peakDay":"Wednesday","peakTime":"morning","hood":"Victoria","bk12":{"morning":2,"afternoon":1,"evening":0,"night":0},"bk24":{"morning":2,"afternoon":1,"evening":1,"night":0},"sv12":1,"recent":[{"d":"2026-06-17","day":"Wed","time":"12:05","desc":"Larceny","res":""},{"d":"2025-11-11","day":"Tue","time":"10:32","desc":"Motor Vehicle Theft","res":""},{"d":"2025-11-11","day":"Tue","time":"10:32","desc":"Larceny","res":""},{"d":"2024-10-23","day":"Wed","time":"21:00","desc":"Larceny","res":""}]}},{"type":"Feature","geometry":{"type":"Polygon","coordinates":[[[-117.36743654307402,34.00578769877088],[-117.36629479920234,34.00747873885864],[-117.3674717314613,34.009107854538684],[-117.36979042207982,34.00904590574017],[-117.37093211201936,34.00735485724312],[-117.36975516527536,34.00572576595372],[-117.36743654307402,34.00578769877088],[-117.36743654307402,34.00578769877088]]]},"properties":{"h3":"8929a007077ffff","count":5,"c3":0,"c6":0,"c12":2,"c24":5,"score":2.1,"risk":4,"peakDay":"Thursday","peakTime":"night","hood":"Northside","bk12":{"morning":1,"afternoon":0,"evening":0,"night":1},"bk24":{"morning":1,"afternoon":1,"evening":1,"night":2},"sv12":1,"recent":[{"d":"2025-09-22","day":"Mon","time":"11:05","desc":"Motor Vehicle Theft","res":""},{"d":"2025-08-09","day":"Sat","time":"02:26","desc":"Larceny","res":""},{"d":"2025-07-17","day":"Thu","time":"15:00","desc":"Larceny","res":""},{"d":"2024-10-24","day":"Thu","time":"00:30","desc":"Larceny","res":""},{"d":"2024-08-09","day":"Fri","time":"21:00","desc":"Motor Vehicle Theft","res":""}]}},{"type":"Feature","geometry":{"type":"Polygon","coordinates":[[[-117.47056398074243,33.90002468011179],[-117.4694253783312,33.90171704509381],[-117.47060217619322,33.90334605833442],[-117.47291759060806,33.90328268207559],[-117.47405613893953,33.90159030878524],[-117.47287932693877,33.89996132006188],[-117.47056398074243,33.90002468011179],[-117.47056398074243,33.90002468011179]]]},"properties":{"h3":"8929a014cbbffff","count":2,"c3":0,"c6":0,"c12":0,"c24":2,"score":0.7,"risk":1,"peakDay":"Thursday","peakTime":"morning","hood":"La Sierra","bk12":{"morning":0,"afternoon":0,"evening":0,"night":0},"bk24":{"morning":2,"afternoon":0,"evening":0,"night":0},"recent":[{"d":"2025-05-22","day":"Thu","time":"09:00","desc":"Larceny","res":""},{"d":"2024-10-24","day":"Thu","time":"05:05","desc":"Larceny","res":""}]}},{"type":"Feature","geometry":{"type":"Polygon","coordinates":[[[-117.3638007015559,33.990938927893396],[-117.36265903643162,33.99263005377403],[-117.36383577797211,33.994259391518845],[-117.36615419913218,33.994197578984156],[-117.36729581034746,33.992506444683414],[-117.36611905431454,33.9908771313373],[-117.3638007015559,33.990938927893396],[-117.3638007015559,33.990938927893396]]]},"properties":{"h3":"8929a0070d7ffff","count":8,"c3":0,"c6":0,"c12":0,"c24":8,"score":2.8,"risk":5,"peakDay":"Saturday","peakTime":"afternoon","hood":"Downtown","bk12":{"morning":0,"afternoon":0,"evening":0,"night":0},"bk24":{"morning":4,"afternoon":4,"evening":0,"night":0},"recent":[{"d":"2025-07-04","day":"Fri","time":"14:50","desc":"Larceny","res":""},{"d":"2025-06-28","day":"Sat","time":"07:56","desc":"Larceny","res":""},{"d":"2025-04-11","day":"Fri","time":"11:45","desc":"Larceny","res":""},{"d":"2025-01-21","day":"Tue","time":"07:20","desc":"Larceny","res":""},{"d":"2024-11-09","day":"Sat","time":"05:22","desc":"Motor Vehicle Theft","res":""},{"d":"2024-10-24","day":"Thu","time":"13:58","desc":"Larceny","res":""},{"d":"2024-09-07","day":"Sat","time":"15:10","desc":"Motor Vehicle Theft","res":""},{"d":"2024-09-07","day":"Sat","time":"15:10","desc":"Motor Vehicle Theft","res":""}]}},{"type":"Feature","geometry":{"type":"Polygon","coordinates":[[[-117.35341995133975,33.99619726115866],[-117.3522780250196,33.99788829111879],[-117.35345472301576,33.999517702041416],[-117.35577336186076,33.99945605861416],[-117.35691523429205,33.99776502022165],[-117.35573852176996,33.996135633688596],[-117.35341995133975,33.99619726115866],[-117.35341995133975,33.99619726115866]]]},"properties":{"h3":"8929a007627ffff","count":1,"c3":0,"c6":0,"c12":0,"c24":1,"score":0.3,"risk":1,"peakDay":"Thursday","peakTime":"evening","hood":"Northside","bk12":{"morning":0,"afternoon":0,"evening":0,"night":0},"bk24":{"morning":0,"afternoon":0,"evening":1,"night":0},"recent":[{"d":"2024-10-24","day":"Thu","time":"18:07","desc":"Larceny","res":""}]}},{"type":"Feature","geometry":{"type":"Polygon","coordinates":[[[-117.43278347171665,33.93925909637054],[-117.43164371351425,33.940950975216644],[-117.4328205665385,33.94258002162003],[-117.4351371920335,33.9425171647066],[-117.43627689620953,33.94082527751538],[-117.43510002891972,33.939196255582516],[-117.43278347171665,33.93925909637054],[-117.43278347171665,33.93925909637054]]]},"properties":{"h3":"8929a014a57ffff","count":5,"c3":0,"c6":1,"c12":1,"c24":5,"score":2.4,"risk":5,"peakDay":"Wednesday","peakTime":"night","hood":"Ramona","bk12":{"morning":0,"afternoon":0,"evening":1,"night":0},"bk24":{"morning":0,"afternoon":1,"evening":2,"night":2},"recent":[{"d":"2026-05-06","day":"Wed","time":"17:01","desc":"Larceny","res":""},{"d":"2025-07-30","day":"Wed","time":"16:30","desc":"Larceny","res":""},{"d":"2025-06-08","day":"Sun","time":"17:00","desc":"Motor Vehicle Theft","res":""},{"d":"2024-11-12","day":"Tue","time":"00:50","desc":"Motor Vehicle Theft","res":""},{"d":"2024-10-25","day":"Fri","time":"00:00","desc":"Larceny","res":""}]}},{"type":"Feature","geometry":{"type":"Polygon","coordinates":[[[-117.48441706716972,33.89632253600784],[-117.48327878003211,33.89801500352764],[-117.48445566962508,33.899643879351395],[-117.4867708604534,33.899580263128044],[-117.48790909348138,33.89788778731765],[-117.48673218979346,33.89625893602101],[-117.48441706716972,33.89632253600784],[-117.48441706716972,33.89632253600784]]]},"properties":{"h3":"8929a016b73ffff","count":5,"c3":0,"c6":0,"c12":2,"c24":5,"score":2.5,"risk":5,"peakDay":"Friday","peakTime":"morning","hood":"La Sierra","bk12":{"morning":1,"afternoon":1,"evening":0,"night":0},"bk24":{"morning":2,"afternoon":1,"evening":0,"night":2},"sv12":1,"recent":[{"d":"2026-01-25","day":"Sun","time":"08:15","desc":"Larceny","res":""},{"d":"2025-12-23","day":"Tue","time":"16:36","desc":"Motor Vehicle Theft","res":""},{"d":"2025-06-25","day":"Wed","time":"00:00","desc":"Motor Vehicle Theft","res":""},{"d":"2025-03-08","day":"Sat","time":"22:00","desc":"Motor Vehicle Theft","res":""},{"d":"2024-10-25","day":"Fri","time":"10:00","desc":"Larceny","res":""}]}},{"type":"Feature","geometry":{"type":"Polygon","coordinates":[[[-117.46065628590559,33.94514358420557],[-117.45951702623603,33.946835576240765],[-117.46069420460655,33.948464190221],[-117.46301065683022,33.94840078768445],[-117.46414986240029,33.94670878734499],[-117.46297266984898,33.94508019784615],[-117.46065628590559,33.94514358420557],[-117.46065628590559,33.94514358420557]]]},"properties":{"h3":"8929a014bc7ffff","count":4,"c3":0,"c6":0,"c12":2,"c24":4,"score":1.9,"risk":4,"peakDay":"Saturday","peakTime":"morning","hood":"Arlanza","bk12":{"morning":1,"afternoon":1,"evening":0,"night":0},"bk24":{"morning":2,"afternoon":1,"evening":0,"night":1},"sv12":1,"recent":[{"d":"2026-01-29","day":"Thu","time":"05:02","desc":"Larceny","res":""},{"d":"2025-09-22","day":"Mon","time":"15:12","desc":"Motor Vehicle Theft","res":""},{"d":"2025-04-22","day":"Tue","time":"05:00","desc":"Larceny","res":""},{"d":"2024-10-26","day":"Sat","time":"00:00","desc":"Larceny","res":""}]}},{"type":"Feature","geometry":{"type":"Polygon","coordinates":[[[-117.37418001502857,33.98567979994368],[-117.37303861111363,33.98737102162396],[-117.37421539609795,33.98900028616359],[-117.37653359945892,33.98893830461495],[-117.37767494944472,33.98724707452682],[-117.37649815000148,33.98561783439501],[-117.37418001502857,33.98567979994368],[-117.37418001502857,33.98567979994368]]]},"properties":{"h3":"8929a00742fffff","count":21,"c3":4,"c6":4,"c12":7,"c24":21,"score":10.3,"risk":20,"peakDay":"Sunday","peakTime":"night","hood":"Downtown","bk12":{"morning":3,"afternoon":2,"evening":1,"night":1},"bk24":{"morning":5,"afternoon":2,"evening":3,"night":11},"sv12":5,"recent":[{"d":"2026-07-25","day":"Sat","time":"05:20","desc":"Motor Vehicle Theft","res":""},{"d":"2026-06-18","day":"Thu","time":"13:44","desc":"Motor Vehicle Theft","res":""},{"d":"2026-06-09","day":"Tue","time":"11:50","desc":"Motor Vehicle Theft","res":""},{"d":"2026-05-25","day":"Mon","time":"09:43","desc":"Larceny","res":""},{"d":"2025-12-05","day":"Fri","time":"01:59","desc":"Motor Vehicle Theft","res":""},{"d":"2025-10-14","day":"Tue","time":"19:41","desc":"Larceny","res":""},{"d":"2025-09-11","day":"Thu","time":"13:01","desc":"Motor Vehicle Theft","res":""},{"d":"2025-07-26","day":"Sat","time":"00:30","desc":"Motor Vehicle Theft","res":""},{"d":"2025-07-09","day":"Wed","time":"10:30","desc":"Larceny","res":""},{"d":"2025-06-10","day":"Tue","time":"02:00","desc":"Larceny","res":""}]}},{"type":"Feature","geometry":{"type":"Polygon","coordinates":[[[-117.34667151599312,34.01630387175347],[-117.34552924957806,34.017994719679685],[-117.34670609469218,34.01962398163982],[-117.34902522077621,34.019562371301134],[-117.35016743329945,34.0178715149411],[-117.34899057363324,34.01624227735338],[-117.34667151599312,34.01630387175347],[-117.34667151599312,34.01630387175347]]]},"properties":{"h3":"8929a00723bffff","count":7,"c3":0,"c6":0,"c12":2,"c24":7,"score":2.9,"risk":6,"peakDay":"Sunday","peakTime":"night","hood":"Northside","bk12":{"morning":2,"afternoon":0,"evening":0,"night":0},"bk24":{"morning":2,"afternoon":1,"evening":2,"night":2},"recent":[{"d":"2026-01-06","day":"Tue","time":"05:05","desc":"Larceny","res":""},{"d":"2026-01-04","day":"Sun","time":"10:52","desc":"Larceny","res":""},{"d":"2025-04-17","day":"Thu","time":"18:00","desc":"Larceny","res":""},{"d":"2024-11-22","day":"Fri","time":"16:00","desc":"Motor Vehicle Theft","res":""},{"d":"2024-10-29","day":"Tue","time":"03:58","desc":"Motor Vehicle Theft","res":""},{"d":"2024-10-26","day":"Sat","time":"04:30","desc":"Larceny","res":""},{"d":"2024-09-01","day":"Sun","time":"21:56","desc":"Motor Vehicle Theft","res":""}]}},{"type":"Feature","geometry":{"type":"Polygon","coordinates":[[[-117.31819982609477,33.95394195487427],[-117.3170576270702,33.9556330882303],[-117.31823354540528,33.95726345300299],[-117.32055167739179,33.95720266002053],[-117.32169382265376,33.955511518167],[-117.32051788969464,33.95388117779325],[-117.31819982609477,33.95394195487427],[-117.31819982609477,33.95394195487427]]]},"properties":{"h3":"8929a002803ffff","count":7,"c3":0,"c6":0,"c12":2,"c24":7,"score":3,"risk":6,"peakDay":"Monday","peakTime":"morning","hood":"Sycamore Canyon Park","bk12":{"morning":0,"afternoon":0,"evening":2,"night":0},"bk24":{"morning":4,"afternoon":0,"evening":3,"night":0},"recent":[{"d":"2025-12-31","day":"Wed","time":"17:05","desc":"Larceny","res":""},{"d":"2025-09-10","day":"Wed","time":"19:34","desc":"Larceny","res":""},{"d":"2025-05-26","day":"Mon","time":"20:00","desc":"Larceny","res":""},{"d":"2025-04-10","day":"Thu","time":"07:00","desc":"Larceny","res":""},{"d":"2025-03-23","day":"Sun","time":"09:36","desc":"Larceny","res":""},{"d":"2024-12-09","day":"Mon","time":"07:30","desc":"Larceny","res":""},{"d":"2024-10-26","day":"Sat","time":"07:10","desc":"Larceny","res":""}]}},{"type":"Feature","geometry":{"type":"Polygon","coordinates":[[[-117.46695760475524,33.888494239633594],[-117.46581904721846,33.8901866656186],[-117.46699568999526,33.89181586063851],[-117.46931090445854,33.891752605150124],[-117.47044940793533,33.89006017084724],[-117.4692727510116,33.88843100035046],[-117.46695760475524,33.888494239633594],[-117.46695760475524,33.888494239633594]]]},"properties":{"h3":"8929a016a2bffff","count":2,"c3":1,"c6":1,"c12":1,"c24":2,"score":1.2,"risk":2,"peakDay":"Saturday","peakTime":"evening","hood":"La Sierra South","bk12":{"morning":1,"afternoon":0,"evening":0,"night":0},"bk24":{"morning":1,"afternoon":0,"evening":1,"night":0},"recent":[{"d":"2026-06-21","day":"Sun","time":"10:01","desc":"Larceny","res":""},{"d":"2024-10-26","day":"Sat","time":"20:31","desc":"Larceny","res":""}]}},{"type":"Feature","geometry":{"type":"Polygon","coordinates":[[[-117.42906819043152,33.91776557869596],[-117.42792857649658,33.91945758873139],[-117.42910516859665,33.92108693529804],[-117.43142138890609,33.92102424734602],[-117.43256094884434,33.91933222895185],[-117.43138434247265,33.91770290686827],[-117.42906819043152,33.91776557869596],[-117.42906819043152,33.91776557869596]]]},"properties":{"h3":"8929a014e43ffff","count":2,"c3":0,"c6":0,"c12":1,"c24":2,"score":1,"risk":2,"peakDay":"Sunday","peakTime":"night","hood":"Presidential Park","bk12":{"morning":0,"afternoon":1,"evening":0,"night":0},"bk24":{"morning":0,"afternoon":1,"evening":0,"night":1},"recent":[{"d":"2026-01-28","day":"Wed","time":"12:43","desc":"Larceny","res":""},{"d":"2024-10-27","day":"Sun","time":"22:00","desc":"Larceny","res":""}]}},{"type":"Feature","geometry":{"type":"Polygon","coordinates":[[[-117.42557547702943,33.91619879242448],[-117.42443580910775,33.917890794095705],[-117.42561235169894,33.9195202044904],[-117.42792857649658,33.91945758873139],[-117.42906819043152,33.91776557869596],[-117.4278916335583,33.916136192783554],[-117.42557547702943,33.91619879242448],[-117.42557547702943,33.91619879242448]]]},"properties":{"h3":"8929a014e5bffff","count":4,"c3":0,"c6":0,"c12":0,"c24":4,"score":1.3,"risk":3,"peakDay":"Friday","peakTime":"night","hood":"Presidential Park","bk12":{"morning":0,"afternoon":0,"evening":0,"night":0},"bk24":{"morning":0,"afternoon":0,"evening":1,"night":3},"recent":[{"d":"2025-02-28","day":"Fri","time":"03:30","desc":"Motor Vehicle Theft","res":""},{"d":"2025-01-16","day":"Thu","time":"22:00","desc":"Larceny","res":""},{"d":"2024-12-13","day":"Fri","time":"21:00","desc":"Larceny","res":""},{"d":"2024-10-28","day":"Mon","time":"02:20","desc":"Larceny","res":""}]}},{"type":"Feature","geometry":{"type":"Polygon","coordinates":[[[-117.38452220785067,33.97709930632462],[-117.3833810982899,33.97879064715279],[-117.38455789137488,33.98041987795254],[-117.38687580844805,33.98035774350479],[-117.38801686406283,33.97866639427968],[-117.38684005655315,33.97703718789908],[-117.38452220785067,33.97709930632462],[-117.38452220785067,33.97709930632462]]]},"properties":{"h3":"8929a0075d3ffff","count":7,"c3":0,"c6":1,"c12":4,"c24":7,"score":3.6,"risk":7,"peakDay":"Monday","peakTime":"morning","hood":"Downtown","bk12":{"morning":2,"afternoon":2,"evening":0,"night":0},"bk24":{"morning":3,"afternoon":2,"evening":1,"night":1},"sv12":1,"recent":[{"d":"2026-04-15","day":"Wed","time":"16:04","desc":"Larceny","res":""},{"d":"2026-01-25","day":"Sun","time":"12:43","desc":"Larceny","res":""},{"d":"2026-01-17","day":"Sat","time":"11:13","desc":"Larceny","res":""},{"d":"2025-08-30","day":"Sat","time":"06:48","desc":"Motor Vehicle Theft","res":""},{"d":"2025-01-20","day":"Mon","time":"22:00","desc":"Larceny","res":""},{"d":"2024-10-28","day":"Mon","time":"10:16","desc":"Larceny","res":""},{"d":"2024-09-12","day":"Thu","time":"18:30","desc":"Motor Vehicle Theft","res":""}]}},{"type":"Feature","geometry":{"type":"Polygon","coordinates":[[[-117.45716275420521,33.94357824489266],[-117.45602344044622,33.94527022861817],[-117.45720056936459,33.946898906532596],[-117.45951702623603,33.946835576240765],[-117.46065628590559,33.94514358420557],[-117.45947914279596,33.94351493077172],[-117.45716275420521,33.94357824489266],[-117.45716275420521,33.94357824489266]]]},"properties":{"h3":"8929a014bc3ffff","count":36,"c3":2,"c6":5,"c12":14,"c24":36,"score":17.1,"risk":33,"peakDay":"Monday","peakTime":"morning","hood":"Arlanza","bk12":{"morning":5,"afternoon":7,"evening":2,"night":0},"bk24":{"morning":11,"afternoon":10,"evening":10,"night":5},"sv12":4,"recent":[{"d":"2026-07-07","day":"Tue","time":"08:19","desc":"Motor Vehicle Theft","res":""},{"d":"2026-05-13","day":"Wed","time":"12:52","desc":"Larceny","res":""},{"d":"2026-04-10","day":"Fri","time":"12:45","desc":"Larceny","res":""},{"d":"2026-04-03","day":"Fri","time":"21:21","desc":"Larceny","res":""},{"d":"2026-03-09","day":"Mon","time":"08:14","desc":"Larceny","res":""},{"d":"2026-02-03","day":"Tue","time":"16:01","desc":"Larceny","res":""},{"d":"2026-01-07","day":"Wed","time":"08:33","desc":"Larceny","res":""},{"d":"2025-12-15","day":"Mon","time":"13:18","desc":"Larceny","res":""},{"d":"2025-12-05","day":"Fri","time":"08:53","desc":"Larceny","res":""},{"d":"2025-12-03","day":"Wed","time":"17:12","desc":"Motor Vehicle Theft","res":""}]}},{"type":"Feature","geometry":{"type":"Polygon","coordinates":[[[-117.47044940793533,33.89006017084724],[-117.46931090445854,33.891752605150124],[-117.47048759661371,33.893381736347635],[-117.47280280638505,33.89331840871815],[-117.47394125579194,33.891625966102865],[-117.47276454950023,33.889996859429296],[-117.47044940793533,33.89006017084724],[-117.47044940793533,33.89006017084724]]]},"properties":{"h3":"8929a016a2fffff","count":3,"c3":0,"c6":0,"c12":0,"c24":3,"score":1,"risk":2,"peakDay":"Monday","peakTime":"night","hood":"La Sierra South","bk12":{"morning":0,"afternoon":0,"evening":0,"night":0},"bk24":{"morning":0,"afternoon":1,"evening":0,"night":2},"recent":[{"d":"2025-05-09","day":"Fri","time":"00:30","desc":"Larceny","res":""},{"d":"2025-01-06","day":"Mon","time":"04:00","desc":"Larceny","res":""},{"d":"2024-10-28","day":"Mon","time":"16:30","desc":"Larceny","res":""}]}},{"type":"Feature","geometry":{"type":"Polygon","coordinates":[[[-117.32827374959318,33.91878935368584],[-117.32713210998779,33.92048079330956],[-117.32830775550356,33.922111438682094],[-117.3306250552112,33.92205062000264],[-117.33176664106323,33.92035917188143],[-117.33059098096375,33.918728550937004],[-117.32827374959318,33.91878935368584],[-117.32827374959318,33.91878935368584]]]},"properties":{"h3":"8929a01535bffff","count":1,"c3":0,"c6":0,"c12":0,"c24":1,"score":0.3,"risk":1,"peakDay":"Monday","peakTime":"evening","hood":"Mission Grove","bk12":{"morning":0,"afternoon":0,"evening":0,"night":0},"bk24":{"morning":0,"afternoon":0,"evening":1,"night":0},"recent":[{"d":"2024-10-28","day":"Mon","time":"17:15","desc":"Larceny","res":""}]}},{"type":"Feature","geometry":{"type":"Polygon","coordinates":[[[-117.41899364917518,33.94959812024169],[-117.4178535096282,33.95128984909549],[-117.4190303407203,33.95291895391954],[-117.42134732567305,33.95285630543344],[-117.42248741121703,33.95116456821952],[-117.42131056581403,33.94953548785165],[-117.41899364917518,33.94959812024169],[-117.41899364917518,33.94959812024169]]]},"properties":{"h3":"8929a015917ffff","count":4,"c3":1,"c6":2,"c12":2,"c24":4,"score":2.4,"risk":5,"peakDay":"Monday","peakTime":"night","hood":"Magnolia Center","bk12":{"morning":2,"afternoon":0,"evening":0,"night":0},"bk24":{"morning":2,"afternoon":0,"evening":0,"night":2},"recent":[{"d":"2026-07-28","day":"Tue","time":"09:36","desc":"Larceny","res":""},{"d":"2026-02-06","day":"Fri","time":"09:15","desc":"Larceny","res":""},{"d":"2025-05-22","day":"Thu","time":"04:19","desc":"Larceny","res":""},{"d":"2024-10-28","day":"Mon","time":"23:30","desc":"Larceny","res":""}]}},{"type":"Feature","geometry":{"type":"Polygon","coordinates":[[[-117.49501002507169,33.91098122419727],[-117.49387180142755,33.91267364722297],[-117.49504894478552,33.914302213311316],[-117.49736432585627,33.91423833185105],[-117.49850249535109,33.91254590055524],[-117.49732533792722,33.91091735898966],[-117.49501002507169,33.91098122419727],[-117.49501002507169,33.91098122419727]]]},"properties":{"h3":"8929a014dbbffff","count":2,"c3":1,"c6":1,"c12":1,"c24":2,"score":1.2,"risk":2,"peakDay":"Monday","peakTime":"night","hood":"La Sierra","bk12":{"morning":0,"afternoon":1,"evening":0,"night":0},"bk24":{"morning":0,"afternoon":1,"evening":0,"night":1},"recent":[{"d":"2026-07-07","day":"Tue","time":"16:33","desc":"Larceny","res":""},{"d":"2024-10-28","day":"Mon","time":"23:30","desc":"Larceny","res":""}]}},{"type":"Feature","geometry":{"type":"Polygon","coordinates":[[[-117.4463075045759,33.90566968105634],[-117.4451683588401,33.90736187202612],[-117.44634498695618,33.9089911354816],[-117.44866077502608,33.908928183466635],[-117.44979986673519,33.907235984157175],[-117.4486232244039,33.90560674520219],[-117.4463075045759,33.90566968105634],[-117.4463075045759,33.90566968105634]]]},"properties":{"h3":"8929a014e97ffff","count":1,"c3":0,"c6":0,"c12":0,"c24":1,"score":0.3,"risk":1,"peakDay":"Tuesday","peakTime":"evening","hood":"Arlington South","bk12":{"morning":0,"afternoon":0,"evening":0,"night":0},"bk24":{"morning":0,"afternoon":0,"evening":1,"night":0},"recent":[{"d":"2024-10-29","day":"Tue","time":"18:39","desc":"Larceny","res":""}]}},{"type":"Feature","geometry":{"type":"Polygon","coordinates":[[[-117.40862178293374,33.95486077185375],[-117.40748138218183,33.95655240554386],[-117.40865817027439,33.95818158371821],[-117.41097537346596,33.95811910375522],[-117.4121157202349,33.95642746169271],[-117.41093891779803,33.954798307965426],[-117.40862178293374,33.95486077185375],[-117.40862178293374,33.95486077185375]]]},"properties":{"h3":"8929a015947ffff","count":2,"c3":0,"c6":0,"c12":0,"c24":2,"score":0.6,"risk":1,"peakDay":"Wednesday","peakTime":"night","hood":"Magnolia Center","bk12":{"morning":0,"afternoon":0,"evening":0,"night":0},"bk24":{"morning":0,"afternoon":0,"evening":0,"night":2},"recent":[{"d":"2024-12-04","day":"Wed","time":"22:00","desc":"Motor Vehicle Theft","res":""},{"d":"2024-10-30","day":"Wed","time":"00:40","desc":"Larceny","res":""}]}},{"type":"Feature","geometry":{"type":"Polygon","coordinates":[[[-117.33957671677972,34.003207134891944],[-117.33843444221971,34.0048980367701],[-117.33961108200022,34.00652754522052],[-117.34193001091417,34.006466127415216],[-117.34307223161223,34.004775217088344],[-117.34189557726101,34.003145733015316],[-117.33957671677972,34.003207134891944],[-117.33957671677972,34.003207134891944]]]},"properties":{"h3":"8929a0072d7ffff","count":5,"c3":2,"c6":2,"c12":2,"c24":5,"score":3.1,"risk":6,"peakDay":"Saturday","peakTime":"morning","hood":"Hunter Industrial Park","bk12":{"morning":2,"afternoon":0,"evening":0,"night":0},"bk24":{"morning":3,"afternoon":1,"evening":0,"night":1},"sv12":1,"recent":[{"d":"2026-07-04","day":"Sat","time":"09:27","desc":"Motor Vehicle Theft","res":""},{"d":"2026-07-04","day":"Sat","time":"09:27","desc":"Larceny","res":""},{"d":"2025-08-04","day":"Mon","time":"10:51","desc":"Motor Vehicle Theft","res":""},{"d":"2025-05-23","day":"Fri","time":"15:30","desc":"Larceny","res":""},{"d":"2024-10-30","day":"Wed","time":"04:20","desc":"Larceny","res":""}]}},{"type":"Feature","geometry":{"type":"Polygon","coordinates":[[[-117.33930186821793,33.976641581952656],[-117.33815985919613,33.97833267225612],[-117.33933621717296,33.97996249660323],[-117.34165459873897,33.9799012062516],[-117.34279655392504,33.978210107488636],[-117.34162018138359,33.97658030753663],[-117.33930186821793,33.976641581952656],[-117.33930186821793,33.976641581952656]]]},"properties":{"h3":"8929a00296fffff","count":20,"c3":7,"c6":9,"c12":9,"c24":20,"score":12.1,"risk":23,"peakDay":"Sunday","peakTime":"evening","hood":"University","bk12":{"morning":2,"afternoon":4,"evening":2,"night":1},"bk24":{"morning":2,"afternoon":7,"evening":7,"night":4},"sv12":6,"recent":[{"d":"2026-07-22","day":"Wed","time":"10:11","desc":"Motor Vehicle Theft","res":""},{"d":"2026-07-19","day":"Sun","time":"13:21","desc":"Motor Vehicle Theft","res":""},{"d":"2026-07-19","day":"Sun","time":"13:21","desc":"Motor Vehicle Theft","res":""},{"d":"2026-07-19","day":"Sun","time":"13:21","desc":"Motor Vehicle Theft","res":""},{"d":"2026-07-11","day":"Sat","time":"20:37","desc":"Motor Vehicle Theft","res":""},{"d":"2026-06-24","day":"Wed","time":"17:29","desc":"Larceny","res":""},{"d":"2026-06-20","day":"Sat","time":"12:20","desc":"Larceny","res":""},{"d":"2026-04-17","day":"Fri","time":"10:29","desc":"Larceny","res":""},{"d":"2026-03-21","day":"Sat","time":"23:48","desc":"Motor Vehicle Theft","res":""},{"d":"2025-08-04","day":"Mon","time":"17:00","desc":"Larceny","res":""}]}},{"type":"Feature","geometry":{"type":"Polygon","coordinates":[[[-117.34289991776386,33.9881724963294],[-117.34175786302524,33.989863524509005],[-117.34293437645468,33.99149316660012],[-117.34525295918199,33.991431756122175],[-117.34639496006506,33.98974071949256],[-117.34521843207915,33.98811110179072],[-117.34289991776386,33.9881724963294],[-117.34289991776386,33.9881724963294]]]},"properties":{"h3":"8929a007603ffff","count":21,"c3":3,"c6":6,"c12":12,"c24":21,"score":11.8,"risk":23,"peakDay":"Wednesday","peakTime":"morning","hood":"University","bk12":{"morning":5,"afternoon":3,"evening":2,"night":2},"bk24":{"morning":8,"afternoon":4,"evening":6,"night":3},"sv12":3,"recent":[{"d":"2026-06-30","day":"Tue","time":"09:55","desc":"Motor Vehicle Theft","res":""},{"d":"2026-05-29","day":"Fri","time":"12:25","desc":"Larceny","res":""},{"d":"2026-05-21","day":"Thu","time":"13:42","desc":"Larceny","res":""},{"d":"2026-04-27","day":"Mon","time":"04:45","desc":"Motor Vehicle Theft","res":""},{"d":"2026-04-09","day":"Thu","time":"09:09","desc":"Larceny","res":""},{"d":"2026-04-05","day":"Sun","time":"08:19","desc":"Larceny","res":""},{"d":"2026-01-16","day":"Fri","time":"21:07","desc":"Motor Vehicle Theft","res":""},{"d":"2025-12-24","day":"Wed","time":"06:20","desc":"Larceny","res":""},{"d":"2025-12-08","day":"Mon","time":"14:24","desc":"Larceny","res":""},{"d":"2025-12-03","day":"Wed","time":"02:40","desc":"Larceny","res":""}]}},{"type":"Feature","geometry":{"type":"Polygon","coordinates":[[[-117.49854151854046,33.915866834026914],[-117.49740331609011,33.91755924218342],[-117.49858054403678,33.91918770495973],[-117.50089598849276,33.919123735058015],[-117.50203413678057,33.917431318638194],[-117.50085689477773,33.91580288038323],[-117.49854151854046,33.915866834026914],[-117.49854151854046,33.915866834026914]]]},"properties":{"h3":"8929a014dafffff","count":6,"c3":0,"c6":0,"c12":1,"c24":6,"score":2.6,"risk":5,"peakDay":"Saturday","peakTime":"night","hood":"La Sierra","bk12":{"morning":0,"afternoon":1,"evening":0,"night":0},"bk24":{"morning":0,"afternoon":1,"evening":0,"night":5},"recent":[{"d":"2026-01-12","day":"Mon","time":"14:22","desc":"Larceny","res":""},{"d":"2025-07-26","day":"Sat","time":"22:58","desc":"Motor Vehicle Theft","res":""},{"d":"2025-07-12","day":"Sat","time":"01:30","desc":"Larceny","res":""},{"d":"2025-02-28","day":"Fri","time":"00:00","desc":"Motor Vehicle Theft","res":""},{"d":"2024-12-27","day":"Fri","time":"23:00","desc":"Motor Vehicle Theft","res":""},{"d":"2024-10-31","day":"Thu","time":"01:00","desc":"Larceny","res":""}]}},{"type":"Feature","geometry":{"type":"Polygon","coordinates":[[[-117.4706403739019,33.90666737409],[-117.46950170552479,33.908359692804545],[-117.47067857386864,33.909988627357954],[-117.47299412473255,33.90992521868388],[-117.47413273902328,33.908232891663744],[-117.47295585653927,33.9066039816231],[-117.4706403739019,33.90666737409],[-117.4706403739019,33.90666737409]]]},"properties":{"h3":"8929a014c33ffff","count":16,"c3":2,"c6":2,"c12":7,"c24":16,"score":8.3,"risk":16,"peakDay":"Thursday","peakTime":"night","hood":"La Sierra","bk12":{"morning":3,"afternoon":2,"evening":0,"night":2},"bk24":{"morning":3,"afternoon":4,"evening":2,"night":7},"sv12":2,"recent":[{"d":"2026-07-22","day":"Wed","time":"09:02","desc":"Larceny","res":""},{"d":"2026-06-19","day":"Fri","time":"16:40","desc":"Motor Vehicle Theft","res":""},{"d":"2026-01-22","day":"Thu","time":"10:22","desc":"Larceny","res":""},{"d":"2026-01-08","day":"Thu","time":"23:38","desc":"Motor Vehicle Theft","res":""},{"d":"2025-12-24","day":"Wed","time":"12:36","desc":"Larceny","res":""},{"d":"2025-10-13","day":"Mon","time":"23:06","desc":"Larceny","res":""},{"d":"2025-10-04","day":"Sat","time":"09:41","desc":"Larceny","res":""},{"d":"2025-06-12","day":"Thu","time":"20:36","desc":"Motor Vehicle Theft","res":""},{"d":"2025-05-22","day":"Thu","time":"17:00","desc":"Larceny","res":""},{"d":"2025-05-03","day":"Sat","time":"13:26","desc":"Larceny","res":""}]}},{"type":"Feature","geometry":{"type":"Polygon","coordinates":[[[-117.325663018409,34.00357464471021],[-117.32452046207133,34.00526546553681],[-117.32569697299981,34.00689515051708],[-117.3280160548826,34.006833990300976],[-117.32915855739186,34.00514316100666],[-117.3279820318495,34.003513500396004],[-117.325663018409,34.00357464471021],[-117.325663018409,34.00357464471021]]]},"properties":{"h3":"8929a000d33ffff","count":5,"c3":0,"c6":0,"c12":0,"c24":5,"score":1.9,"risk":4,"peakDay":"Thursday","peakTime":"morning","hood":"Hunter Industrial Park","bk12":{"morning":0,"afternoon":0,"evening":0,"night":0},"bk24":{"morning":2,"afternoon":0,"evening":1,"night":2},"recent":[{"d":"2025-06-26","day":"Thu","time":"04:28","desc":"Larceny","res":""},{"d":"2025-06-06","day":"Fri","time":"19:47","desc":"Motor Vehicle Theft","res":""},{"d":"2025-05-16","day":"Fri","time":"00:00","desc":"Larceny","res":""},{"d":"2024-10-31","day":"Thu","time":"07:35","desc":"Larceny","res":""},{"d":"2024-10-28","day":"Mon","time":"10:19","desc":"Motor Vehicle Theft","res":""}]}},{"type":"Feature","geometry":{"type":"Polygon","coordinates":[[[-117.3187058253078,34.00375782005197],[-117.31756312811883,34.00544860031227],[-117.31873957456189,34.00707837353772],[-117.32105873283226,34.00701734213699],[-117.32220137620955,34.00532655339947],[-117.32102491513099,34.00369680453974],[-117.3187058253078,34.00375782005197],[-117.3187058253078,34.00375782005197]]]},"properties":{"h3":"8929a000d0fffff","count":2,"c3":1,"c6":1,"c12":1,"c24":2,"score":1.3,"risk":2,"peakDay":"Thursday","peakTime":"morning","hood":"Hunter Industrial Park","bk12":{"morning":0,"afternoon":0,"evening":1,"night":0},"bk24":{"morning":1,"afternoon":0,"evening":1,"night":0},"sv12":1,"recent":[{"d":"2026-07-17","day":"Fri","time":"21:14","desc":"Motor Vehicle Theft","res":""},{"d":"2024-10-31","day":"Thu","time":"09:00","desc":"Larceny","res":""}]}},{"type":"Feature","geometry":{"type":"Polygon","coordinates":[[[-117.47770196490195,33.91644049492759],[-117.47656333874728,33.91813278393206],[-117.47774037635503,33.91976151198226],[-117.48005605424106,33.9196979265179],[-117.48119462628287,33.918005629221476],[-117.48001757455434,33.91637692568119],[-117.47770196490195,33.91644049492759],[-117.47770196490195,33.91644049492759]]]},"properties":{"h3":"8929a014d43ffff","count":9,"c3":2,"c6":2,"c12":5,"c24":9,"score":5,"risk":10,"peakDay":"Saturday","peakTime":"morning","hood":"La Sierra","bk12":{"morning":4,"afternoon":1,"evening":0,"night":0},"bk24":{"morning":6,"afternoon":2,"evening":0,"night":1},"sv12":2,"recent":[{"d":"2026-07-04","day":"Sat","time":"13:27","desc":"Motor Vehicle Theft","res":""},{"d":"2026-06-15","day":"Mon","time":"09:23","desc":"Motor Vehicle Theft","res":""},{"d":"2025-12-29","day":"Mon","time":"11:16","desc":"Larceny","res":""},{"d":"2025-09-13","day":"Sat","time":"11:42","desc":"Larceny","res":""},{"d":"2025-09-13","day":"Sat","time":"07:23","desc":"Larceny","res":""},{"d":"2025-05-16","day":"Fri","time":"01:50","desc":"Larceny","res":""},{"d":"2025-02-28","day":"Fri","time":"05:38","desc":"Larceny","res":""},{"d":"2025-02-26","day":"Wed","time":"09:16","desc":"Larceny","res":""},{"d":"2024-10-31","day":"Thu","time":"12:30","desc":"Larceny","res":""}]}},{"type":"Feature","geometry":{"type":"Polygon","coordinates":[[[-117.38805265120108,33.981986910394944],[-117.38691156245831,33.98367823614961],[-117.38808844045674,33.98530736353948],[-117.39040642161584,33.985245140756774],[-117.39154745639937,33.983553806611965],[-117.3903705639859,33.981924703639834],[-117.38805265120108,33.981986910394944],[-117.38805265120108,33.981986910394944]]]},"properties":{"h3":"8929a0075c7ffff","count":3,"c3":0,"c6":0,"c12":2,"c24":3,"score":1.6,"risk":3,"peakDay":"Thursday","peakTime":"afternoon","hood":"Downtown","bk12":{"morning":0,"afternoon":2,"evening":0,"night":0},"bk24":{"morning":0,"afternoon":2,"evening":1,"night":0},"sv12":1,"recent":[{"d":"2026-01-23","day":"Fri","time":"14:50","desc":"Larceny","res":""},{"d":"2025-12-22","day":"Mon","time":"16:28","desc":"Motor Vehicle Theft","res":""},{"d":"2024-10-31","day":"Thu","time":"20:30","desc":"Larceny","res":""}]}},{"type":"Feature","geometry":{"type":"Polygon","coordinates":[[[-117.32909044691574,33.99850207087515],[-117.32794801083001,34.00019294737463],[-117.32912450114603,34.00182264749375],[-117.33144344215253,34.00176144673835],[-117.33258582440632,34.00007056177389],[-117.33140931948837,33.99844088602964],[-117.32909044691574,33.99850207087515],[-117.32909044691574,33.99850207087515]]]},"properties":{"h3":"8929a000da3ffff","count":5,"c3":1,"c6":1,"c12":2,"c24":5,"score":2.7,"risk":5,"peakDay":"Friday","peakTime":"afternoon","hood":"Hunter Industrial Park","bk12":{"morning":1,"afternoon":0,"evening":0,"night":1},"bk24":{"morning":2,"afternoon":2,"evening":0,"night":1},"sv12":2,"recent":[{"d":"2026-06-07","day":"Sun","time":"08:27","desc":"Motor Vehicle Theft","res":""},{"d":"2025-11-17","day":"Mon","time":"00:04","desc":"Motor Vehicle Theft","res":""},{"d":"2025-08-06","day":"Wed","time":"15:33","desc":"Motor Vehicle Theft","res":""},{"d":"2025-04-12","day":"Sat","time":"10:00","desc":"Motor Vehicle Theft","res":""},{"d":"2024-11-01","day":"Fri","time":"12:00","desc":"Larceny","res":""}]}},{"type":"Feature","geometry":{"type":"Polygon","coordinates":[[[-117.50933425938403,33.9471237571015],[-117.50819595581737,33.94881600449907],[-117.50937361394914,33.950443959731736],[-117.511689589681,33.9503796430608],[-117.51282783902883,33.94868738742717],[-117.51165016686645,33.947059456700345],[-117.50933425938403,33.9471237571015],[-117.50933425938403,33.9471237571015]]]},"properties":{"h3":"8929a0a941bffff","count":2,"c3":0,"c6":0,"c12":0,"c24":2,"score":0.7,"risk":1,"peakDay":"Friday","peakTime":"afternoon","hood":"La Sierra Hills","bk12":{"morning":0,"afternoon":0,"evening":0,"night":0},"bk24":{"morning":0,"afternoon":1,"evening":0,"night":1},"recent":[{"d":"2025-05-10","day":"Sat","time":"04:22","desc":"Motor Vehicle Theft","res":""},{"d":"2024-11-01","day":"Fri","time":"16:47","desc":"Larceny","res":""}]}},{"type":"Feature","geometry":{"type":"Polygon","coordinates":[[[-117.40858539774528,33.95153989719057],[-117.40744503008057,33.9532315542416],[-117.40862178293374,33.95486077185375],[-117.41093891779803,33.954798307965426],[-117.41207923148306,33.95310664254067],[-117.41090246428628,33.9514774493778],[-117.40858539774528,33.95153989719057],[-117.40858539774528,33.95153989719057]]]},"properties":{"h3":"8929a015957ffff","count":4,"c3":0,"c6":0,"c12":1,"c24":4,"score":1.7,"risk":3,"peakDay":"Saturday","peakTime":"morning","hood":"Magnolia Center","bk12":{"morning":1,"afternoon":0,"evening":0,"night":0},"bk24":{"morning":2,"afternoon":0,"evening":1,"night":1},"recent":[{"d":"2025-12-11","day":"Thu","time":"10:44","desc":"Larceny","res":""},{"d":"2025-04-20","day":"Sun","time":"03:50","desc":"Larceny","res":""},{"d":"2025-03-10","day":"Mon","time":"08:23","desc":"Larceny","res":""},{"d":"2024-11-02","day":"Sat","time":"18:00","desc":"Larceny","res":""}]}},{"type":"Feature","geometry":{"type":"Polygon","coordinates":[[[-117.35632266930482,33.94130883463421],[-117.35518136058516,33.94300027199962],[-117.35635750957427,33.944630289519615],[-117.35867498178864,33.94456884524594],[-117.3598162366652,33.9428773994306],[-117.3586400731733,33.94124740633868],[-117.35632266930482,33.94130883463421],[-117.35632266930482,33.94130883463421]]]},"properties":{"h3":"8929a002da7ffff","count":1,"c3":0,"c6":0,"c12":0,"c24":1,"score":0.3,"risk":1,"peakDay":"Sunday","peakTime":"morning","hood":"Canyon Crest","bk12":{"morning":0,"afternoon":0,"evening":0,"night":0},"bk24":{"morning":1,"afternoon":0,"evening":0,"night":0},"recent":[{"d":"2024-11-03","day":"Sun","time":"08:32","desc":"Larceny","res":""}]}},{"type":"Feature","geometry":{"type":"Polygon","coordinates":[[[-117.47451587532635,33.94144205297219],[-117.47337693112478,33.943134147998606],[-117.47455420141752,33.9447626245806],[-117.47687043005156,33.94469898164472],[-117.4780093201238,33.94300687833177],[-117.47683203569414,33.941378426241045],[-117.47451587532635,33.94144205297219],[-117.47451587532635,33.94144205297219]]]},"properties":{"h3":"8929a01494bffff","count":6,"c3":0,"c6":0,"c12":0,"c24":6,"score":2.1,"risk":4,"peakDay":"Sunday","peakTime":"evening","hood":"Arlanza","bk12":{"morning":0,"afternoon":0,"evening":0,"night":0},"bk24":{"morning":1,"afternoon":0,"evening":4,"night":1},"recent":[{"d":"2025-07-25","day":"Fri","time":"20:00","desc":"Larceny","res":""},{"d":"2025-02-25","day":"Tue","time":"00:16","desc":"Larceny","res":""},{"d":"2025-02-19","day":"Wed","time":"21:00","desc":"Motor Vehicle Theft","res":""},{"d":"2024-12-18","day":"Wed","time":"08:08","desc":"Larceny","res":""},{"d":"2024-11-03","day":"Sun","time":"19:00","desc":"Larceny","res":""},{"d":"2024-09-01","day":"Sun","time":"21:33","desc":"Motor Vehicle Theft","res":""}]}},{"type":"Feature","geometry":{"type":"Polygon","coordinates":[[[-117.3707556830608,33.99075340955705],[-117.36961415892053,33.99244457580036],[-117.37079096467647,33.9940738252334],[-117.37310930904636,33.99401188402041],[-117.37425077926098,33.9923207093665],[-117.37307395903416,33.990691484336025],[-117.3707556830608,33.99075340955705],[-117.3707556830608,33.99075340955705]]]},"properties":{"h3":"8929a007083ffff","count":4,"c3":0,"c6":0,"c12":0,"c24":4,"score":1.3,"risk":3,"peakDay":"Monday","peakTime":"afternoon","hood":"Downtown","bk12":{"morning":0,"afternoon":0,"evening":0,"night":0},"bk24":{"morning":0,"afternoon":2,"evening":1,"night":1},"recent":[{"d":"2025-03-17","day":"Mon","time":"00:00","desc":"Motor Vehicle Theft","res":""},{"d":"2024-12-22","day":"Sun","time":"14:45","desc":"Motor Vehicle Theft","res":""},{"d":"2024-12-03","day":"Tue","time":"16:00","desc":"Larceny","res":""},{"d":"2024-11-04","day":"Mon","time":"21:00","desc":"Larceny","res":""}]}},{"type":"Feature","geometry":{"type":"Polygon","coordinates":[[[-117.46035301700304,33.918576479605555],[-117.45921402142889,33.92026865753486],[-117.46039091777138,33.921897586868475],[-117.46270682386577,33.92183431377339],[-117.46384576536688,33.92014212752895],[-117.4626688548494,33.91851322269455],[-117.46035301700304,33.918576479605555],[-117.46035301700304,33.918576479605555]]]},"properties":{"h3":"8929a0148d7ffff","count":1,"c3":0,"c6":0,"c12":0,"c24":1,"score":0.3,"risk":1,"peakDay":"Tuesday","peakTime":"night","hood":"Arlington","bk12":{"morning":0,"afternoon":0,"evening":0,"night":0},"bk24":{"morning":0,"afternoon":0,"evening":0,"night":1},"recent":[{"d":"2024-11-05","day":"Tue","time":"00:00","desc":"Larceny","res":""}]}},{"type":"Feature","geometry":{"type":"Polygon","coordinates":[[[-117.38755182386716,33.93549396378276],[-117.38641119874195,33.937185617150455],[-117.38758758349576,33.938815296649636],[-117.38990460778211,33.938753298332124],[-117.39104517899403,33.93706163655531],[-117.38986877983567,33.93543198150499],[-117.38755182386716,33.93549396378276],[-117.38755182386716,33.93549396378276]]]},"properties":{"h3":"8929a0158c7ffff","count":5,"c3":1,"c6":1,"c12":1,"c24":5,"score":2.2,"risk":4,"peakDay":"Tuesday","peakTime":"night","hood":"Victoria","bk12":{"morning":1,"afternoon":0,"evening":0,"night":0},"bk24":{"morning":1,"afternoon":1,"evening":0,"night":3},"recent":[{"d":"2026-05-15","day":"Fri","time":"08:49","desc":"Larceny","res":""},{"d":"2025-06-01","day":"Sun","time":"16:00","desc":"Motor Vehicle Theft","res":""},{"d":"2024-11-05","day":"Tue","time":"00:00","desc":"Motor Vehicle Theft","res":""},{"d":"2024-11-05","day":"Tue","time":"00:00","desc":"Larceny","res":""},{"d":"2024-10-30","day":"Wed","time":"23:00","desc":"Motor Vehicle Theft","res":""}]}},{"type":"Feature","geometry":{"type":"Polygon","coordinates":[[[-117.38801686406283,33.97866639427968],[-117.38687580844805,33.98035774350479],[-117.38805265120108,33.981986910394944],[-117.3903705639859,33.981924703639834],[-117.3915115656447,33.9802333460232],[-117.39033470847744,33.97860420355301],[-117.38801686406283,33.97866639427968],[-117.38801686406283,33.97866639427968]]]},"properties":{"h3":"8929a0075d7ffff","count":9,"c3":3,"c6":4,"c12":4,"c24":9,"score":5.2,"risk":10,"peakDay":"Tuesday","peakTime":"morning","hood":"Downtown","bk12":{"morning":1,"afternoon":2,"evening":0,"night":1},"bk24":{"morning":5,"afternoon":2,"evening":0,"night":2},"sv12":2,"recent":[{"d":"2026-07-02","day":"Thu","time":"03:49","desc":"Motor Vehicle Theft","res":""},{"d":"2026-06-22","day":"Mon","time":"12:26","desc":"Larceny","res":""},{"d":"2026-06-07","day":"Sun","time":"13:13","desc":"Larceny","res":""},{"d":"2026-03-17","day":"Tue","time":"09:03","desc":"Motor Vehicle Theft","res":""},{"d":"2025-04-15","day":"Tue","time":"05:00","desc":"Motor Vehicle Theft","res":""},{"d":"2024-12-28","day":"Sat","time":"23:09","desc":"Motor Vehicle Theft","res":""},{"d":"2024-11-24","day":"Sun","time":"07:38","desc":"Larceny","res":""},{"d":"2024-11-24","day":"Sun","time":"07:15","desc":"Larceny","res":""},{"d":"2024-11-05","day":"Tue","time":"05:33","desc":"Larceny","res":""}]}},{"type":"Feature","geometry":{"type":"Polygon","coordinates":[[[-117.32905639470084,33.99518143117135],[-117.32791399182396,33.996872331257386],[-117.32909044691574,33.99850207087515],[-117.33140931948837,33.99844088602964],[-117.33255166853662,33.99674997747729],[-117.3313751988437,33.9951202622366],[-117.32905639470084,33.99518143117135],[-117.32905639470084,33.99518143117135]]]},"properties":{"h3":"8929a000db3ffff","count":3,"c3":0,"c6":0,"c12":1,"c24":3,"score":1.1,"risk":2,"peakDay":"Tuesday","peakTime":"afternoon","hood":"Hunter Industrial Park","bk12":{"morning":0,"afternoon":1,"evening":0,"night":0},"bk24":{"morning":1,"afternoon":2,"evening":0,"night":0},"recent":[{"d":"2025-10-10","day":"Fri","time":"13:21","desc":"Larceny","res":""},{"d":"2024-11-05","day":"Tue","time":"09:00","desc":"Larceny","res":""},{"d":"2024-10-16","day":"Wed","time":"16:00","desc":"Motor Vehicle Theft","res":""}]}},{"type":"Feature","geometry":{"type":"Polygon","coordinates":[[[-117.39799595704973,33.93687534465555],[-117.39685552678549,33.938567046558994],[-117.3980320251623,33.940196573961124],[-117.40034896817873,33.94013437500614],[-117.40148934450309,33.93844266470856],[-117.40031283175365,33.93681316175994],[-117.39799595704973,33.93687534465555],[-117.39799595704973,33.93687534465555]]]},"properties":{"h3":"8929a0158bbffff","count":2,"c3":0,"c6":0,"c12":0,"c24":2,"score":0.7,"risk":1,"peakDay":"Wednesday","peakTime":"morning","hood":"Casa Blanca","bk12":{"morning":0,"afternoon":0,"evening":0,"night":0},"bk24":{"morning":1,"afternoon":0,"evening":0,"night":1},"recent":[{"d":"2025-05-30","day":"Fri","time":"03:55","desc":"Motor Vehicle Theft","res":""},{"d":"2024-11-06","day":"Wed","time":"09:00","desc":"Larceny","res":""}]}},{"type":"Feature","geometry":{"type":"Polygon","coordinates":[[[-117.39479039104353,33.96187640964081],[-117.3936496420391,33.963567916257944],[-117.39482637264273,33.965197192190196],[-117.39714386664258,33.96513493707024],[-117.39828456169086,33.963443422064366],[-117.39710781669825,33.961814170567024],[-117.39479039104353,33.96187640964081],[-117.39479039104353,33.96187640964081]]]},"properties":{"h3":"8929a015b17ffff","count":2,"c3":0,"c6":0,"c12":1,"c24":2,"score":1,"risk":2,"peakDay":"Wednesday","peakTime":"afternoon","hood":"Wood Streets","bk12":{"morning":0,"afternoon":1,"evening":0,"night":0},"bk24":{"morning":0,"afternoon":2,"evening":0,"night":0},"sv12":1,"recent":[{"d":"2026-01-06","day":"Tue","time":"14:11","desc":"Motor Vehicle Theft","res":""},{"d":"2024-11-06","day":"Wed","time":"16:57","desc":"Larceny","res":""}]}},{"type":"Feature","geometry":{"type":"Polygon","coordinates":[[[-117.32118671931434,33.90568234824175],[-117.3200450717339,33.9073738408029],[-117.32122051220891,33.90900473125859],[-117.32353761486945,33.9089441047199],[-117.32467920872635,33.90725260364632],[-117.32350375364909,33.905621737623704],[-117.32118671931434,33.90568234824175],[-117.32118671931434,33.90568234824175]]]},"properties":{"h3":"8929a015217ffff","count":2,"c3":0,"c6":0,"c12":0,"c24":2,"score":0.6,"risk":1,"peakDay":"Wednesday","peakTime":"evening","hood":"Mission Grove","bk12":{"morning":0,"afternoon":0,"evening":0,"night":0},"bk24":{"morning":1,"afternoon":0,"evening":1,"night":0},"recent":[{"d":"2024-11-08","day":"Fri","time":"07:41","desc":"Larceny","res":""},{"d":"2024-11-06","day":"Wed","time":"21:00","desc":"Larceny","res":""}]}},{"type":"Feature","geometry":{"type":"Polygon","coordinates":[[[-117.33947363332035,33.99324552531596],[-117.33833145835163,33.994936497933814],[-117.33950799243995,33.99656612491916],[-117.34182671606814,33.99650475490248],[-117.34296883718474,33.99481377383189],[-117.34179228852804,33.99318417123056],[-117.33947363332035,33.99324552531596],[-117.33947363332035,33.99324552531596]]]},"properties":{"h3":"8929a007673ffff","count":9,"c3":0,"c6":0,"c12":2,"c24":9,"score":3.8,"risk":7,"peakDay":"Friday","peakTime":"morning","hood":"Hunter Industrial Park","bk12":{"morning":1,"afternoon":1,"evening":0,"night":0},"bk24":{"morning":3,"afternoon":1,"evening":3,"night":2},"recent":[{"d":"2025-11-05","day":"Wed","time":"06:42","desc":"Larceny","res":""},{"d":"2025-09-23","day":"Tue","time":"15:47","desc":"Larceny","res":""},{"d":"2025-06-20","day":"Fri","time":"08:00","desc":"Larceny","res":""},{"d":"2025-06-09","day":"Mon","time":"03:16","desc":"Larceny","res":""},{"d":"2025-05-29","day":"Thu","time":"20:00","desc":"Larceny","res":""},{"d":"2025-02-17","day":"Mon","time":"03:24","desc":"Larceny","res":""},{"d":"2025-01-31","day":"Fri","time":"18:00","desc":"Larceny","res":""},{"d":"2024-11-07","day":"Thu","time":"11:57","desc":"Larceny","res":""},{"d":"2024-10-25","day":"Fri","time":"17:30","desc":"Motor Vehicle Theft","res":""}]}},{"type":"Feature","geometry":{"type":"Polygon","coordinates":[[[-117.49485436921988,33.89769664285338],[-117.49371627739222,33.89938915832366],[-117.49489327973271,33.901017881881394],[-117.49720838796678,33.90095406543696],[-117.49834642565835,33.8992615416911],[-117.49716940925485,33.897632842665075],[-117.49485436921988,33.89769664285338],[-117.49485436921988,33.89769664285338]]]},"properties":{"h3":"8929a016b23ffff","count":2,"c3":0,"c6":0,"c12":0,"c24":2,"score":0.7,"risk":1,"peakDay":"Friday","peakTime":"night","hood":"La Sierra","bk12":{"morning":0,"afternoon":0,"evening":0,"night":0},"bk24":{"morning":0,"afternoon":0,"evening":0,"night":2},"recent":[{"d":"2025-04-19","day":"Sat","time":"01:16","desc":"Motor Vehicle Theft","res":""},{"d":"2024-11-08","day":"Fri","time":"00:00","desc":"Larceny","res":""}]}},{"type":"Feature","geometry":{"type":"Polygon","coordinates":[[[-117.39122451603356,33.953667396506525],[-117.39008377930355,33.955358941512664],[-117.39126038980635,33.95698836019406],[-117.39357775143989,33.95692620943061],[-117.39471843423024,33.95523465602757],[-117.39354180932955,33.953605261784716],[-117.39122451603356,33.953667396506525],[-117.39122451603356,33.953667396506525]]]},"properties":{"h3":"8929a015b9bffff","count":9,"c3":2,"c6":2,"c12":4,"c24":9,"score":4.8,"risk":9,"peakDay":"Friday","peakTime":"afternoon","hood":"Magnolia Center","bk12":{"morning":0,"afternoon":2,"evening":1,"night":1},"bk24":{"morning":0,"afternoon":6,"evening":2,"night":1},"sv12":3,"recent":[{"d":"2026-07-30","day":"Thu","time":"13:12","desc":"Motor Vehicle Theft","res":""},{"d":"2026-06-14","day":"Sun","time":"18:53","desc":"Larceny","res":""},{"d":"2025-09-19","day":"Fri","time":"22:07","desc":"Motor Vehicle Theft","res":""},{"d":"2025-09-10","day":"Wed","time":"12:40","desc":"Motor Vehicle Theft","res":""},{"d":"2025-05-23","day":"Fri","time":"19:03","desc":"Larceny","res":""},{"d":"2025-05-22","day":"Thu","time":"14:20","desc":"Larceny","res":""},{"d":"2025-02-18","day":"Tue","time":"15:15","desc":"Larceny","res":""},{"d":"2025-01-29","day":"Wed","time":"16:21","desc":"Larceny","res":""},{"d":"2024-11-08","day":"Fri","time":"13:30","desc":"Larceny","res":""}]}},{"type":"Feature","geometry":{"type":"Polygon","coordinates":[[[-117.32115292841809,33.90235990271245],[-117.320011314001,33.904051418568386],[-117.32118671931434,33.90568234824175],[-117.32350375364909,33.905621737623704],[-117.32464531434587,33.903930213253965],[-117.32346989443107,33.902299308015905],[-117.32115292841809,33.90235990271245],[-117.32115292841809,33.90235990271245]]]},"properties":{"h3":"8929a01528fffff","count":3,"c3":0,"c6":1,"c12":1,"c24":3,"score":1.4,"risk":3,"peakDay":"Friday","peakTime":"morning","hood":"Mission Grove","bk12":{"morning":1,"afternoon":0,"evening":0,"night":0},"bk24":{"morning":2,"afternoon":1,"evening":0,"night":0},"sv12":1,"recent":[{"d":"2026-03-28","day":"Sat","time":"09:12","desc":"Motor Vehicle Theft","res":""},{"d":"2025-02-23","day":"Sun","time":"08:30","desc":"Larceny","res":""},{"d":"2024-11-08","day":"Fri","time":"13:30","desc":"Larceny","res":""}]}},{"type":"Feature","geometry":{"type":"Polygon","coordinates":[[[-117.31171486127027,34.00061994471325],[-117.31057205648797,34.0023107080028],[-117.31174840318779,34.00394060896014],[-117.31406756932901,34.00387972226372],[-117.3152103203197,34.00218895048608],[-117.31403395896355,34.000559073892795],[-117.31171486127027,34.00061994471325],[-117.31171486127027,34.00061994471325]]]},"properties":{"h3":"8929a000d57ffff","count":2,"c3":0,"c6":1,"c12":1,"c24":2,"score":1.1,"risk":2,"peakDay":"Friday","peakTime":"afternoon","hood":"Hunter Industrial Park","bk12":{"morning":1,"afternoon":0,"evening":0,"night":0},"bk24":{"morning":1,"afternoon":1,"evening":0,"night":0},"recent":[{"d":"2026-04-23","day":"Thu","time":"10:27","desc":"Larceny","res":""},{"d":"2024-11-08","day":"Fri","time":"14:27","desc":"Larceny","res":""}]}},{"type":"Feature","geometry":{"type":"Polygon","coordinates":[[[-117.31487397396828,33.968979394039664],[-117.31373155516819,33.97067040146842],[-117.31490759964746,33.9723006330985],[-117.31722607756788,33.97223983291267],[-117.31836844259901,33.97054881698779],[-117.31719238348148,33.96891860974471],[-117.31487397396828,33.968979394039664],[-117.31487397396828,33.968979394039664]]]},"properties":{"h3":"8929a002bd7ffff","count":2,"c3":0,"c6":0,"c12":0,"c24":2,"score":0.7,"risk":1,"peakDay":"Sunday","peakTime":"evening","hood":"University","bk12":{"morning":0,"afternoon":0,"evening":0,"night":0},"bk24":{"morning":0,"afternoon":0,"evening":1,"night":1},"recent":[{"d":"2025-03-05","day":"Wed","time":"22:00","desc":"Larceny","res":""},{"d":"2024-11-10","day":"Sun","time":"20:30","desc":"Larceny","res":""}]}},{"type":"Feature","geometry":{"type":"Polygon","coordinates":[[[-117.3281377460608,33.9055003879848],[-117.32699623909426,33.90719192086291],[-117.32817174392787,33.908822723226315],[-117.33048877031146,33.908761968274476],[-117.33163022353773,33.90707042689345],[-117.33045470412345,33.90543964896702],[-117.3281377460608,33.9055003879848],[-117.3281377460608,33.9055003879848]]]},"properties":{"h3":"8929a0152a3ffff","count":1,"c3":0,"c6":0,"c12":0,"c24":1,"score":0.3,"risk":1,"peakDay":"Monday","peakTime":"night","hood":"Mission Grove","bk12":{"morning":0,"afternoon":0,"evening":0,"night":0},"bk24":{"morning":0,"afternoon":0,"evening":0,"night":1},"recent":[{"d":"2024-11-11","day":"Mon","time":"01:30","desc":"Larceny","res":""}]}},{"type":"Feature","geometry":{"type":"Polygon","coordinates":[[[-117.33590997034098,33.9850356414515],[-117.3347678079213,33.98672665271481],[-117.33594422175906,33.98835642253431],[-117.33826281259664,33.98829515670273],[-117.33940492118082,33.986604136978556],[-117.33822849276572,33.98497439154667],[-117.33590997034098,33.9850356414515],[-117.33590997034098,33.9850356414515]]]},"properties":{"h3":"8929a0076cfffff","count":10,"c3":2,"c6":3,"c12":5,"c24":10,"score":5.5,"risk":11,"peakDay":"Saturday","peakTime":"morning","hood":"University","bk12":{"morning":4,"afternoon":0,"evening":1,"night":0},"bk24":{"morning":5,"afternoon":0,"evening":3,"night":2},"sv12":2,"recent":[{"d":"2026-07-27","day":"Mon","time":"11:17","desc":"Motor Vehicle Theft","res":""},{"d":"2026-05-09","day":"Sat","time":"21:17","desc":"Larceny","res":""},{"d":"2026-05-01","day":"Fri","time":"10:16","desc":"Motor Vehicle Theft","res":""},{"d":"2025-10-15","day":"Wed","time":"10:45","desc":"Larceny","res":""},{"d":"2025-09-27","day":"Sat","time":"07:38","desc":"Larceny","res":""},{"d":"2025-06-14","day":"Sat","time":"10:01","desc":"Motor Vehicle Theft","res":""},{"d":"2025-03-08","day":"Sat","time":"21:00","desc":"Motor Vehicle Theft","res":""},{"d":"2025-01-09","day":"Thu","time":"04:30","desc":"Larceny","res":""},{"d":"2024-11-11","day":"Mon","time":"02:45","desc":"Larceny","res":""},{"d":"2024-08-21","day":"Wed","time":"20:00","desc":"Motor Vehicle Theft","res":""}]}},{"type":"Feature","geometry":{"type":"Polygon","coordinates":[[[-117.48437846699599,33.89300113024356],[-117.48324021281947,33.89469362085435],[-117.48441706716972,33.89632253600784],[-117.48673218979346,33.89625893602101],[-117.48787038986362,33.89456643711827],[-117.48669352141913,33.89293754649413],[-117.48437846699599,33.89300113024356],[-117.48437846699599,33.89300113024356]]]},"properties":{"h3":"8929a016b0bffff","count":1,"c3":0,"c6":0,"c12":0,"c24":1,"score":0.3,"risk":1,"peakDay":"Monday","peakTime":"morning","hood":"La Sierra South","bk12":{"morning":0,"afternoon":0,"evening":0,"night":0},"bk24":{"morning":1,"afternoon":0,"evening":0,"night":0},"recent":[{"d":"2024-11-11","day":"Mon","time":"10:00","desc":"Larceny","res":""}]}},{"type":"Feature","geometry":{"type":"Polygon","coordinates":[[[-117.49528251139193,33.93422683414883],[-117.49414405699571,33.93591909498409],[-117.49532144721547,33.93754738512221],[-117.49763730590512,33.93748338991772],[-117.4987757061289,33.93579112082187],[-117.49759830183827,33.93416285519091],[-117.49528251139193,33.93422683414883],[-117.49528251139193,33.93422683414883]]]},"properties":{"h3":"8929a0149bbffff","count":4,"c3":0,"c6":0,"c12":0,"c24":4,"score":1.3,"risk":3,"peakDay":"Tuesday","peakTime":"morning","hood":"La Sierra Hills","bk12":{"morning":0,"afternoon":0,"evening":0,"night":0},"bk24":{"morning":2,"afternoon":0,"evening":1,"night":1},"recent":[{"d":"2025-05-16","day":"Fri","time":"21:14","desc":"Motor Vehicle Theft","res":""},{"d":"2024-12-10","day":"Tue","time":"10:20","desc":"Larceny","res":""},{"d":"2024-11-12","day":"Tue","time":"00:00","desc":"Larceny","res":""},{"d":"2024-08-11","day":"Sun","time":"10:26","desc":"Motor Vehicle Theft","res":""}]}},{"type":"Feature","geometry":{"type":"Polygon","coordinates":[[[-117.46411184240377,33.94338817423109],[-117.46297266984898,33.94508019784615],[-117.46414986240029,33.94670878734499],[-117.46646624167879,33.94664532874416],[-117.46760536012748,33.944953296828935],[-117.46642815340654,33.94332473181453],[-117.46411184240377,33.94338817423109],[-117.46411184240377,33.94338817423109]]]},"properties":{"h3":"8929a014b8bffff","count":13,"c3":0,"c6":1,"c12":2,"c24":13,"score":5.1,"risk":10,"peakDay":"Saturday","peakTime":"night","hood":"Arlanza","bk12":{"morning":1,"afternoon":1,"evening":0,"night":0},"bk24":{"morning":3,"afternoon":3,"evening":3,"night":4},"sv12":1,"recent":[{"d":"2026-03-14","day":"Sat","time":"07:28","desc":"Larceny","res":""},{"d":"2025-08-24","day":"Sun","time":"12:01","desc":"Motor Vehicle Theft","res":""},{"d":"2025-07-21","day":"Mon","time":"23:50","desc":"Motor Vehicle Theft","res":""},{"d":"2025-03-21","day":"Fri","time":"21:00","desc":"Larceny","res":""},{"d":"2025-02-20","day":"Thu","time":"05:20","desc":"Larceny","res":""},{"d":"2025-02-10","day":"Mon","time":"17:31","desc":"Larceny","res":""},{"d":"2025-02-03","day":"Mon","time":"11:10","desc":"Motor Vehicle Theft","res":""},{"d":"2025-02-02","day":"Sun","time":"01:30","desc":"Motor Vehicle Theft","res":""},{"d":"2025-01-23","day":"Thu","time":"18:00","desc":"Larceny","res":""},{"d":"2025-01-10","day":"Fri","time":"03:25","desc":"Larceny","res":""}]}},{"type":"Feature","geometry":{"type":"Polygon","coordinates":[[[-117.36006088682687,33.966125877676376],[-117.35891939992406,33.96781715957371],[-117.36009584512101,33.96944683750453],[-117.36241379172115,33.969385209124454],[-117.36355522474791,33.96769391879212],[-117.36237876505336,33.966064265274696],[-117.36006088682687,33.966125877676376],[-117.36006088682687,33.966125877676376]]]},"properties":{"h3":"8929a0074d3ffff","count":8,"c3":2,"c6":2,"c12":4,"c24":8,"score":4.6,"risk":9,"peakDay":"Friday","peakTime":"morning","hood":"Eastside","bk12":{"morning":1,"afternoon":3,"evening":0,"night":0},"bk24":{"morning":4,"afternoon":4,"evening":0,"night":0},"sv12":2,"recent":[{"d":"2026-07-22","day":"Wed","time":"15:30","desc":"Larceny","res":""},{"d":"2026-07-08","day":"Wed","time":"14:14","desc":"Motor Vehicle Theft","res":""},{"d":"2026-01-04","day":"Sun","time":"12:27","desc":"Larceny","res":""},{"d":"2026-01-02","day":"Fri","time":"08:33","desc":"Motor Vehicle Theft","res":""},{"d":"2025-04-11","day":"Fri","time":"12:43","desc":"Larceny","res":""},{"d":"2024-12-12","day":"Thu","time":"05:59","desc":"Motor Vehicle Theft","res":""},{"d":"2024-11-18","day":"Mon","time":"10:00","desc":"Motor Vehicle Theft","res":""},{"d":"2024-11-12","day":"Tue","time":"08:30","desc":"Larceny","res":""}]}},{"type":"Feature","geometry":{"type":"Polygon","coordinates":[[[-117.34975140467742,33.978025938685555],[-117.34860959036652,33.97971707786029],[-117.3497860624465,33.98134675011105],[-117.35210436337272,33.98128525878709],[-117.35324612382117,33.97959411116782],[-117.35206963720861,33.97796446331688],[-117.34975140467742,33.978025938685555],[-117.34975140467742,33.978025938685555]]]},"properties":{"h3":"8929a007697ffff","count":14,"c3":1,"c6":2,"c12":7,"c24":14,"score":6.8,"risk":13,"peakDay":"Sunday","peakTime":"morning","hood":"Eastside","bk12":{"morning":3,"afternoon":2,"evening":1,"night":1},"bk24":{"morning":4,"afternoon":3,"evening":4,"night":3},"sv12":4,"recent":[{"d":"2026-07-09","day":"Thu","time":"09:12","desc":"Motor Vehicle Theft","res":""},{"d":"2026-03-18","day":"Wed","time":"07:38","desc":"Larceny","res":""},{"d":"2025-11-02","day":"Sun","time":"04:41","desc":"Motor Vehicle Theft","res":""},{"d":"2025-10-29","day":"Wed","time":"08:11","desc":"Larceny","res":""},{"d":"2025-09-12","day":"Fri","time":"19:49","desc":"Motor Vehicle Theft","res":""},{"d":"2025-09-02","day":"Tue","time":"13:04","desc":"Larceny","res":""},{"d":"2025-09-01","day":"Mon","time":"14:57","desc":"Motor Vehicle Theft","res":""},{"d":"2025-07-01","day":"Tue","time":"06:00","desc":"Motor Vehicle Theft","res":""},{"d":"2025-01-29","day":"Wed","time":"23:30","desc":"Motor Vehicle Theft","res":""},{"d":"2025-01-11","day":"Sat","time":"14:59","desc":"Larceny","res":""}]}},{"type":"Feature","geometry":{"type":"Polygon","coordinates":[[[-117.47789404487857,33.9330449543231],[-117.47675525378973,33.934737127350665],[-117.47793246768829,33.93636565833612],[-117.4802484868029,33.9363019917951],[-117.48138722376235,33.934609810482385],[-117.48020999573941,33.93298130399567],[-117.47789404487857,33.9330449543231],[-117.47789404487857,33.9330449543231]]]},"properties":{"h3":"8929a0149cbffff","count":2,"c3":0,"c6":0,"c12":0,"c24":2,"score":0.7,"risk":1,"peakDay":"Wednesday","peakTime":"morning","hood":"La Sierra Acres","bk12":{"morning":0,"afternoon":0,"evening":0,"night":0},"bk24":{"morning":1,"afternoon":0,"evening":0,"night":1},"recent":[{"d":"2025-02-12","day":"Wed","time":"02:00","desc":"Larceny","res":""},{"d":"2024-11-13","day":"Wed","time":"05:00","desc":"Larceny","res":""}]}},{"type":"Feature","geometry":{"type":"Polygon","coordinates":[[[-117.44281518728758,33.904103241966176],[-117.44167598753505,33.90579542459085],[-117.44285256619713,33.90742475187074],[-117.4451683588401,33.90736187202612],[-117.4463075045759,33.90566968105634],[-117.44513091168824,33.904040378276115],[-117.44281518728758,33.904103241966176],[-117.44281518728758,33.904103241966176]]]},"properties":{"h3":"8929a014e93ffff","count":3,"c3":0,"c6":0,"c12":2,"c24":3,"score":1.6,"risk":3,"peakDay":"Wednesday","peakTime":"morning","hood":"Arlington South","bk12":{"morning":0,"afternoon":0,"evening":1,"night":1},"bk24":{"morning":1,"afternoon":0,"evening":1,"night":1},"recent":[{"d":"2025-12-23","day":"Tue","time":"02:26","desc":"Larceny","res":""},{"d":"2025-12-08","day":"Mon","time":"20:24","desc":"Larceny","res":""},{"d":"2024-11-13","day":"Wed","time":"05:23","desc":"Larceny","res":""}]}},{"type":"Feature","geometry":{"type":"Polygon","coordinates":[[[-117.35684548982421,33.99112406020715],[-117.35570368374084,33.992815145698074],[-117.3568803610263,33.99444457174154],[-117.35919885891201,33.99438288789907],[-117.36034061110313,33.992691793978516],[-117.35916391930361,33.99106239232987],[-117.35684548982421,33.99112406020715],[-117.35684548982421,33.99112406020715]]]},"properties":{"h3":"8929a0070dbffff","count":3,"c3":0,"c6":0,"c12":1,"c24":3,"score":1.1,"risk":2,"peakDay":"Thursday","peakTime":"evening","hood":"Hunter Industrial Park","bk12":{"morning":0,"afternoon":0,"evening":1,"night":0},"bk24":{"morning":0,"afternoon":0,"evening":2,"night":1},"sv12":1,"recent":[{"d":"2025-10-03","day":"Fri","time":"20:44","desc":"Motor Vehicle Theft","res":""},{"d":"2024-11-14","day":"Thu","time":"03:21","desc":"Larceny","res":""},{"d":"2024-08-24","day":"Sat","time":"21:30","desc":"Motor Vehicle Theft","res":""}]}},{"type":"Feature","geometry":{"type":"Polygon","coordinates":[[[-117.4295120727647,33.957617722759636],[-117.42837206219303,33.959309453329844],[-117.4295490771806,33.960938326980084],[-117.431866117023,33.96087544560357],[-117.43300607355849,33.9591837066909],[-117.43182904429055,33.957554857497044],[-117.4295120727647,33.957617722759636],[-117.4295120727647,33.957617722759636]]]},"properties":{"h3":"8929a0064cbffff","count":4,"c3":0,"c6":2,"c12":3,"c24":4,"score":2.2,"risk":4,"peakDay":"Thursday","peakTime":"morning","hood":"Airport","bk12":{"morning":3,"afternoon":0,"evening":0,"night":0},"bk24":{"morning":4,"afternoon":0,"evening":0,"night":0},"sv12":1,"recent":[{"d":"2026-02-06","day":"Fri","time":"10:49","desc":"Larceny","res":""},{"d":"2026-02-06","day":"Fri","time":"07:54","desc":"Larceny","res":""},{"d":"2025-08-14","day":"Thu","time":"05:05","desc":"Motor Vehicle Theft","res":""},{"d":"2024-11-14","day":"Thu","time":"09:31","desc":"Larceny","res":""}]}},{"type":"Feature","geometry":{"type":"Polygon","coordinates":[[[-117.37767494944472,33.98724707452682],[-117.37653359945892,33.98893830461495],[-117.3777104341454,33.99056750523984],[-117.38002863326898,33.990505451367795],[-117.38116992931562,33.98881421287723],[-117.37999308018063,33.98718503666098],[-117.37767494944472,33.98724707452682],[-117.37767494944472,33.98724707452682]]]},"properties":{"h3":"8929a00755bffff","count":6,"c3":0,"c6":1,"c12":4,"c24":6,"score":3.2,"risk":6,"peakDay":"Monday","peakTime":"morning","hood":"Downtown","bk12":{"morning":3,"afternoon":1,"evening":0,"night":0},"bk24":{"morning":3,"afternoon":1,"evening":2,"night":0},"sv12":2,"recent":[{"d":"2026-03-18","day":"Wed","time":"10:42","desc":"Motor Vehicle Theft","res":""},{"d":"2025-11-10","day":"Mon","time":"15:29","desc":"Larceny","res":""},{"d":"2025-10-27","day":"Mon","time":"10:13","desc":"Larceny","res":""},{"d":"2025-10-13","day":"Mon","time":"08:11","desc":"Motor Vehicle Theft","res":""},{"d":"2025-01-10","day":"Fri","time":"19:00","desc":"Larceny","res":""},{"d":"2024-11-14","day":"Thu","time":"17:11","desc":"Larceny","res":""}]}},{"type":"Feature","geometry":{"type":"Polygon","coordinates":[[[-117.44292733064592,33.91406758416527],[-117.44178803183401,33.915759697244646],[-117.44296471618559,33.91738890651409],[-117.44528071357962,33.91732597821098],[-117.44641995836493,33.915633856790556],[-117.44524325978558,33.91400467201411],[-117.44292733064592,33.91406758416527],[-117.44292733064592,33.91406758416527]]]},"properties":{"h3":"8929a014e17ffff","count":7,"c3":0,"c6":0,"c12":4,"c24":7,"score":3.7,"risk":7,"peakDay":"Monday","peakTime":"night","hood":"Arlington","bk12":{"morning":3,"afternoon":0,"evening":0,"night":1},"bk24":{"morning":3,"afternoon":0,"evening":0,"night":4},"recent":[{"d":"2026-01-19","day":"Mon","time":"05:56","desc":"Larceny","res":""},{"d":"2026-01-19","day":"Mon","time":"04:33","desc":"Larceny","res":""},{"d":"2026-01-06","day":"Tue","time":"08:01","desc":"Larceny","res":""},{"d":"2025-12-15","day":"Mon","time":"08:44","desc":"Larceny","res":""},{"d":"2025-02-12","day":"Wed","time":"03:10","desc":"Larceny","res":""},{"d":"2025-02-12","day":"Wed","time":"03:10","desc":"Larceny","res":""},{"d":"2024-11-14","day":"Thu","time":"23:00","desc":"Larceny","res":""}]}},{"type":"Feature","geometry":{"type":"Polygon","coordinates":[[[-117.4325238693736,33.91601086525359],[-117.43138434247265,33.91770290686827],[-117.43256094884434,33.91933222895185],[-117.43487709638022,33.91926948493445],[-117.43601656927781,33.917577434965104],[-117.43483994864567,33.91594813736765],[-117.4325238693736,33.91601086525359],[-117.4325238693736,33.91601086525359]]]},"properties":{"h3":"8929a014e57ffff","count":9,"c3":1,"c6":3,"c12":5,"c24":9,"score":5.2,"risk":10,"peakDay":"Wednesday","peakTime":"morning","hood":"Arlington South","bk12":{"morning":4,"afternoon":1,"evening":0,"night":0},"bk24":{"morning":5,"afternoon":1,"evening":1,"night":2},"sv12":1,"recent":[{"d":"2026-05-16","day":"Sat","time":"13:53","desc":"Larceny","res":""},{"d":"2026-05-06","day":"Wed","time":"08:16","desc":"Larceny","res":""},{"d":"2026-05-06","day":"Wed","time":"06:50","desc":"Larceny","res":""},{"d":"2026-01-26","day":"Mon","time":"08:25","desc":"Motor Vehicle Theft","res":""},{"d":"2025-10-01","day":"Wed","time":"07:41","desc":"Larceny","res":""},{"d":"2025-07-15","day":"Tue","time":"17:42","desc":"Motor Vehicle Theft","res":""},{"d":"2025-03-16","day":"Sun","time":"11:30","desc":"Larceny","res":""},{"d":"2024-11-15","day":"Fri","time":"00:00","desc":"Larceny","res":""},{"d":"2024-10-17","day":"Thu","time":"23:01","desc":"Motor Vehicle Theft","res":""}]}},{"type":"Feature","geometry":{"type":"Polygon","coordinates":[[[-117.31426905178809,33.909186354023895],[-117.31312723044493,33.9108777829276],[-117.31430264168206,33.91250872224026],[-117.31661988888968,33.912448208222116],[-117.31776165652276,33.91075677079785],[-117.3165862306611,33.909125855912116],[-117.31426905178809,33.909186354023895],[-117.31426905178809,33.909186354023895]]]},"properties":{"h3":"8929a01520bffff","count":3,"c3":0,"c6":1,"c12":2,"c24":3,"score":1.6,"risk":3,"peakDay":"Friday","peakTime":"morning","hood":"Mission Grove","bk12":{"morning":2,"afternoon":0,"evening":0,"night":0},"bk24":{"morning":2,"afternoon":0,"evening":0,"night":1},"recent":[{"d":"2026-03-10","day":"Tue","time":"06:40","desc":"Larceny","res":""},{"d":"2025-10-10","day":"Fri","time":"09:41","desc":"Larceny","res":""},{"d":"2024-11-15","day":"Fri","time":"04:15","desc":"Larceny","res":""}]}},{"type":"Feature","geometry":{"type":"Polygon","coordinates":[[[-117.44675743943698,33.945523004174916],[-117.44561789739988,33.94721491636887],[-117.44679494842192,33.94884370715962],[-117.44911155570784,33.94878056128249],[-117.4502510436787,33.94708864076519],[-117.44907397843274,33.945459874448204],[-117.44675743943698,33.945523004174916],[-117.44675743943698,33.945523004174916]]]},"properties":{"h3":"8929a014a23ffff","count":1,"c3":0,"c6":0,"c12":0,"c24":1,"score":0.3,"risk":1,"peakDay":"Saturday","peakTime":"night","hood":"Ramona","bk12":{"morning":0,"afternoon":0,"evening":0,"night":0},"bk24":{"morning":0,"afternoon":0,"evening":0,"night":1},"recent":[{"d":"2024-11-16","day":"Sat","time":"00:00","desc":"Larceny","res":""}]}},{"type":"Feature","geometry":{"type":"Polygon","coordinates":[[[-117.43958388926823,33.92578631149866],[-117.4384444043205,33.92747832336001],[-117.43962118013947,33.92910743901364],[-117.44193745515001,33.929044518322485],[-117.4430768860679,33.927352498120115],[-117.44190009600784,33.92572340694976],[-117.43958388926823,33.92578631149866],[-117.43958388926823,33.92578631149866]]]},"properties":{"h3":"8929a014e67ffff","count":10,"c3":0,"c6":0,"c12":2,"c24":10,"score":4.1,"risk":8,"peakDay":"Monday","peakTime":"morning","hood":"Arlington","bk12":{"morning":1,"afternoon":1,"evening":0,"night":0},"bk24":{"morning":4,"afternoon":2,"evening":2,"night":2},"sv12":1,"recent":[{"d":"2025-09-29","day":"Mon","time":"06:21","desc":"Larceny","res":""},{"d":"2025-08-10","day":"Sun","time":"13:16","desc":"Motor Vehicle Theft","res":""},{"d":"2025-07-29","day":"Tue","time":"20:11","desc":"Motor Vehicle Theft","res":""},{"d":"2025-07-18","day":"Fri","time":"17:10","desc":"Motor Vehicle Theft","res":""},{"d":"2025-03-21","day":"Fri","time":"11:06","desc":"Larceny","res":""},{"d":"2025-02-24","day":"Mon","time":"07:50","desc":"Motor Vehicle Theft","res":""},{"d":"2025-02-12","day":"Wed","time":"12:00","desc":"Larceny","res":""},{"d":"2025-02-02","day":"Sun","time":"01:25","desc":"Larceny","res":""},{"d":"2024-11-16","day":"Sat","time":"11:00","desc":"Larceny","res":""},{"d":"2024-10-14","day":"Mon","time":"00:37","desc":"Motor Vehicle Theft","res":""}]}},{"type":"Feature","geometry":{"type":"Polygon","coordinates":[[[-117.36355522474791,33.96769391879212],[-117.36241379172115,33.969385209124454],[-117.36359028663905,33.97101482320471],[-117.36590822907371,33.97095312253827],[-117.36704960821446,33.96926182377637],[-117.36587309880933,33.96763223411031],[-117.36355522474791,33.96769391879212],[-117.36355522474791,33.96769391879212]]]},"properties":{"h3":"8929a0074d7ffff","count":7,"c3":1,"c6":1,"c12":3,"c24":7,"score":3.5,"risk":7,"peakDay":"Friday","peakTime":"night","hood":"Eastside","bk12":{"morning":2,"afternoon":1,"evening":0,"night":0},"bk24":{"morning":3,"afternoon":1,"evening":0,"night":3},"sv12":1,"recent":[{"d":"2026-05-15","day":"Fri","time":"09:01","desc":"Larceny","res":""},{"d":"2025-11-07","day":"Fri","time":"11:14","desc":"Motor Vehicle Theft","res":""},{"d":"2025-08-18","day":"Mon","time":"16:00","desc":"Larceny","res":""},{"d":"2025-08-02","day":"Sat","time":"05:00","desc":"Larceny","res":""},{"d":"2025-02-05","day":"Wed","time":"00:20","desc":"Motor Vehicle Theft","res":""},{"d":"2025-01-28","day":"Tue","time":"22:30","desc":"Larceny","res":""},{"d":"2024-11-17","day":"Sun","time":"01:20","desc":"Larceny","res":""}]}},{"type":"Feature","geometry":{"type":"Polygon","coordinates":[[[-117.49897092592417,33.95239297013128],[-117.49783236083677,33.9540851230489],[-117.49900997680986,33.95571315178098],[-117.5013261719372,33.95564900309847],[-117.5024646828257,33.9539568419325],[-117.50128705278856,33.95232883769722],[-117.49897092592417,33.95239297013128],[-117.49897092592417,33.95239297013128]]]},"properties":{"h3":"8929a0a944bffff","count":1,"c3":0,"c6":0,"c12":0,"c24":1,"score":0.3,"risk":1,"peakDay":"Sunday","peakTime":"morning","hood":"La Sierra Acres","bk12":{"morning":0,"afternoon":0,"evening":0,"night":0},"bk24":{"morning":1,"afternoon":0,"evening":0,"night":0},"recent":[{"d":"2024-11-17","day":"Sun","time":"08:05","desc":"Larceny","res":""}]}},{"type":"Feature","geometry":{"type":"Polygon","coordinates":[[[-117.38783796012655,33.962062869860404],[-117.38669707012315,33.96375433627745],[-117.38787373668045,33.96538370052156],[-117.39019130765449,33.96532157391741],[-117.3913321437184,33.963630099102105],[-117.39015546275056,33.96200075928904],[-117.38783796012655,33.962062869860404],[-117.38783796012655,33.962062869860404]]]},"properties":{"h3":"8929a015b1bffff","count":2,"c3":0,"c6":0,"c12":1,"c24":2,"score":1,"risk":2,"peakDay":"Sunday","peakTime":"afternoon","hood":"Wood Streets","bk12":{"morning":1,"afternoon":0,"evening":0,"night":0},"bk24":{"morning":1,"afternoon":1,"evening":0,"night":0},"recent":[{"d":"2026-02-04","day":"Wed","time":"06:54","desc":"Larceny","res":""},{"d":"2024-11-17","day":"Sun","time":"15:31","desc":"Larceny","res":""}]}},{"type":"Feature","geometry":{"type":"Polygon","coordinates":[[[-117.47463086039927,33.95140357960906],[-117.47349181718721,33.95309560482862],[-117.47466919329028,33.95472396298807],[-117.47698562674731,33.95466027144321],[-117.47812461582015,33.9529682379412],[-117.47694722557796,33.951339904266334],[-117.47463086039927,33.95140357960906],[-117.47463086039927,33.95140357960906]]]},"properties":{"h3":"8929a014bafffff","count":3,"c3":0,"c6":1,"c12":1,"c24":3,"score":1.6,"risk":3,"peakDay":"Monday","peakTime":"night","hood":"Arlanza","bk12":{"morning":1,"afternoon":0,"evening":0,"night":0},"bk24":{"morning":1,"afternoon":0,"evening":1,"night":1},"recent":[{"d":"2026-04-14","day":"Tue","time":"07:39","desc":"Larceny","res":""},{"d":"2025-08-02","day":"Sat","time":"18:00","desc":"Motor Vehicle Theft","res":""},{"d":"2024-11-18","day":"Mon","time":"00:00","desc":"Larceny","res":""}]}},{"type":"Feature","geometry":{"type":"Polygon","coordinates":[[[-117.30768470516841,33.94591072235035],[-117.30654237812143,33.94760185363143],[-117.30771811177773,33.94923244898135],[-117.31003618713837,33.94917188865137],[-117.31117846045603,33.94748074885515],[-117.31000271214522,33.94585017790388],[-117.30768470516841,33.94591072235035],[-117.30768470516841,33.94591072235035]]]},"properties":{"h3":"8929a0028dbffff","count":3,"c3":1,"c6":1,"c12":1,"c24":3,"score":1.6,"risk":3,"peakDay":"Monday","peakTime":"evening","hood":"Canyon Crest","bk12":{"morning":1,"afternoon":0,"evening":0,"night":0},"bk24":{"morning":1,"afternoon":0,"evening":2,"night":0},"recent":[{"d":"2026-05-13","day":"Wed","time":"11:49","desc":"Larceny","res":""},{"d":"2025-06-26","day":"Thu","time":"20:00","desc":"Larceny","res":""},{"d":"2024-11-18","day":"Mon","time":"21:30","desc":"Larceny","res":""}]}},{"type":"Feature","geometry":{"type":"Polygon","coordinates":[[[-117.46054254325551,33.935181389874415],[-117.45940338263607,33.93687345170021],[-117.46058045523027,33.938502184011725],[-117.46289670262526,33.93843883000921],[-117.46403580915516,33.936746759875085],[-117.46285872238236,33.935118052051635],[-117.46054254325551,33.935181389874415],[-117.46054254325551,33.935181389874415]]]},"properties":{"h3":"8929a014863ffff","count":3,"c3":0,"c6":1,"c12":1,"c24":3,"score":1.5,"risk":3,"peakDay":"Monday","peakTime":"morning","hood":"Arlanza","bk12":{"morning":1,"afternoon":0,"evening":0,"night":0},"bk24":{"morning":2,"afternoon":0,"evening":0,"night":1},"sv12":1,"recent":[{"d":"2026-04-13","day":"Mon","time":"08:44","desc":"Motor Vehicle Theft","res":""},{"d":"2025-02-24","day":"Mon","time":"08:00","desc":"Motor Vehicle Theft","res":""},{"d":"2024-11-21","day":"Thu","time":"03:00","desc":"Larceny","res":""}]}},{"type":"Feature","geometry":{"type":"Polygon","coordinates":[[[-117.3382723438134,33.87698496401168],[-117.33713132946203,33.878676754808616],[-117.33830663187543,33.880307758159546],[-117.34062296318493,33.88024694625162],[-117.34176392379872,33.878555146954405],[-117.34058860684344,33.87692416806523],[-117.3382723438134,33.87698496401168],[-117.3382723438134,33.87698496401168]]]},"properties":{"h3":"8929a015473ffff","count":4,"c3":0,"c6":0,"c12":2,"c24":4,"score":1.7,"risk":3,"peakDay":"Monday","peakTime":"morning","hood":"Orangecrest","bk12":{"morning":2,"afternoon":0,"evening":0,"night":0},"bk24":{"morning":2,"afternoon":0,"evening":1,"night":1},"sv12":1,"recent":[{"d":"2025-09-08","day":"Mon","time":"05:04","desc":"Motor Vehicle Theft","res":""},{"d":"2025-09-08","day":"Mon","time":"05:04","desc":"Larceny","res":""},{"d":"2024-11-21","day":"Thu","time":"21:00","desc":"Larceny","res":""},{"d":"2024-11-08","day":"Fri","time":"00:43","desc":"Motor Vehicle Theft","res":""}]}},{"type":"Feature","geometry":{"type":"Polygon","coordinates":[[[-117.41193329805519,33.939822738266294],[-117.41079311668652,33.94151449703312],[-117.41196977817563,33.94314380844373],[-117.41428663536641,33.943081336628374],[-117.41542676275863,33.941389569487825],[-117.41425008693925,33.939760282536206],[-117.41193329805519,33.939822738266294],[-117.41193329805519,33.939822738266294]]]},"properties":{"h3":"8929a015d6fffff","count":3,"c3":0,"c6":0,"c12":1,"c24":3,"score":1.2,"risk":2,"peakDay":"Friday","peakTime":"morning","hood":"Ramona","bk12":{"morning":1,"afternoon":0,"evening":0,"night":0},"bk24":{"morning":3,"afternoon":0,"evening":0,"night":0},"recent":[{"d":"2025-08-29","day":"Fri","time":"08:58","desc":"Larceny","res":""},{"d":"2025-02-21","day":"Fri","time":"07:44","desc":"Larceny","res":""},{"d":"2024-11-22","day":"Fri","time":"05:01","desc":"Larceny","res":""}]}},{"type":"Feature","geometry":{"type":"Polygon","coordinates":[[[-117.37086153417148,34.0007144674184],[-117.3697199105574,34.00240556304602],[-117.37089682205121,34.00403469388605],[-117.37321537163503,34.0039727047024],[-117.3743569413135,34.00228160066823],[-117.37318001534662,34.0006524942241],[-117.37086153417148,34.0007144674184],[-117.37086153417148,34.0007144674184]]]},"properties":{"h3":"8929a007007ffff","count":5,"c3":0,"c6":0,"c12":2,"c24":5,"score":2.1,"risk":4,"peakDay":"Friday","peakTime":"morning","hood":"Northside","bk12":{"morning":0,"afternoon":1,"evening":0,"night":1},"bk24":{"morning":2,"afternoon":1,"evening":1,"night":1},"sv12":1,"recent":[{"d":"2025-12-19","day":"Fri","time":"13:37","desc":"Motor Vehicle Theft","res":""},{"d":"2025-09-02","day":"Tue","time":"01:48","desc":"Larceny","res":""},{"d":"2025-02-10","day":"Mon","time":"19:05","desc":"Larceny","res":""},{"d":"2024-11-22","day":"Fri","time":"07:45","desc":"Larceny","res":""},{"d":"2024-11-09","day":"Sat","time":"07:20","desc":"Motor Vehicle Theft","res":""}]}},{"type":"Feature","geometry":{"type":"Polygon","coordinates":[[[-117.38462926475745,33.98706083230251],[-117.38348805579705,33.98875210269125],[-117.38466495461617,33.990381214983515],[-117.38698307682549,33.990319032474396],[-117.3881242318301,33.988627753692754],[-117.38694731858403,33.98699866581297],[-117.38462926475745,33.98706083230251],[-117.38462926475745,33.98706083230251]]]},"properties":{"h3":"8929a007557ffff","count":8,"c3":3,"c6":3,"c12":3,"c24":8,"score":4.5,"risk":9,"peakDay":"Monday","peakTime":"morning","hood":"Downtown","bk12":{"morning":1,"afternoon":0,"evening":2,"night":0},"bk24":{"morning":4,"afternoon":1,"evening":3,"night":0},"sv12":1,"recent":[{"d":"2026-06-17","day":"Wed","time":"19:14","desc":"Motor Vehicle Theft","res":""},{"d":"2026-06-17","day":"Wed","time":"19:14","desc":"Larceny","res":""},{"d":"2026-06-08","day":"Mon","time":"11:52","desc":"Larceny","res":""},{"d":"2025-06-01","day":"Sun","time":"20:00","desc":"Larceny","res":""},{"d":"2025-05-20","day":"Tue","time":"07:49","desc":"Larceny","res":""},{"d":"2024-12-30","day":"Mon","time":"14:02","desc":"Larceny","res":""},{"d":"2024-11-22","day":"Fri","time":"11:02","desc":"Larceny","res":""},{"d":"2024-09-08","day":"Sun","time":"07:00","desc":"Motor Vehicle Theft","res":""}]}},{"type":"Feature","geometry":{"type":"Polygon","coordinates":[[[-117.47793246768829,33.93636565833612],[-117.4767936436069,33.938057808136186],[-117.47797089276997,33.939686299679195],[-117.48028698014235,33.93962261692543],[-117.48142575009106,33.937930458841585],[-117.4802484868029,33.9363019917951],[-117.47793246768829,33.93636565833612],[-117.47793246768829,33.93636565833612]]]},"properties":{"h3":"8929a014953ffff","count":3,"c3":0,"c6":0,"c12":2,"c24":3,"score":1.6,"risk":3,"peakDay":"Friday","peakTime":"afternoon","hood":"La Sierra Acres","bk12":{"morning":0,"afternoon":1,"evening":0,"night":1},"bk24":{"morning":0,"afternoon":2,"evening":0,"night":1},"recent":[{"d":"2026-01-04","day":"Sun","time":"16:40","desc":"Larceny","res":""},{"d":"2025-12-05","day":"Fri","time":"00:40","desc":"Larceny","res":""},{"d":"2024-11-22","day":"Fri","time":"14:00","desc":"Larceny","res":""}]}},{"type":"Feature","geometry":{"type":"Polygon","coordinates":[[[-117.42925310312415,33.934371735646245],[-117.42811332395743,33.936063629425185],[-117.42929009222372,33.9376927791155],[-117.43160665393481,33.93763001055474],[-117.4327463790884,33.93593810842386],[-117.43156959654686,33.934308983205504],[-117.42925310312415,33.934371735646245],[-117.42925310312415,33.934371735646245]]]},"properties":{"h3":"8929a014acbffff","count":3,"c3":0,"c6":2,"c12":2,"c24":3,"score":1.9,"risk":4,"peakDay":"Friday","peakTime":"morning","hood":"Ramona","bk12":{"morning":2,"afternoon":0,"evening":0,"night":0},"bk24":{"morning":2,"afternoon":0,"evening":1,"night":0},"recent":[{"d":"2026-04-04","day":"Sat","time":"10:52","desc":"Larceny","res":""},{"d":"2026-03-11","day":"Wed","time":"10:09","desc":"Larceny","res":""},{"d":"2024-11-22","day":"Fri","time":"19:00","desc":"Larceny","res":""}]}},{"type":"Feature","geometry":{"type":"Polygon","coordinates":[[[-117.42241382753838,33.944522823635026],[-117.42127380812902,33.946214607506704],[-117.4224506182897,33.94784372730349],[-117.42476746216153,33.947781038767005],[-117.42590742756451,33.94608924653793],[-117.42473060310482,33.94446015120257],[-117.42241382753838,33.944522823635026],[-117.42241382753838,33.944522823635026]]]},"properties":{"h3":"8929a015987ffff","count":8,"c3":1,"c6":3,"c12":4,"c24":8,"score":4.6,"risk":9,"peakDay":"Friday","peakTime":"evening","hood":"Ramona","bk12":{"morning":0,"afternoon":2,"evening":2,"night":0},"bk24":{"morning":0,"afternoon":2,"evening":4,"night":2},"sv12":1,"recent":[{"d":"2026-06-12","day":"Fri","time":"13:24","desc":"Larceny","res":""},{"d":"2026-03-20","day":"Fri","time":"21:50","desc":"Motor Vehicle Theft","res":""},{"d":"2026-03-11","day":"Wed","time":"12:52","desc":"Larceny","res":""},{"d":"2025-11-14","day":"Fri","time":"21:10","desc":"Larceny","res":""},{"d":"2025-06-09","day":"Mon","time":"17:00","desc":"Motor Vehicle Theft","res":""},{"d":"2025-04-07","day":"Mon","time":"01:49","desc":"Motor Vehicle Theft","res":""},{"d":"2025-04-07","day":"Mon","time":"01:49","desc":"Motor Vehicle Theft","res":""},{"d":"2024-11-24","day":"Sun","time":"21:20","desc":"Larceny","res":""}]}},{"type":"Feature","geometry":{"type":"Polygon","coordinates":[[[-117.38445084713531,33.9704579742655],[-117.38330980383144,33.972149361999826],[-117.38448652643753,33.97377867175544],[-117.38680430677341,33.97371656935295],[-117.38794529613786,33.97202517321898],[-117.3867685591086,33.97039588788695],[-117.38445084713531,33.9704579742655],[-117.38445084713531,33.9704579742655]]]},"properties":{"h3":"8929a015b7bffff","count":1,"c3":0,"c6":0,"c12":0,"c24":1,"score":0.3,"risk":1,"peakDay":"Monday","peakTime":"night","hood":"Wood Streets","bk12":{"morning":0,"afternoon":0,"evening":0,"night":0},"bk24":{"morning":0,"afternoon":0,"evening":0,"night":1},"recent":[{"d":"2024-11-25","day":"Mon","time":"00:00","desc":"Larceny","res":""}]}},{"type":"Feature","geometry":{"type":"Polygon","coordinates":[[[-117.44664492579014,33.93556051890471],[-117.44550548285419,33.937252500937184],[-117.4466824281213,33.93888141002694],[-117.44899883054886,33.93881831260362],[-117.45013821942851,33.93712632224373],[-117.44896125993967,33.93549743763441],[-117.44664492579014,33.93556051890471],[-117.44664492579014,33.93556051890471]]]},"properties":{"h3":"8929a014abbffff","count":6,"c3":0,"c6":0,"c12":1,"c24":6,"score":2.1,"risk":4,"peakDay":"Monday","peakTime":"morning","hood":"Ramona","bk12":{"morning":1,"afternoon":0,"evening":0,"night":0},"bk24":{"morning":3,"afternoon":2,"evening":1,"night":0},"recent":[{"d":"2025-11-13","day":"Thu","time":"07:21","desc":"Larceny","res":""},{"d":"2024-12-20","day":"Fri","time":"13:36","desc":"Motor Vehicle Theft","res":""},{"d":"2024-12-18","day":"Wed","time":"08:05","desc":"Larceny","res":""},{"d":"2024-11-25","day":"Mon","time":"15:00","desc":"Larceny","res":""},{"d":"2024-11-18","day":"Mon","time":"20:00","desc":"Motor Vehicle Theft","res":""},{"d":"2024-10-07","day":"Mon","time":"08:13","desc":"Motor Vehicle Theft","res":""}]}},{"type":"Feature","geometry":{"type":"Polygon","coordinates":[[[-117.41513417133542,33.91481919600475],[-117.41399430845767,33.91651114932632],[-117.41517073769441,33.91814071182937],[-117.4174870441256,33.918078296533075],[-117.41862685304322,33.916386334832346],[-117.41745040949256,33.91475679680689],[-117.41513417133542,33.91481919600475],[-117.41513417133542,33.91481919600475]]]},"properties":{"h3":"8929a014367ffff","count":1,"c3":0,"c6":0,"c12":0,"c24":1,"score":0.3,"risk":1,"peakDay":"Tuesday","peakTime":"evening","hood":"Presidential Park","bk12":{"morning":0,"afternoon":0,"evening":0,"night":0},"bk24":{"morning":0,"afternoon":0,"evening":1,"night":0},"recent":[{"d":"2024-11-26","day":"Tue","time":"18:00","desc":"Larceny","res":""}]}},{"type":"Feature","geometry":{"type":"Polygon","coordinates":[[[-117.38434382189234,33.96049550447652],[-117.38320287795939,33.96218696248985],[-117.3843794948629,33.963816390605515],[-117.38669707012315,33.96375433627745],[-117.38783796012655,33.962062869860404],[-117.38666132880208,33.96043346617498],[-117.38434382189234,33.96049550447652],[-117.38434382189234,33.96049550447652]]]},"properties":{"h3":"8929a015bcfffff","count":5,"c3":2,"c6":2,"c12":3,"c24":5,"score":3.2,"risk":6,"peakDay":"Wednesday","peakTime":"night","hood":"Wood Streets","bk12":{"morning":0,"afternoon":1,"evening":2,"night":0},"bk24":{"morning":0,"afternoon":1,"evening":2,"night":2},"recent":[{"d":"2026-06-17","day":"Wed","time":"21:29","desc":"Larceny","res":""},{"d":"2026-05-17","day":"Sun","time":"16:57","desc":"Larceny","res":""},{"d":"2025-12-20","day":"Sat","time":"21:33","desc":"Larceny","res":""},{"d":"2025-07-08","day":"Tue","time":"22:00","desc":"Motor Vehicle Theft","res":""},{"d":"2024-11-27","day":"Wed","time":"03:40","desc":"Larceny","res":""}]}},{"type":"Feature","geometry":{"type":"Polygon","coordinates":[[[-117.39129626570127,33.9603092610661],[-117.39015546275056,33.96200075928904],[-117.3913321437184,33.963630099102105],[-117.3936496420391,33.963567916257944],[-117.39479039104353,33.96187640964081],[-117.39361369567636,33.96024709426186],[-117.39129626570127,33.9603092610661],[-117.39129626570127,33.9603092610661]]]},"properties":{"h3":"8929a015b13ffff","count":3,"c3":1,"c6":2,"c12":2,"c24":3,"score":1.9,"risk":4,"peakDay":"Saturday","peakTime":"afternoon","hood":"Wood Streets","bk12":{"morning":1,"afternoon":0,"evening":1,"night":0},"bk24":{"morning":1,"afternoon":1,"evening":1,"night":0},"sv12":1,"recent":[{"d":"2026-06-27","day":"Sat","time":"08:55","desc":"Larceny","res":""},{"d":"2026-02-07","day":"Sat","time":"19:41","desc":"Motor Vehicle Theft","res":""},{"d":"2024-11-27","day":"Wed","time":"12:15","desc":"Larceny","res":""}]}},{"type":"Feature","geometry":{"type":"Polygon","coordinates":[[[-117.32512001814005,33.9504379818069],[-117.32397799302669,33.95212917905543],[-117.32515394059868,33.95375949502717],[-117.3274719278886,33.95369858934517],[-117.32861389922584,33.952007383607324],[-117.32743793705214,33.950377092040625],[-117.32512001814005,33.9504379818069],[-117.32512001814005,33.9504379818069]]]},"properties":{"h3":"8929a0028bbffff","count":1,"c3":0,"c6":0,"c12":0,"c24":1,"score":0.3,"risk":1,"peakDay":"Thursday","peakTime":"morning","hood":"Canyon Crest","bk12":{"morning":0,"afternoon":0,"evening":0,"night":0},"bk24":{"morning":1,"afternoon":0,"evening":0,"night":0},"recent":[{"d":"2024-11-28","day":"Thu","time":"05:30","desc":"Larceny","res":""}]}},{"type":"Feature","geometry":{"type":"Polygon","coordinates":[[[-117.43263511436331,33.92597476860618],[-117.43149548834467,33.92766674052717],[-117.43267220041194,33.92929594452114],[-117.43498855276329,33.92923315211452],[-117.43612812476874,33.92754117184297],[-117.4349513984388,33.92591199232843],[-117.43263511436331,33.92597476860618],[-117.43263511436331,33.92597476860618]]]},"properties":{"h3":"8929a014e6bffff","count":2,"c3":0,"c6":0,"c12":1,"c24":2,"score":0.9,"risk":2,"peakDay":"Friday","peakTime":"afternoon","hood":"Ramona","bk12":{"morning":1,"afternoon":0,"evening":0,"night":0},"bk24":{"morning":1,"afternoon":1,"evening":0,"night":0},"sv12":1,"recent":[{"d":"2025-10-26","day":"Sun","time":"07:08","desc":"Motor Vehicle Theft","res":""},{"d":"2024-11-29","day":"Fri","time":"16:00","desc":"Larceny","res":""}]}},{"type":"Feature","geometry":{"type":"Polygon","coordinates":[[[-117.43579351764663,33.89764827258238],[-117.43465424291304,33.89934046165805],[-117.43583068742436,33.90096995586343],[-117.43814642091775,33.90090723649266],[-117.43928564165776,33.89921503905959],[-117.43810918290077,33.89758556935452],[-117.43579351764663,33.89764827258238],[-117.43579351764663,33.89764827258238]]]},"properties":{"h3":"8929a014173ffff","count":1,"c3":0,"c6":0,"c12":0,"c24":1,"score":0.3,"risk":1,"peakDay":"Friday","peakTime":"evening","hood":"Arlington Heights","bk12":{"morning":0,"afternoon":0,"evening":0,"night":0},"bk24":{"morning":0,"afternoon":0,"evening":1,"night":0},"recent":[{"d":"2024-11-29","day":"Fri","time":"17:30","desc":"Larceny","res":""}]}},{"type":"Feature","geometry":{"type":"Polygon","coordinates":[[[-117.38113434308691,33.98549377467058],[-117.37999308018063,33.98718503666098],[-117.38116992931562,33.98881421287723],[-117.38348805579705,33.98875210269125],[-117.38462926475745,33.98706083230251],[-117.38345240118515,33.985431680497925],[-117.38113434308691,33.98549377467058],[-117.38113434308691,33.98549377467058]]]},"properties":{"h3":"8929a007553ffff","count":5,"c3":0,"c6":0,"c12":1,"c24":5,"score":2,"risk":4,"peakDay":"Friday","peakTime":"evening","hood":"Downtown","bk12":{"morning":0,"afternoon":1,"evening":0,"night":0},"bk24":{"morning":1,"afternoon":2,"evening":2,"night":0},"sv12":1,"recent":[{"d":"2025-09-26","day":"Fri","time":"13:16","desc":"Motor Vehicle Theft","res":""},{"d":"2025-08-05","day":"Tue","time":"05:01","desc":"Motor Vehicle Theft","res":""},{"d":"2025-04-29","day":"Tue","time":"20:30","desc":"Motor Vehicle Theft","res":""},{"d":"2024-11-30","day":"Sat","time":"17:00","desc":"Larceny","res":""},{"d":"2024-09-20","day":"Fri","time":"12:00","desc":"Motor Vehicle Theft","res":""}]}},{"type":"Feature","geometry":{"type":"Polygon","coordinates":[[[-117.44653243210125,33.925597469591665],[-117.44539308824923,33.92728952136631],[-117.44656992778035,33.92891854866654],[-117.4488861253858,33.92885549970486],[-117.45002541519138,33.92716343959873],[-117.44884856144073,33.925534436785604],[-117.44653243210125,33.925597469591665],[-117.44653243210125,33.925597469591665]]]},"properties":{"h3":"8929a014e2fffff","count":4,"c3":0,"c6":0,"c12":0,"c24":4,"score":1.5,"risk":3,"peakDay":"Sunday","peakTime":"evening","hood":"Arlington","bk12":{"morning":0,"afternoon":0,"evening":0,"night":0},"bk24":{"morning":0,"afternoon":0,"evening":3,"night":1},"recent":[{"d":"2025-07-30","day":"Wed","time":"23:00","desc":"Larceny","res":""},{"d":"2025-05-15","day":"Thu","time":"20:00","desc":"Larceny","res":""},{"d":"2024-12-01","day":"Sun","time":"19:00","desc":"Larceny","res":""},{"d":"2024-11-26","day":"Tue","time":"19:00","desc":"Motor Vehicle Theft","res":""}]}},{"type":"Feature","geometry":{"type":"Polygon","coordinates":[[[-117.47405613893953,33.90159030878524],[-117.47291759060806,33.90328268207559],[-117.47409443784943,33.904911631462504],[-117.47640984755334,33.90484818304088],[-117.47754834179511,33.90315580144767],[-117.47637148042543,33.90152687657878],[-117.47405613893953,33.90159030878524],[-117.47405613893953,33.90159030878524]]]},"properties":{"h3":"8929a014ca3ffff","count":29,"c3":1,"c6":1,"c12":11,"c24":29,"score":13.5,"risk":26,"peakDay":"Friday","peakTime":"afternoon","hood":"La Sierra","bk12":{"morning":2,"afternoon":5,"evening":3,"night":1},"bk24":{"morning":7,"afternoon":8,"evening":7,"night":7},"sv12":4,"recent":[{"d":"2026-07-18","day":"Sat","time":"18:12","desc":"Motor Vehicle Theft","res":""},{"d":"2026-01-07","day":"Wed","time":"18:26","desc":"Motor Vehicle Theft","res":""},{"d":"2025-12-30","day":"Tue","time":"01:44","desc":"Larceny","res":""},{"d":"2025-11-26","day":"Wed","time":"12:50","desc":"Larceny","res":""},{"d":"2025-11-23","day":"Sun","time":"18:37","desc":"Motor Vehicle Theft","res":""},{"d":"2025-11-04","day":"Tue","time":"07:44","desc":"Larceny","res":""},{"d":"2025-10-28","day":"Tue","time":"13:12","desc":"Larceny","res":""},{"d":"2025-10-03","day":"Fri","time":"15:55","desc":"Motor Vehicle Theft","res":""},{"d":"2025-09-25","day":"Thu","time":"13:57","desc":"Larceny","res":""},{"d":"2025-09-20","day":"Sat","time":"07:31","desc":"Larceny","res":""}]}},{"type":"Feature","geometry":{"type":"Polygon","coordinates":[[[-117.34985538413723,33.987988184017084],[-117.34871347029929,33.989679252632456],[-117.34989004805925,33.99130880645661],[-117.35220855419486,33.99124726727205],[-117.35335041416054,33.9895561902162],[-117.3521738218657,33.9879266607852],[-117.34985538413723,33.987988184017084],[-117.34985538413723,33.987988184017084]]]},"properties":{"h3":"8929a0076abffff","count":16,"c3":0,"c6":1,"c12":4,"c24":16,"score":6.8,"risk":13,"peakDay":"Friday","peakTime":"morning","hood":"Hunter Industrial Park","bk12":{"morning":2,"afternoon":1,"evening":1,"night":0},"bk24":{"morning":8,"afternoon":5,"evening":2,"night":1},"sv12":2,"recent":[{"d":"2026-03-26","day":"Thu","time":"08:04","desc":"Motor Vehicle Theft","res":""},{"d":"2025-12-13","day":"Sat","time":"09:17","desc":"Motor Vehicle Theft","res":""},{"d":"2025-11-13","day":"Thu","time":"17:40","desc":"Larceny","res":""},{"d":"2025-10-14","day":"Tue","time":"16:10","desc":"Larceny","res":""},{"d":"2025-07-14","day":"Mon","time":"12:13","desc":"Motor Vehicle Theft","res":""},{"d":"2025-05-13","day":"Tue","time":"12:17","desc":"Larceny","res":""},{"d":"2025-02-28","day":"Fri","time":"15:00","desc":"Motor Vehicle Theft","res":""},{"d":"2025-02-07","day":"Fri","time":"09:41","desc":"Larceny","res":""},{"d":"2025-01-25","day":"Sat","time":"19:00","desc":"Motor Vehicle Theft","res":""},{"d":"2025-01-24","day":"Fri","time":"07:30","desc":"Motor Vehicle Theft","res":""}]}},{"type":"Feature","geometry":{"type":"Polygon","coordinates":[[[-117.48433986910356,33.88967966207914],[-117.48320164788635,33.89137217577019],[-117.48437846699599,33.89300113024356],[-117.48669352141913,33.89293754649413],[-117.48783168853336,33.891245024509765],[-117.4866548553302,33.88961609456797],[-117.48433986910356,33.88967966207914],[-117.48433986910356,33.88967966207914]]]},"properties":{"h3":"8929a016b1bffff","count":5,"c3":1,"c6":1,"c12":3,"c24":5,"score":2.7,"risk":5,"peakDay":"Wednesday","peakTime":"morning","hood":"La Sierra South","bk12":{"morning":2,"afternoon":1,"evening":0,"night":0},"bk24":{"morning":4,"afternoon":1,"evening":0,"night":0},"recent":[{"d":"2026-06-18","day":"Thu","time":"15:22","desc":"Larceny","res":""},{"d":"2025-10-19","day":"Sun","time":"11:34","desc":"Larceny","res":""},{"d":"2025-10-19","day":"Sun","time":"08:10","desc":"Larceny","res":""},{"d":"2024-12-04","day":"Wed","time":"11:07","desc":"Motor Vehicle Theft","res":""},{"d":"2024-12-04","day":"Wed","time":"11:07","desc":"Larceny","res":""}]}},{"type":"Feature","geometry":{"type":"Polygon","coordinates":[[[-117.3743569413135,34.00228160066823],[-117.37321537163503,34.0039727047024],[-117.37439233285288,34.00560177159811],[-117.37671087821465,34.00553971006275],[-117.37785239394762,34.00384859762745],[-117.37667541826708,34.002219555128484],[-117.3743569413135,34.00228160066823],[-117.3743569413135,34.00228160066823]]]},"properties":{"h3":"8929a007033ffff","count":9,"c3":1,"c6":1,"c12":1,"c24":9,"score":3.7,"risk":7,"peakDay":"Monday","peakTime":"afternoon","hood":"Northside","bk12":{"morning":0,"afternoon":1,"evening":0,"night":0},"bk24":{"morning":1,"afternoon":6,"evening":2,"night":0},"recent":[{"d":"2026-05-21","day":"Thu","time":"12:13","desc":"Larceny","res":""},{"d":"2025-06-08","day":"Sun","time":"16:30","desc":"Larceny","res":""},{"d":"2025-05-11","day":"Sun","time":"09:31","desc":"Larceny","res":""},{"d":"2025-03-10","day":"Mon","time":"18:43","desc":"Larceny","res":""},{"d":"2025-01-14","day":"Tue","time":"16:30","desc":"Motor Vehicle Theft","res":""},{"d":"2024-12-16","day":"Mon","time":"20:00","desc":"Motor Vehicle Theft","res":""},{"d":"2024-12-16","day":"Mon","time":"12:50","desc":"Motor Vehicle Theft","res":""},{"d":"2024-12-05","day":"Thu","time":"14:43","desc":"Motor Vehicle Theft","res":""},{"d":"2024-12-04","day":"Wed","time":"12:00","desc":"Larceny","res":""}]}},{"type":"Feature","geometry":{"type":"Polygon","coordinates":[[[-117.4877929894904,33.887923549512685],[-117.4866548553302,33.88961609456797],[-117.48783168853336,33.891245024509765],[-117.49014666998187,33.89118138486148],[-117.4912847500324,33.88948883151697],[-117.49010790274684,33.88785992610979],[-117.4877929894904,33.887923549512685],[-117.4877929894904,33.887923549512685]]]},"properties":{"h3":"8929a016b13ffff","count":1,"c3":0,"c6":0,"c12":0,"c24":1,"score":0.3,"risk":1,"peakDay":"Wednesday","peakTime":"afternoon","hood":"La Sierra South","bk12":{"morning":0,"afternoon":0,"evening":0,"night":0},"bk24":{"morning":0,"afternoon":1,"evening":0,"night":0},"recent":[{"d":"2024-12-04","day":"Wed","time":"15:09","desc":"Larceny","res":""}]}},{"type":"Feature","geometry":{"type":"Polygon","coordinates":[[[-117.48119462628287,33.918005629221476],[-117.48005605424106,33.9196979265179],[-117.48123314122425,33.921326590667164],[-117.48354881436245,33.92126293300912],[-117.48468733228151,33.9195706274262],[-117.48351023118792,33.917941987787636],[-117.48119462628287,33.918005629221476],[-117.48119462628287,33.918005629221476]]]},"properties":{"h3":"8929a014d47ffff","count":6,"c3":1,"c6":2,"c12":2,"c24":6,"score":2.9,"risk":6,"peakDay":"Wednesday","peakTime":"morning","hood":"La Sierra","bk12":{"morning":2,"afternoon":0,"evening":0,"night":0},"bk24":{"morning":3,"afternoon":0,"evening":2,"night":1},"recent":[{"d":"2026-05-30","day":"Sat","time":"11:09","desc":"Larceny","res":""},{"d":"2026-03-25","day":"Wed","time":"08:19","desc":"Larceny","res":""},{"d":"2025-01-13","day":"Mon","time":"07:00","desc":"Larceny","res":""},{"d":"2024-12-04","day":"Wed","time":"19:00","desc":"Motor Vehicle Theft","res":""},{"d":"2024-12-04","day":"Wed","time":"19:00","desc":"Larceny","res":""},{"d":"2024-10-23","day":"Wed","time":"00:58","desc":"Motor Vehicle Theft","res":""}]}},{"type":"Feature","geometry":{"type":"Polygon","coordinates":[[[-117.38780218568901,33.95874197635165],[-117.38666132880208,33.96043346617498],[-117.38783796012655,33.962062869860404],[-117.39015546275056,33.96200075928904],[-117.39129626570127,33.9603092610661],[-117.39011961996697,33.95867988181396],[-117.38780218568901,33.95874197635165],[-117.38780218568901,33.95874197635165]]]},"properties":{"h3":"8929a015bc7ffff","count":5,"c3":1,"c6":1,"c12":2,"c24":5,"score":2.3,"risk":4,"peakDay":"Monday","peakTime":"evening","hood":"Magnolia Center","bk12":{"morning":0,"afternoon":0,"evening":2,"night":0},"bk24":{"morning":0,"afternoon":1,"evening":3,"night":1},"recent":[{"d":"2026-05-11","day":"Mon","time":"17:18","desc":"Larceny","res":""},{"d":"2025-08-18","day":"Mon","time":"18:00","desc":"Larceny","res":""},{"d":"2024-12-05","day":"Thu","time":"15:00","desc":"Motor Vehicle Theft","res":""},{"d":"2024-12-04","day":"Wed","time":"23:36","desc":"Larceny","res":""},{"d":"2024-10-04","day":"Fri","time":"21:30","desc":"Motor Vehicle Theft","res":""}]}},{"type":"Feature","geometry":{"type":"Polygon","coordinates":[[[-117.31064256712875,33.89432548301765],[-117.30950082478194,33.89601699657955],[-117.31067604560756,33.89764815633911],[-117.31299302341468,33.89758777810159],[-117.3141347120744,33.89589625600821],[-117.31295947661694,33.89426512068367],[-117.31064256712875,33.89432548301765],[-117.31064256712875,33.89432548301765]]]},"properties":{"h3":"8929a01566bffff","count":4,"c3":0,"c6":0,"c12":0,"c24":4,"score":1.3,"risk":2,"peakDay":"Thursday","peakTime":"afternoon","hood":"Orangecrest","bk12":{"morning":0,"afternoon":0,"evening":0,"night":0},"bk24":{"morning":1,"afternoon":3,"evening":0,"night":0},"recent":[{"d":"2025-02-22","day":"Sat","time":"12:13","desc":"Motor Vehicle Theft","res":""},{"d":"2024-12-05","day":"Thu","time":"15:00","desc":"Larceny","res":""},{"d":"2024-12-05","day":"Thu","time":"15:00","desc":"Larceny","res":""},{"d":"2024-10-06","day":"Sun","time":"08:00","desc":"Motor Vehicle Theft","res":""}]}},{"type":"Feature","geometry":{"type":"Polygon","coordinates":[[[-117.49167287803142,33.922700215522774],[-117.49053446838782,33.92439253766233],[-117.49171170345188,33.92602101005838],[-117.4940273622415,33.92595713580164],[-117.49516571773253,33.92426480539195],[-117.4939884685893,33.922636357508964],[-117.49167287803142,33.922700215522774],[-117.49167287803142,33.922700215522774]]]},"properties":{"h3":"8929a014d2bffff","count":6,"c3":1,"c6":1,"c12":1,"c24":6,"score":2.6,"risk":5,"peakDay":"Sunday","peakTime":"evening","hood":"La Sierra","bk12":{"morning":0,"afternoon":0,"evening":1,"night":0},"bk24":{"morning":1,"afternoon":1,"evening":4,"night":0},"recent":[{"d":"2026-07-08","day":"Wed","time":"17:22","desc":"Larceny","res":""},{"d":"2025-02-09","day":"Sun","time":"21:20","desc":"Larceny","res":""},{"d":"2025-01-27","day":"Mon","time":"15:00","desc":"Motor Vehicle Theft","res":""},{"d":"2025-01-02","day":"Thu","time":"06:30","desc":"Larceny","res":""},{"d":"2024-12-06","day":"Fri","time":"17:00","desc":"Larceny","res":""},{"d":"2024-10-06","day":"Sun","time":"18:17","desc":"Motor Vehicle Theft","res":""}]}},{"type":"Feature","geometry":{"type":"Polygon","coordinates":[[[-117.34179831529593,33.88187788598582],[-117.3406573215576,33.88356966208731],[-117.3418327088264,33.88520056265666],[-117.34414910436868,33.88513966266402],[-117.34529004435619,33.88344787806908],[-117.3441146425551,33.881817001960066],[-117.34179831529593,33.88187788598582],[-117.34179831529593,33.88187788598582]]]},"properties":{"h3":"8929a015467ffff","count":2,"c3":0,"c6":0,"c12":0,"c24":2,"score":0.6,"risk":1,"peakDay":"Saturday","peakTime":"night","hood":"Orangecrest","bk12":{"morning":0,"afternoon":0,"evening":0,"night":0},"bk24":{"morning":0,"afternoon":0,"evening":0,"night":2},"recent":[{"d":"2024-12-07","day":"Sat","time":"01:52","desc":"Motor Vehicle Theft","res":""},{"d":"2024-12-07","day":"Sat","time":"01:52","desc":"Larceny","res":""}]}},{"type":"Feature","geometry":{"type":"Polygon","coordinates":[[[-117.4397703656773,33.94239132253865],[-117.4386307155376,33.944083218069565],[-117.43980766757592,33.94571213668346],[-117.44212428400142,33.94564913529411],[-117.44326388009482,33.94395723142896],[-117.44208691381175,33.9423283372872],[-117.4397703656773,33.94239132253865],[-117.4397703656773,33.94239132253865]]]},"properties":{"h3":"8929a014a0fffff","count":7,"c3":0,"c6":0,"c12":2,"c24":7,"score":3.1,"risk":6,"peakDay":"Saturday","peakTime":"morning","hood":"Ramona","bk12":{"morning":2,"afternoon":0,"evening":0,"night":0},"bk24":{"morning":3,"afternoon":2,"evening":1,"night":1},"sv12":2,"recent":[{"d":"2025-12-27","day":"Sat","time":"08:12","desc":"Motor Vehicle Theft","res":""},{"d":"2025-12-27","day":"Sat","time":"06:05","desc":"Motor Vehicle Theft","res":""},{"d":"2025-07-02","day":"Wed","time":"10:52","desc":"Motor Vehicle Theft","res":""},{"d":"2025-06-10","day":"Tue","time":"03:00","desc":"Larceny","res":""},{"d":"2025-01-06","day":"Mon","time":"21:00","desc":"Motor Vehicle Theft","res":""},{"d":"2024-12-07","day":"Sat","time":"13:06","desc":"Larceny","res":""},{"d":"2024-09-20","day":"Fri","time":"13:33","desc":"Motor Vehicle Theft","res":""}]}},{"type":"Feature","geometry":{"type":"Polygon","coordinates":[[[-117.46042882078056,33.925218631547374],[-117.45928975919405,33.926910763067404],[-117.4604667260309,33.9285396136217],[-117.46278276863349,33.928476308161024],[-117.46392177614035,33.92678416832858],[-117.46274479512707,33.92515534226906],[-117.46042882078056,33.925218631547374],[-117.46042882078056,33.925218631547374]]]},"properties":{"h3":"8929a01481bffff","count":2,"c3":0,"c6":0,"c12":0,"c24":2,"score":0.7,"risk":1,"peakDay":"Saturday","peakTime":"evening","hood":"Arlanza","bk12":{"morning":0,"afternoon":0,"evening":0,"night":0},"bk24":{"morning":0,"afternoon":1,"evening":1,"night":0},"recent":[{"d":"2025-03-05","day":"Wed","time":"14:00","desc":"Larceny","res":""},{"d":"2024-12-07","day":"Sat","time":"20:00","desc":"Larceny","res":""}]}},{"type":"Feature","geometry":{"type":"Polygon","coordinates":[[[-117.41167799760791,33.91657349243528],[-117.4105380477191,33.91826541413847],[-117.41171446263074,33.9198950011161],[-117.41403084175907,33.919832641915804],[-117.41517073769441,33.91814071182937],[-117.41399430845767,33.91651114932632],[-117.41167799760791,33.91657349243528],[-117.41167799760791,33.91657349243528]]]},"properties":{"h3":"8929a01436fffff","count":5,"c3":0,"c6":1,"c12":1,"c24":5,"score":2,"risk":4,"peakDay":"Thursday","peakTime":"night","hood":"Arlington Heights","bk12":{"morning":0,"afternoon":1,"evening":0,"night":0},"bk24":{"morning":0,"afternoon":2,"evening":1,"night":2},"sv12":1,"recent":[{"d":"2026-02-26","day":"Thu","time":"14:57","desc":"Motor Vehicle Theft","res":""},{"d":"2024-12-12","day":"Thu","time":"19:51","desc":"Motor Vehicle Theft","res":""},{"d":"2024-12-11","day":"Wed","time":"00:00","desc":"Larceny","res":""},{"d":"2024-12-09","day":"Mon","time":"12:53","desc":"Motor Vehicle Theft","res":""},{"d":"2024-12-08","day":"Sun","time":"00:00","desc":"Larceny","res":""}]}},{"type":"Feature","geometry":{"type":"Polygon","coordinates":[[[-117.34874722065638,33.88169510564101],[-117.34760636754757,33.88338692192246],[-117.34878181903123,33.8850177343978],[-117.35109813813723,33.884956706127284],[-117.35223893747859,33.88326488136186],[-117.35106347148417,33.881634093350755],[-117.34874722065638,33.88169510564101],[-117.34874722065638,33.88169510564101]]]},"properties":{"h3":"8929a01542fffff","count":1,"c3":0,"c6":0,"c12":0,"c24":1,"score":0.3,"risk":1,"peakDay":"Sunday","peakTime":"afternoon","hood":"Orangecrest","bk12":{"morning":0,"afternoon":0,"evening":0,"night":0},"bk24":{"morning":0,"afternoon":1,"evening":0,"night":0},"recent":[{"d":"2024-12-08","day":"Sun","time":"14:50","desc":"Larceny","res":""}]}},{"type":"Feature","geometry":{"type":"Polygon","coordinates":[[[-117.47432427885973,33.92483825480992],[-117.47318549963745,33.926530465967055],[-117.47436259362185,33.928159139723284],[-117.47667848096467,33.928095577819796],[-117.4778172060741,33.92640335836934],[-117.47664009795638,33.924774709115525],[-117.47432427885973,33.92483825480992],[-117.47432427885973,33.92483825480992]]]},"properties":{"h3":"8929a0148a3ffff","count":4,"c3":0,"c6":0,"c12":3,"c24":4,"score":1.9,"risk":4,"peakDay":"Friday","peakTime":"afternoon","hood":"La Sierra","bk12":{"morning":1,"afternoon":0,"evening":1,"night":1},"bk24":{"morning":1,"afternoon":1,"evening":1,"night":1},"recent":[{"d":"2025-09-26","day":"Fri","time":"23:26","desc":"Larceny","res":""},{"d":"2025-09-17","day":"Wed","time":"17:58","desc":"Larceny","res":""},{"d":"2025-09-05","day":"Fri","time":"07:42","desc":"Larceny","res":""},{"d":"2024-12-10","day":"Tue","time":"16:09","desc":"Larceny","res":""}]}},{"type":"Feature","geometry":{"type":"Polygon","coordinates":[[[-117.33214195571422,33.95689805204384],[-117.3310000049825,33.95858924281676],[-117.33217608733958,33.9602193918695],[-117.33449413501283,33.96015832574465],[-117.33563603194524,33.95846712649463],[-117.3344599350065,33.956837001846395],[-117.33214195571422,33.95689805204384],[-117.33214195571422,33.95689805204384]]]},"properties":{"h3":"8929a0029dbffff","count":4,"c3":1,"c6":1,"c12":2,"c24":4,"score":2,"risk":4,"peakDay":"Wednesday","peakTime":"afternoon","hood":"Canyon Crest","bk12":{"morning":0,"afternoon":2,"evening":0,"night":0},"bk24":{"morning":0,"afternoon":3,"evening":0,"night":1},"recent":[{"d":"2026-05-24","day":"Sun","time":"15:46","desc":"Larceny","res":""},{"d":"2025-08-22","day":"Fri","time":"13:10","desc":"Larceny","res":""},{"d":"2024-12-11","day":"Wed","time":"15:00","desc":"Larceny","res":""},{"d":"2024-11-26","day":"Tue","time":"00:00","desc":"Motor Vehicle Theft","res":""}]}},{"type":"Feature","geometry":{"type":"Polygon","coordinates":[[[-117.47401784229348,33.89826892365249],[-117.47287932693877,33.89996132006188],[-117.47405613893953,33.90159030878524],[-117.47637148042543,33.90152687657878],[-117.47750994169371,33.89983447186518],[-117.47633311556532,33.89820550766207],[-117.47401784229348,33.89826892365249],[-117.47401784229348,33.89826892365249]]]},"properties":{"h3":"8929a014cb3ffff","count":4,"c3":0,"c6":1,"c12":1,"c24":4,"score":1.9,"risk":4,"peakDay":"Saturday","peakTime":"night","hood":"La Sierra South","bk12":{"morning":0,"afternoon":1,"evening":0,"night":0},"bk24":{"morning":1,"afternoon":1,"evening":1,"night":1},"recent":[{"d":"2026-03-21","day":"Sat","time":"12:04","desc":"Larceny","res":""},{"d":"2025-07-02","day":"Wed","time":"21:30","desc":"Larceny","res":""},{"d":"2024-12-22","day":"Sun","time":"10:55","desc":"Larceny","res":""},{"d":"2024-12-14","day":"Sat","time":"00:49","desc":"Larceny","res":""}]}},{"type":"Feature","geometry":{"type":"Polygon","coordinates":[[[-117.32091644808173,33.879101035388295],[-117.3197750657542,33.880792714007484],[-117.32095022499482,33.88242391792822],[-117.32326678116188,33.88236341877873],[-117.32440810979195,33.88067173163618],[-117.32323293595519,33.87904055216632],[-117.32091644808173,33.879101035388295],[-117.32091644808173,33.879101035388295]]]},"properties":{"h3":"8929a01568fffff","count":1,"c3":0,"c6":0,"c12":0,"c24":1,"score":0.3,"risk":1,"peakDay":"Saturday","peakTime":"evening","hood":"Orangecrest","bk12":{"morning":0,"afternoon":0,"evening":0,"night":0},"bk24":{"morning":0,"afternoon":0,"evening":1,"night":0},"recent":[{"d":"2024-12-14","day":"Sat","time":"21:49","desc":"Larceny","res":""}]}},{"type":"Feature","geometry":{"type":"Polygon","coordinates":[[[-117.33556756760328,33.95182436898201],[-117.33442573702342,33.953515615121724],[-117.33560179876166,33.95514577914619],[-117.33791970565231,33.95508467262101],[-117.33906148242939,33.95339341800692],[-117.3378854061214,33.951763278392235],[-117.33556756760328,33.95182436898201],[-117.33556756760328,33.95182436898201]]]},"properties":{"h3":"8929a002d6bffff","count":2,"c3":0,"c6":0,"c12":1,"c24":2,"score":1,"risk":2,"peakDay":"Sunday","peakTime":"morning","hood":"Canyon Crest","bk12":{"morning":1,"afternoon":0,"evening":0,"night":0},"bk24":{"morning":2,"afternoon":0,"evening":0,"night":0},"recent":[{"d":"2025-12-09","day":"Tue","time":"08:18","desc":"Larceny","res":""},{"d":"2024-12-15","day":"Sun","time":"06:35","desc":"Larceny","res":""}]}},{"type":"Feature","geometry":{"type":"Polygon","coordinates":[[[-117.39810416778725,33.94683884442113],[-117.39696363824339,33.94853047631825],[-117.3981402423,33.9501598855345],[-117.40045739027816,33.95009763840659],[-117.40159786587223,33.94840599811939],[-117.40042124744078,33.94677661335001],[-117.39810416778725,33.94683884442113],[-117.39810416778725,33.94683884442113]]]},"properties":{"h3":"8929a015823ffff","count":16,"c3":0,"c6":0,"c12":4,"c24":16,"score":6.6,"risk":13,"peakDay":"Wednesday","peakTime":"morning","hood":"Magnolia Center","bk12":{"morning":1,"afternoon":2,"evening":1,"night":0},"bk24":{"morning":5,"afternoon":4,"evening":3,"night":4},"recent":[{"d":"2025-12-10","day":"Wed","time":"13:23","desc":"Larceny","res":""},{"d":"2025-11-26","day":"Wed","time":"16:19","desc":"Larceny","res":""},{"d":"2025-10-21","day":"Tue","time":"10:48","desc":"Larceny","res":""},{"d":"2025-08-25","day":"Mon","time":"18:09","desc":"Larceny","res":""},{"d":"2025-06-11","day":"Wed","time":"01:00","desc":"Larceny","res":""},{"d":"2025-04-10","day":"Thu","time":"04:30","desc":"Larceny","res":""},{"d":"2025-04-08","day":"Tue","time":"13:00","desc":"Motor Vehicle Theft","res":""},{"d":"2025-04-01","day":"Tue","time":"18:00","desc":"Motor Vehicle Theft","res":""},{"d":"2025-03-29","day":"Sat","time":"21:00","desc":"Larceny","res":""},{"d":"2025-03-20","day":"Thu","time":"09:50","desc":"Larceny","res":""}]}},{"type":"Feature","geometry":{"type":"Polygon","coordinates":[[[-117.46395978489782,33.93010509481835],[-117.46282074438516,33.93179721142874],[-117.4639977959027,33.93342595867403],[-117.46631390210239,33.933362564815454],[-117.46745288852213,33.93167043989949],[-117.46627582283786,33.93004171714751],[-117.46395978489782,33.93010509481835],[-117.46395978489782,33.93010509481835]]]},"properties":{"h3":"8929a01480fffff","count":5,"c3":0,"c6":1,"c12":2,"c24":5,"score":2.4,"risk":5,"peakDay":"Sunday","peakTime":"night","hood":"Arlanza","bk12":{"morning":1,"afternoon":0,"evening":0,"night":1},"bk24":{"morning":1,"afternoon":1,"evening":1,"night":2},"recent":[{"d":"2026-03-11","day":"Wed","time":"00:28","desc":"Larceny","res":""},{"d":"2025-08-12","day":"Tue","time":"09:40","desc":"Larceny","res":""},{"d":"2025-07-07","day":"Mon","time":"13:41","desc":"Motor Vehicle Theft","res":""},{"d":"2025-01-23","day":"Thu","time":"21:41","desc":"Motor Vehicle Theft","res":""},{"d":"2024-12-15","day":"Sun","time":"23:43","desc":"Larceny","res":""}]}},{"type":"Feature","geometry":{"type":"Polygon","coordinates":[[[-117.34933567134492,33.938171297018584],[-117.34819425496906,33.93986271746787],[-117.34937030451856,33.941492862540095],[-117.35168778497028,33.94143156273644],[-117.35282914752302,33.93974013382637],[-117.35165308344995,33.93811001318058],[-117.34933567134492,33.938171297018584],[-117.34933567134492,33.938171297018584]]]},"properties":{"h3":"8929a002dbbffff","count":2,"c3":0,"c6":0,"c12":0,"c24":2,"score":0.7,"risk":1,"peakDay":"Monday","peakTime":"morning","hood":"Canyon Crest","bk12":{"morning":0,"afternoon":0,"evening":0,"night":0},"bk24":{"morning":1,"afternoon":0,"evening":0,"night":1},"recent":[{"d":"2025-01-17","day":"Fri","time":"03:00","desc":"Motor Vehicle Theft","res":""},{"d":"2024-12-16","day":"Mon","time":"05:00","desc":"Larceny","res":""}]}},{"type":"Feature","geometry":{"type":"Polygon","coordinates":[[[-117.44976228310364,33.90391452272968],[-117.4486232244039,33.90560674520219],[-117.44979986673519,33.907235984157175],[-117.45211558197305,33.90717297613596],[-117.45325458663943,33.905480745327864],[-117.45207793010414,33.903851530876395],[-117.44976228310364,33.90391452272968],[-117.44976228310364,33.90391452272968]]]},"properties":{"h3":"8929a014c5bffff","count":3,"c3":0,"c6":0,"c12":1,"c24":3,"score":1.3,"risk":2,"peakDay":"Monday","peakTime":"morning","hood":"Arlington South","bk12":{"morning":1,"afternoon":0,"evening":0,"night":0},"bk24":{"morning":3,"afternoon":0,"evening":0,"night":0},"sv12":1,"recent":[{"d":"2025-10-31","day":"Fri","time":"09:27","desc":"Motor Vehicle Theft","res":""},{"d":"2025-02-22","day":"Sat","time":"05:31","desc":"Larceny","res":""},{"d":"2024-12-16","day":"Mon","time":"08:59","desc":"Larceny","res":""}]}},{"type":"Feature","geometry":{"type":"Polygon","coordinates":[[[-117.47436259362185,33.928159139723284],[-117.47322378140753,33.92985132767568],[-117.47440091064936,33.931479962016724],[-117.4767168662424,33.93141638390502],[-117.47785562434055,33.92972418766065],[-117.47667848096467,33.928095577819796],[-117.47436259362185,33.928159139723284],[-117.47436259362185,33.928159139723284]]]},"properties":{"h3":"8929a0148afffff","count":14,"c3":0,"c6":1,"c12":2,"c24":14,"score":5.8,"risk":11,"peakDay":"Saturday","peakTime":"night","hood":"La Sierra Acres","bk12":{"morning":1,"afternoon":0,"evening":1,"night":0},"bk24":{"morning":3,"afternoon":2,"evening":4,"night":5},"sv12":2,"recent":[{"d":"2026-04-03","day":"Fri","time":"10:29","desc":"Motor Vehicle Theft","res":""},{"d":"2025-08-17","day":"Sun","time":"20:30","desc":"Motor Vehicle Theft","res":""},{"d":"2025-07-19","day":"Sat","time":"03:11","desc":"Motor Vehicle Theft","res":""},{"d":"2025-07-08","day":"Tue","time":"13:00","desc":"Motor Vehicle Theft","res":""},{"d":"2025-05-31","day":"Sat","time":"05:35","desc":"Motor Vehicle Theft","res":""},{"d":"2025-05-29","day":"Thu","time":"21:30","desc":"Larceny","res":""},{"d":"2025-03-08","day":"Sat","time":"22:00","desc":"Motor Vehicle Theft","res":""},{"d":"2025-02-16","day":"Sun","time":"16:09","desc":"Larceny","res":""},{"d":"2025-01-18","day":"Sat","time":"00:00","desc":"Motor Vehicle Theft","res":""},{"d":"2024-12-17","day":"Tue","time":"22:00","desc":"Larceny","res":""}]}},{"type":"Feature","geometry":{"type":"Polygon","coordinates":[[[-117.47424765613091,33.918196297205675],[-117.47310894288701,33.91988855474015],[-117.47428596636283,33.921517307297215],[-117.4766017172173,33.921453777812765],[-117.47774037635503,33.91976151198226],[-117.47656333874728,33.91813278393206],[-117.47424765613091,33.918196297205675],[-117.47424765613091,33.918196297205675]]]},"properties":{"h3":"8929a014d4bffff","count":5,"c3":0,"c6":0,"c12":0,"c24":5,"score":1.7,"risk":3,"peakDay":"Wednesday","peakTime":"evening","hood":"La Sierra","bk12":{"morning":0,"afternoon":0,"evening":0,"night":0},"bk24":{"morning":0,"afternoon":1,"evening":3,"night":1},"recent":[{"d":"2025-05-17","day":"Sat","time":"19:33","desc":"Motor Vehicle Theft","res":""},{"d":"2025-05-02","day":"Fri","time":"22:00","desc":"Larceny","res":""},{"d":"2024-12-16","day":"Mon","time":"21:00","desc":"Larceny","res":""},{"d":"2024-10-23","day":"Wed","time":"19:11","desc":"Motor Vehicle Theft","res":""},{"d":"2024-09-11","day":"Wed","time":"14:18","desc":"Motor Vehicle Theft","res":""}]}},{"type":"Feature","geometry":{"type":"Polygon","coordinates":[[[-117.48104058928402,33.90472115808776],[-117.47990214914195,33.90641354797837],[-117.48107909511918,33.908042369632724],[-117.48339449534878,33.90797877687666],[-117.48453288138127,33.9062863786941],[-117.48335592129655,33.904657581559356],[-117.48104058928402,33.90472115808776],[-117.48104058928402,33.90472115808776]]]},"properties":{"h3":"8929a014dd3ffff","count":7,"c3":0,"c6":0,"c12":3,"c24":7,"score":2.9,"risk":6,"peakDay":"Wednesday","peakTime":"night","hood":"La Sierra","bk12":{"morning":1,"afternoon":1,"evening":1,"night":0},"bk24":{"morning":2,"afternoon":1,"evening":1,"night":3},"sv12":2,"recent":[{"d":"2025-10-04","day":"Sat","time":"14:47","desc":"Larceny","res":""},{"d":"2025-09-25","day":"Thu","time":"06:45","desc":"Motor Vehicle Theft","res":""},{"d":"2025-09-23","day":"Tue","time":"17:48","desc":"Motor Vehicle Theft","res":""},{"d":"2024-12-20","day":"Fri","time":"04:40","desc":"Motor Vehicle Theft","res":""},{"d":"2024-12-18","day":"Wed","time":"00:09","desc":"Motor Vehicle Theft","res":""},{"d":"2024-12-18","day":"Wed","time":"00:09","desc":"Larceny","res":""},{"d":"2024-11-28","day":"Thu","time":"07:30","desc":"Motor Vehicle Theft","res":""}]}},{"type":"Feature","geometry":{"type":"Polygon","coordinates":[[[-117.31762690287981,33.897466893236604],[-117.3164852679171,33.899158423856015],[-117.31766058830242,33.90078945637179],[-117.31997755826426,33.900728933831296],[-117.32111913951995,33.89903739469129],[-117.31994380452358,33.89740638661221],[-117.31762690287981,33.897466893236604],[-117.31762690287981,33.897466893236604]]]},"properties":{"h3":"8929a01529bffff","count":2,"c3":0,"c6":0,"c12":0,"c24":2,"score":0.7,"risk":1,"peakDay":"Wednesday","peakTime":"afternoon","hood":"Orangecrest","bk12":{"morning":0,"afternoon":0,"evening":0,"night":0},"bk24":{"morning":0,"afternoon":2,"evening":0,"night":0},"recent":[{"d":"2025-03-26","day":"Wed","time":"15:38","desc":"Larceny","res":""},{"d":"2024-12-18","day":"Wed","time":"12:25","desc":"Larceny","res":""}]}},{"type":"Feature","geometry":{"type":"Polygon","coordinates":[[[-117.34653322166163,34.003022800498556],[-117.34539108802801,34.00471374286197],[-117.34656779217515,34.00634316302771],[-117.34888664450777,34.00628161644862],[-117.35002872426271,34.00459066564601],[-117.34885200556651,34.002961269861515],[-117.34653322166163,34.003022800498556],[-117.34653322166163,34.003022800498556]]]},"properties":{"h3":"8929a007283ffff","count":15,"c3":0,"c6":1,"c12":6,"c24":15,"score":6.9,"risk":13,"peakDay":"Sunday","peakTime":"afternoon","hood":"Hunter Industrial Park","bk12":{"morning":0,"afternoon":5,"evening":0,"night":1},"bk24":{"morning":3,"afternoon":7,"evening":2,"night":3},"sv12":4,"recent":[{"d":"2026-03-05","day":"Thu","time":"12:21","desc":"Larceny","res":""},{"d":"2026-01-06","day":"Tue","time":"16:52","desc":"Larceny","res":""},{"d":"2025-11-03","day":"Mon","time":"12:40","desc":"Motor Vehicle Theft","res":""},{"d":"2025-08-31","day":"Sun","time":"16:31","desc":"Motor Vehicle Theft","res":""},{"d":"2025-08-31","day":"Sun","time":"16:31","desc":"Motor Vehicle Theft","res":""},{"d":"2025-08-13","day":"Wed","time":"01:38","desc":"Motor Vehicle Theft","res":""},{"d":"2025-07-20","day":"Sun","time":"09:00","desc":"Motor Vehicle Theft","res":""},{"d":"2025-03-30","day":"Sun","time":"12:00","desc":"Motor Vehicle Theft","res":""},{"d":"2025-03-04","day":"Tue","time":"00:00","desc":"Motor Vehicle Theft","res":""},{"d":"2025-02-24","day":"Mon","time":"16:16","desc":"Motor Vehicle Theft","res":""}]}},{"type":"Feature","geometry":{"type":"Polygon","coordinates":[[[-117.49869763436908,33.929149942319576],[-117.4975593000774,33.93084225781182],[-117.49873666909502,33.9324705628915],[-117.50105238646616,33.932406527966386],[-117.50219066658207,33.93071420421631],[-117.50101328350542,33.92908592364901],[-117.49869763436908,33.929149942319576],[-117.49869763436908,33.929149942319576]]]},"properties":{"h3":"8929a0ab24bffff","count":5,"c3":0,"c6":0,"c12":2,"c24":5,"score":2.3,"risk":4,"peakDay":"Friday","peakTime":"morning","hood":"La Sierra Hills","bk12":{"morning":0,"afternoon":1,"evening":0,"night":1},"bk24":{"morning":2,"afternoon":2,"evening":0,"night":1},"sv12":1,"recent":[{"d":"2025-10-16","day":"Thu","time":"16:12","desc":"Larceny","res":""},{"d":"2025-10-08","day":"Wed","time":"04:52","desc":"Motor Vehicle Theft","res":""},{"d":"2025-07-19","day":"Sat","time":"11:20","desc":"Larceny","res":""},{"d":"2025-02-09","day":"Sun","time":"14:28","desc":"Motor Vehicle Theft","res":""},{"d":"2024-12-20","day":"Fri","time":"11:00","desc":"Larceny","res":""}]}},{"type":"Feature","geometry":{"type":"Polygon","coordinates":[[[-117.3005645541678,33.92948228612138],[-117.29942225252037,33.9311734940382],[-117.3005977457971,33.93280437400553],[-117.30291555539632,33.93274402165006],[-117.30405780334748,33.93105280520181],[-117.30288229539853,33.929421949640286],[-117.3005645541678,33.92948228612138],[-117.3005645541678,33.92948228612138]]]},"properties":{"h3":"8929a00212fffff","count":2,"c3":0,"c6":0,"c12":0,"c24":2,"score":0.6,"risk":1,"peakDay":"Saturday","peakTime":"night","hood":"Sycamore Canyon/Canyon Springs","bk12":{"morning":0,"afternoon":0,"evening":0,"night":0},"bk24":{"morning":0,"afternoon":0,"evening":0,"night":2},"recent":[{"d":"2024-12-21","day":"Sat","time":"22:53","desc":"Larceny","res":""},{"d":"2024-10-10","day":"Thu","time":"00:00","desc":"Motor Vehicle Theft","res":""}]}},{"type":"Feature","geometry":{"type":"Polygon","coordinates":[[[-117.36359028663905,33.97101482320471],[-117.36244882046127,33.97270609007603],[-117.36362535060466,33.97433566470928],[-117.36594336141654,33.97427394805905],[-117.36708477370503,33.972582672759515],[-117.36590822907371,33.97095312253827],[-117.36359028663905,33.97101482320471],[-117.36359028663905,33.97101482320471]]]},"properties":{"h3":"8929a0074c7ffff","count":9,"c3":0,"c6":1,"c12":3,"c24":9,"score":4.1,"risk":8,"peakDay":"Saturday","peakTime":"afternoon","hood":"Eastside","bk12":{"morning":1,"afternoon":2,"evening":0,"night":0},"bk24":{"morning":2,"afternoon":4,"evening":0,"night":3},"sv12":3,"recent":[{"d":"2026-04-18","day":"Sat","time":"12:33","desc":"Motor Vehicle Theft","res":""},{"d":"2025-09-21","day":"Sun","time":"16:11","desc":"Motor Vehicle Theft","res":""},{"d":"2025-09-06","day":"Sat","time":"10:33","desc":"Motor Vehicle Theft","res":""},{"d":"2025-07-29","day":"Tue","time":"05:30","desc":"Larceny","res":""},{"d":"2025-07-18","day":"Fri","time":"23:00","desc":"Motor Vehicle Theft","res":""},{"d":"2025-03-01","day":"Sat","time":"23:56","desc":"Larceny","res":""},{"d":"2024-12-25","day":"Wed","time":"14:41","desc":"Motor Vehicle Theft","res":""},{"d":"2024-12-23","day":"Mon","time":"03:00","desc":"Larceny","res":""},{"d":"2024-09-09","day":"Mon","time":"15:15","desc":"Motor Vehicle Theft","res":""}]}},{"type":"Feature","geometry":{"type":"Polygon","coordinates":[[[-117.34587677042495,33.93992394504105],[-117.34473526708202,33.941615333644805],[-117.3459113020968,33.9432455031404],[-117.34822885499203,33.943184259608714],[-117.34937030451856,33.941492862540095],[-117.34819425496906,33.93986271746787],[-117.34587677042495,33.93992394504105],[-117.34587677042495,33.93992394504105]]]},"properties":{"h3":"8929a002d17ffff","count":2,"c3":0,"c6":0,"c12":0,"c24":2,"score":0.6,"risk":1,"peakDay":"Wednesday","peakTime":"morning","hood":"Canyon Crest","bk12":{"morning":0,"afternoon":0,"evening":0,"night":0},"bk24":{"morning":1,"afternoon":0,"evening":1,"night":0},"recent":[{"d":"2024-12-25","day":"Wed","time":"05:57","desc":"Larceny","res":""},{"d":"2024-09-29","day":"Sun","time":"21:30","desc":"Motor Vehicle Theft","res":""}]}},{"type":"Feature","geometry":{"type":"Polygon","coordinates":[[[-117.34646408677219,33.99638188613241],[-117.34532201951771,33.9980728756503],[-117.34649865319405,33.99970237485995],[-117.3488173686752,33.99964086016585],[-117.34995938205759,33.99794986220608],[-117.3487827338337,33.9963203873821],[-117.34646408677219,33.99638188613241],[-117.34646408677219,33.99638188613241]]]},"properties":{"h3":"8929a00762bffff","count":2,"c3":1,"c6":1,"c12":1,"c24":2,"score":1.3,"risk":3,"peakDay":"Thursday","peakTime":"morning","hood":"Hunter Industrial Park","bk12":{"morning":1,"afternoon":0,"evening":0,"night":0},"bk24":{"morning":2,"afternoon":0,"evening":0,"night":0},"recent":[{"d":"2026-07-21","day":"Tue","time":"10:23","desc":"Larceny","res":""},{"d":"2024-12-26","day":"Thu","time":"10:34","desc":"Larceny","res":""}]}},{"type":"Feature","geometry":{"type":"Polygon","coordinates":[[[-117.39817631894657,33.953480863876024],[-117.39703572320673,33.955172449048746],[-117.39821239772712,33.956801779425206],[-117.40052968236648,33.95673950018636],[-117.40167022415004,33.955047906626284],[-117.40049353525332,33.95341860069222],[-117.39817631894657,33.953480863876024],[-117.39817631894657,33.953480863876024]]]},"properties":{"h3":"8929a015b97ffff","count":4,"c3":0,"c6":2,"c12":2,"c24":4,"score":2.3,"risk":4,"peakDay":"Thursday","peakTime":"morning","hood":"Magnolia Center","bk12":{"morning":1,"afternoon":1,"evening":0,"night":0},"bk24":{"morning":2,"afternoon":1,"evening":1,"night":0},"recent":[{"d":"2026-03-11","day":"Wed","time":"05:47","desc":"Larceny","res":""},{"d":"2026-03-08","day":"Sun","time":"16:55","desc":"Larceny","res":""},{"d":"2025-07-07","day":"Mon","time":"18:00","desc":"Larceny","res":""},{"d":"2024-12-26","day":"Thu","time":"10:45","desc":"Larceny","res":""}]}},{"type":"Feature","geometry":{"type":"Polygon","coordinates":[[[-117.41553652023491,33.9513524253287],[-117.41439629361818,33.953044122474694],[-117.41557311038825,33.954673251751885],[-117.41789016809986,33.954610659429754],[-117.4190303407203,33.95291895391954],[-117.4178535096282,33.95128984909549],[-117.41553652023491,33.9513524253287],[-117.41553652023491,33.9513524253287]]]},"properties":{"h3":"8929a015903ffff","count":1,"c3":0,"c6":0,"c12":0,"c24":1,"score":0.3,"risk":1,"peakDay":"Thursday","peakTime":"evening","hood":"Magnolia Center","bk12":{"morning":0,"afternoon":0,"evening":0,"night":0},"bk24":{"morning":0,"afternoon":0,"evening":1,"night":0},"recent":[{"d":"2024-12-26","day":"Thu","time":"17:00","desc":"Larceny","res":""}]}},{"type":"Feature","geometry":{"type":"Polygon","coordinates":[[[-117.41910373032148,33.95956043290103],[-117.41796349154835,33.961252091691996],[-117.4191404283779,33.962881078163626],[-117.42145761829643,33.962818381394634],[-117.42259780305668,33.9611267142476],[-117.42142085191405,33.95949775222547],[-117.41910373032148,33.95956043290103],[-117.41910373032148,33.95956043290103]]]},"properties":{"h3":"8929a01592bffff","count":2,"c3":0,"c6":0,"c12":0,"c24":2,"score":0.7,"risk":1,"peakDay":"Friday","peakTime":"morning","hood":"Grand","bk12":{"morning":0,"afternoon":0,"evening":0,"night":0},"bk24":{"morning":2,"afternoon":0,"evening":0,"night":0},"recent":[{"d":"2025-04-07","day":"Mon","time":"07:01","desc":"Motor Vehicle Theft","res":""},{"d":"2024-12-27","day":"Fri","time":"07:41","desc":"Larceny","res":""}]}},{"type":"Feature","geometry":{"type":"Polygon","coordinates":[[[-117.38787373668045,33.96538370052156],[-117.38673281355858,33.96707514352161],[-117.38790951535081,33.968704468314584],[-117.39022715467897,33.968642325678516],[-117.391368023858,33.96695087428156],[-117.39019130765449,33.96532157391741],[-117.38787373668045,33.96538370052156],[-117.38787373668045,33.96538370052156]]]},"properties":{"h3":"8929a015b0bffff","count":7,"c3":0,"c6":2,"c12":6,"c24":7,"score":4,"risk":8,"peakDay":"Thursday","peakTime":"morning","hood":"Wood Streets","bk12":{"morning":3,"afternoon":0,"evening":2,"night":1},"bk24":{"morning":3,"afternoon":1,"evening":2,"night":1},"sv12":1,"recent":[{"d":"2026-03-08","day":"Sun","time":"03:46","desc":"Motor Vehicle Theft","res":""},{"d":"2026-03-07","day":"Sat","time":"17:52","desc":"Larceny","res":""},{"d":"2025-10-30","day":"Thu","time":"10:12","desc":"Larceny","res":""},{"d":"2025-10-12","day":"Sun","time":"11:14","desc":"Larceny","res":""},{"d":"2025-08-30","day":"Sat","time":"06:13","desc":"Larceny","res":""},{"d":"2025-08-14","day":"Thu","time":"20:00","desc":"Larceny","res":""},{"d":"2024-12-27","day":"Fri","time":"12:18","desc":"Larceny","res":""}]}},{"type":"Feature","geometry":{"type":"Polygon","coordinates":[[[-117.4498750406642,33.91387871950535],[-117.44873588293059,33.91557087245655],[-117.44991263096207,33.917199993384905],[-117.4522285509362,33.91713693686507],[-117.4533676546266,33.91544477558238],[-117.4521908923889,33.91381567915085],[-117.4498750406642,33.91387871950535],[-117.4498750406642,33.91387871950535]]]},"properties":{"h3":"8929a014ea3ffff","count":7,"c3":0,"c6":0,"c12":3,"c24":7,"score":2.8,"risk":5,"peakDay":"Friday","peakTime":"evening","hood":"Arlington","bk12":{"morning":1,"afternoon":0,"evening":2,"night":0},"bk24":{"morning":1,"afternoon":2,"evening":3,"night":1},"sv12":1,"recent":[{"d":"2025-08-24","day":"Sun","time":"05:46","desc":"Larceny","res":""},{"d":"2025-08-14","day":"Thu","time":"20:59","desc":"Motor Vehicle Theft","res":""},{"d":"2025-08-06","day":"Wed","time":"20:00","desc":"Larceny","res":""},{"d":"2025-03-13","day":"Thu","time":"19:53","desc":"Motor Vehicle Theft","res":""},{"d":"2024-12-27","day":"Fri","time":"12:46","desc":"Larceny","res":""},{"d":"2024-11-26","day":"Tue","time":"13:50","desc":"Motor Vehicle Theft","res":""},{"d":"2024-08-30","day":"Fri","time":"00:30","desc":"Motor Vehicle Theft","res":""}]}},{"type":"Feature","geometry":{"type":"Polygon","coordinates":[[[-117.38765910909817,33.94545777425137],[-117.38651838465806,33.94714935759284],[-117.38769487507233,33.94877891894515],[-117.39001210433636,33.94871687251364],[-117.3911527748534,33.947025280767136],[-117.38997627003228,33.945395743857],[-117.38765910909817,33.94545777425137],[-117.38765910909817,33.94545777425137]]]},"properties":{"h3":"8929a015873ffff","count":3,"c3":1,"c6":1,"c12":1,"c24":3,"score":1.5,"risk":3,"peakDay":"Saturday","peakTime":"afternoon","hood":"Victoria","bk12":{"morning":0,"afternoon":0,"evening":1,"night":0},"bk24":{"morning":0,"afternoon":2,"evening":1,"night":0},"recent":[{"d":"2026-05-21","day":"Thu","time":"17:42","desc":"Larceny","res":""},{"d":"2025-01-13","day":"Mon","time":"16:49","desc":"Motor Vehicle Theft","res":""},{"d":"2024-12-28","day":"Sat","time":"12:45","desc":"Larceny","res":""}]}},{"type":"Feature","geometry":{"type":"Polygon","coordinates":[[[-117.42208280866313,33.91463187014881],[-117.42094308676472,33.91632386345042],[-117.42211957983942,33.917953337664684],[-117.42443580910775,33.917890794095705],[-117.42557547702943,33.91619879242448],[-117.42439896966228,33.91456934269167],[-117.42208280866313,33.91463187014881],[-117.42208280866313,33.91463187014881]]]},"properties":{"h3":"8929a01432fffff","count":3,"c3":0,"c6":0,"c12":0,"c24":3,"score":1.1,"risk":2,"peakDay":"Saturday","peakTime":"evening","hood":"Presidential Park","bk12":{"morning":0,"afternoon":0,"evening":0,"night":0},"bk24":{"morning":0,"afternoon":0,"evening":3,"night":0},"recent":[{"d":"2025-03-25","day":"Tue","time":"19:30","desc":"Larceny","res":""},{"d":"2025-01-13","day":"Mon","time":"21:00","desc":"Motor Vehicle Theft","res":""},{"d":"2024-12-28","day":"Sat","time":"20:45","desc":"Larceny","res":""}]}},{"type":"Feature","geometry":{"type":"Polygon","coordinates":[[[-117.370614577473,33.977471116771405],[-117.36947318593745,33.97916237701931],[-117.37064985073911,33.98079178443883],[-117.37296792154697,33.98072990719887],[-117.37410925916993,33.97903863853499],[-117.37293257990042,33.97740925552688],[-117.370614577473,33.977471116771405],[-117.370614577473,33.977471116771405]]]},"properties":{"h3":"8929a007407ffff","count":17,"c3":2,"c6":6,"c12":9,"c24":17,"score":10,"risk":19,"peakDay":"Thursday","peakTime":"afternoon","hood":"Downtown","bk12":{"morning":4,"afternoon":4,"evening":1,"night":0},"bk24":{"morning":4,"afternoon":5,"evening":4,"night":4},"sv12":4,"recent":[{"d":"2026-07-21","day":"Tue","time":"16:49","desc":"Larceny","res":""},{"d":"2026-06-25","day":"Thu","time":"12:44","desc":"Motor Vehicle Theft","res":""},{"d":"2026-04-23","day":"Thu","time":"11:36","desc":"Larceny","res":""},{"d":"2026-04-22","day":"Wed","time":"09:14","desc":"Motor Vehicle Theft","res":""},{"d":"2026-03-16","day":"Mon","time":"11:14","desc":"Motor Vehicle Theft","res":""},{"d":"2026-02-24","day":"Tue","time":"08:20","desc":"Motor Vehicle Theft","res":""},{"d":"2025-10-12","day":"Sun","time":"18:38","desc":"Larceny","res":""},{"d":"2025-09-22","day":"Mon","time":"14:50","desc":"Larceny","res":""},{"d":"2025-09-14","day":"Sun","time":"14:34","desc":"Larceny","res":""},{"d":"2025-07-12","day":"Sat","time":"20:30","desc":"Larceny","res":""}]}},{"type":"Feature","geometry":{"type":"Polygon","coordinates":[[[-117.40851263382413,33.94489795955018],[-117.40737233232802,33.94658966329092],[-117.40854901470883,33.94821895974919],[-117.4108660129306,33.94815652801283],[-117.41200626045361,33.94646481589563],[-117.41082956373074,33.9448355438911],[-117.40851263382413,33.94489795955018],[-117.40851263382413,33.94489795955018]]]},"properties":{"h3":"8929a0159c3ffff","count":3,"c3":0,"c6":0,"c12":1,"c24":3,"score":1.3,"risk":3,"peakDay":"Sunday","peakTime":"afternoon","hood":"Magnolia Center","bk12":{"morning":0,"afternoon":1,"evening":0,"night":0},"bk24":{"morning":0,"afternoon":2,"evening":0,"night":1},"recent":[{"d":"2025-11-27","day":"Thu","time":"16:27","desc":"Larceny","res":""},{"d":"2025-01-31","day":"Fri","time":"14:30","desc":"Larceny","res":""},{"d":"2024-12-29","day":"Sun","time":"00:00","desc":"Larceny","res":""}]}},{"type":"Feature","geometry":{"type":"Polygon","coordinates":[[[-117.42237703896282,33.94120185723468],[-117.42123705261791,33.942893664419174],[-117.42241382753838,33.944522823635026],[-117.42473060310482,33.94446015120257],[-117.42587053544666,33.942768335659316],[-117.42469374622792,33.941139200907116],[-117.42237703896282,33.94120185723468],[-117.42237703896282,33.94120185723468]]]},"properties":{"h3":"8929a015997ffff","count":7,"c3":0,"c6":1,"c12":2,"c24":7,"score":3.3,"risk":6,"peakDay":"Sunday","peakTime":"night","hood":"Ramona","bk12":{"morning":2,"afternoon":0,"evening":0,"night":0},"bk24":{"morning":2,"afternoon":0,"evening":2,"night":3},"sv12":1,"recent":[{"d":"2026-03-11","day":"Wed","time":"10:19","desc":"Larceny","res":""},{"d":"2025-12-13","day":"Sat","time":"06:46","desc":"Motor Vehicle Theft","res":""},{"d":"2025-05-12","day":"Mon","time":"01:00","desc":"Larceny","res":""},{"d":"2025-05-11","day":"Sun","time":"00:00","desc":"Larceny","res":""},{"d":"2025-04-21","day":"Mon","time":"22:00","desc":"Larceny","res":""},{"d":"2024-12-29","day":"Sun","time":"20:30","desc":"Larceny","res":""},{"d":"2024-12-29","day":"Sun","time":"17:00","desc":"Larceny","res":""}]}},{"type":"Feature","geometry":{"type":"Polygon","coordinates":[[[-117.49151759930018,33.909416411760205],[-117.4903793215167,33.91110882651031],[-117.49155641554084,33.91273745650277],[-117.49387180142755,33.91267364722297],[-117.49501002507169,33.91098122419727],[-117.49383291697121,33.909352618726814],[-117.49151759930018,33.909416411760205],[-117.49151759930018,33.909416411760205]]]},"properties":{"h3":"8929a014d8fffff","count":11,"c3":3,"c6":3,"c12":6,"c24":11,"score":6.1,"risk":12,"peakDay":"Friday","peakTime":"morning","hood":"La Sierra","bk12":{"morning":4,"afternoon":2,"evening":0,"night":0},"bk24":{"morning":7,"afternoon":2,"evening":1,"night":1},"recent":[{"d":"2026-07-17","day":"Fri","time":"07:33","desc":"Larceny","res":""},{"d":"2026-07-07","day":"Tue","time":"12:25","desc":"Larceny","res":""},{"d":"2026-05-13","day":"Wed","time":"06:14","desc":"Larceny","res":""},{"d":"2025-12-03","day":"Wed","time":"08:46","desc":"Larceny","res":""},{"d":"2025-10-17","day":"Fri","time":"11:08","desc":"Larceny","res":""},{"d":"2025-08-09","day":"Sat","time":"14:00","desc":"Larceny","res":""},{"d":"2025-07-24","day":"Thu","time":"05:07","desc":"Larceny","res":""},{"d":"2024-12-30","day":"Mon","time":"00:00","desc":"Larceny","res":""},{"d":"2024-11-29","day":"Fri","time":"06:30","desc":"Motor Vehicle Theft","res":""},{"d":"2024-10-23","day":"Wed","time":"19:00","desc":"Motor Vehicle Theft","res":""}]}},{"type":"Feature","geometry":{"type":"Polygon","coordinates":[[[-117.42252420632047,33.95448534636256],[-117.42138408770634,33.956177060231546],[-117.42256100360031,33.9578060617121],[-117.4248780524124,33.957743324868716],[-117.42601811701032,33.95605160264638],[-117.42484118681514,33.95442262562061],[-117.42252420632047,33.95448534636256],[-117.42252420632047,33.95448534636256]]]},"properties":{"h3":"8929a015933ffff","count":4,"c3":0,"c6":1,"c12":1,"c24":4,"score":2,"risk":4,"peakDay":"Tuesday","peakTime":"morning","hood":"Airport","bk12":{"morning":1,"afternoon":0,"evening":0,"night":0},"bk24":{"morning":3,"afternoon":0,"evening":0,"night":1},"recent":[{"d":"2026-02-06","day":"Fri","time":"08:12","desc":"Larceny","res":""},{"d":"2025-07-20","day":"Sun","time":"06:45","desc":"Larceny","res":""},{"d":"2025-05-22","day":"Thu","time":"06:00","desc":"Larceny","res":""},{"d":"2024-12-31","day":"Tue","time":"04:00","desc":"Larceny","res":""}]}},{"type":"Feature","geometry":{"type":"Polygon","coordinates":[[[-117.34642952239595,33.993061334336446],[-117.34528748832811,33.99475234741554],[-117.34646408677219,33.99638188613241],[-117.3487827338337,33.9963203873821],[-117.34992471403264,33.99462936585978],[-117.34874810104175,33.99299985153079],[-117.34642952239595,33.993061334336446],[-117.34642952239595,33.993061334336446]]]},"properties":{"h3":"8929a00763bffff","count":5,"c3":0,"c6":0,"c12":2,"c24":5,"score":2.3,"risk":4,"peakDay":"Sunday","peakTime":"afternoon","hood":"Hunter Industrial Park","bk12":{"morning":0,"afternoon":2,"evening":0,"night":0},"bk24":{"morning":1,"afternoon":2,"evening":1,"night":1},"sv12":1,"recent":[{"d":"2025-10-31","day":"Fri","time":"12:26","desc":"Larceny","res":""},{"d":"2025-10-12","day":"Sun","time":"14:03","desc":"Motor Vehicle Theft","res":""},{"d":"2025-07-31","day":"Thu","time":"11:45","desc":"Larceny","res":""},{"d":"2025-01-01","day":"Wed","time":"00:00","desc":"Larceny","res":""},{"d":"2024-09-29","day":"Sun","time":"19:00","desc":"Motor Vehicle Theft","res":""}]}},{"type":"Feature","geometry":{"type":"Polygon","coordinates":[[[-117.33234677576048,33.976825147869526],[-117.33120462590524,33.97851619772469],[-117.33238091950479,33.98014611030014],[-117.3346993775487,33.98008494862903],[-117.33584147358499,33.978393890304865],[-117.3346651653992,33.97676400212063],[-117.33234677576048,33.976825147869526],[-117.33234677576048,33.976825147869526]]]},"properties":{"h3":"8929a002ba7ffff","count":3,"c3":0,"c6":0,"c12":2,"c24":3,"score":1.5,"risk":3,"peakDay":"Thursday","peakTime":"night","hood":"University","bk12":{"morning":1,"afternoon":0,"evening":1,"night":0},"bk24":{"morning":1,"afternoon":0,"evening":1,"night":1},"sv12":1,"recent":[{"d":"2025-11-05","day":"Wed","time":"19:41","desc":"Larceny","res":""},{"d":"2025-10-04","day":"Sat","time":"08:06","desc":"Motor Vehicle Theft","res":""},{"d":"2025-01-02","day":"Thu","time":"00:00","desc":"Larceny","res":""}]}},{"type":"Feature","geometry":{"type":"Polygon","coordinates":[[[-117.48488044727566,33.93617453048324],[-117.48374176445549,33.93786672007566],[-117.48491907712568,33.93949512317478],[-117.48723508672238,33.93943131218098],[-117.48837371539328,33.937739114314326],[-117.48719638861954,33.93611073571552],[-117.48488044727566,33.93617453048324],[-117.48488044727566,33.93617453048324]]]},"properties":{"h3":"8929a01491bffff","count":2,"c3":0,"c6":0,"c12":0,"c24":2,"score":0.8,"risk":2,"peakDay":"Friday","peakTime":"evening","hood":"La Sierra Acres","bk12":{"morning":0,"afternoon":0,"evening":0,"night":0},"bk24":{"morning":0,"afternoon":0,"evening":2,"night":0},"recent":[{"d":"2025-06-10","day":"Tue","time":"18:00","desc":"Larceny","res":""},{"d":"2025-01-03","day":"Fri","time":"17:00","desc":"Larceny","res":""}]}},{"type":"Feature","geometry":{"type":"Polygon","coordinates":[[[-117.37425077926098,33.9923207093665],[-117.37310930904636,33.99401188402041],[-117.37428616451776,33.99564106953193],[-117.37660450466694,33.995579055986],[-117.37774592094583,33.99388787292693],[-117.37656905101404,33.99225871181878],[-117.37425077926098,33.9923207093665],[-117.37425077926098,33.9923207093665]]]},"properties":{"h3":"8929a007087ffff","count":3,"c3":0,"c6":0,"c12":0,"c24":3,"score":1,"risk":2,"peakDay":"Monday","peakTime":"night","hood":"Downtown","bk12":{"morning":0,"afternoon":0,"evening":0,"night":0},"bk24":{"morning":1,"afternoon":1,"evening":0,"night":1},"recent":[{"d":"2025-03-10","day":"Mon","time":"07:44","desc":"Motor Vehicle Theft","res":""},{"d":"2025-01-05","day":"Sun","time":"00:00","desc":"Larceny","res":""},{"d":"2024-12-30","day":"Mon","time":"12:17","desc":"Motor Vehicle Theft","res":""}]}},{"type":"Feature","geometry":{"type":"Polygon","coordinates":[[[-117.3605504912283,34.01261358398617],[-117.35940853999013,34.01430453647514],[-117.36058547849554,34.01593366136028],[-117.36290438275009,34.01587180937395],[-117.36404628006632,34.01418084846885],[-117.36286932705272,34.012551747966064],[-117.3605504912283,34.01261358398617],[-117.3605504912283,34.01261358398617]]]},"properties":{"h3":"8929a0073d3ffff","count":2,"c3":1,"c6":1,"c12":1,"c24":2,"score":1.3,"risk":3,"peakDay":"Thursday","peakTime":"evening","hood":"Northside","bk12":{"morning":1,"afternoon":0,"evening":0,"night":0},"bk24":{"morning":1,"afternoon":0,"evening":1,"night":0},"recent":[{"d":"2026-07-29","day":"Wed","time":"10:02","desc":"Larceny","res":""},{"d":"2025-01-09","day":"Thu","time":"18:00","desc":"Larceny","res":""}]}},{"type":"Feature","geometry":{"type":"Polygon","coordinates":[[[-117.35331564865702,33.9862355601975],[-117.3521738218657,33.9879266607852],[-117.35335041416054,33.9895561902162],[-117.35566884777323,33.989494594663114],[-117.35681062068556,33.98780348563901],[-117.355634013867,33.98617398060423],[-117.35331564865702,33.9862355601975],[-117.35331564865702,33.9862355601975]]]},"properties":{"h3":"8929a0076a3ffff","count":4,"c3":0,"c6":0,"c12":2,"c24":4,"score":1.8,"risk":4,"peakDay":"Sunday","peakTime":"night","hood":"Hunter Industrial Park","bk12":{"morning":0,"afternoon":1,"evening":1,"night":0},"bk24":{"morning":1,"afternoon":1,"evening":1,"night":1},"sv12":1,"recent":[{"d":"2025-10-30","day":"Thu","time":"14:15","desc":"Motor Vehicle Theft","res":""},{"d":"2025-09-22","day":"Mon","time":"18:27","desc":"Larceny","res":""},{"d":"2025-02-14","day":"Fri","time":"07:00","desc":"Larceny","res":""},{"d":"2025-01-12","day":"Sun","time":"00:00","desc":"Larceny","res":""}]}},{"type":"Feature","geometry":{"type":"Polygon","coordinates":[[[-117.43571918468255,33.891004718724105],[-117.4345799759883,33.89269695408282],[-117.43575635006609,33.89432652686241],[-117.43807194708508,33.89426383977834],[-117.43921110179231,33.8925715960595],[-117.43803471347036,33.89094204778469],[-117.43571918468255,33.891004718724105],[-117.43571918468255,33.891004718724105]]]},"properties":{"h3":"8929a01411bffff","count":1,"c3":0,"c6":0,"c12":0,"c24":1,"score":0.3,"risk":1,"peakDay":"Monday","peakTime":"night","hood":"Arlington Heights","bk12":{"morning":0,"afternoon":0,"evening":0,"night":0},"bk24":{"morning":0,"afternoon":0,"evening":0,"night":1},"recent":[{"d":"2025-01-13","day":"Mon","time":"03:00","desc":"Larceny","res":""}]}},{"type":"Feature","geometry":{"type":"Polygon","coordinates":[[[-117.40170640649899,33.958368766688],[-117.40056583161785,33.96006033686848],[-117.4017425909882,33.96168956392787],[-117.40405993960923,33.9616271963656],[-117.40520046052077,33.95993561780454],[-117.40402368678375,33.95830641518616],[-117.40170640649899,33.958368766688],[-117.40170640649899,33.958368766688]]]},"properties":{"h3":"8929a015bb3ffff","count":5,"c3":2,"c6":3,"c12":4,"c24":5,"score":3.5,"risk":7,"peakDay":"Monday","peakTime":"morning","hood":"Magnolia Center","bk12":{"morning":1,"afternoon":1,"evening":1,"night":1},"bk24":{"morning":2,"afternoon":1,"evening":1,"night":1},"sv12":1,"recent":[{"d":"2026-07-13","day":"Mon","time":"16:51","desc":"Larceny","res":""},{"d":"2026-06-16","day":"Tue","time":"17:26","desc":"Larceny","res":""},{"d":"2026-03-27","day":"Fri","time":"00:32","desc":"Larceny","res":""},{"d":"2025-09-14","day":"Sun","time":"05:02","desc":"Motor Vehicle Theft","res":""},{"d":"2025-01-13","day":"Mon","time":"10:00","desc":"Larceny","res":""}]}},{"type":"Feature","geometry":{"type":"Polygon","coordinates":[[[-117.38106317694593,33.97885270929618],[-117.37992198031462,33.98054401825421],[-117.38109875896373,33.982173273470046],[-117.38341674868285,33.9821111953116],[-117.38455789137488,33.98041987795254],[-117.3833810982899,33.97879064715279],[-117.38106317694593,33.97885270929618],[-117.38106317694593,33.97885270929618]]]},"properties":{"h3":"8929a0075dbffff","count":4,"c3":0,"c6":1,"c12":2,"c24":4,"score":2.1,"risk":4,"peakDay":"Monday","peakTime":"afternoon","hood":"Downtown","bk12":{"morning":0,"afternoon":2,"evening":0,"night":0},"bk24":{"morning":0,"afternoon":2,"evening":1,"night":1},"recent":[{"d":"2026-04-11","day":"Sat","time":"13:54","desc":"Larceny","res":""},{"d":"2025-11-05","day":"Wed","time":"12:14","desc":"Larceny","res":""},{"d":"2025-01-14","day":"Tue","time":"17:00","desc":"Motor Vehicle Theft","res":""},{"d":"2025-01-13","day":"Mon","time":"22:00","desc":"Larceny","res":""}]}},{"type":"Feature","geometry":{"type":"Polygon","coordinates":[[[-117.35324612382117,33.97959411116782],[-117.35210436337272,33.98128525878709],[-117.35328088521061,33.98291486717455],[-117.35559918202192,33.982853303541916],[-117.3567408885979,33.98116214748353],[-117.35556435223782,33.97953256349672],[-117.35324612382117,33.97959411116782],[-117.35324612382117,33.97959411116782]]]},"properties":{"h3":"8929a00744bffff","count":5,"c3":2,"c6":2,"c12":3,"c24":5,"score":3.2,"risk":6,"peakDay":"Tuesday","peakTime":"afternoon","hood":"Eastside","bk12":{"morning":0,"afternoon":3,"evening":0,"night":0},"bk24":{"morning":0,"afternoon":3,"evening":2,"night":0},"sv12":1,"recent":[{"d":"2026-07-25","day":"Sat","time":"16:26","desc":"Motor Vehicle Theft","res":""},{"d":"2026-06-16","day":"Tue","time":"14:07","desc":"Larceny","res":""},{"d":"2026-01-04","day":"Sun","time":"15:55","desc":"Larceny","res":""},{"d":"2025-01-14","day":"Tue","time":"21:13","desc":"Larceny","res":""},{"d":"2024-09-12","day":"Thu","time":"21:30","desc":"Motor Vehicle Theft","res":""}]}},{"type":"Feature","geometry":{"type":"Polygon","coordinates":[[[-117.36034061110313,33.992691793978516],[-117.35919885891201,33.99438288789907],[-117.36037558594893,33.99601225003953],[-117.36269407968332,33.9959504938636],[-117.36383577797211,33.994259391518845],[-117.36265903643162,33.99263005377403],[-117.36034061110313,33.992691793978516],[-117.36034061110313,33.992691793978516]]]},"properties":{"h3":"8929a0070c3ffff","count":2,"c3":1,"c6":1,"c12":1,"c24":2,"score":1.2,"risk":2,"peakDay":"Thursday","peakTime":"night","hood":"Downtown","bk12":{"morning":1,"afternoon":0,"evening":0,"night":0},"bk24":{"morning":1,"afternoon":0,"evening":0,"night":1},"recent":[{"d":"2026-06-08","day":"Mon","time":"09:40","desc":"Larceny","res":""},{"d":"2025-01-16","day":"Thu","time":"22:27","desc":"Larceny","res":""}]}},{"type":"Feature","geometry":{"type":"Polygon","coordinates":[[[-117.48472595071354,33.92289153324904],[-117.48358739981809,33.92458381565528],[-117.48476457142877,33.92621237648671],[-117.48708030803837,33.92614863040248],[-117.48821880479778,33.924456339716556],[-117.48704161908641,33.922827803394384],[-117.48472595071354,33.92289153324904],[-117.48472595071354,33.92289153324904]]]},"properties":{"h3":"8929a014d63ffff","count":3,"c3":1,"c6":1,"c12":1,"c24":3,"score":1.7,"risk":3,"peakDay":"Friday","peakTime":"afternoon","hood":"La Sierra Acres","bk12":{"morning":0,"afternoon":1,"evening":0,"night":0},"bk24":{"morning":0,"afternoon":2,"evening":1,"night":0},"sv12":1,"recent":[{"d":"2026-07-28","day":"Tue","time":"12:37","desc":"Motor Vehicle Theft","res":""},{"d":"2025-02-15","day":"Sat","time":"13:00","desc":"Motor Vehicle Theft","res":""},{"d":"2025-01-17","day":"Fri","time":"19:00","desc":"Larceny","res":""}]}},{"type":"Feature","geometry":{"type":"Polygon","coordinates":[[[-117.3843794948629,33.963816390605515],[-117.38323851780824,33.96550782520322],[-117.38441516994384,33.967137213875354],[-117.38673281355858,33.96707514352161],[-117.38787373668045,33.96538370052156],[-117.38669707012315,33.96375433627745],[-117.3843794948629,33.963816390605515],[-117.3843794948629,33.963816390605515]]]},"properties":{"h3":"8929a015b57ffff","count":2,"c3":1,"c6":1,"c12":1,"c24":2,"score":1.2,"risk":2,"peakDay":"Saturday","peakTime":"afternoon","hood":"Wood Streets","bk12":{"morning":1,"afternoon":0,"evening":0,"night":0},"bk24":{"morning":1,"afternoon":1,"evening":0,"night":0},"recent":[{"d":"2026-06-15","day":"Mon","time":"09:51","desc":"Larceny","res":""},{"d":"2025-01-18","day":"Sat","time":"15:00","desc":"Larceny","res":""}]}},{"type":"Feature","geometry":{"type":"Polygon","coordinates":[[[-117.31759321944907,33.89414426763918],[-117.31645161764914,33.895835821530554],[-117.31762690287981,33.897466893236604],[-117.31994380452358,33.89740638661221],[-117.32108535261972,33.89571482419887],[-117.31991005277871,33.894083776931716],[-117.31759321944907,33.89414426763918],[-117.31759321944907,33.89414426763918]]]},"properties":{"h3":"8929a015667ffff","count":5,"c3":0,"c6":0,"c12":2,"c24":5,"score":2.3,"risk":4,"peakDay":"Monday","peakTime":"night","hood":"Orangecrest","bk12":{"morning":1,"afternoon":1,"evening":0,"night":0},"bk24":{"morning":1,"afternoon":1,"evening":0,"night":3},"recent":[{"d":"2025-10-17","day":"Fri","time":"13:35","desc":"Larceny","res":""},{"d":"2025-09-17","day":"Wed","time":"08:16","desc":"Larceny","res":""},{"d":"2025-05-16","day":"Fri","time":"22:00","desc":"Larceny","res":""},{"d":"2025-02-24","day":"Mon","time":"03:15","desc":"Larceny","res":""},{"d":"2025-01-20","day":"Mon","time":"02:40","desc":"Larceny","res":""}]}},{"type":"Feature","geometry":{"type":"Polygon","coordinates":[[[-117.45344304442652,33.922087149725385],[-117.45230387471055,33.923779264604235],[-117.45348074266961,33.925408242927205],[-117.45579679454471,33.925345081878014],[-117.45693591020095,33.92365295867586],[-117.4557590280446,33.92202400484604],[-117.45344304442652,33.922087149725385],[-117.45344304442652,33.922087149725385]]]},"properties":{"h3":"8929a0148cbffff","count":4,"c3":0,"c6":1,"c12":1,"c24":4,"score":1.8,"risk":4,"peakDay":"Friday","peakTime":"night","hood":"Arlington","bk12":{"morning":1,"afternoon":0,"evening":0,"night":0},"bk24":{"morning":1,"afternoon":0,"evening":0,"night":3},"sv12":1,"recent":[{"d":"2026-03-25","day":"Wed","time":"05:20","desc":"Motor Vehicle Theft","res":""},{"d":"2025-03-14","day":"Fri","time":"23:00","desc":"Motor Vehicle Theft","res":""},{"d":"2025-01-20","day":"Mon","time":"22:30","desc":"Larceny","res":""},{"d":"2024-12-13","day":"Fri","time":"00:00","desc":"Motor Vehicle Theft","res":""}]}},{"type":"Feature","geometry":{"type":"Polygon","coordinates":[[[-117.34964744367316,33.96806312676557],[-117.34850572887204,33.96975433640341],[-117.34968209529094,33.9713841269923],[-117.35200019104411,33.97132268353675],[-117.35314185199262,33.96963146545031],[-117.35196547104339,33.96800169926788],[-117.34964744367316,33.96806312676557],[-117.34964744367316,33.96806312676557]]]},"properties":{"h3":"8929a002933ffff","count":9,"c3":3,"c6":3,"c12":4,"c24":9,"score":5.2,"risk":10,"peakDay":"Thursday","peakTime":"morning","hood":"Eastside","bk12":{"morning":1,"afternoon":1,"evening":1,"night":1},"bk24":{"morning":3,"afternoon":1,"evening":2,"night":3},"sv12":2,"recent":[{"d":"2026-06-21","day":"Sun","time":"19:33","desc":"Motor Vehicle Theft","res":""},{"d":"2026-06-12","day":"Fri","time":"01:37","desc":"Motor Vehicle Theft","res":""},{"d":"2026-06-04","day":"Thu","time":"08:08","desc":"Larceny","res":""},{"d":"2025-08-19","day":"Tue","time":"15:18","desc":"Larceny","res":""},{"d":"2025-07-07","day":"Mon","time":"19:30","desc":"Larceny","res":""},{"d":"2025-06-26","day":"Thu","time":"06:00","desc":"Motor Vehicle Theft","res":""},{"d":"2025-05-08","day":"Thu","time":"04:30","desc":"Motor Vehicle Theft","res":""},{"d":"2025-01-21","day":"Tue","time":"09:00","desc":"Larceny","res":""},{"d":"2024-12-09","day":"Mon","time":"22:39","desc":"Motor Vehicle Theft","res":""}]}},{"type":"Feature","geometry":{"type":"Polygon","coordinates":[[[-117.356601449176,33.967878715670395],[-117.35545987524958,33.969569965669],[-117.35663630593777,33.97119966801015],[-117.35895432506393,33.9711380959422],[-117.36009584512101,33.96944683750453],[-117.35891939992406,33.96781715957371],[-117.356601449176,33.967878715670395],[-117.356601449176,33.967878715670395]]]},"properties":{"h3":"8929a0074dbffff","count":2,"c3":0,"c6":1,"c12":1,"c24":2,"score":1.1,"risk":2,"peakDay":"Thursday","peakTime":"night","hood":"Eastside","bk12":{"morning":0,"afternoon":0,"evening":1,"night":0},"bk24":{"morning":0,"afternoon":0,"evening":1,"night":1},"recent":[{"d":"2026-04-13","day":"Mon","time":"17:30","desc":"Larceny","res":""},{"d":"2025-01-23","day":"Thu","time":"03:39","desc":"Larceny","res":""}]}},{"type":"Feature","geometry":{"type":"Polygon","coordinates":[[[-117.3910810421593,33.94038291401224],[-117.38994043784759,33.9420745524563],[-117.39111690744569,33.94370412875635],[-117.39343399575324,33.94364204216472],[-117.39457454613843,33.94195039531833],[-117.39339806214542,33.94032084346571],[-117.3910810421593,33.94038291401224],[-117.3910810421593,33.94038291401224]]]},"properties":{"h3":"8929a015803ffff","count":3,"c3":0,"c6":0,"c12":1,"c24":3,"score":1.3,"risk":3,"peakDay":"Thursday","peakTime":"evening","hood":"Casa Blanca","bk12":{"morning":0,"afternoon":0,"evening":1,"night":0},"bk24":{"morning":0,"afternoon":1,"evening":2,"night":0},"sv12":1,"recent":[{"d":"2025-12-11","day":"Thu","time":"21:24","desc":"Motor Vehicle Theft","res":""},{"d":"2025-01-23","day":"Thu","time":"17:00","desc":"Larceny","res":""},{"d":"2025-01-23","day":"Thu","time":"12:40","desc":"Larceny","res":""}]}},{"type":"Feature","geometry":{"type":"Polygon","coordinates":[[[-117.34867803004255,33.875049661073945],[-117.34753724316391,33.87674152372019],[-117.34871262432688,33.878372414526176],[-117.35102880688049,33.87831141821708],[-117.35216953999816,33.876619547084154],[-117.35099414432597,33.874988680746846],[-117.34867803004255,33.875049661073945],[-117.34867803004255,33.875049661073945]]]},"properties":{"h3":"8929a015433ffff","count":1,"c3":0,"c6":0,"c12":0,"c24":1,"score":0.3,"risk":1,"peakDay":"Friday","peakTime":"night","hood":"Orangecrest","bk12":{"morning":0,"afternoon":0,"evening":0,"night":0},"bk24":{"morning":0,"afternoon":0,"evening":0,"night":1},"recent":[{"d":"2025-01-24","day":"Fri","time":"02:55","desc":"Larceny","res":""}]}},{"type":"Feature","geometry":{"type":"Polygon","coordinates":[[[-117.49826840464809,33.89261898756036],[-117.49713043284665,33.89431155746697],[-117.49830741400041,33.89594029583348],[-117.50062238100956,33.89587643975624],[-117.5017602986716,33.894183861576785],[-117.50058330346666,33.89255514774724],[-117.49826840464809,33.89261898756036],[-117.49826840464809,33.89261898756036]]]},"properties":{"h3":"8929a016bafffff","count":1,"c3":0,"c6":0,"c12":0,"c24":1,"score":0.3,"risk":1,"peakDay":"Friday","peakTime":"night","hood":"La Sierra South","bk12":{"morning":0,"afternoon":0,"evening":0,"night":0},"bk24":{"morning":0,"afternoon":0,"evening":0,"night":1},"recent":[{"d":"2025-01-24","day":"Fri","time":"22:30","desc":"Larceny","res":""}]}},{"type":"Feature","geometry":{"type":"Polygon","coordinates":[[[-117.49477655509332,33.89105397753664],[-117.49363852916237,33.89274653916493],[-117.49481546100684,33.89437534139828],[-117.49713043284665,33.89431155746697],[-117.49826840464809,33.89261898756036],[-117.49709145874203,33.89099020986321],[-117.49477655509332,33.89105397753664],[-117.49477655509332,33.89105397753664]]]},"properties":{"h3":"8929a016babffff","count":3,"c3":1,"c6":1,"c12":1,"c24":3,"score":1.8,"risk":3,"peakDay":"Saturday","peakTime":"morning","hood":"La Sierra South","bk12":{"morning":1,"afternoon":0,"evening":0,"night":0},"bk24":{"morning":2,"afternoon":1,"evening":0,"night":0},"sv12":1,"recent":[{"d":"2026-07-26","day":"Sun","time":"08:32","desc":"Motor Vehicle Theft","res":""},{"d":"2025-06-13","day":"Fri","time":"14:20","desc":"Motor Vehicle Theft","res":""},{"d":"2025-01-25","day":"Sat","time":"06:00","desc":"Larceny","res":""}]}},{"type":"Feature","geometry":{"type":"Polygon","coordinates":[[[-117.31504212226335,33.98558495986665],[-117.31389953739212,33.98727584960352],[-117.31507575789303,33.988905884089235],[-117.31739457791005,33.98884500446197],[-117.318537108996,33.987154106235714],[-117.317360873853,33.98552409612595],[-117.31504212226335,33.98558495986665],[-117.31504212226335,33.98558495986665]]]},"properties":{"h3":"8929a002b63ffff","count":1,"c3":0,"c6":0,"c12":0,"c24":1,"score":0.3,"risk":1,"peakDay":"Saturday","peakTime":"afternoon","hood":"University","bk12":{"morning":0,"afternoon":0,"evening":0,"night":0},"bk24":{"morning":0,"afternoon":1,"evening":0,"night":0},"recent":[{"d":"2025-01-25","day":"Sat","time":"13:20","desc":"Larceny","res":""}]}},{"type":"Feature","geometry":{"type":"Polygon","coordinates":[[[-117.34584224079559,33.936602324222335],[-117.34470077060661,33.93829373620541],[-117.34587677042495,33.93992394504105],[-117.34819425496906,33.93986271746787],[-117.34933567134492,33.938171297018584],[-117.34815965699262,33.93654111260853],[-117.34584224079559,33.936602324222335],[-117.34584224079559,33.936602324222335]]]},"properties":{"h3":"8929a002d8fffff","count":2,"c3":0,"c6":0,"c12":0,"c24":2,"score":0.8,"risk":1,"peakDay":"Saturday","peakTime":"afternoon","hood":"Canyon Crest","bk12":{"morning":0,"afternoon":0,"evening":0,"night":0},"bk24":{"morning":0,"afternoon":1,"evening":0,"night":1},"recent":[{"d":"2025-04-19","day":"Sat","time":"23:35","desc":"Motor Vehicle Theft","res":""},{"d":"2025-01-25","day":"Sat","time":"14:00","desc":"Larceny","res":""}]}},{"type":"Feature","geometry":{"type":"Polygon","coordinates":[[[-117.35307234772166,33.962989387096144],[-117.35193075309677,33.9646806521072],[-117.35310709882911,33.9663104577138],[-117.35542505370759,33.96624897389748],[-117.35656659447642,33.964557700440565],[-117.35539023422564,33.962927919245686],[-117.35307234772166,33.962989387096144],[-117.35307234772166,33.962989387096144]]]},"properties":{"h3":"8929a0029a3ffff","count":5,"c3":0,"c6":1,"c12":2,"c24":5,"score":2.6,"risk":5,"peakDay":"Sunday","peakTime":"morning","hood":"Eastside","bk12":{"morning":2,"afternoon":0,"evening":0,"night":0},"bk24":{"morning":3,"afternoon":0,"evening":0,"night":2},"recent":[{"d":"2026-04-30","day":"Thu","time":"07:37","desc":"Larceny","res":""},{"d":"2026-01-24","day":"Sat","time":"10:25","desc":"Larceny","res":""},{"d":"2025-06-27","day":"Fri","time":"00:00","desc":"Motor Vehicle Theft","res":""},{"d":"2025-01-26","day":"Sun","time":"00:00","desc":"Larceny","res":""},{"d":"2024-12-04","day":"Wed","time":"05:50","desc":"Motor Vehicle Theft","res":""}]}},{"type":"Feature","geometry":{"type":"Polygon","coordinates":[[[-117.42590742756451,33.94608924653793],[-117.42476746216153,33.947781038767005],[-117.42594432186426,33.94941009467566],[-117.42826116126136,33.94934733389284],[-117.429401072648,33.94765553331181],[-117.4282241986567,33.94602650186539],[-117.42590742756451,33.94608924653793],[-117.42590742756451,33.94608924653793]]]},"properties":{"h3":"8929a0159b3ffff","count":9,"c3":0,"c6":0,"c12":2,"c24":9,"score":3.5,"risk":7,"peakDay":"Friday","peakTime":"morning","hood":"Airport","bk12":{"morning":1,"afternoon":1,"evening":0,"night":0},"bk24":{"morning":4,"afternoon":2,"evening":1,"night":2},"recent":[{"d":"2025-11-15","day":"Sat","time":"07:58","desc":"Larceny","res":""},{"d":"2025-09-05","day":"Fri","time":"16:14","desc":"Larceny","res":""},{"d":"2025-05-05","day":"Mon","time":"12:00","desc":"Larceny","res":""},{"d":"2025-02-21","day":"Fri","time":"04:00","desc":"Larceny","res":""},{"d":"2025-02-07","day":"Fri","time":"08:30","desc":"Larceny","res":""},{"d":"2025-01-26","day":"Sun","time":"00:00","desc":"Larceny","res":""},{"d":"2024-11-07","day":"Thu","time":"11:00","desc":"Motor Vehicle Theft","res":""},{"d":"2024-10-08","day":"Tue","time":"05:35","desc":"Motor Vehicle Theft","res":""},{"d":"2024-09-06","day":"Fri","time":"21:30","desc":"Motor Vehicle Theft","res":""}]}},{"type":"Feature","geometry":{"type":"Polygon","coordinates":[[[-117.34871262432688,33.878372414526176],[-117.3475718043341,33.8800642539954],[-117.34874722065638,33.88169510564101],[-117.35106347148417,33.881634093350755],[-117.35220423771273,33.87994224539621],[-117.35102880688049,33.87831141821708],[-117.34871262432688,33.878372414526176],[-117.34871262432688,33.878372414526176]]]},"properties":{"h3":"8929a015423ffff","count":1,"c3":0,"c6":0,"c12":0,"c24":1,"score":0.3,"risk":1,"peakDay":"Sunday","peakTime":"night","hood":"Orangecrest","bk12":{"morning":0,"afternoon":0,"evening":0,"night":0},"bk24":{"morning":0,"afternoon":0,"evening":0,"night":1},"recent":[{"d":"2025-01-26","day":"Sun","time":"02:06","desc":"Larceny","res":""}]}},{"type":"Feature","geometry":{"type":"Polygon","coordinates":[[[-117.43939746798137,33.90917973514905],[-117.43825814817781,33.91087186307307],[-117.43943474783016,33.91250117552041],[-117.44175068152632,33.91243833554916],[-117.44288994731652,33.9107461992773],[-117.4417133334267,33.90911691132437],[-117.43939746798137,33.90917973514905],[-117.43939746798137,33.90917973514905]]]},"properties":{"h3":"8929a014e8bffff","count":9,"c3":2,"c6":2,"c12":2,"c24":9,"score":4.4,"risk":9,"peakDay":"Sunday","peakTime":"evening","hood":"Arlington South","bk12":{"morning":0,"afternoon":0,"evening":2,"night":0},"bk24":{"morning":2,"afternoon":2,"evening":3,"night":2},"recent":[{"d":"2026-07-07","day":"Tue","time":"17:51","desc":"Larceny","res":""},{"d":"2026-06-28","day":"Sun","time":"17:16","desc":"Larceny","res":""},{"d":"2025-07-11","day":"Fri","time":"10:49","desc":"Larceny","res":""},{"d":"2025-07-07","day":"Mon","time":"00:00","desc":"Larceny","res":""},{"d":"2025-03-21","day":"Fri","time":"08:00","desc":"Larceny","res":""},{"d":"2025-02-27","day":"Thu","time":"14:00","desc":"Motor Vehicle Theft","res":""},{"d":"2025-01-26","day":"Sun","time":"04:29","desc":"Larceny","res":""},{"d":"2024-09-22","day":"Sun","time":"16:00","desc":"Motor Vehicle Theft","res":""},{"d":"2024-08-09","day":"Fri","time":"17:00","desc":"Motor Vehicle Theft","res":""}]}},{"type":"Feature","geometry":{"type":"Polygon","coordinates":[[[-117.29324845544745,33.89311541670339],[-117.29210637843826,33.89480684096947],[-117.2932814205084,33.89643824038676],[-117.29559855427587,33.89637819111154],[-117.29674057764146,33.894686758289566],[-117.29556552088597,33.893055383298574],[-117.29324845544745,33.89311541670339],[-117.29324845544745,33.89311541670339]]]},"properties":{"h3":"8929a002513ffff","count":2,"c3":0,"c6":0,"c12":0,"c24":2,"score":0.8,"risk":1,"peakDay":"Sunday","peakTime":"morning","hood":"Orangecrest","bk12":{"morning":0,"afternoon":0,"evening":0,"night":0},"bk24":{"morning":1,"afternoon":0,"evening":1,"night":0},"recent":[{"d":"2025-04-15","day":"Tue","time":"19:45","desc":"Larceny","res":""},{"d":"2025-01-26","day":"Sun","time":"06:17","desc":"Larceny","res":""}]}},{"type":"Feature","geometry":{"type":"Polygon","coordinates":[[[-117.44330128553541,33.94727799000064],[-117.4421616564012,33.948969870566245],[-117.4433386931882,33.9505986858277],[-117.44565537334725,33.95053559605265],[-117.44679494842192,33.94884370715962],[-117.44561789739988,33.94721491636887],[-117.44330128553541,33.94727799000064],[-117.44330128553541,33.94727799000064]]]},"properties":{"h3":"8929a014a2bffff","count":8,"c3":0,"c6":0,"c12":5,"c24":8,"score":4.2,"risk":8,"peakDay":"Monday","peakTime":"afternoon","hood":"Airport","bk12":{"morning":2,"afternoon":2,"evening":0,"night":1},"bk24":{"morning":2,"afternoon":3,"evening":1,"night":2},"sv12":3,"recent":[{"d":"2026-01-28","day":"Wed","time":"08:32","desc":"Larceny","res":""},{"d":"2025-11-25","day":"Tue","time":"14:27","desc":"Motor Vehicle Theft","res":""},{"d":"2025-11-15","day":"Sat","time":"00:15","desc":"Larceny","res":""},{"d":"2025-10-13","day":"Mon","time":"08:09","desc":"Motor Vehicle Theft","res":""},{"d":"2025-09-26","day":"Fri","time":"14:04","desc":"Motor Vehicle Theft","res":""},{"d":"2025-06-01","day":"Sun","time":"16:00","desc":"Larceny","res":""},{"d":"2025-01-27","day":"Mon","time":"17:00","desc":"Larceny","res":""},{"d":"2025-01-27","day":"Mon","time":"01:45","desc":"Larceny","res":""}]}},{"type":"Feature","geometry":{"type":"Polygon","coordinates":[[[-117.31060909062948,33.89100274725194],[-117.309467381452,33.89269428408308],[-117.31064256712875,33.89432548301765],[-117.31295947661694,33.89426512068367],[-117.31410113211066,33.89257357531969],[-117.3129259318028,33.89094240082234],[-117.31060909062948,33.89100274725194],[-117.31060909062948,33.89100274725194]]]},"properties":{"h3":"8929a01567bffff","count":1,"c3":0,"c6":0,"c12":0,"c24":1,"score":0.3,"risk":1,"peakDay":"Monday","peakTime":"night","hood":"Orangecrest","bk12":{"morning":0,"afternoon":0,"evening":0,"night":0},"bk24":{"morning":0,"afternoon":0,"evening":0,"night":1},"recent":[{"d":"2025-01-27","day":"Mon","time":"03:48","desc":"Larceny","res":""}]}},{"type":"Feature","geometry":{"type":"Polygon","coordinates":[[[-117.4328205665385,33.94258002162003],[-117.43168077528534,33.94427187717064],[-117.43285766355415,33.945900884151804],[-117.43517435734512,33.945838011113864],[-117.43631409456859,33.94414614721946],[-117.4351371920335,33.9425171647066],[-117.4328205665385,33.94258002162003],[-117.4328205665385,33.94258002162003]]]},"properties":{"h3":"8929a014a47ffff","count":13,"c3":0,"c6":0,"c12":3,"c24":13,"score":5.8,"risk":11,"peakDay":"Thursday","peakTime":"afternoon","hood":"Ramona","bk12":{"morning":1,"afternoon":1,"evening":0,"night":1},"bk24":{"morning":3,"afternoon":5,"evening":3,"night":2},"sv12":1,"recent":[{"d":"2025-11-16","day":"Sun","time":"15:41","desc":"Motor Vehicle Theft","res":""},{"d":"2025-09-05","day":"Fri","time":"08:25","desc":"Larceny","res":""},{"d":"2025-08-28","day":"Thu","time":"23:13","desc":"Larceny","res":""},{"d":"2025-07-30","day":"Wed","time":"17:00","desc":"Larceny","res":""},{"d":"2025-07-30","day":"Wed","time":"11:30","desc":"Larceny","res":""},{"d":"2025-07-24","day":"Thu","time":"14:30","desc":"Larceny","res":""},{"d":"2025-07-03","day":"Thu","time":"10:24","desc":"Larceny","res":""},{"d":"2025-06-28","day":"Sat","time":"16:49","desc":"Larceny","res":""},{"d":"2025-04-04","day":"Fri","time":"00:00","desc":"Motor Vehicle Theft","res":""},{"d":"2025-03-09","day":"Sun","time":"14:20","desc":"Motor Vehicle Theft","res":""}]}},{"type":"Feature","geometry":{"type":"Polygon","coordinates":[[[-117.29674057764146,33.894686758289566],[-117.29559855427587,33.89637819111154],[-117.29677364617297,33.898009526938345],[-117.2990907761134,33.89794940551586],[-117.3002327458254,33.89625796414343],[-117.2990576392533,33.89462665274379],[-117.29674057764146,33.894686758289566],[-117.29674057764146,33.894686758289566]]]},"properties":{"h3":"8929a002517ffff","count":2,"c3":0,"c6":0,"c12":0,"c24":2,"score":0.8,"risk":2,"peakDay":"Tuesday","peakTime":"evening","hood":"Orangecrest","bk12":{"morning":0,"afternoon":0,"evening":0,"night":0},"bk24":{"morning":0,"afternoon":0,"evening":1,"night":1},"recent":[{"d":"2025-05-18","day":"Sun","time":"23:15","desc":"Motor Vehicle Theft","res":""},{"d":"2025-01-28","day":"Tue","time":"18:00","desc":"Larceny","res":""}]}},{"type":"Feature","geometry":{"type":"Polygon","coordinates":[[[-117.4257229887905,33.92948406514702],[-117.42458318867406,33.93117597383995],[-117.42575987218262,33.932805226783685],[-117.42807637009533,33.93274254656098],[-117.42921611621186,33.93105062950932],[-117.4280394184184,33.929421401038944],[-117.4257229887905,33.92948406514702],[-117.4257229887905,33.92948406514702]]]},"properties":{"h3":"8929a015dafffff","count":7,"c3":1,"c6":1,"c12":5,"c24":7,"score":4.1,"risk":8,"peakDay":"Wednesday","peakTime":"afternoon","hood":"Ramona","bk12":{"morning":1,"afternoon":3,"evening":0,"night":1},"bk24":{"morning":2,"afternoon":3,"evening":0,"night":2},"sv12":2,"recent":[{"d":"2026-05-25","day":"Mon","time":"16:21","desc":"Motor Vehicle Theft","res":""},{"d":"2026-01-21","day":"Wed","time":"02:50","desc":"Larceny","res":""},{"d":"2025-12-27","day":"Sat","time":"12:06","desc":"Motor Vehicle Theft","res":""},{"d":"2025-12-16","day":"Tue","time":"06:41","desc":"Larceny","res":""},{"d":"2025-09-19","day":"Fri","time":"15:09","desc":"Larceny","res":""},{"d":"2025-03-29","day":"Sat","time":"00:00","desc":"Larceny","res":""},{"d":"2025-01-29","day":"Wed","time":"11:27","desc":"Larceny","res":""}]}},{"type":"Feature","geometry":{"type":"Polygon","coordinates":[[[-117.37439233285288,34.00560177159811],[-117.37325073001585,34.007292852071],[-117.37442772648674,34.008921879408476],[-117.37674634026082,34.00885980187838],[-117.37788788914897,34.00716871300571],[-117.37671087821465,34.00553971006275],[-117.37439233285288,34.00560177159811],[-117.37439233285288,34.00560177159811]]]},"properties":{"h3":"8929a007023ffff","count":6,"c3":0,"c6":0,"c12":0,"c24":6,"score":2,"risk":4,"peakDay":"Wednesday","peakTime":"afternoon","hood":"Northside","bk12":{"morning":0,"afternoon":0,"evening":0,"night":0},"bk24":{"morning":1,"afternoon":4,"evening":1,"night":0},"recent":[{"d":"2025-04-16","day":"Wed","time":"13:51","desc":"Larceny","res":""},{"d":"2025-01-29","day":"Wed","time":"16:00","desc":"Larceny","res":""},{"d":"2024-12-25","day":"Wed","time":"13:53","desc":"Motor Vehicle Theft","res":""},{"d":"2024-11-29","day":"Fri","time":"10:04","desc":"Motor Vehicle Theft","res":""},{"d":"2024-11-10","day":"Sun","time":"19:30","desc":"Motor Vehicle Theft","res":""},{"d":"2024-10-10","day":"Thu","time":"16:00","desc":"Motor Vehicle Theft","res":""}]}},{"type":"Feature","geometry":{"type":"Polygon","coordinates":[[[-117.3809920192256,33.97221139211046],[-117.37985088886157,33.97390274799333],[-117.38102759703331,33.97553208216947],[-117.38334545000619,33.97547003604203],[-117.38448652643753,33.97377867175544],[-117.38330980383144,33.972149361999826],[-117.3809920192256,33.97221139211046],[-117.3809920192256,33.97221139211046]]]},"properties":{"h3":"8929a0074b7ffff","count":1,"c3":0,"c6":0,"c12":0,"c24":1,"score":0.3,"risk":1,"peakDay":"Wednesday","peakTime":"afternoon","hood":"Downtown","bk12":{"morning":0,"afternoon":0,"evening":0,"night":0},"bk24":{"morning":0,"afternoon":1,"evening":0,"night":0},"recent":[{"d":"2025-01-29","day":"Wed","time":"16:52","desc":"Larceny","res":""}]}},{"type":"Feature","geometry":{"type":"Polygon","coordinates":[[[-117.36044554185001,34.002652972951395],[-117.35930369014405,34.00434399620425],[-117.36048052290573,34.00597323976123],[-117.36279922188204,34.005911435676175],[-117.36394101967588,34.004220404003156],[-117.36276417240833,34.00259118483519],[-117.36044554185001,34.002652972951395],[-117.36044554185001,34.002652972951395]]]},"properties":{"h3":"8929a007047ffff","count":3,"c3":0,"c6":0,"c12":1,"c24":3,"score":1.3,"risk":2,"peakDay":"Thursday","peakTime":"evening","hood":"Northside","bk12":{"morning":0,"afternoon":0,"evening":1,"night":0},"bk24":{"morning":1,"afternoon":0,"evening":2,"night":0},"recent":[{"d":"2025-08-16","day":"Sat","time":"18:00","desc":"Larceny","res":""},{"d":"2025-04-25","day":"Fri","time":"18:00","desc":"Motor Vehicle Theft","res":""},{"d":"2025-01-30","day":"Thu","time":"10:17","desc":"Larceny","res":""}]}},{"type":"Feature","geometry":{"type":"Polygon","coordinates":[[[-117.43296896776573,33.955863095235394],[-117.43182904429055,33.957554857497044],[-117.43300607355849,33.9591837066909],[-117.43532304057364,33.95912076916353],[-117.43646291000596,33.957428998563536],[-117.4352858664688,33.955800173829076],[-117.43296896776573,33.955863095235394],[-117.43296896776573,33.955863095235394]]]},"properties":{"h3":"8929a0064c3ffff","count":1,"c3":0,"c6":0,"c12":0,"c24":1,"score":0.3,"risk":1,"peakDay":"Thursday","peakTime":"night","hood":"Airport","bk12":{"morning":0,"afternoon":0,"evening":0,"night":0},"bk24":{"morning":0,"afternoon":0,"evening":0,"night":1},"recent":[{"d":"2025-01-30","day":"Thu","time":"23:00","desc":"Larceny","res":""}]}},{"type":"Feature","geometry":{"type":"Polygon","coordinates":[[[-117.40516417460103,33.956614813244144],[-117.40402368678375,33.95830641518616],[-117.40520046052077,33.95993561780454],[-117.40751773643339,33.95987319403671],[-117.40865817027439,33.95818158371821],[-117.40748138218183,33.95655240554386],[-117.40516417460103,33.956614813244144],[-117.40516417460103,33.956614813244144]]]},"properties":{"h3":"8929a01594fffff","count":1,"c3":0,"c6":0,"c12":0,"c24":1,"score":0.4,"risk":1,"peakDay":"Friday","peakTime":"morning","hood":"Magnolia Center","bk12":{"morning":0,"afternoon":0,"evening":0,"night":0},"bk24":{"morning":1,"afternoon":0,"evening":0,"night":0},"recent":[{"d":"2025-01-31","day":"Fri","time":"09:45","desc":"Larceny","res":""}]}},{"type":"Feature","geometry":{"type":"Polygon","coordinates":[[[-117.31846963644865,33.980512179444666],[-117.31732717179044,33.982203124782465],[-117.31850337172413,33.98383317433856],[-117.320822050949,33.983772254175484],[-117.3219644618185,33.98208130035101],[-117.32078824725463,33.98045127517614],[-117.31846963644865,33.980512179444666],[-117.31846963644865,33.980512179444666]]]},"properties":{"h3":"8929a002b0fffff","count":1,"c3":0,"c6":0,"c12":0,"c24":1,"score":0.4,"risk":1,"peakDay":"Saturday","peakTime":"morning","hood":"University","bk12":{"morning":0,"afternoon":0,"evening":0,"night":0},"bk24":{"morning":1,"afternoon":0,"evening":0,"night":0},"recent":[{"d":"2025-02-01","day":"Sat","time":"09:56","desc":"Larceny","res":""}]}},{"type":"Feature","geometry":{"type":"Polygon","coordinates":[[[-117.3911527748534,33.947025280767136],[-117.39001210433636,33.94871687251364],[-117.39118864438264,33.95034637002405],[-117.3935058693451,33.95028425134476],[-117.39464648592904,33.94859265119865],[-117.39346993148638,33.94696317813124],[-117.3911527748534,33.947025280767136],[-117.3911527748534,33.947025280767136]]]},"properties":{"h3":"8929a015877ffff","count":3,"c3":0,"c6":0,"c12":0,"c24":3,"score":1.1,"risk":2,"peakDay":"Saturday","peakTime":"morning","hood":"Magnolia Center","bk12":{"morning":0,"afternoon":0,"evening":0,"night":0},"bk24":{"morning":1,"afternoon":0,"evening":1,"night":1},"recent":[{"d":"2025-05-12","day":"Mon","time":"03:27","desc":"Larceny","res":""},{"d":"2025-02-01","day":"Sat","time":"10:09","desc":"Larceny","res":""},{"d":"2024-12-13","day":"Fri","time":"21:30","desc":"Motor Vehicle Theft","res":""}]}},{"type":"Feature","geometry":{"type":"Polygon","coordinates":[[[-117.47094603687871,33.933235648853724],[-117.4698071045618,33.934927782069835],[-117.47098425491727,33.93655640148081],[-117.47330035173835,33.93649286318055],[-117.47443922994249,33.93480072166971],[-117.4732620654411,33.93317212675369],[-117.47094603687871,33.933235648853724],[-117.47094603687871,33.933235648853724]]]},"properties":{"h3":"8929a014823ffff","count":12,"c3":0,"c6":1,"c12":5,"c24":12,"score":5.7,"risk":11,"peakDay":"Monday","peakTime":"morning","hood":"Arlanza","bk12":{"morning":2,"afternoon":0,"evening":1,"night":2},"bk24":{"morning":6,"afternoon":0,"evening":1,"night":5},"sv12":2,"recent":[{"d":"2026-04-07","day":"Tue","time":"07:27","desc":"Motor Vehicle Theft","res":""},{"d":"2025-12-21","day":"Sun","time":"07:36","desc":"Larceny","res":""},{"d":"2025-11-22","day":"Sat","time":"01:48","desc":"Larceny","res":""},{"d":"2025-11-22","day":"Sat","time":"01:48","desc":"Larceny","res":""},{"d":"2025-10-12","day":"Sun","time":"21:04","desc":"Motor Vehicle Theft","res":""},{"d":"2025-07-07","day":"Mon","time":"08:25","desc":"Motor Vehicle Theft","res":""},{"d":"2025-03-01","day":"Sat","time":"00:00","desc":"Larceny","res":""},{"d":"2025-02-03","day":"Mon","time":"04:55","desc":"Motor Vehicle Theft","res":""},{"d":"2025-02-03","day":"Mon","time":"04:55","desc":"Larceny","res":""},{"d":"2025-01-12","day":"Sun","time":"11:00","desc":"Motor Vehicle Theft","res":""}]}},{"type":"Feature","geometry":{"type":"Polygon","coordinates":[[[-117.37746208532519,33.967323167852896],[-117.3763209341725,33.969014538771624],[-117.37749755743123,33.97064397629068],[-117.37981534628946,33.97058201846892],[-117.38095644352268,33.96889063913968],[-117.37977980581998,33.967261226042545],[-117.37746208532519,33.967323167852896],[-117.37746208532519,33.967323167852896]]]},"properties":{"h3":"8929a015b4bffff","count":2,"c3":0,"c6":1,"c12":1,"c24":2,"score":1.1,"risk":2,"peakDay":"Monday","peakTime":"evening","hood":"Wood Streets","bk12":{"morning":0,"afternoon":1,"evening":0,"night":0},"bk24":{"morning":0,"afternoon":1,"evening":1,"night":0},"recent":[{"d":"2026-03-11","day":"Wed","time":"13:13","desc":"Larceny","res":""},{"d":"2025-02-03","day":"Mon","time":"18:00","desc":"Larceny","res":""}]}},{"type":"Feature","geometry":{"type":"Polygon","coordinates":[[[-117.33265414221053,34.00671154106416],[-117.33151169353974,34.00840237882078],[-117.33268830414532,34.010031936016816],[-117.33500737801756,34.00997063108476],[-117.33614977283983,34.00827978487127],[-117.33497314764122,34.00665025204652],[-117.33265414221053,34.00671154106416],[-117.33265414221053,34.00671154106416]]]},"properties":{"h3":"8929a0072cbffff","count":4,"c3":1,"c6":1,"c12":2,"c24":4,"score":2.4,"risk":5,"peakDay":"Wednesday","peakTime":"afternoon","hood":"Hunter Industrial Park","bk12":{"morning":0,"afternoon":2,"evening":0,"night":0},"bk24":{"morning":1,"afternoon":2,"evening":0,"night":1},"recent":[{"d":"2026-08-03","day":"Mon","time":"12:33","desc":"Larceny","res":""},{"d":"2025-12-25","day":"Thu","time":"16:16","desc":"Larceny","res":""},{"d":"2025-05-24","day":"Sat","time":"23:30","desc":"Larceny","res":""},{"d":"2025-02-05","day":"Wed","time":"07:00","desc":"Larceny","res":""}]}},{"type":"Feature","geometry":{"type":"Polygon","coordinates":[[[-117.3358072282467,33.975072920282074],[-117.3346651653992,33.97676400212063],[-117.33584147358499,33.978393890304865],[-117.33815985919613,33.97833267225612],[-117.33930186821793,33.976641581952656],[-117.3381255454571,33.97501171816267],[-117.3358072282467,33.975072920282074],[-117.3358072282467,33.975072920282074]]]},"properties":{"h3":"8929a00296bffff","count":12,"c3":1,"c6":3,"c12":7,"c24":12,"score":6.7,"risk":13,"peakDay":"Wednesday","peakTime":"morning","hood":"University","bk12":{"morning":3,"afternoon":1,"evening":2,"night":1},"bk24":{"morning":4,"afternoon":2,"evening":3,"night":3},"sv12":2,"recent":[{"d":"2026-05-27","day":"Wed","time":"08:34","desc":"Larceny","res":""},{"d":"2026-04-29","day":"Wed","time":"10:27","desc":"Motor Vehicle Theft","res":""},{"d":"2026-03-25","day":"Wed","time":"19:19","desc":"Larceny","res":""},{"d":"2026-01-13","day":"Tue","time":"15:07","desc":"Motor Vehicle Theft","res":""},{"d":"2025-11-01","day":"Sat","time":"00:39","desc":"Larceny","res":""},{"d":"2025-10-17","day":"Fri","time":"20:04","desc":"Larceny","res":""},{"d":"2025-09-05","day":"Fri","time":"09:07","desc":"Larceny","res":""},{"d":"2025-05-16","day":"Fri","time":"22:00","desc":"Larceny","res":""},{"d":"2025-05-15","day":"Thu","time":"21:00","desc":"Larceny","res":""},{"d":"2025-02-06","day":"Thu","time":"12:10","desc":"Larceny","res":""}]}},{"type":"Feature","geometry":{"type":"Polygon","coordinates":[[[-117.36726063237053,33.989185973510025],[-117.36611905431454,33.9908771313373],[-117.36729581034746,33.992506444683414],[-117.36961415892053,33.99244457580036],[-117.3707556830608,33.99075340955705],[-117.36957891254663,33.98912412061266],[-117.36726063237053,33.989185973510025],[-117.36726063237053,33.989185973510025]]]},"properties":{"h3":"8929a00709bffff","count":2,"c3":1,"c6":1,"c12":1,"c24":2,"score":1.3,"risk":3,"peakDay":"Thursday","peakTime":"evening","hood":"Downtown","bk12":{"morning":1,"afternoon":0,"evening":0,"night":0},"bk24":{"morning":1,"afternoon":0,"evening":1,"night":0},"recent":[{"d":"2026-07-16","day":"Thu","time":"10:24","desc":"Larceny","res":""},{"d":"2025-02-06","day":"Thu","time":"19:00","desc":"Larceny","res":""}]}},{"type":"Feature","geometry":{"type":"Polygon","coordinates":[[[-117.32522179153698,33.96040233301916],[-117.32407966685668,33.962093459897204],[-117.32525572001694,33.96372365774979],[-117.32757391246429,33.963662704325785],[-117.3287159833587,33.961971568962504],[-117.32753991559447,33.960341395508294],[-117.32522179153698,33.96040233301916],[-117.32522179153698,33.96040233301916]]]},"properties":{"h3":"8929a002823ffff","count":4,"c3":0,"c6":0,"c12":1,"c24":4,"score":1.7,"risk":3,"peakDay":"Thursday","peakTime":"night","hood":"Canyon Crest","bk12":{"morning":1,"afternoon":0,"evening":0,"night":0},"bk24":{"morning":1,"afternoon":0,"evening":1,"night":2},"recent":[{"d":"2025-09-14","day":"Sun","time":"11:36","desc":"Larceny","res":""},{"d":"2025-05-15","day":"Thu","time":"03:00","desc":"Motor Vehicle Theft","res":""},{"d":"2025-03-04","day":"Tue","time":"17:30","desc":"Motor Vehicle Theft","res":""},{"d":"2025-02-06","day":"Thu","time":"23:20","desc":"Larceny","res":""}]}},{"type":"Feature","geometry":{"type":"Polygon","coordinates":[[[-117.40501905238239,33.943330967105005],[-117.40387869692316,33.94502266246384],[-117.40505532971832,33.946652022783354],[-117.40737233232802,33.94658966329092],[-117.40851263382413,33.94489795955018],[-117.40733598667646,33.943268623683615],[-117.40501905238239,33.943330967105005],[-117.40501905238239,33.943330967105005]]]},"properties":{"h3":"8929a0159dbffff","count":7,"c3":1,"c6":2,"c12":3,"c24":7,"score":3.7,"risk":7,"peakDay":"Monday","peakTime":"morning","hood":"Magnolia Center","bk12":{"morning":1,"afternoon":0,"evening":1,"night":1},"bk24":{"morning":3,"afternoon":1,"evening":2,"night":1},"sv12":1,"recent":[{"d":"2026-05-20","day":"Wed","time":"02:13","desc":"Larceny","res":""},{"d":"2026-03-16","day":"Mon","time":"18:18","desc":"Larceny","res":""},{"d":"2025-12-22","day":"Mon","time":"07:24","desc":"Motor Vehicle Theft","res":""},{"d":"2025-04-28","day":"Mon","time":"12:00","desc":"Motor Vehicle Theft","res":""},{"d":"2025-02-17","day":"Mon","time":"09:04","desc":"Motor Vehicle Theft","res":""},{"d":"2025-02-10","day":"Mon","time":"05:06","desc":"Larceny","res":""},{"d":"2024-08-13","day":"Tue","time":"19:14","desc":"Motor Vehicle Theft","res":""}]}},{"type":"Feature","geometry":{"type":"Polygon","coordinates":[[[-117.47455420141752,33.9447626245806],[-117.47341522421435,33.94645469634876],[-117.47459252977508,33.9480831334664],[-117.47690882667945,33.94801947432665],[-117.47804774974998,33.94632739427332],[-117.47687043005156,33.94469898164472],[-117.47455420141752,33.9447626245806],[-117.47455420141752,33.9447626245806]]]},"properties":{"h3":"8929a014bb3ffff","count":11,"c3":1,"c6":2,"c12":4,"c24":11,"score":5.4,"risk":11,"peakDay":"Tuesday","peakTime":"morning","hood":"La Sierra Acres","bk12":{"morning":2,"afternoon":0,"evening":1,"night":1},"bk24":{"morning":4,"afternoon":3,"evening":1,"night":3},"sv12":3,"recent":[{"d":"2026-05-21","day":"Thu","time":"07:20","desc":"Larceny","res":""},{"d":"2026-04-07","day":"Tue","time":"11:55","desc":"Motor Vehicle Theft","res":""},{"d":"2025-10-16","day":"Thu","time":"18:46","desc":"Motor Vehicle Theft","res":""},{"d":"2025-09-03","day":"Wed","time":"22:01","desc":"Motor Vehicle Theft","res":""},{"d":"2025-06-30","day":"Mon","time":"12:46","desc":"Motor Vehicle Theft","res":""},{"d":"2025-05-20","day":"Tue","time":"10:10","desc":"Larceny","res":""},{"d":"2025-02-22","day":"Sat","time":"22:40","desc":"Motor Vehicle Theft","res":""},{"d":"2025-02-16","day":"Sun","time":"00:00","desc":"Larceny","res":""},{"d":"2025-02-12","day":"Wed","time":"14:00","desc":"Larceny","res":""},{"d":"2025-02-04","day":"Tue","time":"13:10","desc":"Motor Vehicle Theft","res":""}]}},{"type":"Feature","geometry":{"type":"Polygon","coordinates":[[[-117.48453288138127,33.9062863786941],[-117.48339449534878,33.90797877687666],[-117.48457149068254,33.90960753465212],[-117.48688688614871,33.90954386972443],[-117.48802521806171,33.90785146325537],[-117.4868482086308,33.90622273000032],[-117.48453288138127,33.9062863786941],[-117.48453288138127,33.9062863786941]]]},"properties":{"h3":"8929a014dd7ffff","count":3,"c3":0,"c6":0,"c12":1,"c24":3,"score":1.3,"risk":2,"peakDay":"Wednesday","peakTime":"morning","hood":"La Sierra","bk12":{"morning":1,"afternoon":0,"evening":0,"night":0},"bk24":{"morning":2,"afternoon":0,"evening":1,"night":0},"sv12":1,"recent":[{"d":"2025-09-12","day":"Fri","time":"05:52","desc":"Motor Vehicle Theft","res":""},{"d":"2025-02-17","day":"Mon","time":"09:41","desc":"Larceny","res":""},{"d":"2025-02-12","day":"Wed","time":"21:22","desc":"Larceny","res":""}]}},{"type":"Feature","geometry":{"type":"Polygon","coordinates":[[[-117.46756723884513,33.94163267663306],[-117.46642815340654,33.94332473181453],[-117.46760536012748,33.944953296828935],[-117.46992166644834,33.94488978217428],[-117.47106069777419,33.94319771869673],[-117.46988347689472,33.94156917816976],[-117.46756723884513,33.94163267663306],[-117.46756723884513,33.94163267663306]]]},"properties":{"h3":"8929a014b83ffff","count":4,"c3":0,"c6":1,"c12":1,"c24":4,"score":1.8,"risk":3,"peakDay":"Thursday","peakTime":"afternoon","hood":"Arlanza","bk12":{"morning":1,"afternoon":0,"evening":0,"night":0},"bk24":{"morning":1,"afternoon":2,"evening":0,"night":1},"recent":[{"d":"2026-04-23","day":"Thu","time":"08:42","desc":"Larceny","res":""},{"d":"2025-02-13","day":"Thu","time":"14:30","desc":"Larceny","res":""},{"d":"2024-11-22","day":"Fri","time":"23:50","desc":"Motor Vehicle Theft","res":""},{"d":"2024-11-09","day":"Sat","time":"14:38","desc":"Motor Vehicle Theft","res":""}]}},{"type":"Feature","geometry":{"type":"Polygon","coordinates":[[[-117.36376562721529,33.987618401236816],[-117.36262399525354,33.98930955064263],[-117.3638007015559,33.990938927893396],[-117.36611905431454,33.9908771313373],[-117.36726063237053,33.989185973510025],[-117.36608391157651,33.98755662066014],[-117.36376562721529,33.987618401236816],[-117.36376562721529,33.987618401236816]]]},"properties":{"h3":"8929a00746fffff","count":5,"c3":1,"c6":2,"c12":2,"c24":5,"score":2.7,"risk":5,"peakDay":"Thursday","peakTime":"evening","hood":"Downtown","bk12":{"morning":0,"afternoon":1,"evening":1,"night":0},"bk24":{"morning":0,"afternoon":1,"evening":2,"night":2},"recent":[{"d":"2026-05-14","day":"Thu","time":"18:05","desc":"Larceny","res":""},{"d":"2026-03-13","day":"Fri","time":"16:50","desc":"Larceny","res":""},{"d":"2025-07-10","day":"Thu","time":"00:00","desc":"Larceny","res":""},{"d":"2025-02-13","day":"Thu","time":"19:54","desc":"Larceny","res":""},{"d":"2024-11-08","day":"Fri","time":"03:15","desc":"Motor Vehicle Theft","res":""}]}},{"type":"Feature","geometry":{"type":"Polygon","coordinates":[[[-117.3002659178299,33.89958067774369],[-117.29912391493303,33.90127209581881],[-117.30029909179612,33.90290332886497],[-117.30261628622416,33.90284311941006],[-117.30375823545417,33.90115169279127],[-117.30258304392574,33.89952048417092],[-117.3002659178299,33.89958067774369],[-117.3002659178299,33.89958067774369]]]},"properties":{"h3":"8929a002533ffff","count":1,"c3":0,"c6":0,"c12":0,"c24":1,"score":0.4,"risk":1,"peakDay":"Thursday","peakTime":"evening","hood":"Orangecrest","bk12":{"morning":0,"afternoon":0,"evening":0,"night":0},"bk24":{"morning":0,"afternoon":0,"evening":1,"night":0},"recent":[{"d":"2025-02-13","day":"Thu","time":"20:00","desc":"Larceny","res":""}]}},{"type":"Feature","geometry":{"type":"Polygon","coordinates":[[[-117.41535360192563,33.93474735198986],[-117.41421354067353,33.93643916573991],[-117.41539018126046,33.93806849208555],[-117.41770689742059,33.938005980216694],[-117.41884690469284,33.93631415809565],[-117.41767024978756,33.934684856214275],[-117.41535360192563,33.93474735198986],[-117.41535360192563,33.93474735198986]]]},"properties":{"h3":"8929a015d77ffff","count":9,"c3":0,"c6":1,"c12":4,"c24":9,"score":4.6,"risk":9,"peakDay":"Friday","peakTime":"night","hood":"Ramona","bk12":{"morning":2,"afternoon":2,"evening":0,"night":0},"bk24":{"morning":2,"afternoon":2,"evening":2,"night":3},"sv12":2,"recent":[{"d":"2026-03-17","day":"Tue","time":"15:45","desc":"Motor Vehicle Theft","res":""},{"d":"2025-11-12","day":"Wed","time":"07:40","desc":"Larceny","res":""},{"d":"2025-10-12","day":"Sun","time":"15:31","desc":"Larceny","res":""},{"d":"2025-08-29","day":"Fri","time":"05:00","desc":"Motor Vehicle Theft","res":""},{"d":"2025-07-04","day":"Fri","time":"03:30","desc":"Larceny","res":""},{"d":"2025-06-23","day":"Mon","time":"21:00","desc":"Motor Vehicle Theft","res":""},{"d":"2025-06-20","day":"Fri","time":"23:00","desc":"Motor Vehicle Theft","res":""},{"d":"2025-03-03","day":"Mon","time":"00:00","desc":"Larceny","res":""},{"d":"2025-02-13","day":"Thu","time":"20:00","desc":"Larceny","res":""}]}},{"type":"Feature","geometry":{"type":"Polygon","coordinates":[[[-117.36740135676918,34.00246747988095],[-117.36625964606448,34.00415854353797],[-117.36743654307402,34.00578769877088],[-117.36975516527536,34.00572576595372],[-117.37089682205121,34.00403469388605],[-117.3697199105574,34.00240556304602],[-117.36740135676918,34.00246747988095],[-117.36740135676918,34.00246747988095]]]},"properties":{"h3":"8929a00700fffff","count":4,"c3":0,"c6":0,"c12":1,"c24":4,"score":1.6,"risk":3,"peakDay":"Tuesday","peakTime":"morning","hood":"Northside","bk12":{"morning":0,"afternoon":0,"evening":1,"night":0},"bk24":{"morning":2,"afternoon":0,"evening":1,"night":1},"recent":[{"d":"2025-09-13","day":"Sat","time":"20:12","desc":"Larceny","res":""},{"d":"2025-05-20","day":"Tue","time":"02:26","desc":"Larceny","res":""},{"d":"2025-02-14","day":"Fri","time":"11:00","desc":"Larceny","res":""},{"d":"2024-08-27","day":"Tue","time":"11:00","desc":"Motor Vehicle Theft","res":""}]}},{"type":"Feature","geometry":{"type":"Polygon","coordinates":[[[-117.473979547911,33.89494747608485],[-117.47284106553116,33.89663989560254],[-117.47401784229348,33.89826892365249],[-117.47633311556532,33.89820550766207],[-117.47747154386205,33.89651307983877],[-117.47629475297283,33.894884076311335],[-117.473979547911,33.89494747608485],[-117.473979547911,33.89494747608485]]]},"properties":{"h3":"8929a016b4bffff","count":3,"c3":0,"c6":0,"c12":1,"c24":3,"score":1.3,"risk":2,"peakDay":"Friday","peakTime":"afternoon","hood":"La Sierra South","bk12":{"morning":0,"afternoon":1,"evening":0,"night":0},"bk24":{"morning":0,"afternoon":2,"evening":0,"night":1},"sv12":1,"recent":[{"d":"2025-09-19","day":"Fri","time":"13:36","desc":"Motor Vehicle Theft","res":""},{"d":"2025-02-14","day":"Fri","time":"12:45","desc":"Larceny","res":""},{"d":"2025-02-14","day":"Fri","time":"04:30","desc":"Motor Vehicle Theft","res":""}]}},{"type":"Feature","geometry":{"type":"Polygon","coordinates":[[[-117.45325458663943,33.905480745327864],[-117.45211558197305,33.90717297613596],[-117.4532922737404,33.90880215125729],[-117.45560798437062,33.908739071066044],[-117.45674693499375,33.90704683192782],[-117.45557022903272,33.90541768131081],[-117.45325458663943,33.905480745327864],[-117.45325458663943,33.905480745327864]]]},"properties":{"h3":"8929a014c43ffff","count":3,"c3":0,"c6":0,"c12":1,"c24":3,"score":1.5,"risk":3,"peakDay":"Thursday","peakTime":"evening","hood":"Arlington South","bk12":{"morning":0,"afternoon":1,"evening":0,"night":0},"bk24":{"morning":0,"afternoon":1,"evening":1,"night":1},"recent":[{"d":"2026-01-29","day":"Thu","time":"12:23","desc":"Larceny","res":""},{"d":"2025-04-03","day":"Thu","time":"04:48","desc":"Larceny","res":""},{"d":"2025-02-15","day":"Sat","time":"20:33","desc":"Larceny","res":""}]}},{"type":"Feature","geometry":{"type":"Polygon","coordinates":[[[-117.44979986673519,33.907235984157175],[-117.44866077502608,33.908928183466635],[-117.44983745258865,33.91055738308926],[-117.4521532360679,33.91049435890096],[-117.4532922737404,33.90880215125729],[-117.45211558197305,33.90717297613596],[-117.44979986673519,33.907235984157175],[-117.44979986673519,33.907235984157175]]]},"properties":{"h3":"8929a014c4bffff","count":2,"c3":0,"c6":0,"c12":1,"c24":2,"score":0.9,"risk":2,"peakDay":"Sunday","peakTime":"evening","hood":"Arlington South","bk12":{"morning":0,"afternoon":1,"evening":0,"night":0},"bk24":{"morning":0,"afternoon":1,"evening":1,"night":0},"recent":[{"d":"2025-10-08","day":"Wed","time":"13:40","desc":"Larceny","res":""},{"d":"2025-02-16","day":"Sun","time":"21:45","desc":"Larceny","res":""}]}},{"type":"Feature","geometry":{"type":"Polygon","coordinates":[[[-117.46392177614035,33.92678416832858],[-117.46278276863349,33.928476308161024],[-117.46395978489782,33.93010509481835],[-117.46627582283786,33.93004171714751],[-117.46741477625517,33.92834956900812],[-117.46623774582476,33.926720806846355],[-117.46392177614035,33.92678416832858],[-117.46392177614035,33.92678416832858]]]},"properties":{"h3":"8929a014803ffff","count":2,"c3":0,"c6":0,"c12":0,"c24":2,"score":0.7,"risk":1,"peakDay":"Monday","peakTime":"afternoon","hood":"Arlanza","bk12":{"morning":0,"afternoon":0,"evening":0,"night":0},"bk24":{"morning":0,"afternoon":1,"evening":0,"night":1},"recent":[{"d":"2025-02-17","day":"Mon","time":"14:36","desc":"Larceny","res":""},{"d":"2024-11-03","day":"Sun","time":"01:00","desc":"Motor Vehicle Theft","res":""}]}},{"type":"Feature","geometry":{"type":"Polygon","coordinates":[[[-117.39788776550944,33.926911280683214],[-117.39674743450755,33.928603052496584],[-117.39792382722348,33.93023269799606],[-117.4002405653145,33.93017054722178],[-117.40138084238637,33.928478767010176],[-117.40020443530001,33.92684914597091],[-117.39788776550944,33.926911280683214],[-117.39788776550944,33.926911280683214]]]},"properties":{"h3":"8929a015c2fffff","count":4,"c3":1,"c6":1,"c12":1,"c24":4,"score":1.9,"risk":4,"peakDay":"Wednesday","peakTime":"afternoon","hood":"Casa Blanca","bk12":{"morning":0,"afternoon":1,"evening":0,"night":0},"bk24":{"morning":0,"afternoon":3,"evening":0,"night":1},"recent":[{"d":"2026-06-17","day":"Wed","time":"13:24","desc":"Larceny","res":""},{"d":"2025-02-17","day":"Mon","time":"16:50","desc":"Larceny","res":""},{"d":"2024-11-24","day":"Sun","time":"00:00","desc":"Motor Vehicle Theft","res":""},{"d":"2024-10-02","day":"Wed","time":"14:00","desc":"Motor Vehicle Theft","res":""}]}},{"type":"Feature","geometry":{"type":"Polygon","coordinates":[[[-117.48449427436219,33.90296516025368],[-117.48335592129655,33.904657581559356],[-117.48453288138127,33.9062863786941],[-117.4868482086308,33.90622273000032],[-117.48798650758022,33.90453030040676],[-117.48680953339907,33.902901527794675],[-117.48449427436219,33.90296516025368],[-117.48449427436219,33.90296516025368]]]},"properties":{"h3":"8929a016b6fffff","count":2,"c3":0,"c6":0,"c12":1,"c24":2,"score":0.9,"risk":2,"peakDay":"Wednesday","peakTime":"morning","hood":"La Sierra","bk12":{"morning":1,"afternoon":0,"evening":0,"night":0},"bk24":{"morning":2,"afternoon":0,"evening":0,"night":0},"recent":[{"d":"2025-09-17","day":"Wed","time":"09:28","desc":"Larceny","res":""},{"d":"2025-02-19","day":"Wed","time":"09:32","desc":"Larceny","res":""}]}},{"type":"Feature","geometry":{"type":"Polygon","coordinates":[[[-117.4191404283779,33.962881078163626],[-117.41800015652554,33.964572713578924],[-117.4191771286051,33.9662016605801],[-117.42149438685362,33.96613894771853],[-117.42263460468982,33.964447303948525],[-117.42145761829643,33.962818381394634],[-117.4191404283779,33.962881078163626],[-117.4191404283779,33.962881078163626]]]},"properties":{"h3":"8929a006693ffff","count":2,"c3":0,"c6":0,"c12":0,"c24":2,"score":0.7,"risk":1,"peakDay":"Wednesday","peakTime":"afternoon","hood":"Grand","bk12":{"morning":0,"afternoon":0,"evening":0,"night":0},"bk24":{"morning":1,"afternoon":1,"evening":0,"night":0},"recent":[{"d":"2025-02-19","day":"Wed","time":"14:20","desc":"Larceny","res":""},{"d":"2025-01-21","day":"Tue","time":"07:15","desc":"Motor Vehicle Theft","res":""}]}},{"type":"Feature","geometry":{"type":"Polygon","coordinates":[[[-117.29713752912494,33.93455585452754],[-117.29599510737455,33.93624700709052],[-117.2971706211347,33.93787787217813],[-117.29948857133223,33.937817560302044],[-117.30063093938988,33.93612639920493],[-117.29945541094557,33.934495558517874],[-117.29713752912494,33.93455585452754],[-117.29713752912494,33.93455585452754]]]},"properties":{"h3":"8929a002e83ffff","count":2,"c3":0,"c6":0,"c12":0,"c24":2,"score":0.8,"risk":2,"peakDay":"Wednesday","peakTime":"evening","hood":"Sycamore Canyon/Canyon Springs","bk12":{"morning":0,"afternoon":0,"evening":0,"night":0},"bk24":{"morning":1,"afternoon":0,"evening":1,"night":0},"recent":[{"d":"2025-07-20","day":"Sun","time":"11:45","desc":"Larceny","res":""},{"d":"2025-02-19","day":"Wed","time":"17:19","desc":"Larceny","res":""}]}},{"type":"Feature","geometry":{"type":"Polygon","coordinates":[[[-117.33601273067625,33.99499779561628],[-117.33487046866699,33.9966887362081],[-117.33604698817572,33.99831838757443],[-117.33836578427605,33.99825707396779],[-117.33950799243995,33.99656612491916],[-117.33833145835163,33.994936497933814],[-117.33601273067625,33.99499779561628],[-117.33601273067625,33.99499779561628]]]},"properties":{"h3":"8929a00767bffff","count":3,"c3":1,"c6":1,"c12":2,"c24":3,"score":1.9,"risk":4,"peakDay":"Thursday","peakTime":"night","hood":"Hunter Industrial Park","bk12":{"morning":1,"afternoon":1,"evening":0,"night":0},"bk24":{"morning":1,"afternoon":1,"evening":0,"night":1},"sv12":2,"recent":[{"d":"2026-06-21","day":"Sun","time":"14:43","desc":"Motor Vehicle Theft","res":""},{"d":"2025-11-04","day":"Tue","time":"09:52","desc":"Motor Vehicle Theft","res":""},{"d":"2025-02-20","day":"Thu","time":"03:48","desc":"Larceny","res":""}]}},{"type":"Feature","geometry":{"type":"Polygon","coordinates":[[[-117.3428654611121,33.98485176304022],[-117.34172343955957,33.9865428147583],[-117.34289991776386,33.9881724963294],[-117.34521843207915,33.98811110179072],[-117.34636039977937,33.98642004162128],[-117.3451839070194,33.98479038444169],[-117.3428654611121,33.98485176304022],[-117.3428654611121,33.98485176304022]]]},"properties":{"h3":"8929a007613ffff","count":9,"c3":0,"c6":1,"c12":3,"c24":9,"score":4.1,"risk":8,"peakDay":"Wednesday","peakTime":"evening","hood":"University","bk12":{"morning":1,"afternoon":1,"evening":1,"night":0},"bk24":{"morning":2,"afternoon":1,"evening":4,"night":2},"recent":[{"d":"2026-02-06","day":"Fri","time":"08:51","desc":"Larceny","res":""},{"d":"2025-09-08","day":"Mon","time":"20:20","desc":"Larceny","res":""},{"d":"2025-08-17","day":"Sun","time":"16:00","desc":"Larceny","res":""},{"d":"2025-06-11","day":"Wed","time":"19:07","desc":"Larceny","res":""},{"d":"2025-05-21","day":"Wed","time":"01:00","desc":"Larceny","res":""},{"d":"2025-04-28","day":"Mon","time":"18:50","desc":"Motor Vehicle Theft","res":""},{"d":"2025-02-20","day":"Thu","time":"20:45","desc":"Larceny","res":""},{"d":"2025-02-09","day":"Sun","time":"00:02","desc":"Motor Vehicle Theft","res":""},{"d":"2024-11-20","day":"Wed","time":"06:37","desc":"Motor Vehicle Theft","res":""}]}},{"type":"Feature","geometry":{"type":"Polygon","coordinates":[[[-117.40847625509112,33.94157689661406],[-117.40733598667646,33.943268623683615],[-117.40851263382413,33.94489795955018],[-117.41082956373074,33.9448355438911],[-117.41196977817563,33.94314380844373],[-117.41079311668652,33.94151449703312],[-117.40847625509112,33.94157689661406],[-117.40847625509112,33.94157689661406]]]},"properties":{"h3":"8929a0159d3ffff","count":1,"c3":0,"c6":0,"c12":0,"c24":1,"score":0.4,"risk":1,"peakDay":"Friday","peakTime":"morning","hood":"Ramona","bk12":{"morning":0,"afternoon":0,"evening":0,"night":0},"bk24":{"morning":1,"afternoon":0,"evening":0,"night":0},"recent":[{"d":"2025-02-21","day":"Fri","time":"09:32","desc":"Larceny","res":""}]}},{"type":"Feature","geometry":{"type":"Polygon","coordinates":[[[-117.3777104341454,33.99056750523984],[-117.37656905101404,33.99225871181878],[-117.37774592094583,33.99388787292693],[-117.38006418846106,33.99382580304954],[-117.38120551765002,33.99213458806952],[-117.38002863326898,33.990505451367795],[-117.3777104341454,33.99056750523984],[-117.3777104341454,33.99056750523984]]]},"properties":{"h3":"8929a00754bffff","count":3,"c3":0,"c6":0,"c12":0,"c24":3,"score":1.2,"risk":2,"peakDay":"Friday","peakTime":"afternoon","hood":"Downtown","bk12":{"morning":0,"afternoon":0,"evening":0,"night":0},"bk24":{"morning":0,"afternoon":2,"evening":0,"night":1},"recent":[{"d":"2025-07-07","day":"Mon","time":"03:36","desc":"Larceny","res":""},{"d":"2025-04-12","day":"Sat","time":"16:53","desc":"Larceny","res":""},{"d":"2025-02-21","day":"Fri","time":"14:00","desc":"Larceny","res":""}]}},{"type":"Feature","geometry":{"type":"Polygon","coordinates":[[[-117.34604944921264,33.95653110793309],[-117.34490778007114,33.95822237947966],[-117.34608399109962,33.959852352127356],[-117.34840188581092,33.95979102881605],[-117.34954350111963,33.95809974881141],[-117.34836727555263,33.956469800575974],[-117.34604944921264,33.95653110793309],[-117.34604944921264,33.95653110793309]]]},"properties":{"h3":"8929a002983ffff","count":5,"c3":1,"c6":4,"c12":4,"c24":5,"score":3.6,"risk":7,"peakDay":"Monday","peakTime":"morning","hood":"Canyon Crest","bk12":{"morning":3,"afternoon":1,"evening":0,"night":0},"bk24":{"morning":3,"afternoon":1,"evening":0,"night":1},"recent":[{"d":"2026-05-18","day":"Mon","time":"10:32","desc":"Larceny","res":""},{"d":"2026-04-19","day":"Sun","time":"15:55","desc":"Larceny","res":""},{"d":"2026-04-14","day":"Tue","time":"06:35","desc":"Larceny","res":""},{"d":"2026-03-16","day":"Mon","time":"11:47","desc":"Larceny","res":""},{"d":"2025-02-21","day":"Fri","time":"23:00","desc":"Larceny","res":""}]}},{"type":"Feature","geometry":{"type":"Polygon","coordinates":[[[-117.43947202988304,33.915822553361636],[-117.43833264402754,33.91751463489271],[-117.43950931414021,33.919143868652114],[-117.44182538435005,33.91908099639029],[-117.44296471618559,33.91738890651409],[-117.44178803183401,33.915759697244646],[-117.43947202988304,33.915822553361636],[-117.43947202988304,33.915822553361636]]]},"properties":{"h3":"8929a014e03ffff","count":4,"c3":0,"c6":0,"c12":1,"c24":4,"score":1.6,"risk":3,"peakDay":"Sunday","peakTime":"evening","hood":"Arlington","bk12":{"morning":0,"afternoon":0,"evening":1,"night":0},"bk24":{"morning":0,"afternoon":0,"evening":2,"night":2},"recent":[{"d":"2025-11-06","day":"Thu","time":"17:16","desc":"Larceny","res":""},{"d":"2025-03-16","day":"Sun","time":"02:33","desc":"Motor Vehicle Theft","res":""},{"d":"2025-02-22","day":"Sat","time":"21:00","desc":"Larceny","res":""},{"d":"2024-11-24","day":"Sun","time":"03:50","desc":"Motor Vehicle Theft","res":""}]}},{"type":"Feature","geometry":{"type":"Polygon","coordinates":[[[-117.37347283301497,33.91925687358973],[-117.3723320916736,33.92094856318008],[-117.37350817225096,33.922578615837935],[-117.37582500861645,33.92251695445305],[-117.37696569609433,33.92082525642774],[-117.37578960107297,33.91919522822211],[-117.37347283301497,33.91925687358973],[-117.37347283301497,33.91925687358973]]]},"properties":{"h3":"8929a015e97ffff","count":4,"c3":0,"c6":0,"c12":2,"c24":4,"score":1.7,"risk":3,"peakDay":"Saturday","peakTime":"night","hood":"Alessandro Heights","bk12":{"morning":2,"afternoon":0,"evening":0,"night":0},"bk24":{"morning":2,"afternoon":0,"evening":0,"night":2},"recent":[{"d":"2025-08-07","day":"Thu","time":"08:20","desc":"Larceny","res":""},{"d":"2025-08-07","day":"Thu","time":"08:20","desc":"Larceny","res":""},{"d":"2025-02-22","day":"Sat","time":"22:45","desc":"Motor Vehicle Theft","res":""},{"d":"2025-02-22","day":"Sat","time":"22:45","desc":"Larceny","res":""}]}},{"type":"Feature","geometry":{"type":"Polygon","coordinates":[[[-117.44983745258865,33.91055738308926],[-117.44869832786824,33.91224955922493],[-117.4498750406642,33.91387871950535],[-117.4521908923889,33.91381567915085],[-117.4533299630694,33.91212349468232],[-117.4521532360679,33.91049435890096],[-117.44983745258865,33.91055738308926],[-117.44983745258865,33.91055738308926]]]},"properties":{"h3":"8929a014eb3ffff","count":2,"c3":0,"c6":0,"c12":1,"c24":2,"score":1,"risk":2,"peakDay":"Sunday","peakTime":"morning","hood":"Arlington","bk12":{"morning":1,"afternoon":0,"evening":0,"night":0},"bk24":{"morning":2,"afternoon":0,"evening":0,"night":0},"sv12":1,"recent":[{"d":"2025-11-01","day":"Sat","time":"07:33","desc":"Motor Vehicle Theft","res":""},{"d":"2025-02-23","day":"Sun","time":"08:15","desc":"Larceny","res":""}]}},{"type":"Feature","geometry":{"type":"Polygon","coordinates":[[[-117.3388555166836,33.93346397071032],[-117.33771393889835,33.935155365744635],[-117.33888983923178,33.936785702081785],[-117.34120733190802,33.93672461896049],[-117.34234885590014,33.93503321544908],[-117.34117294101195,33.933402903535885],[-117.3388555166836,33.93346397071032],[-117.3388555166836,33.93346397071032]]]},"properties":{"h3":"8929a002dd7ffff","count":3,"c3":0,"c6":0,"c12":2,"c24":3,"score":1.7,"risk":3,"peakDay":"Sunday","peakTime":"morning","hood":"Canyon Crest","bk12":{"morning":1,"afternoon":0,"evening":1,"night":0},"bk24":{"morning":2,"afternoon":0,"evening":1,"night":0},"sv12":1,"recent":[{"d":"2026-01-03","day":"Sat","time":"21:44","desc":"Larceny","res":""},{"d":"2025-11-30","day":"Sun","time":"08:35","desc":"Motor Vehicle Theft","res":""},{"d":"2025-02-23","day":"Sun","time":"08:19","desc":"Larceny","res":""}]}},{"type":"Feature","geometry":{"type":"Polygon","coordinates":[[[-117.36648724317531,33.91611970009397],[-117.36534639413688,33.91781137279808],[-117.36652237540149,33.91944155295544],[-117.36883922017209,33.91938003595793],[-117.36998001536696,33.917688354807986],[-117.3688040196376,33.91605819910121],[-117.36648724317531,33.91611970009397],[-117.36648724317531,33.91611970009397]]]},"properties":{"h3":"8929a015167ffff","count":1,"c3":0,"c6":0,"c12":0,"c24":1,"score":0.4,"risk":1,"peakDay":"Monday","peakTime":"afternoon","hood":"Alessandro Heights","bk12":{"morning":0,"afternoon":0,"evening":0,"night":0},"bk24":{"morning":0,"afternoon":1,"evening":0,"night":0},"recent":[{"d":"2025-02-24","day":"Mon","time":"13:50","desc":"Larceny","res":""}]}},{"type":"Feature","geometry":{"type":"Polygon","coordinates":[[[-117.31776165652276,33.91075677079785],[-117.31661988888968,33.912448208222116],[-117.31779534991433,33.91407908387811],[-117.32011259318904,33.91401849768185],[-117.32125430710198,33.91232705174242],[-117.32007883146318,33.91069620051425],[-117.31776165652276,33.91075677079785],[-117.31776165652276,33.91075677079785]]]},"properties":{"h3":"8929a01520fffff","count":3,"c3":0,"c6":1,"c12":1,"c24":3,"score":1.4,"risk":3,"peakDay":"Thursday","peakTime":"night","hood":"Mission Grove","bk12":{"morning":1,"afternoon":0,"evening":0,"night":0},"bk24":{"morning":1,"afternoon":0,"evening":0,"night":2},"recent":[{"d":"2026-04-16","day":"Thu","time":"06:28","desc":"Larceny","res":""},{"d":"2025-02-25","day":"Tue","time":"02:23","desc":"Larceny","res":""},{"d":"2024-08-22","day":"Thu","time":"23:48","desc":"Motor Vehicle Theft","res":""}]}},{"type":"Feature","geometry":{"type":"Polygon","coordinates":[[[-117.44311428045047,33.9306735701068],[-117.4419748165013,33.932365567063144],[-117.44315167704427,33.93399457945156],[-117.4454680157705,33.93393157040163],[-117.44660742567658,33.93223956511107],[-117.44543055090223,33.93061057720449],[-117.44311428045047,33.9306735701068],[-117.44311428045047,33.9306735701068]]]},"properties":{"h3":"8929a014a83ffff","count":2,"c3":0,"c6":0,"c12":0,"c24":2,"score":0.7,"risk":1,"peakDay":"Tuesday","peakTime":"afternoon","hood":"Arlington","bk12":{"morning":0,"afternoon":0,"evening":0,"night":0},"bk24":{"morning":0,"afternoon":2,"evening":0,"night":0},"recent":[{"d":"2025-03-07","day":"Fri","time":"13:46","desc":"Motor Vehicle Theft","res":""},{"d":"2025-02-25","day":"Tue","time":"12:34","desc":"Larceny","res":""}]}},{"type":"Feature","geometry":{"type":"Polygon","coordinates":[[[-117.33207369852094,33.95025518393121],[-117.33093181414833,33.95194642159111],[-117.33210782610807,33.95357664939091],[-117.33442573702342,33.953515615121724],[-117.33556756760328,33.95182436898201],[-117.33439154106335,33.95019416559116],[-117.33207369852094,33.95025518393121],[-117.33207369852094,33.95025518393121]]]},"properties":{"h3":"8929a0028b7ffff","count":3,"c3":0,"c6":0,"c12":2,"c24":3,"score":1.5,"risk":3,"peakDay":"Wednesday","peakTime":"morning","hood":"Canyon Crest","bk12":{"morning":2,"afternoon":0,"evening":0,"night":0},"bk24":{"morning":2,"afternoon":0,"evening":1,"night":0},"recent":[{"d":"2025-11-29","day":"Sat","time":"06:05","desc":"Larceny","res":""},{"d":"2025-08-19","day":"Tue","time":"11:00","desc":"Larceny","res":""},{"d":"2025-02-26","day":"Wed","time":"20:00","desc":"Larceny","res":""}]}},{"type":"Feature","geometry":{"type":"Polygon","coordinates":[[[-117.47109892259299,33.94651828324449],[-117.46995985826034,33.94821032345444],[-117.47113714967224,33.94983878505808],[-117.47345351956845,33.9497751819656],[-117.47459252977508,33.9480831334664],[-117.47341522421435,33.94645469634876],[-117.47109892259299,33.94651828324449],[-117.47109892259299,33.94651828324449]]]},"properties":{"h3":"8929a014bbbffff","count":3,"c3":2,"c6":2,"c12":2,"c24":3,"score":2.2,"risk":4,"peakDay":"Friday","peakTime":"afternoon","hood":"Arlanza","bk12":{"morning":0,"afternoon":2,"evening":0,"night":0},"bk24":{"morning":0,"afternoon":2,"evening":0,"night":1},"sv12":1,"recent":[{"d":"2026-07-23","day":"Thu","time":"12:20","desc":"Larceny","res":""},{"d":"2026-05-15","day":"Fri","time":"13:38","desc":"Motor Vehicle Theft","res":""},{"d":"2025-02-28","day":"Fri","time":"04:43","desc":"Larceny","res":""}]}},{"type":"Feature","geometry":{"type":"Polygon","coordinates":[[[-117.44288994731652,33.9107461992773],[-117.44175068152632,33.91243833554916],[-117.44292733064592,33.91406758416527],[-117.44524325978558,33.91400467201411],[-117.44638247155247,33.91231252739987],[-117.4452058082058,33.91068330327898],[-117.44288994731652,33.9107461992773],[-117.44288994731652,33.9107461992773]]]},"properties":{"h3":"8929a014e8fffff","count":3,"c3":0,"c6":0,"c12":1,"c24":3,"score":1.4,"risk":3,"peakDay":"Friday","peakTime":"evening","hood":"Arlington South","bk12":{"morning":1,"afternoon":0,"evening":0,"night":0},"bk24":{"morning":1,"afternoon":0,"evening":1,"night":1},"sv12":1,"recent":[{"d":"2025-10-16","day":"Thu","time":"11:03","desc":"Motor Vehicle Theft","res":""},{"d":"2025-06-07","day":"Sat","time":"01:16","desc":"Motor Vehicle Theft","res":""},{"d":"2025-02-28","day":"Fri","time":"18:30","desc":"Larceny","res":""}]}},{"type":"Feature","geometry":{"type":"Polygon","coordinates":[[[-117.31148012342321,33.977373529279745],[-117.31033755121744,33.979064457627935],[-117.31151365144805,33.98069463480931],[-117.31383233853822,33.98063385926279],[-117.31497485697523,33.97894292241709],[-117.31379874209361,33.977312769615246],[-117.31148012342321,33.977373529279745],[-117.31148012342321,33.977373529279745]]]},"properties":{"h3":"8929a002b57ffff","count":4,"c3":0,"c6":0,"c12":3,"c24":4,"score":2.1,"risk":4,"peakDay":"Sunday","peakTime":"evening","hood":"University","bk12":{"morning":1,"afternoon":0,"evening":2,"night":0},"bk24":{"morning":1,"afternoon":0,"evening":2,"night":1},"sv12":1,"recent":[{"d":"2025-12-17","day":"Wed","time":"20:02","desc":"Larceny","res":""},{"d":"2025-11-01","day":"Sat","time":"18:09","desc":"Larceny","res":""},{"d":"2025-08-28","day":"Thu","time":"09:41","desc":"Motor Vehicle Theft","res":""},{"d":"2025-03-02","day":"Sun","time":"00:00","desc":"Larceny","res":""}]}},{"type":"Feature","geometry":{"type":"Polygon","coordinates":[[[-117.43241264411402,33.906046398921085],[-117.43127321631357,33.907738510133086],[-117.43244971700864,33.90936795021765],[-117.43476565976522,33.909305254597236],[-117.4359050335722,33.907613135026516],[-117.43472851861887,33.90598371943476],[-117.43241264411402,33.906046398921085],[-117.43241264411402,33.906046398921085]]]},"properties":{"h3":"8929a014ed3ffff","count":1,"c3":0,"c6":0,"c12":0,"c24":1,"score":0.4,"risk":1,"peakDay":"Sunday","peakTime":"morning","hood":"Arlington South","bk12":{"morning":0,"afternoon":0,"evening":0,"night":0},"bk24":{"morning":1,"afternoon":0,"evening":0,"night":0},"recent":[{"d":"2025-03-02","day":"Sun","time":"08:00","desc":"Larceny","res":""}]}},{"type":"Feature","geometry":{"type":"Polygon","coordinates":[[[-117.32810375020411,33.902177990233426],[-117.32696227639246,33.903869546398326],[-117.3281377460608,33.9055003879848],[-117.33045470412345,33.90543964896702],[-117.33159612419809,33.903748084297845],[-117.33042063994985,33.90211726715056],[-117.32810375020411,33.902177990233426],[-117.32810375020411,33.902177990233426]]]},"properties":{"h3":"8929a0152b3ffff","count":2,"c3":0,"c6":0,"c12":1,"c24":2,"score":0.9,"risk":2,"peakDay":"Sunday","peakTime":"evening","hood":"Mission Grove","bk12":{"morning":1,"afternoon":0,"evening":0,"night":0},"bk24":{"morning":1,"afternoon":0,"evening":1,"night":0},"recent":[{"d":"2025-09-26","day":"Fri","time":"08:31","desc":"Larceny","res":""},{"d":"2025-03-02","day":"Sun","time":"17:30","desc":"Larceny","res":""}]}},{"type":"Feature","geometry":{"type":"Polygon","coordinates":[[[-117.2937101437624,33.93962925682934],[-117.29256760189826,33.94132035399565],[-117.2937431361312,33.94295120418618],[-117.29606122692725,33.94289093281496],[-117.29720371510211,33.941199827111824],[-117.29602816617304,33.939569001316556],[-117.2937101437624,33.93962925682934],[-117.2937101437624,33.93962925682934]]]},"properties":{"h3":"8929a002e13ffff","count":4,"c3":1,"c6":1,"c12":2,"c24":4,"score":2.3,"risk":4,"peakDay":"Monday","peakTime":"afternoon","hood":"Sycamore Canyon/Canyon Springs","bk12":{"morning":1,"afternoon":1,"evening":0,"night":0},"bk24":{"morning":2,"afternoon":2,"evening":0,"night":0},"sv12":1,"recent":[{"d":"2026-07-09","day":"Thu","time":"12:59","desc":"Larceny","res":""},{"d":"2025-09-02","day":"Tue","time":"09:15","desc":"Motor Vehicle Theft","res":""},{"d":"2025-06-04","day":"Wed","time":"08:00","desc":"Larceny","res":""},{"d":"2025-03-03","day":"Mon","time":"14:00","desc":"Larceny","res":""}]}},{"type":"Feature","geometry":{"type":"Polygon","coordinates":[[[-117.36352016493102,33.96437295149204],[-117.36237876505336,33.966064265274696],[-117.36355522474791,33.96769391879212],[-117.36587309880933,33.96763223411031],[-117.36701444480427,33.96594091189675],[-117.36583797062328,33.964311282795734],[-117.36352016493102,33.96437295149204],[-117.36352016493102,33.96437295149204]]]},"properties":{"h3":"8929a015a6fffff","count":3,"c3":0,"c6":0,"c12":0,"c24":3,"score":1.1,"risk":2,"peakDay":"Monday","peakTime":"afternoon","hood":"Eastside","bk12":{"morning":0,"afternoon":0,"evening":0,"night":0},"bk24":{"morning":0,"afternoon":1,"evening":1,"night":1},"recent":[{"d":"2025-03-21","day":"Fri","time":"19:31","desc":"Motor Vehicle Theft","res":""},{"d":"2025-03-03","day":"Mon","time":"16:00","desc":"Larceny","res":""},{"d":"2024-12-04","day":"Wed","time":"04:33","desc":"Motor Vehicle Theft","res":""}]}},{"type":"Feature","geometry":{"type":"Polygon","coordinates":[[[-117.34608399109962,33.959852352127356],[-117.34494228879264,33.96154360023035],[-117.34611853503019,33.963173533478965],[-117.34843649811675,33.963112194214325],[-117.34957814658767,33.9614209376546],[-117.34840188581092,33.95979102881605],[-117.34608399109962,33.959852352127356],[-117.34608399109962,33.959852352127356]]]},"properties":{"h3":"8929a00298fffff","count":4,"c3":0,"c6":0,"c12":1,"c24":4,"score":1.9,"risk":4,"peakDay":"Monday","peakTime":"evening","hood":"Canyon Crest","bk12":{"morning":0,"afternoon":0,"evening":1,"night":0},"bk24":{"morning":0,"afternoon":0,"evening":4,"night":0},"sv12":1,"recent":[{"d":"2026-01-06","day":"Tue","time":"19:49","desc":"Motor Vehicle Theft","res":""},{"d":"2025-06-04","day":"Wed","time":"19:00","desc":"Motor Vehicle Theft","res":""},{"d":"2025-03-30","day":"Sun","time":"17:15","desc":"Larceny","res":""},{"d":"2025-03-03","day":"Mon","time":"18:00","desc":"Larceny","res":""}]}},{"type":"Feature","geometry":{"type":"Polygon","coordinates":[[[-117.32837577335833,33.92875542081581],[-117.32723403425364,33.93044679038625],[-117.3284097853031,33.932077317912146],[-117.33072729004606,33.93201645144601],[-117.33186897538765,33.93032507338219],[-117.33069320975218,33.92869457027771],[-117.32837577335833,33.92875542081581],[-117.32837577335833,33.92875542081581]]]},"properties":{"h3":"8929a002ca3ffff","count":1,"c3":0,"c6":0,"c12":0,"c24":1,"score":0.4,"risk":1,"peakDay":"Wednesday","peakTime":"morning","hood":"Mission Grove","bk12":{"morning":0,"afternoon":0,"evening":0,"night":0},"bk24":{"morning":1,"afternoon":0,"evening":0,"night":0},"recent":[{"d":"2025-03-05","day":"Wed","time":"08:00","desc":"Larceny","res":""}]}},{"type":"Feature","geometry":{"type":"Polygon","coordinates":[[[-117.30405780334748,33.93105280520181],[-117.30291555539632,33.93274402165006],[-117.30409109851364,33.93437483793351],[-117.3064089042468,33.93431441336192],[-117.30755109849176,33.93262318838769],[-117.3063755407126,33.930992396510895],[-117.30405780334748,33.93105280520181],[-117.30405780334748,33.93105280520181]]]},"properties":{"h3":"8929a002c5bffff","count":1,"c3":0,"c6":0,"c12":0,"c24":1,"score":0.4,"risk":1,"peakDay":"Wednesday","peakTime":"evening","hood":"Sycamore Canyon/Canyon Springs","bk12":{"morning":0,"afternoon":0,"evening":0,"night":0},"bk24":{"morning":0,"afternoon":0,"evening":1,"night":0},"recent":[{"d":"2025-03-05","day":"Wed","time":"21:15","desc":"Larceny","res":""}]}},{"type":"Feature","geometry":{"type":"Polygon","coordinates":[[[-117.35282914752302,33.93974013382637],[-117.35168778497028,33.94143156273644],[-117.35286388424335,33.94306164403678],[-117.35518136058516,33.94300027199962],[-117.35632266930482,33.94130883463421],[-117.35514655551854,33.93967877776112],[-117.35282914752302,33.93974013382637],[-117.35282914752302,33.93974013382637]]]},"properties":{"h3":"8929a002da3ffff","count":3,"c3":0,"c6":0,"c12":1,"c24":3,"score":1.4,"risk":3,"peakDay":"Thursday","peakTime":"night","hood":"Canyon Crest","bk12":{"morning":0,"afternoon":0,"evening":0,"night":1},"bk24":{"morning":0,"afternoon":0,"evening":0,"night":3},"recent":[{"d":"2025-10-17","day":"Fri","time":"04:24","desc":"Larceny","res":""},{"d":"2025-05-13","day":"Tue","time":"00:00","desc":"Larceny","res":""},{"d":"2025-03-06","day":"Thu","time":"02:56","desc":"Larceny","res":""}]}},{"type":"Feature","geometry":{"type":"Polygon","coordinates":[[[-117.39126038980635,33.95698836019406],[-117.39011961996697,33.95867988181396],[-117.39129626570127,33.9603092610661],[-117.39361369567636,33.96024709426186],[-117.3947544115728,33.958555564246424],[-117.39357775143989,33.95692620943061],[-117.39126038980635,33.95698836019406],[-117.39126038980635,33.95698836019406]]]},"properties":{"h3":"8929a015b8bffff","count":3,"c3":0,"c6":0,"c12":0,"c24":3,"score":1.3,"risk":2,"peakDay":"Thursday","peakTime":"night","hood":"Magnolia Center","bk12":{"morning":0,"afternoon":0,"evening":0,"night":0},"bk24":{"morning":0,"afternoon":1,"evening":0,"night":2},"recent":[{"d":"2025-07-24","day":"Thu","time":"15:47","desc":"Motor Vehicle Theft","res":""},{"d":"2025-04-17","day":"Thu","time":"22:00","desc":"Larceny","res":""},{"d":"2025-03-07","day":"Fri","time":"00:00","desc":"Larceny","res":""}]}},{"type":"Feature","geometry":{"type":"Polygon","coordinates":[[[-117.35352427254153,34.0061583945274],[-117.35238224667529,34.007849353763774],[-117.3535590503917,34.009478646089626],[-117.35587789450537,34.00941695479603],[-117.35701986647294,34.00772598713131],[-117.3558430482283,34.00609671918839],[-117.35352427254153,34.0061583945274],[-117.35352427254153,34.0061583945274]]]},"properties":{"h3":"8929a0072b3ffff","count":9,"c3":0,"c6":3,"c12":4,"c24":9,"score":4.8,"risk":9,"peakDay":"Thursday","peakTime":"night","hood":"Northside","bk12":{"morning":2,"afternoon":0,"evening":0,"night":2},"bk24":{"morning":3,"afternoon":1,"evening":1,"night":4},"sv12":2,"recent":[{"d":"2026-05-01","day":"Fri","time":"10:29","desc":"Motor Vehicle Theft","res":""},{"d":"2026-04-16","day":"Thu","time":"01:50","desc":"Larceny","res":""},{"d":"2026-04-16","day":"Thu","time":"01:50","desc":"Larceny","res":""},{"d":"2025-11-13","day":"Thu","time":"07:03","desc":"Motor Vehicle Theft","res":""},{"d":"2025-06-21","day":"Sat","time":"15:15","desc":"Larceny","res":""},{"d":"2025-03-08","day":"Sat","time":"04:45","desc":"Larceny","res":""},{"d":"2024-12-26","day":"Thu","time":"06:45","desc":"Motor Vehicle Theft","res":""},{"d":"2024-11-01","day":"Fri","time":"00:00","desc":"Motor Vehicle Theft","res":""},{"d":"2024-09-09","day":"Mon","time":"20:00","desc":"Motor Vehicle Theft","res":""}]}},{"type":"Feature","geometry":{"type":"Polygon","coordinates":[[[-117.34594583581129,33.94656699849983],[-117.34480426615471,33.94825834031282],[-117.34598037156863,33.949888431098785],[-117.34829806117823,33.94982715565266],[-117.34943957701186,33.948135805377525],[-117.34826345706166,33.94650573901049],[-117.34594583581129,33.94656699849983],[-117.34594583581129,33.94656699849983]]]},"properties":{"h3":"8929a002d3bffff","count":1,"c3":0,"c6":0,"c12":0,"c24":1,"score":0.4,"risk":1,"peakDay":"Saturday","peakTime":"morning","hood":"Canyon Crest","bk12":{"morning":0,"afternoon":0,"evening":0,"night":0},"bk24":{"morning":1,"afternoon":0,"evening":0,"night":0},"recent":[{"d":"2025-03-08","day":"Sat","time":"08:30","desc":"Larceny","res":""}]}},{"type":"Feature","geometry":{"type":"Polygon","coordinates":[[[-117.4881800828727,33.92113548953041],[-117.48704161908641,33.922827803394384],[-117.48821880479778,33.924456339716556],[-117.49053446838782,33.92439253766233],[-117.49167287803142,33.922700215522774],[-117.4904956782305,33.921071703712855],[-117.4881800828727,33.92113548953041],[-117.4881800828727,33.92113548953041]]]},"properties":{"h3":"8929a014d77ffff","count":3,"c3":2,"c6":2,"c12":2,"c24":3,"score":2.1,"risk":4,"peakDay":"Sunday","peakTime":"morning","hood":"La Sierra","bk12":{"morning":2,"afternoon":0,"evening":0,"night":0},"bk24":{"morning":3,"afternoon":0,"evening":0,"night":0},"sv12":1,"recent":[{"d":"2026-05-17","day":"Sun","time":"08:59","desc":"Motor Vehicle Theft","res":""},{"d":"2026-05-17","day":"Sun","time":"08:59","desc":"Larceny","res":""},{"d":"2025-03-08","day":"Sat","time":"10:00","desc":"Larceny","res":""}]}},{"type":"Feature","geometry":{"type":"Polygon","coordinates":[[[-117.38758758349576,33.938815296649636],[-117.38644692526749,33.940506926685956],[-117.38762334523935,33.94213656681268],[-117.38994043784759,33.9420745524563],[-117.3910810421593,33.94038291401224],[-117.38990460778211,33.938753298332124],[-117.38758758349576,33.938815296649636],[-117.38758758349576,33.938815296649636]]]},"properties":{"h3":"8929a01581bffff","count":2,"c3":0,"c6":0,"c12":0,"c24":2,"score":0.8,"risk":1,"peakDay":"Saturday","peakTime":"afternoon","hood":"Victoria","bk12":{"morning":0,"afternoon":0,"evening":0,"night":0},"bk24":{"morning":0,"afternoon":1,"evening":1,"night":0},"recent":[{"d":"2025-03-17","day":"Mon","time":"19:00","desc":"Larceny","res":""},{"d":"2025-03-08","day":"Sat","time":"13:00","desc":"Larceny","res":""}]}},{"type":"Feature","geometry":{"type":"Polygon","coordinates":[[[-117.29318253117319,33.88646958203612],[-117.29204052054098,33.88816105285919],[-117.29321549233576,33.889792530579655],[-117.29553248944939,33.88973251304611],[-117.2966744464445,33.88804103366442],[-117.29549945996588,33.88640958037473],[-117.29318253117319,33.88646958203612],[-117.29318253117319,33.88646958203612]]]},"properties":{"h3":"8929a00259bffff","count":2,"c3":0,"c6":0,"c12":1,"c24":2,"score":0.9,"risk":2,"peakDay":"Sunday","peakTime":"morning","hood":"Orangecrest","bk12":{"morning":1,"afternoon":0,"evening":0,"night":0},"bk24":{"morning":2,"afternoon":0,"evening":0,"night":0},"recent":[{"d":"2025-10-13","day":"Mon","time":"07:26","desc":"Larceny","res":""},{"d":"2025-03-09","day":"Sun","time":"11:24","desc":"Larceny","res":""}]}},{"type":"Feature","geometry":{"type":"Polygon","coordinates":[[[-117.30372495997415,33.897829034253434],[-117.30258304392574,33.89952048417092],[-117.30375823545417,33.90115169279127],[-117.30607535768793,33.90109142706513],[-117.30721722006271,33.89939996860805],[-117.30604201388014,33.89776878441656],[-117.30372495997415,33.897829034253434],[-117.30372495997415,33.897829034253434]]]},"properties":{"h3":"8929a0025afffff","count":1,"c3":0,"c6":0,"c12":0,"c24":1,"score":0.4,"risk":1,"peakDay":"Sunday","peakTime":"afternoon","hood":"Orangecrest","bk12":{"morning":0,"afternoon":0,"evening":0,"night":0},"bk24":{"morning":0,"afternoon":1,"evening":0,"night":0},"recent":[{"d":"2025-03-09","day":"Sun","time":"12:00","desc":"Larceny","res":""}]}},{"type":"Feature","geometry":{"type":"Polygon","coordinates":[[[-117.28978924086124,33.89486681810053],[-117.28864707702377,33.89655821051204],[-117.28982210439742,33.89818963435262],[-117.2921393103078,33.89812964135825],[-117.2932814205084,33.89643824038676],[-117.29210637843826,33.89480684096947],[-117.28978924086124,33.89486681810053],[-117.28978924086124,33.89486681810053]]]},"properties":{"h3":"8929a00251bffff","count":1,"c3":0,"c6":0,"c12":0,"c24":1,"score":0.4,"risk":1,"peakDay":"Sunday","peakTime":"afternoon","hood":"Orangecrest","bk12":{"morning":0,"afternoon":0,"evening":0,"night":0},"bk24":{"morning":0,"afternoon":1,"evening":0,"night":0},"recent":[{"d":"2025-03-09","day":"Sun","time":"14:18","desc":"Larceny","res":""}]}},{"type":"Feature","geometry":{"type":"Polygon","coordinates":[[[-117.33532800618373,33.928572740718685],[-117.33418640777718,33.93026415063502],[-117.33536222317107,33.93189459001752],[-117.3376796515388,33.93183359505823],[-117.33882119616548,33.93014217665803],[-117.33764536620713,33.92851176170084],[-117.33532800618373,33.928572740718685],[-117.33532800618373,33.928572740718685]]]},"properties":{"h3":"8929a01536bffff","count":1,"c3":0,"c6":0,"c12":0,"c24":1,"score":0.4,"risk":1,"peakDay":"Wednesday","peakTime":"afternoon","hood":"Mission Grove","bk12":{"morning":0,"afternoon":0,"evening":0,"night":0},"bk24":{"morning":0,"afternoon":1,"evening":0,"night":0},"recent":[{"d":"2025-03-12","day":"Wed","time":"14:45","desc":"Larceny","res":""}]}},{"type":"Feature","geometry":{"type":"Polygon","coordinates":[[[-117.45704932214309,33.93361588374186],[-117.4559101074441,33.93530793725387],[-117.45708713059467,33.93693673347678],[-117.45940338263607,33.93687345170021],[-117.46054254325551,33.935181389874415],[-117.4593655059159,33.93355261813879],[-117.45704932214309,33.93361588374186],[-117.45704932214309,33.93361588374186]]]},"properties":{"h3":"8929a01487bffff","count":5,"c3":0,"c6":1,"c12":2,"c24":5,"score":2.5,"risk":5,"peakDay":"Monday","peakTime":"morning","hood":"Arlanza","bk12":{"morning":1,"afternoon":0,"evening":0,"night":1},"bk24":{"morning":2,"afternoon":0,"evening":1,"night":2},"sv12":1,"recent":[{"d":"2026-04-17","day":"Fri","time":"06:04","desc":"Motor Vehicle Theft","res":""},{"d":"2025-09-08","day":"Mon","time":"02:57","desc":"Larceny","res":""},{"d":"2025-07-22","day":"Tue","time":"08:32","desc":"Larceny","res":""},{"d":"2025-03-12","day":"Wed","time":"17:30","desc":"Larceny","res":""},{"d":"2024-08-12","day":"Mon","time":"23:00","desc":"Motor Vehicle Theft","res":""}]}},{"type":"Feature","geometry":{"type":"Polygon","coordinates":[[[-117.32823974569388,33.9154672060974],[-117.3270981392511,33.9171586690508],[-117.32827374959318,33.91878935368584],[-117.33059098096375,33.918728550937004],[-117.33173253365645,33.917037079484764],[-117.33055690873142,33.91540641928004],[-117.32823974569388,33.9154672060974],[-117.32823974569388,33.9154672060974]]]},"properties":{"h3":"8929a015227ffff","count":9,"c3":0,"c6":1,"c12":2,"c24":9,"score":4.3,"risk":8,"peakDay":"Friday","peakTime":"evening","hood":"Mission Grove","bk12":{"morning":1,"afternoon":0,"evening":1,"night":0},"bk24":{"morning":2,"afternoon":1,"evening":3,"night":3},"sv12":1,"recent":[{"d":"2026-04-03","day":"Fri","time":"05:32","desc":"Larceny","res":""},{"d":"2025-08-29","day":"Fri","time":"19:27","desc":"Motor Vehicle Theft","res":""},{"d":"2025-07-28","day":"Mon","time":"22:00","desc":"Larceny","res":""},{"d":"2025-05-27","day":"Tue","time":"20:00","desc":"Larceny","res":""},{"d":"2025-05-25","day":"Sun","time":"10:17","desc":"Larceny","res":""},{"d":"2025-05-04","day":"Sun","time":"23:00","desc":"Larceny","res":""},{"d":"2025-04-21","day":"Mon","time":"00:30","desc":"Larceny","res":""},{"d":"2025-03-28","day":"Fri","time":"12:00","desc":"Larceny","res":""},{"d":"2025-03-13","day":"Thu","time":"18:11","desc":"Larceny","res":""}]}},{"type":"Feature","geometry":{"type":"Polygon","coordinates":[[[-117.29677364617297,33.898009526938345],[-117.29563158961925,33.89970093646436],[-117.29680671666003,33.901332233117145],[-117.29912391493303,33.90127209581881],[-117.3002659178299,33.89958067774369],[-117.2990907761134,33.89794940551586],[-117.29677364617297,33.898009526938345],[-117.29677364617297,33.898009526938345]]]},"properties":{"h3":"8929a002507ffff","count":1,"c3":0,"c6":0,"c12":0,"c24":1,"score":0.4,"risk":1,"peakDay":"Friday","peakTime":"morning","hood":"Orangecrest","bk12":{"morning":0,"afternoon":0,"evening":0,"night":0},"bk24":{"morning":1,"afternoon":0,"evening":0,"night":0},"recent":[{"d":"2025-03-14","day":"Fri","time":"05:00","desc":"Larceny","res":""}]}},{"type":"Feature","geometry":{"type":"Polygon","coordinates":[[[-117.36058547849554,34.01593366136028],[-117.35944349407612,34.017624590239926],[-117.36062046783368,34.019253675548164],[-117.3629394405224,34.01919180759646],[-117.36408137101657,34.017500870302044],[-117.36290438275009,34.01587180937395],[-117.36058547849554,34.01593366136028],[-117.36058547849554,34.01593366136028]]]},"properties":{"h3":"8929a0073c3ffff","count":2,"c3":0,"c6":0,"c12":0,"c24":2,"score":0.8,"risk":1,"peakDay":"Friday","peakTime":"afternoon","hood":"Northside","bk12":{"morning":0,"afternoon":0,"evening":0,"night":0},"bk24":{"morning":0,"afternoon":2,"evening":0,"night":0},"recent":[{"d":"2025-03-14","day":"Fri","time":"12:00","desc":"Larceny","res":""},{"d":"2025-03-10","day":"Mon","time":"16:00","desc":"Motor Vehicle Theft","res":""}]}},{"type":"Feature","geometry":{"type":"Polygon","coordinates":[[[-117.42204603966088,33.91131034008598],[-117.42090635080964,33.91300235660404],[-117.42208280866313,33.91463187014881],[-117.42439896966228,33.91456934269167],[-117.42553860454005,33.91287731780263],[-117.4243621323949,33.91124782874156],[-117.42204603966088,33.91131034008598],[-117.42204603966088,33.91131034008598]]]},"properties":{"h3":"8929a014323ffff","count":6,"c3":0,"c6":1,"c12":3,"c24":6,"score":3.3,"risk":6,"peakDay":"Monday","peakTime":"morning","hood":"Presidential Park","bk12":{"morning":3,"afternoon":0,"evening":0,"night":0},"bk24":{"morning":3,"afternoon":1,"evening":0,"night":2},"sv12":1,"recent":[{"d":"2026-04-26","day":"Sun","time":"06:20","desc":"Larceny","res":""},{"d":"2026-01-10","day":"Sat","time":"08:19","desc":"Motor Vehicle Theft","res":""},{"d":"2026-01-10","day":"Sat","time":"08:19","desc":"Larceny","res":""},{"d":"2025-03-24","day":"Mon","time":"02:44","desc":"Larceny","res":""},{"d":"2025-03-14","day":"Fri","time":"12:56","desc":"Larceny","res":""},{"d":"2025-03-03","day":"Mon","time":"02:20","desc":"Motor Vehicle Theft","res":""}]}},{"type":"Feature","geometry":{"type":"Polygon","coordinates":[[[-117.327831855703,33.875596560337726],[-117.32669064706127,33.87728830241092],[-117.32786583548302,33.87891945742684],[-117.3301822471231,33.87885884591239],[-117.33132340205391,33.87716709532397],[-117.33014819905836,33.87553596476505],[-117.327831855703,33.875596560337726],[-117.327831855703,33.875596560337726]]]},"properties":{"h3":"8929a01544bffff","count":2,"c3":0,"c6":0,"c12":0,"c24":2,"score":0.8,"risk":2,"peakDay":"Monday","peakTime":"morning","hood":"Orangecrest","bk12":{"morning":0,"afternoon":0,"evening":0,"night":0},"bk24":{"morning":2,"afternoon":0,"evening":0,"night":0},"recent":[{"d":"2025-04-18","day":"Fri","time":"09:51","desc":"Motor Vehicle Theft","res":""},{"d":"2025-03-17","day":"Mon","time":"05:15","desc":"Larceny","res":""}]}},{"type":"Feature","geometry":{"type":"Polygon","coordinates":[[[-117.47797089276997,33.939686299679195],[-117.47683203569414,33.941378426241045],[-117.4780093201238,33.94300687833177],[-117.48032547575797,33.942943179366175],[-117.48146427869787,33.94125104452187],[-117.48028698014235,33.93962261692543],[-117.47797089276997,33.939686299679195],[-117.47797089276997,33.939686299679195]]]},"properties":{"h3":"8929a014943ffff","count":3,"c3":0,"c6":0,"c12":1,"c24":3,"score":1.3,"risk":2,"peakDay":"Monday","peakTime":"evening","hood":"La Sierra Acres","bk12":{"morning":0,"afternoon":0,"evening":1,"night":0},"bk24":{"morning":0,"afternoon":0,"evening":2,"night":1},"sv12":1,"recent":[{"d":"2025-10-08","day":"Wed","time":"18:50","desc":"Motor Vehicle Theft","res":""},{"d":"2025-03-17","day":"Mon","time":"22:00","desc":"Larceny","res":""},{"d":"2024-12-09","day":"Mon","time":"19:00","desc":"Motor Vehicle Theft","res":""}]}},{"type":"Feature","geometry":{"type":"Polygon","coordinates":[[[-117.32467920872635,33.90725260364632],[-117.32353761486945,33.9089441047199],[-117.32471310511121,33.91057493151724],[-117.32703020380454,33.91051423280689],[-117.32817174392787,33.908822723226315],[-117.32699623909426,33.90719192086291],[-117.32467920872635,33.90725260364632],[-117.32467920872635,33.90725260364632]]]},"properties":{"h3":"8929a0152abffff","count":1,"c3":0,"c6":0,"c12":0,"c24":1,"score":0.4,"risk":1,"peakDay":"Wednesday","peakTime":"morning","hood":"Mission Grove","bk12":{"morning":0,"afternoon":0,"evening":0,"night":0},"bk24":{"morning":1,"afternoon":0,"evening":0,"night":0},"recent":[{"d":"2025-03-19","day":"Wed","time":"07:30","desc":"Larceny","res":""}]}},{"type":"Feature","geometry":{"type":"Polygon","coordinates":[[[-117.30738413459402,33.9160123607395],[-117.30624210630826,33.9177037025891],[-117.30741752342355,33.9193346515101],[-117.30973498347504,33.91927423416269],[-117.31087695806092,33.91758288378572],[-117.30970152629797,33.91595195928334],[-117.30738413459402,33.9160123607395],[-117.30738413459402,33.9160123607395]]]},"properties":{"h3":"8929a0021b7ffff","count":2,"c3":0,"c6":0,"c12":0,"c24":2,"score":0.7,"risk":1,"peakDay":"Wednesday","peakTime":"afternoon","hood":"Mission Grove","bk12":{"morning":0,"afternoon":0,"evening":0,"night":0},"bk24":{"morning":0,"afternoon":2,"evening":0,"night":0},"recent":[{"d":"2025-03-19","day":"Wed","time":"14:16","desc":"Larceny","res":""},{"d":"2025-02-06","day":"Thu","time":"15:00","desc":"Motor Vehicle Theft","res":""}]}},{"type":"Feature","geometry":{"type":"Polygon","coordinates":[[[-117.46418788464521,33.95002933772209],[-117.4630486460579,33.95172131477526],[-117.46422590913876,33.95334982534188],[-117.46654242498083,33.95328633437516],[-117.46768160945545,33.95159434902453],[-117.46650433220351,33.94996586293789],[-117.46418788464521,33.95002933772209],[-117.46418788464521,33.95002933772209]]]},"properties":{"h3":"8929a014b03ffff","count":5,"c3":0,"c6":0,"c12":3,"c24":5,"score":2.6,"risk":5,"peakDay":"Wednesday","peakTime":"afternoon","hood":"Arlanza","bk12":{"morning":2,"afternoon":0,"evening":0,"night":1},"bk24":{"morning":2,"afternoon":2,"evening":0,"night":1},"sv12":3,"recent":[{"d":"2025-11-24","day":"Mon","time":"06:50","desc":"Motor Vehicle Theft","res":""},{"d":"2025-10-30","day":"Thu","time":"00:37","desc":"Motor Vehicle Theft","res":""},{"d":"2025-09-26","day":"Fri","time":"07:12","desc":"Motor Vehicle Theft","res":""},{"d":"2025-04-29","day":"Tue","time":"16:00","desc":"Motor Vehicle Theft","res":""},{"d":"2025-03-19","day":"Wed","time":"16:30","desc":"Larceny","res":""}]}},{"type":"Feature","geometry":{"type":"Polygon","coordinates":[[[-117.3840941701729,33.93724754324198],[-117.38295345803807,33.93893916486509],[-117.38412982837612,33.94056886881007],[-117.38644692526749,33.940506926685956],[-117.38758758349576,33.938815296649636],[-117.38641119874195,33.937185617150455],[-117.3840941701729,33.93724754324198],[-117.3840941701729,33.93724754324198]]]},"properties":{"h3":"8929a0158cfffff","count":2,"c3":0,"c6":0,"c12":1,"c24":2,"score":1,"risk":2,"peakDay":"Thursday","peakTime":"morning","hood":"Victoria","bk12":{"morning":1,"afternoon":0,"evening":0,"night":0},"bk24":{"morning":2,"afternoon":0,"evening":0,"night":0},"recent":[{"d":"2025-12-15","day":"Mon","time":"08:20","desc":"Larceny","res":""},{"d":"2025-03-20","day":"Thu","time":"07:00","desc":"Larceny","res":""}]}},{"type":"Feature","geometry":{"type":"Polygon","coordinates":[[[-117.38398720821553,33.92728319045086],[-117.38284659539403,33.92897488203188],[-117.38402286009276,33.93060470404182],[-117.38633975202933,33.930542810018096],[-117.38748031095416,33.92885111001981],[-117.38630403184189,33.927221312462336],[-117.38398720821553,33.92728319045086],[-117.38398720821553,33.92728319045086]]]},"properties":{"h3":"8929a015c6bffff","count":1,"c3":0,"c6":0,"c12":0,"c24":1,"score":0.4,"risk":1,"peakDay":"Thursday","peakTime":"morning","hood":"Hawarden Hills","bk12":{"morning":0,"afternoon":0,"evening":0,"night":0},"bk24":{"morning":1,"afternoon":0,"evening":0,"night":0},"recent":[{"d":"2025-03-20","day":"Thu","time":"07:55","desc":"Larceny","res":""}]}},{"type":"Feature","geometry":{"type":"Polygon","coordinates":[[[-117.44972470169377,33.90059299882733],[-117.44858567600151,33.90228524445218],[-117.44976228310364,33.90391452272968],[-117.45207793010414,33.903851530876395],[-117.45321690176635,33.9021592769146],[-117.4520402804609,33.90053002314285],[-117.44972470169377,33.90059299882733],[-117.44972470169377,33.90059299882733]]]},"properties":{"h3":"8929a014127ffff","count":3,"c3":1,"c6":1,"c12":2,"c24":3,"score":1.9,"risk":4,"peakDay":"Saturday","peakTime":"morning","hood":"Arlington South","bk12":{"morning":1,"afternoon":0,"evening":1,"night":0},"bk24":{"morning":2,"afternoon":0,"evening":1,"night":0},"recent":[{"d":"2026-07-09","day":"Thu","time":"18:30","desc":"Larceny","res":""},{"d":"2025-10-15","day":"Wed","time":"11:04","desc":"Larceny","res":""},{"d":"2025-03-22","day":"Sat","time":"05:00","desc":"Larceny","res":""}]}},{"type":"Feature","geometry":{"type":"Polygon","coordinates":[[[-117.43267220041194,33.92929594452114],[-117.43153254135022,33.93098789318946],[-117.43270928865358,33.93261705780055],[-117.43502570928477,33.93255424926593],[-117.43616531433003,33.9308622922484],[-117.43498855276329,33.92923315211452],[-117.43267220041194,33.92929594452114],[-117.43267220041194,33.92929594452114]]]},"properties":{"h3":"8929a014ad3ffff","count":4,"c3":0,"c6":1,"c12":2,"c24":4,"score":2.3,"risk":4,"peakDay":"Monday","peakTime":"night","hood":"Ramona","bk12":{"morning":0,"afternoon":0,"evening":0,"night":2},"bk24":{"morning":0,"afternoon":0,"evening":1,"night":3},"sv12":1,"recent":[{"d":"2026-04-13","day":"Mon","time":"23:33","desc":"Motor Vehicle Theft","res":""},{"d":"2026-01-12","day":"Mon","time":"04:41","desc":"Larceny","res":""},{"d":"2025-03-30","day":"Sun","time":"02:02","desc":"Motor Vehicle Theft","res":""},{"d":"2025-03-22","day":"Sat","time":"19:45","desc":"Larceny","res":""}]}},{"type":"Feature","geometry":{"type":"Polygon","coordinates":[[[-117.41862685304322,33.916386334832346],[-117.4174870441256,33.918078296533075],[-117.4186635228968,33.91970779522578],[-117.42097982489193,33.91964530773914],[-117.42211957983942,33.917953337664684],[-117.42094308676472,33.91632386345042],[-117.41862685304322,33.916386334832346],[-117.41862685304322,33.916386334832346]]]},"properties":{"h3":"8929a015d93ffff","count":1,"c3":0,"c6":0,"c12":0,"c24":1,"score":0.4,"risk":1,"peakDay":"Sunday","peakTime":"morning","hood":"Presidential Park","bk12":{"morning":0,"afternoon":0,"evening":0,"night":0},"bk24":{"morning":1,"afternoon":0,"evening":0,"night":0},"recent":[{"d":"2025-03-23","day":"Sun","time":"09:54","desc":"Larceny","res":""}]}},{"type":"Feature","geometry":{"type":"Polygon","coordinates":[[[-117.42917913148663,33.92772946072528],[-117.4280394184184,33.929421401038944],[-117.42921611621186,33.93105062950932],[-117.43153254135022,33.93098789318946],[-117.43267220041194,33.92929594452114],[-117.43149548834467,33.92766674052717],[-117.42917913148663,33.92772946072528],[-117.42917913148663,33.92772946072528]]]},"properties":{"h3":"8929a015da7ffff","count":11,"c3":1,"c6":3,"c12":7,"c24":11,"score":6.4,"risk":12,"peakDay":"Wednesday","peakTime":"morning","hood":"Ramona","bk12":{"morning":4,"afternoon":2,"evening":0,"night":1},"bk24":{"morning":6,"afternoon":3,"evening":1,"night":1},"sv12":5,"recent":[{"d":"2026-06-19","day":"Fri","time":"22:47","desc":"Motor Vehicle Theft","res":""},{"d":"2026-04-01","day":"Wed","time":"08:29","desc":"Larceny","res":""},{"d":"2026-03-18","day":"Wed","time":"11:44","desc":"Motor Vehicle Theft","res":""},{"d":"2026-01-27","day":"Tue","time":"08:17","desc":"Larceny","res":""},{"d":"2025-12-13","day":"Sat","time":"12:24","desc":"Motor Vehicle Theft","res":""},{"d":"2025-12-10","day":"Wed","time":"12:32","desc":"Motor Vehicle Theft","res":""},{"d":"2025-09-19","day":"Fri","time":"09:49","desc":"Motor Vehicle Theft","res":""},{"d":"2025-05-13","day":"Tue","time":"19:30","desc":"Motor Vehicle Theft","res":""},{"d":"2025-03-23","day":"Sun","time":"10:01","desc":"Larceny","res":""},{"d":"2024-11-24","day":"Sun","time":"11:18","desc":"Motor Vehicle Theft","res":""}]}},{"type":"Feature","geometry":{"type":"Polygon","coordinates":[[[-117.37089682205121,34.00403469388605],[-117.36975516527536,34.00572576595372],[-117.37093211201936,34.00735485724312],[-117.37325073001585,34.007292852071],[-117.37439233285288,34.00560177159811],[-117.37321537163503,34.0039727047024],[-117.37089682205121,34.00403469388605],[-117.37089682205121,34.00403469388605]]]},"properties":{"h3":"8929a00703bffff","count":4,"c3":0,"c6":0,"c12":1,"c24":4,"score":1.7,"risk":3,"peakDay":"Monday","peakTime":"morning","hood":"Northside","bk12":{"morning":1,"afternoon":0,"evening":0,"night":0},"bk24":{"morning":3,"afternoon":1,"evening":0,"night":0},"sv12":1,"recent":[{"d":"2025-09-22","day":"Mon","time":"08:07","desc":"Motor Vehicle Theft","res":""},{"d":"2025-04-30","day":"Wed","time":"11:00","desc":"Larceny","res":""},{"d":"2025-03-24","day":"Mon","time":"12:45","desc":"Larceny","res":""},{"d":"2024-12-26","day":"Thu","time":"08:14","desc":"Motor Vehicle Theft","res":""}]}},{"type":"Feature","geometry":{"type":"Polygon","coordinates":[[[-117.49163405490624,33.919379358404605],[-117.4904956782305,33.921071703712855],[-117.49167287803142,33.922700215522774],[-117.4939884685893,33.922636357508964],[-117.49512679111574,33.92094400392921],[-117.49394957723638,33.919315516634605],[-117.49163405490624,33.919379358404605],[-117.49163405490624,33.919379358404605]]]},"properties":{"h3":"8929a014d3bffff","count":2,"c3":0,"c6":0,"c12":1,"c24":2,"score":1.1,"risk":2,"peakDay":"Tuesday","peakTime":"morning","hood":"La Sierra","bk12":{"morning":1,"afternoon":0,"evening":0,"night":0},"bk24":{"morning":2,"afternoon":0,"evening":0,"night":0},"sv12":1,"recent":[{"d":"2026-02-04","day":"Wed","time":"11:03","desc":"Motor Vehicle Theft","res":""},{"d":"2025-03-25","day":"Tue","time":"06:43","desc":"Larceny","res":""}]}},{"type":"Feature","geometry":{"type":"Polygon","coordinates":[[[-117.51286729713401,33.952007534279005],[-117.51172901482666,33.95369976667157],[-117.51290675757247,33.95532761837132],[-117.51522279664931,33.95526321317396],[-117.51636102472462,33.95357097255215],[-117.5151832679579,33.951943145356786],[-117.51286729713401,33.952007534279005],[-117.51286729713401,33.952007534279005]]]},"properties":{"h3":"8929a0a940fffff","count":9,"c3":0,"c6":0,"c12":2,"c24":9,"score":4,"risk":8,"peakDay":"Tuesday","peakTime":"morning","hood":"La Sierra Hills","bk12":{"morning":2,"afternoon":0,"evening":0,"night":0},"bk24":{"morning":5,"afternoon":3,"evening":1,"night":0},"recent":[{"d":"2025-10-15","day":"Wed","time":"09:05","desc":"Larceny","res":""},{"d":"2025-10-07","day":"Tue","time":"08:02","desc":"Larceny","res":""},{"d":"2025-06-24","day":"Tue","time":"10:30","desc":"Motor Vehicle Theft","res":""},{"d":"2025-06-18","day":"Wed","time":"19:30","desc":"Larceny","res":""},{"d":"2025-05-01","day":"Thu","time":"16:39","desc":"Motor Vehicle Theft","res":""},{"d":"2025-04-15","day":"Tue","time":"12:00","desc":"Larceny","res":""},{"d":"2025-04-07","day":"Mon","time":"15:43","desc":"Larceny","res":""},{"d":"2025-03-25","day":"Tue","time":"10:30","desc":"Larceny","res":""},{"d":"2025-03-25","day":"Tue","time":"10:00","desc":"Larceny","res":""}]}},{"type":"Feature","geometry":{"type":"Polygon","coordinates":[[[-117.38441516994384,33.967137213875354],[-117.3832741597655,33.968828625046726],[-117.38445084713531,33.9704579742655],[-117.3867685591086,33.97039588788695],[-117.38790951535081,33.968704468314584],[-117.38673281355858,33.96707514352161],[-117.38441516994384,33.967137213875354],[-117.38441516994384,33.967137213875354]]]},"properties":{"h3":"8929a015b47ffff","count":1,"c3":0,"c6":0,"c12":0,"c24":1,"score":0.4,"risk":1,"peakDay":"Thursday","peakTime":"night","hood":"Wood Streets","bk12":{"morning":0,"afternoon":0,"evening":0,"night":0},"bk24":{"morning":0,"afternoon":0,"evening":0,"night":1},"recent":[{"d":"2025-03-27","day":"Thu","time":"02:38","desc":"Larceny","res":""}]}},{"type":"Feature","geometry":{"type":"Polygon","coordinates":[[[-117.37739114740833,33.96068136235096],[-117.37625006251797,33.962372780127644],[-117.37742661531765,33.96400229653282],[-117.37974426745298,33.963940370734754],[-117.38088529843051,33.96224894454484],[-117.3797087311883,33.96061945256605],[-117.37739114740833,33.96068136235096],[-117.37739114740833,33.96068136235096]]]},"properties":{"h3":"8929a015a27ffff","count":13,"c3":4,"c6":5,"c12":7,"c24":13,"score":7.9,"risk":15,"peakDay":"Wednesday","peakTime":"afternoon","hood":"Magnolia Center","bk12":{"morning":3,"afternoon":2,"evening":1,"night":1},"bk24":{"morning":3,"afternoon":5,"evening":3,"night":2},"sv12":1,"recent":[{"d":"2026-07-01","day":"Wed","time":"17:26","desc":"Larceny","res":""},{"d":"2026-07-01","day":"Wed","time":"11:47","desc":"Larceny","res":""},{"d":"2026-06-09","day":"Tue","time":"01:07","desc":"Motor Vehicle Theft","res":""},{"d":"2026-05-07","day":"Thu","time":"12:00","desc":"Larceny","res":""},{"d":"2026-03-14","day":"Sat","time":"09:12","desc":"Larceny","res":""},{"d":"2026-01-28","day":"Wed","time":"07:09","desc":"Larceny","res":""},{"d":"2025-10-04","day":"Sat","time":"13:55","desc":"Larceny","res":""},{"d":"2025-05-28","day":"Wed","time":"16:48","desc":"Motor Vehicle Theft","res":""},{"d":"2025-05-28","day":"Wed","time":"16:48","desc":"Larceny","res":""},{"d":"2025-03-27","day":"Thu","time":"14:41","desc":"Larceny","res":""}]}},{"type":"Feature","geometry":{"type":"Polygon","coordinates":[[[-117.37400314107946,33.96907642430751],[-117.37286190288,33.970767763366595],[-117.37403851168352,33.97239722530456],[-117.37635637314447,33.97233532376437],[-117.37749755743123,33.97064397629068],[-117.3763209341725,33.969014538771624],[-117.37400314107946,33.96907642430751],[-117.37400314107946,33.96907642430751]]]},"properties":{"h3":"8929a007487ffff","count":1,"c3":0,"c6":0,"c12":0,"c24":1,"score":0.4,"risk":1,"peakDay":"Thursday","peakTime":"evening","hood":"Downtown","bk12":{"morning":0,"afternoon":0,"evening":0,"night":0},"bk24":{"morning":0,"afternoon":0,"evening":1,"night":0},"recent":[{"d":"2025-03-27","day":"Thu","time":"19:44","desc":"Larceny","res":""}]}},{"type":"Feature","geometry":{"type":"Polygon","coordinates":[[[-117.41888358755904,33.93963524270628],[-117.41774354722104,33.941327041526584],[-117.41892027259472,33.94295626461453],[-117.42123705261791,33.942893664419174],[-117.42237703896282,33.94120185723468],[-117.42120029928046,33.93957265860957],[-117.41888358755904,33.93963524270628],[-117.41888358755904,33.93963524270628]]]},"properties":{"h3":"8929a015993ffff","count":2,"c3":0,"c6":0,"c12":1,"c24":2,"score":1,"risk":2,"peakDay":"Friday","peakTime":"afternoon","hood":"Ramona","bk12":{"morning":0,"afternoon":0,"evening":1,"night":0},"bk24":{"morning":0,"afternoon":1,"evening":1,"night":0},"sv12":1,"recent":[{"d":"2025-11-06","day":"Thu","time":"18:15","desc":"Motor Vehicle Theft","res":""},{"d":"2025-03-28","day":"Fri","time":"13:00","desc":"Larceny","res":""}]}},{"type":"Feature","geometry":{"type":"Polygon","coordinates":[[[-117.30425760389141,33.95098406077447],[-117.30311515670596,33.9526751366269],[-117.30429091087758,33.95430571703524],[-117.30660912690385,33.95424519719763],[-117.30775152036344,33.95255411282736],[-117.30657575152541,33.95092355681237],[-117.30425760389141,33.95098406077447],[-117.30425760389141,33.95098406077447]]]},"properties":{"h3":"8929a002e27ffff","count":2,"c3":0,"c6":0,"c12":1,"c24":2,"score":1.1,"risk":2,"peakDay":"Saturday","peakTime":"night","hood":"Canyon Crest","bk12":{"morning":1,"afternoon":0,"evening":0,"night":0},"bk24":{"morning":1,"afternoon":0,"evening":0,"night":1},"recent":[{"d":"2026-01-12","day":"Mon","time":"09:59","desc":"Larceny","res":""},{"d":"2025-03-29","day":"Sat","time":"00:00","desc":"Larceny","res":""}]}},{"type":"Feature","geometry":{"type":"Polygon","coordinates":[[[-117.43597938851117,33.91425606418713],[-117.43483994864567,33.91594813736765],[-117.43601656927781,33.917577434965104],[-117.43833264402754,33.91751463489271],[-117.43947202988304,33.915822553361636],[-117.43829539500156,33.91419328025333],[-117.43597938851117,33.91425606418713],[-117.43597938851117,33.91425606418713]]]},"properties":{"h3":"8929a014e1bffff","count":5,"c3":0,"c6":1,"c12":3,"c24":5,"score":2.8,"risk":5,"peakDay":"Monday","peakTime":"morning","hood":"Arlington South","bk12":{"morning":1,"afternoon":1,"evening":1,"night":0},"bk24":{"morning":2,"afternoon":1,"evening":2,"night":0},"sv12":1,"recent":[{"d":"2026-04-27","day":"Mon","time":"07:01","desc":"Motor Vehicle Theft","res":""},{"d":"2025-10-06","day":"Mon","time":"18:57","desc":"Larceny","res":""},{"d":"2025-09-18","day":"Thu","time":"13:25","desc":"Larceny","res":""},{"d":"2025-08-06","day":"Wed","time":"18:00","desc":"Larceny","res":""},{"d":"2025-03-31","day":"Mon","time":"10:35","desc":"Larceny","res":""}]}},{"type":"Feature","geometry":{"type":"Polygon","coordinates":[[[-117.27976889731883,33.93666778451898],[-117.27862610756625,33.93835882404447],[-117.27980147741411,33.93998988966605],[-117.28211965175589,33.93992989137234],[-117.28326238785597,33.93823884328966],[-117.2820870032696,33.93660780205772],[-117.27976889731883,33.93666778451898],[-117.27976889731883,33.93666778451898]]]},"properties":{"h3":"8929a002337ffff","count":2,"c3":1,"c6":1,"c12":1,"c24":2,"score":1.4,"risk":3,"peakDay":"Wednesday","peakTime":"morning","hood":"Sycamore Canyon/Canyon Springs","bk12":{"morning":0,"afternoon":0,"evening":0,"night":1},"bk24":{"morning":1,"afternoon":0,"evening":0,"night":1},"recent":[{"d":"2026-08-04","day":"Tue","time":"01:34","desc":"Larceny","res":""},{"d":"2025-04-02","day":"Wed","time":"10:00","desc":"Larceny","res":""}]}},{"type":"Feature","geometry":{"type":"Polygon","coordinates":[[[-117.36736617254661,33.999147197889386],[-117.36622449500699,34.00083828510501],[-117.36740135676918,34.00246747988095],[-117.3697199105574,34.00240556304602],[-117.37086153417148,34.0007144674184],[-117.36968465792572,33.99908529703754],[-117.36736617254661,33.999147197889386],[-117.36736617254661,33.999147197889386]]]},"properties":{"h3":"8929a007003ffff","count":4,"c3":0,"c6":0,"c12":1,"c24":4,"score":1.7,"risk":3,"peakDay":"Thursday","peakTime":"night","hood":"Northside","bk12":{"morning":0,"afternoon":0,"evening":1,"night":0},"bk24":{"morning":0,"afternoon":1,"evening":1,"night":2},"sv12":1,"recent":[{"d":"2025-09-02","day":"Tue","time":"18:17","desc":"Motor Vehicle Theft","res":""},{"d":"2025-04-06","day":"Sun","time":"00:00","desc":"Motor Vehicle Theft","res":""},{"d":"2025-04-03","day":"Thu","time":"22:00","desc":"Larceny","res":""},{"d":"2025-01-09","day":"Thu","time":"16:30","desc":"Motor Vehicle Theft","res":""}]}},{"type":"Feature","geometry":{"type":"Polygon","coordinates":[[[-117.35642719629615,33.951273011030985],[-117.35528578813837,33.95296437821412],[-117.35646204274887,33.95459427761585],[-117.35877972002491,33.95453278541283],[-117.35992107432976,33.95284140978385],[-117.35874480521426,33.951211534803555],[-117.35642719629615,33.951273011030985],[-117.35642719629615,33.951273011030985]]]},"properties":{"h3":"8929a015a53ffff","count":2,"c3":0,"c6":0,"c12":0,"c24":2,"score":0.7,"risk":1,"peakDay":"Friday","peakTime":"afternoon","hood":"Victoria","bk12":{"morning":0,"afternoon":0,"evening":0,"night":0},"bk24":{"morning":0,"afternoon":1,"evening":0,"night":1},"recent":[{"d":"2025-04-04","day":"Fri","time":"12:12","desc":"Larceny","res":""},{"d":"2024-10-03","day":"Thu","time":"04:00","desc":"Motor Vehicle Theft","res":""}]}},{"type":"Feature","geometry":{"type":"Polygon","coordinates":[[[-117.35293336384848,33.94970447622505],[-117.3517919018478,33.95139583495692],[-117.35296810673361,33.95302579816183],[-117.35528578813837,33.95296437821412],[-117.35642719629615,33.951273011030985],[-117.35525097689488,33.94964307224668],[-117.35293336384848,33.94970447622505],[-117.35293336384848,33.94970447622505]]]},"properties":{"h3":"8929a002d27ffff","count":2,"c3":0,"c6":0,"c12":0,"c24":2,"score":0.8,"risk":2,"peakDay":"Saturday","peakTime":"night","hood":"Victoria","bk12":{"morning":0,"afternoon":0,"evening":0,"night":0},"bk24":{"morning":1,"afternoon":0,"evening":0,"night":1},"recent":[{"d":"2025-04-06","day":"Sun","time":"06:25","desc":"Motor Vehicle Theft","res":""},{"d":"2025-04-05","day":"Sat","time":"22:30","desc":"Larceny","res":""}]}},{"type":"Feature","geometry":{"type":"Polygon","coordinates":[[[-117.36002593060083,33.96280485496969],[-117.35888447685042,33.96449616031599],[-117.36006088682687,33.966125877676376],[-117.36237876505336,33.966064265274696],[-117.36352016493102,33.96437295149204],[-117.36234374045776,33.962743258547256],[-117.36002593060083,33.96280485496969],[-117.36002593060083,33.96280485496969]]]},"properties":{"h3":"8929a015a6bffff","count":4,"c3":1,"c6":1,"c12":1,"c24":4,"score":1.9,"risk":4,"peakDay":"Sunday","peakTime":"morning","hood":"Eastside","bk12":{"morning":1,"afternoon":0,"evening":0,"night":0},"bk24":{"morning":2,"afternoon":1,"evening":0,"night":1},"recent":[{"d":"2026-06-16","day":"Tue","time":"11:26","desc":"Larceny","res":""},{"d":"2025-04-06","day":"Sun","time":"07:00","desc":"Larceny","res":""},{"d":"2025-01-26","day":"Sun","time":"12:00","desc":"Motor Vehicle Theft","res":""},{"d":"2024-10-22","day":"Tue","time":"02:30","desc":"Motor Vehicle Theft","res":""}]}},{"type":"Feature","geometry":{"type":"Polygon","coordinates":[[[-117.36348510718825,33.96105192132498],[-117.36234374045776,33.962743258547256],[-117.36352016493102,33.96437295149204],[-117.36583797062328,33.964311282795734],[-117.36697928347431,33.9626199371412],[-117.36580284451536,33.96099026861507],[-117.36348510718825,33.96105192132498],[-117.36348510718825,33.96105192132498]]]},"properties":{"h3":"8929a015a63ffff","count":1,"c3":0,"c6":0,"c12":0,"c24":1,"score":0.4,"risk":1,"peakDay":"Sunday","peakTime":"evening","hood":"Eastside","bk12":{"morning":0,"afternoon":0,"evening":0,"night":0},"bk24":{"morning":0,"afternoon":0,"evening":1,"night":0},"recent":[{"d":"2025-04-06","day":"Sun","time":"21:00","desc":"Larceny","res":""}]}},{"type":"Feature","geometry":{"type":"Polygon","coordinates":[[[-117.41892027259472,33.94295626461453],[-117.41778019918897,33.94464804012337],[-117.41895695980001,33.946277223799854],[-117.42127380812902,33.946214607506704],[-117.42241382753838,33.944522823635026],[-117.42123705261791,33.942893664419174],[-117.41892027259472,33.94295626461453],[-117.41892027259472,33.94295626461453]]]},"properties":{"h3":"8929a015983ffff","count":1,"c3":0,"c6":0,"c12":0,"c24":1,"score":0.4,"risk":1,"peakDay":"Thursday","peakTime":"evening","hood":"Ramona","bk12":{"morning":0,"afternoon":0,"evening":0,"night":0},"bk24":{"morning":0,"afternoon":0,"evening":1,"night":0},"recent":[{"d":"2025-04-10","day":"Thu","time":"19:20","desc":"Larceny","res":""}]}},{"type":"Feature","geometry":{"type":"Polygon","coordinates":[[[-117.44318907584942,33.93731552613389],[-117.44204954583199,33.93900747656604],[-117.44322647686622,33.94063641013319],[-117.44554295215355,33.9405733687906],[-117.4466824281213,33.93888141002694],[-117.44550548285419,33.937252500937184],[-117.44318907584942,33.93731552613389],[-117.44318907584942,33.93731552613389]]]},"properties":{"h3":"8929a014a17ffff","count":6,"c3":1,"c6":1,"c12":2,"c24":6,"score":3.2,"risk":6,"peakDay":"Saturday","peakTime":"afternoon","hood":"Ramona","bk12":{"morning":0,"afternoon":1,"evening":1,"night":0},"bk24":{"morning":0,"afternoon":4,"evening":1,"night":1},"recent":[{"d":"2026-07-12","day":"Sun","time":"19:04","desc":"Larceny","res":""},{"d":"2026-01-03","day":"Sat","time":"14:59","desc":"Larceny","res":""},{"d":"2025-06-21","day":"Sat","time":"13:12","desc":"Motor Vehicle Theft","res":""},{"d":"2025-06-21","day":"Sat","time":"13:12","desc":"Larceny","res":""},{"d":"2025-04-11","day":"Fri","time":"14:00","desc":"Larceny","res":""},{"d":"2024-11-20","day":"Wed","time":"23:59","desc":"Motor Vehicle Theft","res":""}]}},{"type":"Feature","geometry":{"type":"Polygon","coordinates":[[[-117.42884636734611,33.897836125940145],[-117.42770695162615,33.89952827512983],[-117.42888333239637,33.9011578576232],[-117.43119914315652,33.901095266430254],[-117.43233850489958,33.89940310887365],[-117.43116210986214,33.897773550876735],[-117.42884636734611,33.897836125940145],[-117.42884636734611,33.897836125940145]]]},"properties":{"h3":"8929a01414fffff","count":1,"c3":0,"c6":0,"c12":0,"c24":1,"score":0.4,"risk":1,"peakDay":"Friday","peakTime":"afternoon","hood":"Arlington Heights","bk12":{"morning":0,"afternoon":0,"evening":0,"night":0},"bk24":{"morning":0,"afternoon":1,"evening":0,"night":0},"recent":[{"d":"2025-04-11","day":"Fri","time":"16:15","desc":"Larceny","res":""}]}},{"type":"Feature","geometry":{"type":"Polygon","coordinates":[[[-117.45314153870281,33.89551615271882],[-117.45200263304324,33.89720845295587],[-117.45317921912088,33.89883774603806],[-117.45549472505233,33.89877471437199],[-117.45663357667856,33.897082405800695],[-117.45545697640945,33.89545313722954],[-117.45314153870281,33.89551615271882],[-117.45314153870281,33.89551615271882]]]},"properties":{"h3":"8929a014cdbffff","count":2,"c3":0,"c6":0,"c12":1,"c24":2,"score":1,"risk":2,"peakDay":"Tuesday","peakTime":"morning","hood":"La Sierra South","bk12":{"morning":0,"afternoon":0,"evening":0,"night":1},"bk24":{"morning":1,"afternoon":0,"evening":0,"night":1},"recent":[{"d":"2025-12-04","day":"Thu","time":"03:10","desc":"Larceny","res":""},{"d":"2025-04-15","day":"Tue","time":"07:16","desc":"Larceny","res":""}]}},{"type":"Feature","geometry":{"type":"Polygon","coordinates":[[[-117.48457149068254,33.90960753465212],[-117.48343307168129,33.91129990970085],[-117.48461010226622,33.912928628107174],[-117.48692556595303,33.912864946946435],[-117.48806393083149,33.9111725636126],[-117.48688688614871,33.90954386972443],[-117.48457149068254,33.90960753465212],[-117.48457149068254,33.90960753465212]]]},"properties":{"h3":"8929a014dc7ffff","count":3,"c3":1,"c6":1,"c12":1,"c24":3,"score":1.7,"risk":3,"peakDay":"Sunday","peakTime":"night","hood":"La Sierra","bk12":{"morning":0,"afternoon":0,"evening":1,"night":0},"bk24":{"morning":1,"afternoon":0,"evening":1,"night":1},"sv12":1,"recent":[{"d":"2026-06-21","day":"Sun","time":"21:01","desc":"Motor Vehicle Theft","res":""},{"d":"2025-05-18","day":"Sun","time":"08:44","desc":"Larceny","res":""},{"d":"2025-04-16","day":"Wed","time":"04:54","desc":"Larceny","res":""}]}},{"type":"Feature","geometry":{"type":"Polygon","coordinates":[[[-117.3497860624465,33.98134675011105],[-117.34864421496184,33.98303786577668],[-117.34982072226637,33.98466749856173],[-117.35213909159168,33.984605991283374],[-117.35328088521061,33.98291486717455],[-117.35210436337272,33.98128525878709],[-117.3497860624465,33.98134675011105],[-117.3497860624465,33.98134675011105]]]},"properties":{"h3":"8929a007687ffff","count":6,"c3":0,"c6":1,"c12":2,"c24":6,"score":2.9,"risk":6,"peakDay":"Wednesday","peakTime":"night","hood":"Hunter Industrial Park","bk12":{"morning":0,"afternoon":1,"evening":0,"night":1},"bk24":{"morning":1,"afternoon":2,"evening":1,"night":2},"recent":[{"d":"2026-04-18","day":"Sat","time":"14:13","desc":"Larceny","res":""},{"d":"2025-11-12","day":"Wed","time":"22:33","desc":"Larceny","res":""},{"d":"2025-05-18","day":"Sun","time":"10:00","desc":"Larceny","res":""},{"d":"2025-04-16","day":"Wed","time":"17:00","desc":"Larceny","res":""},{"d":"2025-01-20","day":"Mon","time":"14:10","desc":"Motor Vehicle Theft","res":""},{"d":"2024-11-24","day":"Sun","time":"03:43","desc":"Motor Vehicle Theft","res":""}]}},{"type":"Feature","geometry":{"type":"Polygon","coordinates":[[[-117.45667136054999,33.900403943634956],[-117.45553247592672,33.902096229072605],[-117.45670914665497,33.90372541901751],[-117.45902471619108,33.90366229901502],[-117.4601635467677,33.90197000524997],[-117.4589868618577,33.900340839814646],[-117.45667136054999,33.900403943634956],[-117.45667136054999,33.900403943634956]]]},"properties":{"h3":"8929a014ccfffff","count":4,"c3":1,"c6":2,"c12":2,"c24":4,"score":2.6,"risk":5,"peakDay":"Friday","peakTime":"night","hood":"La Sierra South","bk12":{"morning":0,"afternoon":0,"evening":0,"night":2},"bk24":{"morning":0,"afternoon":1,"evening":0,"night":3},"sv12":1,"recent":[{"d":"2026-06-05","day":"Fri","time":"23:47","desc":"Larceny","res":""},{"d":"2026-05-06","day":"Wed","time":"22:43","desc":"Motor Vehicle Theft","res":""},{"d":"2025-06-03","day":"Tue","time":"12:40","desc":"Larceny","res":""},{"d":"2025-04-18","day":"Fri","time":"22:00","desc":"Larceny","res":""}]}},{"type":"Feature","geometry":{"type":"Polygon","coordinates":[[[-117.45317921912088,33.89883774603806],[-117.4520402804609,33.90053002314285],[-117.45321690176635,33.9021592769146],[-117.45553247592672,33.902096229072605],[-117.45667136054999,33.900403943634956],[-117.45549472505233,33.89877471437199],[-117.45317921912088,33.89883774603806],[-117.45317921912088,33.89883774603806]]]},"properties":{"h3":"8929a014ccbffff","count":2,"c3":0,"c6":0,"c12":0,"c24":2,"score":0.7,"risk":1,"peakDay":"Saturday","peakTime":"afternoon","hood":"La Sierra South","bk12":{"morning":0,"afternoon":0,"evening":0,"night":0},"bk24":{"morning":1,"afternoon":1,"evening":0,"night":0},"recent":[{"d":"2025-04-19","day":"Sat","time":"15:43","desc":"Larceny","res":""},{"d":"2024-11-02","day":"Sat","time":"06:20","desc":"Motor Vehicle Theft","res":""}]}},{"type":"Feature","geometry":{"type":"Polygon","coordinates":[[[-117.4117873991453,33.926537830712135],[-117.41064735006232,33.92822968264971],[-117.41182387063738,33.92985915158624],[-117.41414045462544,33.92979674411715],[-117.41528044974511,33.928104883800415],[-117.41410391484276,33.92647543933178],[-117.4117873991453,33.926537830712135],[-117.4117873991453,33.926537830712135]]]},"properties":{"h3":"8929a015d1bffff","count":4,"c3":0,"c6":0,"c12":3,"c24":4,"score":2.2,"risk":4,"peakDay":"Tuesday","peakTime":"morning","hood":"Presidential Park","bk12":{"morning":1,"afternoon":2,"evening":0,"night":0},"bk24":{"morning":2,"afternoon":2,"evening":0,"night":0},"sv12":2,"recent":[{"d":"2025-12-09","day":"Tue","time":"12:56","desc":"Motor Vehicle Theft","res":""},{"d":"2025-12-04","day":"Thu","time":"11:10","desc":"Motor Vehicle Theft","res":""},{"d":"2025-09-09","day":"Tue","time":"14:06","desc":"Larceny","res":""},{"d":"2025-04-22","day":"Tue","time":"10:00","desc":"Larceny","res":""}]}},{"type":"Feature","geometry":{"type":"Polygon","coordinates":[[[-117.41564629718793,33.96131471618936],[-117.41450597132939,33.963006343244494],[-117.41568289383468,33.9646353541626],[-117.41800015652554,33.964572713578924],[-117.4191404283779,33.962881078163626],[-117.41796349154835,33.961252091691996],[-117.41564629718793,33.96131471618936],[-117.41564629718793,33.96131471618936]]]},"properties":{"h3":"8929a015967ffff","count":1,"c3":0,"c6":0,"c12":0,"c24":1,"score":0.4,"risk":1,"peakDay":"Thursday","peakTime":"afternoon","hood":"Grand","bk12":{"morning":0,"afternoon":0,"evening":0,"night":0},"bk24":{"morning":0,"afternoon":1,"evening":0,"night":0},"recent":[{"d":"2025-04-24","day":"Thu","time":"16:54","desc":"Larceny","res":""}]}},{"type":"Feature","geometry":{"type":"Polygon","coordinates":[[[-117.35335041416054,33.9895561902162],[-117.35220855419486,33.99124726727205],[-117.35338518172136,33.992876757210084],[-117.35570368374084,33.992815145698074],[-117.35684548982421,33.99112406020715],[-117.35566884777323,33.989494594663114],[-117.35335041416054,33.9895561902162],[-117.35335041416054,33.9895561902162]]]},"properties":{"h3":"8929a0076afffff","count":2,"c3":0,"c6":0,"c12":1,"c24":2,"score":1.1,"risk":2,"peakDay":"Friday","peakTime":"afternoon","hood":"Hunter Industrial Park","bk12":{"morning":0,"afternoon":1,"evening":0,"night":0},"bk24":{"morning":0,"afternoon":2,"evening":0,"night":0},"recent":[{"d":"2026-01-28","day":"Wed","time":"12:52","desc":"Larceny","res":""},{"d":"2025-04-25","day":"Fri","time":"16:30","desc":"Larceny","res":""}]}},{"type":"Feature","geometry":{"type":"Polygon","coordinates":[[[-117.45663357667856,33.897082405800695],[-117.45549472505233,33.89877471437199],[-117.45667136054999,33.900403943634956],[-117.4589868618577,33.900340839814646],[-117.46012565944052,33.89864852291459],[-117.45894900976184,33.89701931816344],[-117.45663357667856,33.897082405800695],[-117.45663357667856,33.897082405800695]]]},"properties":{"h3":"8929a014cc3ffff","count":3,"c3":2,"c6":2,"c12":2,"c24":3,"score":2.2,"risk":4,"peakDay":"Wednesday","peakTime":"morning","hood":"La Sierra South","bk12":{"morning":1,"afternoon":1,"evening":0,"night":0},"bk24":{"morning":2,"afternoon":1,"evening":0,"night":0},"sv12":1,"recent":[{"d":"2026-06-17","day":"Wed","time":"16:52","desc":"Motor Vehicle Theft","res":""},{"d":"2026-05-12","day":"Tue","time":"07:13","desc":"Larceny","res":""},{"d":"2025-04-30","day":"Wed","time":"11:59","desc":"Larceny","res":""}]}},{"type":"Feature","geometry":{"type":"Polygon","coordinates":[[[-117.38102759703331,33.97553208216947],[-117.3798864335366,33.97722341459527],[-117.38106317694593,33.97885270929618],[-117.3833810982899,33.97879064715279],[-117.38452220785067,33.97709930632462],[-117.38334545000619,33.97547003604203],[-117.38102759703331,33.97553208216947],[-117.38102759703331,33.97553208216947]]]},"properties":{"h3":"8929a0074a7ffff","count":3,"c3":0,"c6":0,"c12":0,"c24":3,"score":1.3,"risk":3,"peakDay":"Thursday","peakTime":"evening","hood":"Downtown","bk12":{"morning":0,"afternoon":0,"evening":0,"night":0},"bk24":{"morning":0,"afternoon":0,"evening":2,"night":1},"recent":[{"d":"2025-07-26","day":"Sat","time":"21:08","desc":"Larceny","res":""},{"d":"2025-05-01","day":"Thu","time":"02:40","desc":"Larceny","res":""},{"d":"2025-04-03","day":"Thu","time":"21:30","desc":"Motor Vehicle Theft","res":""}]}},{"type":"Feature","geometry":{"type":"Polygon","coordinates":[[[-117.36694412422442,33.959298899530275],[-117.36580284451536,33.96099026861507],[-117.36697928347431,33.9626199371412],[-117.36929701661964,33.96255821216068],[-117.37043824244255,33.960866834647696],[-117.36926178900904,33.95923719054325],[-117.36694412422442,33.959298899530275],[-117.36694412422442,33.959298899530275]]]},"properties":{"h3":"8929a015a77ffff","count":1,"c3":0,"c6":0,"c12":0,"c24":1,"score":0.4,"risk":1,"peakDay":"Friday","peakTime":"evening","hood":"Victoria","bk12":{"morning":0,"afternoon":0,"evening":0,"night":0},"bk24":{"morning":0,"afternoon":0,"evening":1,"night":0},"recent":[{"d":"2025-05-02","day":"Fri","time":"20:00","desc":"Larceny","res":""}]}},{"type":"Feature","geometry":{"type":"Polygon","coordinates":[[[-117.49520464665066,33.92758554426317],[-117.49406625819314,33.929277851492095],[-117.49524357787043,33.93090622052231],[-117.4975593000774,33.93084225781182],[-117.49869763436908,33.929149942319576],[-117.49752030062241,33.92752159780099],[-117.49520464665066,33.92758554426317],[-117.49520464665066,33.92758554426317]]]},"properties":{"h3":"8929a014997ffff","count":2,"c3":0,"c6":1,"c12":1,"c24":2,"score":1.2,"risk":2,"peakDay":"Saturday","peakTime":"afternoon","hood":"La Sierra Hills","bk12":{"morning":0,"afternoon":0,"evening":0,"night":1},"bk24":{"morning":0,"afternoon":1,"evening":0,"night":1},"recent":[{"d":"2026-03-12","day":"Thu","time":"00:09","desc":"Larceny","res":""},{"d":"2025-05-03","day":"Sat","time":"16:00","desc":"Larceny","res":""}]}},{"type":"Feature","geometry":{"type":"Polygon","coordinates":[[[-117.33549911136122,33.94518136028869],[-117.33435734712621,33.946872653275264],[-117.33553333846984,33.94850289602267],[-117.33785110861947,33.94844182136915],[-117.33899281905823,33.94675051990549],[-117.3378168131464,33.94512030157229],[-117.33549911136122,33.94518136028869],[-117.33549911136122,33.94518136028869]]]},"properties":{"h3":"8929a002d47ffff","count":1,"c3":0,"c6":0,"c12":0,"c24":1,"score":0.4,"risk":1,"peakDay":"Sunday","peakTime":"morning","hood":"Canyon Crest","bk12":{"morning":0,"afternoon":0,"evening":0,"night":0},"bk24":{"morning":1,"afternoon":0,"evening":0,"night":0},"recent":[{"d":"2025-05-04","day":"Sun","time":"10:00","desc":"Larceny","res":""}]}},{"type":"Feature","geometry":{"type":"Polygon","coordinates":[[[-117.37721383932944,33.94407574923403],[-117.37607292006125,33.94576728396834],[-117.37724929675016,33.947396997416654],[-117.37956660714889,33.94733515169302],[-117.38070747252065,33.94564360853872],[-117.37953108139293,33.944013919527876],[-117.37721383932944,33.94407574923403],[-117.37721383932944,33.94407574923403]]]},"properties":{"h3":"8929a01584bffff","count":3,"c3":0,"c6":0,"c12":0,"c24":3,"score":1.3,"risk":2,"peakDay":"Friday","peakTime":"morning","hood":"Victoria","bk12":{"morning":0,"afternoon":0,"evening":0,"night":0},"bk24":{"morning":2,"afternoon":1,"evening":0,"night":0},"recent":[{"d":"2025-05-09","day":"Fri","time":"10:00","desc":"Motor Vehicle Theft","res":""},{"d":"2025-05-09","day":"Fri","time":"10:00","desc":"Larceny","res":""},{"d":"2025-04-27","day":"Sun","time":"13:00","desc":"Motor Vehicle Theft","res":""}]}},{"type":"Feature","geometry":{"type":"Polygon","coordinates":[[[-117.34272765489203,33.97156820010957],[-117.34158576606468,33.973259345874624],[-117.34276210338936,33.97488918526728],[-117.34508034409689,33.974827854494364],[-117.3462221790851,33.973136700272555],[-117.34504582720773,33.971506885280256],[-117.34272765489203,33.97156820010957],[-117.34272765489203,33.97156820010957]]]},"properties":{"h3":"8929a002977ffff","count":5,"c3":0,"c6":0,"c12":3,"c24":5,"score":2.7,"risk":5,"peakDay":"Tuesday","peakTime":"afternoon","hood":"University","bk12":{"morning":0,"afternoon":2,"evening":0,"night":1},"bk24":{"morning":1,"afternoon":2,"evening":1,"night":1},"sv12":1,"recent":[{"d":"2025-11-11","day":"Tue","time":"16:35","desc":"Motor Vehicle Theft","res":""},{"d":"2025-11-11","day":"Tue","time":"16:35","desc":"Larceny","res":""},{"d":"2025-09-30","day":"Tue","time":"01:51","desc":"Larceny","res":""},{"d":"2025-07-19","day":"Sat","time":"07:53","desc":"Larceny","res":""},{"d":"2025-05-10","day":"Sat","time":"19:00","desc":"Larceny","res":""}]}},{"type":"Feature","geometry":{"type":"Polygon","coordinates":[[[-117.39118864438264,33.95034637002405],[-117.39004794076007,33.95203793840573],[-117.39122451603356,33.953667396506525],[-117.39354180932955,33.953605261784716],[-117.39468245901574,33.95191368500481],[-117.3935058693451,33.95028425134476],[-117.39118864438264,33.95034637002405],[-117.39118864438264,33.95034637002405]]]},"properties":{"h3":"8929a015867ffff","count":4,"c3":0,"c6":0,"c12":0,"c24":4,"score":1.4,"risk":3,"peakDay":"Sunday","peakTime":"night","hood":"Magnolia Center","bk12":{"morning":0,"afternoon":0,"evening":0,"night":0},"bk24":{"morning":0,"afternoon":1,"evening":1,"night":2},"recent":[{"d":"2025-05-12","day":"Mon","time":"03:09","desc":"Larceny","res":""},{"d":"2025-05-11","day":"Sun","time":"17:00","desc":"Larceny","res":""},{"d":"2024-10-19","day":"Sat","time":"14:00","desc":"Motor Vehicle Theft","res":""},{"d":"2024-08-08","day":"Thu","time":"22:59","desc":"Motor Vehicle Theft","res":""}]}},{"type":"Feature","geometry":{"type":"Polygon","coordinates":[[[-117.38455789137488,33.98041987795254],[-117.38341674868285,33.9821111953116],[-117.38459357701042,33.983740386618685],[-117.38691156245831,33.98367823614961],[-117.38805265120108,33.981986910394944],[-117.38687580844805,33.98035774350479],[-117.38455789137488,33.98041987795254],[-117.38455789137488,33.98041987795254]]]},"properties":{"h3":"8929a0075c3ffff","count":5,"c3":1,"c6":1,"c12":1,"c24":5,"score":2.3,"risk":4,"peakDay":"Saturday","peakTime":"night","hood":"Downtown","bk12":{"morning":0,"afternoon":1,"evening":0,"night":0},"bk24":{"morning":0,"afternoon":1,"evening":1,"night":3},"recent":[{"d":"2026-05-09","day":"Sat","time":"12:48","desc":"Larceny","res":""},{"d":"2025-05-12","day":"Mon","time":"01:30","desc":"Larceny","res":""},{"d":"2025-01-17","day":"Fri","time":"00:00","desc":"Motor Vehicle Theft","res":""},{"d":"2025-01-04","day":"Sat","time":"20:16","desc":"Motor Vehicle Theft","res":""},{"d":"2024-12-21","day":"Sat","time":"01:07","desc":"Motor Vehicle Theft","res":""}]}},{"type":"Feature","geometry":{"type":"Polygon","coordinates":[[[-117.35646204274887,33.95459427761585],[-117.3553206014412,33.95628562138347],[-117.35649689126303,33.95791548139275],[-117.35881463690103,33.957853973215],[-117.35995602435246,33.956162621002896],[-117.35877972002491,33.95453278541283],[-117.35646204274887,33.95459427761585],[-117.35646204274887,33.95459427761585]]]},"properties":{"h3":"8929a015a43ffff","count":1,"c3":0,"c6":0,"c12":0,"c24":1,"score":0.4,"risk":1,"peakDay":"Monday","peakTime":"morning","hood":"Victoria","bk12":{"morning":0,"afternoon":0,"evening":0,"night":0},"bk24":{"morning":1,"afternoon":0,"evening":0,"night":0},"recent":[{"d":"2025-05-12","day":"Mon","time":"09:10","desc":"Larceny","res":""}]}},{"type":"Feature","geometry":{"type":"Polygon","coordinates":[[[-117.46422590913876,33.95334982534188],[-117.46308663753229,33.955041779098075],[-117.46426393588114,33.95667025018381],[-117.46658052001102,33.956606743035465],[-117.46771973750147,33.95491478098317],[-117.46654242498083,33.95328633437516],[-117.46422590913876,33.95334982534188],[-117.46422590913876,33.95334982534188]]]},"properties":{"h3":"8929a014b0fffff","count":1,"c3":0,"c6":0,"c12":0,"c24":1,"score":0.4,"risk":1,"peakDay":"Tuesday","peakTime":"night","hood":"Arlanza","bk12":{"morning":0,"afternoon":0,"evening":0,"night":0},"bk24":{"morning":0,"afternoon":0,"evening":0,"night":1},"recent":[{"d":"2025-05-13","day":"Tue","time":"04:47","desc":"Larceny","res":""}]}},{"type":"Feature","geometry":{"type":"Polygon","coordinates":[[[-117.47466919329028,33.95472396298807],[-117.47353011707085,33.956415964917255],[-117.47470752844828,33.95804428358288],[-117.47702403018772,33.95798057583678],[-117.47816305226456,33.95628856562648],[-117.47698562674731,33.95466027144321],[-117.47466919329028,33.95472396298807],[-117.47466919329028,33.95472396298807]]]},"properties":{"h3":"8929a014b37ffff","count":5,"c3":0,"c6":0,"c12":2,"c24":5,"score":2.4,"risk":5,"peakDay":"Monday","peakTime":"night","hood":"Arlanza","bk12":{"morning":1,"afternoon":1,"evening":0,"night":0},"bk24":{"morning":1,"afternoon":1,"evening":0,"night":3},"sv12":2,"recent":[{"d":"2025-12-15","day":"Mon","time":"15:56","desc":"Motor Vehicle Theft","res":""},{"d":"2025-10-11","day":"Sat","time":"08:54","desc":"Motor Vehicle Theft","res":""},{"d":"2025-05-13","day":"Tue","time":"04:55","desc":"Larceny","res":""},{"d":"2025-04-09","day":"Wed","time":"23:00","desc":"Motor Vehicle Theft","res":""},{"d":"2025-02-17","day":"Mon","time":"01:00","desc":"Motor Vehicle Theft","res":""}]}},{"type":"Feature","geometry":{"type":"Polygon","coordinates":[[[-117.49473765147917,33.887732551289055],[-117.49359965849372,33.88942513598027],[-117.49477655509332,33.89105397753664],[-117.49709145874203,33.89099020986321],[-117.49822939760125,33.889297616892314],[-117.49705248694077,33.88766879987436],[-117.49473765147917,33.887732551289055],[-117.49473765147917,33.887732551289055]]]},"properties":{"h3":"8929a016bbbffff","count":4,"c3":1,"c6":1,"c12":2,"c24":4,"score":2.4,"risk":5,"peakDay":"Tuesday","peakTime":"evening","hood":"La Sierra South","bk12":{"morning":0,"afternoon":0,"evening":2,"night":0},"bk24":{"morning":0,"afternoon":0,"evening":4,"night":0},"sv12":1,"recent":[{"d":"2026-05-21","day":"Thu","time":"19:37","desc":"Motor Vehicle Theft","res":""},{"d":"2026-02-04","day":"Wed","time":"21:48","desc":"Larceny","res":""},{"d":"2025-05-13","day":"Tue","time":"18:02","desc":"Larceny","res":""},{"d":"2025-05-13","day":"Tue","time":"18:00","desc":"Larceny","res":""}]}},{"type":"Feature","geometry":{"type":"Polygon","coordinates":[[[-117.31749218110596,33.88417601627916],[-117.31635067878278,33.885867639922125],[-117.3175258585623,33.88749882913985],[-117.31984255527583,33.88743837026887],[-117.32098400390501,33.88574673809984],[-117.31980880951745,33.88411557332768],[-117.31749218110596,33.88417601627916],[-117.31749218110596,33.88417601627916]]]},"properties":{"h3":"8929a015603ffff","count":4,"c3":0,"c6":0,"c12":2,"c24":4,"score":2,"risk":4,"peakDay":"Wednesday","peakTime":"afternoon","hood":"Orangecrest","bk12":{"morning":0,"afternoon":1,"evening":1,"night":0},"bk24":{"morning":1,"afternoon":2,"evening":1,"night":0},"recent":[{"d":"2025-10-17","day":"Fri","time":"17:43","desc":"Larceny","res":""},{"d":"2025-09-03","day":"Wed","time":"12:52","desc":"Larceny","res":""},{"d":"2025-08-06","day":"Wed","time":"06:29","desc":"Motor Vehicle Theft","res":""},{"d":"2025-05-18","day":"Sun","time":"15:30","desc":"Larceny","res":""}]}},{"type":"Feature","geometry":{"type":"Polygon","coordinates":[[[-117.48092508543422,33.89475714869453],[-117.47978674419689,33.896449607918285],[-117.48096358444177,33.89807854759808],[-117.48327878003211,33.89801500352764],[-117.48441706716972,33.89632253600784],[-117.48324021281947,33.89469362085435],[-117.48092508543422,33.89475714869453],[-117.48092508543422,33.89475714869453]]]},"properties":{"h3":"8929a016b47ffff","count":5,"c3":0,"c6":1,"c12":3,"c24":5,"score":2.5,"risk":5,"peakDay":"Thursday","peakTime":"afternoon","hood":"La Sierra","bk12":{"morning":0,"afternoon":1,"evening":1,"night":1},"bk24":{"morning":1,"afternoon":2,"evening":1,"night":1},"sv12":1,"recent":[{"d":"2026-02-08","day":"Sun","time":"00:43","desc":"Larceny","res":""},{"d":"2025-09-24","day":"Wed","time":"15:19","desc":"Larceny","res":""},{"d":"2025-08-14","day":"Thu","time":"17:30","desc":"Motor Vehicle Theft","res":""},{"d":"2025-05-19","day":"Mon","time":"11:41","desc":"Larceny","res":""},{"d":"2024-10-24","day":"Thu","time":"14:58","desc":"Motor Vehicle Theft","res":""}]}},{"type":"Feature","geometry":{"type":"Polygon","coordinates":[[[-117.33200544940308,33.943612064673786],[-117.33086363138185,33.94530334917782],[-117.33203957295268,33.94693365568533],[-117.33435734712621,33.946872653275264],[-117.33549911136122,33.94518136028869],[-117.33432315521173,33.943551078194574],[-117.33200544940308,33.943612064673786],[-117.33200544940308,33.943612064673786]]]},"properties":{"h3":"8929a002d43ffff","count":2,"c3":0,"c6":0,"c12":0,"c24":2,"score":0.7,"risk":1,"peakDay":"Wednesday","peakTime":"afternoon","hood":"Canyon Crest","bk12":{"morning":0,"afternoon":0,"evening":0,"night":0},"bk24":{"morning":0,"afternoon":1,"evening":0,"night":1},"recent":[{"d":"2025-05-21","day":"Wed","time":"15:30","desc":"Larceny","res":""},{"d":"2024-08-24","day":"Sat","time":"22:00","desc":"Motor Vehicle Theft","res":""}]}},{"type":"Feature","geometry":{"type":"Polygon","coordinates":[[[-117.49171170345188,33.92602101005838],[-117.49057326083843,33.927713309018536],[-117.49175053116775,33.92934174199088],[-117.49406625819314,33.929277851492095],[-117.49520464665066,33.92758554426317],[-117.4940273622415,33.92595713580164],[-117.49171170345188,33.92602101005838],[-117.49171170345188,33.92602101005838]]]},"properties":{"h3":"8929a014993ffff","count":5,"c3":0,"c6":0,"c12":2,"c24":5,"score":2.6,"risk":5,"peakDay":"Monday","peakTime":"afternoon","hood":"La Sierra Hills","bk12":{"morning":0,"afternoon":2,"evening":0,"night":0},"bk24":{"morning":2,"afternoon":2,"evening":1,"night":0},"recent":[{"d":"2025-10-27","day":"Mon","time":"14:11","desc":"Larceny","res":""},{"d":"2025-10-27","day":"Mon","time":"14:11","desc":"Larceny","res":""},{"d":"2025-07-31","day":"Thu","time":"05:52","desc":"Motor Vehicle Theft","res":""},{"d":"2025-06-24","day":"Tue","time":"08:00","desc":"Motor Vehicle Theft","res":""},{"d":"2025-05-21","day":"Wed","time":"21:27","desc":"Larceny","res":""}]}},{"type":"Feature","geometry":{"type":"Polygon","coordinates":[[[-117.35338518172136,33.992876757210084],[-117.35224328857949,33.994567810723424],[-117.35341995133975,33.99619726115866],[-117.35573852176996,33.996135633688596],[-117.3568803610263,33.99444457174154],[-117.35570368374084,33.992815145698074],[-117.35338518172136,33.992876757210084],[-117.35338518172136,33.992876757210084]]]},"properties":{"h3":"8929a007637ffff","count":4,"c3":0,"c6":1,"c12":3,"c24":4,"score":2.4,"risk":5,"peakDay":"Friday","peakTime":"night","hood":"Hunter Industrial Park","bk12":{"morning":1,"afternoon":1,"evening":1,"night":0},"bk24":{"morning":1,"afternoon":1,"evening":1,"night":1},"sv12":2,"recent":[{"d":"2026-03-10","day":"Tue","time":"09:45","desc":"Motor Vehicle Theft","res":""},{"d":"2025-11-29","day":"Sat","time":"12:25","desc":"Larceny","res":""},{"d":"2025-10-26","day":"Sun","time":"20:45","desc":"Motor Vehicle Theft","res":""},{"d":"2025-05-23","day":"Fri","time":"00:00","desc":"Larceny","res":""}]}},{"type":"Feature","geometry":{"type":"Polygon","coordinates":[[[-117.41182387063738,33.92985915158624],[-117.41068378848587,33.931550980247195],[-117.41186034428624,33.933180409817005],[-117.41417699656901,33.933117986260044],[-117.41531702475388,33.931426149221295],[-117.41414045462544,33.92979674411715],[-117.41182387063738,33.92985915158624],[-117.41182387063738,33.92985915158624]]]},"properties":{"h3":"8929a015d0bffff","count":5,"c3":0,"c6":1,"c12":2,"c24":5,"score":2.6,"risk":5,"peakDay":"Monday","peakTime":"night","hood":"Presidential Park","bk12":{"morning":0,"afternoon":1,"evening":0,"night":1},"bk24":{"morning":1,"afternoon":1,"evening":1,"night":2},"recent":[{"d":"2026-03-20","day":"Fri","time":"15:40","desc":"Larceny","res":""},{"d":"2025-08-19","day":"Tue","time":"22:00","desc":"Larceny","res":""},{"d":"2025-07-07","day":"Mon","time":"20:00","desc":"Larceny","res":""},{"d":"2025-05-26","day":"Mon","time":"06:52","desc":"Larceny","res":""},{"d":"2025-05-24","day":"Sat","time":"00:00","desc":"Larceny","res":""}]}},{"type":"Feature","geometry":{"type":"Polygon","coordinates":[[[-117.48150280958292,33.94457156750271],[-117.48036397364994,33.94626367909674],[-117.48154134274648,33.94789202776356],[-117.48385756189484,33.947828240343334],[-117.48499634367857,33.94613612047369],[-117.48381896046594,33.94450779629971],[-117.48150280958292,33.94457156750271],[-117.48150280958292,33.94457156750271]]]},"properties":{"h3":"8929a01497bffff","count":4,"c3":0,"c6":0,"c12":2,"c24":4,"score":2.1,"risk":4,"peakDay":"Monday","peakTime":"night","hood":"La Sierra Acres","bk12":{"morning":1,"afternoon":1,"evening":0,"night":0},"bk24":{"morning":1,"afternoon":1,"evening":1,"night":1},"recent":[{"d":"2025-12-31","day":"Wed","time":"07:31","desc":"Larceny","res":""},{"d":"2025-10-24","day":"Fri","time":"14:47","desc":"Larceny","res":""},{"d":"2025-05-26","day":"Mon","time":"00:00","desc":"Larceny","res":""},{"d":"2025-03-09","day":"Sun","time":"18:29","desc":"Motor Vehicle Theft","res":""}]}},{"type":"Feature","geometry":{"type":"Polygon","coordinates":[[[-117.31121197063166,33.95080242026992],[-117.31006966411191,33.95249353661474],[-117.31124548278984,33.95412402889075],[-117.31356362263521,33.95406338042455],[-117.31470587541237,33.952372255571404],[-117.31353004208958,33.95074178769266],[-117.31121197063166,33.95080242026992],[-117.31121197063166,33.95080242026992]]]},"properties":{"h3":"8929a0028cfffff","count":4,"c3":0,"c6":0,"c12":1,"c24":4,"score":1.7,"risk":3,"peakDay":"Monday","peakTime":"morning","hood":"Canyon Crest","bk12":{"morning":0,"afternoon":0,"evening":1,"night":0},"bk24":{"morning":2,"afternoon":0,"evening":1,"night":1},"recent":[{"d":"2025-08-27","day":"Wed","time":"20:13","desc":"Larceny","res":""},{"d":"2025-05-26","day":"Mon","time":"11:50","desc":"Larceny","res":""},{"d":"2025-04-21","day":"Mon","time":"00:50","desc":"Motor Vehicle Theft","res":""},{"d":"2024-11-15","day":"Fri","time":"06:22","desc":"Motor Vehicle Theft","res":""}]}},{"type":"Feature","geometry":{"type":"Polygon","coordinates":[[[-117.49838543962225,33.90258272511263],[-117.49724736898267,33.904275225762056],[-117.49842445589216,33.90590384607754],[-117.5007396274973,33.905839941213166],[-117.50187764398751,33.904147432294984],[-117.50070054302469,33.90251883650977],[-117.49838543962225,33.90258272511263],[-117.49838543962225,33.90258272511263]]]},"properties":{"h3":"8929a0ab65bffff","count":1,"c3":0,"c6":0,"c12":0,"c24":1,"score":0.4,"risk":1,"peakDay":"Tuesday","peakTime":"night","hood":"La Sierra","bk12":{"morning":0,"afternoon":0,"evening":0,"night":0},"bk24":{"morning":0,"afternoon":0,"evening":0,"night":1},"recent":[{"d":"2025-05-27","day":"Tue","time":"00:30","desc":"Larceny","res":""}]}},{"type":"Feature","geometry":{"type":"Polygon","coordinates":[[[-117.40843987850955,33.938255770961376],[-117.40729964317437,33.939947521349026],[-117.40847625509112,33.94157689661406],[-117.41079311668652,33.94151449703312],[-117.41193329805519,33.939822738266294],[-117.41075667179776,33.938193387459435],[-117.40843987850955,33.938255770961376],[-117.40843987850955,33.938255770961376]]]},"properties":{"h3":"8929a015d6bffff","count":6,"c3":0,"c6":3,"c12":5,"c24":6,"score":4.1,"risk":8,"peakDay":"Wednesday","peakTime":"night","hood":"Ramona","bk12":{"morning":2,"afternoon":1,"evening":0,"night":2},"bk24":{"morning":2,"afternoon":1,"evening":1,"night":2},"sv12":1,"recent":[{"d":"2026-05-03","day":"Sun","time":"16:03","desc":"Larceny","res":""},{"d":"2026-03-13","day":"Fri","time":"08:49","desc":"Larceny","res":""},{"d":"2026-03-12","day":"Thu","time":"09:27","desc":"Larceny","res":""},{"d":"2026-01-12","day":"Mon","time":"04:55","desc":"Larceny","res":""},{"d":"2025-11-05","day":"Wed","time":"22:29","desc":"Motor Vehicle Theft","res":""},{"d":"2025-05-28","day":"Wed","time":"17:40","desc":"Larceny","res":""}]}},{"type":"Feature","geometry":{"type":"Polygon","coordinates":[[[-117.40487396449154,33.930046117315754],[-117.40373374135966,33.93173790592012],[-117.40491023324668,33.933367423783366],[-117.40722696261798,33.93330512858021],[-117.40836713179985,33.93161333158851],[-117.40719062556325,33.9299838381871],[-117.40487396449154,33.930046117315754],[-117.40487396449154,33.930046117315754]]]},"properties":{"h3":"8929a015d43ffff","count":2,"c3":0,"c6":0,"c12":1,"c24":2,"score":1,"risk":2,"peakDay":"Thursday","peakTime":"afternoon","hood":"Casa Blanca","bk12":{"morning":0,"afternoon":1,"evening":0,"night":0},"bk24":{"morning":0,"afternoon":2,"evening":0,"night":0},"recent":[{"d":"2025-09-22","day":"Mon","time":"15:31","desc":"Larceny","res":""},{"d":"2025-05-29","day":"Thu","time":"14:00","desc":"Larceny","res":""}]}},{"type":"Feature","geometry":{"type":"Polygon","coordinates":[[[-117.35317660721233,33.97295241028518],[-117.3520349130991,33.974643604893245],[-117.35321136448846,33.97627329219785],[-117.35552952451452,33.97621176048916],[-117.35667116476186,33.97452055743928],[-117.35549469885186,33.97289089453973],[-117.35317660721233,33.97295241028518],[-117.35317660721233,33.97295241028518]]]},"properties":{"h3":"8929a002927ffff","count":7,"c3":1,"c6":1,"c12":4,"c24":7,"score":3.8,"risk":7,"peakDay":"Saturday","peakTime":"evening","hood":"Eastside","bk12":{"morning":1,"afternoon":0,"evening":3,"night":0},"bk24":{"morning":2,"afternoon":1,"evening":4,"night":0},"sv12":3,"recent":[{"d":"2026-07-31","day":"Fri","time":"21:09","desc":"Motor Vehicle Theft","res":""},{"d":"2025-09-27","day":"Sat","time":"21:48","desc":"Motor Vehicle Theft","res":""},{"d":"2025-09-27","day":"Sat","time":"10:22","desc":"Motor Vehicle Theft","res":""},{"d":"2025-08-12","day":"Tue","time":"21:30","desc":"Larceny","res":""},{"d":"2025-07-25","day":"Fri","time":"17:16","desc":"Larceny","res":""},{"d":"2025-05-31","day":"Sat","time":"13:00","desc":"Larceny","res":""},{"d":"2024-11-12","day":"Tue","time":"06:00","desc":"Motor Vehicle Theft","res":""}]}},{"type":"Feature","geometry":{"type":"Polygon","coordinates":[[[-117.35670602564853,33.97784138393723],[-117.35556435223782,33.97953256349672],[-117.3567408885979,33.98116214748353],[-117.3590591128825,33.98110052750701],[-117.36020073241407,33.979409339512515],[-117.35902418154298,33.97777977992938],[-117.35670602564853,33.97784138393723],[-117.35670602564853,33.97784138393723]]]},"properties":{"h3":"8929a007443ffff","count":6,"c3":1,"c6":2,"c12":4,"c24":6,"score":3.7,"risk":7,"peakDay":"Sunday","peakTime":"afternoon","hood":"Eastside","bk12":{"morning":3,"afternoon":1,"evening":0,"night":0},"bk24":{"morning":3,"afternoon":3,"evening":0,"night":0},"sv12":1,"recent":[{"d":"2026-05-17","day":"Sun","time":"09:18","desc":"Larceny","res":""},{"d":"2026-03-30","day":"Mon","time":"08:40","desc":"Larceny","res":""},{"d":"2026-01-02","day":"Fri","time":"16:01","desc":"Motor Vehicle Theft","res":""},{"d":"2026-01-02","day":"Fri","time":"09:28","desc":"Larceny","res":""},{"d":"2025-06-01","day":"Sun","time":"14:12","desc":"Larceny","res":""},{"d":"2024-09-09","day":"Mon","time":"16:00","desc":"Motor Vehicle Theft","res":""}]}},{"type":"Feature","geometry":{"type":"Polygon","coordinates":[[[-117.47390296593606,33.888304393727125],[-117.47276454950023,33.889996859429296],[-117.47394125579194,33.891625966102865],[-117.47625639264778,33.89156258254713],[-117.47739475500711,33.88987010853663],[-117.47621803458993,33.88824102639003],[-117.47390296593606,33.888304393727125],[-117.47390296593606,33.888304393727125]]]},"properties":{"h3":"8929a016a27ffff","count":3,"c3":0,"c6":0,"c12":0,"c24":3,"score":1.3,"risk":2,"peakDay":"Sunday","peakTime":"evening","hood":"La Sierra South","bk12":{"morning":0,"afternoon":0,"evening":0,"night":0},"bk24":{"morning":0,"afternoon":1,"evening":1,"night":1},"recent":[{"d":"2025-06-23","day":"Mon","time":"01:00","desc":"Larceny","res":""},{"d":"2025-06-01","day":"Sun","time":"20:00","desc":"Larceny","res":""},{"d":"2025-03-02","day":"Sun","time":"13:30","desc":"Motor Vehicle Theft","res":""}]}},{"type":"Feature","geometry":{"type":"Polygon","coordinates":[[[-117.38060080221575,33.93567965380068],[-117.37946003618435,33.93737126700516],[-117.38063635688108,33.939001034759954],[-117.38295345803807,33.93893916486509],[-117.3840941701729,33.93724754324198],[-117.38291783505002,33.935617799932174],[-117.38060080221575,33.93567965380068],[-117.38060080221575,33.93567965380068]]]},"properties":{"h3":"8929a0158cbffff","count":2,"c3":0,"c6":0,"c12":0,"c24":2,"score":0.7,"risk":1,"peakDay":"Tuesday","peakTime":"evening","hood":"Victoria","bk12":{"morning":0,"afternoon":0,"evening":0,"night":0},"bk24":{"morning":0,"afternoon":1,"evening":1,"night":0},"recent":[{"d":"2025-06-03","day":"Tue","time":"17:45","desc":"Larceny","res":""},{"d":"2024-08-29","day":"Thu","time":"12:00","desc":"Motor Vehicle Theft","res":""}]}},{"type":"Feature","geometry":{"type":"Polygon","coordinates":[[[-117.31067604560756,33.89764815633911],[-117.30953427008953,33.89933964662104],[-117.31070952606609,33.90097076719572],[-117.31302657219614,33.90091037305553],[-117.31416829402386,33.899218874243495],[-117.31299302341468,33.89758777810159],[-117.31067604560756,33.89764815633911],[-117.31067604560756,33.89764815633911]]]},"properties":{"h3":"8929a0152d3ffff","count":1,"c3":0,"c6":0,"c12":0,"c24":1,"score":0.4,"risk":1,"peakDay":"Saturday","peakTime":"night","hood":"Orangecrest","bk12":{"morning":0,"afternoon":0,"evening":0,"night":0},"bk24":{"morning":0,"afternoon":0,"evening":0,"night":1},"recent":[{"d":"2025-06-07","day":"Sat","time":"01:00","desc":"Larceny","res":""}]}},{"type":"Feature","geometry":{"type":"Polygon","coordinates":[[[-117.50203413678057,33.917431318638194],[-117.50089598849276,33.919123735058015],[-117.5020732657609,33.92075213390583],[-117.50438870536537,33.920688091811535],[-117.50552679948066,33.91899566713387],[-117.50434950816677,33.91736729280818],[-117.50203413678057,33.917431318638194],[-117.50203413678057,33.917431318638194]]]},"properties":{"h3":"8929a0ab2dbffff","count":4,"c3":0,"c6":0,"c12":3,"c24":4,"score":2.2,"risk":4,"peakDay":"Sunday","peakTime":"morning","hood":"La Sierra","bk12":{"morning":2,"afternoon":1,"evening":0,"night":0},"bk24":{"morning":2,"afternoon":1,"evening":1,"night":0},"sv12":2,"recent":[{"d":"2025-11-09","day":"Sun","time":"10:37","desc":"Motor Vehicle Theft","res":""},{"d":"2025-10-18","day":"Sat","time":"12:35","desc":"Larceny","res":""},{"d":"2025-10-18","day":"Sat","time":"11:09","desc":"Motor Vehicle Theft","res":""},{"d":"2025-06-08","day":"Sun","time":"21:30","desc":"Larceny","res":""}]}},{"type":"Feature","geometry":{"type":"Polygon","coordinates":[[[-117.43962118013947,33.92910743901364],[-117.43848166215722,33.930799427630305],[-117.4396584732158,33.93242850389567],[-117.4419748165013,33.932365567063144],[-117.44311428045047,33.9306735701068],[-117.44193745515001,33.929044518322485],[-117.43962118013947,33.92910743901364],[-117.43962118013947,33.92910743901364]]]},"properties":{"h3":"8929a014a9bffff","count":4,"c3":1,"c6":2,"c12":3,"c24":4,"score":2.7,"risk":5,"peakDay":"Thursday","peakTime":"evening","hood":"Ramona","bk12":{"morning":1,"afternoon":0,"evening":2,"night":0},"bk24":{"morning":1,"afternoon":0,"evening":2,"night":1},"sv12":2,"recent":[{"d":"2026-05-08","day":"Fri","time":"19:20","desc":"Motor Vehicle Theft","res":""},{"d":"2026-03-18","day":"Wed","time":"21:28","desc":"Larceny","res":""},{"d":"2026-01-10","day":"Sat","time":"08:11","desc":"Motor Vehicle Theft","res":""},{"d":"2025-06-12","day":"Thu","time":"00:00","desc":"Larceny","res":""}]}},{"type":"Feature","geometry":{"type":"Polygon","coordinates":[[[-117.34968209529094,33.9713841269923],[-117.34854034732182,33.97307531315313],[-117.34971674895895,33.97470506430581],[-117.3520349130991,33.974643604893245],[-117.35317660721233,33.97295241028518],[-117.35200019104411,33.97132268353675],[-117.34968209529094,33.9713841269923],[-117.34968209529094,33.9713841269923]]]},"properties":{"h3":"8929a002923ffff","count":12,"c3":2,"c6":5,"c12":8,"c24":12,"score":7.5,"risk":15,"peakDay":"Friday","peakTime":"evening","hood":"Eastside","bk12":{"morning":5,"afternoon":1,"evening":2,"night":0},"bk24":{"morning":5,"afternoon":1,"evening":5,"night":1},"sv12":3,"recent":[{"d":"2026-07-20","day":"Mon","time":"05:55","desc":"Motor Vehicle Theft","res":""},{"d":"2026-06-06","day":"Sat","time":"17:31","desc":"Motor Vehicle Theft","res":""},{"d":"2026-05-01","day":"Fri","time":"09:24","desc":"Larceny","res":""},{"d":"2026-03-24","day":"Tue","time":"06:42","desc":"Larceny","res":""},{"d":"2026-03-24","day":"Tue","time":"06:42","desc":"Larceny","res":""},{"d":"2025-10-20","day":"Mon","time":"08:33","desc":"Larceny","res":""},{"d":"2025-09-02","day":"Tue","time":"14:47","desc":"Larceny","res":""},{"d":"2025-08-21","day":"Thu","time":"21:40","desc":"Motor Vehicle Theft","res":""},{"d":"2025-07-25","day":"Fri","time":"22:38","desc":"Motor Vehicle Theft","res":""},{"d":"2025-06-13","day":"Fri","time":"18:00","desc":"Larceny","res":""}]}},{"type":"Feature","geometry":{"type":"Polygon","coordinates":[[[-117.38035197842449,33.91242823303293],[-117.37921144412017,33.91412000931302],[-117.38038751837459,33.915750052361496],[-117.38270414135712,33.91568829466918],[-117.38384462178782,33.913996509960946],[-117.38266853311242,33.912366491373],[-117.38035197842449,33.91242823303293],[-117.38035197842449,33.91242823303293]]]},"properties":{"h3":"8929a015ccbffff","count":1,"c3":0,"c6":0,"c12":0,"c24":1,"score":0.5,"risk":1,"peakDay":"Saturday","peakTime":"morning","hood":"Alessandro Heights","bk12":{"morning":0,"afternoon":0,"evening":0,"night":0},"bk24":{"morning":1,"afternoon":0,"evening":0,"night":0},"recent":[{"d":"2025-06-14","day":"Sat","time":"08:14","desc":"Larceny","res":""}]}},{"type":"Feature","geometry":{"type":"Polygon","coordinates":[[[-117.34625673119177,33.97645763004823],[-117.34511486302846,33.97814876077299],[-117.34629128534291,33.97977849687859],[-117.34860959036652,33.97971707786029],[-117.34975140467742,33.978025938685555],[-117.3485749678199,33.976396226978935],[-117.34625673119177,33.97645763004823],[-117.34625673119177,33.97645763004823]]]},"properties":{"h3":"8929a007693ffff","count":24,"c3":7,"c6":7,"c12":17,"c24":24,"score":15.3,"risk":30,"peakDay":"Sunday","peakTime":"morning","hood":"University","bk12":{"morning":7,"afternoon":3,"evening":7,"night":0},"bk24":{"morning":8,"afternoon":6,"evening":8,"night":2},"sv12":7,"recent":[{"d":"2026-07-26","day":"Sun","time":"08:17","desc":"Motor Vehicle Theft","res":""},{"d":"2026-07-23","day":"Thu","time":"10:48","desc":"Larceny","res":""},{"d":"2026-07-19","day":"Sun","time":"15:34","desc":"Larceny","res":""},{"d":"2026-07-14","day":"Tue","time":"11:43","desc":"Larceny","res":""},{"d":"2026-06-28","day":"Sun","time":"17:12","desc":"Motor Vehicle Theft","res":""},{"d":"2026-06-28","day":"Sun","time":"17:12","desc":"Motor Vehicle Theft","res":""},{"d":"2026-06-08","day":"Mon","time":"13:14","desc":"Larceny","res":""},{"d":"2026-01-09","day":"Fri","time":"20:58","desc":"Larceny","res":""},{"d":"2026-01-07","day":"Wed","time":"18:59","desc":"Larceny","res":""},{"d":"2025-12-27","day":"Sat","time":"06:05","desc":"Larceny","res":""}]}},{"type":"Feature","geometry":{"type":"Polygon","coordinates":[[[-117.43623970005022,33.93750434510515],[-117.43510002891972,33.939196255582516],[-117.43627689620953,33.94082527751538],[-117.43859344888709,33.94076236449713],[-117.43973306598451,33.939070445678716],[-117.43855618444027,33.93744144821942],[-117.43623970005022,33.93750434510515],[-117.43623970005022,33.93750434510515]]]},"properties":{"h3":"8929a014a1bffff","count":2,"c3":0,"c6":1,"c12":1,"c24":2,"score":1.3,"risk":2,"peakDay":"Monday","peakTime":"night","hood":"Ramona","bk12":{"morning":0,"afternoon":1,"evening":0,"night":0},"bk24":{"morning":0,"afternoon":1,"evening":0,"night":1},"sv12":1,"recent":[{"d":"2026-04-27","day":"Mon","time":"12:50","desc":"Motor Vehicle Theft","res":""},{"d":"2025-06-16","day":"Mon","time":"00:00","desc":"Larceny","res":""}]}},{"type":"Feature","geometry":{"type":"Polygon","coordinates":[[[-117.37082624837997,33.997394177860684],[-117.36968465792572,33.99908529703754],[-117.37086153417148,34.0007144674184],[-117.37318001534662,34.0006524942241],[-117.37432155186858,33.99896136663934],[-117.37314466115045,33.9973322206566],[-117.37082624837997,33.997394177860684],[-117.37082624837997,33.997394177860684]]]},"properties":{"h3":"8929a007017ffff","count":11,"c3":4,"c6":4,"c12":9,"c24":11,"score":7.7,"risk":15,"peakDay":"Wednesday","peakTime":"afternoon","hood":"Northside","bk12":{"morning":3,"afternoon":5,"evening":1,"night":0},"bk24":{"morning":4,"afternoon":5,"evening":1,"night":1},"recent":[{"d":"2026-07-09","day":"Thu","time":"14:20","desc":"Larceny","res":""},{"d":"2026-07-09","day":"Thu","time":"13:15","desc":"Larceny","res":""},{"d":"2026-05-15","day":"Fri","time":"15:57","desc":"Larceny","res":""},{"d":"2026-05-13","day":"Wed","time":"09:38","desc":"Larceny","res":""},{"d":"2026-01-25","day":"Sun","time":"15:16","desc":"Larceny","res":""},{"d":"2026-01-25","day":"Sun","time":"06:56","desc":"Larceny","res":""},{"d":"2025-12-31","day":"Wed","time":"11:15","desc":"Larceny","res":""},{"d":"2025-12-19","day":"Fri","time":"17:26","desc":"Larceny","res":""},{"d":"2025-10-04","day":"Sat","time":"12:40","desc":"Larceny","res":""},{"d":"2025-06-16","day":"Mon","time":"00:00","desc":"Larceny","res":""}]}},{"type":"Feature","geometry":{"type":"Polygon","coordinates":[[[-117.35362861226739,34.016118959750045],[-117.3524864868376,34.01780984816648],[-117.35366339629329,34.01943902180724],[-117.35598244571196,34.0193772826551],[-117.35712451723313,34.01768638581435],[-117.35594759324698,34.01605723654988],[-117.35362861226739,34.016118959750045],[-117.35362861226739,34.016118959750045]]]},"properties":{"h3":"8929a007237ffff","count":3,"c3":0,"c6":0,"c12":1,"c24":3,"score":1.5,"risk":3,"peakDay":"Tuesday","peakTime":"morning","hood":"Northside","bk12":{"morning":1,"afternoon":0,"evening":0,"night":0},"bk24":{"morning":3,"afternoon":0,"evening":0,"night":0},"recent":[{"d":"2025-11-12","day":"Wed","time":"11:54","desc":"Larceny","res":""},{"d":"2025-07-28","day":"Mon","time":"09:20","desc":"Motor Vehicle Theft","res":""},{"d":"2025-06-17","day":"Tue","time":"11:36","desc":"Larceny","res":""}]}},{"type":"Feature","geometry":{"type":"Polygon","coordinates":[[[-117.35286388424335,33.94306164403678],[-117.35172248854322,33.94475304956482],[-117.35289862301845,33.946383091509865],[-117.35521616771054,33.94632170350165],[-117.35635750957427,33.944630289519615],[-117.35518136058516,33.94300027199962],[-117.35286388424335,33.94306164403678],[-117.35286388424335,33.94306164403678]]]},"properties":{"h3":"8929a002dafffff","count":1,"c3":0,"c6":0,"c12":0,"c24":1,"score":0.5,"risk":1,"peakDay":"Tuesday","peakTime":"evening","hood":"Canyon Crest","bk12":{"morning":0,"afternoon":0,"evening":0,"night":0},"bk24":{"morning":0,"afternoon":0,"evening":1,"night":0},"recent":[{"d":"2025-06-17","day":"Tue","time":"21:00","desc":"Larceny","res":""}]}},{"type":"Feature","geometry":{"type":"Polygon","coordinates":[[[-117.47777879007897,33.92308246646969],[-117.47664009795638,33.924774709115525],[-117.4778172060741,33.92640335836934],[-117.48013302043951,33.9263397404717],[-117.4812716584427,33.92464748953664],[-117.48009453620269,33.92301886478826],[-117.47777879007897,33.92308246646969],[-117.47777879007897,33.92308246646969]]]},"properties":{"h3":"8929a0148b7ffff","count":2,"c3":0,"c6":0,"c12":0,"c24":2,"score":0.7,"risk":1,"peakDay":"Wednesday","peakTime":"evening","hood":"La Sierra Acres","bk12":{"morning":0,"afternoon":0,"evening":0,"night":0},"bk24":{"morning":1,"afternoon":0,"evening":1,"night":0},"recent":[{"d":"2025-06-18","day":"Wed","time":"19:00","desc":"Larceny","res":""},{"d":"2024-09-30","day":"Mon","time":"09:11","desc":"Motor Vehicle Theft","res":""}]}},{"type":"Feature","geometry":{"type":"Polygon","coordinates":[[[-117.44623254646238,33.899026584767064],[-117.44509346675005,33.90071882204952],[-117.44627002441135,33.902348164144634],[-117.44858567600151,33.90228524445218],[-117.44972470169377,33.90059299882733],[-117.44854812981875,33.898963681237156],[-117.44623254646238,33.899026584767064],[-117.44623254646238,33.899026584767064]]]},"properties":{"h3":"8929a014123ffff","count":2,"c3":0,"c6":0,"c12":1,"c24":2,"score":1.1,"risk":2,"peakDay":"Saturday","peakTime":"night","hood":"Arlington South","bk12":{"morning":0,"afternoon":0,"evening":1,"night":0},"bk24":{"morning":0,"afternoon":0,"evening":1,"night":1},"recent":[{"d":"2025-11-10","day":"Mon","time":"17:00","desc":"Larceny","res":""},{"d":"2025-06-21","day":"Sat","time":"03:13","desc":"Larceny","res":""}]}},{"type":"Feature","geometry":{"type":"Polygon","coordinates":[[[-117.31850337172413,33.98383317433856],[-117.317360873853,33.98552409612595],[-117.318537108996,33.987154106235714],[-117.32085585664383,33.98709317017893],[-117.32199830072291,33.985402239906236],[-117.320822050949,33.983772254175484],[-117.31850337172413,33.98383317433856],[-117.31850337172413,33.98383317433856]]]},"properties":{"h3":"8929a002b77ffff","count":1,"c3":0,"c6":0,"c12":0,"c24":1,"score":0.5,"risk":1,"peakDay":"Sunday","peakTime":"morning","hood":"University","bk12":{"morning":0,"afternoon":0,"evening":0,"night":0},"bk24":{"morning":1,"afternoon":0,"evening":0,"night":0},"recent":[{"d":"2025-06-22","day":"Sun","time":"10:30","desc":"Larceny","res":""}]}},{"type":"Feature","geometry":{"type":"Polygon","coordinates":[[[-117.46741477625517,33.92834956900812],[-117.46627582283786,33.93004171714751],[-117.46745288852213,33.93167043989949],[-117.46976892178209,33.93160699001554],[-117.47090782109986,33.92991483357463],[-117.46973074125994,33.928286135319006],[-117.46741477625517,33.92834956900812],[-117.46741477625517,33.92834956900812]]]},"properties":{"h3":"8929a014807ffff","count":1,"c3":0,"c6":0,"c12":0,"c24":1,"score":0.5,"risk":1,"peakDay":"Sunday","peakTime":"night","hood":"Arlanza","bk12":{"morning":0,"afternoon":0,"evening":0,"night":0},"bk24":{"morning":0,"afternoon":0,"evening":0,"night":1},"recent":[{"d":"2025-06-22","day":"Sun","time":"22:03","desc":"Larceny","res":""}]}},{"type":"Feature","geometry":{"type":"Polygon","coordinates":[[[-117.37432155186858,33.99896136663934],[-117.37318001534662,34.0006524942241],[-117.3743569413135,34.00228160066823],[-117.37667541826708,34.002219555128484],[-117.37781690084677,34.00052841914124],[-117.37663996041792,33.998899337096056],[-117.37432155186858,33.99896136663934],[-117.37432155186858,33.99896136663934]]]},"properties":{"h3":"8929a0070abffff","count":2,"c3":0,"c6":0,"c12":1,"c24":2,"score":1,"risk":2,"peakDay":"Monday","peakTime":"morning","hood":"Northside","bk12":{"morning":1,"afternoon":0,"evening":0,"night":0},"bk24":{"morning":2,"afternoon":0,"evening":0,"night":0},"recent":[{"d":"2025-09-02","day":"Tue","time":"08:09","desc":"Larceny","res":""},{"d":"2025-06-23","day":"Mon","time":"07:10","desc":"Larceny","res":""}]}},{"type":"Feature","geometry":{"type":"Polygon","coordinates":[[[-117.31406755413241,33.88925083219848],[-117.3129259318028,33.89094240082234],[-117.31410113211066,33.89257357531969],[-117.31641796937086,33.892513156752685],[-117.31755953800995,33.89082157960005],[-117.31638432308215,33.889190429543014],[-117.31406755413241,33.88925083219848],[-117.31406755413241,33.88925083219848]]]},"properties":{"h3":"8929a015673ffff","count":1,"c3":0,"c6":0,"c12":0,"c24":1,"score":0.5,"risk":1,"peakDay":"Monday","peakTime":"night","hood":"Orangecrest","bk12":{"morning":0,"afternoon":0,"evening":0,"night":0},"bk24":{"morning":0,"afternoon":0,"evening":0,"night":1},"recent":[{"d":"2025-06-23","day":"Mon","time":"23:00","desc":"Larceny","res":""}]}},{"type":"Feature","geometry":{"type":"Polygon","coordinates":[[[-117.48146427869787,33.94125104452187],[-117.48032547575797,33.942943179366175],[-117.48150280958292,33.94457156750271],[-117.48381896046594,33.94450779629971],[-117.48495770925993,33.94281565317844],[-117.48378036131956,33.94118728953698],[-117.48146427869787,33.94125104452187],[-117.48146427869787,33.94125104452187]]]},"properties":{"h3":"8929a014947ffff","count":1,"c3":0,"c6":0,"c12":0,"c24":1,"score":0.5,"risk":1,"peakDay":"Tuesday","peakTime":"night","hood":"La Sierra Acres","bk12":{"morning":0,"afternoon":0,"evening":0,"night":0},"bk24":{"morning":0,"afternoon":0,"evening":0,"night":1},"recent":[{"d":"2025-06-24","day":"Tue","time":"01:57","desc":"Larceny","res":""}]}},{"type":"Feature","geometry":{"type":"Polygon","coordinates":[[[-117.41549993224565,33.94803153612994],[-117.4143597387057,33.94972325661815],[-117.41553652023491,33.9513524253287],[-117.4178535096282,33.95128984909549],[-117.41899364917518,33.94959812024169],[-117.41781685332462,33.94796897598652],[-117.41549993224565,33.94803153612994],[-117.41549993224565,33.94803153612994]]]},"properties":{"h3":"8929a015913ffff","count":3,"c3":0,"c6":2,"c12":2,"c24":3,"score":1.9,"risk":4,"peakDay":"Friday","peakTime":"morning","hood":"Magnolia Center","bk12":{"morning":2,"afternoon":0,"evening":0,"night":0},"bk24":{"morning":3,"afternoon":0,"evening":0,"night":0},"recent":[{"d":"2026-02-06","day":"Fri","time":"05:39","desc":"Larceny","res":""},{"d":"2026-02-06","day":"Fri","time":"05:39","desc":"Larceny","res":""},{"d":"2025-06-25","day":"Wed","time":"08:00","desc":"Larceny","res":""}]}},{"type":"Feature","geometry":{"type":"Polygon","coordinates":[[[-117.35656659447642,33.964557700440565],[-117.35542505370759,33.96624897389748],[-117.356601449176,33.967878715670395],[-117.35891939992406,33.96781715957371],[-117.36006088682687,33.966125877676376],[-117.35888447685042,33.96449616031599],[-117.35656659447642,33.964557700440565],[-117.35656659447642,33.964557700440565]]]},"properties":{"h3":"8929a0029a7ffff","count":2,"c3":0,"c6":1,"c12":1,"c24":2,"score":1.3,"risk":2,"peakDay":"Thursday","peakTime":"morning","hood":"Eastside","bk12":{"morning":0,"afternoon":1,"evening":0,"night":0},"bk24":{"morning":1,"afternoon":1,"evening":0,"night":0},"recent":[{"d":"2026-04-22","day":"Wed","time":"15:06","desc":"Larceny","res":""},{"d":"2025-06-26","day":"Thu","time":"06:20","desc":"Larceny","res":""}]}},{"type":"Feature","geometry":{"type":"Polygon","coordinates":[[[-117.36016576791444,33.97608856844312],[-117.35902418154298,33.97777977992938],[-117.36020073241407,33.979409339512515],[-117.3625188841593,33.97934766320249],[-117.36366041664488,33.9776564432853],[-117.36248385127394,33.976026908108885],[-117.36016576791444,33.97608856844312],[-117.36016576791444,33.97608856844312]]]},"properties":{"h3":"8929a007457ffff","count":8,"c3":2,"c6":2,"c12":3,"c24":8,"score":4.2,"risk":8,"peakDay":"Thursday","peakTime":"afternoon","hood":"Eastside","bk12":{"morning":1,"afternoon":1,"evening":1,"night":0},"bk24":{"morning":2,"afternoon":4,"evening":1,"night":1},"sv12":3,"recent":[{"d":"2026-06-10","day":"Wed","time":"07:31","desc":"Motor Vehicle Theft","res":""},{"d":"2026-06-07","day":"Sun","time":"17:08","desc":"Motor Vehicle Theft","res":""},{"d":"2025-08-22","day":"Fri","time":"12:16","desc":"Motor Vehicle Theft","res":""},{"d":"2025-06-26","day":"Thu","time":"15:00","desc":"Motor Vehicle Theft","res":""},{"d":"2025-06-26","day":"Thu","time":"15:00","desc":"Larceny","res":""},{"d":"2025-06-03","day":"Tue","time":"08:00","desc":"Motor Vehicle Theft","res":""},{"d":"2024-08-23","day":"Fri","time":"03:30","desc":"Motor Vehicle Theft","res":""},{"d":"2024-08-07","day":"Wed","time":"14:30","desc":"Motor Vehicle Theft","res":""}]}},{"type":"Feature","geometry":{"type":"Polygon","coordinates":[[[-117.4327463790884,33.93593810842386],[-117.43160665393481,33.93763001055474],[-117.43278347171665,33.93925909637054],[-117.43510002891972,33.939196255582516],[-117.43623970005022,33.93750434510515],[-117.43506286800354,33.9358752837621],[-117.4327463790884,33.93593810842386],[-117.4327463790884,33.93593810842386]]]},"properties":{"h3":"8929a014acfffff","count":5,"c3":1,"c6":2,"c12":3,"c24":5,"score":3.2,"risk":6,"peakDay":"Wednesday","peakTime":"morning","hood":"Ramona","bk12":{"morning":2,"afternoon":1,"evening":0,"night":0},"bk24":{"morning":3,"afternoon":1,"evening":1,"night":0},"recent":[{"d":"2026-05-31","day":"Sun","time":"11:53","desc":"Larceny","res":""},{"d":"2026-04-13","day":"Mon","time":"13:41","desc":"Larceny","res":""},{"d":"2025-10-08","day":"Wed","time":"08:10","desc":"Larceny","res":""},{"d":"2025-07-30","day":"Wed","time":"08:51","desc":"Motor Vehicle Theft","res":""},{"d":"2025-07-02","day":"Wed","time":"19:00","desc":"Larceny","res":""}]}},{"type":"Feature","geometry":{"type":"Polygon","coordinates":[[[-117.48484181970962,33.93285387512435],[-117.48370316987352,33.93454608793629],[-117.48488044727566,33.93617453048324],[-117.48719638861954,33.93611073571552],[-117.4883349843097,33.934418514628],[-117.48715769280474,33.9327900965836],[-117.48484181970962,33.93285387512435],[-117.48484181970962,33.93285387512435]]]},"properties":{"h3":"8929a0149c7ffff","count":2,"c3":0,"c6":0,"c12":1,"c24":2,"score":1.1,"risk":2,"peakDay":"Wednesday","peakTime":"evening","hood":"La Sierra Acres","bk12":{"morning":0,"afternoon":0,"evening":1,"night":0},"bk24":{"morning":0,"afternoon":0,"evening":2,"night":0},"sv12":1,"recent":[{"d":"2025-10-31","day":"Fri","time":"17:52","desc":"Motor Vehicle Theft","res":""},{"d":"2025-07-02","day":"Wed","time":"21:30","desc":"Larceny","res":""}]}},{"type":"Feature","geometry":{"type":"Polygon","coordinates":[[[-117.38077859657344,33.95228593132747],[-117.37963766496513,33.95397742772812],[-117.38081416175521,33.955606998549236],[-117.38313160458625,33.95554504853567],[-117.38427248228157,33.953853543723156],[-117.38309597106162,33.95222399733591],[-117.38077859657344,33.95228593132747],[-117.38077859657344,33.95228593132747]]]},"properties":{"h3":"8929a015aa7ffff","count":5,"c3":2,"c6":2,"c12":3,"c24":5,"score":3.1,"risk":6,"peakDay":"Thursday","peakTime":"morning","hood":"Victoria","bk12":{"morning":2,"afternoon":1,"evening":0,"night":0},"bk24":{"morning":2,"afternoon":2,"evening":1,"night":0},"sv12":1,"recent":[{"d":"2026-06-25","day":"Thu","time":"10:31","desc":"Larceny","res":""},{"d":"2026-06-25","day":"Thu","time":"09:41","desc":"Larceny","res":""},{"d":"2025-08-28","day":"Thu","time":"14:02","desc":"Motor Vehicle Theft","res":""},{"d":"2025-07-06","day":"Sun","time":"19:00","desc":"Larceny","res":""},{"d":"2024-08-25","day":"Sun","time":"16:17","desc":"Motor Vehicle Theft","res":""}]}},{"type":"Feature","geometry":{"type":"Polygon","coordinates":[[[-117.45693591020095,33.92365295867586],[-117.45579679454471,33.925345081878014],[-117.45697371194645,33.92697399632087],[-117.45928975919405,33.926910763067404],[-117.46042882078056,33.925218631547374],[-117.45925188919199,33.92358974159849],[-117.45693591020095,33.92365295867586],[-117.45693591020095,33.92365295867586]]]},"properties":{"h3":"8929a0148cfffff","count":1,"c3":0,"c6":0,"c12":0,"c24":1,"score":0.5,"risk":1,"peakDay":"Monday","peakTime":"night","hood":"Arlington","bk12":{"morning":0,"afternoon":0,"evening":0,"night":0},"bk24":{"morning":0,"afternoon":0,"evening":0,"night":1},"recent":[{"d":"2025-07-07","day":"Mon","time":"00:00","desc":"Larceny","res":""}]}},{"type":"Feature","geometry":{"type":"Polygon","coordinates":[[[-117.29351223052895,33.919696256110235],[-117.29236988793461,33.921387493719365],[-117.29354521119024,33.92301857952941],[-117.2958628917344,33.92295840332157],[-117.297005180659,33.921267157167456],[-117.29582984271194,33.91963609576598],[-117.29351223052895,33.919696256110235],[-117.29351223052895,33.919696256110235]]]},"properties":{"h3":"8929a002103ffff","count":1,"c3":0,"c6":0,"c12":0,"c24":1,"score":0.5,"risk":1,"peakDay":"Wednesday","peakTime":"night","hood":"Sycamore Canyon/Canyon Springs","bk12":{"morning":0,"afternoon":0,"evening":0,"night":0},"bk24":{"morning":0,"afternoon":0,"evening":0,"night":1},"recent":[{"d":"2025-07-09","day":"Wed","time":"02:30","desc":"Larceny","res":""}]}},{"type":"Feature","geometry":{"type":"Polygon","coordinates":[[[-117.50533067193048,33.9023909312501],[-117.50419274254088,33.90408347153076],[-117.50536989280343,33.905712003417136],[-117.50768498649019,33.905647970488594],[-117.50882286171392,33.90395542194873],[-117.50764569741956,33.90232691459644],[-117.50533067193048,33.9023909312501],[-117.50533067193048,33.9023909312501]]]},"properties":{"h3":"8929a0ab657ffff","count":2,"c3":0,"c6":0,"c12":0,"c24":2,"score":0.9,"risk":2,"peakDay":"Wednesday","peakTime":"afternoon","hood":"La Sierra","bk12":{"morning":0,"afternoon":0,"evening":0,"night":0},"bk24":{"morning":0,"afternoon":1,"evening":1,"night":0},"recent":[{"d":"2025-07-09","day":"Wed","time":"16:03","desc":"Larceny","res":""},{"d":"2025-03-12","day":"Wed","time":"21:00","desc":"Motor Vehicle Theft","res":""}]}},{"type":"Feature","geometry":{"type":"Polygon","coordinates":[[[-117.34636039977937,33.98642004162128],[-117.34521843207915,33.98811110179072],[-117.34639496006506,33.98974071949256],[-117.34871347029929,33.989679252632456],[-117.34985538413723,33.987988184017084],[-117.34867884160604,33.98635859070758],[-117.34636039977937,33.98642004162128],[-117.34636039977937,33.98642004162128]]]},"properties":{"h3":"8929a007617ffff","count":6,"c3":0,"c6":1,"c12":1,"c24":6,"score":3,"risk":6,"peakDay":"Thursday","peakTime":"morning","hood":"University","bk12":{"morning":1,"afternoon":0,"evening":0,"night":0},"bk24":{"morning":5,"afternoon":1,"evening":0,"night":0},"recent":[{"d":"2026-04-06","day":"Mon","time":"08:07","desc":"Larceny","res":""},{"d":"2025-07-10","day":"Thu","time":"08:14","desc":"Motor Vehicle Theft","res":""},{"d":"2025-07-10","day":"Thu","time":"07:59","desc":"Motor Vehicle Theft","res":""},{"d":"2025-07-10","day":"Thu","time":"07:45","desc":"Larceny","res":""},{"d":"2025-07-10","day":"Thu","time":"07:18","desc":"Motor Vehicle Theft","res":""},{"d":"2025-02-04","day":"Tue","time":"16:00","desc":"Motor Vehicle Theft","res":""}]}},{"type":"Feature","geometry":{"type":"Polygon","coordinates":[[[-117.43627689620953,33.94082527751538],[-117.4351371920335,33.9425171647066],[-117.43631409456859,33.94414614721946],[-117.4386307155376,33.944083218069565],[-117.4397703656773,33.94239132253865],[-117.43859344888709,33.94076236449713],[-117.43627689620953,33.94082527751538],[-117.43627689620953,33.94082527751538]]]},"properties":{"h3":"8929a014a0bffff","count":3,"c3":0,"c6":1,"c12":2,"c24":3,"score":2,"risk":4,"peakDay":"Thursday","peakTime":"morning","hood":"Ramona","bk12":{"morning":2,"afternoon":0,"evening":0,"night":0},"bk24":{"morning":3,"afternoon":0,"evening":0,"night":0},"recent":[{"d":"2026-04-24","day":"Fri","time":"08:33","desc":"Larceny","res":""},{"d":"2026-02-03","day":"Tue","time":"08:02","desc":"Larceny","res":""},{"d":"2025-07-17","day":"Thu","time":"08:00","desc":"Larceny","res":""}]}},{"type":"Feature","geometry":{"type":"Polygon","coordinates":[[[-117.4393229148954,33.902536666898065],[-117.43818366113607,33.90422884117216],[-117.43936019033654,33.90585823226808],[-117.44167598753505,33.90579542459085],[-117.44281518728758,33.904103241966176],[-117.44163864385118,33.90247387536914],[-117.4393229148954,33.902536666898065],[-117.4393229148954,33.902536666898065]]]},"properties":{"h3":"8929a014167ffff","count":2,"c3":0,"c6":0,"c12":0,"c24":2,"score":0.9,"risk":2,"peakDay":"Friday","peakTime":"afternoon","hood":"Arlington South","bk12":{"morning":0,"afternoon":0,"evening":0,"night":0},"bk24":{"morning":1,"afternoon":1,"evening":0,"night":0},"recent":[{"d":"2025-07-18","day":"Fri","time":"16:16","desc":"Larceny","res":""},{"d":"2025-03-02","day":"Sun","time":"06:00","desc":"Motor Vehicle Theft","res":""}]}},{"type":"Feature","geometry":{"type":"Polygon","coordinates":[[[-117.37407388438031,33.97571796338723],[-117.37293257990042,33.97740925552688],[-117.37410925916993,33.97903863853499],[-117.37642725737881,33.97897670498881],[-117.37756850793939,33.97728540443727],[-117.37639181421319,33.97565604584362],[-117.37407388438031,33.97571796338723],[-117.37407388438031,33.97571796338723]]]},"properties":{"h3":"8929a0074abffff","count":10,"c3":1,"c6":1,"c12":4,"c24":10,"score":4.8,"risk":9,"peakDay":"Wednesday","peakTime":"afternoon","hood":"Downtown","bk12":{"morning":1,"afternoon":2,"evening":1,"night":0},"bk24":{"morning":1,"afternoon":4,"evening":3,"night":2},"sv12":3,"recent":[{"d":"2026-05-14","day":"Thu","time":"18:41","desc":"Motor Vehicle Theft","res":""},{"d":"2025-11-23","day":"Sun","time":"13:13","desc":"Motor Vehicle Theft","res":""},{"d":"2025-11-12","day":"Wed","time":"11:09","desc":"Larceny","res":""},{"d":"2025-10-30","day":"Thu","time":"15:53","desc":"Motor Vehicle Theft","res":""},{"d":"2025-07-22","day":"Tue","time":"22:00","desc":"Larceny","res":""},{"d":"2025-07-21","day":"Mon","time":"18:00","desc":"Larceny","res":""},{"d":"2025-02-12","day":"Wed","time":"17:00","desc":"Motor Vehicle Theft","res":""},{"d":"2024-09-02","day":"Mon","time":"12:55","desc":"Motor Vehicle Theft","res":""},{"d":"2024-08-21","day":"Wed","time":"00:00","desc":"Motor Vehicle Theft","res":""},{"d":"2024-08-10","day":"Sat","time":"12:24","desc":"Motor Vehicle Theft","res":""}]}},{"type":"Feature","geometry":{"type":"Polygon","coordinates":[[[-117.4570115159271,33.93029497134972],[-117.45587233424428,33.93198704810248],[-117.45704932214309,33.93361588374186],[-117.4593655059159,33.93355261813879],[-117.46050463352246,33.931860533070896],[-117.4593276314353,33.93023172192101],[-117.4570115159271,33.93029497134972],[-117.4570115159271,33.93029497134972]]]},"properties":{"h3":"8929a014847ffff","count":4,"c3":0,"c6":0,"c12":3,"c24":4,"score":2.3,"risk":4,"peakDay":"Thursday","peakTime":"morning","hood":"Arlanza","bk12":{"morning":2,"afternoon":1,"evening":0,"night":0},"bk24":{"morning":3,"afternoon":1,"evening":0,"night":0},"sv12":1,"recent":[{"d":"2025-12-18","day":"Thu","time":"06:28","desc":"Larceny","res":""},{"d":"2025-11-13","day":"Thu","time":"06:44","desc":"Motor Vehicle Theft","res":""},{"d":"2025-09-01","day":"Mon","time":"12:18","desc":"Larceny","res":""},{"d":"2025-07-22","day":"Tue","time":"07:50","desc":"Larceny","res":""}]}},{"type":"Feature","geometry":{"type":"Polygon","coordinates":[[[-117.45385784772925,33.95861572816078],[-117.4527183147359,33.960307587052995],[-117.45389557050244,33.961936131553834],[-117.45621237347028,33.961872792693605],[-117.45735185236755,33.960180925493],[-117.4561745823958,33.95855240546084],[-117.45385784772925,33.95861572816078],[-117.45385784772925,33.95861572816078]]]},"properties":{"h3":"8929a0064b7ffff","count":2,"c3":0,"c6":0,"c12":0,"c24":2,"score":0.9,"risk":2,"peakDay":"Thursday","peakTime":"afternoon","hood":"Airport","bk12":{"morning":0,"afternoon":0,"evening":0,"night":0},"bk24":{"morning":0,"afternoon":2,"evening":0,"night":0},"recent":[{"d":"2025-07-24","day":"Thu","time":"15:17","desc":"Larceny","res":""},{"d":"2025-06-05","day":"Thu","time":"14:56","desc":"Motor Vehicle Theft","res":""}]}},{"type":"Feature","geometry":{"type":"Polygon","coordinates":[[[-117.33539644218233,33.9352163766445],[-117.33425477745017,33.93690773982104],[-117.33543066321764,33.93853810057905],[-117.33774822828602,33.93847707373948],[-117.33888983923178,33.936785702081785],[-117.33771393889835,33.935155365744635],[-117.33539644218233,33.9352163766445],[-117.33539644218233,33.9352163766445]]]},"properties":{"h3":"8929a002dc3ffff","count":2,"c3":0,"c6":0,"c12":1,"c24":2,"score":1,"risk":2,"peakDay":"Friday","peakTime":"night","hood":"Canyon Crest","bk12":{"morning":0,"afternoon":0,"evening":1,"night":0},"bk24":{"morning":0,"afternoon":0,"evening":1,"night":1},"recent":[{"d":"2025-10-06","day":"Mon","time":"19:19","desc":"Larceny","res":""},{"d":"2025-07-25","day":"Fri","time":"00:00","desc":"Larceny","res":""}]}},{"type":"Feature","geometry":{"type":"Polygon","coordinates":[[[-117.38762334523935,33.94213656681268],[-117.38648265390614,33.94382817350693],[-117.38765910909817,33.94545777425137],[-117.38997627003228,33.945395743857],[-117.39111690744569,33.94370412875635],[-117.38994043784759,33.9420745524563],[-117.38762334523935,33.94213656681268],[-117.38762334523935,33.94213656681268]]]},"properties":{"h3":"8929a01580bffff","count":3,"c3":0,"c6":0,"c12":1,"c24":3,"score":1.6,"risk":3,"peakDay":"Friday","peakTime":"morning","hood":"Victoria","bk12":{"morning":0,"afternoon":0,"evening":1,"night":0},"bk24":{"morning":2,"afternoon":0,"evening":1,"night":0},"recent":[{"d":"2025-12-22","day":"Mon","time":"18:18","desc":"Larceny","res":""},{"d":"2025-07-25","day":"Fri","time":"08:50","desc":"Larceny","res":""},{"d":"2025-07-25","day":"Fri","time":"08:50","desc":"Larceny","res":""}]}},{"type":"Feature","geometry":{"type":"Polygon","coordinates":[[[-117.43620250609044,33.934183350009306],[-117.43506286800354,33.9358752837621],[-117.43623970005022,33.93750434510515],[-117.43855618444027,33.93744144821942],[-117.43969576849744,33.93574950612421],[-117.43851892219706,33.93412046925696],[-117.43620250609044,33.934183350009306],[-117.43620250609044,33.934183350009306]]]},"properties":{"h3":"8929a014ac7ffff","count":6,"c3":0,"c6":1,"c12":4,"c24":6,"score":3.3,"risk":6,"peakDay":"Wednesday","peakTime":"night","hood":"Ramona","bk12":{"morning":2,"afternoon":0,"evening":2,"night":0},"bk24":{"morning":2,"afternoon":0,"evening":2,"night":2},"sv12":1,"recent":[{"d":"2026-03-26","day":"Thu","time":"08:15","desc":"Larceny","res":""},{"d":"2025-08-20","day":"Wed","time":"17:16","desc":"Larceny","res":""},{"d":"2025-08-20","day":"Wed","time":"09:45","desc":"Larceny","res":""},{"d":"2025-08-15","day":"Fri","time":"19:09","desc":"Motor Vehicle Theft","res":""},{"d":"2025-07-26","day":"Sat","time":"02:00","desc":"Larceny","res":""},{"d":"2025-07-09","day":"Wed","time":"00:00","desc":"Motor Vehicle Theft","res":""}]}},{"type":"Feature","geometry":{"type":"Polygon","coordinates":[[[-117.48798650758022,33.90453030040676],[-117.4868482086308,33.90622273000032],[-117.48802521806171,33.90785146325537],[-117.49034054053072,33.90778774239325],[-117.49147878535398,33.90609530451729],[-117.4903017618371,33.90446659578567],[-117.48798650758022,33.90453030040676],[-117.48798650758022,33.90453030040676]]]},"properties":{"h3":"8929a014d9bffff","count":1,"c3":0,"c6":0,"c12":0,"c24":1,"score":0.5,"risk":1,"peakDay":"Saturday","peakTime":"morning","hood":"La Sierra","bk12":{"morning":0,"afternoon":0,"evening":0,"night":0},"bk24":{"morning":1,"afternoon":0,"evening":0,"night":0},"recent":[{"d":"2025-07-26","day":"Sat","time":"10:11","desc":"Larceny","res":""}]}},{"type":"Feature","geometry":{"type":"Polygon","coordinates":[[[-117.29334735647876,33.90308370035001],[-117.29220517988962,33.90477505470013],[-117.29338032738855,33.90640633658871],[-117.29569766616707,33.906346239707304],[-117.29683978910282,33.904654876805374],[-117.29566462691628,33.90302361933648],[-117.29334735647876,33.90308370035001],[-117.29334735647876,33.90308370035001]]]},"properties":{"h3":"8929a002577ffff","count":2,"c3":0,"c6":0,"c12":0,"c24":2,"score":1,"risk":2,"peakDay":"Saturday","peakTime":"evening","hood":"Orangecrest","bk12":{"morning":0,"afternoon":0,"evening":0,"night":0},"bk24":{"morning":0,"afternoon":0,"evening":1,"night":1},"recent":[{"d":"2025-07-26","day":"Sat","time":"17:00","desc":"Larceny","res":""},{"d":"2025-06-26","day":"Thu","time":"00:00","desc":"Motor Vehicle Theft","res":""}]}},{"type":"Feature","geometry":{"type":"Polygon","coordinates":[[[-117.46764348366422,33.94827385429962],[-117.46650433220351,33.94996586293789],[-117.46768160945545,33.95159434902453],[-117.46999805233087,33.951530801989726],[-117.47113714967224,33.94983878505808],[-117.46995985826034,33.94821032345444],[-117.46764348366422,33.94827385429962],[-117.46764348366422,33.94827385429962]]]},"properties":{"h3":"8929a014b17ffff","count":2,"c3":0,"c6":0,"c12":0,"c24":2,"score":0.8,"risk":2,"peakDay":"Monday","peakTime":"afternoon","hood":"Arlanza","bk12":{"morning":0,"afternoon":0,"evening":0,"night":0},"bk24":{"morning":0,"afternoon":2,"evening":0,"night":0},"recent":[{"d":"2025-07-28","day":"Mon","time":"13:28","desc":"Larceny","res":""},{"d":"2024-11-29","day":"Fri","time":"12:00","desc":"Motor Vehicle Theft","res":""}]}},{"type":"Feature","geometry":{"type":"Polygon","coordinates":[[[-117.34618762902277,33.9698157075721],[-117.34504582720773,33.971506885280256],[-117.3462221790851,33.973136700272555],[-117.34854034732182,33.97307531315313],[-117.34968209529094,33.9713841269923],[-117.34850572887204,33.96975433640341],[-117.34618762902277,33.9698157075721],[-117.34618762902277,33.9698157075721]]]},"properties":{"h3":"8929a00293bffff","count":9,"c3":2,"c6":3,"c12":4,"c24":9,"score":5.1,"risk":10,"peakDay":"Tuesday","peakTime":"evening","hood":"University","bk12":{"morning":1,"afternoon":0,"evening":2,"night":1},"bk24":{"morning":1,"afternoon":0,"evening":5,"night":3},"sv12":1,"recent":[{"d":"2026-07-25","day":"Sat","time":"22:40","desc":"Larceny","res":""},{"d":"2026-06-11","day":"Thu","time":"20:23","desc":"Larceny","res":""},{"d":"2026-05-04","day":"Mon","time":"18:12","desc":"Motor Vehicle Theft","res":""},{"d":"2025-12-13","day":"Sat","time":"10:43","desc":"Larceny","res":""},{"d":"2025-07-29","day":"Tue","time":"19:46","desc":"Larceny","res":""},{"d":"2025-02-25","day":"Tue","time":"01:01","desc":"Motor Vehicle Theft","res":""},{"d":"2025-02-19","day":"Wed","time":"18:30","desc":"Motor Vehicle Theft","res":""},{"d":"2024-10-03","day":"Thu","time":"17:17","desc":"Motor Vehicle Theft","res":""},{"d":"2024-09-23","day":"Mon","time":"01:30","desc":"Motor Vehicle Theft","res":""}]}},{"type":"Feature","geometry":{"type":"Polygon","coordinates":[[[-117.35625299494775,33.93466573670661],[-117.3551117525106,33.93635722080669],[-117.35628783109601,33.937987317023016],[-117.35860516662271,33.937925904706546],[-117.35974635522336,33.93623441215383],[-117.35857026213665,33.934604340370065],[-117.35625299494775,33.93466573670661],[-117.35625299494775,33.93466573670661]]]},"properties":{"h3":"8929a015e4fffff","count":2,"c3":0,"c6":0,"c12":1,"c24":2,"score":1.1,"risk":2,"peakDay":"Thursday","peakTime":"night","hood":"Canyon Crest","bk12":{"morning":1,"afternoon":0,"evening":0,"night":0},"bk24":{"morning":1,"afternoon":0,"evening":0,"night":1},"recent":[{"d":"2025-12-11","day":"Thu","time":"06:53","desc":"Larceny","res":""},{"d":"2025-07-31","day":"Thu","time":"04:30","desc":"Larceny","res":""}]}},{"type":"Feature","geometry":{"type":"Polygon","coordinates":[[[-117.4018149663884,33.9683309698599],[-117.40067429220296,33.97002246983738],[-117.40185115729969,33.97165157851102],[-117.40416871095358,33.97158916277268],[-117.40530933115956,33.96989765441868],[-117.40413245169395,33.96826857017938],[-117.4018149663884,33.9683309698599],[-117.4018149663884,33.9683309698599]]]},"properties":{"h3":"8929a015b37ffff","count":3,"c3":0,"c6":0,"c12":2,"c24":3,"score":1.5,"risk":3,"peakDay":"Monday","peakTime":"afternoon","hood":"Grand","bk12":{"morning":0,"afternoon":2,"evening":0,"night":0},"bk24":{"morning":0,"afternoon":2,"evening":0,"night":1},"recent":[{"d":"2025-08-11","day":"Mon","time":"16:20","desc":"Larceny","res":""},{"d":"2025-08-11","day":"Mon","time":"16:20","desc":"Larceny","res":""},{"d":"2025-08-04","day":"Mon","time":"23:30","desc":"Larceny","res":""}]}},{"type":"Feature","geometry":{"type":"Polygon","coordinates":[[[-117.33159612419809,33.903748084297845],[-117.33045470412345,33.90543964896702],[-117.33163022353773,33.90707042689345],[-117.3339471775989,33.90700961571049],[-117.33508854392655,33.905318042542454],[-117.33391300994278,33.903687289056066],[-117.33159612419809,33.903748084297845],[-117.33159612419809,33.903748084297845]]]},"properties":{"h3":"8929a0152b7ffff","count":1,"c3":0,"c6":0,"c12":0,"c24":1,"score":0.5,"risk":1,"peakDay":"Wednesday","peakTime":"morning","hood":"Mission Grove","bk12":{"morning":0,"afternoon":0,"evening":0,"night":0},"bk24":{"morning":1,"afternoon":0,"evening":0,"night":0},"recent":[{"d":"2025-08-06","day":"Wed","time":"05:30","desc":"Larceny","res":""}]}},{"type":"Feature","geometry":{"type":"Polygon","coordinates":[[[-117.43616531433003,33.9308622922484],[-117.43502570928477,33.93255424926593],[-117.43620250609044,33.934183350009306],[-117.43851892219706,33.93412046925696],[-117.4396584732158,33.93242850389567],[-117.43848166215722,33.930799427630305],[-117.43616531433003,33.9308622922484],[-117.43616531433003,33.9308622922484]]]},"properties":{"h3":"8929a014ad7ffff","count":2,"c3":0,"c6":0,"c12":0,"c24":2,"score":0.8,"risk":2,"peakDay":"Wednesday","peakTime":"morning","hood":"Ramona","bk12":{"morning":0,"afternoon":0,"evening":0,"night":0},"bk24":{"morning":1,"afternoon":1,"evening":0,"night":0},"recent":[{"d":"2025-08-06","day":"Wed","time":"07:15","desc":"Larceny","res":""},{"d":"2024-11-20","day":"Wed","time":"14:30","desc":"Motor Vehicle Theft","res":""}]}},{"type":"Feature","geometry":{"type":"Polygon","coordinates":[[[-117.48131017793835,33.92796832580936],[-117.48017150695168,33.92966055354769],[-117.48134869971152,33.9312890994648],[-117.48366457757342,33.93122539313941],[-117.48480319442739,33.92953315711866],[-117.483625987555,33.92790463570555],[-117.48131017793835,33.92796832580936],[-117.48131017793835,33.92796832580936]]]},"properties":{"h3":"8929a0149d3ffff","count":2,"c3":0,"c6":0,"c12":2,"c24":2,"score":1.1,"risk":2,"peakDay":"Wednesday","peakTime":"night","hood":"La Sierra Acres","bk12":{"morning":1,"afternoon":0,"evening":0,"night":1},"bk24":{"morning":1,"afternoon":0,"evening":0,"night":1},"recent":[{"d":"2025-09-30","day":"Tue","time":"05:51","desc":"Larceny","res":""},{"d":"2025-08-06","day":"Wed","time":"23:50","desc":"Larceny","res":""}]}},{"type":"Feature","geometry":{"type":"Polygon","coordinates":[[[-117.32800177469456,33.892210422125956],[-117.3268604003361,33.89390204808691],[-117.32803576452118,33.89553300728342],[-117.33035251764514,33.895472316072954],[-117.33149383827642,33.893780681603616],[-117.33031845951373,33.89214974685298],[-117.32800177469456,33.892210422125956],[-117.32800177469456,33.892210422125956]]]},"properties":{"h3":"8929a015627ffff","count":2,"c3":0,"c6":0,"c12":1,"c24":2,"score":0.9,"risk":2,"peakDay":"Thursday","peakTime":"night","hood":"Orangecrest","bk12":{"morning":0,"afternoon":0,"evening":0,"night":1},"bk24":{"morning":0,"afternoon":0,"evening":1,"night":1},"recent":[{"d":"2025-08-07","day":"Thu","time":"00:00","desc":"Larceny","res":""},{"d":"2025-04-13","day":"Sun","time":"20:00","desc":"Motor Vehicle Theft","res":""}]}},{"type":"Feature","geometry":{"type":"Polygon","coordinates":[[[-117.32820574380551,33.91214499593736],[-117.3270641705234,33.91383648220972],[-117.32823974569388,33.9154672060974],[-117.33055690873142,33.91540641928004],[-117.33169842826672,33.913714924507474],[-117.33052283851406,33.91208422505233],[-117.32820574380551,33.91214499593736],[-117.32820574380551,33.91214499593736]]]},"properties":{"h3":"8929a015237ffff","count":1,"c3":0,"c6":0,"c12":1,"c24":1,"score":0.5,"risk":1,"peakDay":"Friday","peakTime":"morning","hood":"Mission Grove","bk12":{"morning":1,"afternoon":0,"evening":0,"night":0},"bk24":{"morning":1,"afternoon":0,"evening":0,"night":0},"recent":[{"d":"2025-08-08","day":"Fri","time":"09:57","desc":"Larceny","res":""}]}},{"type":"Feature","geometry":{"type":"Polygon","coordinates":[[[-117.34296883718474,33.99481377383189],[-117.34182671606814,33.99650475490248],[-117.34300329995425,33.998134318004205],[-117.34532201951771,33.9980728756503],[-117.34646408677219,33.99638188613241],[-117.34528748832811,33.99475234741554],[-117.34296883718474,33.99481377383189],[-117.34296883718474,33.99481377383189]]]},"properties":{"h3":"8929a007677ffff","count":4,"c3":0,"c6":0,"c12":4,"c24":4,"score":2.1,"risk":4,"peakDay":"Friday","peakTime":"afternoon","hood":"Hunter Industrial Park","bk12":{"morning":1,"afternoon":1,"evening":1,"night":1},"bk24":{"morning":1,"afternoon":1,"evening":1,"night":1},"sv12":2,"recent":[{"d":"2025-10-29","day":"Wed","time":"06:20","desc":"Larceny","res":""},{"d":"2025-09-05","day":"Fri","time":"22:57","desc":"Motor Vehicle Theft","res":""},{"d":"2025-08-12","day":"Tue","time":"17:00","desc":"Motor Vehicle Theft","res":""},{"d":"2025-08-08","day":"Fri","time":"16:20","desc":"Larceny","res":""}]}},{"type":"Feature","geometry":{"type":"Polygon","coordinates":[[[-117.47747154386205,33.89651307983877],[-117.47633311556532,33.89820550766207],[-117.47750994169371,33.89983447186518],[-117.47982521023809,33.89977098372152],[-117.48096358444177,33.89807854759808],[-117.47978674419689,33.896449607918285],[-117.47747154386205,33.89651307983877],[-117.47747154386205,33.89651307983877]]]},"properties":{"h3":"8929a016b4fffff","count":1,"c3":0,"c6":0,"c12":1,"c24":1,"score":0.5,"risk":1,"peakDay":"Saturday","peakTime":"night","hood":"La Sierra South","bk12":{"morning":0,"afternoon":0,"evening":0,"night":1},"bk24":{"morning":0,"afternoon":0,"evening":0,"night":1},"recent":[{"d":"2025-08-09","day":"Sat","time":"04:52","desc":"Larceny","res":""}]}},{"type":"Feature","geometry":{"type":"Polygon","coordinates":[[[-117.43950931414021,33.919143868652114],[-117.43836989525587,33.920835926970646],[-117.43954660060186,33.9224651213713],[-117.44186273907458,33.92240223296552],[-117.44300210393565,33.92071016630321],[-117.44182538435005,33.91908099639029],[-117.43950931414021,33.919143868652114],[-117.43950931414021,33.919143868652114]]]},"properties":{"h3":"8929a014e0fffff","count":1,"c3":0,"c6":0,"c12":1,"c24":1,"score":0.5,"risk":1,"peakDay":"Saturday","peakTime":"evening","hood":"Arlington","bk12":{"morning":0,"afternoon":0,"evening":1,"night":0},"bk24":{"morning":0,"afternoon":0,"evening":1,"night":0},"recent":[{"d":"2025-08-09","day":"Sat","time":"17:14","desc":"Larceny","res":""}]}},{"type":"Feature","geometry":{"type":"Polygon","coordinates":[[[-117.47071677609367,33.91330981811774],[-117.46957804174303,33.915002090521945],[-117.47075498057711,33.9166309463488],[-117.47307066790623,33.91656750526297],[-117.47420934816385,33.91487522455591],[-117.47303239518814,33.91324639323736],[-117.47071677609367,33.91330981811774],[-117.47071677609367,33.91330981811774]]]},"properties":{"h3":"8929a014c2fffff","count":8,"c3":1,"c6":1,"c12":4,"c24":8,"score":4.2,"risk":8,"peakDay":"Sunday","peakTime":"night","hood":"La Sierra","bk12":{"morning":0,"afternoon":1,"evening":0,"night":3},"bk24":{"morning":2,"afternoon":3,"evening":0,"night":3},"sv12":1,"recent":[{"d":"2026-05-08","day":"Fri","time":"04:47","desc":"Motor Vehicle Theft","res":""},{"d":"2026-01-14","day":"Wed","time":"16:25","desc":"Larceny","res":""},{"d":"2025-12-17","day":"Wed","time":"02:45","desc":"Larceny","res":""},{"d":"2025-08-10","day":"Sun","time":"23:00","desc":"Larceny","res":""},{"d":"2025-06-26","day":"Thu","time":"05:34","desc":"Motor Vehicle Theft","res":""},{"d":"2025-03-16","day":"Sun","time":"07:00","desc":"Motor Vehicle Theft","res":""},{"d":"2025-03-15","day":"Sat","time":"15:00","desc":"Motor Vehicle Theft","res":""},{"d":"2024-09-26","day":"Thu","time":"12:00","desc":"Motor Vehicle Theft","res":""}]}},{"type":"Feature","geometry":{"type":"Polygon","coordinates":[[[-117.44322647686622,33.94063641013319],[-117.44208691381175,33.9423283372872],[-117.44326388009482,33.94395723142896],[-117.44558042366869,33.943894173941345],[-117.44671993267019,33.942202238457185],[-117.44554295215355,33.9405733687906],[-117.44322647686622,33.94063641013319],[-117.44322647686622,33.94063641013319]]]},"properties":{"h3":"8929a014a07ffff","count":2,"c3":0,"c6":0,"c12":2,"c24":2,"score":1.1,"risk":2,"peakDay":"Wednesday","peakTime":"morning","hood":"Ramona","bk12":{"morning":1,"afternoon":0,"evening":0,"night":1},"bk24":{"morning":1,"afternoon":0,"evening":0,"night":1},"sv12":1,"recent":[{"d":"2025-12-12","day":"Fri","time":"01:26","desc":"Motor Vehicle Theft","res":""},{"d":"2025-08-13","day":"Wed","time":"07:54","desc":"Larceny","res":""}]}},{"type":"Feature","geometry":{"type":"Polygon","coordinates":[[[-117.41200626045361,33.94646481589563],[-117.4108660129306,33.94815652801283],[-117.41204274488938,33.94978576060145],[-117.4143597387057,33.94972325661815],[-117.41549993224565,33.94803153612994],[-117.41432318595517,33.94640232799587],[-117.41200626045361,33.94646481589563],[-117.41200626045361,33.94646481589563]]]},"properties":{"h3":"8929a0159c7ffff","count":2,"c3":0,"c6":0,"c12":1,"c24":2,"score":1,"risk":2,"peakDay":"Wednesday","peakTime":"afternoon","hood":"Magnolia Center","bk12":{"morning":0,"afternoon":1,"evening":0,"night":0},"bk24":{"morning":1,"afternoon":1,"evening":0,"night":0},"recent":[{"d":"2025-08-13","day":"Wed","time":"12:00","desc":"Larceny","res":""},{"d":"2025-07-12","day":"Sat","time":"10:52","desc":"Motor Vehicle Theft","res":""}]}},{"type":"Feature","geometry":{"type":"Polygon","coordinates":[[[-117.44303949389639,33.92403136351207],[-117.44190009600784,33.92572340694976],[-117.4430768860679,33.927352498120115],[-117.44539308824923,33.92728952136631],[-117.44653243210125,33.925597469591665],[-117.44535562781125,33.923968402907626],[-117.44303949389639,33.92403136351207],[-117.44303949389639,33.92403136351207]]]},"properties":{"h3":"8929a014e2bffff","count":4,"c3":0,"c6":0,"c12":1,"c24":4,"score":1.4,"risk":3,"peakDay":"Tuesday","peakTime":"morning","hood":"Arlington","bk12":{"morning":0,"afternoon":1,"evening":0,"night":0},"bk24":{"morning":2,"afternoon":1,"evening":1,"night":0},"recent":[{"d":"2025-08-13","day":"Wed","time":"13:01","desc":"Larceny","res":""},{"d":"2024-12-10","day":"Tue","time":"10:00","desc":"Motor Vehicle Theft","res":""},{"d":"2024-12-10","day":"Tue","time":"10:00","desc":"Motor Vehicle Theft","res":""},{"d":"2024-10-18","day":"Fri","time":"19:00","desc":"Motor Vehicle Theft","res":""}]}},{"type":"Feature","geometry":{"type":"Polygon","coordinates":[[[-117.4565202384637,33.88711741779351],[-117.4553814858172,33.8888097957014],[-117.45655801563561,33.890439142859414],[-117.45887331228211,33.89037608759082],[-117.46001201089516,33.88868370135008],[-117.45883546689787,33.88705437871057],[-117.4565202384637,33.88711741779351],[-117.4565202384637,33.88711741779351]]]},"properties":{"h3":"8929a016a7bffff","count":2,"c3":0,"c6":0,"c12":2,"c24":2,"score":1.1,"risk":2,"peakDay":"Wednesday","peakTime":"evening","hood":"La Sierra South","bk12":{"morning":1,"afternoon":0,"evening":1,"night":0},"bk24":{"morning":1,"afternoon":0,"evening":1,"night":0},"recent":[{"d":"2025-10-07","day":"Tue","time":"06:33","desc":"Larceny","res":""},{"d":"2025-08-13","day":"Wed","time":"20:30","desc":"Larceny","res":""}]}},{"type":"Feature","geometry":{"type":"Polygon","coordinates":[[[-117.35310709882911,33.9663104577138],[-117.35196547104339,33.96800169926788],[-117.35314185199262,33.96963146545031],[-117.35545987524958,33.969569965669],[-117.356601449176,33.967878715670395],[-117.35542505370759,33.96624897389748],[-117.35310709882911,33.9663104577138],[-117.35310709882911,33.9663104577138]]]},"properties":{"h3":"8929a0029afffff","count":6,"c3":2,"c6":2,"c12":4,"c24":6,"score":3.7,"risk":7,"peakDay":"Monday","peakTime":"afternoon","hood":"Eastside","bk12":{"morning":2,"afternoon":2,"evening":0,"night":0},"bk24":{"morning":2,"afternoon":2,"evening":0,"night":2},"sv12":1,"recent":[{"d":"2026-07-14","day":"Tue","time":"10:51","desc":"Larceny","res":""},{"d":"2026-05-13","day":"Wed","time":"06:08","desc":"Motor Vehicle Theft","res":""},{"d":"2026-01-08","day":"Thu","time":"15:47","desc":"Larceny","res":""},{"d":"2025-08-18","day":"Mon","time":"14:00","desc":"Larceny","res":""},{"d":"2025-06-09","day":"Mon","time":"03:00","desc":"Motor Vehicle Theft","res":""},{"d":"2024-11-19","day":"Tue","time":"23:00","desc":"Motor Vehicle Theft","res":""}]}},{"type":"Feature","geometry":{"type":"Polygon","coordinates":[[[-117.46380776335046,33.91682101326019],[-117.4626688548494,33.91851322269455],[-117.46384576536688,33.92014212752895],[-117.46616159855208,33.92007879842652],[-117.46730045297346,33.9183865806811],[-117.4661235282921,33.91675770034897],[-117.46380776335046,33.91682101326019],[-117.46380776335046,33.91682101326019]]]},"properties":{"h3":"8929a01489bffff","count":2,"c3":1,"c6":1,"c12":2,"c24":2,"score":1.4,"risk":3,"peakDay":"Monday","peakTime":"evening","hood":"La Sierra","bk12":{"morning":0,"afternoon":1,"evening":1,"night":0},"bk24":{"morning":0,"afternoon":1,"evening":1,"night":0},"recent":[{"d":"2026-06-13","day":"Sat","time":"15:20","desc":"Larceny","res":""},{"d":"2025-08-18","day":"Mon","time":"19:30","desc":"Larceny","res":""}]}},{"type":"Feature","geometry":{"type":"Polygon","coordinates":[[[-117.35698498701518,34.00440572793705],[-117.3558430482283,34.00609671918839],[-117.35701986647294,34.00772598713131],[-117.35933863802427,34.0076642394368],[-117.36048052290573,34.00597323976123],[-117.35930369014405,34.00434399620425],[-117.35698498701518,34.00440572793705],[-117.35698498701518,34.00440572793705]]]},"properties":{"h3":"8929a00704fffff","count":7,"c3":2,"c6":2,"c12":4,"c24":7,"score":3.8,"risk":7,"peakDay":"Tuesday","peakTime":"afternoon","hood":"Northside","bk12":{"morning":1,"afternoon":2,"evening":0,"night":1},"bk24":{"morning":1,"afternoon":2,"evening":2,"night":2},"sv12":2,"recent":[{"d":"2026-06-05","day":"Fri","time":"23:42","desc":"Motor Vehicle Theft","res":""},{"d":"2026-06-02","day":"Tue","time":"16:00","desc":"Larceny","res":""},{"d":"2025-12-02","day":"Tue","time":"16:29","desc":"Motor Vehicle Theft","res":""},{"d":"2025-08-20","day":"Wed","time":"10:49","desc":"Larceny","res":""},{"d":"2025-02-03","day":"Mon","time":"17:46","desc":"Motor Vehicle Theft","res":""},{"d":"2024-11-28","day":"Thu","time":"18:00","desc":"Motor Vehicle Theft","res":""},{"d":"2024-09-02","day":"Mon","time":"00:56","desc":"Motor Vehicle Theft","res":""}]}},{"type":"Feature","geometry":{"type":"Polygon","coordinates":[[[-117.50179941146503,33.89750511424753],[-117.50066146086219,33.89919766935061],[-117.50183852657025,33.900826304493776],[-117.50415355692547,33.90076235999817],[-117.50529145337565,33.89906979662905],[-117.50411437362607,33.89744118602141],[-117.50179941146503,33.89750511424753],[-117.50179941146503,33.89750511424753]]]},"properties":{"h3":"8929a0ab6cbffff","count":1,"c3":0,"c6":0,"c12":1,"c24":1,"score":0.5,"risk":1,"peakDay":"Friday","peakTime":"night","hood":"La Sierra","bk12":{"morning":0,"afternoon":0,"evening":0,"night":1},"bk24":{"morning":0,"afternoon":0,"evening":0,"night":1},"recent":[{"d":"2025-08-22","day":"Fri","time":"00:00","desc":"Larceny","res":""}]}},{"type":"Feature","geometry":{"type":"Polygon","coordinates":[[[-117.33139157049696,33.88381271698066],[-117.33025034929173,33.88550442115363],[-117.33142565774129,33.887135434257196],[-117.33374220196383,33.887074718734226],[-117.33488336944171,33.885383006054205],[-117.33370804642719,33.88375201740404],[-117.33139157049696,33.88381271698066],[-117.33139157049696,33.88381271698066]]]},"properties":{"h3":"8929a0156a7ffff","count":1,"c3":0,"c6":0,"c12":1,"c24":1,"score":0.5,"risk":1,"peakDay":"Friday","peakTime":"evening","hood":"Orangecrest","bk12":{"morning":0,"afternoon":0,"evening":1,"night":0},"bk24":{"morning":0,"afternoon":0,"evening":1,"night":0},"recent":[{"d":"2025-08-22","day":"Fri","time":"18:30","desc":"Larceny","res":""}]}},{"type":"Feature","geometry":{"type":"Polygon","coordinates":[[[-117.32101778481245,33.889069495882545],[-117.31987630302953,33.890761104810394],[-117.3210515677173,33.89239219125575],[-117.32336832878919,33.89233164432888],[-117.3245097568649,33.89064002688175],[-117.32333447757868,33.88900896488061],[-117.32101778481245,33.889069495882545],[-117.32101778481245,33.889069495882545]]]},"properties":{"h3":"8929a01563bffff","count":1,"c3":0,"c6":0,"c12":1,"c24":1,"score":0.5,"risk":1,"peakDay":"Sunday","peakTime":"morning","hood":"Orangecrest","bk12":{"morning":1,"afternoon":0,"evening":0,"night":0},"bk24":{"morning":1,"afternoon":0,"evening":0,"night":0},"recent":[{"d":"2025-08-24","day":"Sun","time":"08:33","desc":"Larceny","res":""}]}},{"type":"Feature","geometry":{"type":"Polygon","coordinates":[[[-117.31393326207096,33.87595923579894],[-117.31279177237856,33.87765089735507],[-117.31396683210897,33.87928222844483],[-117.31628339615142,33.87922187352909],[-117.31742483216638,33.87753020343871],[-117.31624975781911,33.87589889679815],[-117.31393326207096,33.87595923579894],[-117.31393326207096,33.87595923579894]]]},"properties":{"h3":"8929a0156d7ffff","count":2,"c3":0,"c6":0,"c12":2,"c24":2,"score":1.1,"risk":2,"peakDay":"Sunday","peakTime":"afternoon","hood":"Orangecrest","bk12":{"morning":0,"afternoon":2,"evening":0,"night":0},"bk24":{"morning":0,"afternoon":2,"evening":0,"night":0},"recent":[{"d":"2025-09-15","day":"Mon","time":"14:54","desc":"Larceny","res":""},{"d":"2025-08-24","day":"Sun","time":"13:42","desc":"Larceny","res":""}]}},{"type":"Feature","geometry":{"type":"Polygon","coordinates":[[[-117.36701444480427,33.96594091189675],[-117.36587309880933,33.96763223411031],[-117.36704960821446,33.96926182377637],[-117.36936747809327,33.96920006681143],[-117.37050877019543,33.96750873617239],[-117.36933224631431,33.965879170923586],[-117.36701444480427,33.96594091189675],[-117.36701444480427,33.96594091189675]]]},"properties":{"h3":"8929a00749bffff","count":1,"c3":0,"c6":0,"c12":1,"c24":1,"score":0.5,"risk":1,"peakDay":"Wednesday","peakTime":"evening","hood":"Eastside","bk12":{"morning":0,"afternoon":0,"evening":1,"night":0},"bk24":{"morning":0,"afternoon":0,"evening":1,"night":0},"recent":[{"d":"2025-08-27","day":"Wed","time":"20:00","desc":"Larceny","res":""}]}},{"type":"Feature","geometry":{"type":"Polygon","coordinates":[[[-117.42215635318996,33.92127474261306],[-117.42101656519141,33.92296668944966],[-117.42219312871491,33.92459608497338],[-117.42450949453362,33.924533509183334],[-117.42564922854882,33.92284155397983],[-117.42447265073146,33.921212182933125],[-117.42215635318996,33.92127474261306],[-117.42215635318996,33.92127474261306]]]},"properties":{"h3":"8929a015d87ffff","count":5,"c3":0,"c6":0,"c12":3,"c24":5,"score":2.2,"risk":4,"peakDay":"Monday","peakTime":"morning","hood":"Presidential Park","bk12":{"morning":2,"afternoon":1,"evening":0,"night":0},"bk24":{"morning":2,"afternoon":1,"evening":0,"night":2},"sv12":2,"recent":[{"d":"2025-10-15","day":"Wed","time":"07:44","desc":"Motor Vehicle Theft","res":""},{"d":"2025-09-15","day":"Mon","time":"15:04","desc":"Motor Vehicle Theft","res":""},{"d":"2025-08-29","day":"Fri","time":"08:15","desc":"Larceny","res":""},{"d":"2024-12-15","day":"Sun","time":"22:48","desc":"Motor Vehicle Theft","res":""},{"d":"2024-09-30","day":"Mon","time":"00:00","desc":"Motor Vehicle Theft","res":""}]}},{"type":"Feature","geometry":{"type":"Polygon","coordinates":[[[-117.48134869971152,33.9312890994648],[-117.48020999573941,33.93298130399567],[-117.48138722376235,33.934609810482385],[-117.48370316987352,33.93454608793629],[-117.48484181970962,33.93285387512435],[-117.48366457757342,33.93122539313941],[-117.48134869971152,33.9312890994648],[-117.48134869971152,33.9312890994648]]]},"properties":{"h3":"8929a0149c3ffff","count":2,"c3":1,"c6":1,"c12":2,"c24":2,"score":1.4,"risk":3,"peakDay":"Sunday","peakTime":"morning","hood":"La Sierra Acres","bk12":{"morning":1,"afternoon":0,"evening":0,"night":1},"bk24":{"morning":1,"afternoon":0,"evening":0,"night":1},"sv12":1,"recent":[{"d":"2026-05-13","day":"Wed","time":"02:40","desc":"Motor Vehicle Theft","res":""},{"d":"2025-08-31","day":"Sun","time":"07:13","desc":"Larceny","res":""}]}},{"type":"Feature","geometry":{"type":"Polygon","coordinates":[[[-117.44645744739374,33.918955123633125],[-117.4453181695881,33.920647221849],[-117.44649493863912,33.922276327907014],[-117.44881099971663,33.92221331125743],[-117.44995022348242,33.92052120470734],[-117.44877344021333,33.918892123140914],[-117.44645744739374,33.918955123633125],[-117.44645744739374,33.918955123633125]]]},"properties":{"h3":"8929a014e33ffff","count":7,"c3":1,"c6":2,"c12":4,"c24":7,"score":3.9,"risk":7,"peakDay":"Monday","peakTime":"afternoon","hood":"Arlington","bk12":{"morning":0,"afternoon":2,"evening":1,"night":1},"bk24":{"morning":0,"afternoon":3,"evening":2,"night":2},"sv12":1,"recent":[{"d":"2026-05-07","day":"Thu","time":"13:32","desc":"Larceny","res":""},{"d":"2026-05-06","day":"Wed","time":"16:52","desc":"Larceny","res":""},{"d":"2025-10-17","day":"Fri","time":"22:14","desc":"Motor Vehicle Theft","res":""},{"d":"2025-09-01","day":"Mon","time":"19:20","desc":"Larceny","res":""},{"d":"2025-04-14","day":"Mon","time":"18:29","desc":"Motor Vehicle Theft","res":""},{"d":"2025-02-19","day":"Wed","time":"04:53","desc":"Motor Vehicle Theft","res":""},{"d":"2024-11-29","day":"Fri","time":"15:00","desc":"Motor Vehicle Theft","res":""}]}},{"type":"Feature","geometry":{"type":"Polygon","coordinates":[[[-117.34241771011155,33.94167650494276],[-117.34127611980308,33.943367861687534],[-117.34245214027196,33.94499805560347],[-117.34476976559802,33.94493686835413],[-117.3459113020968,33.9432455031404],[-117.34473526708202,33.941615333644805],[-117.34241771011155,33.94167650494276],[-117.34241771011155,33.94167650494276]]]},"properties":{"h3":"8929a002d03ffff","count":1,"c3":0,"c6":0,"c12":1,"c24":1,"score":0.5,"risk":1,"peakDay":"Wednesday","peakTime":"night","hood":"Canyon Crest","bk12":{"morning":0,"afternoon":0,"evening":0,"night":1},"bk24":{"morning":0,"afternoon":0,"evening":0,"night":1},"recent":[{"d":"2025-09-03","day":"Wed","time":"03:32","desc":"Larceny","res":""}]}},{"type":"Feature","geometry":{"type":"Polygon","coordinates":[[[-117.39461051497,33.945271554629635],[-117.39346993148638,33.94696317813124],[-117.39464648592904,33.94859265119865],[-117.39696363824339,33.94853047631825],[-117.39810416778725,33.94683884442113],[-117.39692759895934,33.945209395799765],[-117.39461051497,33.945271554629635],[-117.39461051497,33.945271554629635]]]},"properties":{"h3":"8929a01583bffff","count":2,"c3":0,"c6":0,"c12":2,"c24":2,"score":1.1,"risk":2,"peakDay":"Thursday","peakTime":"morning","hood":"Magnolia Center","bk12":{"morning":1,"afternoon":0,"evening":1,"night":0},"bk24":{"morning":1,"afternoon":0,"evening":1,"night":0},"recent":[{"d":"2025-09-05","day":"Fri","time":"17:44","desc":"Larceny","res":""},{"d":"2025-09-04","day":"Thu","time":"10:35","desc":"Larceny","res":""}]}},{"type":"Feature","geometry":{"type":"Polygon","coordinates":[[[-117.45720056936459,33.946898906532596],[-117.45606122258175,33.94859086697452],[-117.45723838676034,33.95021950543313],[-117.4595549119165,33.95015615897127],[-117.46069420460655,33.948464190221],[-117.45951702623603,33.946835576240765],[-117.45720056936459,33.946898906532596],[-117.45720056936459,33.946898906532596]]]},"properties":{"h3":"8929a014bcfffff","count":8,"c3":0,"c6":0,"c12":6,"c24":8,"score":4.1,"risk":8,"peakDay":"Saturday","peakTime":"morning","hood":"Arlanza","bk12":{"morning":3,"afternoon":2,"evening":0,"night":1},"bk24":{"morning":3,"afternoon":2,"evening":2,"night":1},"sv12":3,"recent":[{"d":"2025-11-25","day":"Tue","time":"04:31","desc":"Motor Vehicle Theft","res":""},{"d":"2025-09-06","day":"Sat","time":"11:16","desc":"Larceny","res":""},{"d":"2025-09-06","day":"Sat","time":"10:34","desc":"Larceny","res":""},{"d":"2025-09-06","day":"Sat","time":"05:15","desc":"Larceny","res":""},{"d":"2025-08-11","day":"Mon","time":"15:00","desc":"Motor Vehicle Theft","res":""},{"d":"2025-08-11","day":"Mon","time":"15:00","desc":"Motor Vehicle Theft","res":""},{"d":"2025-07-19","day":"Sat","time":"19:56","desc":"Motor Vehicle Theft","res":""},{"d":"2025-04-07","day":"Mon","time":"20:00","desc":"Motor Vehicle Theft","res":""}]}},{"type":"Feature","geometry":{"type":"Polygon","coordinates":[[[-117.47750994169371,33.89983447186518],[-117.47637148042543,33.90152687657878],[-117.47754834179511,33.90315580144767],[-117.47986367855307,33.903092297081734],[-117.48100208572497,33.90139988406934],[-117.47982521023809,33.89977098372152],[-117.47750994169371,33.89983447186518],[-117.47750994169371,33.89983447186518]]]},"properties":{"h3":"8929a014cb7ffff","count":3,"c3":0,"c6":0,"c12":2,"c24":3,"score":1.4,"risk":3,"peakDay":"Monday","peakTime":"morning","hood":"La Sierra","bk12":{"morning":2,"afternoon":0,"evening":0,"night":0},"bk24":{"morning":2,"afternoon":0,"evening":1,"night":0},"recent":[{"d":"2025-12-02","day":"Tue","time":"09:09","desc":"Larceny","res":""},{"d":"2025-09-08","day":"Mon","time":"08:41","desc":"Larceny","res":""},{"d":"2024-08-10","day":"Sat","time":"18:00","desc":"Motor Vehicle Theft","res":""}]}},{"type":"Feature","geometry":{"type":"Polygon","coordinates":[[[-117.37029721196716,33.94758227763666],[-117.36915611867981,33.94927374876912],[-117.37033246645768,33.950903511083276],[-117.37264992198682,33.9508417778334],[-117.37379096139115,33.94915029827278],[-117.37261459915216,33.947520560390025],[-117.37029721196716,33.94758227763666],[-117.37029721196716,33.94758227763666]]]},"properties":{"h3":"8929a015a8fffff","count":1,"c3":0,"c6":0,"c12":1,"c24":1,"score":0.5,"risk":1,"peakDay":"Monday","peakTime":"afternoon","hood":"Victoria","bk12":{"morning":0,"afternoon":1,"evening":0,"night":0},"bk24":{"morning":0,"afternoon":1,"evening":0,"night":0},"recent":[{"d":"2025-09-08","day":"Mon","time":"15:15","desc":"Larceny","res":""}]}},{"type":"Feature","geometry":{"type":"Polygon","coordinates":[[[-117.31174840318779,34.00394060896014],[-117.31060556517255,34.00563134862712],[-117.31178194709065,34.00726121008458],[-117.31410118168391,34.00720030751305],[-117.31524396590423,34.00550955935933],[-117.31406756932901,34.00387972226372],[-117.31174840318779,34.00394060896014],[-117.31174840318779,34.00394060896014]]]},"properties":{"h3":"8929a000d47ffff","count":3,"c3":1,"c6":1,"c12":2,"c24":3,"score":1.9,"risk":4,"peakDay":"Monday","peakTime":"night","hood":"Hunter Industrial Park","bk12":{"morning":0,"afternoon":1,"evening":0,"night":1},"bk24":{"morning":0,"afternoon":1,"evening":0,"night":2},"sv12":1,"recent":[{"d":"2026-06-28","day":"Sun","time":"02:46","desc":"Motor Vehicle Theft","res":""},{"d":"2025-09-08","day":"Mon","time":"15:26","desc":"Larceny","res":""},{"d":"2025-07-22","day":"Tue","time":"02:30","desc":"Motor Vehicle Theft","res":""}]}},{"type":"Feature","geometry":{"type":"Polygon","coordinates":[[[-117.46384576536688,33.92014212752895],[-117.46270682386577,33.92183431377339],[-117.4638837696301,33.923463179225266],[-117.46619967106292,33.9233998339325],[-117.467338558481,33.921707639378376],[-117.46616159855208,33.92007879842652],[-117.46384576536688,33.92014212752895],[-117.46384576536688,33.92014212752895]]]},"properties":{"h3":"8929a01488bffff","count":1,"c3":0,"c6":0,"c12":1,"c24":1,"score":0.5,"risk":1,"peakDay":"Friday","peakTime":"morning","hood":"Arlington","bk12":{"morning":1,"afternoon":0,"evening":0,"night":0},"bk24":{"morning":1,"afternoon":0,"evening":0,"night":0},"recent":[{"d":"2025-09-12","day":"Fri","time":"07:24","desc":"Larceny","res":""}]}},{"type":"Feature","geometry":{"type":"Polygon","coordinates":[[[-117.467338558481,33.921707639378376],[-117.46619967106292,33.9233998339325],[-117.46737666624149,33.92502863549423],[-117.46969256299516,33.92496521800085],[-117.47083139632035,33.92327301514249],[-117.46965438698756,33.921644238081576],[-117.467338558481,33.921707639378376],[-117.467338558481,33.921707639378376]]]},"properties":{"h3":"8929a01488fffff","count":1,"c3":0,"c6":0,"c12":1,"c24":1,"score":0.5,"risk":1,"peakDay":"Friday","peakTime":"morning","hood":"La Sierra","bk12":{"morning":1,"afternoon":0,"evening":0,"night":0},"bk24":{"morning":1,"afternoon":0,"evening":0,"night":0},"recent":[{"d":"2025-09-12","day":"Fri","time":"11:15","desc":"Larceny","res":""}]}},{"type":"Feature","geometry":{"type":"Polygon","coordinates":[[[-117.37735568159711,33.95736036532789],[-117.37621462983506,33.9590518065175],[-117.37739114740833,33.96068136235096],[-117.3797087311883,33.96061945256605],[-117.38084972904085,33.95892800296187],[-117.37967319702574,33.957298471557],[-117.37735568159711,33.95736036532789],[-117.37735568159711,33.95736036532789]]]},"properties":{"h3":"8929a015a37ffff","count":3,"c3":0,"c6":0,"c12":1,"c24":3,"score":1.2,"risk":2,"peakDay":"Monday","peakTime":"evening","hood":"Victoria","bk12":{"morning":1,"afternoon":0,"evening":0,"night":0},"bk24":{"morning":1,"afternoon":0,"evening":2,"night":0},"recent":[{"d":"2025-09-15","day":"Mon","time":"06:01","desc":"Larceny","res":""},{"d":"2025-03-03","day":"Mon","time":"18:19","desc":"Motor Vehicle Theft","res":""},{"d":"2024-11-02","day":"Sat","time":"21:00","desc":"Motor Vehicle Theft","res":""}]}},{"type":"Feature","geometry":{"type":"Polygon","coordinates":[[[-117.47037303734969,33.8834168527127],[-117.46923459981963,33.88510933317588],[-117.47041122151407,33.88673854296207],[-117.47272629487645,33.886675247756514],[-117.47386467834319,33.884982758978175],[-117.47268804251362,33.88335357372039],[-117.47037303734969,33.8834168527127],[-117.47037303734969,33.8834168527127]]]},"properties":{"h3":"8929a016a33ffff","count":2,"c3":0,"c6":0,"c12":2,"c24":2,"score":1.1,"risk":2,"peakDay":"Tuesday","peakTime":"afternoon","hood":"La Sierra South","bk12":{"morning":1,"afternoon":1,"evening":0,"night":0},"bk24":{"morning":1,"afternoon":1,"evening":0,"night":0},"sv12":1,"recent":[{"d":"2025-09-16","day":"Tue","time":"14:09","desc":"Larceny","res":""},{"d":"2025-09-09","day":"Tue","time":"05:57","desc":"Motor Vehicle Theft","res":""}]}},{"type":"Feature","geometry":{"type":"Polygon","coordinates":[[[-117.3452555494214,33.880125194168],[-117.3441146425551,33.881817001960066],[-117.34529004435619,33.88344787806908],[-117.34760636754757,33.88338692192246],[-117.34874722065638,33.88169510564101],[-117.3475718043341,33.8800642539954],[-117.3452555494214,33.880125194168],[-117.3452555494214,33.880125194168]]]},"properties":{"h3":"8929a01542bffff","count":1,"c3":0,"c6":0,"c12":1,"c24":1,"score":0.5,"risk":1,"peakDay":"Thursday","peakTime":"afternoon","hood":"Orangecrest","bk12":{"morning":0,"afternoon":1,"evening":0,"night":0},"bk24":{"morning":0,"afternoon":1,"evening":0,"night":0},"recent":[{"d":"2025-09-18","day":"Thu","time":"13:03","desc":"Larceny","res":""}]}},{"type":"Feature","geometry":{"type":"Polygon","coordinates":[[[-117.33142565774129,33.887135434257196],[-117.33028440339596,33.88882711520634],[-117.33145974700105,33.89045808913838],[-117.33377635951997,33.89039735766993],[-117.33491756013464,33.8887056682151],[-117.33374220196383,33.887074718734226],[-117.33142565774129,33.887135434257196],[-117.33142565774129,33.887135434257196]]]},"properties":{"h3":"8929a0150dbffff","count":1,"c3":0,"c6":0,"c12":1,"c24":1,"score":0.5,"risk":1,"peakDay":"Thursday","peakTime":"evening","hood":"Orangecrest","bk12":{"morning":0,"afternoon":0,"evening":1,"night":0},"bk24":{"morning":0,"afternoon":0,"evening":1,"night":0},"recent":[{"d":"2025-09-18","day":"Thu","time":"18:27","desc":"Larceny","res":""}]}},{"type":"Feature","geometry":{"type":"Polygon","coordinates":[[[-117.47117537901221,33.95315922411696],[-117.47003624866021,33.954851217759604],[-117.47121361061302,33.95647960040062],[-117.47353011707085,33.956415964917255],[-117.47466919329028,33.95472396298807],[-117.47349181718721,33.95309560482862],[-117.47117537901221,33.95315922411696],[-117.47117537901221,33.95315922411696]]]},"properties":{"h3":"8929a014b33ffff","count":5,"c3":0,"c6":1,"c12":4,"c24":5,"score":2.8,"risk":6,"peakDay":"Monday","peakTime":"morning","hood":"Arlanza","bk12":{"morning":3,"afternoon":1,"evening":0,"night":0},"bk24":{"morning":3,"afternoon":1,"evening":1,"night":0},"sv12":1,"recent":[{"d":"2026-04-27","day":"Mon","time":"06:44","desc":"Motor Vehicle Theft","res":""},{"d":"2025-12-30","day":"Tue","time":"09:45","desc":"Larceny","res":""},{"d":"2025-10-03","day":"Fri","time":"16:34","desc":"Larceny","res":""},{"d":"2025-09-22","day":"Mon","time":"05:25","desc":"Larceny","res":""},{"d":"2024-08-24","day":"Sat","time":"18:00","desc":"Motor Vehicle Theft","res":""}]}},{"type":"Feature","geometry":{"type":"Polygon","coordinates":[[[-117.35691523429205,33.99776502022165],[-117.35577336186076,33.99945605861416],[-117.35695010962161,34.001085405626995],[-117.35926874433207,34.00102368985677],[-117.3604105628645,33.99933264303733],[-117.3592338005881,33.99770332041488],[-117.35691523429205,33.99776502022165],[-117.35691523429205,33.99776502022165]]]},"properties":{"h3":"8929a007053ffff","count":3,"c3":0,"c6":1,"c12":3,"c24":3,"score":2,"risk":4,"peakDay":"Monday","peakTime":"morning","hood":"Northside","bk12":{"morning":2,"afternoon":0,"evening":0,"night":1},"bk24":{"morning":2,"afternoon":0,"evening":0,"night":1},"recent":[{"d":"2026-04-05","day":"Sun","time":"23:55","desc":"Larceny","res":""},{"d":"2025-12-12","day":"Fri","time":"07:56","desc":"Larceny","res":""},{"d":"2025-09-22","day":"Mon","time":"07:58","desc":"Larceny","res":""}]}},{"type":"Feature","geometry":{"type":"Polygon","coordinates":[[[-117.40480143341522,33.92340331646327],[-117.40366127643551,33.92509515162616],[-117.4048376978811,33.92672474820221],[-117.40715429065733,33.92666248514891],[-117.40829439369362,33.92497064159594],[-117.40711795789991,33.92334106948619],[-117.40480143341522,33.92340331646327],[-117.40480143341522,33.92340331646327]]]},"properties":{"h3":"8929a015dcbffff","count":2,"c3":0,"c6":0,"c12":2,"c24":2,"score":1.1,"risk":2,"peakDay":"Monday","peakTime":"afternoon","hood":"Casa Blanca","bk12":{"morning":0,"afternoon":2,"evening":0,"night":0},"bk24":{"morning":0,"afternoon":2,"evening":0,"night":0},"recent":[{"d":"2025-10-15","day":"Wed","time":"14:06","desc":"Larceny","res":""},{"d":"2025-09-22","day":"Mon","time":"14:51","desc":"Larceny","res":""}]}},{"type":"Feature","geometry":{"type":"Polygon","coordinates":[[[-117.35321136448846,33.97627329219785],[-117.35206963720861,33.97796446331688],[-117.35324612382117,33.97959411116782],[-117.35556435223782,33.97953256349672],[-117.35670602564853,33.97784138393723],[-117.35552952451452,33.97621176048916],[-117.35321136448846,33.97627329219785],[-117.35321136448846,33.97627329219785]]]},"properties":{"h3":"8929a00745bffff","count":13,"c3":3,"c6":3,"c12":5,"c24":13,"score":7,"risk":14,"peakDay":"Saturday","peakTime":"morning","hood":"Eastside","bk12":{"morning":3,"afternoon":1,"evening":1,"night":0},"bk24":{"morning":5,"afternoon":2,"evening":5,"night":1},"sv12":1,"recent":[{"d":"2026-07-12","day":"Sun","time":"15:12","desc":"Larceny","res":""},{"d":"2026-07-08","day":"Wed","time":"10:46","desc":"Larceny","res":""},{"d":"2026-07-07","day":"Tue","time":"18:12","desc":"Larceny","res":""},{"d":"2025-12-02","day":"Tue","time":"08:49","desc":"Motor Vehicle Theft","res":""},{"d":"2025-09-24","day":"Wed","time":"09:31","desc":"Larceny","res":""},{"d":"2025-07-03","day":"Thu","time":"08:37","desc":"Motor Vehicle Theft","res":""},{"d":"2025-04-18","day":"Fri","time":"19:00","desc":"Motor Vehicle Theft","res":""},{"d":"2025-04-12","day":"Sat","time":"01:00","desc":"Motor Vehicle Theft","res":""},{"d":"2025-04-07","day":"Mon","time":"05:22","desc":"Motor Vehicle Theft","res":""},{"d":"2025-03-29","day":"Sat","time":"14:00","desc":"Motor Vehicle Theft","res":""}]}},{"type":"Feature","geometry":{"type":"Polygon","coordinates":[[[-117.48476457142877,33.92621237648671],[-117.483625987555,33.92790463570555],[-117.48480319442739,33.92953315711866],[-117.48711899927774,33.92946939480574],[-117.48825752901217,33.92777712730857],[-117.48708030803837,33.92614863040248],[-117.48476457142877,33.92621237648671],[-117.48476457142877,33.92621237648671]]]},"properties":{"h3":"8929a014d6fffff","count":2,"c3":0,"c6":0,"c12":2,"c24":2,"score":1.1,"risk":2,"peakDay":"Wednesday","peakTime":"afternoon","hood":"La Sierra Acres","bk12":{"morning":0,"afternoon":2,"evening":0,"night":0},"bk24":{"morning":0,"afternoon":2,"evening":0,"night":0},"recent":[{"d":"2025-11-01","day":"Sat","time":"16:56","desc":"Larceny","res":""},{"d":"2025-09-24","day":"Wed","time":"15:50","desc":"Larceny","res":""}]}},{"type":"Feature","geometry":{"type":"Polygon","coordinates":[[[-117.34656779217515,34.00634316302771],[-117.34542562534907,34.00803408179786],[-117.34660236473478,34.00966346242692],[-117.34892128549923,34.00960189990662],[-117.35006339844335,34.007910972698625],[-117.34888664450777,34.00628161644862],[-117.34656779217515,34.00634316302771],[-117.34656779217515,34.00634316302771]]]},"properties":{"h3":"8929a00728fffff","count":5,"c3":0,"c6":0,"c12":2,"c24":5,"score":2,"risk":4,"peakDay":"Friday","peakTime":"morning","hood":"Hunter Industrial Park","bk12":{"morning":2,"afternoon":0,"evening":0,"night":0},"bk24":{"morning":2,"afternoon":2,"evening":1,"night":0},"recent":[{"d":"2025-12-08","day":"Mon","time":"07:09","desc":"Larceny","res":""},{"d":"2025-09-26","day":"Fri","time":"10:06","desc":"Larceny","res":""},{"d":"2024-10-15","day":"Tue","time":"15:26","desc":"Motor Vehicle Theft","res":""},{"d":"2024-10-15","day":"Tue","time":"15:26","desc":"Motor Vehicle Theft","res":""},{"d":"2024-09-13","day":"Fri","time":"20:00","desc":"Motor Vehicle Theft","res":""}]}},{"type":"Feature","geometry":{"type":"Polygon","coordinates":[[[-117.41524387689905,33.92478355574777],[-117.41410391484276,33.92647543933178],[-117.41528044974511,33.928104883800415],[-117.41759696102268,33.92804242021394],[-117.41873686910897,33.92635052825485],[-117.41756031989048,33.92472110825715],[-117.41524387689905,33.92478355574777],[-117.41524387689905,33.92478355574777]]]},"properties":{"h3":"8929a015d13ffff","count":3,"c3":0,"c6":1,"c12":3,"c24":3,"score":1.8,"risk":3,"peakDay":"Friday","peakTime":"morning","hood":"Presidential Park","bk12":{"morning":2,"afternoon":1,"evening":0,"night":0},"bk24":{"morning":2,"afternoon":1,"evening":0,"night":0},"sv12":2,"recent":[{"d":"2026-02-13","day":"Fri","time":"07:47","desc":"Motor Vehicle Theft","res":""},{"d":"2025-09-26","day":"Fri","time":"11:30","desc":"Larceny","res":""},{"d":"2025-08-18","day":"Mon","time":"16:29","desc":"Motor Vehicle Theft","res":""}]}},{"type":"Feature","geometry":{"type":"Polygon","coordinates":[[[-117.30409109851364,33.93437483793351],[-117.30294881736157,33.9360660309759],[-117.30412439564934,33.93769680797146],[-117.3064422697546,33.93763636752004],[-117.30758449719718,33.93594516595304],[-117.3064089042468,33.93431441336192],[-117.30409109851364,33.93437483793351],[-117.30409109851364,33.93437483793351]]]},"properties":{"h3":"8929a002c4bffff","count":1,"c3":0,"c6":0,"c12":1,"c24":1,"score":0.6,"risk":1,"peakDay":"Friday","peakTime":"afternoon","hood":"Sycamore Canyon/Canyon Springs","bk12":{"morning":0,"afternoon":1,"evening":0,"night":0},"bk24":{"morning":0,"afternoon":1,"evening":0,"night":0},"recent":[{"d":"2025-09-26","day":"Fri","time":"14:38","desc":"Larceny","res":""}]}},{"type":"Feature","geometry":{"type":"Polygon","coordinates":[[[-117.2966744464445,33.88804103366442],[-117.29553248944939,33.88973251304611],[-117.29670751106538,33.891363927191385],[-117.29902450435272,33.891303837523175],[-117.30016640770073,33.88961234958828],[-117.29899137141129,33.88798095987463],[-117.2966744464445,33.88804103366442],[-117.2966744464445,33.88804103366442]]]},"properties":{"h3":"8929a002583ffff","count":1,"c3":0,"c6":0,"c12":1,"c24":1,"score":0.6,"risk":1,"peakDay":"Friday","peakTime":"afternoon","hood":"Orangecrest","bk12":{"morning":0,"afternoon":1,"evening":0,"night":0},"bk24":{"morning":0,"afternoon":1,"evening":0,"night":0},"recent":[{"d":"2025-09-26","day":"Fri","time":"16:10","desc":"Larceny","res":""}]}},{"type":"Feature","geometry":{"type":"Polygon","coordinates":[[[-117.45006301438042,33.93048446312655],[-117.44892369155207,33.93217649999465],[-117.45010061579272,33.93380542401507],[-117.45241687707437,33.933742286681564],[-117.45355614584305,33.932050241488774],[-117.45237920739251,33.93042134195405],[-117.45006301438042,33.93048446312655],[-117.45006301438042,33.93048446312655]]]},"properties":{"h3":"8929a01484bffff","count":2,"c3":1,"c6":1,"c12":2,"c24":2,"score":1.4,"risk":3,"peakDay":"Monday","peakTime":"night","hood":"Arlington","bk12":{"morning":1,"afternoon":0,"evening":0,"night":1},"bk24":{"morning":1,"afternoon":0,"evening":0,"night":1},"sv12":1,"recent":[{"d":"2026-05-09","day":"Sat","time":"10:01","desc":"Motor Vehicle Theft","res":""},{"d":"2025-09-29","day":"Mon","time":"04:52","desc":"Larceny","res":""}]}},{"type":"Feature","geometry":{"type":"Polygon","coordinates":[[[-117.4430768860679,33.927352498120115],[-117.44193745515001,33.929044518322485],[-117.44311428045047,33.9306735701068],[-117.44543055090223,33.93061057720449],[-117.44656992778035,33.92891854866654],[-117.44539308824923,33.92728952136631],[-117.4430768860679,33.927352498120115],[-117.4430768860679,33.927352498120115]]]},"properties":{"h3":"8929a014a93ffff","count":2,"c3":1,"c6":1,"c12":2,"c24":2,"score":1.4,"risk":3,"peakDay":"Monday","peakTime":"morning","hood":"Arlington","bk12":{"morning":2,"afternoon":0,"evening":0,"night":0},"bk24":{"morning":2,"afternoon":0,"evening":0,"night":0},"sv12":1,"recent":[{"d":"2026-05-31","day":"Sun","time":"11:26","desc":"Motor Vehicle Theft","res":""},{"d":"2025-09-29","day":"Mon","time":"08:20","desc":"Larceny","res":""}]}},{"type":"Feature","geometry":{"type":"Polygon","coordinates":[[[-117.35663630593777,33.97119966801015],[-117.35549469885186,33.97289089453973],[-117.35667116476186,33.97452055743928],[-117.35898925227018,33.97445896940093],[-117.36013080548346,33.972767734433624],[-117.35895432506393,33.9711380959422],[-117.35663630593777,33.97119966801015],[-117.35663630593777,33.97119966801015]]]},"properties":{"h3":"8929a0074cbffff","count":1,"c3":0,"c6":0,"c12":1,"c24":1,"score":0.6,"risk":1,"peakDay":"Monday","peakTime":"evening","hood":"Eastside","bk12":{"morning":0,"afternoon":0,"evening":1,"night":0},"bk24":{"morning":0,"afternoon":0,"evening":1,"night":0},"recent":[{"d":"2025-09-29","day":"Mon","time":"18:53","desc":"Larceny","res":""}]}},{"type":"Feature","geometry":{"type":"Polygon","coordinates":[[[-117.32447587250394,33.887317324190946],[-117.32333447757868,33.88900896488061],[-117.3245097568649,33.89064002688175],[-117.32682644566634,33.89057942374581],[-117.32796778687764,33.88888777454097],[-117.32679249300416,33.887256736987084],[-117.32447587250394,33.887317324190946],[-117.32447587250394,33.887317324190946]]]},"properties":{"h3":"8929a015633ffff","count":6,"c3":0,"c6":0,"c12":4,"c24":6,"score":3,"risk":6,"peakDay":"Thursday","peakTime":"afternoon","hood":"Orangecrest","bk12":{"morning":0,"afternoon":3,"evening":1,"night":0},"bk24":{"morning":1,"afternoon":3,"evening":1,"night":1},"recent":[{"d":"2025-12-13","day":"Sat","time":"14:56","desc":"Larceny","res":""},{"d":"2025-11-27","day":"Thu","time":"17:07","desc":"Larceny","res":""},{"d":"2025-11-03","day":"Mon","time":"15:19","desc":"Larceny","res":""},{"d":"2025-10-01","day":"Wed","time":"14:20","desc":"Larceny","res":""},{"d":"2024-12-05","day":"Thu","time":"22:05","desc":"Motor Vehicle Theft","res":""},{"d":"2024-08-31","day":"Sat","time":"09:06","desc":"Motor Vehicle Theft","res":""}]}},{"type":"Feature","geometry":{"type":"Polygon","coordinates":[[[-117.32437423144054,33.87734884181342],[-117.32323293595519,33.87904055216632],[-117.32440810979195,33.88067173163618],[-117.32672459370184,33.880611176299034],[-117.32786583548302,33.87891945742684],[-117.32669064706127,33.87728830241092],[-117.32437423144054,33.87734884181342],[-117.32437423144054,33.87734884181342]]]},"properties":{"h3":"8929a015687ffff","count":1,"c3":0,"c6":0,"c12":1,"c24":1,"score":0.6,"risk":1,"peakDay":"Thursday","peakTime":"afternoon","hood":"Orangecrest","bk12":{"morning":0,"afternoon":1,"evening":0,"night":0},"bk24":{"morning":0,"afternoon":1,"evening":0,"night":0},"recent":[{"d":"2025-10-02","day":"Thu","time":"13:24","desc":"Larceny","res":""}]}},{"type":"Feature","geometry":{"type":"Polygon","coordinates":[[[-117.44627002441135,33.902348164144634],[-117.44513091168824,33.904040378276115],[-117.4463075045759,33.90566968105634],[-117.4486232244039,33.90560674520219],[-117.44976228310364,33.90391452272968],[-117.44858567600151,33.90228524445218],[-117.44627002441135,33.902348164144634],[-117.44627002441135,33.902348164144634]]]},"properties":{"h3":"8929a01412fffff","count":2,"c3":0,"c6":0,"c12":2,"c24":2,"score":1.2,"risk":2,"peakDay":"Saturday","peakTime":"morning","hood":"Arlington South","bk12":{"morning":2,"afternoon":0,"evening":0,"night":0},"bk24":{"morning":2,"afternoon":0,"evening":0,"night":0},"sv12":1,"recent":[{"d":"2026-01-09","day":"Fri","time":"08:07","desc":"Motor Vehicle Theft","res":""},{"d":"2025-10-04","day":"Sat","time":"10:29","desc":"Larceny","res":""}]}},{"type":"Feature","geometry":{"type":"Polygon","coordinates":[[[-117.39795989107019,33.93355405266035],[-117.3968194938953,33.93524577787782],[-117.39799595704973,33.93687534465555],[-117.40031283175365,33.93681316175994],[-117.40145317499193,33.935121428146985],[-117.40027669746567,33.93349188582498],[-117.39795989107019,33.93355405266035],[-117.39795989107019,33.93355405266035]]]},"properties":{"h3":"8929a015887ffff","count":2,"c3":0,"c6":0,"c12":1,"c24":2,"score":0.9,"risk":2,"peakDay":"Monday","peakTime":"morning","hood":"Casa Blanca","bk12":{"morning":1,"afternoon":0,"evening":0,"night":0},"bk24":{"morning":1,"afternoon":0,"evening":0,"night":1},"recent":[{"d":"2025-10-06","day":"Mon","time":"11:07","desc":"Larceny","res":""},{"d":"2025-01-08","day":"Wed","time":"00:00","desc":"Motor Vehicle Theft","res":""}]}},{"type":"Feature","geometry":{"type":"Polygon","coordinates":[[[-117.34283100649921,33.98153096675313],[-117.34168901813088,33.983222041999],[-117.3428654611121,33.98485176304022],[-117.3451839070194,33.98479038444169],[-117.34632584153871,33.98309930074312],[-117.34514938400258,33.98146960409561],[-117.34283100649921,33.98153096675313],[-117.34283100649921,33.98153096675313]]]},"properties":{"h3":"8929a00768bffff","count":8,"c3":2,"c6":4,"c12":6,"c24":8,"score":5.1,"risk":10,"peakDay":"Monday","peakTime":"afternoon","hood":"University","bk12":{"morning":1,"afternoon":3,"evening":1,"night":1},"bk24":{"morning":2,"afternoon":3,"evening":1,"night":2},"sv12":2,"recent":[{"d":"2026-07-19","day":"Sun","time":"22:13","desc":"Motor Vehicle Theft","res":""},{"d":"2026-06-13","day":"Sat","time":"21:22","desc":"Motor Vehicle Theft","res":""},{"d":"2026-05-04","day":"Mon","time":"16:01","desc":"Larceny","res":""},{"d":"2026-03-18","day":"Wed","time":"10:18","desc":"Larceny","res":""},{"d":"2025-10-06","day":"Mon","time":"12:28","desc":"Larceny","res":""},{"d":"2025-10-06","day":"Mon","time":"12:28","desc":"Larceny","res":""},{"d":"2024-10-09","day":"Wed","time":"07:22","desc":"Motor Vehicle Theft","res":""},{"d":"2024-08-18","day":"Sun","time":"00:00","desc":"Motor Vehicle Theft","res":""}]}},{"type":"Feature","geometry":{"type":"Polygon","coordinates":[[[-117.30422429887564,33.94766234171716],[-117.30308188490078,33.949353441029],[-117.30425760389141,33.95098406077447],[-117.30657575152541,33.95092355681237],[-117.30771811177773,33.94923244898135],[-117.30654237812143,33.94760185363143],[-117.30422429887564,33.94766234171716],[-117.30422429887564,33.94766234171716]]]},"properties":{"h3":"8929a002e37ffff","count":1,"c3":0,"c6":0,"c12":1,"c24":1,"score":0.6,"risk":1,"peakDay":"Saturday","peakTime":"afternoon","hood":"Canyon Crest","bk12":{"morning":0,"afternoon":1,"evening":0,"night":0},"bk24":{"morning":0,"afternoon":1,"evening":0,"night":0},"recent":[{"d":"2025-10-11","day":"Sat","time":"15:46","desc":"Larceny","res":""}]}},{"type":"Feature","geometry":{"type":"Polygon","coordinates":[[[-117.32525572001694,33.96372365774979],[-117.32411356214378,33.965414761149596],[-117.32528965050435,33.967044919609464],[-117.32760791134561,33.96698395027319],[-117.32875001542962,33.96529283838948],[-117.32757391246429,33.963662704325785],[-117.32525572001694,33.96372365774979],[-117.32525572001694,33.96372365774979]]]},"properties":{"h3":"8929a00282fffff","count":1,"c3":0,"c6":0,"c12":1,"c24":1,"score":0.6,"risk":1,"peakDay":"Sunday","peakTime":"afternoon","hood":"Canyon Crest","bk12":{"morning":0,"afternoon":1,"evening":0,"night":0},"bk24":{"morning":0,"afternoon":1,"evening":0,"night":0},"recent":[{"d":"2025-10-12","day":"Sun","time":"13:36","desc":"Larceny","res":""}]}},{"type":"Feature","geometry":{"type":"Polygon","coordinates":[[[-117.5021515306614,33.927393576715424],[-117.50101328350542,33.92908592364901],[-117.50219066658207,33.93071420421631],[-117.50450631086541,33.930650113334416],[-117.505644503839,33.928957758147064],[-117.50446710671444,33.92732950209518],[-117.5021515306614,33.927393576715424],[-117.5021515306614,33.927393576715424]]]},"properties":{"h3":"8929a0ab243ffff","count":1,"c3":0,"c6":0,"c12":1,"c24":1,"score":0.6,"risk":1,"peakDay":"Tuesday","peakTime":"night","hood":"La Sierra Hills","bk12":{"morning":0,"afternoon":0,"evening":0,"night":1},"bk24":{"morning":0,"afternoon":0,"evening":0,"night":1},"recent":[{"d":"2025-10-14","day":"Tue","time":"23:31","desc":"Larceny","res":""}]}},{"type":"Feature","geometry":{"type":"Polygon","coordinates":[[[-117.33522536736335,33.91860681699669],[-117.33408386843074,33.920298296942335],[-117.33525957828007,33.92192885418771],[-117.33757680162697,33.9218679070553],[-117.33871824678953,33.9201764186217],[-117.33754252237804,33.91854588580831],[-117.33522536736335,33.91860681699669],[-117.33522536736335,33.91860681699669]]]},"properties":{"h3":"8929a015357ffff","count":1,"c3":0,"c6":0,"c12":1,"c24":1,"score":0.6,"risk":1,"peakDay":"Tuesday","peakTime":"night","hood":"Canyon Crest","bk12":{"morning":0,"afternoon":0,"evening":0,"night":1},"bk24":{"morning":0,"afternoon":0,"evening":0,"night":1},"recent":[{"d":"2025-10-14","day":"Tue","time":"23:39","desc":"Larceny","res":""}]}},{"type":"Feature","geometry":{"type":"Polygon","coordinates":[[[-117.33597847520407,33.99167714059608],[-117.3348362463933,33.99336810475575],[-117.33601273067625,33.99499779561628],[-117.33833145835163,33.994936497933814],[-117.33947363332035,33.99324552531596],[-117.33829713445854,33.991615858838614],[-117.33597847520407,33.99167714059608],[-117.33597847520407,33.99167714059608]]]},"properties":{"h3":"8929a007647ffff","count":1,"c3":0,"c6":0,"c12":1,"c24":1,"score":0.6,"risk":1,"peakDay":"Wednesday","peakTime":"night","hood":"Hunter Industrial Park","bk12":{"morning":0,"afternoon":0,"evening":0,"night":1},"bk24":{"morning":0,"afternoon":0,"evening":0,"night":1},"recent":[{"d":"2025-10-15","day":"Wed","time":"04:01","desc":"Larceny","res":""}]}},{"type":"Feature","geometry":{"type":"Polygon","coordinates":[[[-117.3705793062938,33.97415038615752],[-117.36943794790464,33.97584166987981],[-117.370614577473,33.977471116771405],[-117.37293257990042,33.97740925552688],[-117.37407388438031,33.97571796338723],[-117.37289724034483,33.97408854090928],[-117.3705793062938,33.97415038615752],[-117.3705793062938,33.97415038615752]]]},"properties":{"h3":"8929a007417ffff","count":1,"c3":0,"c6":0,"c12":1,"c24":1,"score":0.6,"risk":1,"peakDay":"Thursday","peakTime":"morning","hood":"Downtown","bk12":{"morning":1,"afternoon":0,"evening":0,"night":0},"bk24":{"morning":1,"afternoon":0,"evening":0,"night":0},"recent":[{"d":"2025-10-16","day":"Thu","time":"10:50","desc":"Larceny","res":""}]}},{"type":"Feature","geometry":{"type":"Polygon","coordinates":[[[-117.41884690469284,33.93631415809565],[-117.41770689742059,33.938005980216694],[-117.41888358755904,33.93963524270628],[-117.42120029928046,33.93957265860957],[-117.42234025256282,33.93788082812295],[-117.42116354811645,33.93625159009844],[-117.41884690469284,33.93631415809565],[-117.41884690469284,33.93631415809565]]]},"properties":{"h3":"8929a015d2bffff","count":2,"c3":0,"c6":1,"c12":2,"c24":2,"score":1.3,"risk":3,"peakDay":"Friday","peakTime":"morning","hood":"Ramona","bk12":{"morning":1,"afternoon":1,"evening":0,"night":0},"bk24":{"morning":1,"afternoon":1,"evening":0,"night":0},"recent":[{"d":"2026-03-11","day":"Wed","time":"14:30","desc":"Larceny","res":""},{"d":"2025-10-17","day":"Fri","time":"06:23","desc":"Larceny","res":""}]}},{"type":"Feature","geometry":{"type":"Polygon","coordinates":[[[-117.46073212555,33.951784733488076],[-117.45959279983751,33.953476678942714],[-117.46077004873614,33.955105213986265],[-117.46308663753229,33.955041779098075],[-117.46422590913876,33.95334982534188],[-117.4630486460579,33.95172131477526],[-117.46073212555,33.951784733488076],[-117.46073212555,33.951784733488076]]]},"properties":{"h3":"8929a014b0bffff","count":2,"c3":1,"c6":1,"c12":2,"c24":2,"score":1.5,"risk":3,"peakDay":"Saturday","peakTime":"afternoon","hood":"Arlanza","bk12":{"morning":1,"afternoon":1,"evening":0,"night":0},"bk24":{"morning":1,"afternoon":1,"evening":0,"night":0},"recent":[{"d":"2026-06-25","day":"Thu","time":"07:29","desc":"Larceny","res":""},{"d":"2025-10-18","day":"Sat","time":"16:01","desc":"Larceny","res":""}]}},{"type":"Feature","geometry":{"type":"Polygon","coordinates":[[[-117.48495770925993,33.94281565317844],[-117.48381896046594,33.94450779629971],[-117.48499634367857,33.94613612047369],[-117.48731248979293,33.94607227703033],[-117.48845118443103,33.94438012563754],[-117.48727378711345,33.942751825959434],[-117.48495770925993,33.94281565317844],[-117.48495770925993,33.94281565317844]]]},"properties":{"h3":"8929a014973ffff","count":1,"c3":0,"c6":0,"c12":1,"c24":1,"score":0.6,"risk":1,"peakDay":"Sunday","peakTime":"morning","hood":"La Sierra Acres","bk12":{"morning":1,"afternoon":0,"evening":0,"night":0},"bk24":{"morning":1,"afternoon":0,"evening":0,"night":0},"recent":[{"d":"2025-10-19","day":"Sun","time":"10:33","desc":"Larceny","res":""}]}},{"type":"Feature","geometry":{"type":"Polygon","coordinates":[[[-117.46039091777138,33.921897586868475],[-117.45925188919199,33.92358974159849],[-117.46042882078056,33.925218631547374],[-117.46274479512707,33.92515534226906],[-117.4638837696301,33.923463179225266],[-117.46270682386577,33.92183431377339],[-117.46039091777138,33.921897586868475],[-117.46039091777138,33.921897586868475]]]},"properties":{"h3":"8929a0148c7ffff","count":1,"c3":0,"c6":0,"c12":1,"c24":1,"score":0.6,"risk":1,"peakDay":"Sunday","peakTime":"night","hood":"Arlanza","bk12":{"morning":0,"afternoon":0,"evening":0,"night":1},"bk24":{"morning":0,"afternoon":0,"evening":0,"night":1},"recent":[{"d":"2025-10-19","day":"Sun","time":"22:54","desc":"Larceny","res":""}]}},{"type":"Feature","geometry":{"type":"Polygon","coordinates":[[[-117.36729581034746,33.992506444683414],[-117.36615419913218,33.994197578984156],[-117.36733099040612,33.99582685281671],[-117.36964940738017,33.995764967948816],[-117.37079096467647,33.9940738252334],[-117.36961415892053,33.99244457580036],[-117.36729581034746,33.992506444683414],[-117.36729581034746,33.992506444683414]]]},"properties":{"h3":"8929a00708bffff","count":5,"c3":3,"c6":3,"c12":4,"c24":5,"score":3.7,"risk":7,"peakDay":"Friday","peakTime":"morning","hood":"Downtown","bk12":{"morning":2,"afternoon":1,"evening":1,"night":0},"bk24":{"morning":2,"afternoon":1,"evening":2,"night":0},"sv12":1,"recent":[{"d":"2026-06-19","day":"Fri","time":"18:15","desc":"Motor Vehicle Theft","res":""},{"d":"2026-06-19","day":"Fri","time":"16:23","desc":"Larceny","res":""},{"d":"2026-06-15","day":"Mon","time":"07:01","desc":"Larceny","res":""},{"d":"2025-10-20","day":"Mon","time":"09:01","desc":"Larceny","res":""},{"d":"2025-04-25","day":"Fri","time":"21:00","desc":"Motor Vehicle Theft","res":""}]}},{"type":"Feature","geometry":{"type":"Polygon","coordinates":[[[-117.41186034428624,33.933180409817005],[-117.41072022906428,33.934872215190616],[-117.41189682009212,33.936501605383874],[-117.41421354067353,33.93643916573991],[-117.41535360192563,33.93474735198986],[-117.41417699656901,33.933117986260044],[-117.41186034428624,33.933180409817005],[-117.41186034428624,33.933180409817005]]]},"properties":{"h3":"8929a015d73ffff","count":3,"c3":0,"c6":0,"c12":1,"c24":3,"score":1.4,"risk":3,"peakDay":"Wednesday","peakTime":"afternoon","hood":"Ramona","bk12":{"morning":0,"afternoon":1,"evening":0,"night":0},"bk24":{"morning":0,"afternoon":1,"evening":1,"night":1},"recent":[{"d":"2025-10-20","day":"Mon","time":"13:20","desc":"Larceny","res":""},{"d":"2025-08-06","day":"Wed","time":"01:30","desc":"Motor Vehicle Theft","res":""},{"d":"2024-12-04","day":"Wed","time":"20:00","desc":"Motor Vehicle Theft","res":""}]}},{"type":"Feature","geometry":{"type":"Polygon","coordinates":[[[-117.30808571496179,33.9857672935938],[-117.30694298932342,33.987458142767835],[-117.30811914529959,33.98908826544926],[-117.31043804158057,33.989027514584414],[-117.31158071345038,33.987336656911474],[-117.31040454281056,33.98570655860212],[-117.30808571496179,33.9857672935938],[-117.30808571496179,33.9857672935938]]]},"properties":{"h3":"8929a000cb7ffff","count":1,"c3":0,"c6":0,"c12":1,"c24":1,"score":0.6,"risk":1,"peakDay":"Tuesday","peakTime":"morning","hood":"University","bk12":{"morning":1,"afternoon":0,"evening":0,"night":0},"bk24":{"morning":1,"afternoon":0,"evening":0,"night":0},"recent":[{"d":"2025-10-21","day":"Tue","time":"10:39","desc":"Larceny","res":""}]}},{"type":"Feature","geometry":{"type":"Polygon","coordinates":[[[-117.35681062068556,33.98780348563901],[-117.35566884777323,33.989494594663114],[-117.35684548982421,33.99112406020715],[-117.35916391930361,33.99106239232987],[-117.36030563832693,33.989371274874784],[-117.35912898176267,33.98774183372779],[-117.35681062068556,33.98780348563901],[-117.35681062068556,33.98780348563901]]]},"properties":{"h3":"8929a0076a7ffff","count":1,"c3":0,"c6":0,"c12":1,"c24":1,"score":0.6,"risk":1,"peakDay":"Friday","peakTime":"night","hood":"Hunter Industrial Park","bk12":{"morning":0,"afternoon":0,"evening":0,"night":1},"bk24":{"morning":0,"afternoon":0,"evening":0,"night":1},"recent":[{"d":"2025-10-24","day":"Fri","time":"01:01","desc":"Larceny","res":""}]}},{"type":"Feature","geometry":{"type":"Polygon","coordinates":[[[-117.48806393083149,33.9111725636126],[-117.48692556595303,33.912864946946435],[-117.48810264588975,33.91449360145787],[-117.49041810479515,33.914429848116306],[-117.49155641554084,33.91273745650277],[-117.4903793215167,33.91110882651031],[-117.48806393083149,33.9111725636126],[-117.48806393083149,33.9111725636126]]]},"properties":{"h3":"8929a014d13ffff","count":2,"c3":0,"c6":0,"c12":1,"c24":2,"score":0.9,"risk":2,"peakDay":"Wednesday","peakTime":"afternoon","hood":"La Sierra","bk12":{"morning":0,"afternoon":1,"evening":0,"night":0},"bk24":{"morning":0,"afternoon":1,"evening":0,"night":1},"recent":[{"d":"2025-10-29","day":"Wed","time":"14:09","desc":"Larceny","res":""},{"d":"2024-12-22","day":"Sun","time":"22:00","desc":"Motor Vehicle Theft","res":""}]}},{"type":"Feature","geometry":{"type":"Polygon","coordinates":[[[-117.3674717314613,34.009107854538684],[-117.36632995442069,34.01079887104647],[-117.36750692193122,34.01242794716384],[-117.36982568097092,34.01236598238485],[-117.3709674040761,34.01067495746912],[-117.36979042207982,34.00904590574017],[-117.3674717314613,34.009107854538684],[-117.3674717314613,34.009107854538684]]]},"properties":{"h3":"8929a007067ffff","count":6,"c3":1,"c6":1,"c12":2,"c24":6,"score":3,"risk":6,"peakDay":"Thursday","peakTime":"afternoon","hood":"Northside","bk12":{"morning":1,"afternoon":1,"evening":0,"night":0},"bk24":{"morning":1,"afternoon":3,"evening":1,"night":1},"sv12":1,"recent":[{"d":"2026-07-23","day":"Thu","time":"07:27","desc":"Motor Vehicle Theft","res":""},{"d":"2025-10-30","day":"Thu","time":"13:09","desc":"Larceny","res":""},{"d":"2025-07-24","day":"Thu","time":"15:00","desc":"Motor Vehicle Theft","res":""},{"d":"2025-02-11","day":"Tue","time":"22:30","desc":"Motor Vehicle Theft","res":""},{"d":"2024-10-27","day":"Sun","time":"17:00","desc":"Motor Vehicle Theft","res":""},{"d":"2024-08-30","day":"Fri","time":"14:00","desc":"Motor Vehicle Theft","res":""}]}},{"type":"Feature","geometry":{"type":"Polygon","coordinates":[[[-117.49830741400041,33.89594029583348],[-117.49716940925485,33.897632842665075],[-117.49834642565835,33.8992615416911],[-117.50066146086219,33.89919766935061],[-117.50179941146503,33.89750511424753],[-117.50062238100956,33.89587643975624],[-117.49830741400041,33.89594029583348],[-117.49830741400041,33.89594029583348]]]},"properties":{"h3":"8929a016b37ffff","count":2,"c3":1,"c6":1,"c12":2,"c24":2,"score":1.5,"risk":3,"peakDay":"Thursday","peakTime":"afternoon","hood":"La Sierra","bk12":{"morning":1,"afternoon":1,"evening":0,"night":0},"bk24":{"morning":1,"afternoon":1,"evening":0,"night":0},"sv12":1,"recent":[{"d":"2026-07-03","day":"Fri","time":"08:08","desc":"Motor Vehicle Theft","res":""},{"d":"2025-10-30","day":"Thu","time":"15:53","desc":"Larceny","res":""}]}},{"type":"Feature","geometry":{"type":"Polygon","coordinates":[[[-117.3210515677173,33.89239219125575],[-117.31991005277871,33.894083776931716],[-117.32108535261972,33.89571482419887],[-117.3234021820013,33.895654261347914],[-117.32454364322938,33.89396266715405],[-117.32336832878919,33.89233164432888],[-117.3210515677173,33.89239219125575],[-117.3210515677173,33.89239219125575]]]},"properties":{"h3":"8929a01562bffff","count":1,"c3":0,"c6":0,"c12":1,"c24":1,"score":0.6,"risk":1,"peakDay":"Wednesday","peakTime":"morning","hood":"Orangecrest","bk12":{"morning":1,"afternoon":0,"evening":0,"night":0},"bk24":{"morning":1,"afternoon":0,"evening":0,"night":0},"recent":[{"d":"2025-11-05","day":"Wed","time":"08:40","desc":"Larceny","res":""}]}},{"type":"Feature","geometry":{"type":"Polygon","coordinates":[[[-117.33180075048722,33.92368120167695],[-117.33065913147395,33.92537262645641],[-117.33183486192864,33.927003168850725],[-117.33415222597348,33.92694226203871],[-117.33529379122014,33.92525082876857],[-117.33411804619139,33.923620310800956],[-117.33180075048722,33.92368120167695],[-117.33180075048722,33.92368120167695]]]},"properties":{"h3":"8929a01534fffff","count":1,"c3":0,"c6":0,"c12":1,"c24":1,"score":0.6,"risk":1,"peakDay":"Wednesday","peakTime":"afternoon","hood":"Mission Grove","bk12":{"morning":0,"afternoon":1,"evening":0,"night":0},"bk24":{"morning":0,"afternoon":1,"evening":0,"night":0},"recent":[{"d":"2025-11-05","day":"Wed","time":"16:14","desc":"Larceny","res":""}]}},{"type":"Feature","geometry":{"type":"Polygon","coordinates":[[[-117.3175258585623,33.88749882913985],[-117.31638432308215,33.889190429543014],[-117.31755953800995,33.89082157960005],[-117.31987630302953,33.890761104810394],[-117.32101778481245,33.889069495882545],[-117.31984255527583,33.88743837026887],[-117.3175258585623,33.88749882913985],[-117.3175258585623,33.88749882913985]]]},"properties":{"h3":"8929a01560fffff","count":3,"c3":0,"c6":0,"c12":1,"c24":3,"score":1.2,"risk":2,"peakDay":"Wednesday","peakTime":"evening","hood":"Orangecrest","bk12":{"morning":0,"afternoon":0,"evening":1,"night":0},"bk24":{"morning":0,"afternoon":0,"evening":3,"night":0},"recent":[{"d":"2025-11-05","day":"Wed","time":"18:53","desc":"Larceny","res":""},{"d":"2024-10-11","day":"Fri","time":"21:00","desc":"Motor Vehicle Theft","res":""},{"d":"2024-10-07","day":"Mon","time":"21:20","desc":"Motor Vehicle Theft","res":""}]}},{"type":"Feature","geometry":{"type":"Polygon","coordinates":[[[-117.28672313925706,33.93648770852915],[-117.28558049004438,33.938178788605505],[-117.28675592452048,33.93980976616544],[-117.28907402292893,33.939749639255325],[-117.29021661847236,33.93805855063128],[-117.28904116927933,33.936427597464885],[-117.28672313925706,33.93648770852915],[-117.28672313925706,33.93648770852915]]]},"properties":{"h3":"8929a002ec3ffff","count":2,"c3":0,"c6":1,"c12":2,"c24":2,"score":1.4,"risk":3,"peakDay":"Friday","peakTime":"afternoon","hood":"Sycamore Canyon/Canyon Springs","bk12":{"morning":0,"afternoon":2,"evening":0,"night":0},"bk24":{"morning":0,"afternoon":2,"evening":0,"night":0},"recent":[{"d":"2026-03-31","day":"Tue","time":"15:38","desc":"Larceny","res":""},{"d":"2025-11-07","day":"Fri","time":"16:46","desc":"Larceny","res":""}]}},{"type":"Feature","geometry":{"type":"Polygon","coordinates":[[[-117.31430264168206,33.91250872224026],[-117.31316078716321,33.91420012781975],[-117.31433623356259,33.91583102790047],[-117.31665354910888,33.915770497976794],[-117.31779534991433,33.91407908387811],[-117.31661988888968,33.912448208222116],[-117.31430264168206,33.91250872224026],[-117.31430264168206,33.91250872224026]]]},"properties":{"h3":"8929a015273ffff","count":2,"c3":0,"c6":1,"c12":2,"c24":2,"score":1.3,"risk":3,"peakDay":"Friday","peakTime":"morning","hood":"Mission Grove","bk12":{"morning":1,"afternoon":0,"evening":0,"night":1},"bk24":{"morning":1,"afternoon":0,"evening":0,"night":1},"sv12":1,"recent":[{"d":"2026-02-08","day":"Sun","time":"01:31","desc":"Motor Vehicle Theft","res":""},{"d":"2025-11-14","day":"Fri","time":"06:22","desc":"Larceny","res":""}]}},{"type":"Feature","geometry":{"type":"Polygon","coordinates":[[[-117.37707203061625,33.93079012932376],[-117.3759312438112,33.932481757431454],[-117.3771074796495,33.9341116283372],[-117.37942451673142,33.93404984668869],[-117.38056524965313,33.932358210155556],[-117.37938899937906,33.93072836369619],[-117.37707203061625,33.93079012932376],[-117.37707203061625,33.93079012932376]]]},"properties":{"h3":"8929a015eafffff","count":1,"c3":0,"c6":0,"c12":1,"c24":1,"score":0.6,"risk":1,"peakDay":"Sunday","peakTime":"afternoon","hood":"Hawarden Hills","bk12":{"morning":0,"afternoon":1,"evening":0,"night":0},"bk24":{"morning":0,"afternoon":1,"evening":0,"night":0},"recent":[{"d":"2025-11-16","day":"Sun","time":"16:54","desc":"Larceny","res":""}]}},{"type":"Feature","geometry":{"type":"Polygon","coordinates":[[[-117.30019957578237,33.892935188084756],[-117.2990576392533,33.89462665274379],[-117.3002327458254,33.89625796414343],[-117.30254980359305,33.896197786453634],[-117.30369168646175,33.89450631324819],[-117.30251656522593,33.89287502627881],[-117.30019957578237,33.892935188084756],[-117.30019957578237,33.892935188084756]]]},"properties":{"h3":"8929a0025bbffff","count":2,"c3":0,"c6":1,"c12":2,"c24":2,"score":1.4,"risk":3,"peakDay":"Thursday","peakTime":"afternoon","hood":"Orangecrest","bk12":{"morning":1,"afternoon":1,"evening":0,"night":0},"bk24":{"morning":1,"afternoon":1,"evening":0,"night":0},"sv12":1,"recent":[{"d":"2026-04-09","day":"Thu","time":"09:33","desc":"Motor Vehicle Theft","res":""},{"d":"2025-11-20","day":"Thu","time":"13:51","desc":"Larceny","res":""}]}},{"type":"Feature","geometry":{"type":"Polygon","coordinates":[[[-117.45382012718703,33.95529526195516],[-117.45268062722852,33.956987144172416],[-117.45385784772925,33.95861572816078],[-117.4561745823958,33.95855240546084],[-117.45731402826164,33.95686051493385],[-117.45613679355634,33.95523195541638],[-117.45382012718703,33.95529526195516],[-117.45382012718703,33.95529526195516]]]},"properties":{"h3":"8929a014b4fffff","count":1,"c3":0,"c6":0,"c12":1,"c24":1,"score":0.6,"risk":1,"peakDay":"Sunday","peakTime":"night","hood":"Airport","bk12":{"morning":0,"afternoon":0,"evening":0,"night":1},"bk24":{"morning":0,"afternoon":0,"evening":0,"night":1},"recent":[{"d":"2025-11-23","day":"Sun","time":"01:33","desc":"Larceny","res":""}]}},{"type":"Feature","geometry":{"type":"Polygon","coordinates":[[[-117.34615308100449,33.966494651967395],[-117.34501131236077,33.9681858531512],[-117.34618762902277,33.9698157075721],[-117.34850572887204,33.96975433640341],[-117.34964744367316,33.96806312676557],[-117.34847111247043,33.966433296750296],[-117.34615308100449,33.966494651967395],[-117.34615308100449,33.966494651967395]]]},"properties":{"h3":"8929a002907ffff","count":4,"c3":0,"c6":1,"c12":3,"c24":4,"score":2.4,"risk":5,"peakDay":"Wednesday","peakTime":"morning","hood":"Eastside","bk12":{"morning":2,"afternoon":0,"evening":1,"night":0},"bk24":{"morning":2,"afternoon":0,"evening":2,"night":0},"recent":[{"d":"2026-04-19","day":"Sun","time":"09:42","desc":"Larceny","res":""},{"d":"2026-01-24","day":"Sat","time":"18:34","desc":"Larceny","res":""},{"d":"2025-11-26","day":"Wed","time":"07:09","desc":"Larceny","res":""},{"d":"2024-11-18","day":"Mon","time":"19:14","desc":"Motor Vehicle Theft","res":""}]}},{"type":"Feature","geometry":{"type":"Polygon","coordinates":[[[-117.36362535060466,33.97433566470928],[-117.36248385127394,33.976026908108885],[-117.36366041664488,33.9776564432853],[-117.36597849583809,33.97759471065216],[-117.36711994127621,33.97590345882569],[-117.36594336141654,33.97427394805905],[-117.36362535060466,33.97433566470928],[-117.36362535060466,33.97433566470928]]]},"properties":{"h3":"8929a00741bffff","count":3,"c3":0,"c6":0,"c12":2,"c24":3,"score":1.6,"risk":3,"peakDay":"Friday","peakTime":"night","hood":"Eastside","bk12":{"morning":0,"afternoon":1,"evening":0,"night":1},"bk24":{"morning":0,"afternoon":1,"evening":1,"night":1},"sv12":1,"recent":[{"d":"2026-01-15","day":"Thu","time":"14:40","desc":"Motor Vehicle Theft","res":""},{"d":"2025-11-28","day":"Fri","time":"00:52","desc":"Larceny","res":""},{"d":"2024-08-27","day":"Tue","time":"19:45","desc":"Motor Vehicle Theft","res":""}]}},{"type":"Feature","geometry":{"type":"Polygon","coordinates":[[[-117.32454364322938,33.89396266715405],[-117.3234021820013,33.895654261347914],[-117.3245775315976,33.89728524498725],[-117.32689435701356,33.897224609989735],[-117.32803576452118,33.89553300728342],[-117.3268604003361,33.89390204808691],[-117.32454364322938,33.89396266715405],[-117.32454364322938,33.89396266715405]]]},"properties":{"h3":"8929a01562fffff","count":2,"c3":0,"c6":0,"c12":1,"c24":2,"score":0.9,"risk":2,"peakDay":"Monday","peakTime":"morning","hood":"Orangecrest","bk12":{"morning":1,"afternoon":0,"evening":0,"night":0},"bk24":{"morning":1,"afternoon":0,"evening":0,"night":1},"recent":[{"d":"2025-12-01","day":"Mon","time":"09:38","desc":"Larceny","res":""},{"d":"2024-11-17","day":"Sun","time":"02:55","desc":"Motor Vehicle Theft","res":""}]}},{"type":"Feature","geometry":{"type":"Polygon","coordinates":[[[-117.39832064687444,33.96676414911327],[-117.39717991871952,33.9684556407088],[-117.39835673419276,33.97008481328769],[-117.40067429220296,33.97002246983738],[-117.4018149663884,33.9683309698599],[-117.40063813653589,33.966701821714516],[-117.39832064687444,33.96676414911327],[-117.39832064687444,33.96676414911327]]]},"properties":{"h3":"8929a015b33ffff","count":3,"c3":1,"c6":1,"c12":3,"c24":3,"score":2.2,"risk":4,"peakDay":"Monday","peakTime":"morning","hood":"Wood Streets","bk12":{"morning":2,"afternoon":1,"evening":0,"night":0},"bk24":{"morning":2,"afternoon":1,"evening":0,"night":0},"recent":[{"d":"2026-06-23","day":"Tue","time":"07:30","desc":"Larceny","res":""},{"d":"2026-01-04","day":"Sun","time":"14:08","desc":"Larceny","res":""},{"d":"2025-12-08","day":"Mon","time":"07:18","desc":"Larceny","res":""}]}},{"type":"Feature","geometry":{"type":"Polygon","coordinates":[[[-117.34961279410548,33.96474206364616],[-117.34847111247043,33.966433296750296],[-117.34964744367316,33.96806312676557],[-117.35196547104339,33.96800169926788],[-117.35310709882911,33.9663104577138],[-117.35193075309677,33.9646806521072],[-117.34961279410548,33.96474206364616],[-117.34961279410548,33.96474206364616]]]},"properties":{"h3":"8929a0029abffff","count":4,"c3":1,"c6":1,"c12":4,"c24":4,"score":2.9,"risk":6,"peakDay":"Friday","peakTime":"night","hood":"Eastside","bk12":{"morning":1,"afternoon":1,"evening":1,"night":1},"bk24":{"morning":1,"afternoon":1,"evening":1,"night":1},"recent":[{"d":"2026-06-04","day":"Thu","time":"07:07","desc":"Larceny","res":""},{"d":"2026-01-09","day":"Fri","time":"19:27","desc":"Larceny","res":""},{"d":"2026-01-09","day":"Fri","time":"15:01","desc":"Larceny","res":""},{"d":"2025-12-08","day":"Mon","time":"23:18","desc":"Larceny","res":""}]}},{"type":"Feature","geometry":{"type":"Polygon","coordinates":[[[-117.38794529613786,33.97202517321898],[-117.38680430677341,33.97371656935295],[-117.38798107904184,33.97534581521418],[-117.39029885509022,33.97528364051685],[-117.39143979050533,33.97359223598865],[-117.39026300382416,33.97196301455184],[-117.38794529613786,33.97202517321898],[-117.38794529613786,33.97202517321898]]]},"properties":{"h3":"8929a015b63ffff","count":1,"c3":0,"c6":0,"c12":1,"c24":1,"score":0.6,"risk":1,"peakDay":"Tuesday","peakTime":"evening","hood":"Wood Streets","bk12":{"morning":0,"afternoon":0,"evening":1,"night":0},"bk24":{"morning":0,"afternoon":0,"evening":1,"night":0},"recent":[{"d":"2025-12-09","day":"Tue","time":"17:39","desc":"Larceny","res":""}]}},{"type":"Feature","geometry":{"type":"Polygon","coordinates":[[[-117.3219306249164,33.978760297810595],[-117.32078824725463,33.98045127517614],[-117.3219644618185,33.98208130035101],[-117.32428306866588,33.982020323775906],[-117.32542539253213,33.98032933792779],[-117.32424916334932,33.97869933713717],[-117.3219306249164,33.978760297810595],[-117.3219306249164,33.978760297810595]]]},"properties":{"h3":"8929a002b07ffff","count":2,"c3":0,"c6":1,"c12":2,"c24":2,"score":1.5,"risk":3,"peakDay":"Wednesday","peakTime":"afternoon","hood":"University","bk12":{"morning":1,"afternoon":1,"evening":0,"night":0},"bk24":{"morning":1,"afternoon":1,"evening":0,"night":0},"recent":[{"d":"2026-04-23","day":"Thu","time":"09:33","desc":"Larceny","res":""},{"d":"2025-12-10","day":"Wed","time":"15:40","desc":"Larceny","res":""}]}},{"type":"Feature","geometry":{"type":"Polygon","coordinates":[[[-117.33888983923178,33.936785702081785],[-117.33774822828602,33.93847707373948],[-117.3389241638101,33.94010737075182],[-117.34124172483834,33.940046271684565],[-117.34238328198768,33.938354891551114],[-117.34120733190802,33.93672461896049],[-117.33888983923178,33.936785702081785],[-117.33888983923178,33.936785702081785]]]},"properties":{"h3":"8929a002dc7ffff","count":1,"c3":0,"c6":0,"c12":1,"c24":1,"score":0.6,"risk":1,"peakDay":"Wednesday","peakTime":"afternoon","hood":"Canyon Crest","bk12":{"morning":0,"afternoon":1,"evening":0,"night":0},"bk24":{"morning":0,"afternoon":1,"evening":0,"night":0},"recent":[{"d":"2025-12-10","day":"Wed","time":"15:48","desc":"Larceny","res":""}]}},{"type":"Feature","geometry":{"type":"Polygon","coordinates":[[[-117.40523674858703,33.96325635953412],[-117.40409619457925,33.96494791470351],[-117.40527303879986,33.96657703841234],[-117.4075904513881,33.96651458251202],[-117.40873095141305,33.96482301896885],[-117.40755409283543,33.963193919699606],[-117.40523674858703,33.96325635953412],[-117.40523674858703,33.96325635953412]]]},"properties":{"h3":"8929a015ba7ffff","count":3,"c3":0,"c6":0,"c12":2,"c24":3,"score":1.5,"risk":3,"peakDay":"Thursday","peakTime":"morning","hood":"Grand","bk12":{"morning":2,"afternoon":0,"evening":0,"night":0},"bk24":{"morning":2,"afternoon":1,"evening":0,"night":0},"recent":[{"d":"2025-12-11","day":"Thu","time":"08:50","desc":"Larceny","res":""},{"d":"2025-12-11","day":"Thu","time":"08:01","desc":"Larceny","res":""},{"d":"2024-09-12","day":"Thu","time":"14:20","desc":"Motor Vehicle Theft","res":""}]}},{"type":"Feature","geometry":{"type":"Polygon","coordinates":[[[-117.31151365144805,33.98069463480931],[-117.31037104602294,33.98238553960978],[-117.3115471814571,33.98401567736007],[-117.31386593697097,33.983954885932384],[-117.31500848862416,33.98226397263576],[-117.31383233853822,33.98063385926279],[-117.31151365144805,33.98069463480931],[-117.31151365144805,33.98069463480931]]]},"properties":{"h3":"8929a002b47ffff","count":2,"c3":0,"c6":0,"c12":1,"c24":2,"score":0.9,"risk":2,"peakDay":"Wednesday","peakTime":"morning","hood":"University","bk12":{"morning":1,"afternoon":0,"evening":0,"night":0},"bk24":{"morning":1,"afternoon":0,"evening":1,"night":0},"recent":[{"d":"2025-12-17","day":"Wed","time":"06:22","desc":"Larceny","res":""},{"d":"2024-11-17","day":"Sun","time":"17:00","desc":"Motor Vehicle Theft","res":""}]}},{"type":"Feature","geometry":{"type":"Polygon","coordinates":[[[-117.41531702475388,33.931426149221295],[-117.41417699656901,33.933117986260044],[-117.41535360192563,33.93474735198986],[-117.41767024978756,33.934684856214275],[-117.41881022399589,33.93299301080316],[-117.41763360432162,33.931363669539834],[-117.41531702475388,33.931426149221295],[-117.41531702475388,33.931426149221295]]]},"properties":{"h3":"8929a015d0fffff","count":2,"c3":0,"c6":0,"c12":1,"c24":2,"score":0.9,"risk":2,"peakDay":"Thursday","peakTime":"morning","hood":"Ramona","bk12":{"morning":1,"afternoon":0,"evening":0,"night":0},"bk24":{"morning":1,"afternoon":0,"evening":0,"night":1},"recent":[{"d":"2025-12-18","day":"Thu","time":"07:01","desc":"Larceny","res":""},{"d":"2024-08-07","day":"Wed","time":"00:00","desc":"Motor Vehicle Theft","res":""}]}},{"type":"Feature","geometry":{"type":"Polygon","coordinates":[[[-117.48100208572497,33.90139988406934],[-117.47986367855307,33.903092297081734],[-117.48104058928402,33.90472115808776],[-117.48335592129655,33.904657581559356],[-117.48449427436219,33.90296516025368],[-117.4833173495244,33.901336323769506],[-117.48100208572497,33.90139988406934],[-117.48100208572497,33.90139988406934]]]},"properties":{"h3":"8929a016b6bffff","count":2,"c3":0,"c6":0,"c12":2,"c24":2,"score":1.3,"risk":3,"peakDay":"Thursday","peakTime":"morning","hood":"La Sierra","bk12":{"morning":2,"afternoon":0,"evening":0,"night":0},"bk24":{"morning":2,"afternoon":0,"evening":0,"night":0},"sv12":1,"recent":[{"d":"2025-12-20","day":"Sat","time":"09:28","desc":"Motor Vehicle Theft","res":""},{"d":"2025-12-18","day":"Thu","time":"07:32","desc":"Larceny","res":""}]}},{"type":"Feature","geometry":{"type":"Polygon","coordinates":[[[-117.4466824281213,33.93888141002694],[-117.44554295215355,33.9405733687906],[-117.44671993267019,33.942202238457185],[-117.44903640337981,33.94213912488172],[-117.45017582528797,33.940447157792],[-117.44899883054886,33.93881831260362],[-117.4466824281213,33.93888141002694],[-117.4466824281213,33.93888141002694]]]},"properties":{"h3":"8929a014aabffff","count":1,"c3":0,"c6":0,"c12":1,"c24":1,"score":0.6,"risk":1,"peakDay":"Friday","peakTime":"evening","hood":"Ramona","bk12":{"morning":0,"afternoon":0,"evening":1,"night":0},"bk24":{"morning":0,"afternoon":0,"evening":1,"night":0},"recent":[{"d":"2025-12-19","day":"Fri","time":"20:37","desc":"Larceny","res":""}]}},{"type":"Feature","geometry":{"type":"Polygon","coordinates":[[[-117.38395155844663,33.92396161422674],[-117.38281097872567,33.92565332910564],[-117.38398720821553,33.92728319045086],[-117.38630403184189,33.927221312462336],[-117.38744455766943,33.925529589164825],[-117.38626831376678,33.92389975227428],[-117.38395155844663,33.92396161422674],[-117.38395155844663,33.92396161422674]]]},"properties":{"h3":"8929a015c7bffff","count":2,"c3":0,"c6":0,"c12":2,"c24":2,"score":1.3,"risk":3,"peakDay":"Sunday","peakTime":"night","hood":"Hawarden Hills","bk12":{"morning":0,"afternoon":0,"evening":0,"night":2},"bk24":{"morning":0,"afternoon":0,"evening":0,"night":2},"recent":[{"d":"2025-12-21","day":"Sun","time":"02:34","desc":"Larceny","res":""},{"d":"2025-12-21","day":"Sun","time":"02:34","desc":"Larceny","res":""}]}},{"type":"Feature","geometry":{"type":"Polygon","coordinates":[[[-117.37678851380568,33.904215883315764],[-117.37564799183474,33.90590769765614],[-117.37682394607283,33.907537883004046],[-117.37914043671447,33.90747622954726],[-117.38028090482834,33.905784406770564],[-117.37910493616039,33.90415424588683],[-117.37678851380568,33.904215883315764],[-117.37678851380568,33.904215883315764]]]},"properties":{"h3":"8929a0151a3ffff","count":2,"c3":0,"c6":0,"c12":2,"c24":2,"score":1.3,"risk":3,"peakDay":"Sunday","peakTime":"night","hood":"Alessandro Heights","bk12":{"morning":0,"afternoon":0,"evening":0,"night":2},"bk24":{"morning":0,"afternoon":0,"evening":0,"night":2},"recent":[{"d":"2025-12-21","day":"Sun","time":"03:38","desc":"Larceny","res":""},{"d":"2025-12-21","day":"Sun","time":"03:38","desc":"Larceny","res":""}]}},{"type":"Feature","geometry":{"type":"Polygon","coordinates":[[[-117.46403580915516,33.936746759875085],[-117.46289670262526,33.93843883000921],[-117.46407382465546,33.94006749840095],[-117.46639006738653,33.940004072169515],[-117.46752911981693,33.9383119937325],[-117.46635198361851,33.93668334982964],[-117.46403580915516,33.936746759875085],[-117.46403580915516,33.936746759875085]]]},"properties":{"h3":"8929a014867ffff","count":3,"c3":0,"c6":1,"c12":2,"c24":3,"score":1.7,"risk":3,"peakDay":"Sunday","peakTime":"morning","hood":"Arlanza","bk12":{"morning":2,"afternoon":0,"evening":0,"night":0},"bk24":{"morning":2,"afternoon":1,"evening":0,"night":0},"recent":[{"d":"2026-03-09","day":"Mon","time":"05:16","desc":"Larceny","res":""},{"d":"2025-12-21","day":"Sun","time":"10:10","desc":"Larceny","res":""},{"d":"2024-12-07","day":"Sat","time":"15:18","desc":"Motor Vehicle Theft","res":""}]}},{"type":"Feature","geometry":{"type":"Polygon","coordinates":[[[-117.28652646839812,33.916554046510974],[-117.2853840184945,33.918245267013845],[-117.28655924202768,33.919876480101685],[-117.28887693017964,33.9198164482796],[-117.29001932643364,33.91812521922089],[-117.28884408818814,33.91649403053992],[-117.28652646839812,33.916554046510974],[-117.28652646839812,33.916554046510974]]]},"properties":{"h3":"8929a0021cfffff","count":1,"c3":0,"c6":0,"c12":1,"c24":1,"score":0.6,"risk":1,"peakDay":"Monday","peakTime":"evening","hood":"Sycamore Canyon/Canyon Springs","bk12":{"morning":0,"afternoon":0,"evening":1,"night":0},"bk24":{"morning":0,"afternoon":0,"evening":1,"night":0},"recent":[{"d":"2025-12-22","day":"Mon","time":"18:54","desc":"Larceny","res":""}]}},{"type":"Feature","geometry":{"type":"Polygon","coordinates":[[[-117.37033246645768,33.950903511083276],[-117.36919134003932,33.95259495882693],[-117.3703677230336,33.95422468174768],[-117.37268524691092,33.95416293249546],[-117.37382631944294,33.95247147632498],[-117.37264992198682,33.9508417778334],[-117.37033246645768,33.950903511083276],[-117.37033246645768,33.950903511083276]]]},"properties":{"h3":"8929a015a17ffff","count":3,"c3":1,"c6":1,"c12":2,"c24":3,"score":2.1,"risk":4,"peakDay":"Tuesday","peakTime":"afternoon","hood":"Victoria","bk12":{"morning":1,"afternoon":1,"evening":0,"night":0},"bk24":{"morning":1,"afternoon":2,"evening":0,"night":0},"sv12":1,"recent":[{"d":"2026-06-29","day":"Mon","time":"15:07","desc":"Motor Vehicle Theft","res":""},{"d":"2025-12-23","day":"Tue","time":"10:07","desc":"Larceny","res":""},{"d":"2025-07-12","day":"Sat","time":"12:54","desc":"Motor Vehicle Theft","res":""}]}},{"type":"Feature","geometry":{"type":"Polygon","coordinates":[[[-117.32199830072291,33.985402239906236],[-117.32085585664383,33.98709317017893],[-117.32203214162993,33.98872311645575],[-117.32435088531835,33.988662108079886],[-117.3254932755954,33.986971169327305],[-117.32431697598882,33.98534124743032],[-117.32199830072291,33.985402239906236],[-117.32199830072291,33.985402239906236]]]},"properties":{"h3":"8929a002b2bffff","count":1,"c3":0,"c6":0,"c12":1,"c24":1,"score":0.7,"risk":1,"peakDay":"Tuesday","peakTime":"morning","hood":"University","bk12":{"morning":1,"afternoon":0,"evening":0,"night":0},"bk24":{"morning":1,"afternoon":0,"evening":0,"night":0},"recent":[{"d":"2025-12-23","day":"Tue","time":"11:06","desc":"Larceny","res":""}]}},{"type":"Feature","geometry":{"type":"Polygon","coordinates":[[[-117.41873686910897,33.92635052825485],[-117.41759696102268,33.92804242021394],[-117.41877354546801,33.92967180084938],[-117.42109005230814,33.9296092650538],[-117.42222990641447,33.92791736472507],[-117.42105330766344,33.926288008561386],[-117.41873686910897,33.92635052825485],[-117.41873686910897,33.92635052825485]]]},"properties":{"h3":"8929a015d17ffff","count":3,"c3":0,"c6":0,"c12":1,"c24":3,"score":1.4,"risk":3,"peakDay":"Wednesday","peakTime":"night","hood":"Presidential Park","bk12":{"morning":0,"afternoon":0,"evening":0,"night":1},"bk24":{"morning":0,"afternoon":0,"evening":0,"night":3},"recent":[{"d":"2025-12-24","day":"Wed","time":"00:23","desc":"Larceny","res":""},{"d":"2025-07-06","day":"Sun","time":"04:18","desc":"Motor Vehicle Theft","res":""},{"d":"2024-12-07","day":"Sat","time":"00:00","desc":"Motor Vehicle Theft","res":""}]}},{"type":"Feature","geometry":{"type":"Polygon","coordinates":[[[-117.42899424065992,33.91112267781762],[-117.42785469280429,33.91281473428067],[-117.42903121445265,33.91444415952896],[-117.43134729822955,33.91438150382651],[-117.43248679209509,33.912689439002],[-117.43131025617659,33.91106003824125],[-117.42899424065992,33.91112267781762],[-117.42899424065992,33.91112267781762]]]},"properties":{"h3":"8929a014ecbffff","count":5,"c3":2,"c6":2,"c12":4,"c24":5,"score":3.3,"risk":6,"peakDay":"Wednesday","peakTime":"morning","hood":"Arlington South","bk12":{"morning":2,"afternoon":2,"evening":0,"night":0},"bk24":{"morning":2,"afternoon":2,"evening":1,"night":0},"sv12":1,"recent":[{"d":"2026-05-27","day":"Wed","time":"11:15","desc":"Larceny","res":""},{"d":"2026-05-15","day":"Fri","time":"12:12","desc":"Larceny","res":""},{"d":"2025-12-24","day":"Wed","time":"07:51","desc":"Larceny","res":""},{"d":"2025-08-26","day":"Tue","time":"16:15","desc":"Motor Vehicle Theft","res":""},{"d":"2025-02-13","day":"Thu","time":"17:30","desc":"Motor Vehicle Theft","res":""}]}},{"type":"Feature","geometry":{"type":"Polygon","coordinates":[[[-117.36397610439616,34.0075406152989],[-117.36283427343014,34.0092316233933],[-117.3640111911929,34.01086076346097],[-117.36632995442069,34.01079887104647],[-117.3674717314613,34.009107854538684],[-117.36629479920234,34.00747873885864],[-117.36397610439616,34.0075406152989],[-117.36397610439616,34.0075406152989]]]},"properties":{"h3":"8929a007063ffff","count":3,"c3":0,"c6":1,"c12":2,"c24":3,"score":1.7,"risk":3,"peakDay":"Monday","peakTime":"night","hood":"Northside","bk12":{"morning":1,"afternoon":0,"evening":0,"night":1},"bk24":{"morning":1,"afternoon":0,"evening":0,"night":2},"recent":[{"d":"2026-03-23","day":"Mon","time":"02:51","desc":"Larceny","res":""},{"d":"2025-12-24","day":"Wed","time":"10:39","desc":"Larceny","res":""},{"d":"2024-12-09","day":"Mon","time":"01:00","desc":"Motor Vehicle Theft","res":""}]}},{"type":"Feature","geometry":{"type":"Polygon","coordinates":[[[-117.33173253365645,33.917037079484764],[-117.33059098096375,33.918728550937004],[-117.33176664106323,33.92035917188143],[-117.33408386843074,33.920298296942335],[-117.33522536736335,33.91860681699669],[-117.33404969269134,33.91697622048339],[-117.33173253365645,33.917037079484764],[-117.33173253365645,33.917037079484764]]]},"properties":{"h3":"8929a015353ffff","count":2,"c3":0,"c6":0,"c12":2,"c24":2,"score":1.3,"risk":3,"peakDay":"Saturday","peakTime":"night","hood":"Canyon Crest","bk12":{"morning":0,"afternoon":0,"evening":0,"night":2},"bk24":{"morning":0,"afternoon":0,"evening":0,"night":2},"sv12":1,"recent":[{"d":"2025-12-27","day":"Sat","time":"02:43","desc":"Motor Vehicle Theft","res":""},{"d":"2025-12-27","day":"Sat","time":"02:43","desc":"Larceny","res":""}]}},{"type":"Feature","geometry":{"type":"Polygon","coordinates":[[[-117.4912847500324,33.88948883151697],[-117.49014666998187,33.89118138486148],[-117.49132355250947,33.892810250953254],[-117.49363852916237,33.89274653916493],[-117.49477655509332,33.89105397753664],[-117.49359965849372,33.88942513598027],[-117.4912847500324,33.88948883151697],[-117.4912847500324,33.88948883151697]]]},"properties":{"h3":"8929a016b17ffff","count":2,"c3":0,"c6":0,"c12":2,"c24":2,"score":1.3,"risk":3,"peakDay":"Sunday","peakTime":"morning","hood":"La Sierra South","bk12":{"morning":2,"afternoon":0,"evening":0,"night":0},"bk24":{"morning":2,"afternoon":0,"evening":0,"night":0},"sv12":1,"recent":[{"d":"2025-12-28","day":"Sun","time":"08:18","desc":"Motor Vehicle Theft","res":""},{"d":"2025-12-28","day":"Sun","time":"08:18","desc":"Larceny","res":""}]}},{"type":"Feature","geometry":{"type":"Polygon","coordinates":[[[-117.4639977959027,33.93342595867403],[-117.46285872238236,33.935118052051635],[-117.46403580915516,33.936746759875085],[-117.46635198361851,33.93668334982964],[-117.46749100304264,33.9349912481478],[-117.46631390210239,33.933362564815454],[-117.4639977959027,33.93342595867403],[-117.4639977959027,33.93342595867403]]]},"properties":{"h3":"8929a014877ffff","count":4,"c3":0,"c6":0,"c12":2,"c24":4,"score":2,"risk":4,"peakDay":"Saturday","peakTime":"night","hood":"Arlanza","bk12":{"morning":1,"afternoon":0,"evening":0,"night":1},"bk24":{"morning":1,"afternoon":0,"evening":1,"night":2},"sv12":1,"recent":[{"d":"2025-12-29","day":"Mon","time":"09:21","desc":"Larceny","res":""},{"d":"2025-11-08","day":"Sat","time":"22:58","desc":"Motor Vehicle Theft","res":""},{"d":"2025-02-22","day":"Sat","time":"00:00","desc":"Motor Vehicle Theft","res":""},{"d":"2025-01-24","day":"Fri","time":"18:00","desc":"Motor Vehicle Theft","res":""}]}},{"type":"Feature","geometry":{"type":"Polygon","coordinates":[[[-117.43642570284604,33.954108379889426],[-117.4352858664688,33.955800173829076],[-117.43646291000596,33.957428998563536],[-117.43877980418122,33.957366004895746],[-117.43991958650895,33.95567420262182],[-117.43874252871372,33.95404540234979],[-117.43642570284604,33.954108379889426],[-117.43642570284604,33.954108379889426]]]},"properties":{"h3":"8929a0064d7ffff","count":64,"c3":7,"c6":9,"c12":17,"c24":64,"score":29.7,"risk":58,"peakDay":"Friday","peakTime":"afternoon","hood":"Airport","bk12":{"morning":7,"afternoon":6,"evening":4,"night":0},"bk24":{"morning":22,"afternoon":23,"evening":7,"night":12},"sv12":16,"recent":[{"d":"2026-07-21","day":"Tue","time":"09:53","desc":"Motor Vehicle Theft","res":""},{"d":"2026-07-07","day":"Tue","time":"18:07","desc":"Motor Vehicle Theft","res":""},{"d":"2026-07-06","day":"Mon","time":"18:53","desc":"Motor Vehicle Theft","res":""},{"d":"2026-06-05","day":"Fri","time":"12:11","desc":"Motor Vehicle Theft","res":""},{"d":"2026-06-02","day":"Tue","time":"09:01","desc":"Motor Vehicle Theft","res":""},{"d":"2026-05-15","day":"Fri","time":"14:08","desc":"Motor Vehicle Theft","res":""},{"d":"2026-05-13","day":"Wed","time":"08:56","desc":"Motor Vehicle Theft","res":""},{"d":"2026-04-15","day":"Wed","time":"10:42","desc":"Motor Vehicle Theft","res":""},{"d":"2026-04-06","day":"Mon","time":"18:33","desc":"Motor Vehicle Theft","res":""},{"d":"2026-02-03","day":"Tue","time":"14:46","desc":"Motor Vehicle Theft","res":""}]}},{"type":"Feature","geometry":{"type":"Polygon","coordinates":[[[-117.42598121834612,33.952730880052],[-117.42484118681514,33.95442262562061],[-117.42601811701032,33.95605160264638],[-117.42833509302933,33.95598880964561],[-117.42947507053744,33.95429705572775],[-117.4282981260522,33.952668103159766],[-117.42598121834612,33.952730880052],[-117.42598121834612,33.952730880052]]]},"properties":{"h3":"8929a0159afffff","count":2,"c3":0,"c6":0,"c12":1,"c24":2,"score":1.1,"risk":2,"peakDay":"Wednesday","peakTime":"morning","hood":"Airport","bk12":{"morning":1,"afternoon":0,"evening":0,"night":0},"bk24":{"morning":1,"afternoon":0,"evening":0,"night":1},"recent":[{"d":"2025-12-31","day":"Wed","time":"07:11","desc":"Larceny","res":""},{"d":"2025-07-20","day":"Sun","time":"03:12","desc":"Motor Vehicle Theft","res":""}]}},{"type":"Feature","geometry":{"type":"Polygon","coordinates":[[[-117.40833076167144,33.9282920179094],[-117.40719062556325,33.9299838381871],[-117.40836713179985,33.93161333158851],[-117.41068378848587,33.931550980247195],[-117.41182387063738,33.92985915158624],[-117.41064735006232,33.92822968264971],[-117.40833076167144,33.9282920179094],[-117.40833076167144,33.9282920179094]]]},"properties":{"h3":"8929a015d57ffff","count":2,"c3":0,"c6":0,"c12":2,"c24":2,"score":1.3,"risk":3,"peakDay":"Wednesday","peakTime":"afternoon","hood":"Casa Blanca","bk12":{"morning":1,"afternoon":1,"evening":0,"night":0},"bk24":{"morning":1,"afternoon":1,"evening":0,"night":0},"sv12":1,"recent":[{"d":"2025-12-31","day":"Wed","time":"16:54","desc":"Larceny","res":""},{"d":"2025-12-29","day":"Mon","time":"07:00","desc":"Motor Vehicle Theft","res":""}]}},{"type":"Feature","geometry":{"type":"Polygon","coordinates":[[[-117.4672242487164,33.91174427562449],[-117.46608546028278,33.91343653972039],[-117.46726234971867,33.91506545942295],[-117.46957804174303,33.915002090521945],[-117.47071677609367,33.91330981811774],[-117.46953987250572,33.91168092292269],[-117.4672242487164,33.91174427562449],[-117.4672242487164,33.91174427562449]]]},"properties":{"h3":"8929a014c2bffff","count":1,"c3":0,"c6":0,"c12":1,"c24":1,"score":0.7,"risk":1,"peakDay":"Friday","peakTime":"afternoon","hood":"La Sierra","bk12":{"morning":0,"afternoon":1,"evening":0,"night":0},"bk24":{"morning":0,"afternoon":1,"evening":0,"night":0},"recent":[{"d":"2026-01-02","day":"Fri","time":"13:02","desc":"Larceny","res":""}]}},{"type":"Feature","geometry":{"type":"Polygon","coordinates":[[[-117.2971706211347,33.93787787217813],[-117.29602816617304,33.939569001316556],[-117.29720371510211,33.941199827111824],[-117.29952173368058,33.94113949937017],[-117.30066413494622,33.93944836169899],[-117.29948857133223,33.937817560302044],[-117.2971706211347,33.93787787217813],[-117.2971706211347,33.93787787217813]]]},"properties":{"h3":"8929a002e8fffff","count":2,"c3":0,"c6":0,"c12":1,"c24":2,"score":1.1,"risk":2,"peakDay":"Sunday","peakTime":"morning","hood":"Sycamore Canyon/Canyon Springs","bk12":{"morning":1,"afternoon":0,"evening":0,"night":0},"bk24":{"morning":1,"afternoon":1,"evening":0,"night":0},"recent":[{"d":"2026-01-04","day":"Sun","time":"05:18","desc":"Larceny","res":""},{"d":"2025-05-20","day":"Tue","time":"14:00","desc":"Motor Vehicle Theft","res":""}]}},{"type":"Feature","geometry":{"type":"Polygon","coordinates":[[[-117.48445566962508,33.899643879351395],[-117.4833173495244,33.901336323769506],[-117.48449427436219,33.90296516025368],[-117.48680953339907,33.902901527794675],[-117.48794779938683,33.90120907508734],[-117.4867708604534,33.899580263128044],[-117.48445566962508,33.899643879351395],[-117.48445566962508,33.899643879351395]]]},"properties":{"h3":"8929a016b63ffff","count":1,"c3":0,"c6":0,"c12":1,"c24":1,"score":0.7,"risk":1,"peakDay":"Monday","peakTime":"morning","hood":"La Sierra","bk12":{"morning":1,"afternoon":0,"evening":0,"night":0},"bk24":{"morning":1,"afternoon":0,"evening":0,"night":0},"recent":[{"d":"2026-01-05","day":"Mon","time":"11:17","desc":"Larceny","res":""}]}},{"type":"Feature","geometry":{"type":"Polygon","coordinates":[[[-117.47121361061302,33.95647960040062],[-117.47007444724849,33.95817157074356],[-117.47125184447492,33.95979991388851],[-117.47356841921963,33.95973626221102],[-117.47470752844828,33.95804428358288],[-117.47353011707085,33.956415964917255],[-117.47121361061302,33.95647960040062],[-117.47121361061302,33.95647960040062]]]},"properties":{"h3":"8929a014b23ffff","count":2,"c3":0,"c6":0,"c12":2,"c24":2,"score":1.3,"risk":3,"peakDay":"Friday","peakTime":"morning","hood":"Arlanza","bk12":{"morning":1,"afternoon":1,"evening":0,"night":0},"bk24":{"morning":1,"afternoon":1,"evening":0,"night":0},"recent":[{"d":"2026-01-09","day":"Fri","time":"14:45","desc":"Larceny","res":""},{"d":"2026-01-09","day":"Fri","time":"11:14","desc":"Larceny","res":""}]}},{"type":"Feature","geometry":{"type":"Polygon","coordinates":[[[-117.45010061579272,33.93380542401507],[-117.44896125993967,33.93549743763441],[-117.45013821942851,33.93712632224373],[-117.45245454898374,33.937063168750086],[-117.45359385077379,33.93537114680742],[-117.45241687707437,33.933742286681564],[-117.45010061579272,33.93380542401507],[-117.45010061579272,33.93380542401507]]]},"properties":{"h3":"8929a014ab3ffff","count":2,"c3":0,"c6":0,"c12":1,"c24":2,"score":1,"risk":2,"peakDay":"Friday","peakTime":"morning","hood":"Arlington","bk12":{"morning":1,"afternoon":0,"evening":0,"night":0},"bk24":{"morning":2,"afternoon":0,"evening":0,"night":0},"recent":[{"d":"2026-01-09","day":"Fri","time":"11:22","desc":"Larceny","res":""},{"d":"2025-02-28","day":"Fri","time":"08:41","desc":"Motor Vehicle Theft","res":""}]}},{"type":"Feature","geometry":{"type":"Polygon","coordinates":[[[-117.4744775515014,33.938121418661716],[-117.47333864029954,33.939813536935695],[-117.47451587532635,33.94144205297219],[-117.47683203569414,33.941378426241045],[-117.47797089276997,33.939686299679195],[-117.4767936436069,33.938057808136186],[-117.4744775515014,33.938121418661716],[-117.4744775515014,33.938121418661716]]]},"properties":{"h3":"8929a01495bffff","count":1,"c3":0,"c6":0,"c12":1,"c24":1,"score":0.7,"risk":1,"peakDay":"Saturday","peakTime":"afternoon","hood":"La Sierra Acres","bk12":{"morning":0,"afternoon":1,"evening":0,"night":0},"bk24":{"morning":0,"afternoon":1,"evening":0,"night":0},"recent":[{"d":"2026-01-10","day":"Sat","time":"13:01","desc":"Larceny","res":""}]}},{"type":"Feature","geometry":{"type":"Polygon","coordinates":[[[-117.38430815103199,33.95717455550889],[-117.38316724021878,33.958866036927155],[-117.38434382189234,33.96049550447652],[-117.38666132880208,33.96043346617498],[-117.38780218568901,33.95874197635165],[-117.38662558959524,33.957112533234756],[-117.38430815103199,33.95717455550889],[-117.38430815103199,33.95717455550889]]]},"properties":{"h3":"8929a015bc3ffff","count":2,"c3":0,"c6":0,"c12":1,"c24":2,"score":0.9,"risk":2,"peakDay":"Monday","peakTime":"afternoon","hood":"Magnolia Center","bk12":{"morning":0,"afternoon":1,"evening":0,"night":0},"bk24":{"morning":0,"afternoon":1,"evening":0,"night":1},"recent":[{"d":"2026-01-12","day":"Mon","time":"14:15","desc":"Larceny","res":""},{"d":"2024-08-22","day":"Thu","time":"23:00","desc":"Motor Vehicle Theft","res":""}]}},{"type":"Feature","geometry":{"type":"Polygon","coordinates":[[[-117.32545933305951,33.98365028512463],[-117.32431697598882,33.98534124743032],[-117.3254932755954,33.986971169327305],[-117.32781194688482,33.986910104535525],[-117.32895425014671,33.98521913375403],[-117.3277779359308,33.98358923623993],[-117.32545933305951,33.98365028512463],[-117.32545933305951,33.98365028512463]]]},"properties":{"h3":"8929a002b23ffff","count":4,"c3":0,"c6":1,"c12":3,"c24":4,"score":2.4,"risk":5,"peakDay":"Tuesday","peakTime":"afternoon","hood":"University","bk12":{"morning":0,"afternoon":2,"evening":1,"night":0},"bk24":{"morning":1,"afternoon":2,"evening":1,"night":0},"sv12":1,"recent":[{"d":"2026-03-20","day":"Fri","time":"18:16","desc":"Larceny","res":""},{"d":"2026-01-18","day":"Sun","time":"15:26","desc":"Motor Vehicle Theft","res":""},{"d":"2026-01-13","day":"Tue","time":"14:50","desc":"Larceny","res":""},{"d":"2024-08-08","day":"Thu","time":"06:00","desc":"Motor Vehicle Theft","res":""}]}},{"type":"Feature","geometry":{"type":"Polygon","coordinates":[[[-117.3981402423,33.9501598855345],[-117.3969996796591,33.951851494074766],[-117.39817631894657,33.953480863876024],[-117.40049353525332,33.95341860069222],[-117.40163404394117,33.95172698376323],[-117.40045739027816,33.95009763840659],[-117.3981402423,33.9501598855345],[-117.3981402423,33.9501598855345]]]},"properties":{"h3":"8929a01582fffff","count":3,"c3":1,"c6":1,"c12":2,"c24":3,"score":2,"risk":4,"peakDay":"Saturday","peakTime":"night","hood":"Magnolia Center","bk12":{"morning":0,"afternoon":1,"evening":0,"night":1},"bk24":{"morning":0,"afternoon":1,"evening":1,"night":1},"recent":[{"d":"2026-06-07","day":"Sun","time":"15:42","desc":"Larceny","res":""},{"d":"2026-01-17","day":"Sat","time":"04:44","desc":"Larceny","res":""},{"d":"2025-05-21","day":"Wed","time":"18:41","desc":"Motor Vehicle Theft","res":""}]}},{"type":"Feature","geometry":{"type":"Polygon","coordinates":[[[-117.49508786680013,33.917623139895476],[-117.49394957723638,33.919315516634605],[-117.49512679111574,33.92094400392921],[-117.49744230862895,33.920880089966225],[-117.49858054403678,33.91918770495973],[-117.49740331609011,33.91755924218342],[-117.49508786680013,33.917623139895476],[-117.49508786680013,33.917623139895476]]]},"properties":{"h3":"8929a014d33ffff","count":5,"c3":0,"c6":0,"c12":4,"c24":5,"score":2.8,"risk":5,"peakDay":"Sunday","peakTime":"morning","hood":"La Sierra","bk12":{"morning":2,"afternoon":0,"evening":1,"night":1},"bk24":{"morning":3,"afternoon":0,"evening":1,"night":1},"sv12":2,"recent":[{"d":"2026-01-29","day":"Thu","time":"04:05","desc":"Larceny","res":""},{"d":"2026-01-18","day":"Sun","time":"10:24","desc":"Larceny","res":""},{"d":"2025-10-19","day":"Sun","time":"17:27","desc":"Motor Vehicle Theft","res":""},{"d":"2025-08-25","day":"Mon","time":"06:15","desc":"Motor Vehicle Theft","res":""},{"d":"2024-10-25","day":"Fri","time":"10:30","desc":"Motor Vehicle Theft","res":""}]}},{"type":"Feature","geometry":{"type":"Polygon","coordinates":[[[-117.41520730621554,33.92146216508391],[-117.4140673772207,33.92315407192448],[-117.41524387689905,33.92478355574777],[-117.41756031989048,33.92472110825715],[-117.41870019491864,33.923029193040136],[-117.41752368092489,33.92139973369001],[-117.41520730621554,33.92146216508391],[-117.41520730621554,33.92146216508391]]]},"properties":{"h3":"8929a015d8bffff","count":1,"c3":0,"c6":0,"c12":1,"c24":1,"score":0.7,"risk":1,"peakDay":"Monday","peakTime":"afternoon","hood":"Presidential Park","bk12":{"morning":0,"afternoon":1,"evening":0,"night":0},"bk24":{"morning":0,"afternoon":1,"evening":0,"night":0},"recent":[{"d":"2026-01-19","day":"Mon","time":"14:33","desc":"Larceny","res":""}]}},{"type":"Feature","geometry":{"type":"Polygon","coordinates":[[[-117.42248741121703,33.95116456821952],[-117.42134732567305,33.95285630543344],[-117.42252420632047,33.95448534636256],[-117.42484118681514,33.95442262562061],[-117.42598121834612,33.952730880052],[-117.42480432339823,33.951101863579865],[-117.42248741121703,33.95116456821952],[-117.42248741121703,33.95116456821952]]]},"properties":{"h3":"8929a0159abffff","count":2,"c3":0,"c6":1,"c12":2,"c24":2,"score":1.5,"risk":3,"peakDay":"Friday","peakTime":"morning","hood":"Airport","bk12":{"morning":1,"afternoon":0,"evening":0,"night":1},"bk24":{"morning":1,"afternoon":0,"evening":0,"night":1},"recent":[{"d":"2026-04-15","day":"Wed","time":"02:00","desc":"Larceny","res":""},{"d":"2026-01-23","day":"Fri","time":"10:36","desc":"Larceny","res":""}]}},{"type":"Feature","geometry":{"type":"Polygon","coordinates":[[[-117.49504894478552,33.914302213311316],[-117.49391068818252,33.91599461319906],[-117.49508786680013,33.917623139895476],[-117.49740331609011,33.91755924218342],[-117.49854151854046,33.915866834026914],[-117.49736432585627,33.91423833185105],[-117.49504894478552,33.914302213311316],[-117.49504894478552,33.914302213311316]]]},"properties":{"h3":"8929a014dabffff","count":5,"c3":0,"c6":0,"c12":4,"c24":5,"score":3,"risk":6,"peakDay":"Tuesday","peakTime":"morning","hood":"La Sierra","bk12":{"morning":4,"afternoon":0,"evening":0,"night":0},"bk24":{"morning":4,"afternoon":1,"evening":0,"night":0},"sv12":3,"recent":[{"d":"2026-01-23","day":"Fri","time":"11:13","desc":"Larceny","res":""},{"d":"2026-01-20","day":"Tue","time":"11:39","desc":"Motor Vehicle Theft","res":""},{"d":"2025-12-23","day":"Tue","time":"06:42","desc":"Motor Vehicle Theft","res":""},{"d":"2025-09-07","day":"Sun","time":"09:10","desc":"Motor Vehicle Theft","res":""},{"d":"2025-04-02","day":"Wed","time":"13:38","desc":"Motor Vehicle Theft","res":""}]}},{"type":"Feature","geometry":{"type":"Polygon","coordinates":[[[-117.48111760323054,33.9113635186837],[-117.47997909714239,33.91305586229866],[-117.48115611361837,33.914684605220145],[-117.48347165029425,33.91462098001136],[-117.48461010226622,33.912928628107174],[-117.48343307168129,33.91129990970085],[-117.48111760323054,33.9113635186837],[-117.48111760323054,33.9113635186837]]]},"properties":{"h3":"8929a014dcfffff","count":4,"c3":0,"c6":1,"c12":3,"c24":4,"score":2.3,"risk":5,"peakDay":"Tuesday","peakTime":"afternoon","hood":"La Sierra","bk12":{"morning":1,"afternoon":2,"evening":0,"night":0},"bk24":{"morning":1,"afternoon":2,"evening":0,"night":1},"sv12":2,"recent":[{"d":"2026-04-07","day":"Tue","time":"07:09","desc":"Motor Vehicle Theft","res":""},{"d":"2026-01-26","day":"Mon","time":"13:36","desc":"Larceny","res":""},{"d":"2025-09-16","day":"Tue","time":"14:27","desc":"Motor Vehicle Theft","res":""},{"d":"2024-12-08","day":"Sun","time":"23:06","desc":"Motor Vehicle Theft","res":""}]}},{"type":"Feature","geometry":{"type":"Polygon","coordinates":[[[-117.50238638089701,33.94731640185998],[-117.50124793595312,33.94900860953206],[-117.5024255307038,33.950636653272845],[-117.5047415844534,33.95057246483931],[-117.50587997519509,33.94888024892162],[-117.50470236639221,33.947252229682874],[-117.50238638089701,33.94731640185998],[-117.50238638089701,33.94731640185998]]]},"properties":{"h3":"8929a0a9453ffff","count":2,"c3":0,"c6":1,"c12":2,"c24":2,"score":1.5,"risk":3,"peakDay":"Wednesday","peakTime":"morning","hood":"La Sierra Acres","bk12":{"morning":2,"afternoon":0,"evening":0,"night":0},"bk24":{"morning":2,"afternoon":0,"evening":0,"night":0},"recent":[{"d":"2026-04-22","day":"Wed","time":"07:55","desc":"Larceny","res":""},{"d":"2026-01-28","day":"Wed","time":"07:28","desc":"Larceny","res":""}]}},{"type":"Feature","geometry":{"type":"Polygon","coordinates":[[[-117.50901950661567,33.92055987950258],[-117.5078814666828,33.92225231243263],[-117.50905884257108,33.923880583398265],[-117.51137427241996,33.923816396910006],[-117.5125122581605,33.92212395573302],[-117.5113348682473,33.92049570929107],[-117.50901950661567,33.92055987950258],[-117.50901950661567,33.92055987950258]]]},"properties":{"h3":"8929a0ab2c7ffff","count":1,"c3":0,"c6":0,"c12":1,"c24":1,"score":0.7,"risk":1,"peakDay":"Thursday","peakTime":"evening","hood":"La Sierra","bk12":{"morning":0,"afternoon":0,"evening":1,"night":0},"bk24":{"morning":0,"afternoon":0,"evening":1,"night":0},"recent":[{"d":"2026-01-29","day":"Thu","time":"19:01","desc":"Larceny","res":""}]}},{"type":"Feature","geometry":{"type":"Polygon","coordinates":[[[-117.33128932085485,33.873844190985004],[-117.33014819905836,33.87553596476505],[-117.33132340205391,33.87716709532397],[-117.33363974141152,33.87710642764259],[-117.33478080949045,33.87541464535137],[-117.33360559193217,33.87378353925253],[-117.33128932085485,33.873844190985004],[-117.33128932085485,33.873844190985004]]]},"properties":{"h3":"8929a015443ffff","count":1,"c3":0,"c6":0,"c12":1,"c24":1,"score":0.7,"risk":1,"peakDay":"Saturday","peakTime":"morning","hood":"Orangecrest","bk12":{"morning":1,"afternoon":0,"evening":0,"night":0},"bk24":{"morning":1,"afternoon":0,"evening":0,"night":0},"recent":[{"d":"2026-01-31","day":"Sat","time":"06:58","desc":"Larceny","res":""}]}},{"type":"Feature","geometry":{"type":"Polygon","coordinates":[[[-117.48503498038184,33.94945652503998],[-117.48389616560641,33.951148621647306],[-117.48507361936993,33.9527768668568],[-117.48738990201804,33.9527129909674],[-117.48852866263098,33.95102088609126],[-117.4873511947611,33.949392665373175],[-117.48503498038184,33.94945652503998],[-117.48503498038184,33.94945652503998]]]},"properties":{"h3":"8929a01496fffff","count":3,"c3":0,"c6":1,"c12":2,"c24":3,"score":1.9,"risk":4,"peakDay":"Wednesday","peakTime":"morning","hood":"La Sierra Acres","bk12":{"morning":1,"afternoon":0,"evening":1,"night":0},"bk24":{"morning":2,"afternoon":0,"evening":1,"night":0},"sv12":1,"recent":[{"d":"2026-04-07","day":"Tue","time":"20:35","desc":"Motor Vehicle Theft","res":""},{"d":"2026-02-04","day":"Wed","time":"07:42","desc":"Larceny","res":""},{"d":"2025-02-17","day":"Mon","time":"06:20","desc":"Motor Vehicle Theft","res":""}]}},{"type":"Feature","geometry":{"type":"Polygon","coordinates":[[[-117.41218870421378,33.963068911553236],[-117.41104829127127,33.9647605068591],[-117.41222519944112,33.96638954222065],[-117.41454253489171,33.96632695783272],[-117.41568289383468,33.9646353541626],[-117.41450597132939,33.963006343244494],[-117.41218870421378,33.963068911553236],[-117.41218870421378,33.963068911553236]]]},"properties":{"h3":"8929a01596fffff","count":3,"c3":0,"c6":1,"c12":1,"c24":3,"score":1.3,"risk":3,"peakDay":"Thursday","peakTime":"morning","hood":"Grand","bk12":{"morning":1,"afternoon":0,"evening":0,"night":0},"bk24":{"morning":1,"afternoon":1,"evening":0,"night":1},"recent":[{"d":"2026-02-05","day":"Thu","time":"05:12","desc":"Larceny","res":""},{"d":"2025-03-02","day":"Sun","time":"23:10","desc":"Motor Vehicle Theft","res":""},{"d":"2024-08-17","day":"Sat","time":"13:42","desc":"Motor Vehicle Theft","res":""}]}},{"type":"Feature","geometry":{"type":"Polygon","coordinates":[[[-117.42947507053744,33.95429705572775],[-117.42833509302933,33.95598880964561],[-117.4295120727647,33.957617722759636],[-117.43182904429055,33.957554857497044],[-117.43296896776573,33.955863095235394],[-117.43179197375073,33.95423420657997],[-117.42947507053744,33.95429705572775],[-117.42947507053744,33.95429705572775]]]},"properties":{"h3":"8929a0064dbffff","count":1,"c3":0,"c6":1,"c12":1,"c24":1,"score":0.7,"risk":1,"peakDay":"Friday","peakTime":"morning","hood":"Airport","bk12":{"morning":1,"afternoon":0,"evening":0,"night":0},"bk24":{"morning":1,"afternoon":0,"evening":0,"night":0},"recent":[{"d":"2026-02-06","day":"Fri","time":"07:56","desc":"Larceny","res":""}]}},{"type":"Feature","geometry":{"type":"Polygon","coordinates":[[[-117.36683865895307,33.94933540977044],[-117.36569747865838,33.95102684908184],[-117.36687381196396,33.952656635824354],[-117.36919134003932,33.95259495882693],[-117.37033246645768,33.950903511083276],[-117.36915611867981,33.94927374876912],[-117.36683865895307,33.94933540977044],[-117.36683865895307,33.94933540977044]]]},"properties":{"h3":"8929a015a13ffff","count":1,"c3":0,"c6":1,"c12":1,"c24":1,"score":0.7,"risk":1,"peakDay":"Friday","peakTime":"evening","hood":"Victoria","bk12":{"morning":0,"afternoon":0,"evening":1,"night":0},"bk24":{"morning":0,"afternoon":0,"evening":1,"night":0},"recent":[{"d":"2026-02-06","day":"Fri","time":"18:41","desc":"Larceny","res":""}]}},{"type":"Feature","geometry":{"type":"Polygon","coordinates":[[[-117.47816305226456,33.95628856562648],[-117.47702403018772,33.95798057583678],[-117.47820149098213,33.95960883051862],[-117.4805179879856,33.95954505050683],[-117.48165695590997,33.957853032020886],[-117.48047948098613,33.95622480182218],[-117.47816305226456,33.95628856562648],[-117.47816305226456,33.95628856562648]]]},"properties":{"h3":"8929a0a96cbffff","count":1,"c3":0,"c6":1,"c12":1,"c24":1,"score":0.7,"risk":1,"peakDay":"Thursday","peakTime":"morning","hood":"","bk12":{"morning":1,"afternoon":0,"evening":0,"night":0},"bk24":{"morning":1,"afternoon":0,"evening":0,"night":0},"recent":[{"d":"2026-03-05","day":"Thu","time":"07:28","desc":"Larceny","res":""}]}},{"type":"Feature","geometry":{"type":"Polygon","coordinates":[[[-117.47386467834319,33.884982758978175],[-117.47272629487645,33.886675247756514],[-117.47390296593606,33.888304393727125],[-117.47621803458993,33.88824102639003],[-117.47735636398345,33.88654852930199],[-117.4761796787991,33.884919407860586],[-117.47386467834319,33.884982758978175],[-117.47386467834319,33.884982758978175]]]},"properties":{"h3":"8929a016a37ffff","count":1,"c3":0,"c6":1,"c12":1,"c24":1,"score":0.7,"risk":1,"peakDay":"Friday","peakTime":"afternoon","hood":"La Sierra South","bk12":{"morning":0,"afternoon":1,"evening":0,"night":0},"bk24":{"morning":0,"afternoon":1,"evening":0,"night":0},"recent":[{"d":"2026-03-06","day":"Fri","time":"13:04","desc":"Larceny","res":""}]}},{"type":"Feature","geometry":{"type":"Polygon","coordinates":[[[-117.36754211448394,34.01574797662589],[-117.36640027109974,34.01743894594169],[-117.36757730911964,34.01906794290431],[-117.36989620501384,34.01900594616694],[-117.37103799445607,34.01731496844589],[-117.36986094194886,34.01568599586728],[-117.36754211448394,34.01574797662589],[-117.36754211448394,34.01574797662589]]]},"properties":{"h3":"8929a00738bffff","count":4,"c3":0,"c6":1,"c12":1,"c24":4,"score":2,"risk":4,"peakDay":"Sunday","peakTime":"evening","hood":"Northside","bk12":{"morning":1,"afternoon":0,"evening":0,"night":0},"bk24":{"morning":1,"afternoon":0,"evening":3,"night":0},"recent":[{"d":"2026-03-11","day":"Wed","time":"06:05","desc":"Larceny","res":""},{"d":"2025-04-27","day":"Sun","time":"19:52","desc":"Motor Vehicle Theft","res":""},{"d":"2025-04-27","day":"Sun","time":"19:50","desc":"Motor Vehicle Theft","res":""},{"d":"2025-04-27","day":"Sun","time":"19:08","desc":"Motor Vehicle Theft","res":""}]}},{"type":"Feature","geometry":{"type":"Polygon","coordinates":[[[-117.33241506526954,33.98346700975972],[-117.3312728490243,33.98515801255673],[-117.33244921305491,33.986787846227756],[-117.3347678079213,33.98672665271481],[-117.33590997034098,33.9850356414515],[-117.33473359172265,33.98340583216727],[-117.33241506526954,33.98346700975972],[-117.33241506526954,33.98346700975972]]]},"properties":{"h3":"8929a0076cbffff","count":1,"c3":0,"c6":1,"c12":1,"c24":1,"score":0.8,"risk":1,"peakDay":"Friday","peakTime":"evening","hood":"University","bk12":{"morning":0,"afternoon":0,"evening":1,"night":0},"bk24":{"morning":0,"afternoon":0,"evening":1,"night":0},"recent":[{"d":"2026-03-13","day":"Fri","time":"18:27","desc":"Larceny","res":""}]}},{"type":"Feature","geometry":{"type":"Polygon","coordinates":[[[-117.32464531434587,33.903930213253965],[-117.32350375364909,33.905621737623704],[-117.32467920872635,33.90725260364632],[-117.32699623909426,33.90719192086291],[-117.3281377460608,33.9055003879848],[-117.32696227639246,33.903869546398326],[-117.32464531434587,33.903930213253965],[-117.32464531434587,33.903930213253965]]]},"properties":{"h3":"8929a0152bbffff","count":1,"c3":0,"c6":1,"c12":1,"c24":1,"score":0.8,"risk":1,"peakDay":"Wednesday","peakTime":"night","hood":"Mission Grove","bk12":{"morning":0,"afternoon":0,"evening":0,"night":1},"bk24":{"morning":0,"afternoon":0,"evening":0,"night":1},"recent":[{"d":"2026-03-18","day":"Wed","time":"04:06","desc":"Larceny","res":""}]}},{"type":"Feature","geometry":{"type":"Polygon","coordinates":[[[-117.3002327458254,33.89625796414343],[-117.2990907761134,33.89794940551586],[-117.3002659178299,33.89958067774369],[-117.30258304392574,33.89952048417092],[-117.30372495997415,33.897829034253434],[-117.30254980359305,33.896197786453634],[-117.3002327458254,33.89625796414343],[-117.3002327458254,33.89625796414343]]]},"properties":{"h3":"8929a0025abffff","count":1,"c3":0,"c6":1,"c12":1,"c24":1,"score":0.8,"risk":1,"peakDay":"Wednesday","peakTime":"morning","hood":"Orangecrest","bk12":{"morning":1,"afternoon":0,"evening":0,"night":0},"bk24":{"morning":1,"afternoon":0,"evening":0,"night":0},"recent":[{"d":"2026-03-18","day":"Wed","time":"09:55","desc":"Larceny","res":""}]}},{"type":"Feature","geometry":{"type":"Polygon","coordinates":[[[-117.37047350527588,33.96418781684222],[-117.36933224631431,33.965879170923586],[-117.37050877019543,33.96750873617239],[-117.37282656750577,33.967446922919365],[-117.3739677725679,33.96575556041659],[-117.37279123422195,33.96412601958809],[-117.37047350527588,33.96418781684222],[-117.37047350527588,33.96418781684222]]]},"properties":{"h3":"8929a007493ffff","count":4,"c3":1,"c6":3,"c12":3,"c24":4,"score":2.9,"risk":6,"peakDay":"Saturday","peakTime":"morning","hood":"Eastside","bk12":{"morning":2,"afternoon":0,"evening":1,"night":0},"bk24":{"morning":2,"afternoon":0,"evening":1,"night":1},"sv12":1,"recent":[{"d":"2026-06-13","day":"Sat","time":"11:08","desc":"Motor Vehicle Theft","res":""},{"d":"2026-03-30","day":"Mon","time":"11:53","desc":"Larceny","res":""},{"d":"2026-03-21","day":"Sat","time":"18:09","desc":"Larceny","res":""},{"d":"2025-07-02","day":"Wed","time":"02:44","desc":"Motor Vehicle Theft","res":""}]}},{"type":"Feature","geometry":{"type":"Polygon","coordinates":[[[-117.49539932576933,33.94418829902735],[-117.4942607724507,33.94588049019183],[-117.49543826850004,33.94750866191805],[-117.4977543319438,33.94744461797913],[-117.49889283108004,33.94575241855812],[-117.49771532095768,33.94412427133237],[-117.49539932576933,33.94418829902735],[-117.49539932576933,33.94418829902735]]]},"properties":{"h3":"8929a014923ffff","count":1,"c3":0,"c6":1,"c12":1,"c24":1,"score":0.8,"risk":2,"peakDay":"Wednesday","peakTime":"morning","hood":"La Sierra Acres","bk12":{"morning":1,"afternoon":0,"evening":0,"night":0},"bk24":{"morning":1,"afternoon":0,"evening":0,"night":0},"recent":[{"d":"2026-03-25","day":"Wed","time":"08:38","desc":"Larceny","res":""}]}},{"type":"Feature","geometry":{"type":"Polygon","coordinates":[[[-117.46726234971867,33.91506545942295],[-117.4661235282921,33.91675770034897],[-117.46730045297346,33.9183865806811],[-117.46961621323689,33.91832319558176],[-117.47075498057711,33.9166309463488],[-117.46957804174303,33.915002090521945],[-117.46726234971867,33.91506545942295],[-117.46726234971867,33.91506545942295]]]},"properties":{"h3":"8929a014893ffff","count":1,"c3":0,"c6":1,"c12":1,"c24":1,"score":0.8,"risk":2,"peakDay":"Wednesday","peakTime":"afternoon","hood":"La Sierra","bk12":{"morning":0,"afternoon":1,"evening":0,"night":0},"bk24":{"morning":0,"afternoon":1,"evening":0,"night":0},"recent":[{"d":"2026-03-25","day":"Wed","time":"16:08","desc":"Larceny","res":""}]}},{"type":"Feature","geometry":{"type":"Polygon","coordinates":[[[-117.5021123970544,33.924072886605074],[-117.5009741828564,33.92576525671145],[-117.5021515306614,33.927393576715424],[-117.50446710671444,33.92732950209518],[-117.5056052667334,33.9256371237337],[-117.50442790488118,33.92400882824739],[-117.5021123970544,33.924072886605074],[-117.5021123970544,33.924072886605074]]]},"properties":{"h3":"8929a0ab253ffff","count":1,"c3":0,"c6":1,"c12":1,"c24":1,"score":0.8,"risk":2,"peakDay":"Thursday","peakTime":"night","hood":"La Sierra Hills","bk12":{"morning":0,"afternoon":0,"evening":0,"night":1},"bk24":{"morning":0,"afternoon":0,"evening":0,"night":1},"recent":[{"d":"2026-03-26","day":"Thu","time":"02:41","desc":"Larceny","res":""}]}},{"type":"Feature","geometry":{"type":"Polygon","coordinates":[[[-117.36638185896082,33.90615376618577],[-117.36524110926179,33.9078455086988],[-117.36641698495515,33.90947580668855],[-117.36873362481288,33.909414337707865],[-117.36987432067816,33.9077225867449],[-117.36869843052224,33.906092313212405],[-117.36638185896082,33.90615376618577],[-117.36638185896082,33.90615376618577]]]},"properties":{"h3":"8929a015103ffff","count":1,"c3":0,"c6":1,"c12":1,"c24":1,"score":0.8,"risk":2,"peakDay":"Thursday","peakTime":"morning","hood":"Alessandro Heights","bk12":{"morning":1,"afternoon":0,"evening":0,"night":0},"bk24":{"morning":1,"afternoon":0,"evening":0,"night":0},"recent":[{"d":"2026-03-26","day":"Thu","time":"11:31","desc":"Larceny","res":""}]}},{"type":"Feature","geometry":{"type":"Polygon","coordinates":[[[-117.34947421633188,33.95145718265232],[-117.34833266734178,33.953148509514676],[-117.34950885770107,33.954778497137134],[-117.35182661157977,33.95471713347954],[-117.35296810673361,33.95302579816183],[-117.3517919018478,33.95139583495692],[-117.34947421633188,33.95145718265232],[-117.34947421633188,33.95145718265232]]]},"properties":{"h3":"8929a002d2fffff","count":1,"c3":0,"c6":1,"c12":1,"c24":1,"score":0.8,"risk":2,"peakDay":"Saturday","peakTime":"morning","hood":"Victoria","bk12":{"morning":1,"afternoon":0,"evening":0,"night":0},"bk24":{"morning":1,"afternoon":0,"evening":0,"night":0},"recent":[{"d":"2026-03-28","day":"Sat","time":"08:27","desc":"Larceny","res":""}]}},{"type":"Feature","geometry":{"type":"Polygon","coordinates":[[[-117.50548756933314,33.915674844988494],[-117.50434950816677,33.91736729280818],[-117.50552679948066,33.91899566713387],[-117.50784216599833,33.91893156911458],[-117.50898017298559,33.91723911304114],[-117.50780286763705,33.91561076324058],[-117.50548756933314,33.915674844988494],[-117.50548756933314,33.915674844988494]]]},"properties":{"h3":"8929a0ab2d3ffff","count":1,"c3":0,"c6":1,"c12":1,"c24":1,"score":0.8,"risk":2,"peakDay":"Monday","peakTime":"afternoon","hood":"La Sierra","bk12":{"morning":0,"afternoon":1,"evening":0,"night":0},"bk24":{"morning":0,"afternoon":1,"evening":0,"night":0},"recent":[{"d":"2026-03-30","day":"Mon","time":"12:03","desc":"Larceny","res":""}]}},{"type":"Feature","geometry":{"type":"Polygon","coordinates":[[[-117.3568803610263,33.99444457174154],[-117.35573852176996,33.996135633688596],[-117.35691523429205,33.99776502022165],[-117.3592338005881,33.99770332041488],[-117.36037558594893,33.99601225003953],[-117.35919885891201,33.99438288789907],[-117.3568803610263,33.99444457174154],[-117.3568803610263,33.99444457174154]]]},"properties":{"h3":"8929a0070cbffff","count":7,"c3":4,"c6":6,"c12":6,"c24":7,"score":5.7,"risk":11,"peakDay":"Thursday","peakTime":"morning","hood":"Northside","bk12":{"morning":2,"afternoon":2,"evening":2,"night":0},"bk24":{"morning":3,"afternoon":2,"evening":2,"night":0},"sv12":2,"recent":[{"d":"2026-07-28","day":"Tue","time":"15:01","desc":"Motor Vehicle Theft","res":""},{"d":"2026-07-23","day":"Thu","time":"09:41","desc":"Larceny","res":""},{"d":"2026-06-12","day":"Fri","time":"15:20","desc":"Motor Vehicle Theft","res":""},{"d":"2026-05-17","day":"Sun","time":"17:26","desc":"Larceny","res":""},{"d":"2026-04-23","day":"Thu","time":"10:01","desc":"Larceny","res":""},{"d":"2026-03-30","day":"Mon","time":"18:13","desc":"Larceny","res":""},{"d":"2025-03-04","day":"Tue","time":"05:00","desc":"Motor Vehicle Theft","res":""}]}},{"type":"Feature","geometry":{"type":"Polygon","coordinates":[[[-117.38377334122005,33.907352794328176],[-117.38263292697323,33.90904462553574],[-117.38380898045024,33.91067468340973],[-117.38612546258592,33.91061288561015],[-117.38726582295574,33.908921045977145],[-117.38608975506965,33.907291012568976],[-117.38377334122005,33.907352794328176],[-117.38377334122005,33.907352794328176]]]},"properties":{"h3":"8929a015cd3ffff","count":1,"c3":0,"c6":1,"c12":1,"c24":1,"score":0.8,"risk":2,"peakDay":"Tuesday","peakTime":"afternoon","hood":"Alessandro Heights","bk12":{"morning":0,"afternoon":1,"evening":0,"night":0},"bk24":{"morning":0,"afternoon":1,"evening":0,"night":0},"recent":[{"d":"2026-03-31","day":"Tue","time":"15:54","desc":"Larceny","res":""}]}},{"type":"Feature","geometry":{"type":"Polygon","coordinates":[[[-117.41844353629317,33.899778094898636],[-117.41730389261838,33.90147017262116],[-117.41848019530812,33.90309986787902],[-117.4207961559753,33.9030374609246],[-117.42193574569643,33.90134537482154],[-117.42075942870683,33.899715704053264],[-117.41844353629317,33.899778094898636],[-117.41844353629317,33.899778094898636]]]},"properties":{"h3":"8929a01438fffff","count":1,"c3":0,"c6":1,"c12":1,"c24":1,"score":0.8,"risk":2,"peakDay":"Thursday","peakTime":"morning","hood":"Arlington Heights","bk12":{"morning":1,"afternoon":0,"evening":0,"night":0},"bk24":{"morning":1,"afternoon":0,"evening":0,"night":0},"recent":[{"d":"2026-04-02","day":"Thu","time":"10:24","desc":"Larceny","res":""}]}},{"type":"Feature","geometry":{"type":"Polygon","coordinates":[[[-117.4670337774864,33.89513741924707],[-117.46589515398864,33.89682979903163],[-117.46707186722891,33.8984589154387],[-117.46938721811813,33.89839562754237],[-117.47052578754935,33.89670323944267],[-117.46934906016067,33.895074147554276],[-117.4670337774864,33.89513741924707],[-117.4670337774864,33.89513741924707]]]},"properties":{"h3":"8929a014c83ffff","count":6,"c3":2,"c6":6,"c12":6,"c24":6,"score":5.1,"risk":10,"peakDay":"Thursday","peakTime":"afternoon","hood":"La Sierra South","bk12":{"morning":1,"afternoon":4,"evening":1,"night":0},"bk24":{"morning":1,"afternoon":4,"evening":1,"night":0},"recent":[{"d":"2026-07-30","day":"Thu","time":"12:50","desc":"Larceny","res":""},{"d":"2026-05-12","day":"Tue","time":"08:10","desc":"Larceny","res":""},{"d":"2026-05-06","day":"Wed","time":"13:55","desc":"Larceny","res":""},{"d":"2026-05-01","day":"Fri","time":"19:59","desc":"Larceny","res":""},{"d":"2026-04-11","day":"Sat","time":"15:07","desc":"Larceny","res":""},{"d":"2026-04-02","day":"Thu","time":"15:06","desc":"Larceny","res":""}]}},{"type":"Feature","geometry":{"type":"Polygon","coordinates":[[[-117.37050877019543,33.96750873617239],[-117.36936747809327,33.96920006681143],[-117.37054403720133,33.97082959261766],[-117.37286190288,33.970767763366595],[-117.37400314107946,33.96907642430751],[-117.37282656750577,33.967446922919365],[-117.37050877019543,33.96750873617239],[-117.37050877019543,33.96750873617239]]]},"properties":{"h3":"8929a007483ffff","count":4,"c3":1,"c6":2,"c12":2,"c24":4,"score":2.7,"risk":5,"peakDay":"Wednesday","peakTime":"morning","hood":"Eastside","bk12":{"morning":1,"afternoon":0,"evening":0,"night":1},"bk24":{"morning":2,"afternoon":1,"evening":0,"night":1},"sv12":1,"recent":[{"d":"2026-07-22","day":"Wed","time":"04:10","desc":"Motor Vehicle Theft","res":""},{"d":"2026-04-07","day":"Tue","time":"11:38","desc":"Larceny","res":""},{"d":"2025-06-27","day":"Fri","time":"16:30","desc":"Motor Vehicle Theft","res":""},{"d":"2025-06-25","day":"Wed","time":"09:38","desc":"Motor Vehicle Theft","res":""}]}},{"type":"Feature","geometry":{"type":"Polygon","coordinates":[[[-117.32440810979195,33.88067173163618],[-117.32326678116188,33.88236341877873],[-117.32444199014633,33.88399455910223],[-117.3267585423494,33.883933987831284],[-117.32789981727204,33.88224229217082],[-117.32672459370184,33.880611176299034],[-117.32440810979195,33.88067173163618],[-117.32440810979195,33.88067173163618]]]},"properties":{"h3":"8929a0156bbffff","count":3,"c3":1,"c6":2,"c12":2,"c24":3,"score":2,"risk":4,"peakDay":"Wednesday","peakTime":"evening","hood":"Orangecrest","bk12":{"morning":1,"afternoon":0,"evening":1,"night":0},"bk24":{"morning":1,"afternoon":0,"evening":1,"night":1},"sv12":1,"recent":[{"d":"2026-06-28","day":"Sun","time":"07:49","desc":"Motor Vehicle Theft","res":""},{"d":"2026-04-08","day":"Wed","time":"19:44","desc":"Larceny","res":""},{"d":"2024-12-18","day":"Wed","time":"04:51","desc":"Motor Vehicle Theft","res":""}]}},{"type":"Feature","geometry":{"type":"Polygon","coordinates":[[[-117.4778172060741,33.92640335836934],[-117.47667848096467,33.928095577819796],[-117.47785562434055,33.92972418766065],[-117.48017150695168,33.92966055354769],[-117.48131017793835,33.92796832580936],[-117.48013302043951,33.9263397404717],[-117.4778172060741,33.92640335836934],[-117.4778172060741,33.92640335836934]]]},"properties":{"h3":"8929a0148a7ffff","count":1,"c3":0,"c6":1,"c12":1,"c24":1,"score":0.8,"risk":2,"peakDay":"Thursday","peakTime":"afternoon","hood":"La Sierra Acres","bk12":{"morning":0,"afternoon":1,"evening":0,"night":0},"bk24":{"morning":0,"afternoon":1,"evening":0,"night":0},"recent":[{"d":"2026-04-09","day":"Thu","time":"12:36","desc":"Larceny","res":""}]}},{"type":"Feature","geometry":{"type":"Polygon","coordinates":[[[-117.50199501011325,33.91411044082275],[-117.50085689477773,33.91580288038323],[-117.50203413678057,33.917431318638194],[-117.50434950816677,33.91736729280818],[-117.50548756933314,33.915674844988494],[-117.50431031328526,33.91404643125787],[-117.50199501011325,33.91411044082275],[-117.50199501011325,33.91411044082275]]]},"properties":{"h3":"8929a014da7ffff","count":1,"c3":0,"c6":1,"c12":1,"c24":1,"score":0.8,"risk":2,"peakDay":"Tuesday","peakTime":"afternoon","hood":"La Sierra","bk12":{"morning":0,"afternoon":1,"evening":0,"night":0},"bk24":{"morning":0,"afternoon":1,"evening":0,"night":0},"recent":[{"d":"2026-04-14","day":"Tue","time":"15:04","desc":"Larceny","res":""}]}},{"type":"Feature","geometry":{"type":"Polygon","coordinates":[[[-117.32088267316547,33.87577809050068],[-117.31974132398591,33.87746979232885],[-117.32091644808173,33.879101035388295],[-117.32323293595519,33.87904055216632],[-117.32437423144054,33.87734884181342],[-117.32319909274938,33.875717623207066],[-117.32088267316547,33.87577809050068],[-117.32088267316547,33.87577809050068]]]},"properties":{"h3":"8929a015683ffff","count":1,"c3":0,"c6":1,"c12":1,"c24":1,"score":0.8,"risk":2,"peakDay":"Monday","peakTime":"morning","hood":"","bk12":{"morning":1,"afternoon":0,"evening":0,"night":0},"bk24":{"morning":1,"afternoon":0,"evening":0,"night":0},"recent":[{"d":"2026-04-20","day":"Mon","time":"09:27","desc":"Larceny","res":""}]}},{"type":"Feature","geometry":{"type":"Polygon","coordinates":[[[-117.45727620639259,33.953540041573724],[-117.45613679355634,33.95523195541638],[-117.45731402826164,33.95686051493385],[-117.45963068999929,33.95679713613457],[-117.46077004873614,33.955105213986265],[-117.45959279983751,33.953476678942714],[-117.45727620639259,33.953540041573724],[-117.45727620639259,33.953540041573724]]]},"properties":{"h3":"8929a014b47ffff","count":1,"c3":0,"c6":1,"c12":1,"c24":1,"score":0.8,"risk":2,"peakDay":"Monday","peakTime":"evening","hood":"Airport","bk12":{"morning":0,"afternoon":0,"evening":1,"night":0},"bk24":{"morning":0,"afternoon":0,"evening":1,"night":0},"recent":[{"d":"2026-04-20","day":"Mon","time":"17:24","desc":"Larceny","res":""}]}},{"type":"Feature","geometry":{"type":"Polygon","coordinates":[[[-117.36288944271763,33.904584809747526],[-117.36174863919486,33.90627654380518],[-117.3629244652291,33.90790690550912],[-117.36524110926179,33.9078455086988],[-117.36638185896082,33.90615376618577],[-117.36520601845366,33.904523428938255],[-117.36288944271763,33.904584809747526],[-117.36288944271763,33.904584809747526]]]},"properties":{"h3":"8929a01511bffff","count":1,"c3":0,"c6":1,"c12":1,"c24":1,"score":0.8,"risk":2,"peakDay":"Sunday","peakTime":"afternoon","hood":"Alessandro Heights","bk12":{"morning":0,"afternoon":1,"evening":0,"night":0},"bk24":{"morning":0,"afternoon":1,"evening":0,"night":0},"recent":[{"d":"2026-04-26","day":"Sun","time":"13:31","desc":"Larceny","res":""}]}},{"type":"Feature","geometry":{"type":"Polygon","coordinates":[[[-117.42561235169894,33.9195202044904],[-117.42447265073146,33.921212182933125],[-117.42564922854882,33.92284155397983],[-117.4279655216192,33.922778922103596],[-117.42910516859665,33.92108693529804],[-117.42792857649658,33.91945758873139],[-117.42561235169894,33.9195202044904],[-117.42561235169894,33.9195202044904]]]},"properties":{"h3":"8929a014e4bffff","count":4,"c3":0,"c6":1,"c12":2,"c24":4,"score":2.1,"risk":4,"peakDay":"Tuesday","peakTime":"morning","hood":"Presidential Park","bk12":{"morning":1,"afternoon":1,"evening":0,"night":0},"bk24":{"morning":2,"afternoon":1,"evening":1,"night":0},"sv12":1,"recent":[{"d":"2026-04-28","day":"Tue","time":"10:51","desc":"Larceny","res":""},{"d":"2025-08-26","day":"Tue","time":"12:09","desc":"Motor Vehicle Theft","res":""},{"d":"2025-05-20","day":"Tue","time":"19:58","desc":"Motor Vehicle Theft","res":""},{"d":"2024-10-08","day":"Tue","time":"08:00","desc":"Motor Vehicle Theft","res":""}]}},{"type":"Feature","geometry":{"type":"Polygon","coordinates":[[[-117.47766355571966,33.91311941532625],[-117.47652496254604,33.914811727493976],[-117.47770196490195,33.91644049492759],[-117.48001757455434,33.91637692568119],[-117.48115611361837,33.914684605220145],[-117.47997909714239,33.91305586229866],[-117.47766355571966,33.91311941532625],[-117.47766355571966,33.91311941532625]]]},"properties":{"h3":"8929a014d53ffff","count":2,"c3":0,"c6":2,"c12":2,"c24":2,"score":1.6,"risk":3,"peakDay":"Wednesday","peakTime":"afternoon","hood":"La Sierra","bk12":{"morning":1,"afternoon":1,"evening":0,"night":0},"bk24":{"morning":1,"afternoon":1,"evening":0,"night":0},"sv12":1,"recent":[{"d":"2026-04-29","day":"Wed","time":"12:20","desc":"Larceny","res":""},{"d":"2026-04-20","day":"Mon","time":"05:17","desc":"Motor Vehicle Theft","res":""}]}},{"type":"Feature","geometry":{"type":"Polygon","coordinates":[[[-117.38063635688108,33.939001034759954],[-117.37949555773814,33.94069262462507],[-117.38067191364931,33.94232235301281],[-117.38298908313307,33.94226046709249],[-117.38412982837612,33.94056886881007],[-117.38295345803807,33.93893916486509],[-117.38063635688108,33.939001034759954],[-117.38063635688108,33.939001034759954]]]},"properties":{"h3":"8929a015853ffff","count":2,"c3":1,"c6":2,"c12":2,"c24":2,"score":1.8,"risk":3,"peakDay":"Sunday","peakTime":"afternoon","hood":"Victoria","bk12":{"morning":1,"afternoon":1,"evening":0,"night":0},"bk24":{"morning":1,"afternoon":1,"evening":0,"night":0},"sv12":1,"recent":[{"d":"2026-06-26","day":"Fri","time":"07:12","desc":"Motor Vehicle Theft","res":""},{"d":"2026-05-03","day":"Sun","time":"14:54","desc":"Larceny","res":""}]}},{"type":"Feature","geometry":{"type":"Polygon","coordinates":[[[-117.43928564165776,33.89921503905959],[-117.43814642091775,33.90090723649266],[-117.4393229148954,33.902536666898065],[-117.44163864385118,33.90247387536914],[-117.4427778105877,33.90078166958415],[-117.44160130237479,33.89915226367984],[-117.43928564165776,33.89921503905959],[-117.43928564165776,33.89921503905959]]]},"properties":{"h3":"8929a014177ffff","count":1,"c3":1,"c6":1,"c12":1,"c24":1,"score":0.8,"risk":2,"peakDay":"Saturday","peakTime":"morning","hood":"Arlington South","bk12":{"morning":1,"afternoon":0,"evening":0,"night":0},"bk24":{"morning":1,"afternoon":0,"evening":0,"night":0},"recent":[{"d":"2026-05-09","day":"Sat","time":"07:37","desc":"Larceny","res":""}]}},{"type":"Feature","geometry":{"type":"Polygon","coordinates":[[[-117.33484918077014,33.88206028150956],[-117.33370804642719,33.88375201740404],[-117.33488336944171,33.885383006054205],[-117.33719984135575,33.88532223435328],[-117.33834092196462,33.883630489955834],[-117.33716558439629,33.881999525762104],[-117.33484918077014,33.88206028150956],[-117.33484918077014,33.88206028150956]]]},"properties":{"h3":"8929a01546bffff","count":1,"c3":1,"c6":1,"c12":1,"c24":1,"score":0.8,"risk":2,"peakDay":"Tuesday","peakTime":"afternoon","hood":"Orangecrest","bk12":{"morning":0,"afternoon":1,"evening":0,"night":0},"bk24":{"morning":0,"afternoon":1,"evening":0,"night":0},"recent":[{"d":"2026-05-12","day":"Tue","time":"13:40","desc":"Larceny","res":""}]}},{"type":"Feature","geometry":{"type":"Polygon","coordinates":[[[-117.40865817027439,33.95818158371821],[-117.40751773643339,33.95987319403671],[-117.4086945597674,33.96150233276342],[-117.41101183129031,33.96143983672662],[-117.41215221114508,33.959748218037085],[-117.41097537346596,33.95811910375522],[-117.40865817027439,33.95818158371821],[-117.40865817027439,33.95818158371821]]]},"properties":{"h3":"8929a01597bffff","count":2,"c3":2,"c6":2,"c12":2,"c24":2,"score":1.7,"risk":3,"peakDay":"Friday","peakTime":"morning","hood":"Grand","bk12":{"morning":1,"afternoon":0,"evening":1,"night":0},"bk24":{"morning":1,"afternoon":0,"evening":1,"night":0},"recent":[{"d":"2026-05-22","day":"Fri","time":"17:48","desc":"Larceny","res":""},{"d":"2026-05-22","day":"Fri","time":"10:20","desc":"Larceny","res":""}]}},{"type":"Feature","geometry":{"type":"Polygon","coordinates":[[[-117.3383752140812,33.886953159379935],[-117.3372341003407,33.888644880561564],[-117.33840950822523,33.890275766411264],[-117.34072604439724,33.890214906624124],[-117.34186710439036,33.88852317694631],[-117.34069168196164,33.88689231555165],[-117.3383752140812,33.886953159379935],[-117.3383752140812,33.886953159379935]]]},"properties":{"h3":"8929a0150d7ffff","count":4,"c3":2,"c6":2,"c12":3,"c24":4,"score":2.7,"risk":5,"peakDay":"Tuesday","peakTime":"morning","hood":"Orangecrest","bk12":{"morning":3,"afternoon":0,"evening":0,"night":0},"bk24":{"morning":4,"afternoon":0,"evening":0,"night":0},"sv12":1,"recent":[{"d":"2026-05-28","day":"Thu","time":"11:56","desc":"Larceny","res":""},{"d":"2026-05-26","day":"Tue","time":"09:29","desc":"Larceny","res":""},{"d":"2025-12-01","day":"Mon","time":"11:56","desc":"Motor Vehicle Theft","res":""},{"d":"2024-10-22","day":"Tue","time":"07:00","desc":"Motor Vehicle Theft","res":""}]}},{"type":"Feature","geometry":{"type":"Polygon","coordinates":[[[-117.29707135097775,33.927911631157905],[-117.2959289956441,33.92960283053789],[-117.29710443907271,33.931233774180605],[-117.29942225252037,33.9311734940382],[-117.3005645541678,33.92948228612138],[-117.29938909605656,33.92785136688362],[-117.29707135097775,33.927911631157905],[-117.29707135097775,33.927911631157905]]]},"properties":{"h3":"8929a00212bffff","count":1,"c3":1,"c6":1,"c12":1,"c24":1,"score":0.9,"risk":2,"peakDay":"Tuesday","peakTime":"afternoon","hood":"Sycamore Canyon/Canyon Springs","bk12":{"morning":0,"afternoon":1,"evening":0,"night":0},"bk24":{"morning":0,"afternoon":1,"evening":0,"night":0},"recent":[{"d":"2026-05-26","day":"Tue","time":"13:59","desc":"Larceny","res":""}]}},{"type":"Feature","geometry":{"type":"Polygon","coordinates":[[[-117.34632584153871,33.98309930074312],[-117.3451839070194,33.98479038444169],[-117.34636039977937,33.98642004162128],[-117.34867884160604,33.98635859070758],[-117.34982072226637,33.98466749856173],[-117.34864421496184,33.98303786577668],[-117.34632584153871,33.98309930074312],[-117.34632584153871,33.98309930074312]]]},"properties":{"h3":"8929a00768fffff","count":1,"c3":1,"c6":1,"c12":1,"c24":1,"score":0.9,"risk":2,"peakDay":"Friday","peakTime":"morning","hood":"University","bk12":{"morning":1,"afternoon":0,"evening":0,"night":0},"bk24":{"morning":1,"afternoon":0,"evening":0,"night":0},"recent":[{"d":"2026-05-29","day":"Fri","time":"09:53","desc":"Larceny","res":""}]}},{"type":"Feature","geometry":{"type":"Polygon","coordinates":[[[-117.3115471814571,33.98401567736007],[-117.31040454281056,33.98570655860212],[-117.31158071345038,33.987336656911474],[-117.31389953739212,33.98727584960352],[-117.31504212226335,33.98558495986665],[-117.31386593697097,33.983954885932384],[-117.3115471814571,33.98401567736007],[-117.3115471814571,33.98401567736007]]]},"properties":{"h3":"8929a002b7bffff","count":1,"c3":1,"c6":1,"c12":1,"c24":1,"score":0.9,"risk":2,"peakDay":"Saturday","peakTime":"morning","hood":"University","bk12":{"morning":1,"afternoon":0,"evening":0,"night":0},"bk24":{"morning":1,"afternoon":0,"evening":0,"night":0},"recent":[{"d":"2026-05-30","day":"Sat","time":"10:57","desc":"Larceny","res":""}]}},{"type":"Feature","geometry":{"type":"Polygon","coordinates":[[[-117.3422111719099,33.92174588434827],[-117.34106978052739,33.92343738126441],[-117.34224558985385,33.92506781108626],[-117.34456280510695,33.92500671955815],[-117.34570414269942,33.923315214164916],[-117.3445283188316,33.921684808776725],[-117.3422111719099,33.92174588434827],[-117.3422111719099,33.92174588434827]]]},"properties":{"h3":"8929a01530fffff","count":1,"c3":1,"c6":1,"c12":1,"c24":1,"score":0.9,"risk":2,"peakDay":"Tuesday","peakTime":"afternoon","hood":"Canyon Crest","bk12":{"morning":0,"afternoon":1,"evening":0,"night":0},"bk24":{"morning":0,"afternoon":1,"evening":0,"night":0},"recent":[{"d":"2026-06-02","day":"Tue","time":"13:46","desc":"Larceny","res":""}]}},{"type":"Feature","geometry":{"type":"Polygon","coordinates":[[[-117.36020073241407,33.979409339512515],[-117.3590591128825,33.98110052750701],[-117.36023569898258,33.98273004762127],[-117.36255391911757,33.98266835533634],[-117.36369548475994,33.98097715891223],[-117.3625188841593,33.97934766320249],[-117.36020073241407,33.979409339512515],[-117.36020073241407,33.979409339512515]]]},"properties":{"h3":"8929a007447ffff","count":2,"c3":1,"c6":1,"c12":1,"c24":2,"score":1.2,"risk":2,"peakDay":"Wednesday","peakTime":"morning","hood":"Eastside","bk12":{"morning":1,"afternoon":0,"evening":0,"night":0},"bk24":{"morning":1,"afternoon":0,"evening":1,"night":0},"recent":[{"d":"2026-06-03","day":"Wed","time":"09:35","desc":"Larceny","res":""},{"d":"2025-01-28","day":"Tue","time":"18:00","desc":"Motor Vehicle Theft","res":""}]}},{"type":"Feature","geometry":{"type":"Polygon","coordinates":[[[-117.32484871069857,33.92386361737486],[-117.32370695101234,33.92555500180692],[-117.32488261710826,33.92718563232991],[-117.3272000574889,33.92712485399785],[-117.32834176342521,33.9254334610656],[-117.32716608273368,33.92380285496543],[-117.32484871069857,33.92386361737486],[-117.32484871069857,33.92386361737486]]]},"properties":{"h3":"8929a002c87ffff","count":1,"c3":1,"c6":1,"c12":1,"c24":1,"score":0.9,"risk":2,"peakDay":"Wednesday","peakTime":"morning","hood":"Mission Grove","bk12":{"morning":1,"afternoon":0,"evening":0,"night":0},"bk24":{"morning":1,"afternoon":0,"evening":0,"night":0},"recent":[{"d":"2026-06-03","day":"Wed","time":"11:51","desc":"Larceny","res":""}]}},{"type":"Feature","geometry":{"type":"Polygon","coordinates":[[[-117.34293437645468,33.99149316660012],[-117.34179228852804,33.99318417123056],[-117.34296883718474,33.99481377383189],[-117.34528748832811,33.99475234741554],[-117.34642952239595,33.993061334336446],[-117.34525295918199,33.991431756122175],[-117.34293437645468,33.99149316660012],[-117.34293437645468,33.99149316660012]]]},"properties":{"h3":"8929a00760fffff","count":2,"c3":2,"c6":2,"c12":2,"c24":2,"score":1.8,"risk":4,"peakDay":"Thursday","peakTime":"morning","hood":"Hunter Industrial Park","bk12":{"morning":2,"afternoon":0,"evening":0,"night":0},"bk24":{"morning":2,"afternoon":0,"evening":0,"night":0},"sv12":1,"recent":[{"d":"2026-06-25","day":"Thu","time":"11:47","desc":"Motor Vehicle Theft","res":""},{"d":"2026-06-04","day":"Thu","time":"05:07","desc":"Larceny","res":""}]}},{"type":"Feature","geometry":{"type":"Polygon","coordinates":[[[-117.44638247155247,33.91231252739987],[-117.44524325978558,33.91400467201411],[-117.44641995836493,33.915633856790556],[-117.44873588293059,33.91557087245655],[-117.4498750406642,33.91387871950535],[-117.44869832786824,33.91224955922493],[-117.44638247155247,33.91231252739987],[-117.44638247155247,33.91231252739987]]]},"properties":{"h3":"8929a014ebbffff","count":1,"c3":1,"c6":1,"c12":1,"c24":1,"score":0.9,"risk":2,"peakDay":"Friday","peakTime":"morning","hood":"Arlington","bk12":{"morning":1,"afternoon":0,"evening":0,"night":0},"bk24":{"morning":1,"afternoon":0,"evening":0,"night":0},"recent":[{"d":"2026-06-05","day":"Fri","time":"11:52","desc":"Larceny","res":""}]}},{"type":"Feature","geometry":{"type":"Polygon","coordinates":[[[-117.38038751837459,33.915750052361496],[-117.37924695097219,33.9174418053772],[-117.38042306042635,33.91907180912757],[-117.3827397517074,33.919010035403716],[-117.38388026523296,33.917318273961214],[-117.38270414135712,33.91568829466918],[-117.38038751837459,33.915750052361496],[-117.38038751837459,33.915750052361496]]]},"properties":{"h3":"8929a015c53ffff","count":1,"c3":1,"c6":1,"c12":1,"c24":1,"score":0.9,"risk":2,"peakDay":"Monday","peakTime":"evening","hood":"Alessandro Heights","bk12":{"morning":0,"afternoon":0,"evening":1,"night":0},"bk24":{"morning":0,"afternoon":0,"evening":1,"night":0},"recent":[{"d":"2026-06-08","day":"Mon","time":"17:25","desc":"Larceny","res":""}]}},{"type":"Feature","geometry":{"type":"Polygon","coordinates":[[[-117.49186702809016,33.93930356196433],[-117.49072845357844,33.940995768099775],[-117.4919058649899,33.942624043278975],[-117.49422186499861,33.942560087820674],[-117.49536038534119,33.94086787342189],[-117.494182959847,33.93923962274457],[-117.49186702809016,33.93930356196433],[-117.49186702809016,33.93930356196433]]]},"properties":{"h3":"8929a014907ffff","count":2,"c3":2,"c6":2,"c12":2,"c24":2,"score":1.8,"risk":3,"peakDay":"Tuesday","peakTime":"evening","hood":"La Sierra Acres","bk12":{"morning":1,"afternoon":0,"evening":1,"night":0},"bk24":{"morning":1,"afternoon":0,"evening":1,"night":0},"sv12":1,"recent":[{"d":"2026-06-11","day":"Thu","time":"11:23","desc":"Motor Vehicle Theft","res":""},{"d":"2026-06-09","day":"Tue","time":"17:52","desc":"Larceny","res":""}]}},{"type":"Feature","geometry":{"type":"Polygon","coordinates":[[[-117.35708963158172,34.01436631609047],[-117.35594759324698,34.01605723654988],[-117.35712451723313,34.01768638581435],[-117.35944349407612,34.017624590239926],[-117.36058547849554,34.01593366136028],[-117.35940853999013,34.01430453647514],[-117.35708963158172,34.01436631609047],[-117.35708963158172,34.01436631609047]]]},"properties":{"h3":"8929a0073dbffff","count":2,"c3":1,"c6":2,"c12":2,"c24":2,"score":1.7,"risk":3,"peakDay":"Tuesday","peakTime":"evening","hood":"Northside","bk12":{"morning":1,"afternoon":0,"evening":1,"night":0},"bk24":{"morning":1,"afternoon":0,"evening":1,"night":0},"sv12":1,"recent":[{"d":"2026-06-09","day":"Tue","time":"18:15","desc":"Larceny","res":""},{"d":"2026-03-25","day":"Wed","time":"10:50","desc":"Motor Vehicle Theft","res":""}]}},{"type":"Feature","geometry":{"type":"Polygon","coordinates":[[[-117.47067857386864,33.909988627357954],[-117.46953987250572,33.91168092292269],[-117.47071677609367,33.91330981811774],[-117.47303239518814,33.91324639323736],[-117.47417104246136,33.9115540893684],[-117.47299412473255,33.90992521868388],[-117.47067857386864,33.909988627357954],[-117.47067857386864,33.909988627357954]]]},"properties":{"h3":"8929a014c23ffff","count":3,"c3":1,"c6":1,"c12":2,"c24":3,"score":2,"risk":4,"peakDay":"Wednesday","peakTime":"evening","hood":"La Sierra","bk12":{"morning":1,"afternoon":0,"evening":1,"night":0},"bk24":{"morning":1,"afternoon":0,"evening":1,"night":1},"sv12":1,"recent":[{"d":"2026-06-10","day":"Wed","time":"18:21","desc":"Larceny","res":""},{"d":"2025-12-26","day":"Fri","time":"06:22","desc":"Motor Vehicle Theft","res":""},{"d":"2025-04-23","day":"Wed","time":"03:00","desc":"Motor Vehicle Theft","res":""}]}},{"type":"Feature","geometry":{"type":"Polygon","coordinates":[[[-117.32169382265376,33.955511518167],[-117.32055167739179,33.95720266002053],[-117.32172764554412,33.95883296102883],[-117.32404577357488,33.95877209578368],[-117.3251878650643,33.9570809454381],[-117.32401188229832,33.95545066882957],[-117.32169382265376,33.955511518167],[-117.32169382265376,33.955511518167]]]},"properties":{"h3":"8929a002807ffff","count":2,"c3":1,"c6":2,"c12":2,"c24":2,"score":1.6,"risk":3,"peakDay":"Thursday","peakTime":"morning","hood":"Canyon Crest","bk12":{"morning":1,"afternoon":0,"evening":0,"night":1},"bk24":{"morning":1,"afternoon":0,"evening":0,"night":1},"sv12":1,"recent":[{"d":"2026-06-11","day":"Thu","time":"08:35","desc":"Larceny","res":""},{"d":"2026-03-06","day":"Fri","time":"01:54","desc":"Motor Vehicle Theft","res":""}]}},{"type":"Feature","geometry":{"type":"Polygon","coordinates":[[[-117.3567408885979,33.98116214748353],[-117.35559918202192,33.982853303541916],[-117.35677575361022,33.984482848057624],[-117.35909404628904,33.98442121211334],[-117.36023569898258,33.98273004762127],[-117.3590591128825,33.98110052750701],[-117.3567408885979,33.98116214748353],[-117.3567408885979,33.98116214748353]]]},"properties":{"h3":"8929a00744fffff","count":3,"c3":1,"c6":1,"c12":2,"c24":3,"score":1.8,"risk":4,"peakDay":"Monday","peakTime":"evening","hood":"Hunter Industrial Park","bk12":{"morning":0,"afternoon":0,"evening":2,"night":0},"bk24":{"morning":0,"afternoon":0,"evening":2,"night":1},"sv12":1,"recent":[{"d":"2026-06-15","day":"Mon","time":"21:36","desc":"Larceny","res":""},{"d":"2025-12-19","day":"Fri","time":"19:40","desc":"Motor Vehicle Theft","res":""},{"d":"2024-09-12","day":"Thu","time":"22:00","desc":"Motor Vehicle Theft","res":""}]}},{"type":"Feature","geometry":{"type":"Polygon","coordinates":[[[-117.45370697894448,33.94533348666826],[-117.45256757807881,33.94702543879639],[-117.45374469279486,33.948654141188385],[-117.45606122258175,33.94859086697452],[-117.45720056936459,33.946898906532596],[-117.45602344044622,33.94527022861817],[-117.45370697894448,33.94533348666826],[-117.45370697894448,33.94533348666826]]]},"properties":{"h3":"8929a014bcbffff","count":8,"c3":4,"c6":5,"c12":6,"c24":8,"score":5.7,"risk":11,"peakDay":"Monday","peakTime":"evening","hood":"Arlanza","bk12":{"morning":3,"afternoon":1,"evening":2,"night":0},"bk24":{"morning":3,"afternoon":1,"evening":3,"night":1},"sv12":5,"recent":[{"d":"2026-07-06","day":"Mon","time":"19:07","desc":"Motor Vehicle Theft","res":""},{"d":"2026-06-30","day":"Tue","time":"07:09","desc":"Motor Vehicle Theft","res":""},{"d":"2026-06-30","day":"Tue","time":"07:09","desc":"Motor Vehicle Theft","res":""},{"d":"2026-06-18","day":"Thu","time":"18:17","desc":"Larceny","res":""},{"d":"2026-04-25","day":"Sat","time":"15:21","desc":"Motor Vehicle Theft","res":""},{"d":"2025-12-01","day":"Mon","time":"11:31","desc":"Motor Vehicle Theft","res":""},{"d":"2024-11-18","day":"Mon","time":"23:06","desc":"Motor Vehicle Theft","res":""},{"d":"2024-09-12","day":"Thu","time":"20:22","desc":"Motor Vehicle Theft","res":""}]}},{"type":"Feature","geometry":{"type":"Polygon","coordinates":[[[-117.40145317499193,33.935121428146985],[-117.40031283175365,33.93681316175994],[-117.40148934450309,33.93844266470856],[-117.40380621485502,33.938380409587495],[-117.40494650414676,33.93668866758447],[-117.40376997703586,33.935059189092414],[-117.40145317499193,33.935121428146985],[-117.40145317499193,33.935121428146985]]]},"properties":{"h3":"8929a0158b3ffff","count":2,"c3":1,"c6":1,"c12":1,"c24":2,"score":1.3,"risk":2,"peakDay":"Friday","peakTime":"evening","hood":"Casa Blanca","bk12":{"morning":0,"afternoon":0,"evening":1,"night":0},"bk24":{"morning":1,"afternoon":0,"evening":1,"night":0},"recent":[{"d":"2026-06-19","day":"Fri","time":"20:01","desc":"Larceny","res":""},{"d":"2025-02-17","day":"Mon","time":"07:04","desc":"Motor Vehicle Theft","res":""}]}},{"type":"Feature","geometry":{"type":"Polygon","coordinates":[[[-117.45002541519138,33.92716343959873],[-117.4488861253858,33.92885549970486],[-117.45006301438042,33.93048446312655],[-117.45237920739251,33.93042134195405],[-117.45351844314172,33.928729273521874],[-117.45234153993798,33.92710033458809],[-117.45002541519138,33.92716343959873],[-117.45002541519138,33.92716343959873]]]},"properties":{"h3":"8929a01485bffff","count":1,"c3":1,"c6":1,"c12":1,"c24":1,"score":0.9,"risk":2,"peakDay":"Monday","peakTime":"afternoon","hood":"Arlanza","bk12":{"morning":0,"afternoon":1,"evening":0,"night":0},"bk24":{"morning":0,"afternoon":1,"evening":0,"night":0},"recent":[{"d":"2026-06-22","day":"Mon","time":"13:14","desc":"Larceny","res":""}]}},{"type":"Feature","geometry":{"type":"Polygon","coordinates":[[[-117.3771074796495,33.9341116283372],[-117.37596665973152,33.9358032331176],[-117.37714293077929,33.93743306467376],[-117.37946003618435,33.93737126700516],[-117.38060080221575,33.93567965380068],[-117.37942451673142,33.93404984668869],[-117.3771074796495,33.9341116283372],[-117.3771074796495,33.9341116283372]]]},"properties":{"h3":"8929a015e37ffff","count":1,"c3":1,"c6":1,"c12":1,"c24":1,"score":0.9,"risk":2,"peakDay":"Friday","peakTime":"morning","hood":"Victoria","bk12":{"morning":1,"afternoon":0,"evening":0,"night":0},"bk24":{"morning":1,"afternoon":0,"evening":0,"night":0},"recent":[{"d":"2026-06-26","day":"Fri","time":"08:21","desc":"Larceny","res":""}]}},{"type":"Feature","geometry":{"type":"Polygon","coordinates":[[[-117.45378240887564,33.951974732957524],[-117.45264294194997,33.95366663848908],[-117.45382012718703,33.95529526195516],[-117.45613679355634,33.95523195541638],[-117.45727620639259,33.953540041573724],[-117.45609900695176,33.951911442580766],[-117.45378240887564,33.951974732957524],[-117.45378240887564,33.951974732957524]]]},"properties":{"h3":"8929a014b43ffff","count":2,"c3":2,"c6":2,"c12":2,"c24":2,"score":1.9,"risk":4,"peakDay":"Wednesday","peakTime":"morning","hood":"Airport","bk12":{"morning":2,"afternoon":0,"evening":0,"night":0},"bk24":{"morning":2,"afternoon":0,"evening":0,"night":0},"sv12":1,"recent":[{"d":"2026-07-01","day":"Wed","time":"07:46","desc":"Motor Vehicle Theft","res":""},{"d":"2026-07-01","day":"Wed","time":"07:46","desc":"Larceny","res":""}]}},{"type":"Feature","geometry":{"type":"Polygon","coordinates":[[[-117.36708477370503,33.972582672759515],[-117.36594336141654,33.97427394805905],[-117.36711994127621,33.97590345882569],[-117.36943794790464,33.97584166987981],[-117.3705793062938,33.97415038615752],[-117.36940271195662,33.972520899803676],[-117.36708477370503,33.972582672759515],[-117.36708477370503,33.972582672759515]]]},"properties":{"h3":"8929a007413ffff","count":3,"c3":1,"c6":1,"c12":2,"c24":3,"score":1.8,"risk":4,"peakDay":"Wednesday","peakTime":"night","hood":"Eastside","bk12":{"morning":0,"afternoon":0,"evening":0,"night":2},"bk24":{"morning":0,"afternoon":1,"evening":0,"night":2},"sv12":1,"recent":[{"d":"2026-07-01","day":"Wed","time":"23:21","desc":"Larceny","res":""},{"d":"2025-09-18","day":"Thu","time":"00:05","desc":"Motor Vehicle Theft","res":""},{"d":"2025-01-18","day":"Sat","time":"13:54","desc":"Motor Vehicle Theft","res":""}]}},{"type":"Feature","geometry":{"type":"Polygon","coordinates":[[[-117.31755953800995,33.89082157960005],[-117.31641796937086,33.892513156752685],[-117.31759321944907,33.89414426763918],[-117.31991005277871,33.894083776931716],[-117.3210515677173,33.89239219125575],[-117.31987630302953,33.890761104810394],[-117.31755953800995,33.89082157960005],[-117.31755953800995,33.89082157960005]]]},"properties":{"h3":"8929a015677ffff","count":2,"c3":1,"c6":1,"c12":1,"c24":2,"score":1.4,"risk":3,"peakDay":"Saturday","peakTime":"afternoon","hood":"Orangecrest","bk12":{"morning":0,"afternoon":1,"evening":0,"night":0},"bk24":{"morning":0,"afternoon":1,"evening":0,"night":1},"recent":[{"d":"2026-07-04","day":"Sat","time":"12:55","desc":"Larceny","res":""},{"d":"2025-06-24","day":"Tue","time":"00:00","desc":"Motor Vehicle Theft","res":""}]}},{"type":"Feature","geometry":{"type":"Polygon","coordinates":[[[-117.35653174183881,33.96123662234117],[-117.35539023422564,33.962927919245686],[-117.35656659447642,33.964557700440565],[-117.35888447685042,33.96449616031599],[-117.36002593060083,33.96280485496969],[-117.35884955584284,33.96117509818958],[-117.35653174183881,33.96123662234117],[-117.35653174183881,33.96123662234117]]]},"properties":{"h3":"8929a0029b7ffff","count":2,"c3":1,"c6":1,"c12":2,"c24":2,"score":1.5,"risk":3,"peakDay":"Thursday","peakTime":"morning","hood":"Eastside","bk12":{"morning":1,"afternoon":0,"evening":1,"night":0},"bk24":{"morning":1,"afternoon":0,"evening":1,"night":0},"sv12":1,"recent":[{"d":"2026-07-09","day":"Thu","time":"08:59","desc":"Larceny","res":""},{"d":"2025-09-27","day":"Sat","time":"21:41","desc":"Motor Vehicle Theft","res":""}]}},{"type":"Feature","geometry":{"type":"Polygon","coordinates":[[[-117.488412448767,33.94105965132436],[-117.48727378711345,33.942751825959434],[-117.48845118443103,33.94438012563754],[-117.49076725749886,33.94431622618149],[-117.4919058649899,33.942624043278975],[-117.49072845357844,33.940995768099775],[-117.488412448767,33.94105965132436],[-117.488412448767,33.94105965132436]]]},"properties":{"h3":"8929a01490fffff","count":2,"c3":1,"c6":2,"c12":2,"c24":2,"score":1.7,"risk":3,"peakDay":"Wednesday","peakTime":"night","hood":"La Sierra Acres","bk12":{"morning":0,"afternoon":1,"evening":0,"night":1},"bk24":{"morning":0,"afternoon":1,"evening":0,"night":1},"sv12":1,"recent":[{"d":"2026-07-15","day":"Wed","time":"04:12","desc":"Larceny","res":""},{"d":"2026-03-08","day":"Sun","time":"13:29","desc":"Motor Vehicle Theft","res":""}]}},{"type":"Feature","geometry":{"type":"Polygon","coordinates":[[[-117.37357885699285,33.92922191249512],[-117.37243801631448,33.93091353217195],[-117.37361420249911,33.932543466862995],[-117.3759312438112,33.932481757431454],[-117.37707203061625,33.93079012932376],[-117.37589582998537,33.929160219078284],[-117.37357885699285,33.92922191249512],[-117.37357885699285,33.92922191249512]]]},"properties":{"h3":"8929a015eabffff","count":1,"c3":1,"c6":1,"c12":1,"c24":1,"score":1,"risk":2,"peakDay":"Thursday","peakTime":"evening","hood":"Hawarden Hills","bk12":{"morning":0,"afternoon":0,"evening":1,"night":0},"bk24":{"morning":0,"afternoon":0,"evening":1,"night":0},"recent":[{"d":"2026-07-16","day":"Thu","time":"17:40","desc":"Larceny","res":""}]}},{"type":"Feature","geometry":{"type":"Polygon","coordinates":[[[-117.5020732657609,33.92075213390583],[-117.50093508451891,33.92244452717428],[-117.5021123970544,33.924072886605074],[-117.50442790488118,33.92400882824739],[-117.50556603194731,33.92231642672245],[-117.50438870536537,33.920688091811535],[-117.5020732657609,33.92075213390583],[-117.5020732657609,33.92075213390583]]]},"properties":{"h3":"8929a0ab2cbffff","count":2,"c3":1,"c6":1,"c12":2,"c24":2,"score":1.5,"risk":3,"peakDay":"Monday","peakTime":"morning","hood":"La Sierra","bk12":{"morning":2,"afternoon":0,"evening":0,"night":0},"bk24":{"morning":2,"afternoon":0,"evening":0,"night":0},"sv12":1,"recent":[{"d":"2026-07-20","day":"Mon","time":"11:04","desc":"Larceny","res":""},{"d":"2025-10-16","day":"Thu","time":"05:56","desc":"Motor Vehicle Theft","res":""}]}},{"type":"Feature","geometry":{"type":"Polygon","coordinates":[[[-117.46752911981693,33.9383119937325],[-117.46639006738653,33.940004072169515],[-117.46756723884513,33.94163267663306],[-117.46988347689472,33.94156917816976],[-117.4710224752157,33.93987709143532],[-117.46984528959926,33.938248511461445],[-117.46752911981693,33.9383119937325],[-117.46752911981693,33.9383119937325]]]},"properties":{"h3":"8929a014b93ffff","count":2,"c3":1,"c6":1,"c12":1,"c24":2,"score":1.3,"risk":2,"peakDay":"Sunday","peakTime":"morning","hood":"Arlanza","bk12":{"morning":1,"afternoon":0,"evening":0,"night":0},"bk24":{"morning":2,"afternoon":0,"evening":0,"night":0},"recent":[{"d":"2026-07-26","day":"Sun","time":"09:55","desc":"Larceny","res":""},{"d":"2024-10-06","day":"Sun","time":"09:20","desc":"Motor Vehicle Theft","res":""}]}},{"type":"Feature","geometry":{"type":"Polygon","coordinates":[[[-117.4365373309281,33.964070047464766],[-117.43539739537985,33.96576177135337],[-117.43657454469076,33.96739047765082],[-117.43889164381298,33.967327435603714],[-117.44003152530183,33.96563570338492],[-117.43885436173066,33.964007021543225],[-117.4365373309281,33.964070047464766],[-117.4365373309281,33.964070047464766]]]},"properties":{"h3":"8929a00640bffff","count":2,"c3":2,"c6":2,"c12":2,"c24":2,"score":1.9,"risk":4,"peakDay":"Monday","peakTime":"night","hood":"Airport","bk12":{"morning":0,"afternoon":1,"evening":0,"night":1},"bk24":{"morning":0,"afternoon":1,"evening":0,"night":1},"sv12":1,"recent":[{"d":"2026-07-27","day":"Mon","time":"00:35","desc":"Larceny","res":""},{"d":"2026-06-08","day":"Mon","time":"16:52","desc":"Motor Vehicle Theft","res":""}]}},{"type":"Feature","geometry":{"type":"Polygon","coordinates":[[[-117.47113714967224,33.94983878505808],[-117.46999805233087,33.951530801989726],[-117.47117537901221,33.95315922411696],[-117.47349181718721,33.95309560482862],[-117.47463086039927,33.95140357960906],[-117.47345351956845,33.9497751819656],[-117.47113714967224,33.94983878505808],[-117.47113714967224,33.94983878505808]]]},"properties":{"h3":"8929a014babffff","count":3,"c3":1,"c6":1,"c12":1,"c24":3,"score":1.8,"risk":3,"peakDay":"Wednesday","peakTime":"evening","hood":"Arlanza","bk12":{"morning":0,"afternoon":0,"evening":1,"night":0},"bk24":{"morning":1,"afternoon":0,"evening":1,"night":1},"recent":[{"d":"2026-07-29","day":"Wed","time":"19:32","desc":"Larceny","res":""},{"d":"2025-06-12","day":"Thu","time":"06:30","desc":"Motor Vehicle Theft","res":""},{"d":"2025-02-11","day":"Tue","time":"00:00","desc":"Motor Vehicle Theft","res":""}]}},{"type":"Feature","geometry":{"type":"Polygon","coordinates":[[[-117.35258604799854,33.91648780743486],[-117.35144491742366,33.91817939971928],[-117.35262077034069,33.919809756231004],[-117.35493776834329,33.91974849601534],[-117.356078845108,33.918056895266055],[-117.3549029776831,33.916426563197135],[-117.35258604799854,33.91648780743486],[-117.35258604799854,33.91648780743486]]]},"properties":{"h3":"8929a0153a3ffff","count":1,"c3":1,"c6":1,"c12":1,"c24":1,"score":1,"risk":2,"peakDay":"Friday","peakTime":"afternoon","hood":"Alessandro Heights","bk12":{"morning":0,"afternoon":1,"evening":0,"night":0},"bk24":{"morning":0,"afternoon":1,"evening":0,"night":0},"recent":[{"d":"2026-07-31","day":"Fri","time":"14:50","desc":"Larceny","res":""}]}},{"type":"Feature","geometry":{"type":"Polygon","coordinates":[[[-117.4533676546266,33.91544477558238],[-117.4522285509362,33.91713693686507],[-117.45340534841223,33.91876599393692],[-117.4557212637773,33.9187028652283],[-117.45686031341457,33.917010695619574],[-117.45568350174271,33.91538166304534],[-117.4533676546266,33.91544477558238],[-117.4533676546266,33.91544477558238]]]},"properties":{"h3":"8929a014ea7ffff","count":1,"c3":1,"c6":1,"c12":1,"c24":1,"score":1,"risk":2,"peakDay":"Friday","peakTime":"afternoon","hood":"Arlington","bk12":{"morning":0,"afternoon":1,"evening":0,"night":0},"bk24":{"morning":0,"afternoon":1,"evening":0,"night":0},"recent":[{"d":"2026-07-31","day":"Fri","time":"16:38","desc":"Larceny","res":""}]}},{"type":"Feature","geometry":{"type":"Polygon","coordinates":[[[-117.40177877761798,33.965010298325346],[-117.40063813653589,33.966701821714516],[-117.4018149663884,33.9683309698599],[-117.40413245169395,33.96826857017938],[-117.40527303879986,33.96657703841234],[-117.40409619457925,33.96494791470351],[-117.40177877761798,33.965010298325346],[-117.40177877761798,33.965010298325346]]]},"properties":{"h3":"8929a015bafffff","count":2,"c3":1,"c6":1,"c12":1,"c24":2,"score":1.1,"risk":2,"peakDay":"Wednesday","peakTime":"night","hood":"Wood Streets","bk12":{"morning":0,"afternoon":0,"evening":1,"night":0},"bk24":{"morning":0,"afternoon":0,"evening":1,"night":1},"sv12":1,"recent":[{"d":"2026-05-18","day":"Mon","time":"18:13","desc":"Motor Vehicle Theft","res":""},{"d":"2024-08-07","day":"Wed","time":"22:15","desc":"Motor Vehicle Theft","res":""}]}},{"type":"Feature","geometry":{"type":"Polygon","coordinates":[[[-117.34943957701186,33.948135805377525],[-117.34829806117823,33.94982715565266],[-117.34947421633188,33.95145718265232],[-117.3517919018478,33.95139583495692],[-117.35293336384848,33.94970447622505],[-117.35175719416901,33.94807447364516],[-117.34943957701186,33.948135805377525],[-117.34943957701186,33.948135805377525]]]},"properties":{"h3":"8929a002d23ffff","count":2,"c3":0,"c6":0,"c12":0,"c24":2,"score":0.7,"risk":1,"peakDay":"Monday","peakTime":"evening","hood":"Victoria","bk12":{"morning":0,"afternoon":0,"evening":0,"night":0},"bk24":{"morning":0,"afternoon":0,"evening":2,"night":0},"recent":[{"d":"2025-06-21","day":"Sat","time":"17:00","desc":"Motor Vehicle Theft","res":""},{"d":"2024-08-12","day":"Mon","time":"20:00","desc":"Motor Vehicle Theft","res":""}]}},{"type":"Feature","geometry":{"type":"Polygon","coordinates":[[[-117.49881474547088,33.93911161609011],[-117.4976763122782,33.94080386197172],[-117.4988537871212,33.942432048675705],[-117.50116970922086,33.94236796499218],[-117.50230808822784,33.940675710856794],[-117.50113059932369,33.93904754865852],[-117.49881474547088,33.93911161609011],[-117.49881474547088,33.93911161609011]]]},"properties":{"h3":"8929a0149afffff","count":1,"c3":0,"c6":0,"c12":0,"c24":1,"score":0.3,"risk":0,"peakDay":"Tuesday","peakTime":"afternoon","hood":"La Sierra Hills","bk12":{"morning":0,"afternoon":0,"evening":0,"night":0},"bk24":{"morning":0,"afternoon":1,"evening":0,"night":0},"recent":[{"d":"2024-08-13","day":"Tue","time":"13:30","desc":"Motor Vehicle Theft","res":""}]}},{"type":"Feature","geometry":{"type":"Polygon","coordinates":[[[-117.37026195956192,33.94426098142837],[-117.36912089940363,33.94595247593894],[-117.37029721196716,33.94758227763666],[-117.37261459915216,33.947520560390025],[-117.37375560543069,33.94582905744992],[-117.3725792784068,33.94419928018581],[-117.37026195956192,33.94426098142837],[-117.37026195956192,33.94426098142837]]]},"properties":{"h3":"8929a015a83ffff","count":2,"c3":0,"c6":0,"c12":0,"c24":2,"score":0.6,"risk":1,"peakDay":"Wednesday","peakTime":"afternoon","hood":"Victoria","bk12":{"morning":0,"afternoon":0,"evening":0,"night":0},"bk24":{"morning":0,"afternoon":2,"evening":0,"night":0},"recent":[{"d":"2025-04-05","day":"Sat","time":"14:41","desc":"Motor Vehicle Theft","res":""},{"d":"2024-08-14","day":"Wed","time":"13:18","desc":"Motor Vehicle Theft","res":""}]}},{"type":"Feature","geometry":{"type":"Polygon","coordinates":[[[-117.39143979050533,33.97359223598865],[-117.39029885509022,33.97528364051685],[-117.3914756770134,33.97691282247526],[-117.3937934487568,33.9768505754801],[-117.39493433021251,33.97515916256313],[-117.39375749388698,33.97353000502994],[-117.39143979050533,33.97359223598865],[-117.39143979050533,33.97359223598865]]]},"properties":{"h3":"8929a015b67ffff","count":1,"c3":0,"c6":0,"c12":0,"c24":1,"score":0.3,"risk":0,"peakDay":"Wednesday","peakTime":"night","hood":"Wood Streets","bk12":{"morning":0,"afternoon":0,"evening":0,"night":0},"bk24":{"morning":0,"afternoon":0,"evening":0,"night":1},"recent":[{"d":"2024-08-14","day":"Wed","time":"23:37","desc":"Motor Vehicle Theft","res":""}]}},{"type":"Feature","geometry":{"type":"Polygon","coordinates":[[[-117.34660236473478,34.00966346242692],[-117.3454601647143,34.01135435759311],[-117.3466369393407,34.01298369867568],[-117.34895592854097,34.01292212021504],[-117.3500980746762,34.011231216612344],[-117.34892128549923,34.00960189990662],[-117.34660236473478,34.00966346242692],[-117.34660236473478,34.00966346242692]]]},"properties":{"h3":"8929a007217ffff","count":1,"c3":0,"c6":0,"c12":0,"c24":1,"score":0.3,"risk":0,"peakDay":"Thursday","peakTime":"night","hood":"Northside","bk12":{"morning":0,"afternoon":0,"evening":0,"night":0},"bk24":{"morning":0,"afternoon":0,"evening":0,"night":1},"recent":[{"d":"2024-08-15","day":"Thu","time":"00:46","desc":"Motor Vehicle Theft","res":""}]}},{"type":"Feature","geometry":{"type":"Polygon","coordinates":[[[-117.39759934854968,33.900337689300194],[-117.39645928216298,33.90202964706874],[-117.39763539320934,33.90365960706116],[-117.39995158500963,33.90359758480685],[-117.40109159749258,33.90190561862917],[-117.39991547208174,33.90027568311476],[-117.39759934854968,33.900337689300194],[-117.39759934854968,33.900337689300194]]]},"properties":{"h3":"8929a014223ffff","count":1,"c3":0,"c6":0,"c12":0,"c24":1,"score":0.3,"risk":0,"peakDay":"Thursday","peakTime":"afternoon","hood":"Arlington Heights","bk12":{"morning":0,"afternoon":0,"evening":0,"night":0},"bk24":{"morning":0,"afternoon":1,"evening":0,"night":0},"recent":[{"d":"2024-08-15","day":"Thu","time":"14:00","desc":"Motor Vehicle Theft","res":""}]}},{"type":"Feature","geometry":{"type":"Polygon","coordinates":[[[-117.4568981106904,33.92033185843525],[-117.4557590280446,33.92202400484604],[-117.45693591020095,33.92365295867586],[-117.45925188919199,33.92358974159849],[-117.46039091777138,33.921897586868475],[-117.45921402142889,33.92026865753486],[-117.4568981106904,33.92033185843525],[-117.4568981106904,33.92033185843525]]]},"properties":{"h3":"8929a0148c3ffff","count":1,"c3":0,"c6":0,"c12":0,"c24":1,"score":0.3,"risk":0,"peakDay":"Saturday","peakTime":"morning","hood":"Arlington","bk12":{"morning":0,"afternoon":0,"evening":0,"night":0},"bk24":{"morning":1,"afternoon":0,"evening":0,"night":0},"recent":[{"d":"2024-08-17","day":"Sat","time":"08:26","desc":"Motor Vehicle Theft","res":""}]}},{"type":"Feature","geometry":{"type":"Polygon","coordinates":[[[-117.37079096467647,33.9940738252334],[-117.36964940738017,33.995764967948816],[-117.37082624837997,33.997394177860684],[-117.37314466115045,33.9973322206566],[-117.37428616451776,33.99564106953193],[-117.37310930904636,33.99401188402041],[-117.37079096467647,33.9940738252334],[-117.37079096467647,33.9940738252334]]]},"properties":{"h3":"8929a00708fffff","count":4,"c3":0,"c6":0,"c12":0,"c24":4,"score":1.4,"risk":3,"peakDay":"Thursday","peakTime":"evening","hood":"Downtown","bk12":{"morning":0,"afternoon":0,"evening":0,"night":0},"bk24":{"morning":0,"afternoon":1,"evening":3,"night":0},"recent":[{"d":"2025-05-21","day":"Wed","time":"12:40","desc":"Motor Vehicle Theft","res":""},{"d":"2025-03-20","day":"Thu","time":"20:33","desc":"Motor Vehicle Theft","res":""},{"d":"2024-11-14","day":"Thu","time":"19:25","desc":"Motor Vehicle Theft","res":""},{"d":"2024-08-18","day":"Sun","time":"20:30","desc":"Motor Vehicle Theft","res":""}]}},{"type":"Feature","geometry":{"type":"Polygon","coordinates":[[[-117.48837371539328,33.937739114314326],[-117.48723508672238,33.93943131218098],[-117.488412448767,33.94105965132436],[-117.49072845357844,33.940995768099775],[-117.49186702809016,33.93930356196433],[-117.49068965195241,33.93767524732207],[-117.48837371539328,33.937739114314326],[-117.48837371539328,33.937739114314326]]]},"properties":{"h3":"8929a014903ffff","count":2,"c3":0,"c6":0,"c12":0,"c24":2,"score":0.6,"risk":1,"peakDay":"Tuesday","peakTime":"afternoon","hood":"La Sierra Acres","bk12":{"morning":0,"afternoon":0,"evening":0,"night":0},"bk24":{"morning":0,"afternoon":2,"evening":0,"night":0},"recent":[{"d":"2024-11-21","day":"Thu","time":"15:00","desc":"Motor Vehicle Theft","res":""},{"d":"2024-08-20","day":"Tue","time":"16:00","desc":"Motor Vehicle Theft","res":""}]}},{"type":"Feature","geometry":{"type":"Polygon","coordinates":[[[-117.44341351513116,33.95723988916583],[-117.44227378686291,33.958931699768556],[-117.44345092942172,33.96056039663584],[-117.44576781448876,33.96049725843618],[-117.44690748868757,33.95880543951007],[-117.44573033189153,33.95717676710683],[-117.44341351513116,33.95723988916583],[-117.44341351513116,33.95723988916583]]]},"properties":{"h3":"8929a00648fffff","count":30,"c3":4,"c6":6,"c12":12,"c24":30,"score":15.3,"risk":30,"peakDay":"Monday","peakTime":"afternoon","hood":"Airport","bk12":{"morning":7,"afternoon":4,"evening":1,"night":0},"bk24":{"morning":12,"afternoon":13,"evening":2,"night":3},"sv12":12,"recent":[{"d":"2026-07-13","day":"Mon","time":"11:57","desc":"Motor Vehicle Theft","res":""},{"d":"2026-06-30","day":"Tue","time":"11:44","desc":"Motor Vehicle Theft","res":""},{"d":"2026-06-01","day":"Mon","time":"08:24","desc":"Motor Vehicle Theft","res":""},{"d":"2026-05-12","day":"Tue","time":"10:13","desc":"Motor Vehicle Theft","res":""},{"d":"2026-04-27","day":"Mon","time":"11:27","desc":"Motor Vehicle Theft","res":""},{"d":"2026-03-24","day":"Tue","time":"20:57","desc":"Motor Vehicle Theft","res":""},{"d":"2025-11-02","day":"Sun","time":"11:36","desc":"Motor Vehicle Theft","res":""},{"d":"2025-10-13","day":"Mon","time":"08:54","desc":"Motor Vehicle Theft","res":""},{"d":"2025-08-12","day":"Tue","time":"14:50","desc":"Motor Vehicle Theft","res":""},{"d":"2025-08-11","day":"Mon","time":"12:22","desc":"Motor Vehicle Theft","res":""}]}},{"type":"Feature","geometry":{"type":"Polygon","coordinates":[[[-117.40854901470883,33.94821895974919],[-117.40740868012936,33.94991064015044],[-117.40858539774528,33.95153989719057],[-117.41090246428628,33.9514774493778],[-117.41204274488938,33.94978576060145],[-117.4108660129306,33.94815652801283],[-117.40854901470883,33.94821895974919],[-117.40854901470883,33.94821895974919]]]},"properties":{"h3":"8929a0159cfffff","count":2,"c3":0,"c6":0,"c12":1,"c24":2,"score":0.9,"risk":2,"peakDay":"Sunday","peakTime":"evening","hood":"Magnolia Center","bk12":{"morning":1,"afternoon":0,"evening":0,"night":0},"bk24":{"morning":1,"afternoon":0,"evening":1,"night":0},"sv12":1,"recent":[{"d":"2025-12-06","day":"Sat","time":"09:27","desc":"Motor Vehicle Theft","res":""},{"d":"2024-08-25","day":"Sun","time":"20:00","desc":"Motor Vehicle Theft","res":""}]}},{"type":"Feature","geometry":{"type":"Polygon","coordinates":[[[-117.38081416175521,33.955606998549236],[-117.37967319702574,33.957298471557],[-117.38084972904085,33.95892800296187],[-117.38316724021878,33.958866036927155],[-117.38430815103199,33.95717455550889],[-117.38313160458625,33.95554504853567],[-117.38081416175521,33.955606998549236],[-117.38081416175521,33.955606998549236]]]},"properties":{"h3":"8929a015bdbffff","count":2,"c3":0,"c6":0,"c12":0,"c24":2,"score":0.7,"risk":1,"peakDay":"Monday","peakTime":"afternoon","hood":"Magnolia Center","bk12":{"morning":0,"afternoon":0,"evening":0,"night":0},"bk24":{"morning":0,"afternoon":1,"evening":0,"night":1},"recent":[{"d":"2025-07-14","day":"Mon","time":"22:30","desc":"Motor Vehicle Theft","res":""},{"d":"2024-08-26","day":"Mon","time":"12:39","desc":"Motor Vehicle Theft","res":""}]}},{"type":"Feature","geometry":{"type":"Polygon","coordinates":[[[-117.3219644618185,33.98208130035101],[-117.320822050949,33.983772254175484],[-117.32199830072291,33.985402239906236],[-117.32431697598882,33.98534124743032],[-117.32545933305951,33.98365028512463],[-117.32428306866588,33.982020323775906],[-117.3219644618185,33.98208130035101],[-117.3219644618185,33.98208130035101]]]},"properties":{"h3":"8929a002b3bffff","count":2,"c3":0,"c6":0,"c12":1,"c24":2,"score":0.9,"risk":2,"peakDay":"Tuesday","peakTime":"night","hood":"University","bk12":{"morning":0,"afternoon":1,"evening":0,"night":0},"bk24":{"morning":0,"afternoon":1,"evening":0,"night":1},"sv12":1,"recent":[{"d":"2025-11-02","day":"Sun","time":"15:06","desc":"Motor Vehicle Theft","res":""},{"d":"2024-08-27","day":"Tue","time":"03:28","desc":"Motor Vehicle Theft","res":""}]}},{"type":"Feature","geometry":{"type":"Polygon","coordinates":[[[-117.32888616385088,33.9785772870927],[-117.32774392698933,33.98026830495106],[-117.32892020599155,33.981898241914664],[-117.33123873645549,33.98183713663156],[-117.33238091950479,33.98014611030014],[-117.33120462590524,33.97851619772469],[-117.32888616385088,33.9785772870927],[-117.32888616385088,33.9785772870927]]]},"properties":{"h3":"8929a002bafffff","count":1,"c3":0,"c6":0,"c12":0,"c24":1,"score":0.3,"risk":1,"peakDay":"Wednesday","peakTime":"evening","hood":"University","bk12":{"morning":0,"afternoon":0,"evening":0,"night":0},"bk24":{"morning":0,"afternoon":0,"evening":1,"night":0},"recent":[{"d":"2024-09-04","day":"Wed","time":"17:00","desc":"Motor Vehicle Theft","res":""}]}},{"type":"Feature","geometry":{"type":"Polygon","coordinates":[[[-117.39497032032719,33.97847969352728],[-117.39382940575382,33.980171082992456],[-117.39500631257114,33.9818001615438],[-117.39732414835728,33.981737826205965],[-117.39846500895797,33.98004642835882],[-117.39728808774798,33.97841737423128],[-117.39497032032719,33.97847969352728],[-117.39497032032719,33.97847969352728]]]},"properties":{"h3":"8929a007583ffff","count":1,"c3":0,"c6":0,"c12":0,"c24":1,"score":0.3,"risk":1,"peakDay":"Thursday","peakTime":"night","hood":"Downtown","bk12":{"morning":0,"afternoon":0,"evening":0,"night":0},"bk24":{"morning":0,"afternoon":0,"evening":0,"night":1},"recent":[{"d":"2024-09-05","day":"Thu","time":"02:34","desc":"Motor Vehicle Theft","res":""}]}},{"type":"Feature","geometry":{"type":"Polygon","coordinates":[[[-117.48123314122425,33.921326590667164],[-117.48009453620269,33.92301886478826],[-117.4812716584427,33.92464748953664],[-117.48358739981809,33.92458381565528],[-117.48472595071354,33.92289153324904],[-117.48354881436245,33.92126293300912],[-117.48123314122425,33.921326590667164],[-117.48123314122425,33.921326590667164]]]},"properties":{"h3":"8929a014d7bffff","count":2,"c3":0,"c6":0,"c12":1,"c24":2,"score":0.8,"risk":2,"peakDay":"Saturday","peakTime":"evening","hood":"La Sierra","bk12":{"morning":1,"afternoon":0,"evening":0,"night":0},"bk24":{"morning":1,"afternoon":0,"evening":1,"night":0},"sv12":1,"recent":[{"d":"2025-09-23","day":"Tue","time":"08:07","desc":"Motor Vehicle Theft","res":""},{"d":"2024-09-07","day":"Sat","time":"17:30","desc":"Motor Vehicle Theft","res":""}]}},{"type":"Feature","geometry":{"type":"Polygon","coordinates":[[[-117.48468733228151,33.9195706274262],[-117.48354881436245,33.92126293300912],[-117.48472595071354,33.92289153324904],[-117.48704161908641,33.922827803394384],[-117.4881800828727,33.92113548953041],[-117.48700293242166,33.919506913801975],[-117.48468733228151,33.9195706274262],[-117.48468733228151,33.9195706274262]]]},"properties":{"h3":"8929a014d73ffff","count":1,"c3":0,"c6":0,"c12":0,"c24":1,"score":0.3,"risk":1,"peakDay":"Tuesday","peakTime":"evening","hood":"La Sierra","bk12":{"morning":0,"afternoon":0,"evening":0,"night":0},"bk24":{"morning":0,"afternoon":0,"evening":1,"night":0},"recent":[{"d":"2024-09-10","day":"Tue","time":"21:30","desc":"Motor Vehicle Theft","res":""}]}},{"type":"Feature","geometry":{"type":"Polygon","coordinates":[[[-117.47812461582015,33.9529682379412],[-117.47698562674731,33.95466027144321],[-117.47816305226456,33.95628856562648],[-117.48047948098613,33.95622480182218],[-117.4816184159098,33.954532760043165],[-117.48044097626385,33.95290449034528],[-117.47812461582015,33.9529682379412],[-117.47812461582015,33.9529682379412]]]},"properties":{"h3":"8929a0a96dbffff","count":1,"c3":0,"c6":0,"c12":0,"c24":1,"score":0.3,"risk":1,"peakDay":"Thursday","peakTime":"evening","hood":"Arlanza","bk12":{"morning":0,"afternoon":0,"evening":0,"night":0},"bk24":{"morning":0,"afternoon":0,"evening":1,"night":0},"recent":[{"d":"2024-09-12","day":"Thu","time":"18:00","desc":"Motor Vehicle Theft","res":""}]}},{"type":"Feature","geometry":{"type":"Polygon","coordinates":[[[-117.29357819380232,33.92634084032296],[-117.29243578479246,33.92803203116067],[-117.29361117836541,33.92966303847028],[-117.2959289956441,33.92960283053789],[-117.29707135097775,33.927911631157905],[-117.29589594271174,33.92628064825242],[-117.29357819380232,33.92634084032296],[-117.29357819380232,33.92634084032296]]]},"properties":{"h3":"8929a002177ffff","count":1,"c3":0,"c6":0,"c12":0,"c24":1,"score":0.3,"risk":1,"peakDay":"Friday","peakTime":"evening","hood":"Sycamore Canyon/Canyon Springs","bk12":{"morning":0,"afternoon":0,"evening":0,"night":0},"bk24":{"morning":0,"afternoon":0,"evening":1,"night":0},"recent":[{"d":"2024-09-13","day":"Fri","time":"17:00","desc":"Motor Vehicle Theft","res":""}]}},{"type":"Feature","geometry":{"type":"Polygon","coordinates":[[[-117.31111144605168,33.94083721772592],[-117.30996923913237,33.942528404392824],[-117.31114495226278,33.94415901466696],[-117.31346288695791,33.944098413870115],[-117.31460504014444,33.94240721869078],[-117.3134293123715,33.940776632820565],[-117.31111144605168,33.94083721772592],[-117.31111144605168,33.94083721772592]]]},"properties":{"h3":"8929a002c6bffff","count":1,"c3":0,"c6":0,"c12":0,"c24":1,"score":0.3,"risk":1,"peakDay":"Friday","peakTime":"evening","hood":"Canyon Crest","bk12":{"morning":0,"afternoon":0,"evening":0,"night":0},"bk24":{"morning":0,"afternoon":0,"evening":1,"night":0},"recent":[{"d":"2024-09-13","day":"Fri","time":"21:30","desc":"Motor Vehicle Theft","res":""}]}},{"type":"Feature","geometry":{"type":"Polygon","coordinates":[[[-117.32830775550356,33.922111438682094],[-117.32716608273368,33.92380285496543],[-117.32834176342521,33.9254334610656],[-117.33065913147395,33.92537262645641],[-117.33180075048722,33.92368120167695],[-117.3306250552112,33.92205062000264],[-117.32830775550356,33.922111438682094],[-117.32830775550356,33.922111438682094]]]},"properties":{"h3":"8929a01534bffff","count":1,"c3":0,"c6":0,"c12":0,"c24":1,"score":0.3,"risk":1,"peakDay":"Sunday","peakTime":"night","hood":"Mission Grove","bk12":{"morning":0,"afternoon":0,"evening":0,"night":0},"bk24":{"morning":0,"afternoon":0,"evening":0,"night":1},"recent":[{"d":"2024-09-15","day":"Sun","time":"00:00","desc":"Motor Vehicle Theft","res":""}]}},{"type":"Feature","geometry":{"type":"Polygon","coordinates":[[[-117.43924837062347,33.895893348773214],[-117.43810918290077,33.89758556935452],[-117.43928564165776,33.89921503905959],[-117.44160130237479,33.89915226367984],[-117.44274043609727,33.89746003474523],[-117.44156396310575,33.895830589543515],[-117.43924837062347,33.895893348773214],[-117.43924837062347,33.895893348773214]]]},"properties":{"h3":"8929a01410fffff","count":1,"c3":0,"c6":0,"c12":0,"c24":1,"score":0.3,"risk":1,"peakDay":"Sunday","peakTime":"afternoon","hood":"Arlington Heights","bk12":{"morning":0,"afternoon":0,"evening":0,"night":0},"bk24":{"morning":0,"afternoon":1,"evening":0,"night":0},"recent":[{"d":"2024-09-15","day":"Sun","time":"12:00","desc":"Motor Vehicle Theft","res":""}]}},{"type":"Feature","geometry":{"type":"Polygon","coordinates":[[[-117.44337610305337,33.9539193188896],[-117.44223640783174,33.95561115282399],[-117.44341351513116,33.95723988916583],[-117.44573033189153,33.95717676710683],[-117.44686997304703,33.955484924847724],[-117.44569285151108,33.95385621297216],[-117.44337610305337,33.9539193188896],[-117.44337610305337,33.9539193188896]]]},"properties":{"h3":"8929a006483ffff","count":1,"c3":0,"c6":0,"c12":0,"c24":1,"score":0.3,"risk":1,"peakDay":"Sunday","peakTime":"afternoon","hood":"Airport","bk12":{"morning":0,"afternoon":0,"evening":0,"night":0},"bk24":{"morning":0,"afternoon":1,"evening":0,"night":0},"recent":[{"d":"2024-09-15","day":"Sun","time":"16:05","desc":"Motor Vehicle Theft","res":""}]}},{"type":"Feature","geometry":{"type":"Polygon","coordinates":[[[-117.40825802786632,33.921649202668675],[-117.40711795789991,33.92334106948619],[-117.40829439369362,33.92497064159594],[-117.41061091379352,33.924908322418716],[-117.41175092980983,33.92321644721523],[-117.41057447967914,33.9215868995748],[-117.40825802786632,33.921649202668675],[-117.40825802786632,33.921649202668675]]]},"properties":{"h3":"8929a015dc3ffff","count":3,"c3":1,"c6":1,"c12":1,"c24":3,"score":1.5,"risk":3,"peakDay":"Monday","peakTime":"afternoon","hood":"Presidential Park","bk12":{"morning":0,"afternoon":1,"evening":0,"night":0},"bk24":{"morning":1,"afternoon":2,"evening":0,"night":0},"sv12":1,"recent":[{"d":"2026-07-09","day":"Thu","time":"15:00","desc":"Motor Vehicle Theft","res":""},{"d":"2024-11-05","day":"Tue","time":"16:34","desc":"Motor Vehicle Theft","res":""},{"d":"2024-09-16","day":"Mon","time":"10:04","desc":"Motor Vehicle Theft","res":""}]}},{"type":"Feature","geometry":{"type":"Polygon","coordinates":[[[-117.48852866263098,33.95102088609126],[-117.48738990201804,33.9527129909674],[-117.4885674051673,33.954341172190745],[-117.49088368302827,33.95427722404557],[-117.49202238946881,33.95258511090606],[-117.49084487222356,33.95095695417492],[-117.48852866263098,33.95102088609126],[-117.48852866263098,33.95102088609126]]]},"properties":{"h3":"8929a0a969bffff","count":2,"c3":0,"c6":0,"c12":1,"c24":2,"score":0.8,"risk":2,"peakDay":"Tuesday","peakTime":"night","hood":"La Sierra Acres","bk12":{"morning":0,"afternoon":0,"evening":0,"night":1},"bk24":{"morning":0,"afternoon":0,"evening":0,"night":2},"sv12":1,"recent":[{"d":"2025-08-27","day":"Wed","time":"00:55","desc":"Motor Vehicle Theft","res":""},{"d":"2024-09-17","day":"Tue","time":"01:19","desc":"Motor Vehicle Theft","res":""}]}},{"type":"Feature","geometry":{"type":"Polygon","coordinates":[[[-117.35289862301845,33.946383091509865],[-117.35175719416901,33.94807447364516],[-117.35293336384848,33.94970447622505],[-117.35525097689488,33.94964307224668],[-117.35639235190467,33.947951681658736],[-117.35521616771054,33.94632170350165],[-117.35289862301845,33.946383091509865],[-117.35289862301845,33.946383091509865]]]},"properties":{"h3":"8929a002d37ffff","count":1,"c3":0,"c6":0,"c12":0,"c24":1,"score":0.3,"risk":1,"peakDay":"Wednesday","peakTime":"night","hood":"Victoria","bk12":{"morning":0,"afternoon":0,"evening":0,"night":0},"bk24":{"morning":0,"afternoon":0,"evening":0,"night":1},"recent":[{"d":"2024-09-18","day":"Wed","time":"03:30","desc":"Motor Vehicle Theft","res":""}]}},{"type":"Feature","geometry":{"type":"Polygon","coordinates":[[[-117.32786583548302,33.87891945742684],[-117.32672459370184,33.880611176299034],[-117.32789981727204,33.88224229217082],[-117.33021629720082,33.882181664715446],[-117.33135748526789,33.8804899373294],[-117.3301822471231,33.87885884591239],[-117.32786583548302,33.87891945742684],[-117.32786583548302,33.87891945742684]]]},"properties":{"h3":"8929a0156b3ffff","count":1,"c3":0,"c6":0,"c12":0,"c24":1,"score":0.3,"risk":1,"peakDay":"Wednesday","peakTime":"night","hood":"Orangecrest","bk12":{"morning":0,"afternoon":0,"evening":0,"night":0},"bk24":{"morning":0,"afternoon":0,"evening":0,"night":1},"recent":[{"d":"2024-09-18","day":"Wed","time":"23:00","desc":"Motor Vehicle Theft","res":""}]}},{"type":"Feature","geometry":{"type":"Polygon","coordinates":[[[-117.42234025256282,33.93788082812295],[-117.42120029928046,33.93957265860957],[-117.42237703896282,33.94120185723468],[-117.42469374622792,33.941139200907116],[-117.42583364551052,33.93944736206039],[-117.42465689153062,33.93781818790115],[-117.42234025256282,33.93788082812295],[-117.42234025256282,33.93788082812295]]]},"properties":{"h3":"8929a015d2fffff","count":3,"c3":0,"c6":0,"c12":1,"c24":3,"score":1.3,"risk":3,"peakDay":"Sunday","peakTime":"night","hood":"Ramona","bk12":{"morning":0,"afternoon":0,"evening":0,"night":1},"bk24":{"morning":0,"afternoon":0,"evening":0,"night":3},"sv12":1,"recent":[{"d":"2025-12-08","day":"Mon","time":"22:45","desc":"Motor Vehicle Theft","res":""},{"d":"2025-04-01","day":"Tue","time":"00:00","desc":"Motor Vehicle Theft","res":""},{"d":"2024-09-22","day":"Sun","time":"00:00","desc":"Motor Vehicle Theft","res":""}]}},{"type":"Feature","geometry":{"type":"Polygon","coordinates":[[[-117.47443922994249,33.93480072166971],[-117.47330035173835,33.93649286318055],[-117.4744775515014,33.938121418661716],[-117.4767936436069,33.938057808136186],[-117.47793246768829,33.93636565833612],[-117.47675525378973,33.934737127350665],[-117.47443922994249,33.93480072166971],[-117.47443922994249,33.93480072166971]]]},"properties":{"h3":"8929a014827ffff","count":1,"c3":0,"c6":0,"c12":0,"c24":1,"score":0.3,"risk":1,"peakDay":"Wednesday","peakTime":"night","hood":"Arlanza","bk12":{"morning":0,"afternoon":0,"evening":0,"night":0},"bk24":{"morning":0,"afternoon":0,"evening":0,"night":1},"recent":[{"d":"2024-10-02","day":"Wed","time":"22:00","desc":"Motor Vehicle Theft","res":""}]}},{"type":"Feature","geometry":{"type":"Polygon","coordinates":[[[-117.48821880479778,33.924456339716556],[-117.48708030803837,33.92614863040248],[-117.48825752901217,33.92777712730857],[-117.49057326083843,33.927713309018536],[-117.49171170345188,33.92602101005838],[-117.49053446838782,33.92439253766233],[-117.48821880479778,33.924456339716556],[-117.48821880479778,33.924456339716556]]]},"properties":{"h3":"8929a014d67ffff","count":1,"c3":0,"c6":0,"c12":0,"c24":1,"score":0.3,"risk":1,"peakDay":"Saturday","peakTime":"night","hood":"La Sierra Acres","bk12":{"morning":0,"afternoon":0,"evening":0,"night":0},"bk24":{"morning":0,"afternoon":0,"evening":0,"night":1},"recent":[{"d":"2024-10-05","day":"Sat","time":"01:00","desc":"Motor Vehicle Theft","res":""}]}},{"type":"Feature","geometry":{"type":"Polygon","coordinates":[[[-117.37379096139115,33.94915029827278],[-117.37264992198682,33.9508417778334],[-117.37382631944294,33.95247147632498],[-117.37614377075691,33.952409670823556],[-117.37728475626825,33.9507181828402],[-117.3761083443614,33.949088508780825],[-117.37379096139115,33.94915029827278],[-117.37379096139115,33.94915029827278]]]},"properties":{"h3":"8929a015abbffff","count":1,"c3":0,"c6":0,"c12":0,"c24":1,"score":0.3,"risk":1,"peakDay":"Monday","peakTime":"evening","hood":"Victoria","bk12":{"morning":0,"afternoon":0,"evening":0,"night":0},"bk24":{"morning":0,"afternoon":0,"evening":1,"night":0},"recent":[{"d":"2024-10-07","day":"Mon","time":"19:30","desc":"Motor Vehicle Theft","res":""}]}},{"type":"Feature","geometry":{"type":"Polygon","coordinates":[[[-117.47079318731927,33.91995201203057],[-117.46965438698756,33.921644238081576],[-117.47083139632035,33.92327301514249],[-117.47314722013068,33.923209541648376],[-117.47428596636283,33.921517307297215],[-117.47310894288701,33.91988855474015],[-117.47079318731927,33.91995201203057],[-117.47079318731927,33.91995201203057]]]},"properties":{"h3":"8929a014887ffff","count":1,"c3":0,"c6":0,"c12":0,"c24":1,"score":0.3,"risk":1,"peakDay":"Tuesday","peakTime":"evening","hood":"La Sierra","bk12":{"morning":0,"afternoon":0,"evening":0,"night":0},"bk24":{"morning":0,"afternoon":0,"evening":1,"night":0},"recent":[{"d":"2024-10-08","day":"Tue","time":"18:00","desc":"Motor Vehicle Theft","res":""}]}},{"type":"Feature","geometry":{"type":"Polygon","coordinates":[[[-117.32912450114603,34.00182264749375],[-117.3279820318495,34.003513500396004],[-117.32915855739186,34.00514316100666],[-117.33147756683623,34.005081944342244],[-117.33261998229754,34.00339108297636],[-117.33144344215253,34.00176144673835],[-117.32912450114603,34.00182264749375],[-117.32912450114603,34.00182264749375]]]},"properties":{"h3":"8929a000dafffff","count":3,"c3":0,"c6":0,"c12":2,"c24":3,"score":1.4,"risk":3,"peakDay":"Wednesday","peakTime":"night","hood":"Hunter Industrial Park","bk12":{"morning":1,"afternoon":0,"evening":1,"night":0},"bk24":{"morning":1,"afternoon":0,"evening":1,"night":1},"sv12":2,"recent":[{"d":"2025-10-19","day":"Sun","time":"20:30","desc":"Motor Vehicle Theft","res":""},{"d":"2025-09-26","day":"Fri","time":"11:09","desc":"Motor Vehicle Theft","res":""},{"d":"2024-10-09","day":"Wed","time":"02:45","desc":"Motor Vehicle Theft","res":""}]}},{"type":"Feature","geometry":{"type":"Polygon","coordinates":[[[-117.433043181546,33.96250425532603],[-117.43190319194831,33.964195970879],[-117.43308029172852,33.96582474112022],[-117.43539739537985,33.96576177135337],[-117.4365373309281,33.964070047464766],[-117.43536021687724,33.96244130167848],[-117.433043181546,33.96250425532603],[-117.433043181546,33.96250425532603]]]},"properties":{"h3":"8929a006457ffff","count":4,"c3":1,"c6":2,"c12":2,"c24":4,"score":2.4,"risk":5,"peakDay":"Thursday","peakTime":"night","hood":"Airport","bk12":{"morning":2,"afternoon":0,"evening":0,"night":0},"bk24":{"morning":2,"afternoon":0,"evening":0,"night":2},"sv12":2,"recent":[{"d":"2026-07-09","day":"Thu","time":"09:52","desc":"Motor Vehicle Theft","res":""},{"d":"2026-05-01","day":"Fri","time":"09:28","desc":"Motor Vehicle Theft","res":""},{"d":"2025-02-02","day":"Sun","time":"01:04","desc":"Motor Vehicle Theft","res":""},{"d":"2024-10-10","day":"Thu","time":"00:00","desc":"Motor Vehicle Theft","res":""}]}},{"type":"Feature","geometry":{"type":"Polygon","coordinates":[[[-117.3840585140785,33.933926154979034],[-117.38291783505002,33.935617799932174],[-117.3840941701729,33.93724754324198],[-117.38641119874195,33.937185617150455],[-117.38755182386716,33.93549396378276],[-117.38637547432931,33.93386424492099],[-117.3840585140785,33.933926154979034],[-117.3840585140785,33.933926154979034]]]},"properties":{"h3":"8929a0158c3ffff","count":4,"c3":0,"c6":1,"c12":3,"c24":4,"score":2.3,"risk":4,"peakDay":"Sunday","peakTime":"night","hood":"Victoria","bk12":{"morning":0,"afternoon":2,"evening":0,"night":1},"bk24":{"morning":0,"afternoon":2,"evening":0,"night":2},"sv12":3,"recent":[{"d":"2026-04-28","day":"Tue","time":"13:39","desc":"Motor Vehicle Theft","res":""},{"d":"2025-11-09","day":"Sun","time":"04:55","desc":"Motor Vehicle Theft","res":""},{"d":"2025-09-28","day":"Sun","time":"14:04","desc":"Motor Vehicle Theft","res":""},{"d":"2024-10-10","day":"Thu","time":"00:48","desc":"Motor Vehicle Theft","res":""}]}},{"type":"Feature","geometry":{"type":"Polygon","coordinates":[[[-117.3943228238704,33.918700525080546],[-117.39318250512031,33.92039233504061],[-117.39435877781503,33.92202212301263],[-117.39667538364195,33.92196007656059],[-117.39781564847853,33.920268258194135],[-117.3966393614045,33.91863849468595],[-117.3943228238704,33.918700525080546],[-117.3943228238704,33.918700525080546]]]},"properties":{"h3":"8929a015c07ffff","count":1,"c3":0,"c6":0,"c12":0,"c24":1,"score":0.3,"risk":1,"peakDay":"Thursday","peakTime":"morning","hood":"Arlington Heights","bk12":{"morning":0,"afternoon":0,"evening":0,"night":0},"bk24":{"morning":1,"afternoon":0,"evening":0,"night":0},"recent":[{"d":"2024-10-10","day":"Thu","time":"11:00","desc":"Motor Vehicle Theft","res":""}]}},{"type":"Feature","geometry":{"type":"Polygon","coordinates":[[[-117.39453857943413,33.93862917328526],[-117.39339806214542,33.94032084346571],[-117.39457454613843,33.94195039531833],[-117.39689156180674,33.94188825253983],[-117.3980320251623,33.940196573961124],[-117.39685552678549,33.938567046558994],[-117.39453857943413,33.93862917328526],[-117.39453857943413,33.93862917328526]]]},"properties":{"h3":"8929a015817ffff","count":2,"c3":0,"c6":1,"c12":1,"c24":2,"score":1.1,"risk":2,"peakDay":"Friday","peakTime":"afternoon","hood":"Casa Blanca","bk12":{"morning":0,"afternoon":0,"evening":1,"night":0},"bk24":{"morning":0,"afternoon":1,"evening":1,"night":0},"sv12":1,"recent":[{"d":"2026-04-29","day":"Wed","time":"19:18","desc":"Motor Vehicle Theft","res":""},{"d":"2024-10-11","day":"Fri","time":"15:30","desc":"Motor Vehicle Theft","res":""}]}},{"type":"Feature","geometry":{"type":"Polygon","coordinates":[[[-117.3980320251623,33.940196573961124],[-117.39689156180674,33.94188825253983],[-117.39806809540805,33.943517740556494],[-117.40038510674104,33.94345552554301],[-117.40152551615341,33.94176383857152],[-117.40034896817873,33.94013437500614],[-117.3980320251623,33.940196573961124],[-117.3980320251623,33.940196573961124]]]},"properties":{"h3":"8929a0158abffff","count":1,"c3":0,"c6":0,"c12":0,"c24":1,"score":0.3,"risk":1,"peakDay":"Sunday","peakTime":"evening","hood":"Magnolia Center","bk12":{"morning":0,"afternoon":0,"evening":0,"night":0},"bk24":{"morning":0,"afternoon":0,"evening":1,"night":0},"recent":[{"d":"2024-10-13","day":"Sun","time":"20:42","desc":"Motor Vehicle Theft","res":""}]}},{"type":"Feature","geometry":{"type":"Polygon","coordinates":[[[-117.34300329995425,33.998134318004205],[-117.34186114564575,33.99982527550424],[-117.34303776476335,34.00145479909653],[-117.34535655275093,34.00139334080596],[-117.34649865319405,33.99970237485995],[-117.34532201951771,33.9980728756503],[-117.34300329995425,33.998134318004205],[-117.34300329995425,33.998134318004205]]]},"properties":{"h3":"8929a007667ffff","count":2,"c3":0,"c6":0,"c12":0,"c24":2,"score":0.8,"risk":1,"peakDay":"Monday","peakTime":"night","hood":"Hunter Industrial Park","bk12":{"morning":0,"afternoon":0,"evening":0,"night":0},"bk24":{"morning":1,"afternoon":0,"evening":0,"night":1},"recent":[{"d":"2025-07-21","day":"Mon","time":"08:38","desc":"Motor Vehicle Theft","res":""},{"d":"2024-10-14","day":"Mon","time":"04:32","desc":"Motor Vehicle Theft","res":""}]}},{"type":"Feature","geometry":{"type":"Polygon","coordinates":[[[-117.33961108200022,34.00652754522052],[-117.3384687742393,34.008218423497404],[-117.33964544925475,34.00984789241653],[-117.34196444660536,34.00978645868342],[-117.34310670050108,34.00809557195916],[-117.34193001091417,34.006466127415216],[-117.33961108200022,34.00652754522052],[-117.33961108200022,34.00652754522052]]]},"properties":{"h3":"8929a0072c7ffff","count":4,"c3":0,"c6":1,"c12":2,"c24":4,"score":2.1,"risk":4,"peakDay":"Thursday","peakTime":"morning","hood":"Hunter Industrial Park","bk12":{"morning":0,"afternoon":1,"evening":1,"night":0},"bk24":{"morning":1,"afternoon":1,"evening":1,"night":1},"sv12":2,"recent":[{"d":"2026-04-23","day":"Thu","time":"19:44","desc":"Motor Vehicle Theft","res":""},{"d":"2025-09-18","day":"Thu","time":"16:21","desc":"Motor Vehicle Theft","res":""},{"d":"2025-04-28","day":"Mon","time":"00:00","desc":"Motor Vehicle Theft","res":""},{"d":"2024-10-15","day":"Tue","time":"09:00","desc":"Motor Vehicle Theft","res":""}]}},{"type":"Feature","geometry":{"type":"Polygon","coordinates":[[[-117.33251751468829,33.99342933010705],[-117.3313751988437,33.9951202622366],[-117.33255166853662,33.99674997747729],[-117.33487046866699,33.9966887362081],[-117.33601273067625,33.99499779561628],[-117.3348362463933,33.99336810475575],[-117.33251751468829,33.99342933010705],[-117.33251751468829,33.99342933010705]]]},"properties":{"h3":"8929a00764fffff","count":2,"c3":0,"c6":0,"c12":0,"c24":2,"score":0.7,"risk":1,"peakDay":"Wednesday","peakTime":"afternoon","hood":"Hunter Industrial Park","bk12":{"morning":0,"afternoon":0,"evening":0,"night":0},"bk24":{"morning":0,"afternoon":1,"evening":0,"night":1},"recent":[{"d":"2025-03-17","day":"Mon","time":"03:02","desc":"Motor Vehicle Theft","res":""},{"d":"2024-10-16","day":"Wed","time":"12:00","desc":"Motor Vehicle Theft","res":""}]}},{"type":"Feature","geometry":{"type":"Polygon","coordinates":[[[-117.40130851833514,33.92183585532552],[-117.400168307422,33.923527682092924],[-117.40134467929157,33.92515734247606],[-117.40366127643551,33.92509515162616],[-117.40480143341522,33.92340331646327],[-117.40362504718718,33.92177368054559],[-117.40130851833514,33.92183585532552],[-117.40130851833514,33.92183585532552]]]},"properties":{"h3":"8929a015c37ffff","count":1,"c3":0,"c6":0,"c12":0,"c24":1,"score":0.3,"risk":1,"peakDay":"Friday","peakTime":"evening","hood":"Arlington Heights","bk12":{"morning":0,"afternoon":0,"evening":0,"night":0},"bk24":{"morning":0,"afternoon":0,"evening":1,"night":0},"recent":[{"d":"2024-10-18","day":"Fri","time":"18:15","desc":"Motor Vehicle Theft","res":""}]}},{"type":"Feature","geometry":{"type":"Polygon","coordinates":[[[-117.43285766355415,33.945900884151804],[-117.43171783924836,33.94759271639623],[-117.43289476276374,33.94922168394532],[-117.43521152485475,33.949158794783706],[-117.43635129512757,33.947466954196855],[-117.43517435734512,33.945838011113864],[-117.43285766355415,33.945900884151804],[-117.43285766355415,33.945900884151804]]]},"properties":{"h3":"8929a014a7bffff","count":2,"c3":0,"c6":0,"c12":0,"c24":2,"score":0.6,"risk":1,"peakDay":"Sunday","peakTime":"night","hood":"Airport","bk12":{"morning":0,"afternoon":0,"evening":0,"night":0},"bk24":{"morning":0,"afternoon":0,"evening":0,"night":2},"recent":[{"d":"2025-01-15","day":"Wed","time":"00:00","desc":"Motor Vehicle Theft","res":""},{"d":"2024-10-20","day":"Sun","time":"02:35","desc":"Motor Vehicle Theft","res":""}]}},{"type":"Feature","geometry":{"type":"Polygon","coordinates":[[[-117.50898017298559,33.91723911304114],[-117.50784216599833,33.91893156911458],[-117.50901950661567,33.92055987950258],[-117.5113348682473,33.92049570929107],[-117.5124728210455,33.918803244969354],[-117.51129546640391,33.91717495910725],[-117.50898017298559,33.91723911304114],[-117.50898017298559,33.91723911304114]]]},"properties":{"h3":"8929a0ab2d7ffff","count":1,"c3":0,"c6":0,"c12":0,"c24":1,"score":0.3,"risk":1,"peakDay":"Tuesday","peakTime":"morning","hood":"La Sierra","bk12":{"morning":0,"afternoon":0,"evening":0,"night":0},"bk24":{"morning":1,"afternoon":0,"evening":0,"night":0},"recent":[{"d":"2024-10-22","day":"Tue","time":"09:27","desc":"Motor Vehicle Theft","res":""}]}},{"type":"Feature","geometry":{"type":"Polygon","coordinates":[[[-117.35016743329945,34.0178715149411],[-117.34902522077621,34.019562371301134],[-117.3502021156902,34.02119156931512],[-117.35252123767185,34.021129886595666],[-117.35366339629329,34.01943902180724],[-117.3524864868376,34.01780984816648],[-117.35016743329945,34.0178715149411],[-117.35016743329945,34.0178715149411]]]},"properties":{"h3":"8929a007223ffff","count":2,"c3":0,"c6":0,"c12":1,"c24":2,"score":0.9,"risk":2,"peakDay":"Tuesday","peakTime":"evening","hood":"Northside","bk12":{"morning":0,"afternoon":0,"evening":0,"night":1},"bk24":{"morning":0,"afternoon":0,"evening":1,"night":1},"sv12":1,"recent":[{"d":"2025-10-25","day":"Sat","time":"02:37","desc":"Motor Vehicle Theft","res":""},{"d":"2024-10-22","day":"Tue","time":"21:03","desc":"Motor Vehicle Theft","res":""}]}},{"type":"Feature","geometry":{"type":"Polygon","coordinates":[[[-117.36697928347431,33.9626199371412],[-117.36583797062328,33.964311282795734],[-117.36701444480427,33.96594091189675],[-117.36933224631431,33.965879170923586],[-117.37047350527588,33.96418781684222],[-117.36929701661964,33.96255821216068],[-117.36697928347431,33.9626199371412],[-117.36697928347431,33.9626199371412]]]},"properties":{"h3":"8929a015a67ffff","count":3,"c3":0,"c6":1,"c12":1,"c24":3,"score":1.5,"risk":3,"peakDay":"Friday","peakTime":"night","hood":"Eastside","bk12":{"morning":0,"afternoon":0,"evening":0,"night":1},"bk24":{"morning":1,"afternoon":0,"evening":0,"night":2},"sv12":1,"recent":[{"d":"2026-03-29","day":"Sun","time":"04:13","desc":"Motor Vehicle Theft","res":""},{"d":"2025-06-05","day":"Thu","time":"02:00","desc":"Motor Vehicle Theft","res":""},{"d":"2024-10-25","day":"Fri","time":"06:50","desc":"Motor Vehicle Theft","res":""}]}},{"type":"Feature","geometry":{"type":"Polygon","coordinates":[[[-117.38427248228157,33.953853543723156],[-117.38313160458625,33.95554504853567],[-117.38430815103199,33.95717455550889],[-117.38662558959524,33.957112533234756],[-117.38776641336757,33.95542102001583],[-117.38658985250238,33.953791537477294],[-117.38427248228157,33.953853543723156],[-117.38427248228157,33.953853543723156]]]},"properties":{"h3":"8929a015bd3ffff","count":1,"c3":0,"c6":0,"c12":0,"c24":1,"score":0.3,"risk":1,"peakDay":"Monday","peakTime":"night","hood":"Magnolia Center","bk12":{"morning":0,"afternoon":0,"evening":0,"night":0},"bk24":{"morning":0,"afternoon":0,"evening":0,"night":1},"recent":[{"d":"2024-10-28","day":"Mon","time":"00:24","desc":"Motor Vehicle Theft","res":""}]}},{"type":"Feature","geometry":{"type":"Polygon","coordinates":[[[-117.43943474783016,33.91250117552041],[-117.43829539500156,33.91419328025333],[-117.43947202988304,33.915822553361636],[-117.44178803183401,33.915759697244646],[-117.44292733064592,33.91406758416527],[-117.44175068152632,33.91243833554916],[-117.43943474783016,33.91250117552041],[-117.43943474783016,33.91250117552041]]]},"properties":{"h3":"8929a014e13ffff","count":3,"c3":1,"c6":1,"c12":1,"c24":3,"score":1.6,"risk":3,"peakDay":"Tuesday","peakTime":"morning","hood":"Arlington South","bk12":{"morning":0,"afternoon":0,"evening":1,"night":0},"bk24":{"morning":1,"afternoon":0,"evening":1,"night":1},"sv12":1,"recent":[{"d":"2026-07-15","day":"Wed","time":"21:28","desc":"Motor Vehicle Theft","res":""},{"d":"2025-01-18","day":"Sat","time":"23:00","desc":"Motor Vehicle Theft","res":""},{"d":"2024-10-29","day":"Tue","time":"07:59","desc":"Motor Vehicle Theft","res":""}]}},{"type":"Feature","geometry":{"type":"Polygon","coordinates":[[[-117.44656992778035,33.92891854866654],[-117.44543055090223,33.93061057720449],[-117.44660742567658,33.93223956511107],[-117.44892369155207,33.93217649999465],[-117.45006301438042,33.93048446312655],[-117.4488861253858,33.92885549970486],[-117.44656992778035,33.92891854866654],[-117.44656992778035,33.92891854866654]]]},"properties":{"h3":"8929a014a97ffff","count":4,"c3":0,"c6":2,"c12":2,"c24":4,"score":2.2,"risk":4,"peakDay":"Saturday","peakTime":"morning","hood":"Arlington","bk12":{"morning":1,"afternoon":1,"evening":0,"night":0},"bk24":{"morning":3,"afternoon":1,"evening":0,"night":0},"sv12":2,"recent":[{"d":"2026-04-18","day":"Sat","time":"13:31","desc":"Motor Vehicle Theft","res":""},{"d":"2026-03-24","day":"Tue","time":"08:56","desc":"Motor Vehicle Theft","res":""},{"d":"2024-11-16","day":"Sat","time":"08:11","desc":"Motor Vehicle Theft","res":""},{"d":"2024-11-02","day":"Sat","time":"09:00","desc":"Motor Vehicle Theft","res":""}]}},{"type":"Feature","geometry":{"type":"Polygon","coordinates":[[[-117.32216752528709,34.0020059921863],[-117.32102491513099,34.00369680453974],[-117.32220137620955,34.00532655339947],[-117.32452046207133,34.00526546553681],[-117.325663018409,34.00357464471021],[-117.32448654270613,34.001944920219266],[-117.32216752528709,34.0020059921863],[-117.32216752528709,34.0020059921863]]]},"properties":{"h3":"8929a000d07ffff","count":1,"c3":0,"c6":0,"c12":0,"c24":1,"score":0.3,"risk":1,"peakDay":"Sunday","peakTime":"night","hood":"Hunter Industrial Park","bk12":{"morning":0,"afternoon":0,"evening":0,"night":0},"bk24":{"morning":0,"afternoon":0,"evening":0,"night":1},"recent":[{"d":"2024-11-03","day":"Sun","time":"00:09","desc":"Motor Vehicle Theft","res":""}]}},{"type":"Feature","geometry":{"type":"Polygon","coordinates":[[[-117.33478080949045,33.87541464535137],[-117.33363974141152,33.87710642764259],[-117.33481499411974,33.87873749460174],[-117.33713132946203,33.878676754808616],[-117.3382723438134,33.87698496401168],[-117.33709707655285,33.87535392151343],[-117.33478080949045,33.87541464535137],[-117.33478080949045,33.87541464535137]]]},"properties":{"h3":"8929a015447ffff","count":1,"c3":0,"c6":0,"c12":0,"c24":1,"score":0.3,"risk":1,"peakDay":"Sunday","peakTime":"night","hood":"Orangecrest","bk12":{"morning":0,"afternoon":0,"evening":0,"night":0},"bk24":{"morning":0,"afternoon":0,"evening":0,"night":1},"recent":[{"d":"2024-11-03","day":"Sun","time":"02:00","desc":"Motor Vehicle Theft","res":""}]}},{"type":"Feature","geometry":{"type":"Polygon","coordinates":[[[-117.32875001542962,33.96529283838948],[-117.32760791134561,33.96698395027319],[-117.32878404951407,33.968614044936515],[-117.33110230636372,33.96855300331896],[-117.33224435664857,33.96686188295676],[-117.33106820388575,33.965231812690455],[-117.32875001542962,33.96529283838948],[-117.32875001542962,33.96529283838948]]]},"properties":{"h3":"8929a00295bffff","count":1,"c3":0,"c6":0,"c12":0,"c24":1,"score":0.3,"risk":1,"peakDay":"Wednesday","peakTime":"night","hood":"Canyon Crest","bk12":{"morning":0,"afternoon":0,"evening":0,"night":0},"bk24":{"morning":0,"afternoon":0,"evening":0,"night":1},"recent":[{"d":"2024-11-06","day":"Wed","time":"01:30","desc":"Motor Vehicle Theft","res":""}]}},{"type":"Feature","geometry":{"type":"Polygon","coordinates":[[[-117.33183486192864,33.927003168850725],[-117.33069320975218,33.92869457027771],[-117.33186897538765,33.93032507338219],[-117.33418640777718,33.93026415063502],[-117.33532800618373,33.928572740718685],[-117.33415222597348,33.92694226203871],[-117.33183486192864,33.927003168850725],[-117.33183486192864,33.927003168850725]]]},"properties":{"h3":"8929a002cb7ffff","count":1,"c3":0,"c6":0,"c12":0,"c24":1,"score":0.3,"risk":1,"peakDay":"Wednesday","peakTime":"night","hood":"Mission Grove","bk12":{"morning":0,"afternoon":0,"evening":0,"night":0},"bk24":{"morning":0,"afternoon":0,"evening":0,"night":1},"recent":[{"d":"2024-11-06","day":"Wed","time":"03:55","desc":"Motor Vehicle Theft","res":""}]}},{"type":"Feature","geometry":{"type":"Polygon","coordinates":[[[-117.36390593703189,34.00090012959423],[-117.36276417240833,34.00259118483519],[-117.36394101967588,34.004220404003156],[-117.36625964606448,34.00415854353797],[-117.36740135676918,34.00246747988095],[-117.36622449500699,34.00083828510501],[-117.36390593703189,34.00090012959423],[-117.36390593703189,34.00090012959423]]]},"properties":{"h3":"8929a00700bffff","count":2,"c3":0,"c6":0,"c12":1,"c24":2,"score":0.8,"risk":2,"peakDay":"Sunday","peakTime":"evening","hood":"Northside","bk12":{"morning":1,"afternoon":0,"evening":0,"night":0},"bk24":{"morning":1,"afternoon":0,"evening":1,"night":0},"sv12":1,"recent":[{"d":"2025-09-23","day":"Tue","time":"10:15","desc":"Motor Vehicle Theft","res":""},{"d":"2024-11-10","day":"Sun","time":"20:30","desc":"Motor Vehicle Theft","res":""}]}},{"type":"Feature","geometry":{"type":"Polygon","coordinates":[[[-117.44608265681846,33.88573964300947],[-117.44494370913007,33.88743197278866],[-117.44612012590706,33.88906147204483],[-117.44843550458606,33.888998617007765],[-117.44957439826754,33.88730627888073],[-117.44839796727972,33.88567680413844],[-117.44608265681846,33.88573964300947],[-117.44608265681846,33.88573964300947]]]},"properties":{"h3":"8929a014187ffff","count":1,"c3":0,"c6":0,"c12":0,"c24":1,"score":0.3,"risk":1,"peakDay":"Saturday","peakTime":"night","hood":"Arlington Heights","bk12":{"morning":0,"afternoon":0,"evening":0,"night":0},"bk24":{"morning":0,"afternoon":0,"evening":0,"night":1},"recent":[{"d":"2024-11-16","day":"Sat","time":"00:00","desc":"Motor Vehicle Theft","res":""}]}},{"type":"Feature","geometry":{"type":"Polygon","coordinates":[[[-117.44690748868757,33.95880543951007],[-117.44576781448876,33.96049725843618],[-117.44694500654698,33.96212589135725],[-117.44926188703364,33.962062680887215],[-117.45040150715299,33.9603708536432],[-117.44922430086797,33.95874224518696],[-117.44690748868757,33.95880543951007],[-117.44690748868757,33.95880543951007]]]},"properties":{"h3":"8929a0064bbffff","count":1,"c3":0,"c6":0,"c12":0,"c24":1,"score":0.3,"risk":1,"peakDay":"Saturday","peakTime":"afternoon","hood":"Airport","bk12":{"morning":0,"afternoon":0,"evening":0,"night":0},"bk24":{"morning":0,"afternoon":1,"evening":0,"night":0},"recent":[{"d":"2024-11-16","day":"Sat","time":"15:00","desc":"Motor Vehicle Theft","res":""}]}},{"type":"Feature","geometry":{"type":"Polygon","coordinates":[[[-117.43300607355849,33.9591837066909],[-117.431866117023,33.96087544560357],[-117.433043181546,33.96250425532603],[-117.43536021687724,33.96244130167848],[-117.4365001193666,33.96074955442882],[-117.43532304057364,33.95912076916353],[-117.43300607355849,33.9591837066909],[-117.43300607355849,33.9591837066909]]]},"properties":{"h3":"8929a0064cfffff","count":1,"c3":0,"c6":0,"c12":0,"c24":1,"score":0.3,"risk":1,"peakDay":"Sunday","peakTime":"morning","hood":"Airport","bk12":{"morning":0,"afternoon":0,"evening":0,"night":0},"bk24":{"morning":1,"afternoon":0,"evening":0,"night":0},"recent":[{"d":"2024-11-17","day":"Sun","time":"09:41","desc":"Motor Vehicle Theft","res":""}]}},{"type":"Feature","geometry":{"type":"Polygon","coordinates":[[[-117.33861531567742,33.91021009719811],[-117.33747396996164,33.91190165556868],[-117.33864962401908,33.91353226690361],[-117.34096663834455,33.913471295428316],[-117.34210793029006,33.911779728571126],[-117.34093226168315,33.91014914167569],[-117.33861531567742,33.91021009719811],[-117.33861531567742,33.91021009719811]]]},"properties":{"h3":"8929a0153d7ffff","count":1,"c3":0,"c6":0,"c12":0,"c24":1,"score":0.3,"risk":1,"peakDay":"Wednesday","peakTime":"night","hood":"Alessandro Heights","bk12":{"morning":0,"afternoon":0,"evening":0,"night":0},"bk24":{"morning":0,"afternoon":0,"evening":0,"night":1},"recent":[{"d":"2024-11-20","day":"Wed","time":"00:09","desc":"Motor Vehicle Theft","res":""}]}},{"type":"Feature","geometry":{"type":"Polygon","coordinates":[[[-117.28972351961862,33.888220998261104],[-117.28858142216855,33.88991243724832],[-117.28975637926835,33.891543939396506],[-117.29207344851604,33.89148397812958],[-117.29321549233576,33.889792530579655],[-117.29204052054098,33.88816105285919],[-117.28972351961862,33.888220998261104],[-117.28972351961862,33.888220998261104]]]},"properties":{"h3":"8929a0025d7ffff","count":1,"c3":0,"c6":0,"c12":0,"c24":1,"score":0.3,"risk":1,"peakDay":"Saturday","peakTime":"night","hood":"Orangecrest","bk12":{"morning":0,"afternoon":0,"evening":0,"night":0},"bk24":{"morning":0,"afternoon":0,"evening":0,"night":1},"recent":[{"d":"2024-11-23","day":"Sat","time":"00:30","desc":"Motor Vehicle Theft","res":""}]}},{"type":"Feature","geometry":{"type":"Polygon","coordinates":[[[-117.318537108996,33.987154106235714],[-117.31739457791005,33.98884500446197],[-117.31857084826444,33.99047497511558],[-117.32088966433929,33.99041402316597],[-117.32203214162993,33.98872311645575],[-117.32085585664383,33.98709317017893],[-117.318537108996,33.987154106235714],[-117.318537108996,33.987154106235714]]]},"properties":{"h3":"8929a002b67ffff","count":1,"c3":0,"c6":0,"c12":0,"c24":1,"score":0.3,"risk":1,"peakDay":"Saturday","peakTime":"night","hood":"University","bk12":{"morning":0,"afternoon":0,"evening":0,"night":0},"bk24":{"morning":0,"afternoon":0,"evening":0,"night":1},"recent":[{"d":"2024-11-23","day":"Sat","time":"03:40","desc":"Motor Vehicle Theft","res":""}]}},{"type":"Feature","geometry":{"type":"Polygon","coordinates":[[[-117.31141307332511,33.9707311293663],[-117.31027056755244,33.97242210477784],[-117.31144659738226,33.974052360791895],[-117.31376514763699,33.97399161701027],[-117.31490759964746,33.9723006330985],[-117.31373155516819,33.97067040146842],[-117.31141307332511,33.9707311293663],[-117.31141307332511,33.9707311293663]]]},"properties":{"h3":"8929a002bc3ffff","count":1,"c3":0,"c6":0,"c12":0,"c24":1,"score":0.3,"risk":1,"peakDay":"Saturday","peakTime":"night","hood":"University","bk12":{"morning":0,"afternoon":0,"evening":0,"night":0},"bk24":{"morning":0,"afternoon":0,"evening":0,"night":1},"recent":[{"d":"2024-11-23","day":"Sat","time":"03:52","desc":"Motor Vehicle Theft","res":""}]}},{"type":"Feature","geometry":{"type":"Polygon","coordinates":[[[-117.4086945597674,33.96150233276342],[-117.40755409283543,33.963193919699606],[-117.40873095141305,33.96482301896885],[-117.41104829127127,33.9647605068591],[-117.41218870421378,33.963068911553236],[-117.41101183129031,33.96143983672662],[-117.4086945597674,33.96150233276342],[-117.4086945597674,33.96150233276342]]]},"properties":{"h3":"8929a01596bffff","count":2,"c3":0,"c6":0,"c12":1,"c24":2,"score":0.8,"risk":2,"peakDay":"Saturday","peakTime":"evening","hood":"Grand","bk12":{"morning":0,"afternoon":0,"evening":0,"night":1},"bk24":{"morning":0,"afternoon":0,"evening":1,"night":1},"sv12":1,"recent":[{"d":"2025-09-01","day":"Mon","time":"01:42","desc":"Motor Vehicle Theft","res":""},{"d":"2024-11-23","day":"Sat","time":"21:00","desc":"Motor Vehicle Theft","res":""}]}},{"type":"Feature","geometry":{"type":"Polygon","coordinates":[[[-117.38391591078582,33.92063997539],[-117.38277536416352,33.922331713556055],[-117.38395155844663,33.92396161422674],[-117.38626831376678,33.92389975227428],[-117.38740880649894,33.922208005688226],[-117.38623259780381,33.92057812947446],[-117.38391591078582,33.92063997539],[-117.38391591078582,33.92063997539]]]},"properties":{"h3":"8929a015c47ffff","count":1,"c3":0,"c6":0,"c12":0,"c24":1,"score":0.3,"risk":1,"peakDay":"Sunday","peakTime":"evening","hood":"Arlington Heights","bk12":{"morning":0,"afternoon":0,"evening":0,"night":0},"bk24":{"morning":0,"afternoon":0,"evening":1,"night":0},"recent":[{"d":"2024-11-24","day":"Sun","time":"21:40","desc":"Motor Vehicle Theft","res":""}]}},{"type":"Feature","geometry":{"type":"Polygon","coordinates":[[[-117.47743314829992,33.893191625389086],[-117.47629475297283,33.894884076311335],[-117.47747154386205,33.89651307983877],[-117.47978674419689,33.896449607918285],[-117.48092508543422,33.89475714869453],[-117.47974828042925,33.89312816969261],[-117.47743314829992,33.893191625389086],[-117.47743314829992,33.893191625389086]]]},"properties":{"h3":"8929a016b43ffff","count":1,"c3":0,"c6":0,"c12":0,"c24":1,"score":0.3,"risk":1,"peakDay":"Tuesday","peakTime":"night","hood":"La Sierra South","bk12":{"morning":0,"afternoon":0,"evening":0,"night":0},"bk24":{"morning":0,"afternoon":0,"evening":0,"night":1},"recent":[{"d":"2024-11-26","day":"Tue","time":"04:00","desc":"Motor Vehicle Theft","res":""}]}},{"type":"Feature","geometry":{"type":"Polygon","coordinates":[[[-117.41557311038825,33.954673251751885],[-117.41443285069283,33.95636492554496],[-117.41560970270586,33.957994015378944],[-117.4179268287399,33.95793140696876],[-117.41906703443571,33.95623972481282],[-117.41789016809986,33.954610659429754],[-117.41557311038825,33.954673251751885],[-117.41557311038825,33.954673251751885]]]},"properties":{"h3":"8929a01590fffff","count":2,"c3":1,"c6":1,"c12":1,"c24":2,"score":1.2,"risk":2,"peakDay":"Tuesday","peakTime":"evening","hood":"Magnolia Center","bk12":{"morning":1,"afternoon":0,"evening":0,"night":0},"bk24":{"morning":1,"afternoon":0,"evening":1,"night":0},"sv12":1,"recent":[{"d":"2026-07-04","day":"Sat","time":"10:59","desc":"Motor Vehicle Theft","res":""},{"d":"2024-11-26","day":"Tue","time":"19:00","desc":"Motor Vehicle Theft","res":""}]}},{"type":"Feature","geometry":{"type":"Polygon","coordinates":[[[-117.47440091064936,33.931479962016724],[-117.4732620654411,33.93317212675369],[-117.47443922994249,33.93480072166971],[-117.47675525378973,33.934737127350665],[-117.47789404487857,33.9330449543231],[-117.4767168662424,33.93141638390502],[-117.47440091064936,33.931479962016724],[-117.47440091064936,33.931479962016724]]]},"properties":{"h3":"8929a014837ffff","count":3,"c3":0,"c6":2,"c12":2,"c24":3,"score":1.8,"risk":4,"peakDay":"Friday","peakTime":"evening","hood":"La Sierra Acres","bk12":{"morning":0,"afternoon":0,"evening":1,"night":1},"bk24":{"morning":0,"afternoon":0,"evening":2,"night":1},"sv12":2,"recent":[{"d":"2026-04-03","day":"Fri","time":"17:36","desc":"Motor Vehicle Theft","res":""},{"d":"2026-02-20","day":"Fri","time":"04:47","desc":"Motor Vehicle Theft","res":""},{"d":"2024-11-30","day":"Sat","time":"19:00","desc":"Motor Vehicle Theft","res":""}]}},{"type":"Feature","geometry":{"type":"Polygon","coordinates":[[[-117.38448652643753,33.97377867175544],[-117.38334545000619,33.97547003604203],[-117.38452220785067,33.97709930632462],[-117.38684005655315,33.97703718789908],[-117.38798107904184,33.97534581521418],[-117.38680430677341,33.97371656935295],[-117.38448652643753,33.97377867175544],[-117.38448652643753,33.97377867175544]]]},"properties":{"h3":"8929a015b6bffff","count":1,"c3":0,"c6":0,"c12":0,"c24":1,"score":0.3,"risk":1,"peakDay":"Tuesday","peakTime":"morning","hood":"Wood Streets","bk12":{"morning":0,"afternoon":0,"evening":0,"night":0},"bk24":{"morning":1,"afternoon":0,"evening":0,"night":0},"recent":[{"d":"2024-12-03","day":"Tue","time":"07:35","desc":"Motor Vehicle Theft","res":""}]}},{"type":"Feature","geometry":{"type":"Polygon","coordinates":[[[-117.39792382722348,33.93023269799606],[-117.39678346313605,33.93192444651682],[-117.39795989107019,33.93355405266035],[-117.40027669746567,33.93349188582498],[-117.40141700761974,33.93180012890734],[-117.4002405653145,33.93017054722178],[-117.39792382722348,33.93023269799606],[-117.39792382722348,33.93023269799606]]]},"properties":{"h3":"8929a015897ffff","count":1,"c3":0,"c6":0,"c12":0,"c24":1,"score":0.3,"risk":1,"peakDay":"Wednesday","peakTime":"evening","hood":"Casa Blanca","bk12":{"morning":0,"afternoon":0,"evening":0,"night":0},"bk24":{"morning":0,"afternoon":0,"evening":1,"night":0},"recent":[{"d":"2024-12-04","day":"Wed","time":"19:00","desc":"Motor Vehicle Theft","res":""}]}},{"type":"Feature","geometry":{"type":"Polygon","coordinates":[[[-117.33261998229754,34.00339108297636],[-117.33147756683623,34.005081944342244],[-117.33265414221053,34.00671154106416],[-117.33497314764122,34.00665025204652],[-117.33611550925734,34.004959382222424],[-117.3349389192908,34.003329809874],[-117.33261998229754,34.00339108297636],[-117.33261998229754,34.00339108297636]]]},"properties":{"h3":"8929a0072dbffff","count":3,"c3":0,"c6":1,"c12":1,"c24":3,"score":1.4,"risk":3,"peakDay":"Thursday","peakTime":"afternoon","hood":"Hunter Industrial Park","bk12":{"morning":0,"afternoon":0,"evening":1,"night":0},"bk24":{"morning":0,"afternoon":2,"evening":1,"night":0},"sv12":1,"recent":[{"d":"2026-03-29","day":"Sun","time":"19:18","desc":"Motor Vehicle Theft","res":""},{"d":"2025-01-31","day":"Fri","time":"16:00","desc":"Motor Vehicle Theft","res":""},{"d":"2024-12-05","day":"Thu","time":"14:35","desc":"Motor Vehicle Theft","res":""}]}},{"type":"Feature","geometry":{"type":"Polygon","coordinates":[[[-117.38084972904085,33.95892800296187],[-117.3797087311883,33.96061945256605],[-117.38088529843051,33.96224894454484],[-117.38320287795939,33.96218696248985],[-117.38434382189234,33.96049550447652],[-117.38316724021878,33.958866036927155],[-117.38084972904085,33.95892800296187],[-117.38084972904085,33.95892800296187]]]},"properties":{"h3":"8929a015bcbffff","count":1,"c3":0,"c6":0,"c12":0,"c24":1,"score":0.3,"risk":1,"peakDay":"Thursday","peakTime":"night","hood":"Magnolia Center","bk12":{"morning":0,"afternoon":0,"evening":0,"night":0},"bk24":{"morning":0,"afternoon":0,"evening":0,"night":1},"recent":[{"d":"2024-12-05","day":"Thu","time":"23:03","desc":"Motor Vehicle Theft","res":""}]}},{"type":"Feature","geometry":{"type":"Polygon","coordinates":[[[-117.4635038280807,33.89024984896887],[-117.46236518351107,33.891942243537045],[-117.46354181212975,33.89357146307709],[-117.46585709947895,33.89350826352866],[-117.46699568999526,33.89181586063851],[-117.46581904721846,33.8901866656186],[-117.4635038280807,33.89024984896887],[-117.4635038280807,33.89024984896887]]]},"properties":{"h3":"8929a016a67ffff","count":1,"c3":0,"c6":0,"c12":0,"c24":1,"score":0.3,"risk":1,"peakDay":"Friday","peakTime":"night","hood":"La Sierra South","bk12":{"morning":0,"afternoon":0,"evening":0,"night":0},"bk24":{"morning":0,"afternoon":0,"evening":0,"night":1},"recent":[{"d":"2024-12-06","day":"Fri","time":"03:26","desc":"Motor Vehicle Theft","res":""}]}},{"type":"Feature","geometry":{"type":"Polygon","coordinates":[[[-117.4396584732158,33.93242850389567],[-117.43851892219706,33.93412046925696],[-117.43969576849744,33.93574950612421],[-117.4420121800619,33.93568655315117],[-117.44315167704427,33.93399457945156],[-117.4419748165013,33.932365567063144],[-117.4396584732158,33.93242850389567],[-117.4396584732158,33.93242850389567]]]},"properties":{"h3":"8929a014a8bffff","count":2,"c3":0,"c6":0,"c12":0,"c24":2,"score":0.7,"risk":1,"peakDay":"Tuesday","peakTime":"night","hood":"Ramona","bk12":{"morning":0,"afternoon":0,"evening":0,"night":0},"bk24":{"morning":0,"afternoon":1,"evening":0,"night":1},"recent":[{"d":"2025-02-10","day":"Mon","time":"15:23","desc":"Motor Vehicle Theft","res":""},{"d":"2024-12-10","day":"Tue","time":"00:00","desc":"Motor Vehicle Theft","res":""}]}},{"type":"Feature","geometry":{"type":"Polygon","coordinates":[[[-117.4427778105877,33.90078166958415],[-117.44163864385118,33.90247387536914],[-117.44281518728758,33.904103241966176],[-117.44513091168824,33.904040378276115],[-117.44627002441135,33.902348164144634],[-117.44509346675005,33.90071882204952],[-117.4427778105877,33.90078166958415],[-117.4427778105877,33.90078166958415]]]},"properties":{"h3":"8929a01412bffff","count":3,"c3":0,"c6":0,"c12":1,"c24":3,"score":1.2,"risk":2,"peakDay":"Wednesday","peakTime":"morning","hood":"Arlington South","bk12":{"morning":0,"afternoon":1,"evening":0,"night":0},"bk24":{"morning":2,"afternoon":1,"evening":0,"night":0},"sv12":1,"recent":[{"d":"2025-10-28","day":"Tue","time":"14:09","desc":"Motor Vehicle Theft","res":""},{"d":"2024-12-30","day":"Mon","time":"11:14","desc":"Motor Vehicle Theft","res":""},{"d":"2024-12-11","day":"Wed","time":"05:00","desc":"Motor Vehicle Theft","res":""}]}},{"type":"Feature","geometry":{"type":"Polygon","coordinates":[[[-117.43646291000596,33.957428998563536],[-117.43532304057364,33.95912076916353],[-117.4365001193666,33.96074955442882],[-117.43881708185349,33.96068654463372],[-117.439956897233,33.95899476570081],[-117.43877980418122,33.957366004895746],[-117.43646291000596,33.957428998563536],[-117.43646291000596,33.957428998563536]]]},"properties":{"h3":"8929a0064c7ffff","count":1,"c3":0,"c6":0,"c12":0,"c24":1,"score":0.3,"risk":1,"peakDay":"Thursday","peakTime":"morning","hood":"Airport","bk12":{"morning":0,"afternoon":0,"evening":0,"night":0},"bk24":{"morning":1,"afternoon":0,"evening":0,"night":0},"recent":[{"d":"2024-12-12","day":"Thu","time":"11:30","desc":"Motor Vehicle Theft","res":""}]}},{"type":"Feature","geometry":{"type":"Polygon","coordinates":[[[-117.3316643248939,33.91039270697019],[-117.33052283851406,33.91208422505233],[-117.33169842826672,33.913714924507474],[-117.33401551897303,33.91365408144473],[-117.3351569515993,33.91196255486646],[-117.3339813472756,33.91033187984691],[-117.3316643248939,33.91039270697019],[-117.3316643248939,33.91039270697019]]]},"properties":{"h3":"8929a0153dbffff","count":1,"c3":0,"c6":0,"c12":0,"c24":1,"score":0.3,"risk":1,"peakDay":"Tuesday","peakTime":"night","hood":"Mission Grove","bk12":{"morning":0,"afternoon":0,"evening":0,"night":0},"bk24":{"morning":0,"afternoon":0,"evening":0,"night":1},"recent":[{"d":"2024-12-17","day":"Tue","time":"00:30","desc":"Motor Vehicle Theft","res":""}]}},{"type":"Feature","geometry":{"type":"Polygon","coordinates":[[[-117.42601811701032,33.95605160264638],[-117.4248780524124,33.957743324868716],[-117.42605501785698,33.95937226243832],[-117.42837206219303,33.959309453329844],[-117.4295120727647,33.957617722759636],[-117.42833509302933,33.95598880964561],[-117.42601811701032,33.95605160264638],[-117.42601811701032,33.95605160264638]]]},"properties":{"h3":"8929a015937ffff","count":2,"c3":0,"c6":0,"c12":0,"c24":2,"score":0.7,"risk":1,"peakDay":"Sunday","peakTime":"morning","hood":"Airport","bk12":{"morning":0,"afternoon":0,"evening":0,"night":0},"bk24":{"morning":1,"afternoon":0,"evening":1,"night":0},"recent":[{"d":"2024-12-29","day":"Sun","time":"17:00","desc":"Motor Vehicle Theft","res":""},{"d":"2024-12-22","day":"Sun","time":"07:30","desc":"Motor Vehicle Theft","res":""}]}},{"type":"Feature","geometry":{"type":"Polygon","coordinates":[[[-117.3733314969664,33.90596927894603],[-117.3721908880475,33.90766106160442],[-117.37336682784459,33.90929127141346],[-117.37568339100433,33.90922967410283],[-117.37682394607283,33.907537883004046],[-117.37564799183474,33.90590769765614],[-117.3733314969664,33.90596927894603],[-117.3733314969664,33.90596927894603]]]},"properties":{"h3":"8929a0151abffff","count":1,"c3":0,"c6":0,"c12":0,"c24":1,"score":0.3,"risk":1,"peakDay":"Tuesday","peakTime":"morning","hood":"Alessandro Heights","bk12":{"morning":0,"afternoon":0,"evening":0,"night":0},"bk24":{"morning":1,"afternoon":0,"evening":0,"night":0},"recent":[{"d":"2024-12-24","day":"Tue","time":"10:00","desc":"Motor Vehicle Theft","res":""}]}},{"type":"Feature","geometry":{"type":"Polygon","coordinates":[[[-117.3256290658278,34.000254075786096],[-117.32448654270613,34.001944920219266],[-117.325663018409,34.00357464471021],[-117.3279820318495,34.003513500396004],[-117.32912450114603,34.00182264749375],[-117.32794801083001,34.00019294737463],[-117.3256290658278,34.000254075786096],[-117.3256290658278,34.000254075786096]]]},"properties":{"h3":"8929a000dabffff","count":2,"c3":0,"c6":0,"c12":0,"c24":2,"score":0.7,"risk":1,"peakDay":"Saturday","peakTime":"night","hood":"Hunter Industrial Park","bk12":{"morning":0,"afternoon":0,"evening":0,"night":0},"bk24":{"morning":1,"afternoon":0,"evening":0,"night":1},"recent":[{"d":"2024-12-29","day":"Sun","time":"05:45","desc":"Motor Vehicle Theft","res":""},{"d":"2024-12-28","day":"Sat","time":"22:57","desc":"Motor Vehicle Theft","res":""}]}},{"type":"Feature","geometry":{"type":"Polygon","coordinates":[[[-117.42587053544666,33.942768335659316],[-117.42473060310482,33.94446015120257],[-117.42590742756451,33.94608924653793],[-117.4282241986567,33.94602650186539],[-117.42936407698545,33.94433467796882],[-117.4281872382379,33.94270560709794],[-117.42587053544666,33.942768335659316],[-117.42587053544666,33.942768335659316]]]},"properties":{"h3":"8929a014a4bffff","count":2,"c3":0,"c6":0,"c12":1,"c24":2,"score":0.8,"risk":2,"peakDay":"Wednesday","peakTime":"afternoon","hood":"Ramona","bk12":{"morning":0,"afternoon":0,"evening":0,"night":1},"bk24":{"morning":0,"afternoon":1,"evening":0,"night":1},"sv12":1,"recent":[{"d":"2025-08-17","day":"Sun","time":"23:34","desc":"Motor Vehicle Theft","res":""},{"d":"2025-01-01","day":"Wed","time":"15:30","desc":"Motor Vehicle Theft","res":""}]}},{"type":"Feature","geometry":{"type":"Polygon","coordinates":[[[-117.44345092942172,33.96056039663584],[-117.442311168105,33.96225218389622],[-117.44348834592526,33.96388084127911],[-117.44580529930302,33.96381768693964],[-117.44694500654698,33.96212589135725],[-117.44576781448876,33.96049725843618],[-117.44345092942172,33.96056039663584],[-117.44345092942172,33.96056039663584]]]},"properties":{"h3":"8929a006417ffff","count":1,"c3":0,"c6":0,"c12":0,"c24":1,"score":0.3,"risk":1,"peakDay":"Thursday","peakTime":"afternoon","hood":"Airport","bk12":{"morning":0,"afternoon":0,"evening":0,"night":0},"bk24":{"morning":0,"afternoon":1,"evening":0,"night":0},"recent":[{"d":"2025-01-02","day":"Thu","time":"16:30","desc":"Motor Vehicle Theft","res":""}]}},{"type":"Feature","geometry":{"type":"Polygon","coordinates":[[[-117.2797363191508,33.933345616658855],[-117.27859356262968,33.93503667962354],[-117.27976889731883,33.93666778451898],[-117.2820870032696,33.93660780205772],[-117.28322970614151,33.934916730534496],[-117.28205435671467,33.9332856500309],[-117.2797363191508,33.933345616658855],[-117.2797363191508,33.933345616658855]]]},"properties":{"h3":"8929a0023afffff","count":1,"c3":0,"c6":0,"c12":0,"c24":1,"score":0.3,"risk":1,"peakDay":"Sunday","peakTime":"evening","hood":"Sycamore Canyon/Canyon Springs","bk12":{"morning":0,"afternoon":0,"evening":0,"night":0},"bk24":{"morning":0,"afternoon":0,"evening":1,"night":0},"recent":[{"d":"2025-01-12","day":"Sun","time":"17:10","desc":"Motor Vehicle Theft","res":""}]}},{"type":"Feature","geometry":{"type":"Polygon","coordinates":[[[-117.45017582528797,33.940447157792],[-117.44903640337981,33.94213912488172],[-117.45021343337132,33.94376793063933],[-117.45252989948571,33.94370474482803],[-117.4536692673243,33.942012769417694],[-117.45249222312081,33.9403839881391],[-117.45017582528797,33.940447157792],[-117.45017582528797,33.940447157792]]]},"properties":{"h3":"8929a014aafffff","count":2,"c3":0,"c6":0,"c12":0,"c24":2,"score":0.8,"risk":2,"peakDay":"Monday","peakTime":"night","hood":"Ramona","bk12":{"morning":0,"afternoon":0,"evening":0,"night":0},"bk24":{"morning":0,"afternoon":0,"evening":1,"night":1},"recent":[{"d":"2025-07-07","day":"Mon","time":"21:00","desc":"Motor Vehicle Theft","res":""},{"d":"2025-01-13","day":"Mon","time":"03:29","desc":"Motor Vehicle Theft","res":""}]}},{"type":"Feature","geometry":{"type":"Polygon","coordinates":[[[-117.43586785939948,33.904291576685],[-117.43472851861887,33.90598371943476],[-117.4359050335722,33.907613135026516],[-117.43822090355606,33.907550383372495],[-117.43936019033654,33.90585823226808],[-117.43818366113607,33.90422884117216],[-117.43586785939948,33.904291576685],[-117.43586785939948,33.904291576685]]]},"properties":{"h3":"8929a01416fffff","count":2,"c3":0,"c6":0,"c12":1,"c24":2,"score":1,"risk":2,"peakDay":"Tuesday","peakTime":"night","hood":"Arlington South","bk12":{"morning":1,"afternoon":0,"evening":0,"night":0},"bk24":{"morning":1,"afternoon":0,"evening":0,"night":1},"sv12":1,"recent":[{"d":"2026-01-05","day":"Mon","time":"10:18","desc":"Motor Vehicle Theft","res":""},{"d":"2025-01-14","day":"Tue","time":"03:00","desc":"Motor Vehicle Theft","res":""}]}},{"type":"Feature","geometry":{"type":"Polygon","coordinates":[[[-117.35667116476186,33.97452055743928],[-117.35552952451452,33.97621176048916],[-117.35670602564853,33.97784138393723],[-117.35902418154298,33.97777977992938],[-117.36016576791444,33.97608856844312],[-117.35898925227018,33.97445896940093],[-117.35667116476186,33.97452055743928],[-117.35667116476186,33.97452055743928]]]},"properties":{"h3":"8929a007453ffff","count":2,"c3":0,"c6":0,"c12":0,"c24":2,"score":0.7,"risk":1,"peakDay":"Wednesday","peakTime":"night","hood":"Eastside","bk12":{"morning":0,"afternoon":0,"evening":0,"night":0},"bk24":{"morning":0,"afternoon":1,"evening":0,"night":1},"recent":[{"d":"2025-03-14","day":"Fri","time":"12:17","desc":"Motor Vehicle Theft","res":""},{"d":"2025-01-15","day":"Wed","time":"23:30","desc":"Motor Vehicle Theft","res":""}]}},{"type":"Feature","geometry":{"type":"Polygon","coordinates":[[[-117.35677575361022,33.984482848057624],[-117.355634013867,33.98617398060423],[-117.35681062068556,33.98780348563901],[-117.35912898176267,33.98774183372779],[-117.36027066762013,33.98605069274887],[-117.35909404628904,33.98442121211334],[-117.35677575361022,33.984482848057624],[-117.35677575361022,33.984482848057624]]]},"properties":{"h3":"8929a0076b7ffff","count":2,"c3":0,"c6":0,"c12":0,"c24":2,"score":0.8,"risk":1,"peakDay":"Saturday","peakTime":"afternoon","hood":"Hunter Industrial Park","bk12":{"morning":0,"afternoon":0,"evening":0,"night":0},"bk24":{"morning":1,"afternoon":1,"evening":0,"night":0},"recent":[{"d":"2025-05-12","day":"Mon","time":"06:10","desc":"Motor Vehicle Theft","res":""},{"d":"2025-01-25","day":"Sat","time":"15:30","desc":"Motor Vehicle Theft","res":""}]}},{"type":"Feature","geometry":{"type":"Polygon","coordinates":[[[-117.49532144721547,33.93754738512221],[-117.494182959847,33.93923962274457],[-117.49536038534119,33.94086787342189],[-117.4976763122782,33.94080386197172],[-117.49881474547088,33.93911161609011],[-117.49763730590512,33.93748338991772],[-117.49532144721547,33.93754738512221],[-117.49532144721547,33.93754738512221]]]},"properties":{"h3":"8929a0149abffff","count":2,"c3":0,"c6":1,"c12":1,"c24":2,"score":1.1,"risk":2,"peakDay":"Monday","peakTime":"morning","hood":"La Sierra Hills","bk12":{"morning":0,"afternoon":0,"evening":1,"night":0},"bk24":{"morning":1,"afternoon":0,"evening":1,"night":0},"sv12":1,"recent":[{"d":"2026-02-08","day":"Sun","time":"19:43","desc":"Motor Vehicle Theft","res":""},{"d":"2025-01-27","day":"Mon","time":"08:00","desc":"Motor Vehicle Theft","res":""}]}},{"type":"Feature","geometry":{"type":"Polygon","coordinates":[[[-117.49842445589216,33.90590384607754],[-117.49728635230277,33.907596323619806],[-117.49846347446838,33.90922490456527],[-117.5007787142802,33.90916098344025],[-117.50191676371693,33.907468497630596],[-117.5007396274973,33.905839941213166],[-117.49842445589216,33.90590384607754],[-117.49842445589216,33.90590384607754]]]},"properties":{"h3":"8929a0ab64bffff","count":1,"c3":0,"c6":0,"c12":0,"c24":1,"score":0.3,"risk":1,"peakDay":"Tuesday","peakTime":"night","hood":"La Sierra","bk12":{"morning":0,"afternoon":0,"evening":0,"night":0},"bk24":{"morning":0,"afternoon":0,"evening":0,"night":1},"recent":[{"d":"2025-01-28","day":"Tue","time":"23:00","desc":"Motor Vehicle Theft","res":""}]}},{"type":"Feature","geometry":{"type":"Polygon","coordinates":[[[-117.48491907712568,33.93949512317478],[-117.48378036131956,33.94118728953698],[-117.48495770925993,33.94281565317844],[-117.48727378711345,33.942751825959434],[-117.488412448767,33.94105965132436],[-117.48723508672238,33.93943131218098],[-117.48491907712568,33.93949512317478],[-117.48491907712568,33.93949512317478]]]},"properties":{"h3":"8929a01490bffff","count":1,"c3":0,"c6":0,"c12":0,"c24":1,"score":0.4,"risk":1,"peakDay":"Tuesday","peakTime":"morning","hood":"La Sierra Acres","bk12":{"morning":0,"afternoon":0,"evening":0,"night":0},"bk24":{"morning":1,"afternoon":0,"evening":0,"night":0},"recent":[{"d":"2025-02-18","day":"Tue","time":"08:00","desc":"Motor Vehicle Theft","res":""}]}},{"type":"Feature","geometry":{"type":"Polygon","coordinates":[[[-117.46749100304264,33.9349912481478],[-117.46635198361851,33.93668334982964],[-117.46752911981693,33.9383119937325],[-117.46984528959926,33.938248511461445],[-117.47098425491727,33.93655640148081],[-117.4698071045618,33.934927782069835],[-117.46749100304264,33.9349912481478],[-117.46749100304264,33.9349912481478]]]},"properties":{"h3":"8929a01482bffff","count":2,"c3":0,"c6":0,"c12":1,"c24":2,"score":1,"risk":2,"peakDay":"Wednesday","peakTime":"night","hood":"Arlanza","bk12":{"morning":0,"afternoon":0,"evening":1,"night":0},"bk24":{"morning":0,"afternoon":0,"evening":1,"night":1},"sv12":1,"recent":[{"d":"2025-12-21","day":"Sun","time":"20:02","desc":"Motor Vehicle Theft","res":""},{"d":"2025-02-19","day":"Wed","time":"03:27","desc":"Motor Vehicle Theft","res":""}]}},{"type":"Feature","geometry":{"type":"Polygon","coordinates":[[[-117.48783168853336,33.891245024509765],[-117.48669352141913,33.89293754649413],[-117.48787038986362,33.89456643711827],[-117.4901854395082,33.894502781225505],[-117.49132355250947,33.892810250953254],[-117.49014666998187,33.89118138486148],[-117.48783168853336,33.891245024509765],[-117.48783168853336,33.891245024509765]]]},"properties":{"h3":"8929a016b03ffff","count":2,"c3":0,"c6":0,"c12":1,"c24":2,"score":0.9,"risk":2,"peakDay":"Monday","peakTime":"evening","hood":"La Sierra South","bk12":{"morning":0,"afternoon":0,"evening":0,"night":1},"bk24":{"morning":0,"afternoon":0,"evening":1,"night":1},"sv12":1,"recent":[{"d":"2025-10-20","day":"Mon","time":"02:49","desc":"Motor Vehicle Theft","res":""},{"d":"2025-02-24","day":"Mon","time":"17:35","desc":"Motor Vehicle Theft","res":""}]}},{"type":"Feature","geometry":{"type":"Polygon","coordinates":[[[-117.33163022353773,33.90707042689345],[-117.33048877031146,33.908761968274476],[-117.3316643248939,33.91039270697019],[-117.3339813472756,33.91033187984691],[-117.3351227467516,33.90864032996839],[-117.3339471775989,33.90700961571049],[-117.33163022353773,33.90707042689345],[-117.33163022353773,33.90707042689345]]]},"properties":{"h3":"8929a0152a7ffff","count":1,"c3":0,"c6":0,"c12":0,"c24":1,"score":0.4,"risk":1,"peakDay":"Tuesday","peakTime":"morning","hood":"Mission Grove","bk12":{"morning":0,"afternoon":0,"evening":0,"night":0},"bk24":{"morning":1,"afternoon":0,"evening":0,"night":0},"recent":[{"d":"2025-02-25","day":"Tue","time":"07:37","desc":"Motor Vehicle Theft","res":""}]}},{"type":"Feature","geometry":{"type":"Polygon","coordinates":[[[-117.36062046783368,34.019253675548164],[-117.35947845023105,34.02094458080777],[-117.36065545924289,34.0225736265293],[-117.36297450036979,34.02251174261312],[-117.36411646404387,34.020820828940046],[-117.3629394405224,34.01919180759646],[-117.36062046783368,34.019253675548164],[-117.36062046783368,34.019253675548164]]]},"properties":{"h3":"8929a0073cfffff","count":1,"c3":0,"c6":0,"c12":0,"c24":1,"score":0.4,"risk":1,"peakDay":"Thursday","peakTime":"evening","hood":"Northside","bk12":{"morning":0,"afternoon":0,"evening":0,"night":0},"bk24":{"morning":0,"afternoon":0,"evening":1,"night":0},"recent":[{"d":"2025-03-06","day":"Thu","time":"21:16","desc":"Motor Vehicle Theft","res":""}]}},{"type":"Feature","geometry":{"type":"Polygon","coordinates":[[[-117.32789981727204,33.88224229217082],[-117.3267585423494,33.883933987831284],[-117.32793380107015,33.88556506454906],[-117.33025034929173,33.88550442115363],[-117.33139157049696,33.88381271698066],[-117.33021629720082,33.882181664715446],[-117.32789981727204,33.88224229217082],[-117.32789981727204,33.88224229217082]]]},"properties":{"h3":"8929a0156a3ffff","count":1,"c3":0,"c6":0,"c12":0,"c24":1,"score":0.4,"risk":1,"peakDay":"Wednesday","peakTime":"night","hood":"Orangecrest","bk12":{"morning":0,"afternoon":0,"evening":0,"night":0},"bk24":{"morning":0,"afternoon":0,"evening":0,"night":1},"recent":[{"d":"2025-03-12","day":"Wed","time":"00:43","desc":"Motor Vehicle Theft","res":""}]}},{"type":"Feature","geometry":{"type":"Polygon","coordinates":[[[-117.42895726905309,33.90780113358252],[-117.42781775423421,33.909493213243294],[-117.42899424065992,33.91112267781762],[-117.43131025617659,33.91106003824125],[-117.43244971700864,33.90936795021765],[-117.43127321631357,33.907738510133086],[-117.42895726905309,33.90780113358252],[-117.42895726905309,33.90780113358252]]]},"properties":{"h3":"8929a014edbffff","count":1,"c3":0,"c6":0,"c12":0,"c24":1,"score":0.4,"risk":1,"peakDay":"Wednesday","peakTime":"night","hood":"Arlington South","bk12":{"morning":0,"afternoon":0,"evening":0,"night":0},"bk24":{"morning":0,"afternoon":0,"evening":0,"night":1},"recent":[{"d":"2025-03-26","day":"Wed","time":"04:15","desc":"Motor Vehicle Theft","res":""}]}},{"type":"Feature","geometry":{"type":"Polygon","coordinates":[[[-117.41528044974511,33.928104883800415],[-117.41414045462544,33.92979674411715],[-117.41531702475388,33.931426149221295],[-117.41763360432162,33.931363669539834],[-117.41877354546801,33.92967180084938],[-117.41759696102268,33.92804242021394],[-117.41528044974511,33.928104883800415],[-117.41528044974511,33.928104883800415]]]},"properties":{"h3":"8929a015d03ffff","count":1,"c3":0,"c6":0,"c12":0,"c24":1,"score":0.4,"risk":1,"peakDay":"Friday","peakTime":"night","hood":"Ramona","bk12":{"morning":0,"afternoon":0,"evening":0,"night":0},"bk24":{"morning":0,"afternoon":0,"evening":0,"night":1},"recent":[{"d":"2025-03-28","day":"Fri","time":"03:53","desc":"Motor Vehicle Theft","res":""}]}},{"type":"Feature","geometry":{"type":"Polygon","coordinates":[[[-117.42594432186426,33.94941009467566],[-117.42480432339823,33.951101863579865],[-117.42598121834612,33.952730880052],[-117.4282981260522,33.952668103159766],[-117.42943807049859,33.95097632590497],[-117.42826116126136,33.94934733389284],[-117.42594432186426,33.94941009467566],[-117.42594432186426,33.94941009467566]]]},"properties":{"h3":"8929a0159a3ffff","count":2,"c3":0,"c6":0,"c12":1,"c24":2,"score":1,"risk":2,"peakDay":"Saturday","peakTime":"night","hood":"Airport","bk12":{"morning":1,"afternoon":0,"evening":0,"night":0},"bk24":{"morning":1,"afternoon":0,"evening":0,"night":1},"sv12":1,"recent":[{"d":"2025-10-14","day":"Tue","time":"11:25","desc":"Motor Vehicle Theft","res":""},{"d":"2025-03-29","day":"Sat","time":"02:19","desc":"Motor Vehicle Theft","res":""}]}},{"type":"Feature","geometry":{"type":"Polygon","coordinates":[[[-117.33950799243995,33.99656612491916],[-117.33836578427605,33.99825707396779],[-117.339542353593,33.99988666145131],[-117.34186114564575,33.99982527550424],[-117.34300329995425,33.998134318004205],[-117.34182671606814,33.99650475490248],[-117.33950799243995,33.99656612491916],[-117.33950799243995,33.99656612491916]]]},"properties":{"h3":"8929a007663ffff","count":1,"c3":0,"c6":0,"c12":0,"c24":1,"score":0.4,"risk":1,"peakDay":"Wednesday","peakTime":"night","hood":"Hunter Industrial Park","bk12":{"morning":0,"afternoon":0,"evening":0,"night":0},"bk24":{"morning":0,"afternoon":0,"evening":0,"night":1},"recent":[{"d":"2025-04-02","day":"Wed","time":"01:30","desc":"Motor Vehicle Theft","res":""}]}},{"type":"Feature","geometry":{"type":"Polygon","coordinates":[[[-117.43270928865358,33.93261705780055],[-117.43156959654686,33.934308983205504],[-117.4327463790884,33.93593810842386],[-117.43506286800354,33.9358752837621],[-117.43620250609044,33.934183350009306],[-117.43502570928477,33.93255424926593],[-117.43270928865358,33.93261705780055],[-117.43270928865358,33.93261705780055]]]},"properties":{"h3":"8929a014ac3ffff","count":1,"c3":0,"c6":0,"c12":0,"c24":1,"score":0.4,"risk":1,"peakDay":"Wednesday","peakTime":"afternoon","hood":"Ramona","bk12":{"morning":0,"afternoon":0,"evening":0,"night":0},"bk24":{"morning":0,"afternoon":1,"evening":0,"night":0},"recent":[{"d":"2025-04-02","day":"Wed","time":"14:09","desc":"Motor Vehicle Theft","res":""}]}},{"type":"Feature","geometry":{"type":"Polygon","coordinates":[[[-117.35628783109601,33.937987317023016],[-117.35514655551854,33.93967877776112],[-117.35632266930482,33.94130883463421],[-117.3586400731733,33.94124740633868],[-117.35978129491096,33.939555937149315],[-117.35860516662271,33.937925904706546],[-117.35628783109601,33.937987317023016],[-117.35628783109601,33.937987317023016]]]},"properties":{"h3":"8929a002db7ffff","count":1,"c3":0,"c6":0,"c12":0,"c24":1,"score":0.4,"risk":1,"peakDay":"Saturday","peakTime":"morning","hood":"Canyon Crest","bk12":{"morning":0,"afternoon":0,"evening":0,"night":0},"bk24":{"morning":1,"afternoon":0,"evening":0,"night":0},"recent":[{"d":"2025-04-12","day":"Sat","time":"11:47","desc":"Motor Vehicle Theft","res":""}]}},{"type":"Feature","geometry":{"type":"Polygon","coordinates":[[[-117.42211957983942,33.917953337664684],[-117.42097982489193,33.91964530773914],[-117.42215635318996,33.92127474261306],[-117.42447265073146,33.921212182933125],[-117.42561235169894,33.9195202044904],[-117.42443580910775,33.917890794095705],[-117.42211957983942,33.917953337664684],[-117.42211957983942,33.917953337664684]]]},"properties":{"h3":"8929a015d97ffff","count":1,"c3":0,"c6":0,"c12":0,"c24":1,"score":0.4,"risk":1,"peakDay":"Monday","peakTime":"morning","hood":"Presidential Park","bk12":{"morning":0,"afternoon":0,"evening":0,"night":0},"bk24":{"morning":1,"afternoon":0,"evening":0,"night":0},"recent":[{"d":"2025-04-14","day":"Mon","time":"08:18","desc":"Motor Vehicle Theft","res":""}]}},{"type":"Feature","geometry":{"type":"Polygon","coordinates":[[[-117.50234723340509,33.94399608771446],[-117.5012088214306,33.94568831862354],[-117.50238638089701,33.94731640185998],[-117.50470236639221,33.947252229682874],[-117.50584072416775,33.94555999052682],[-117.50466315064985,33.94393193179466],[-117.50234723340509,33.94399608771446],[-117.50234723340509,33.94399608771446]]]},"properties":{"h3":"8929a0a94cbffff","count":1,"c3":0,"c6":0,"c12":0,"c24":1,"score":0.4,"risk":1,"peakDay":"Sunday","peakTime":"morning","hood":"La Sierra Hills","bk12":{"morning":0,"afternoon":0,"evening":0,"night":0},"bk24":{"morning":1,"afternoon":0,"evening":0,"night":0},"recent":[{"d":"2025-04-20","day":"Sun","time":"06:45","desc":"Motor Vehicle Theft","res":""}]}},{"type":"Feature","geometry":{"type":"Polygon","coordinates":[[[-117.3909734590262,33.93041889358534],[-117.38983295400807,33.93211060199544],[-117.39100931794974,33.93374029640617],[-117.39332620130509,33.9336782579525],[-117.39446665240656,33.931986541135984],[-117.39329027407217,33.93035687117937],[-117.3909734590262,33.93041889358534],[-117.3909734590262,33.93041889358534]]]},"properties":{"h3":"8929a01589bffff","count":1,"c3":0,"c6":0,"c12":0,"c24":1,"score":0.4,"risk":1,"peakDay":"Friday","peakTime":"night","hood":"Casa Blanca","bk12":{"morning":0,"afternoon":0,"evening":0,"night":0},"bk24":{"morning":0,"afternoon":0,"evening":0,"night":1},"recent":[{"d":"2025-04-25","day":"Fri","time":"01:00","desc":"Motor Vehicle Theft","res":""}]}},{"type":"Feature","geometry":{"type":"Polygon","coordinates":[[[-117.47083139632035,33.92327301514249],[-117.46969256299516,33.92496521800085],[-117.47086960758048,33.92659395566403],[-117.47318549963745,33.926530465967055],[-117.47432427885973,33.92483825480992],[-117.47314722013068,33.923209541648376],[-117.47083139632035,33.92327301514249],[-117.47083139632035,33.92327301514249]]]},"properties":{"h3":"8929a0148bbffff","count":1,"c3":0,"c6":0,"c12":0,"c24":1,"score":0.4,"risk":1,"peakDay":"Sunday","peakTime":"night","hood":"La Sierra","bk12":{"morning":0,"afternoon":0,"evening":0,"night":0},"bk24":{"morning":0,"afternoon":0,"evening":0,"night":1},"recent":[{"d":"2025-04-27","day":"Sun","time":"22:30","desc":"Motor Vehicle Theft","res":""}]}},{"type":"Feature","geometry":{"type":"Polygon","coordinates":[[[-117.45659579504047,33.89376080553532],[-117.45545697640945,33.89545313722954],[-117.45663357667856,33.897082405800695],[-117.45894900976184,33.89701931816344],[-117.46008777435284,33.89532697813909],[-117.45891115990341,33.893697734081975],[-117.45659579504047,33.89376080553532],[-117.45659579504047,33.89376080553532]]]},"properties":{"h3":"8929a014cd3ffff","count":1,"c3":0,"c6":0,"c12":0,"c24":1,"score":0.4,"risk":1,"peakDay":"Wednesday","peakTime":"morning","hood":"La Sierra South","bk12":{"morning":0,"afternoon":0,"evening":0,"night":0},"bk24":{"morning":1,"afternoon":0,"evening":0,"night":0},"recent":[{"d":"2025-04-30","day":"Wed","time":"06:00","desc":"Motor Vehicle Theft","res":""}]}},{"type":"Feature","geometry":{"type":"Polygon","coordinates":[[[-117.31137955125158,33.96740983502347],[-117.31023707869252,33.96910083395065],[-117.31141307332511,33.9707311293663],[-117.31373155516819,33.97067040146842],[-117.31487397396828,33.968979394039664],[-117.31369796468702,33.9673491230102],[-117.31137955125158,33.96740983502347],[-117.31137955125158,33.96740983502347]]]},"properties":{"h3":"8929a002bd3ffff","count":2,"c3":0,"c6":0,"c12":1,"c24":2,"score":1,"risk":2,"peakDay":"Saturday","peakTime":"evening","hood":"University","bk12":{"morning":1,"afternoon":0,"evening":0,"night":0},"bk24":{"morning":1,"afternoon":0,"evening":1,"night":0},"sv12":1,"recent":[{"d":"2025-10-01","day":"Wed","time":"10:34","desc":"Motor Vehicle Theft","res":""},{"d":"2025-05-10","day":"Sat","time":"19:00","desc":"Motor Vehicle Theft","res":""}]}},{"type":"Feature","geometry":{"type":"Polygon","coordinates":[[[-117.33594422175906,33.98835642253431],[-117.33480202614477,33.99004741025116],[-117.33597847520407,33.99167714059608],[-117.33829713445854,33.991615858838614],[-117.33943927623402,33.98992486266227],[-117.33826281259664,33.98829515670273],[-117.33594422175906,33.98835642253431],[-117.33594422175906,33.98835642253431]]]},"properties":{"h3":"8929a007657ffff","count":2,"c3":0,"c6":0,"c12":1,"c24":2,"score":0.9,"risk":2,"peakDay":"Thursday","peakTime":"night","hood":"University","bk12":{"morning":0,"afternoon":1,"evening":0,"night":0},"bk24":{"morning":0,"afternoon":1,"evening":0,"night":1},"sv12":1,"recent":[{"d":"2025-08-27","day":"Wed","time":"14:59","desc":"Motor Vehicle Theft","res":""},{"d":"2025-05-15","day":"Thu","time":"04:25","desc":"Motor Vehicle Theft","res":""}]}},{"type":"Feature","geometry":{"type":"Polygon","coordinates":[[[-117.46069420460655,33.948464190221],[-117.4595549119165,33.95015615897127],[-117.46073212555,33.951784733488076],[-117.4630486460579,33.95172131477526],[-117.46418788464521,33.95002933772209],[-117.46301065683022,33.94840078768445],[-117.46069420460655,33.948464190221],[-117.46069420460655,33.948464190221]]]},"properties":{"h3":"8929a014b1bffff","count":1,"c3":0,"c6":0,"c12":0,"c24":1,"score":0.4,"risk":1,"peakDay":"Friday","peakTime":"morning","hood":"Arlanza","bk12":{"morning":0,"afternoon":0,"evening":0,"night":0},"bk24":{"morning":1,"afternoon":0,"evening":0,"night":0},"recent":[{"d":"2025-05-16","day":"Fri","time":"07:19","desc":"Motor Vehicle Theft","res":""}]}},{"type":"Feature","geometry":{"type":"Polygon","coordinates":[[[-117.439956897233,33.95899476570081],[-117.43881708185349,33.96068654463372],[-117.43999421016389,33.962315265962026],[-117.442311168105,33.96225218389622],[-117.44345092942172,33.96056039663584],[-117.44227378686291,33.958931699768556],[-117.439956897233,33.95899476570081],[-117.439956897233,33.95899476570081]]]},"properties":{"h3":"8929a006413ffff","count":2,"c3":0,"c6":0,"c12":0,"c24":2,"score":0.9,"risk":2,"peakDay":"Friday","peakTime":"evening","hood":"Airport","bk12":{"morning":0,"afternoon":0,"evening":0,"night":0},"bk24":{"morning":0,"afternoon":1,"evening":1,"night":0},"recent":[{"d":"2025-07-08","day":"Tue","time":"14:49","desc":"Motor Vehicle Theft","res":""},{"d":"2025-05-30","day":"Fri","time":"20:00","desc":"Motor Vehicle Theft","res":""}]}},{"type":"Feature","geometry":{"type":"Polygon","coordinates":[[[-117.34916253619977,33.921562529205225],[-117.34802128554838,33.92325406639724],[-117.34919715913301,33.92488440806015],[-117.35151429789163,33.92482318809334],[-117.35265549473633,33.923131642433745],[-117.35147960663188,33.921501325208375],[-117.34916253619977,33.921562529205225],[-117.34916253619977,33.921562529205225]]]},"properties":{"h3":"8929a015333ffff","count":1,"c3":0,"c6":0,"c12":0,"c24":1,"score":0.4,"risk":1,"peakDay":"Monday","peakTime":"morning","hood":"Canyon Crest","bk12":{"morning":0,"afternoon":0,"evening":0,"night":0},"bk24":{"morning":1,"afternoon":0,"evening":0,"night":0},"recent":[{"d":"2025-06-02","day":"Mon","time":"11:55","desc":"Motor Vehicle Theft","res":""}]}},{"type":"Feature","geometry":{"type":"Polygon","coordinates":[[[-117.3254932755954,33.986971169327305],[-117.32435088531835,33.988662108079886],[-117.32552722014,33.99029199051532],[-117.32784595985154,33.99023090981731],[-117.3289882963165,33.988539962590295],[-117.32781194688482,33.986910104535525],[-117.3254932755954,33.986971169327305],[-117.3254932755954,33.986971169327305]]]},"properties":{"h3":"8929a002b2fffff","count":1,"c3":0,"c6":0,"c12":0,"c24":1,"score":0.4,"risk":1,"peakDay":"Wednesday","peakTime":"morning","hood":"University","bk12":{"morning":0,"afternoon":0,"evening":0,"night":0},"bk24":{"morning":1,"afternoon":0,"evening":0,"night":0},"recent":[{"d":"2025-06-04","day":"Wed","time":"06:10","desc":"Motor Vehicle Theft","res":""}]}},{"type":"Feature","geometry":{"type":"Polygon","coordinates":[[[-117.45731402826164,33.95686051493385],[-117.4561745823958,33.95855240546084],[-117.45735185236755,33.960180925493],[-117.45966858240197,33.960117530526304],[-117.46080797416515,33.958425631695036],[-117.45963068999929,33.95679713613457],[-117.45731402826164,33.95686051493385],[-117.45731402826164,33.95686051493385]]]},"properties":{"h3":"8929a014b7bffff","count":2,"c3":0,"c6":0,"c12":1,"c24":2,"score":1.1,"risk":2,"peakDay":"Thursday","peakTime":"night","hood":"Airport","bk12":{"morning":1,"afternoon":0,"evening":0,"night":0},"bk24":{"morning":1,"afternoon":0,"evening":0,"night":1},"sv12":1,"recent":[{"d":"2025-12-26","day":"Fri","time":"10:07","desc":"Motor Vehicle Theft","res":""},{"d":"2025-06-05","day":"Thu","time":"00:30","desc":"Motor Vehicle Theft","res":""}]}},{"type":"Feature","geometry":{"type":"Polygon","coordinates":[[[-117.34172953433463,33.87523234558299],[-117.34058860684344,33.87692416806523],[-117.34176392379872,33.878555146954405],[-117.34408018277884,33.87849427889637],[-117.34522105652583,33.87680244791794],[-117.34404572503972,33.87517149349356],[-117.34172953433463,33.87523234558299],[-117.34172953433463,33.87523234558299]]]},"properties":{"h3":"8929a01540fffff","count":1,"c3":0,"c6":0,"c12":0,"c24":1,"score":0.5,"risk":1,"peakDay":"Monday","peakTime":"morning","hood":"Orangecrest","bk12":{"morning":0,"afternoon":0,"evening":0,"night":0},"bk24":{"morning":1,"afternoon":0,"evening":0,"night":0},"recent":[{"d":"2025-06-23","day":"Mon","time":"06:00","desc":"Motor Vehicle Theft","res":""}]}},{"type":"Feature","geometry":{"type":"Polygon","coordinates":[[[-117.3500980746762,34.011231216612344],[-117.34895592854097,34.01292212021504],[-117.3501327529615,34.014551397366674],[-117.35245173806025,34.01448974653777],[-117.35359383030026,34.01279883450402],[-117.35241699133952,34.011169581730044],[-117.3500980746762,34.011231216612344],[-117.3500980746762,34.011231216612344]]]},"properties":{"h3":"8929a0072abffff","count":1,"c3":0,"c6":0,"c12":0,"c24":1,"score":0.5,"risk":1,"peakDay":"Tuesday","peakTime":"evening","hood":"Northside","bk12":{"morning":0,"afternoon":0,"evening":0,"night":0},"bk24":{"morning":0,"afternoon":0,"evening":1,"night":0},"recent":[{"d":"2025-07-01","day":"Tue","time":"17:00","desc":"Motor Vehicle Theft","res":""}]}},{"type":"Feature","geometry":{"type":"Polygon","coordinates":[[[-117.34601490936902,33.953209800916724],[-117.34487327339109,33.95490109589611],[-117.34604944921264,33.95653110793309],[-117.34836727555263,33.956469800575974],[-117.34950885770107,33.954778497137134],[-117.34833266734178,33.953148509514676],[-117.34601490936902,33.953209800916724],[-117.34601490936902,33.953209800916724]]]},"properties":{"h3":"8929a002993ffff","count":1,"c3":0,"c6":0,"c12":0,"c24":1,"score":0.5,"risk":1,"peakDay":"Friday","peakTime":"evening","hood":"Victoria","bk12":{"morning":0,"afternoon":0,"evening":0,"night":0},"bk24":{"morning":0,"afternoon":0,"evening":1,"night":0},"recent":[{"d":"2025-07-04","day":"Fri","time":"20:30","desc":"Motor Vehicle Theft","res":""}]}},{"type":"Feature","geometry":{"type":"Polygon","coordinates":[[[-117.43635129512757,33.947466954196855],[-117.43521152485475,33.949158794783706],[-117.43638849788661,33.95078769842702],[-117.43870525545071,33.95072473701644],[-117.43984497168059,33.94903288809262],[-117.43866798439208,33.947404008916195],[-117.43635129512757,33.947466954196855],[-117.43635129512757,33.947466954196855]]]},"properties":{"h3":"8929a014a63ffff","count":1,"c3":0,"c6":0,"c12":0,"c24":1,"score":0.5,"risk":1,"peakDay":"Sunday","peakTime":"afternoon","hood":"Airport","bk12":{"morning":0,"afternoon":0,"evening":0,"night":0},"bk24":{"morning":0,"afternoon":1,"evening":0,"night":0},"recent":[{"d":"2025-07-06","day":"Sun","time":"13:52","desc":"Motor Vehicle Theft","res":""}]}},{"type":"Feature","geometry":{"type":"Polygon","coordinates":[[[-117.42579675775589,33.93612632576166],[-117.42465689153062,33.93781818790115],[-117.42583364551052,33.93944736206039],[-117.42815028000491,33.93938464961102],[-117.42929009222372,33.9376927791155],[-117.42811332395743,33.936063629425185],[-117.42579675775589,33.93612632576166],[-117.42579675775589,33.93612632576166]]]},"properties":{"h3":"8929a015d27ffff","count":1,"c3":0,"c6":0,"c12":0,"c24":1,"score":0.5,"risk":1,"peakDay":"Friday","peakTime":"morning","hood":"Ramona","bk12":{"morning":0,"afternoon":0,"evening":0,"night":0},"bk24":{"morning":1,"afternoon":0,"evening":0,"night":0},"recent":[{"d":"2025-07-11","day":"Fri","time":"08:00","desc":"Motor Vehicle Theft","res":""}]}},{"type":"Feature","geometry":{"type":"Polygon","coordinates":[[[-117.43999421016389,33.962315265962026],[-117.43885436173066,33.964007021543225],[-117.44003152530183,33.96563570338492],[-117.4423485515581,33.96557260518643],[-117.44348834592526,33.96388084127911],[-117.442311168105,33.96225218389622],[-117.43999421016389,33.962315265962026],[-117.43999421016389,33.962315265962026]]]},"properties":{"h3":"8929a006403ffff","count":2,"c3":0,"c6":0,"c12":1,"c24":2,"score":1,"risk":2,"peakDay":"Tuesday","peakTime":"afternoon","hood":"Airport","bk12":{"morning":1,"afternoon":0,"evening":0,"night":0},"bk24":{"morning":1,"afternoon":1,"evening":0,"night":0},"sv12":1,"recent":[{"d":"2025-09-04","day":"Thu","time":"09:52","desc":"Motor Vehicle Theft","res":""},{"d":"2025-07-22","day":"Tue","time":"12:16","desc":"Motor Vehicle Theft","res":""}]}},{"type":"Feature","geometry":{"type":"Polygon","coordinates":[[[-117.48787038986362,33.89456643711827],[-117.48673218979346,33.89625893602101],[-117.48790909348138,33.89788778731765],[-117.49022421132608,33.897824115181244],[-117.49136235727997,33.89613160799198],[-117.4901854395082,33.894502781225505],[-117.48787038986362,33.89456643711827],[-117.48787038986362,33.89456643711827]]]},"properties":{"h3":"8929a016b0fffff","count":1,"c3":0,"c6":0,"c12":0,"c24":1,"score":0.5,"risk":1,"peakDay":"Friday","peakTime":"morning","hood":"La Sierra South","bk12":{"morning":0,"afternoon":0,"evening":0,"night":0},"bk24":{"morning":1,"afternoon":0,"evening":0,"night":0},"recent":[{"d":"2025-07-25","day":"Fri","time":"09:20","desc":"Motor Vehicle Theft","res":""}]}},{"type":"Feature","geometry":{"type":"Polygon","coordinates":[[[-117.42605501785698,33.95937226243832],[-117.42491492019029,33.96106396130366],[-117.42609192088632,33.96269285940724],[-117.42840903354339,33.96263003419196],[-117.4295490771806,33.960938326980084],[-117.42837206219303,33.959309453329844],[-117.42605501785698,33.95937226243832],[-117.42605501785698,33.95937226243832]]]},"properties":{"h3":"8929a015927ffff","count":1,"c3":0,"c6":0,"c12":0,"c24":1,"score":0.5,"risk":1,"peakDay":"Saturday","peakTime":"morning","hood":"Airport","bk12":{"morning":0,"afternoon":0,"evening":0,"night":0},"bk24":{"morning":1,"afternoon":0,"evening":0,"night":0},"recent":[{"d":"2025-07-26","day":"Sat","time":"08:02","desc":"Motor Vehicle Theft","res":""}]}},{"type":"Feature","geometry":{"type":"Polygon","coordinates":[[[-117.33186897538765,33.93032507338219],[-117.33072729004606,33.93201645144601],[-117.3319030908644,33.9336469152508],[-117.33422059160267,33.933585976569304],[-117.33536222317107,33.93189459001752],[-117.33418640777718,33.93026415063502],[-117.33186897538765,33.93032507338219],[-117.33186897538765,33.93032507338219]]]},"properties":{"h3":"8929a002ca7ffff","count":1,"c3":0,"c6":0,"c12":0,"c24":1,"score":0.5,"risk":1,"peakDay":"Monday","peakTime":"morning","hood":"Mission Grove","bk12":{"morning":0,"afternoon":0,"evening":0,"night":0},"bk24":{"morning":1,"afternoon":0,"evening":0,"night":0},"recent":[{"d":"2025-07-28","day":"Mon","time":"09:58","desc":"Motor Vehicle Theft","res":""}]}},{"type":"Feature","geometry":{"type":"Polygon","coordinates":[[[-117.38423681564096,33.95053246913987],[-117.38309597106162,33.95222399733591],[-117.38427248228157,33.953853543723156],[-117.38658985250238,33.953791537477294],[-117.38773064316209,33.952100000873486],[-117.38655411752343,33.950470478923144],[-117.38423681564096,33.95053246913987],[-117.38423681564096,33.95053246913987]]]},"properties":{"h3":"8929a01586bffff","count":1,"c3":0,"c6":0,"c12":0,"c24":1,"score":0.5,"risk":1,"peakDay":"Wednesday","peakTime":"afternoon","hood":"Magnolia Center","bk12":{"morning":0,"afternoon":0,"evening":0,"night":0},"bk24":{"morning":0,"afternoon":1,"evening":0,"night":0},"recent":[{"d":"2025-07-30","day":"Wed","time":"15:30","desc":"Motor Vehicle Theft","res":""}]}},{"type":"Feature","geometry":{"type":"Polygon","coordinates":[[[-117.41215221114508,33.959748218037085],[-117.41101183129031,33.96143983672662],[-117.41218870421378,33.963068911553236],[-117.41450597132939,33.963006343244494],[-117.41564629718793,33.96131471618936],[-117.41446940992985,33.9596856658084],[-117.41215221114508,33.959748218037085],[-117.41215221114508,33.959748218037085]]]},"properties":{"h3":"8929a015963ffff","count":1,"c3":0,"c6":0,"c12":1,"c24":1,"score":0.5,"risk":1,"peakDay":"Friday","peakTime":"morning","hood":"Grand","bk12":{"morning":1,"afternoon":0,"evening":0,"night":0},"bk24":{"morning":1,"afternoon":0,"evening":0,"night":0},"sv12":1,"recent":[{"d":"2025-08-08","day":"Fri","time":"07:30","desc":"Motor Vehicle Theft","res":""}]}},{"type":"Feature","geometry":{"type":"Polygon","coordinates":[[[-117.3208489002459,33.87245508328595],[-117.31970758421241,33.874146808312375],[-117.32088267316547,33.87577809050068],[-117.32319909274938,33.875717623207066],[-117.32434035509198,33.874025889654526],[-117.32316525154432,33.872394631921566],[-117.3208489002459,33.87245508328595],[-117.3208489002459,33.87245508328595]]]},"properties":{"h3":"8929a015693ffff","count":2,"c3":0,"c6":1,"c12":2,"c24":2,"score":1.3,"risk":3,"peakDay":"Thursday","peakTime":"evening","hood":"Orangecrest","bk12":{"morning":1,"afternoon":0,"evening":1,"night":0},"bk24":{"morning":1,"afternoon":0,"evening":1,"night":0},"sv12":2,"recent":[{"d":"2026-03-30","day":"Mon","time":"08:52","desc":"Motor Vehicle Theft","res":""},{"d":"2025-08-14","day":"Thu","time":"18:27","desc":"Motor Vehicle Theft","res":""}]}},{"type":"Feature","geometry":{"type":"Polygon","coordinates":[[[-117.47409443784943,33.904911631462504],[-117.47295585653927,33.9066039816231],[-117.47413273902328,33.908232891663744],[-117.47644821694932,33.90816942702782],[-117.47758674416643,33.90647706856573],[-117.47640984755334,33.90484818304088],[-117.47409443784943,33.904911631462504],[-117.47409443784943,33.904911631462504]]]},"properties":{"h3":"8929a014cafffff","count":3,"c3":0,"c6":1,"c12":3,"c24":3,"score":1.9,"risk":4,"peakDay":"Sunday","peakTime":"morning","hood":"La Sierra","bk12":{"morning":2,"afternoon":1,"evening":0,"night":0},"bk24":{"morning":2,"afternoon":1,"evening":0,"night":0},"sv12":3,"recent":[{"d":"2026-03-08","day":"Sun","time":"13:55","desc":"Motor Vehicle Theft","res":""},{"d":"2026-01-18","day":"Sun","time":"07:06","desc":"Motor Vehicle Theft","res":""},{"d":"2025-08-22","day":"Fri","time":"10:23","desc":"Motor Vehicle Theft","res":""}]}},{"type":"Feature","geometry":{"type":"Polygon","coordinates":[[[-117.34258988128254,33.9582836305259],[-117.34144812514948,33.959974870166725],[-117.34262432162829,33.96160486722367],[-117.34494228879264,33.96154360023035],[-117.34608399109962,33.959852352127356],[-117.34490778007114,33.95822237947966],[-117.34258988128254,33.9582836305259],[-117.34258988128254,33.9582836305259]]]},"properties":{"h3":"8929a00298bffff","count":1,"c3":0,"c6":0,"c12":1,"c24":1,"score":0.5,"risk":1,"peakDay":"Monday","peakTime":"night","hood":"Canyon Crest","bk12":{"morning":0,"afternoon":0,"evening":0,"night":1},"bk24":{"morning":0,"afternoon":0,"evening":0,"night":1},"sv12":1,"recent":[{"d":"2025-09-01","day":"Mon","time":"02:23","desc":"Motor Vehicle Theft","res":""}]}},{"type":"Feature","geometry":{"type":"Polygon","coordinates":[[[-117.41906703443571,33.95623972481282],[-117.4179268287399,33.95793140696876],[-117.41910373032148,33.95956043290103],[-117.42142085191405,33.95949775222547],[-117.42256100360031,33.9578060617121],[-117.42138408770634,33.956177060231546],[-117.41906703443571,33.95623972481282],[-117.41906703443571,33.95623972481282]]]},"properties":{"h3":"8929a01593bffff","count":3,"c3":0,"c6":0,"c12":3,"c24":3,"score":1.8,"risk":3,"peakDay":"Sunday","peakTime":"morning","hood":"Grand","bk12":{"morning":3,"afternoon":0,"evening":0,"night":0},"bk24":{"morning":3,"afternoon":0,"evening":0,"night":0},"sv12":3,"recent":[{"d":"2025-12-07","day":"Sun","time":"09:03","desc":"Motor Vehicle Theft","res":""},{"d":"2025-11-23","day":"Sun","time":"09:42","desc":"Motor Vehicle Theft","res":""},{"d":"2025-09-02","day":"Tue","time":"10:40","desc":"Motor Vehicle Theft","res":""}]}},{"type":"Feature","geometry":{"type":"Polygon","coordinates":[[[-117.39821239772712,33.956801779425206],[-117.39707176888633,33.958493341219686],[-117.39824847864179,33.9601226321615],[-117.40056583161785,33.96006033686848],[-117.40170640649899,33.958368766688],[-117.40052968236648,33.95673950018636],[-117.39821239772712,33.956801779425206],[-117.39821239772712,33.956801779425206]]]},"properties":{"h3":"8929a015b87ffff","count":1,"c3":0,"c6":0,"c12":1,"c24":1,"score":0.5,"risk":1,"peakDay":"Sunday","peakTime":"morning","hood":"Magnolia Center","bk12":{"morning":1,"afternoon":0,"evening":0,"night":0},"bk24":{"morning":1,"afternoon":0,"evening":0,"night":0},"sv12":1,"recent":[{"d":"2025-09-07","day":"Sun","time":"11:24","desc":"Motor Vehicle Theft","res":""}]}},{"type":"Feature","geometry":{"type":"Polygon","coordinates":[[[-117.47470752844828,33.95804428358288],[-117.47356841921963,33.95973626221102],[-117.47474586587352,33.96136454137299],[-117.47706243589934,33.9613008174265],[-117.47820149098213,33.95960883051862],[-117.47702403018772,33.95798057583678],[-117.47470752844828,33.95804428358288],[-117.47470752844828,33.95804428358288]]]},"properties":{"h3":"8929a014b27ffff","count":1,"c3":0,"c6":0,"c12":1,"c24":1,"score":0.5,"risk":1,"peakDay":"Friday","peakTime":"morning","hood":"Arlanza","bk12":{"morning":1,"afternoon":0,"evening":0,"night":0},"bk24":{"morning":1,"afternoon":0,"evening":0,"night":0},"sv12":1,"recent":[{"d":"2025-09-12","day":"Fri","time":"06:21","desc":"Motor Vehicle Theft","res":""}]}},{"type":"Feature","geometry":{"type":"Polygon","coordinates":[[[-117.49536038534119,33.94086787342189],[-117.49422186499861,33.942560087820674],[-117.49539932576933,33.94418829902735],[-117.49771532095768,33.94412427133237],[-117.4988537871212,33.942432048675705],[-117.4976763122782,33.94080386197172],[-117.49536038534119,33.94086787342189],[-117.49536038534119,33.94086787342189]]]},"properties":{"h3":"8929a014933ffff","count":2,"c3":0,"c6":0,"c12":2,"c24":2,"score":1.2,"risk":2,"peakDay":"Saturday","peakTime":"morning","hood":"La Sierra Hills","bk12":{"morning":2,"afternoon":0,"evening":0,"night":0},"bk24":{"morning":2,"afternoon":0,"evening":0,"night":0},"sv12":2,"recent":[{"d":"2025-12-13","day":"Sat","time":"08:20","desc":"Motor Vehicle Theft","res":""},{"d":"2025-09-13","day":"Sat","time":"07:59","desc":"Motor Vehicle Theft","res":""}]}},{"type":"Feature","geometry":{"type":"Polygon","coordinates":[[[-117.43969576849744,33.93574950612421],[-117.43855618444027,33.93744144821942],[-117.43973306598451,33.939070445678716],[-117.44204954583199,33.93900747656604],[-117.44318907584942,33.93731552613389],[-117.4420121800619,33.93568655315117],[-117.43969576849744,33.93574950612421],[-117.43969576849744,33.93574950612421]]]},"properties":{"h3":"8929a014a13ffff","count":1,"c3":0,"c6":0,"c12":1,"c24":1,"score":0.5,"risk":1,"peakDay":"Sunday","peakTime":"afternoon","hood":"Ramona","bk12":{"morning":0,"afternoon":1,"evening":0,"night":0},"bk24":{"morning":0,"afternoon":1,"evening":0,"night":0},"sv12":1,"recent":[{"d":"2025-09-21","day":"Sun","time":"15:48","desc":"Motor Vehicle Theft","res":""}]}},{"type":"Feature","geometry":{"type":"Polygon","coordinates":[[[-117.39061498639109,33.897201422957025],[-117.38947481222678,33.898893363890984],[-117.3906508241174,33.90052345136392],[-117.39296702456035,33.900461573426306],[-117.39410714484079,33.89876962407231],[-117.39293111856492,33.89713956107579],[-117.39061498639109,33.897201422957025],[-117.39061498639109,33.897201422957025]]]},"properties":{"h3":"8929a01420fffff","count":1,"c3":0,"c6":0,"c12":1,"c24":1,"score":0.6,"risk":1,"peakDay":"Friday","peakTime":"morning","hood":"Arlington Heights","bk12":{"morning":1,"afternoon":0,"evening":0,"night":0},"bk24":{"morning":1,"afternoon":0,"evening":0,"night":0},"sv12":1,"recent":[{"d":"2025-09-26","day":"Fri","time":"08:19","desc":"Motor Vehicle Theft","res":""}]}},{"type":"Feature","geometry":{"type":"Polygon","coordinates":[[[-117.44285256619713,33.90742475187074],[-117.4417133334267,33.90911691132437],[-117.44288994731652,33.9107461992773],[-117.4452058082058,33.91068330327898],[-117.44634498695618,33.9089911354816],[-117.4451683588401,33.90736187202612],[-117.44285256619713,33.90742475187074],[-117.44285256619713,33.90742475187074]]]},"properties":{"h3":"8929a014e83ffff","count":2,"c3":0,"c6":1,"c12":2,"c24":2,"score":1.4,"risk":3,"peakDay":"Tuesday","peakTime":"morning","hood":"Arlington South","bk12":{"morning":2,"afternoon":0,"evening":0,"night":0},"bk24":{"morning":2,"afternoon":0,"evening":0,"night":0},"sv12":2,"recent":[{"d":"2026-04-07","day":"Tue","time":"10:41","desc":"Motor Vehicle Theft","res":""},{"d":"2025-10-07","day":"Tue","time":"05:18","desc":"Motor Vehicle Theft","res":""}]}},{"type":"Feature","geometry":{"type":"Polygon","coordinates":[[[-117.33488336944171,33.885383006054205],[-117.33374220196383,33.887074718734226],[-117.33491756013464,33.8887056682151],[-117.3372341003407,33.888644880561564],[-117.3383752140812,33.886953159379935],[-117.33719984135575,33.88532223435328],[-117.33488336944171,33.885383006054205],[-117.33488336944171,33.885383006054205]]]},"properties":{"h3":"8929a0150d3ffff","count":1,"c3":0,"c6":0,"c12":1,"c24":1,"score":0.6,"risk":1,"peakDay":"Wednesday","peakTime":"morning","hood":"Orangecrest","bk12":{"morning":1,"afternoon":0,"evening":0,"night":0},"bk24":{"morning":1,"afternoon":0,"evening":0,"night":0},"sv12":1,"recent":[{"d":"2025-10-15","day":"Wed","time":"07:22","desc":"Motor Vehicle Theft","res":""}]}},{"type":"Feature","geometry":{"type":"Polygon","coordinates":[[[-117.31766058830242,33.90078945637179],[-117.31651892017497,33.90248096370849],[-117.31769427571695,33.90411195702411],[-117.320011314001,33.904051418568386],[-117.32115292841809,33.90235990271245],[-117.31997755826426,33.900728933831296],[-117.31766058830242,33.90078945637179],[-117.31766058830242,33.90078945637179]]]},"properties":{"h3":"8929a01528bffff","count":1,"c3":0,"c6":0,"c12":1,"c24":1,"score":0.6,"risk":1,"peakDay":"Tuesday","peakTime":"morning","hood":"Mission Grove","bk12":{"morning":1,"afternoon":0,"evening":0,"night":0},"bk24":{"morning":1,"afternoon":0,"evening":0,"night":0},"sv12":1,"recent":[{"d":"2025-10-21","day":"Tue","time":"09:49","desc":"Motor Vehicle Theft","res":""}]}},{"type":"Feature","geometry":{"type":"Polygon","coordinates":[[[-117.3389241638101,33.94010737075182],[-117.33778251970199,33.94179871902222],[-117.33895849041892,33.943428976699906],[-117.34127611980308,33.943367861687534],[-117.34241771011155,33.94167650494276],[-117.34124172483834,33.940046271684565],[-117.3389241638101,33.94010737075182],[-117.3389241638101,33.94010737075182]]]},"properties":{"h3":"8929a002d1bffff","count":1,"c3":0,"c6":0,"c12":1,"c24":1,"score":0.6,"risk":1,"peakDay":"Saturday","peakTime":"morning","hood":"Canyon Crest","bk12":{"morning":1,"afternoon":0,"evening":0,"night":0},"bk24":{"morning":1,"afternoon":0,"evening":0,"night":0},"sv12":1,"recent":[{"d":"2025-11-01","day":"Sat","time":"05:19","desc":"Motor Vehicle Theft","res":""}]}},{"type":"Feature","geometry":{"type":"Polygon","coordinates":[[[-117.35314185199262,33.96963146545031],[-117.35200019104411,33.97132268353675],[-117.35317660721233,33.97295241028518],[-117.35549469885186,33.97289089453973],[-117.35663630593777,33.97119966801015],[-117.35545987524958,33.969569965669],[-117.35314185199262,33.96963146545031],[-117.35314185199262,33.96963146545031]]]},"properties":{"h3":"8929a002937ffff","count":3,"c3":1,"c6":2,"c12":3,"c24":3,"score":2.4,"risk":5,"peakDay":"Monday","peakTime":"morning","hood":"Eastside","bk12":{"morning":3,"afternoon":0,"evening":0,"night":0},"bk24":{"morning":3,"afternoon":0,"evening":0,"night":0},"sv12":3,"recent":[{"d":"2026-07-20","day":"Mon","time":"11:22","desc":"Motor Vehicle Theft","res":""},{"d":"2026-04-04","day":"Sat","time":"10:34","desc":"Motor Vehicle Theft","res":""},{"d":"2025-11-24","day":"Mon","time":"10:24","desc":"Motor Vehicle Theft","res":""}]}},{"type":"Feature","geometry":{"type":"Polygon","coordinates":[[[-117.42550173423065,33.90955578064542],[-117.4243621323949,33.91124782874156],[-117.42553860454005,33.91287731780263],[-117.42785469280429,33.91281473428067],[-117.42899424065992,33.91112267781762],[-117.42781775423421,33.909493213243294],[-117.42550173423065,33.90955578064542],[-117.42550173423065,33.90955578064542]]]},"properties":{"h3":"8929a014337ffff","count":1,"c3":0,"c6":0,"c12":1,"c24":1,"score":0.6,"risk":1,"peakDay":"Thursday","peakTime":"morning","hood":"Presidential Park","bk12":{"morning":1,"afternoon":0,"evening":0,"night":0},"bk24":{"morning":1,"afternoon":0,"evening":0,"night":0},"sv12":1,"recent":[{"d":"2025-12-04","day":"Thu","time":"05:09","desc":"Motor Vehicle Theft","res":""}]}},{"type":"Feature","geometry":{"type":"Polygon","coordinates":[[[-117.35345472301576,33.999517702041416],[-117.35231276351551,34.00120870843765],[-117.35348949674962,34.00283807983782],[-117.35580820401348,34.00277642045426],[-117.35695010962161,34.001085405626995],[-117.35577336186076,33.99945605861416],[-117.35345472301576,33.999517702041416],[-117.35345472301576,33.999517702041416]]]},"properties":{"h3":"8929a00705bffff","count":1,"c3":0,"c6":0,"c12":1,"c24":1,"score":0.6,"risk":1,"peakDay":"Thursday","peakTime":"morning","hood":"Northside","bk12":{"morning":1,"afternoon":0,"evening":0,"night":0},"bk24":{"morning":1,"afternoon":0,"evening":0,"night":0},"sv12":1,"recent":[{"d":"2025-12-04","day":"Thu","time":"10:16","desc":"Motor Vehicle Theft","res":""}]}},{"type":"Feature","geometry":{"type":"Polygon","coordinates":[[[-117.34598037156863,33.949888431098785],[-117.34483876875235,33.95157974950033],[-117.34601490936902,33.953209800916724],[-117.34833266734178,33.953148509514676],[-117.34947421633188,33.95145718265232],[-117.34829806117823,33.94982715565266],[-117.34598037156863,33.949888431098785],[-117.34598037156863,33.949888431098785]]]},"properties":{"h3":"8929a002d2bffff","count":1,"c3":0,"c6":0,"c12":1,"c24":1,"score":0.6,"risk":1,"peakDay":"Friday","peakTime":"night","hood":"Canyon Crest","bk12":{"morning":0,"afternoon":0,"evening":0,"night":1},"bk24":{"morning":0,"afternoon":0,"evening":0,"night":1},"sv12":1,"recent":[{"d":"2025-12-19","day":"Fri","time":"22:11","desc":"Motor Vehicle Theft","res":""}]}},{"type":"Feature","geometry":{"type":"Polygon","coordinates":[[[-117.50556603194731,33.92231642672245],[-117.50442790488118,33.92400882824739],[-117.5056052667334,33.9256371237337],[-117.50792076969061,33.925572993174235],[-117.50905884257108,33.923880583398265],[-117.5078814666828,33.92225231243263],[-117.50556603194731,33.92231642672245],[-117.50556603194731,33.92231642672245]]]},"properties":{"h3":"8929a0ab2cfffff","count":2,"c3":0,"c6":1,"c12":2,"c24":2,"score":1.5,"risk":3,"peakDay":"Sunday","peakTime":"morning","hood":"La Sierra Hills","bk12":{"morning":1,"afternoon":1,"evening":0,"night":0},"bk24":{"morning":1,"afternoon":1,"evening":0,"night":0},"sv12":2,"recent":[{"d":"2026-04-21","day":"Tue","time":"15:44","desc":"Motor Vehicle Theft","res":""},{"d":"2025-12-21","day":"Sun","time":"08:26","desc":"Motor Vehicle Theft","res":""}]}},{"type":"Feature","geometry":{"type":"Polygon","coordinates":[[[-117.2936441648797,33.93298517395084],[-117.29250168944652,33.934676317974265],[-117.29367715334527,33.93630724674404],[-117.29599510737455,33.93624700709052],[-117.29713752912494,33.93455585452754],[-117.29596205053163,33.93292495015745],[-117.2936441648797,33.93298517395084],[-117.2936441648797,33.93298517395084]]]},"properties":{"h3":"8929a002e9bffff","count":1,"c3":0,"c6":0,"c12":1,"c24":1,"score":0.6,"risk":1,"peakDay":"Sunday","peakTime":"evening","hood":"Sycamore Canyon/Canyon Springs","bk12":{"morning":0,"afternoon":0,"evening":1,"night":0},"bk24":{"morning":0,"afternoon":0,"evening":1,"night":0},"sv12":1,"recent":[{"d":"2025-12-21","day":"Sun","time":"21:10","desc":"Motor Vehicle Theft","res":""}]}},{"type":"Feature","geometry":{"type":"Polygon","coordinates":[[[-117.3323126340365,33.97350412248841],[-117.33117051737328,33.975195195856614],[-117.33234677576048,33.976825147869526],[-117.3346651653992,33.97676400212063],[-117.3358072282467,33.975072920282074],[-117.33463095527402,33.97344299266259],[-117.3323126340365,33.97350412248841],[-117.3323126340365,33.97350412248841]]]},"properties":{"h3":"8929a002bb7ffff","count":1,"c3":0,"c6":0,"c12":1,"c24":1,"score":0.7,"risk":1,"peakDay":"Wednesday","peakTime":"evening","hood":"University","bk12":{"morning":0,"afternoon":0,"evening":1,"night":0},"bk24":{"morning":0,"afternoon":0,"evening":1,"night":0},"sv12":1,"recent":[{"d":"2025-12-31","day":"Wed","time":"18:43","desc":"Motor Vehicle Theft","res":""}]}},{"type":"Feature","geometry":{"type":"Polygon","coordinates":[[[-117.48794779938683,33.90120907508734],[-117.48680953339907,33.902901527794675],[-117.48798650758022,33.90453030040676],[-117.4903017618371,33.90446659578567],[-117.49143997370201,33.902774134794576],[-117.49026298543562,33.90114538670815],[-117.48794779938683,33.90120907508734],[-117.48794779938683,33.90120907508734]]]},"properties":{"h3":"8929a016b67ffff","count":1,"c3":0,"c6":0,"c12":1,"c24":1,"score":0.7,"risk":1,"peakDay":"Thursday","peakTime":"morning","hood":"La Sierra","bk12":{"morning":1,"afternoon":0,"evening":0,"night":0},"bk24":{"morning":1,"afternoon":0,"evening":0,"night":0},"sv12":1,"recent":[{"d":"2026-01-01","day":"Thu","time":"11:17","desc":"Motor Vehicle Theft","res":""}]}},{"type":"Feature","geometry":{"type":"Polygon","coordinates":[[[-117.34577318766361,33.92995889450903],[-117.34463178377676,33.931650353218586],[-117.34580771320856,33.93328064070481],[-117.34812506106249,33.93321944505124],[-117.3492664111428,33.93152797787273],[-117.34809046717855,33.92989771481657],[-117.34577318766361,33.92995889450903],[-117.34577318766361,33.92995889450903]]]},"properties":{"h3":"8929a002d93ffff","count":1,"c3":0,"c6":0,"c12":1,"c24":1,"score":0.7,"risk":1,"peakDay":"Friday","peakTime":"morning","hood":"Canyon Crest","bk12":{"morning":1,"afternoon":0,"evening":0,"night":0},"bk24":{"morning":1,"afternoon":0,"evening":0,"night":0},"sv12":1,"recent":[{"d":"2026-01-02","day":"Fri","time":"08:19","desc":"Motor Vehicle Theft","res":""}]}},{"type":"Feature","geometry":{"type":"Polygon","coordinates":[[[-117.34937030451856,33.941492862540095],[-117.34822885499203,33.943184259608714],[-117.3494049397408,33.94481436533326],[-117.35172248854322,33.94475304956482],[-117.35286388424335,33.94306164403678],[-117.35168778497028,33.94143156273644],[-117.34937030451856,33.941492862540095],[-117.34937030451856,33.941492862540095]]]},"properties":{"h3":"8929a002dabffff","count":1,"c3":0,"c6":0,"c12":1,"c24":1,"score":0.7,"risk":1,"peakDay":"Sunday","peakTime":"night","hood":"Canyon Crest","bk12":{"morning":0,"afternoon":0,"evening":0,"night":1},"bk24":{"morning":0,"afternoon":0,"evening":0,"night":1},"sv12":1,"recent":[{"d":"2026-01-04","day":"Sun","time":"03:45","desc":"Motor Vehicle Theft","res":""}]}},{"type":"Feature","geometry":{"type":"Polygon","coordinates":[[[-117.38412982837612,33.94056886881007],[-117.38298908313307,33.94226046709249],[-117.38416548868844,33.94389013166279],[-117.38648265390614,33.94382817350693],[-117.38762334523935,33.94213656681268],[-117.38644692526749,33.940506926685956],[-117.38412982837612,33.94056886881007],[-117.38412982837612,33.94056886881007]]]},"properties":{"h3":"8929a015857ffff","count":1,"c3":0,"c6":0,"c12":1,"c24":1,"score":0.7,"risk":1,"peakDay":"Monday","peakTime":"night","hood":"Victoria","bk12":{"morning":0,"afternoon":0,"evening":0,"night":1},"bk24":{"morning":0,"afternoon":0,"evening":0,"night":1},"sv12":1,"recent":[{"d":"2026-01-05","day":"Mon","time":"23:48","desc":"Motor Vehicle Theft","res":""}]}},{"type":"Feature","geometry":{"type":"Polygon","coordinates":[[[-117.42929009222372,33.9376927791155],[-117.42815028000491,33.93938464961102],[-117.42932708351077,33.94101375989655],[-117.43164371351425,33.940950975216644],[-117.43278347171665,33.93925909637054],[-117.43160665393481,33.93763001055474],[-117.42929009222372,33.9376927791155],[-117.42929009222372,33.9376927791155]]]},"properties":{"h3":"8929a014a53ffff","count":1,"c3":0,"c6":0,"c12":1,"c24":1,"score":0.7,"risk":1,"peakDay":"Friday","peakTime":"morning","hood":"Ramona","bk12":{"morning":1,"afternoon":0,"evening":0,"night":0},"bk24":{"morning":1,"afternoon":0,"evening":0,"night":0},"sv12":1,"recent":[{"d":"2026-01-09","day":"Fri","time":"06:49","desc":"Motor Vehicle Theft","res":""}]}},{"type":"Feature","geometry":{"type":"Polygon","coordinates":[[[-117.36009584512101,33.96944683750453],[-117.35895432506393,33.9711380959422],[-117.36013080548346,33.972767734433624],[-117.36244882046127,33.97270609007603],[-117.36359028663905,33.97101482320471],[-117.36241379172115,33.969385209124454],[-117.36009584512101,33.96944683750453],[-117.36009584512101,33.96944683750453]]]},"properties":{"h3":"8929a0074c3ffff","count":1,"c3":0,"c6":0,"c12":1,"c24":1,"score":0.7,"risk":1,"peakDay":"Sunday","peakTime":"morning","hood":"Eastside","bk12":{"morning":1,"afternoon":0,"evening":0,"night":0},"bk24":{"morning":1,"afternoon":0,"evening":0,"night":0},"sv12":1,"recent":[{"d":"2026-01-11","day":"Sun","time":"05:36","desc":"Motor Vehicle Theft","res":""}]}},{"type":"Feature","geometry":{"type":"Polygon","coordinates":[[[-117.42914214894832,33.92440822931467],[-117.4280024689264,33.92610019287964],[-117.42917913148663,33.92772946072528],[-117.43149548834467,33.92766674052717],[-117.43263511436331,33.92597476860618],[-117.43145843753001,33.924345525239175],[-117.42914214894832,33.92440822931467],[-117.42914214894832,33.92440822931467]]]},"properties":{"h3":"8929a015db7ffff","count":2,"c3":1,"c6":1,"c12":2,"c24":2,"score":1.6,"risk":3,"peakDay":"Saturday","peakTime":"evening","hood":"Ramona","bk12":{"morning":0,"afternoon":1,"evening":1,"night":0},"bk24":{"morning":0,"afternoon":1,"evening":1,"night":0},"sv12":2,"recent":[{"d":"2026-06-21","day":"Sun","time":"14:41","desc":"Motor Vehicle Theft","res":""},{"d":"2026-01-17","day":"Sat","time":"18:24","desc":"Motor Vehicle Theft","res":""}]}},{"type":"Feature","geometry":{"type":"Polygon","coordinates":[[[-117.39443069208293,33.92866513106092],[-117.39329027407217,33.93035687117937],[-117.39446665240656,33.931986541135984],[-117.39678346313605,33.93192444651682],[-117.39792382722348,33.93023269799606],[-117.39674743450755,33.928603052496584],[-117.39443069208293,33.92866513106092],[-117.39443069208293,33.92866513106092]]]},"properties":{"h3":"8929a015893ffff","count":1,"c3":0,"c6":0,"c12":1,"c24":1,"score":0.7,"risk":1,"peakDay":"Wednesday","peakTime":"morning","hood":"Casa Blanca","bk12":{"morning":1,"afternoon":0,"evening":0,"night":0},"bk24":{"morning":1,"afternoon":0,"evening":0,"night":0},"sv12":1,"recent":[{"d":"2026-01-28","day":"Wed","time":"07:22","desc":"Motor Vehicle Theft","res":""}]}},{"type":"Feature","geometry":{"type":"Polygon","coordinates":[[[-117.4812716584427,33.92464748953664],[-117.48013302043951,33.9263397404717],[-117.48131017793835,33.92796832580936],[-117.483625987555,33.92790463570555],[-117.48476457142877,33.92621237648671],[-117.48358739981809,33.92458381565528],[-117.4812716584427,33.92464748953664],[-117.4812716584427,33.92464748953664]]]},"properties":{"h3":"8929a014d6bffff","count":1,"c3":0,"c6":0,"c12":1,"c24":1,"score":0.7,"risk":1,"peakDay":"Friday","peakTime":"night","hood":"La Sierra Acres","bk12":{"morning":0,"afternoon":0,"evening":0,"night":1},"bk24":{"morning":0,"afternoon":0,"evening":0,"night":1},"sv12":1,"recent":[{"d":"2026-01-30","day":"Fri","time":"01:21","desc":"Motor Vehicle Theft","res":""}]}},{"type":"Feature","geometry":{"type":"Polygon","coordinates":[[[-117.49512679111574,33.92094400392921],[-117.4939884685893,33.922636357508964],[-117.49516571773253,33.92426480539195],[-117.49748130347297,33.92420087517894],[-117.49861957184017,33.92250851333314],[-117.49744230862895,33.920880089966225],[-117.49512679111574,33.92094400392921],[-117.49512679111574,33.92094400392921]]]},"properties":{"h3":"8929a014d23ffff","count":1,"c3":0,"c6":1,"c12":1,"c24":1,"score":0.7,"risk":1,"peakDay":"Friday","peakTime":"morning","hood":"La Sierra","bk12":{"morning":1,"afternoon":0,"evening":0,"night":0},"bk24":{"morning":1,"afternoon":0,"evening":0,"night":0},"sv12":1,"recent":[{"d":"2026-03-06","day":"Fri","time":"10:26","desc":"Motor Vehicle Theft","res":""}]}},{"type":"Feature","geometry":{"type":"Polygon","coordinates":[[[-117.30761789787832,33.93926708081564],[-117.30647563723622,33.94095825896471],[-117.30765130053531,33.942588932954926],[-117.30996923913237,33.942528404392824],[-117.31111144605168,33.94083721772592],[-117.30993576809959,33.93920656813877],[-117.30761789787832,33.93926708081564],[-117.30761789787832,33.93926708081564]]]},"properties":{"h3":"8929a002eb7ffff","count":1,"c3":0,"c6":1,"c12":1,"c24":1,"score":0.8,"risk":1,"peakDay":"Sunday","peakTime":"evening","hood":"Canyon Crest","bk12":{"morning":0,"afternoon":0,"evening":1,"night":0},"bk24":{"morning":0,"afternoon":0,"evening":1,"night":0},"sv12":1,"recent":[{"d":"2026-03-15","day":"Sun","time":"21:56","desc":"Motor Vehicle Theft","res":""}]}},{"type":"Feature","geometry":{"type":"Polygon","coordinates":[[[-117.46699568999526,33.89181586063851],[-117.46585709947895,33.89350826352866],[-117.4670337774864,33.89513741924707],[-117.46934906016067,33.895074147554276],[-117.47048759661371,33.893381736347635],[-117.46931090445854,33.891752605150124],[-117.46699568999526,33.89181586063851],[-117.46699568999526,33.89181586063851]]]},"properties":{"h3":"8929a014c93ffff","count":1,"c3":0,"c6":1,"c12":1,"c24":1,"score":0.8,"risk":1,"peakDay":"Thursday","peakTime":"morning","hood":"La Sierra South","bk12":{"morning":1,"afternoon":0,"evening":0,"night":0},"bk24":{"morning":1,"afternoon":0,"evening":0,"night":0},"sv12":1,"recent":[{"d":"2026-03-19","day":"Thu","time":"11:49","desc":"Motor Vehicle Theft","res":""}]}},{"type":"Feature","geometry":{"type":"Polygon","coordinates":[[[-117.32817174392787,33.908822723226315],[-117.32703020380454,33.91051423280689],[-117.32820574380551,33.91214499593736],[-117.33052283851406,33.91208422505233],[-117.3316643248939,33.91039270697019],[-117.33048877031146,33.908761968274476],[-117.32817174392787,33.908822723226315],[-117.32817174392787,33.908822723226315]]]},"properties":{"h3":"8929a0152afffff","count":1,"c3":0,"c6":1,"c12":1,"c24":1,"score":0.8,"risk":2,"peakDay":"Wednesday","peakTime":"morning","hood":"Mission Grove","bk12":{"morning":1,"afternoon":0,"evening":0,"night":0},"bk24":{"morning":1,"afternoon":0,"evening":0,"night":0},"sv12":1,"recent":[{"d":"2026-04-01","day":"Wed","time":"07:13","desc":"Motor Vehicle Theft","res":""}]}},{"type":"Feature","geometry":{"type":"Polygon","coordinates":[[[-117.33913015392494,33.96003606489173],[-117.33798831080188,33.96172727261343],[-117.33916449271986,33.963357294076545],[-117.34148253232458,33.9632960834116],[-117.34262432162829,33.96160486722367],[-117.34144812514948,33.959974870166725],[-117.33913015392494,33.96003606489173],[-117.33913015392494,33.96003606489173]]]},"properties":{"h3":"8929a0029c7ffff","count":1,"c3":0,"c6":1,"c12":1,"c24":1,"score":0.8,"risk":2,"peakDay":"Friday","peakTime":"evening","hood":"Canyon Crest","bk12":{"morning":0,"afternoon":0,"evening":1,"night":0},"bk24":{"morning":0,"afternoon":0,"evening":1,"night":0},"sv12":1,"recent":[{"d":"2026-04-10","day":"Fri","time":"21:18","desc":"Motor Vehicle Theft","res":""}]}},{"type":"Feature","geometry":{"type":"Polygon","coordinates":[[[-117.5056052667334,33.9256371237337],[-117.50446710671444,33.92732950209518],[-117.505644503839,33.928957758147064],[-117.50796007502204,33.92889361131883],[-117.50909818085196,33.927201224707666],[-117.50792076969061,33.925572993174235],[-117.5056052667334,33.9256371237337],[-117.5056052667334,33.9256371237337]]]},"properties":{"h3":"8929a0ab257ffff","count":1,"c3":0,"c6":1,"c12":1,"c24":1,"score":0.8,"risk":2,"peakDay":"Sunday","peakTime":"morning","hood":"La Sierra Hills","bk12":{"morning":1,"afternoon":0,"evening":0,"night":0},"bk24":{"morning":1,"afternoon":0,"evening":0,"night":0},"sv12":1,"recent":[{"d":"2026-04-12","day":"Sun","time":"09:19","desc":"Motor Vehicle Theft","res":""}]}},{"type":"Feature","geometry":{"type":"Polygon","coordinates":[[[-117.46768160945545,33.95159434902453],[-117.46654242498083,33.95328633437516],[-117.46771973750147,33.95491478098317],[-117.47003624866021,33.954851217759604],[-117.47117537901221,33.95315922411696],[-117.46999805233087,33.951530801989726],[-117.46768160945545,33.95159434902453],[-117.46768160945545,33.95159434902453]]]},"properties":{"h3":"8929a014b07ffff","count":2,"c3":1,"c6":2,"c12":2,"c24":2,"score":1.7,"risk":3,"peakDay":"Wednesday","peakTime":"morning","hood":"Arlanza","bk12":{"morning":2,"afternoon":0,"evening":0,"night":0},"bk24":{"morning":2,"afternoon":0,"evening":0,"night":0},"sv12":2,"recent":[{"d":"2026-05-09","day":"Sat","time":"05:33","desc":"Motor Vehicle Theft","res":""},{"d":"2026-04-15","day":"Wed","time":"09:45","desc":"Motor Vehicle Theft","res":""}]}},{"type":"Feature","geometry":{"type":"Polygon","coordinates":[[[-117.33614977283983,34.00827978487127],[-117.33500737801756,34.00997063108476],[-117.33618403845037,34.01160012437601],[-117.33850310829096,34.01153874708148],[-117.33964544925475,34.00984789241653],[-117.3384687742393,34.008218423497404],[-117.33614977283983,34.00827978487127],[-117.33614977283983,34.00827978487127]]]},"properties":{"h3":"8929a0072cfffff","count":1,"c3":0,"c6":1,"c12":1,"c24":1,"score":0.8,"risk":2,"peakDay":"Wednesday","peakTime":"afternoon","hood":"Hunter Industrial Park","bk12":{"morning":0,"afternoon":1,"evening":0,"night":0},"bk24":{"morning":0,"afternoon":1,"evening":0,"night":0},"sv12":1,"recent":[{"d":"2026-04-15","day":"Wed","time":"15:43","desc":"Motor Vehicle Theft","res":""}]}},{"type":"Feature","geometry":{"type":"Polygon","coordinates":[[[-117.3071170950307,33.88943178344748],[-117.3059753321794,33.891123311740365],[-117.30715046806789,33.89275457427644],[-117.309467381452,33.89269428408308],[-117.31060909062948,33.89100274725194],[-117.30943394009954,33.88937150915224],[-117.3071170950307,33.88943178344748],[-117.3071170950307,33.88943178344748]]]},"properties":{"h3":"8929a01564fffff","count":1,"c3":0,"c6":1,"c12":1,"c24":1,"score":0.8,"risk":2,"peakDay":"Tuesday","peakTime":"afternoon","hood":"Orangecrest","bk12":{"morning":0,"afternoon":1,"evening":0,"night":0},"bk24":{"morning":0,"afternoon":1,"evening":0,"night":0},"sv12":1,"recent":[{"d":"2026-04-28","day":"Tue","time":"15:25","desc":"Motor Vehicle Theft","res":""}]}},{"type":"Feature","geometry":{"type":"Polygon","coordinates":[[[-117.36037558594893,33.99601225003953],[-117.3592338005881,33.99770332041488],[-117.3604105628645,33.99933264303733],[-117.36272912500884,33.99927087089082],[-117.36387085646406,33.99757979209263],[-117.36269407968332,33.9959504938636],[-117.36037558594893,33.99601225003953],[-117.36037558594893,33.99601225003953]]]},"properties":{"h3":"8929a0070cfffff","count":1,"c3":1,"c6":1,"c12":1,"c24":1,"score":0.9,"risk":2,"peakDay":"Saturday","peakTime":"morning","hood":"Northside","bk12":{"morning":1,"afternoon":0,"evening":0,"night":0},"bk24":{"morning":1,"afternoon":0,"evening":0,"night":0},"sv12":1,"recent":[{"d":"2026-05-16","day":"Sat","time":"09:17","desc":"Motor Vehicle Theft","res":""}]}},{"type":"Feature","geometry":{"type":"Polygon","coordinates":[[[-117.33895849041892,33.943428976699906],[-117.3378168131464,33.94512030157229],[-117.33899281905823,33.94675051990549],[-117.34131051680245,33.946689388948876],[-117.34245214027196,33.94499805560347],[-117.34127611980308,33.943367861687534],[-117.33895849041892,33.943428976699906],[-117.33895849041892,33.943428976699906]]]},"properties":{"h3":"8929a002d0bffff","count":1,"c3":1,"c6":1,"c12":1,"c24":1,"score":0.9,"risk":2,"peakDay":"Sunday","peakTime":"morning","hood":"Canyon Crest","bk12":{"morning":1,"afternoon":0,"evening":0,"night":0},"bk24":{"morning":1,"afternoon":0,"evening":0,"night":0},"sv12":1,"recent":[{"d":"2026-05-17","day":"Sun","time":"06:45","desc":"Motor Vehicle Theft","res":""}]}},{"type":"Feature","geometry":{"type":"Polygon","coordinates":[[[-117.47808618164868,33.94964784748331],[-117.47694722557796,33.951339904266334],[-117.47812461582015,33.9529682379412],[-117.48044097626385,33.95290449034528],[-117.48157987818868,33.95121242528389],[-117.48040247381851,33.94958411609662],[-117.47808618164868,33.94964784748331],[-117.47808618164868,33.94964784748331]]]},"properties":{"h3":"8929a014ba7ffff","count":1,"c3":1,"c6":1,"c12":1,"c24":1,"score":0.9,"risk":2,"peakDay":"Monday","peakTime":"morning","hood":"La Sierra Acres","bk12":{"morning":1,"afternoon":0,"evening":0,"night":0},"bk24":{"morning":1,"afternoon":0,"evening":0,"night":0},"sv12":1,"recent":[{"d":"2026-05-18","day":"Mon","time":"06:18","desc":"Motor Vehicle Theft","res":""}]}},{"type":"Feature","geometry":{"type":"Polygon","coordinates":[[[-117.411532159075,33.90328683230651],[-117.41039234141823,33.90497884688051],[-117.41156861547483,33.9066085911084],[-117.41388472151313,33.90654629627863],[-117.41502448522955,33.90485427331591],[-117.41384819685081,33.903224553571526],[-117.411532159075,33.90328683230651],[-117.411532159075,33.90328683230651]]]},"properties":{"h3":"8929a01431bffff","count":1,"c3":1,"c6":1,"c12":1,"c24":1,"score":0.9,"risk":2,"peakDay":"Thursday","peakTime":"morning","hood":"Arlington Heights","bk12":{"morning":1,"afternoon":0,"evening":0,"night":0},"bk24":{"morning":1,"afternoon":0,"evening":0,"night":0},"sv12":1,"recent":[{"d":"2026-06-04","day":"Thu","time":"08:25","desc":"Motor Vehicle Theft","res":""}]}},{"type":"Feature","geometry":{"type":"Polygon","coordinates":[[[-117.36341499792415,33.954409672472146],[-117.36227369748224,33.95610105654154],[-117.36345005151937,33.95773082831152],[-117.36576772048534,33.957669191588835],[-117.36690896705433,33.955977799084465],[-117.36573259853306,33.95434805173758],[-117.36341499792415,33.954409672472146],[-117.36341499792415,33.954409672472146]]]},"properties":{"h3":"8929a015a0bffff","count":1,"c3":1,"c6":1,"c12":1,"c24":1,"score":0.9,"risk":2,"peakDay":"Sunday","peakTime":"morning","hood":"Victoria","bk12":{"morning":1,"afternoon":0,"evening":0,"night":0},"bk24":{"morning":1,"afternoon":0,"evening":0,"night":0},"sv12":1,"recent":[{"d":"2026-06-14","day":"Sun","time":"11:00","desc":"Motor Vehicle Theft","res":""}]}},{"type":"Feature","geometry":{"type":"Polygon","coordinates":[[[-117.44998781822547,33.923842353452144],[-117.44884856144073,33.925534436785604],[-117.45002541519138,33.92716343959873],[-117.45234153993798,33.92710033458809],[-117.45348074266961,33.925408242927205],[-117.45230387471055,33.923779264604235],[-117.44998781822547,33.923842353452144],[-117.44998781822547,33.923842353452144]]]},"properties":{"h3":"8929a014e27ffff","count":2,"c3":2,"c6":2,"c12":2,"c24":2,"score":1.9,"risk":4,"peakDay":"Sunday","peakTime":"evening","hood":"Arlanza","bk12":{"morning":1,"afternoon":0,"evening":1,"night":0},"bk24":{"morning":1,"afternoon":0,"evening":1,"night":0},"sv12":2,"recent":[{"d":"2026-07-10","day":"Fri","time":"06:33","desc":"Motor Vehicle Theft","res":""},{"d":"2026-06-14","day":"Sun","time":"18:06","desc":"Motor Vehicle Theft","res":""}]}},{"type":"Feature","geometry":{"type":"Polygon","coordinates":[[[-117.47428596636283,33.921517307297215],[-117.47314722013068,33.923209541648376],[-117.47432427885973,33.92483825480992],[-117.47664009795638,33.924774709115525],[-117.47777879007897,33.92308246646969],[-117.4766017172173,33.921453777812765],[-117.47428596636283,33.921517307297215],[-117.47428596636283,33.921517307297215]]]},"properties":{"h3":"8929a0148b3ffff","count":1,"c3":1,"c6":1,"c12":1,"c24":1,"score":0.9,"risk":2,"peakDay":"Sunday","peakTime":"evening","hood":"La Sierra","bk12":{"morning":0,"afternoon":0,"evening":1,"night":0},"bk24":{"morning":0,"afternoon":0,"evening":1,"night":0},"sv12":1,"recent":[{"d":"2026-06-28","day":"Sun","time":"17:56","desc":"Motor Vehicle Theft","res":""}]}},{"type":"Feature","geometry":{"type":"Polygon","coordinates":[[[-117.33529379122014,33.92525082876857],[-117.33415222597348,33.92694226203871],[-117.33532800618373,33.928572740718685],[-117.33764536620713,33.92851176170084],[-117.33878687767724,33.92682031994545],[-117.3376110829033,33.925189865693],[-117.33529379122014,33.92525082876857],[-117.33529379122014,33.92525082876857]]]},"properties":{"h3":"8929a01537bffff","count":1,"c3":1,"c6":1,"c12":1,"c24":1,"score":0.9,"risk":2,"peakDay":"Tuesday","peakTime":"morning","hood":"Mission Grove","bk12":{"morning":1,"afternoon":0,"evening":0,"night":0},"bk24":{"morning":1,"afternoon":0,"evening":0,"night":0},"sv12":1,"recent":[{"d":"2026-06-30","day":"Tue","time":"08:32","desc":"Motor Vehicle Theft","res":""}]}},{"type":"Feature","geometry":{"type":"Polygon","coordinates":[[[-117.3360812477027,34.00163891644998],[-117.3349389192908,34.003329809874],[-117.33611550925734,34.004959382222424],[-117.33843444221971,34.0048980367701],[-117.33957671677972,34.003207134891944],[-117.33840011223201,34.00157758692007],[-117.3360812477027,34.00163891644998],[-117.3360812477027,34.00163891644998]]]},"properties":{"h3":"8929a0072d3ffff","count":1,"c3":1,"c6":1,"c12":1,"c24":1,"score":1,"risk":2,"peakDay":"Wednesday","peakTime":"evening","hood":"Hunter Industrial Park","bk12":{"morning":0,"afternoon":0,"evening":1,"night":0},"bk24":{"morning":0,"afternoon":0,"evening":1,"night":0},"sv12":1,"recent":[{"d":"2026-07-15","day":"Wed","time":"17:21","desc":"Motor Vehicle Theft","res":""}]}},{"type":"Feature","geometry":{"type":"Polygon","coordinates":[[[-117.31793014340951,33.927367710341585],[-117.3167882098952,33.92905903103077],[-117.31796384676639,33.9306897103902],[-117.32028143177268,33.930629044643574],[-117.32142331155057,33.92893771544604],[-117.32024766006144,33.927307060503296],[-117.31793014340951,33.927367710341585],[-117.31793014340951,33.927367710341585]]]},"properties":{"h3":"8929a002c13ffff","count":1,"c3":1,"c6":1,"c12":1,"c24":1,"score":1,"risk":2,"peakDay":"Thursday","peakTime":"morning","hood":"Mission Grove","bk12":{"morning":1,"afternoon":0,"evening":0,"night":0},"bk24":{"morning":1,"afternoon":0,"evening":0,"night":0},"sv12":1,"recent":[{"d":"2026-07-16","day":"Thu","time":"10:48","desc":"Motor Vehicle Theft","res":""}]}},{"type":"Feature","geometry":{"type":"Polygon","coordinates":[[[-117.33604698817572,33.99831838757443],[-117.3349046929661,34.00000930458769],[-117.3360812477027,34.00163891644998],[-117.33840011223201,34.00157758692007],[-117.339542353593,33.99988666145131],[-117.33836578427605,33.99825707396779],[-117.33604698817572,33.99831838757443],[-117.33604698817572,33.99831838757443]]]},"properties":{"h3":"8929a00766bffff","count":1,"c3":1,"c6":1,"c12":1,"c24":1,"score":1,"risk":2,"peakDay":"Monday","peakTime":"morning","hood":"Hunter Industrial Park","bk12":{"morning":1,"afternoon":0,"evening":0,"night":0},"bk24":{"morning":1,"afternoon":0,"evening":0,"night":0},"sv12":1,"recent":[{"d":"2026-07-27","day":"Mon","time":"08:48","desc":"Motor Vehicle Theft","res":""}]}},{"type":"Feature","geometry":{"type":"Polygon","coordinates":[[[-117.45359385077379,33.93537114680742],[-117.45245454898374,33.937063168750086],[-117.45363155793413,33.93869198945725],[-117.45594788287755,33.93862876373731],[-117.45708713059467,33.93693673347678],[-117.4559101074441,33.93530793725387],[-117.45359385077379,33.93537114680742],[-117.45359385077379,33.93537114680742]]]},"properties":{"h3":"8929a014ab7ffff","count":1,"c3":1,"c6":1,"c12":1,"c24":1,"score":1,"risk":2,"peakDay":"Thursday","peakTime":"evening","hood":"Arlanza","bk12":{"morning":0,"afternoon":0,"evening":1,"night":0},"bk24":{"morning":0,"afternoon":0,"evening":1,"night":0},"sv12":1,"recent":[{"d":"2026-07-30","day":"Thu","time":"17:03","desc":"Motor Vehicle Theft","res":""}]}}]}