{"type":"FeatureCollection","generated_at":"2026-10-07T18:06:27.652Z","city":"nsh","res":9,"months":24,"cells":720,"incidents":4515,"monthly":{"2024-10":21,"2024-11":58,"2024-12":51,"2025-01":71,"2025-02":50,"2025-03":59,"2025-04":40,"2025-05":73,"2025-06":65,"2025-07":989,"2025-08":910,"2025-09":965,"2025-10":333,"2025-11":86,"2025-12":186,"2026-01":298,"2026-02":217,"2026-03":43},"features":[{"type":"Feature","geometry":{"type":"Polygon","coordinates":[[[-86.79017772574063,36.14879973655734],[-86.78871889028406,36.15006648175919],[-86.78936547500342,36.15183345588649],[-86.791470974432,36.15233370334309],[-86.7929298486951,36.15106694168039],[-86.7922831847239,36.14929994902242],[-86.79017772574063,36.14879973655734],[-86.79017772574063,36.14879973655734]]]},"properties":{"h3":"89264d102c7ffff","count":103,"c3":0,"c6":0,"c12":18,"c24":103,"score":46.9,"risk":48,"peakDay":"Friday","peakTime":"night","hood":"","bk12":{"morning":3,"afternoon":4,"evening":5,"night":6},"bk24":{"morning":21,"afternoon":8,"evening":35,"night":39},"recent":[{"d":"2026-01-16","day":"Fri","time":"15:00","desc":"BURGLARY- MOTOR VEHICLE","res":"unsolved"},{"d":"2026-01-12","day":"Mon","time":"03:15","desc":"BURGLARY - MOTOR VEHICLE","res":"unsolved"},{"d":"2026-01-12","day":"Mon","time":"03:15","desc":"BURGLARY - MOTOR VEHICLE","res":"unsolved"},{"d":"2026-01-12","day":"Mon","time":"03:15","desc":"BURGLARY - MOTOR VEHICLE","res":"unsolved"},{"d":"2026-01-11","day":"Sun","time":"22:00","desc":"BURGLARY- MOTOR VEHICLE","res":"unsolved"},{"d":"2026-01-11","day":"Sun","time":"17:00","desc":"BURGLARY- MOTOR VEHICLE","res":"unsolved"},{"d":"2026-01-11","day":"Sun","time":"13:00","desc":"BURGLARY- MOTOR VEHICLE","res":"unsolved"},{"d":"2025-12-13","day":"Sat","time":"21:00","desc":"BURGLARY - MOTOR VEHICLE","res":"unsolved"},{"d":"2025-11-01","day":"Sat","time":"08:00","desc":"BURGLARY- MOTOR VEHICLE","res":"unsolved"},{"d":"2025-10-10","day":"Fri","time":"16:00","desc":"BURGLARY - MOTOR VEHICLE","res":"unsolved"}]}},{"type":"Feature","geometry":{"type":"Polygon","coordinates":[[[-86.71981206309809,36.09817622459828],[-86.71835411827286,36.0994424360977],[-86.71899872873747,36.101209546882416],[-86.72110136321442,36.10171046482028],[-86.72255934697681,36.10044423687628],[-86.7219146573259,36.098677107439485],[-86.71981206309809,36.09817622459828],[-86.71981206309809,36.09817622459828]]]},"properties":{"h3":"89264d108b3ffff","count":7,"c3":0,"c6":0,"c12":3,"c24":7,"score":3.4,"risk":3,"peakDay":"Thursday","peakTime":"night","hood":"","bk12":{"morning":0,"afternoon":1,"evening":1,"night":1},"bk24":{"morning":0,"afternoon":1,"evening":2,"night":4},"sv12":2,"recent":[{"d":"2026-02-19","day":"Thu","time":"01:00","desc":"VEHICLE THEFT","res":"unsolved"},{"d":"2026-01-18","day":"Sun","time":"17:00","desc":"BURGLARY- MOTOR VEHICLE","res":"unsolved"},{"d":"2026-01-11","day":"Sun","time":"16:00","desc":"THEFT OF VEHICLE-2,500 OR > BUT<$10,000","res":"unsolved"},{"d":"2025-08-14","day":"Thu","time":"23:30","desc":"BURGLARY- MOTOR VEHICLE","res":"unsolved"},{"d":"2025-07-24","day":"Thu","time":"21:00","desc":"BURGLARY- MOTOR VEHICLE","res":"unsolved"},{"d":"2025-06-08","day":"Sun","time":"01:00","desc":"VEHICLE THEFT","res":"unsolved"},{"d":"2024-10-11","day":"Fri","time":"04:00","desc":"BURGLARY- MOTOR VEHICLE","res":"unsolved"}]}},{"type":"Feature","geometry":{"type":"Polygon","coordinates":[[[-86.7697326731869,36.187494137207146],[-86.76827334420227,36.188759914032545],[-86.76891968820928,36.19052651704049],[-86.77102544051628,36.19102736178507],[-86.77248480838556,36.189761568545414],[-86.77183838506397,36.18799494697594],[-86.7697326731869,36.187494137207146],[-86.7697326731869,36.187494137207146]]]},"properties":{"h3":"89264d131bbffff","count":33,"c3":0,"c6":0,"c12":11,"c24":33,"score":15.5,"risk":16,"peakDay":"Friday","peakTime":"night","hood":"","bk12":{"morning":1,"afternoon":1,"evening":2,"night":7},"bk24":{"morning":3,"afternoon":11,"evening":7,"night":12},"sv12":1,"recent":[{"d":"2026-02-16","day":"Mon","time":"15:00","desc":"BURGLARY- MOTOR VEHICLE","res":"unsolved"},{"d":"2026-02-11","day":"Wed","time":"23:25","desc":"BURGLARY- MOTOR VEHICLE","res":"unsolved"},{"d":"2026-02-11","day":"Wed","time":"23:25","desc":"BURGLARY- MOTOR VEHICLE","res":"unsolved"},{"d":"2025-12-14","day":"Sun","time":"04:00","desc":"VEHICLE THEFT","res":"unsolved"},{"d":"2025-12-14","day":"Sun","time":"04:00","desc":"BURGLARY - MOTOR VEHICLE","res":"unsolved"},{"d":"2025-12-14","day":"Sun","time":"04:00","desc":"BURGLARY - MOTOR VEHICLE","res":"unsolved"},{"d":"2025-12-14","day":"Sun","time":"04:00","desc":"BURGLARY - MOTOR VEHICLE","res":"unsolved"},{"d":"2025-12-14","day":"Sun","time":"04:00","desc":"BURGLARY - MOTOR VEHICLE","res":"unsolved"},{"d":"2025-12-13","day":"Sat","time":"21:00","desc":"BURGLARY - MOTOR VEHICLE","res":"unsolved"},{"d":"2025-12-11","day":"Thu","time":"17:30","desc":"BURGLARY- MOTOR VEHICLE","res":"unsolved"}]}},{"type":"Feature","geometry":{"type":"Polygon","coordinates":[[[-86.7781742761007,36.16853239564677],[-86.77671519296342,36.16979861795643],[-86.77736161774925,36.171565397418064],[-86.77946720495723,36.17206597311957],[-86.78092632694462,36.17079973437408],[-86.7802798228747,36.16903293636338],[-86.7781742761007,36.16853239564677],[-86.7781742761007,36.16853239564677]]]},"properties":{"h3":"89264d1068fffff","count":54,"c3":0,"c6":0,"c12":3,"c24":54,"score":23.2,"risk":24,"peakDay":"Saturday","peakTime":"night","hood":"","bk12":{"morning":1,"afternoon":1,"evening":0,"night":1},"bk24":{"morning":6,"afternoon":7,"evening":15,"night":26},"sv12":2,"recent":[{"d":"2026-03-02","day":"Mon","time":"09:00","desc":"VEHICLE THEFT","res":"unsolved"},{"d":"2026-02-16","day":"Mon","time":"00:19","desc":"VEHICLE THEFT","res":"unsolved"},{"d":"2025-10-08","day":"Wed","time":"15:30","desc":"BURGLARY- MOTOR VEHICLE","res":"unsolved"},{"d":"2025-09-14","day":"Sun","time":"22:34","desc":"BURGLARY - MOTOR VEHICLE","res":"unsolved"},{"d":"2025-09-14","day":"Sun","time":"22:34","desc":"BURGLARY - MOTOR VEHICLE","res":"unsolved"},{"d":"2025-09-13","day":"Sat","time":"23:27","desc":"BURGLARY - MOTOR VEHICLE","res":"unsolved"},{"d":"2025-09-11","day":"Thu","time":"05:50","desc":"BURGLARY- MOTOR VEHICLE","res":"unsolved"},{"d":"2025-09-06","day":"Sat","time":"12:00","desc":"BURGLARY- MOTOR VEHICLE","res":"unsolved"},{"d":"2025-09-06","day":"Sat","time":"12:00","desc":"BURGLARY- MOTOR VEHICLE","res":"unsolved"},{"d":"2025-09-06","day":"Sat","time":"12:00","desc":"BURGLARY- MOTOR VEHICLE","res":"unsolved"}]}},{"type":"Feature","geometry":{"type":"Polygon","coordinates":[[[-86.64736891331029,36.16799305592594],[-86.64591017379028,36.169256861318544],[-86.64655350933795,36.171023175689726],[-86.64865566371095,36.1715257034358],[-86.65011444239379,36.17026188171146],[-86.64947102754158,36.168495548573276],[-86.64736891331029,36.16799305592594],[-86.64736891331029,36.16799305592594]]]},"properties":{"h3":"89264d8d16bffff","count":4,"c3":0,"c6":0,"c12":1,"c24":4,"score":1.8,"risk":2,"peakDay":"Friday","peakTime":"morning","hood":"","bk12":{"morning":0,"afternoon":1,"evening":0,"night":0},"bk24":{"morning":2,"afternoon":1,"evening":0,"night":1},"recent":[{"d":"2026-01-02","day":"Fri","time":"16:00","desc":"BURGLARY- MOTOR VEHICLE","res":"unsolved"},{"d":"2025-09-15","day":"Mon","time":"07:15","desc":"BURGLARY- MOTOR VEHICLE","res":"unsolved"},{"d":"2025-09-15","day":"Mon","time":"07:15","desc":"BURGLARY- MOTOR VEHICLE","res":"unsolved"},{"d":"2024-10-18","day":"Fri","time":"03:30","desc":"BURGLARY- MOTOR VEHICLE","res":"unsolved"}]}},{"type":"Feature","geometry":{"type":"Polygon","coordinates":[[[-86.77004585120115,36.19885847089627],[-86.768586361279,36.20012408015046],[-86.76923278360235,36.2018905962889],[-86.7713387751806,36.2023915217337],[-86.77279830399517,36.20112589607389],[-86.77215180233986,36.1993593613754],[-86.77004585120115,36.19885847089627],[-86.77004585120115,36.19885847089627]]]},"properties":{"h3":"89264d1352bffff","count":18,"c3":0,"c6":0,"c12":1,"c24":18,"score":7.8,"risk":8,"peakDay":"Friday","peakTime":"night","hood":"","bk12":{"morning":0,"afternoon":0,"evening":0,"night":1},"bk24":{"morning":2,"afternoon":1,"evening":3,"night":12},"recent":[{"d":"2025-10-14","day":"Tue","time":"22:00","desc":"BURGLARY- MOTOR VEHICLE","res":"unsolved"},{"d":"2025-10-02","day":"Thu","time":"00:30","desc":"BURGLARY- MOTOR VEHICLE","res":"unsolved"},{"d":"2025-09-24","day":"Wed","time":"00:00","desc":"BURGLARY - MOTOR VEHICLE","res":"unsolved"},{"d":"2025-09-22","day":"Mon","time":"17:15","desc":"BURGLARY- MOTOR VEHICLE","res":"unsolved"},{"d":"2025-09-21","day":"Sun","time":"02:00","desc":"BURGLARY- MOTOR VEHICLE","res":"unsolved"},{"d":"2025-09-21","day":"Sun","time":"02:00","desc":"BURGLARY- MOTOR VEHICLE","res":"unsolved"},{"d":"2025-09-20","day":"Sat","time":"21:35","desc":"BURGLARY- MOTOR VEHICLE","res":"unsolved"},{"d":"2025-09-07","day":"Sun","time":"04:00","desc":"BURGLARY - MOTOR VEHICLE","res":"unsolved"},{"d":"2025-09-07","day":"Sun","time":"04:00","desc":"BURGLARY - MOTOR VEHICLE","res":"unsolved"},{"d":"2025-08-22","day":"Fri","time":"23:30","desc":"BURGLARY- MOTOR VEHICLE","res":"unsolved"}]}},{"type":"Feature","geometry":{"type":"Polygon","coordinates":[[[-86.76829370648568,36.16779605184969],[-86.76683465860991,36.169062102313816],[-86.76748084578723,36.17082885238197],[-86.7695861601258,36.17132957055208],[-86.77104524687486,36.17006350365939],[-86.77039898041288,36.16829673502564],[-86.76829370648568,36.16779605184969],[-86.76829370648568,36.16779605184969]]]},"properties":{"h3":"89264d1044fffff","count":22,"c3":0,"c6":0,"c12":6,"c24":22,"score":10.3,"risk":10,"peakDay":"Monday","peakTime":"night","hood":"","bk12":{"morning":1,"afternoon":1,"evening":0,"night":4},"bk24":{"morning":8,"afternoon":1,"evening":5,"night":8},"sv12":1,"recent":[{"d":"2026-02-24","day":"Tue","time":"10:36","desc":"BURGLARY- MOTOR VEHICLE","res":"unsolved"},{"d":"2026-02-07","day":"Sat","time":"14:00","desc":"VEHICLE THEFT","res":"unsolved"},{"d":"2025-10-10","day":"Fri","time":"00:00","desc":"BURGLARY- MOTOR VEHICLE","res":"unsolved"},{"d":"2025-10-10","day":"Fri","time":"00:00","desc":"BURGLARY- MOTOR VEHICLE","res":"unsolved"},{"d":"2025-10-10","day":"Fri","time":"00:00","desc":"BURGLARY- MOTOR VEHICLE","res":"unsolved"},{"d":"2025-10-10","day":"Fri","time":"00:00","desc":"BURGLARY- MOTOR VEHICLE","res":"unsolved"},{"d":"2025-10-04","day":"Sat","time":"23:00","desc":"BURGLARY- MOTOR VEHICLE","res":"unsolved"},{"d":"2025-09-30","day":"Tue","time":"19:00","desc":"BURGLARY- MOTOR VEHICLE","res":"unsolved"},{"d":"2025-09-16","day":"Tue","time":"06:20","desc":"VEHICLE THEFT","res":"unsolved"},{"d":"2025-09-15","day":"Mon","time":"06:00","desc":"BURGLARY- MOTOR VEHICLE","res":"unsolved"}]}},{"type":"Feature","geometry":{"type":"Polygon","coordinates":[[[-86.76085320708333,36.157960643532434],[-86.75939431650421,36.15922670597785],[-86.76004026688125,36.16099350539819],[-86.76214518710907,36.161494260952416],[-86.76360411657197,36.16022818207667],[-86.76295808692406,36.158461364077496],[-86.76085320708333,36.157960643532434],[-86.76085320708333,36.157960643532434]]]},"properties":{"h3":"89264d1009bffff","count":13,"c3":0,"c6":0,"c12":3,"c24":13,"score":5.7,"risk":6,"peakDay":"Friday","peakTime":"evening","hood":"","bk12":{"morning":0,"afternoon":0,"evening":3,"night":0},"bk24":{"morning":1,"afternoon":0,"evening":10,"night":2},"recent":[{"d":"2025-10-30","day":"Thu","time":"20:00","desc":"BURGLARY- MOTOR VEHICLE","res":"unsolved"},{"d":"2025-10-30","day":"Thu","time":"20:00","desc":"BURGLARY- MOTOR VEHICLE","res":"unsolved"},{"d":"2025-10-30","day":"Thu","time":"20:00","desc":"BURGLARY- MOTOR VEHICLE","res":"unsolved"},{"d":"2025-09-26","day":"Fri","time":"21:00","desc":"BURGLARY- MOTOR VEHICLE","res":"unsolved"},{"d":"2025-09-26","day":"Fri","time":"21:00","desc":"BURGLARY- MOTOR VEHICLE","res":"unsolved"},{"d":"2025-09-26","day":"Fri","time":"21:00","desc":"BURGLARY- MOTOR VEHICLE","res":"unsolved"},{"d":"2025-09-17","day":"Wed","time":"07:58","desc":"BURGLARY- MOTOR VEHICLE","res":"unsolved"},{"d":"2025-08-27","day":"Wed","time":"03:00","desc":"LARC - PARTS FROM VEH","res":"unsolved"},{"d":"2025-08-26","day":"Tue","time":"17:30","desc":"LARC - PARTS FROM VEH","res":"unsolved"},{"d":"2025-07-26","day":"Sat","time":"23:05","desc":"LARC - PARTS FROM VEH","res":"unsolved"}]}},{"type":"Feature","geometry":{"type":"Polygon","coordinates":[[[-86.78061200570885,36.159432865062364],[-86.7791530445747,36.160699271160695],[-86.77979947007773,36.162466129453854],[-86.78190493598548,36.16296660019492],[-86.7833639359571,36.16170017765166],[-86.7827174311843,36.159933300812746],[-86.78061200570885,36.159432865062364],[-86.78061200570885,36.159432865062364]]]},"properties":{"h3":"89264d1063bffff","count":214,"c3":0,"c6":0,"c12":29,"c24":214,"score":98.4,"risk":100,"peakDay":"Friday","peakTime":"night","hood":"","bk12":{"morning":7,"afternoon":3,"evening":10,"night":9},"bk24":{"morning":25,"afternoon":23,"evening":65,"night":101},"sv12":4,"recent":[{"d":"2026-03-04","day":"Wed","time":"19:57","desc":"VEHICLE THEFT","res":"closed"},{"d":"2026-03-03","day":"Tue","time":"23:48","desc":"VEHICLE THEFT","res":"unsolved"},{"d":"2026-02-14","day":"Sat","time":"09:00","desc":"LARC - PARTS FROM VEH","res":"unsolved"},{"d":"2026-02-11","day":"Wed","time":"10:15","desc":"BURGLARY - MOTOR VEHICLE","res":"unsolved"},{"d":"2026-02-11","day":"Wed","time":"10:15","desc":"BURGLARY - MOTOR VEHICLE","res":"unsolved"},{"d":"2026-02-07","day":"Sat","time":"20:18","desc":"BURGLARY- MOTOR VEHICLE","res":"unsolved"},{"d":"2026-02-06","day":"Fri","time":"23:12","desc":"BURGLARY - MOTOR VEHICLE","res":"unsolved"},{"d":"2026-02-03","day":"Tue","time":"20:00","desc":"BURGLARY- MOTOR VEHICLE","res":"unsolved"},{"d":"2026-02-03","day":"Tue","time":"20:00","desc":"BURGLARY- MOTOR VEHICLE","res":"unsolved"},{"d":"2026-01-30","day":"Fri","time":"00:01","desc":"BURGLARY- MOTOR VEHICLE","res":"unsolved"}]}},{"type":"Feature","geometry":{"type":"Polygon","coordinates":[[[-86.8483357080754,36.20777231015888],[-86.84687589773092,36.209039233687264],[-86.84752422224861,36.210805956163846],[-86.84963243644331,36.21130577354121],[-86.85109228549845,36.210038833551884],[-86.85044388164904,36.20827209264663],[-86.8483357080754,36.20777231015888],[-86.8483357080754,36.20777231015888]]]},"properties":{"h3":"89264dc4d7bffff","count":2,"c3":0,"c6":0,"c12":1,"c24":2,"score":0.8,"risk":1,"peakDay":"Sunday","peakTime":"afternoon","hood":"","bk12":{"morning":0,"afternoon":0,"evening":0,"night":1},"bk24":{"morning":0,"afternoon":1,"evening":0,"night":1},"recent":[{"d":"2026-01-04","day":"Sun","time":"01:37","desc":"BURGLARY- MOTOR VEHICLE","res":"unsolved"},{"d":"2024-10-20","day":"Sun","time":"16:00","desc":"BURGLARY- MOTOR VEHICLE","res":"unsolved"}]}},{"type":"Feature","geometry":{"type":"Polygon","coordinates":[[[-86.8182010645472,36.15706736672178],[-86.81674204280917,36.15833450504708],[-86.81738933980913,36.16010151449838],[-86.8194957378075,36.160601404108085],[-86.82095479829086,36.15933424930617],[-86.82030742203135,36.157567221371636],[-86.8182010645472,36.15706736672178],[-86.8182010645472,36.15706736672178]]]},"properties":{"h3":"89264d1154fffff","count":16,"c3":0,"c6":0,"c12":2,"c24":16,"score":7.2,"risk":7,"peakDay":"Friday","peakTime":"night","hood":"","bk12":{"morning":0,"afternoon":1,"evening":1,"night":0},"bk24":{"morning":3,"afternoon":2,"evening":4,"night":7},"recent":[{"d":"2026-02-28","day":"Sat","time":"20:00","desc":"BURGLARY- MOTOR VEHICLE","res":"unsolved"},{"d":"2026-02-15","day":"Sun","time":"12:00","desc":"BURGLARY- MOTOR VEHICLE","res":"unsolved"},{"d":"2025-09-29","day":"Mon","time":"07:30","desc":"VEHICLE THEFT","res":"unsolved"},{"d":"2025-09-28","day":"Sun","time":"22:00","desc":"THEFT OF VEHICLE-2,500 OR > BUT<$10,000","res":"unsolved"},{"d":"2025-09-04","day":"Thu","time":"13:40","desc":"BURGLARY - MOTOR VEHICLE","res":"unsolved"},{"d":"2025-09-01","day":"Mon","time":"00:01","desc":"BURGLARY- MOTOR VEHICLE","res":"unsolved"},{"d":"2025-09-01","day":"Mon","time":"00:01","desc":"BURGLARY- MOTOR VEHICLE","res":"unsolved"},{"d":"2025-08-10","day":"Sun","time":"05:05","desc":"BURGLARY - MOTOR VEHICLE","res":"unsolved"},{"d":"2025-07-28","day":"Mon","time":"00:00","desc":"LARC - PARTS FROM VEH","res":"unsolved"},{"d":"2025-07-25","day":"Fri","time":"00:00","desc":"BURGLARY- MOTOR VEHICLE","res":"unsolved"}]}},{"type":"Feature","geometry":{"type":"Polygon","coordinates":[[[-86.6591213017055,36.03690350671463],[-86.6576643751648,36.03816952335124],[-86.65830717461813,36.03993687910421],[-86.66040697971535,36.04043823697902],[-86.66186394529194,36.039172203897934],[-86.66122106673622,36.03740482938699],[-86.6591213017055,36.03690350671463],[-86.6591213017055,36.03690350671463]]]},"properties":{"h3":"89264d142cfffff","count":13,"c3":0,"c6":0,"c12":3,"c24":13,"score":6,"risk":6,"peakDay":"Monday","peakTime":"evening","hood":"","bk12":{"morning":0,"afternoon":1,"evening":2,"night":0},"bk24":{"morning":3,"afternoon":3,"evening":4,"night":3},"sv12":2,"recent":[{"d":"2026-03-04","day":"Wed","time":"16:30","desc":"VEHICLE THEFT","res":"unsolved"},{"d":"2026-02-20","day":"Fri","time":"21:55","desc":"BURGLARY- MOTOR VEHICLE","res":"unsolved"},{"d":"2026-01-22","day":"Thu","time":"21:55","desc":"VEHICLE THEFT","res":"unsolved"},{"d":"2025-09-06","day":"Sat","time":"08:00","desc":"VEHICLE THEFT","res":"unsolved"},{"d":"2025-09-02","day":"Tue","time":"03:10","desc":"BURGLARY- MOTOR VEHICLE","res":"unsolved"},{"d":"2025-08-24","day":"Sun","time":"20:00","desc":"VEHICLE THEFT","res":"unsolved"},{"d":"2025-08-11","day":"Mon","time":"02:00","desc":"VEHICLE THEFT","res":"unsolved"},{"d":"2025-08-04","day":"Mon","time":"16:00","desc":"BURGLARY- MOTOR VEHICLE","res":"unsolved"},{"d":"2025-07-21","day":"Mon","time":"18:00","desc":"LARC - PARTS FROM VEH","res":"unsolved"},{"d":"2025-07-15","day":"Tue","time":"00:43","desc":"VEHICLE THEFT","res":"unsolved"}]}},{"type":"Feature","geometry":{"type":"Polygon","coordinates":[[[-86.74880064752885,36.07764422514961],[-86.74734291723875,36.07891128551372],[-86.74798808338248,36.080678656939334],[-86.7500910589673,36.08117898660671],[-86.75154882810983,36.07991190975874],[-86.75090358281591,36.07814451972775],[-86.74880064752885,36.07764422514961],[-86.74880064752885,36.07764422514961]]]},"properties":{"h3":"89264d10b5bffff","count":2,"c3":0,"c6":0,"c12":0,"c24":2,"score":0.7,"risk":1,"peakDay":"Wednesday","peakTime":"morning","hood":"","bk12":{"morning":0,"afternoon":0,"evening":0,"night":0},"bk24":{"morning":1,"afternoon":0,"evening":0,"night":1},"recent":[{"d":"2025-08-12","day":"Tue","time":"23:30","desc":"BURGLARY- MOTOR VEHICLE","res":"unsolved"},{"d":"2024-10-30","day":"Wed","time":"11:00","desc":"BURGLARY- MOTOR VEHICLE","res":"unsolved"}]}},{"type":"Feature","geometry":{"type":"Polygon","coordinates":[[[-86.91883914060062,36.069523069486976],[-86.91738110371614,36.07079339953665],[-86.91803022470437,36.07256143396701],[-86.92013746168521,36.07305915667022],[-86.92159553700746,36.07178880999571],[-86.92094633691191,36.07002075724334],[-86.91883914060062,36.069523069486976],[-86.91883914060062,36.069523069486976]]]},"properties":{"h3":"89264d18e33ffff","count":2,"c3":0,"c6":0,"c12":1,"c24":2,"score":0.8,"risk":1,"peakDay":"Thursday","peakTime":"night","hood":"","bk12":{"morning":0,"afternoon":1,"evening":0,"night":0},"bk24":{"morning":0,"afternoon":1,"evening":0,"night":1},"recent":[{"d":"2025-12-12","day":"Fri","time":"14:30","desc":"BURGLARY- MOTOR VEHICLE","res":"unsolved"},{"d":"2024-10-31","day":"Thu","time":"00:00","desc":"LARC - PARTS FROM VEH","res":"unsolved"}]}},{"type":"Feature","geometry":{"type":"Polygon","coordinates":[[[-86.7088248942076,36.08910386308177],[-86.70736710517973,36.090370008806914],[-86.70801140022294,36.092137149150375],[-86.71011356346905,36.092638162440274],[-86.71157139145353,36.09137200027217],[-86.71092701723609,36.0896048412576],[-86.7088248942076,36.08910386308177],[-86.7088248942076,36.08910386308177]]]},"properties":{"h3":"89264d1099bffff","count":2,"c3":0,"c6":0,"c12":0,"c24":2,"score":0.7,"risk":1,"peakDay":"Thursday","peakTime":"night","hood":"","bk12":{"morning":0,"afternoon":0,"evening":0,"night":0},"bk24":{"morning":0,"afternoon":0,"evening":0,"night":2},"recent":[{"d":"2025-07-15","day":"Tue","time":"23:55","desc":"BURGLARY- MOTOR VEHICLE","res":"unsolved"},{"d":"2024-10-31","day":"Thu","time":"22:30","desc":"BURGLARY - MOTOR VEHICLE","res":"unsolved"}]}},{"type":"Feature","geometry":{"type":"Polygon","coordinates":[[[-86.69865448405682,36.076997666096744],[-86.69719689143251,36.078263807190105],[-86.69784087150836,36.08003100290358],[-86.69994252336667,36.080532076213224],[-86.7014001549628,36.07926591867549],[-86.70075609572957,36.077498704272976],[-86.69865448405682,36.076997666096744],[-86.69865448405682,36.076997666096744]]]},"properties":{"h3":"89264d109a7ffff","count":11,"c3":0,"c6":0,"c12":0,"c24":11,"score":4.6,"risk":5,"peakDay":"Sunday","peakTime":"night","hood":"","bk12":{"morning":0,"afternoon":0,"evening":0,"night":0},"bk24":{"morning":1,"afternoon":2,"evening":3,"night":5},"recent":[{"d":"2025-09-11","day":"Thu","time":"01:00","desc":"THEFT OF VEHICLE-2,500 OR > BUT<$10,000","res":"unsolved"},{"d":"2025-09-02","day":"Tue","time":"16:00","desc":"BURGLARY- MOTOR VEHICLE","res":"unsolved"},{"d":"2025-07-24","day":"Thu","time":"22:00","desc":"THEFT OF VEHICLE->$1,000 BUT <$2,500","res":"unsolved"},{"d":"2025-07-22","day":"Tue","time":"09:15","desc":"BURGLARY- MOTOR VEHICLE","res":"unsolved"},{"d":"2025-07-22","day":"Tue","time":"01:30","desc":"VEHICLE THEFT","res":"unsolved"},{"d":"2025-07-21","day":"Mon","time":"21:00","desc":"THEFT OF VEHICLE-2,500 OR > BUT<$10,000","res":"unsolved"},{"d":"2025-07-20","day":"Sun","time":"21:00","desc":"BURGLARY- MOTOR VEHICLE","res":"unsolved"},{"d":"2025-07-20","day":"Sun","time":"12:00","desc":"BURGLARY- MOTOR VEHICLE","res":"unsolved"},{"d":"2025-07-20","day":"Sun","time":"00:01","desc":"BURGLARY- MOTOR VEHICLE","res":"unsolved"},{"d":"2025-07-16","day":"Wed","time":"17:15","desc":"BURGLARY- MOTOR VEHICLE","res":"unsolved"}]}},{"type":"Feature","geometry":{"type":"Polygon","coordinates":[[[-86.68767376626201,36.06792434547034],[-86.68621632957345,36.06919042079017],[-86.68685999445626,36.07095764564419],[-86.68896117517363,36.071458813886885],[-86.69041865085336,36.07019272212427],[-86.6897749068253,36.06842547856221],[-86.68767376626201,36.06792434547034],[-86.68767376626201,36.06792434547034]]]},"properties":{"h3":"89264d1548fffff","count":12,"c3":0,"c6":0,"c12":2,"c24":12,"score":5.4,"risk":6,"peakDay":"Monday","peakTime":"night","hood":"","bk12":{"morning":0,"afternoon":1,"evening":1,"night":0},"bk24":{"morning":3,"afternoon":2,"evening":3,"night":4},"recent":[{"d":"2026-02-24","day":"Tue","time":"17:00","desc":"LARC - PARTS FROM VEH","res":"unsolved"},{"d":"2025-12-26","day":"Fri","time":"12:00","desc":"LARC - PARTS FROM VEH","res":"unsolved"},{"d":"2025-09-18","day":"Thu","time":"22:00","desc":"VEHICLE THEFT","res":"unsolved"},{"d":"2025-08-20","day":"Wed","time":"15:00","desc":"VEHICLE THEFT","res":"unsolved"},{"d":"2025-08-18","day":"Mon","time":"04:30","desc":"VEHICLE THEFT","res":"unsolved"},{"d":"2025-08-18","day":"Mon","time":"00:01","desc":"LARC - PARTS FROM VEH","res":"unsolved"},{"d":"2025-07-28","day":"Mon","time":"23:00","desc":"VEHICLE THEFT","res":"unsolved"},{"d":"2025-07-26","day":"Sat","time":"06:25","desc":"LARC - PARTS FROM VEH","res":"unsolved"},{"d":"2025-07-15","day":"Tue","time":"21:00","desc":"VEHICLE THEFT","res":"unsolved"},{"d":"2025-07-15","day":"Tue","time":"05:00","desc":"VEHICLE THEFT","res":"unsolved"}]}},{"type":"Feature","geometry":{"type":"Polygon","coordinates":[[[-86.67033514848788,36.25731334883241],[-86.66887508919643,36.25857621537622],[-86.66951952272655,36.2603419216656],[-86.67162409498688,36.26084478013251],[-86.6730841934539,36.25958189730842],[-86.6724396804858,36.257816172298185],[-86.67033514848788,36.25731334883241],[-86.67033514848788,36.25731334883241]]]},"properties":{"h3":"89264d88dc3ffff","count":1,"c3":0,"c6":0,"c12":0,"c24":1,"score":0.3,"risk":0,"peakDay":"Friday","peakTime":"evening","hood":"","bk12":{"morning":0,"afternoon":0,"evening":0,"night":0},"bk24":{"morning":0,"afternoon":0,"evening":1,"night":0},"recent":[{"d":"2024-11-01","day":"Fri","time":"19:00","desc":"BURGLARY- MOTOR VEHICLE","res":"unsolved"}]}},{"type":"Feature","geometry":{"type":"Polygon","coordinates":[[[-86.77854321433298,36.11699200347075],[-86.77708485562898,36.11825901704605],[-86.77773096775907,36.120026194174784],[-86.77983551779917,36.12052637628137],[-86.78129391531381,36.11925934622951],[-86.7806477239785,36.11749215054811],[-86.77854321433298,36.11699200347075],[-86.77854321433298,36.11699200347075]]]},"properties":{"h3":"89264d11dd3ffff","count":12,"c3":0,"c6":0,"c12":7,"c24":12,"score":6,"risk":6,"peakDay":"Saturday","peakTime":"night","hood":"","bk12":{"morning":2,"afternoon":2,"evening":1,"night":2},"bk24":{"morning":3,"afternoon":3,"evening":1,"night":5},"sv12":1,"recent":[{"d":"2026-02-22","day":"Sun","time":"13:25","desc":"BURGLARY- MOTOR VEHICLE","res":"unsolved"},{"d":"2026-02-22","day":"Sun","time":"13:25","desc":"BURGLARY- MOTOR VEHICLE","res":"unsolved"},{"d":"2025-12-27","day":"Sat","time":"22:30","desc":"VEHICLE THEFT","res":"unsolved"},{"d":"2025-12-27","day":"Sat","time":"22:30","desc":"BURGLARY- MOTOR VEHICLE","res":"unsolved"},{"d":"2025-12-27","day":"Sat","time":"20:00","desc":"BURGLARY- MOTOR VEHICLE","res":"unsolved"},{"d":"2025-10-11","day":"Sat","time":"10:30","desc":"BURGLARY- MOTOR VEHICLE","res":"unsolved"},{"d":"2025-10-11","day":"Sat","time":"10:30","desc":"BURGLARY- MOTOR VEHICLE","res":"unsolved"},{"d":"2025-10-06","day":"Mon","time":"23:00","desc":"BURGLARY- MOTOR VEHICLE","res":"unsolved"},{"d":"2025-09-26","day":"Fri","time":"11:00","desc":"BURGLARY- MOTOR VEHICLE","res":"unsolved"},{"d":"2025-07-25","day":"Fri","time":"00:00","desc":"LARC - PARTS FROM VEH","res":"unsolved"}]}},{"type":"Feature","geometry":{"type":"Polygon","coordinates":[[[-86.69824347893282,36.228514189708356],[-86.69678375386742,36.229778014708444],[-86.69742866682068,36.231544045007375],[-86.6995333842295,36.23204626898378],[-86.70099314838185,36.23078242765858],[-86.70034815603925,36.22901637868258],[-86.69824347893282,36.228514189708356],[-86.69824347893282,36.228514189708356]]]},"properties":{"h3":"89264d88bc7ffff","count":3,"c3":0,"c6":0,"c12":0,"c24":3,"score":0.8,"risk":1,"peakDay":"Sunday","peakTime":"night","hood":"","bk12":{"morning":0,"afternoon":0,"evening":0,"night":0},"bk24":{"morning":1,"afternoon":0,"evening":0,"night":2},"recent":[{"d":"2024-12-06","day":"Fri","time":"05:20","desc":"VEHICLE THEFT","res":"unsolved"},{"d":"2024-11-03","day":"Sun","time":"23:00","desc":"BURGLARY - MOTOR VEHICLE","res":"unsolved"},{"d":"2024-11-03","day":"Sun","time":"23:00","desc":"BURGLARY - MOTOR VEHICLE","res":"unsolved"}]}},{"type":"Feature","geometry":{"type":"Polygon","coordinates":[[[-86.71807755282568,36.06710250144291],[-86.71662004919203,36.06836915263619],[-86.71726442568081,36.070136493710585],[-86.71936638494316,36.07063720224965],[-86.72082392749483,36.069370534588685],[-86.72017947186691,36.06760317485685],[-86.71807755282568,36.06710250144291],[-86.71807755282568,36.06710250144291]]]},"properties":{"h3":"89264d156d7ffff","count":24,"c3":0,"c6":0,"c12":4,"c24":24,"score":11.1,"risk":11,"peakDay":"Friday","peakTime":"night","hood":"","bk12":{"morning":1,"afternoon":0,"evening":0,"night":3},"bk24":{"morning":6,"afternoon":4,"evening":7,"night":7},"sv12":3,"recent":[{"d":"2026-01-29","day":"Thu","time":"05:00","desc":"BURGLARY- MOTOR VEHICLE","res":"unsolved"},{"d":"2025-12-05","day":"Fri","time":"02:09","desc":"VEHICLE THEFT","res":"closed"},{"d":"2025-12-05","day":"Fri","time":"00:30","desc":"VEHICLE THEFT","res":"unsolved"},{"d":"2025-10-09","day":"Thu","time":"22:00","desc":"VEHICLE THEFT","res":"unsolved"},{"d":"2025-09-17","day":"Wed","time":"09:10","desc":"BURGLARY- MOTOR VEHICLE","res":"unsolved"},{"d":"2025-09-16","day":"Tue","time":"19:00","desc":"BURGLARY- MOTOR VEHICLE","res":"unsolved"},{"d":"2025-09-16","day":"Tue","time":"19:00","desc":"BURGLARY- MOTOR VEHICLE","res":"unsolved"},{"d":"2025-09-09","day":"Tue","time":"17:00","desc":"VEHICLE THEFT","res":"unsolved"},{"d":"2025-09-02","day":"Tue","time":"12:00","desc":"BURGLARY- MOTOR VEHICLE","res":"unsolved"},{"d":"2025-08-30","day":"Sat","time":"11:00","desc":"BURGLARY- MOTOR VEHICLE","res":"unsolved"}]}},{"type":"Feature","geometry":{"type":"Polygon","coordinates":[[[-86.79906739883018,36.17833670775837],[-86.79760812524135,36.17960316770229],[-86.79825510392833,36.18136994536671],[-86.8003614355004,36.18187028160108],[-86.80182074789653,36.180603805212364],[-86.80117368991407,36.178837009034574],[-86.79906739883018,36.17833670775837],[-86.79906739883018,36.17833670775837]]]},"properties":{"h3":"89264d13307ffff","count":23,"c3":0,"c6":0,"c12":9,"c24":23,"score":10.5,"risk":11,"peakDay":"Friday","peakTime":"evening","hood":"","bk12":{"morning":3,"afternoon":3,"evening":2,"night":1},"bk24":{"morning":4,"afternoon":5,"evening":9,"night":5},"sv12":3,"recent":[{"d":"2026-02-15","day":"Sun","time":"00:00","desc":"BURGLARY- MOTOR VEHICLE","res":"unsolved"},{"d":"2026-01-12","day":"Mon","time":"10:00","desc":"BURGLARY - MOTOR VEHICLE","res":"unsolved"},{"d":"2026-01-06","day":"Tue","time":"07:15","desc":"BURGLARY - MOTOR VEHICLE","res":"unsolved"},{"d":"2026-01-06","day":"Tue","time":"07:15","desc":"BURGLARY - MOTOR VEHICLE","res":"unsolved"},{"d":"2025-12-20","day":"Sat","time":"20:42","desc":"BURGLARY- MOTOR VEHICLE","res":"unsolved"},{"d":"2025-12-19","day":"Fri","time":"13:00","desc":"VEHICLE THEFT","res":"unsolved"},{"d":"2025-12-07","day":"Sun","time":"15:20","desc":"VEHICLE THEFT","res":"unsolved"},{"d":"2025-10-14","day":"Tue","time":"17:00","desc":"THEFT OF VEHICLE->$1,000 BUT <$2,500","res":"unsolved"},{"d":"2025-10-10","day":"Fri","time":"12:30","desc":"BURGLARY- MOTOR VEHICLE","res":"unsolved"},{"d":"2025-09-01","day":"Mon","time":"21:00","desc":"VEHICLE THEFT","res":"unsolved"}]}},{"type":"Feature","geometry":{"type":"Polygon","coordinates":[[[-86.75985119776504,36.18675627162805],[-86.75839190413066,36.1880218765868],[-86.75903801044915,36.18978845021586],[-86.76114348971798,36.19028943746471],[-86.76260282226016,36.18902381609897],[-86.76195663662654,36.18725722389185],[-86.75985119776504,36.18675627162805],[-86.75985119776504,36.18675627162805]]]},"properties":{"h3":"89264d1227bffff","count":13,"c3":0,"c6":0,"c12":4,"c24":13,"score":6,"risk":6,"peakDay":"Saturday","peakTime":"night","hood":"","bk12":{"morning":0,"afternoon":1,"evening":1,"night":2},"bk24":{"morning":1,"afternoon":2,"evening":3,"night":7},"recent":[{"d":"2026-01-19","day":"Mon","time":"16:00","desc":"LARC - PARTS FROM VEH","res":"unsolved"},{"d":"2026-01-18","day":"Sun","time":"18:00","desc":"BURGLARY- MOTOR VEHICLE","res":"unsolved"},{"d":"2026-01-03","day":"Sat","time":"00:00","desc":"BURGLARY - MOTOR VEHICLE","res":"unsolved"},{"d":"2025-12-27","day":"Sat","time":"00:07","desc":"BURGLARY- MOTOR VEHICLE","res":"unsolved"},{"d":"2025-09-27","day":"Sat","time":"18:30","desc":"BURGLARY - MOTOR VEHICLE","res":"unsolved"},{"d":"2025-09-01","day":"Mon","time":"09:47","desc":"BURGLARY- MOTOR VEHICLE","res":"unsolved"},{"d":"2025-08-17","day":"Sun","time":"00:00","desc":"LARC - PARTS FROM VEH","res":"unsolved"},{"d":"2025-07-30","day":"Wed","time":"14:00","desc":"LARC - PARTS FROM VEH","res":"unsolved"},{"d":"2025-07-25","day":"Fri","time":"22:00","desc":"VEHICLE THEFT","res":"unsolved"},{"d":"2025-07-15","day":"Tue","time":"17:00","desc":"VEHICLE THEFT","res":"unsolved"}]}},{"type":"Feature","geometry":{"type":"Polygon","coordinates":[[[-86.75841426373897,36.1670589665463],[-86.75695525121294,36.16832484517866],[-86.75760120079332,36.17009156579856],[-86.7597062421858,36.17059242636871],[-86.76116529360829,36.16932653131509],[-86.76051926474268,36.16755979211307],[-86.75841426373897,36.1670589665463],[-86.75841426373897,36.1670589665463]]]},"properties":{"h3":"89264d1040fffff","count":37,"c3":0,"c6":0,"c12":11,"c24":37,"score":17.6,"risk":18,"peakDay":"Saturday","peakTime":"evening","hood":"","bk12":{"morning":1,"afternoon":1,"evening":8,"night":1},"bk24":{"morning":2,"afternoon":6,"evening":18,"night":11},"sv12":3,"recent":[{"d":"2026-02-18","day":"Wed","time":"18:20","desc":"BURGLARY- MOTOR VEHICLE","res":"unsolved"},{"d":"2026-02-18","day":"Wed","time":"18:20","desc":"BURGLARY- MOTOR VEHICLE","res":"unsolved"},{"d":"2026-02-18","day":"Wed","time":"18:20","desc":"BURGLARY- MOTOR VEHICLE","res":"unsolved"},{"d":"2026-02-18","day":"Wed","time":"00:30","desc":"VEHICLE THEFT","res":"unsolved"},{"d":"2026-02-15","day":"Sun","time":"18:00","desc":"BURGLARY- MOTOR VEHICLE","res":"closed"},{"d":"2026-01-28","day":"Wed","time":"18:42","desc":"BURGLARY- MOTOR VEHICLE","res":"unsolved"},{"d":"2026-01-28","day":"Wed","time":"18:42","desc":"BURGLARY- MOTOR VEHICLE","res":"unsolved"},{"d":"2026-01-14","day":"Wed","time":"20:00","desc":"VEHICLE THEFT","res":"unsolved"},{"d":"2025-12-30","day":"Tue","time":"06:15","desc":"BURGLARY- MOTOR VEHICLE","res":"unsolved"},{"d":"2025-12-13","day":"Sat","time":"20:00","desc":"VEHICLE THEFT","res":"unsolved"}]}},{"type":"Feature","geometry":{"type":"Polygon","coordinates":[[[-86.64986437631899,36.05889924799594],[-86.64840716511173,36.0601647594114],[-86.64904988260682,36.06193191506973],[-86.65114989044731,36.06243357808478],[-86.65260714072912,36.061168050249655],[-86.65196434409667,36.05940087581962],[-86.64986437631899,36.05889924799594],[-86.64986437631899,36.05889924799594]]]},"properties":{"h3":"89264d146c7ffff","count":6,"c3":0,"c6":0,"c12":0,"c24":6,"score":2.6,"risk":3,"peakDay":"Monday","peakTime":"night","hood":"","bk12":{"morning":0,"afternoon":0,"evening":0,"night":0},"bk24":{"morning":0,"afternoon":2,"evening":1,"night":3},"recent":[{"d":"2025-09-16","day":"Tue","time":"04:12","desc":"BURGLARY- MOTOR VEHICLE","res":"unsolved"},{"d":"2025-09-15","day":"Mon","time":"12:30","desc":"BURGLARY- MOTOR VEHICLE","res":"unsolved"},{"d":"2025-09-15","day":"Mon","time":"12:30","desc":"BURGLARY- MOTOR VEHICLE","res":"unsolved"},{"d":"2025-09-12","day":"Fri","time":"17:00","desc":"LARC - PARTS FROM VEH","res":"unsolved"},{"d":"2025-08-24","day":"Sun","time":"23:00","desc":"BURGLARY- MOTOR VEHICLE","res":"unsolved"},{"d":"2024-11-09","day":"Sat","time":"23:00","desc":"BURGLARY- MOTOR VEHICLE","res":"unsolved"}]}},{"type":"Feature","geometry":{"type":"Polygon","coordinates":[[[-86.8195057398098,36.13962844483995],[-86.81804696026377,36.14089587272713],[-86.81869417913332,36.14266302115875],[-86.82080025678239,36.14316276018613],[-86.8222590750576,36.14189531580764],[-86.8216117769554,36.14012814889354],[-86.8195057398098,36.13962844483995],[-86.8195057398098,36.13962844483995]]]},"properties":{"h3":"89264d11157ffff","count":16,"c3":0,"c6":0,"c12":5,"c24":16,"score":7.7,"risk":8,"peakDay":"Friday","peakTime":"evening","hood":"","bk12":{"morning":1,"afternoon":0,"evening":3,"night":1},"bk24":{"morning":1,"afternoon":2,"evening":9,"night":4},"recent":[{"d":"2025-12-26","day":"Fri","time":"20:00","desc":"BURGLARY- MOTOR VEHICLE","res":"unsolved"},{"d":"2025-12-26","day":"Fri","time":"20:00","desc":"BURGLARY- MOTOR VEHICLE","res":"unsolved"},{"d":"2025-12-26","day":"Fri","time":"20:00","desc":"BURGLARY- MOTOR VEHICLE","res":"unsolved"},{"d":"2025-12-18","day":"Thu","time":"10:00","desc":"BURGLARY- MOTOR VEHICLE","res":"unsolved"},{"d":"2025-11-02","day":"Sun","time":"00:01","desc":"BURGLARY- MOTOR VEHICLE","res":"unsolved"},{"d":"2025-10-07","day":"Tue","time":"18:00","desc":"BURGLARY- MOTOR VEHICLE","res":"unsolved"},{"d":"2025-09-26","day":"Fri","time":"18:00","desc":"BURGLARY- MOTOR VEHICLE","res":"unsolved"},{"d":"2025-09-02","day":"Tue","time":"00:00","desc":"LARC - PARTS FROM VEH","res":"unsolved"},{"d":"2025-09-01","day":"Mon","time":"19:00","desc":"BURGLARY- MOTOR VEHICLE","res":"unsolved"},{"d":"2025-08-29","day":"Fri","time":"21:30","desc":"BURGLARY- MOTOR VEHICLE","res":"unsolved"}]}},{"type":"Feature","geometry":{"type":"Polygon","coordinates":[[[-86.79942606101773,36.12679396953001],[-86.79796751205826,36.12806122081605],[-86.79861417754087,36.12982839691541],[-86.80071947120038,36.13032834024625],[-86.80217805892768,36.129061072474755],[-86.80153131422846,36.12729387785837],[-86.79942606101773,36.12679396953001],[-86.79942606101773,36.12679396953001]]]},"properties":{"h3":"89264d11ccfffff","count":11,"c3":0,"c6":0,"c12":0,"c24":11,"score":4.5,"risk":5,"peakDay":"Sunday","peakTime":"night","hood":"","bk12":{"morning":0,"afternoon":0,"evening":0,"night":0},"bk24":{"morning":0,"afternoon":3,"evening":1,"night":7},"recent":[{"d":"2025-09-21","day":"Sun","time":"16:00","desc":"BURGLARY- MOTOR VEHICLE","res":"unsolved"},{"d":"2025-09-18","day":"Thu","time":"21:00","desc":"BURGLARY - MOTOR VEHICLE","res":"unsolved"},{"d":"2025-09-08","day":"Mon","time":"23:00","desc":"BURGLARY- MOTOR VEHICLE","res":"unsolved"},{"d":"2025-08-09","day":"Sat","time":"22:00","desc":"BURGLARY- MOTOR VEHICLE","res":"unsolved"},{"d":"2025-08-03","day":"Sun","time":"00:01","desc":"LARC - PARTS FROM VEH","res":"unsolved"},{"d":"2025-07-20","day":"Sun","time":"01:30","desc":"BURGLARY- MOTOR VEHICLE","res":"unsolved"},{"d":"2025-07-20","day":"Sun","time":"01:30","desc":"BURGLARY- MOTOR VEHICLE","res":"unsolved"},{"d":"2025-07-08","day":"Tue","time":"02:00","desc":"BURGLARY- MOTOR VEHICLE","res":"unsolved"},{"d":"2025-02-07","day":"Fri","time":"16:00","desc":"BURGLARY- MOTOR VEHICLE","res":"unsolved"},{"d":"2025-01-12","day":"Sun","time":"16:00","desc":"LARC - PARTS FROM VEH","res":"unsolved"}]}},{"type":"Feature","geometry":{"type":"Polygon","coordinates":[[[-86.7382341262396,36.117085037801594],[-86.73677586836288,36.11835130323346],[-86.73742103077856,36.12011833569761],[-86.73952453028399,36.12061912135026],[-86.74098282706801,36.119352839474],[-86.74033758544014,36.11758578838996],[-86.7382341262396,36.117085037801594],[-86.7382341262396,36.117085037801594]]]},"properties":{"h3":"89264d10c4bffff","count":3,"c3":0,"c6":0,"c12":2,"c24":3,"score":1.3,"risk":1,"peakDay":"Sunday","peakTime":"night","hood":"","bk12":{"morning":0,"afternoon":0,"evening":1,"night":1},"bk24":{"morning":0,"afternoon":0,"evening":1,"night":2},"sv12":2,"recent":[{"d":"2025-12-08","day":"Mon","time":"17:39","desc":"VEHICLE OFFENSE, CRIMINAL ATTEMPT","res":"unsolved"},{"d":"2025-10-12","day":"Sun","time":"00:00","desc":"VEHICLE THEFT","res":"unsolved"},{"d":"2024-11-10","day":"Sun","time":"00:01","desc":"BURGLARY- MOTOR VEHICLE","res":"unsolved"}]}},{"type":"Feature","geometry":{"type":"Polygon","coordinates":[[[-86.659080745773,36.136924688982766],[-86.65762241312066,36.13818918513594],[-86.65826583202778,36.139955780319326],[-86.6603676628432,36.14045789810011],[-86.66182603460696,36.13919338558139],[-86.66118253644464,36.13742677164791],[-86.659080745773,36.136924688982766],[-86.659080745773,36.136924688982766]]]},"properties":{"h3":"89264d8da53ffff","count":56,"c3":0,"c6":0,"c12":16,"c24":56,"score":26.2,"risk":27,"peakDay":"Saturday","peakTime":"night","hood":"","bk12":{"morning":6,"afternoon":1,"evening":1,"night":8},"bk24":{"morning":10,"afternoon":5,"evening":11,"night":30},"recent":[{"d":"2025-12-18","day":"Thu","time":"13:00","desc":"BURGLARY- MOTOR VEHICLE","res":"unsolved"},{"d":"2025-11-05","day":"Wed","time":"05:32","desc":"BURGLARY - MOTOR VEHICLE","res":"unsolved"},{"d":"2025-11-05","day":"Wed","time":"05:32","desc":"BURGLARY - MOTOR VEHICLE","res":"unsolved"},{"d":"2025-11-05","day":"Wed","time":"05:32","desc":"BURGLARY - MOTOR VEHICLE","res":"unsolved"},{"d":"2025-11-05","day":"Wed","time":"05:32","desc":"BURGLARY - MOTOR VEHICLE","res":"unsolved"},{"d":"2025-11-05","day":"Wed","time":"05:32","desc":"BURGLARY - MOTOR VEHICLE","res":"unsolved"},{"d":"2025-11-05","day":"Wed","time":"05:32","desc":"BURGLARY - MOTOR VEHICLE","res":"unsolved"},{"d":"2025-10-21","day":"Tue","time":"02:30","desc":"BURGLARY- MOTOR VEHICLE","res":"unsolved"},{"d":"2025-10-21","day":"Tue","time":"02:30","desc":"BURGLARY- MOTOR VEHICLE","res":"unsolved"},{"d":"2025-10-21","day":"Tue","time":"02:30","desc":"BURGLARY- MOTOR VEHICLE","res":"unsolved"}]}},{"type":"Feature","geometry":{"type":"Polygon","coordinates":[[[-86.69967037265336,36.14822622500918],[-86.69821177546618,36.14949130171969],[-86.69885622216303,36.15125795695499],[-86.70095934531392,36.151759554161856],[-86.70241798152405,36.150494461062195],[-86.70177345556112,36.148727787145305],[-86.69967037265336,36.14822622500918],[-86.69967037265336,36.14822622500918]]]},"properties":{"h3":"89264d128cfffff","count":6,"c3":0,"c6":0,"c12":1,"c24":6,"score":2.2,"risk":2,"peakDay":"Tuesday","peakTime":"morning","hood":"","bk12":{"morning":0,"afternoon":0,"evening":0,"night":1},"bk24":{"morning":3,"afternoon":1,"evening":0,"night":2},"recent":[{"d":"2025-12-16","day":"Tue","time":"02:00","desc":"BURGLARY - MOTOR VEHICLE","res":"unsolved"},{"d":"2025-07-18","day":"Fri","time":"11:15","desc":"VEHICLE THEFT","res":"unsolved"},{"d":"2025-07-13","day":"Sun","time":"06:00","desc":"LARC - PARTS FROM VEH","res":"unsolved"},{"d":"2025-01-02","day":"Thu","time":"05:00","desc":"VEHICLE THEFT","res":"closed"},{"d":"2024-11-12","day":"Tue","time":"00:00","desc":"BURGLARY- MOTOR VEHICLE","res":"unsolved"},{"d":"2024-11-08","day":"Fri","time":"16:30","desc":"VEHICLE THEFT","res":"unsolved"}]}},{"type":"Feature","geometry":{"type":"Polygon","coordinates":[[[-86.72011934104623,36.10954396903534],[-86.71866123557442,36.11081001344977],[-86.71930592396164,36.11257703854695],[-86.72140879702509,36.11307803788086],[-86.7228669414419,36.11181197703056],[-86.72222217385105,36.11004493328271],[-86.72011934104623,36.10954396903534],[-86.72011934104623,36.10954396903534]]]},"properties":{"h3":"89264d10c23ffff","count":7,"c3":0,"c6":0,"c12":0,"c24":7,"score":2.6,"risk":3,"peakDay":"Thursday","peakTime":"afternoon","hood":"","bk12":{"morning":0,"afternoon":0,"evening":0,"night":0},"bk24":{"morning":2,"afternoon":3,"evening":0,"night":2},"recent":[{"d":"2025-09-12","day":"Fri","time":"23:00","desc":"BURGLARY- MOTOR VEHICLE","res":"unsolved"},{"d":"2025-09-06","day":"Sat","time":"10:50","desc":"BURGLARY- MOTOR VEHICLE","res":"unsolved"},{"d":"2025-07-21","day":"Mon","time":"10:00","desc":"BURGLARY- MOTOR VEHICLE","res":"unsolved"},{"d":"2025-07-14","day":"Mon","time":"00:22","desc":"LARC - PARTS FROM VEH","res":"unsolved"},{"d":"2024-11-28","day":"Thu","time":"12:00","desc":"BURGLARY- MOTOR VEHICLE","res":"unsolved"},{"d":"2024-11-14","day":"Thu","time":"16:30","desc":"BURGLARY- MOTOR VEHICLE","res":"unsolved"},{"d":"2024-11-14","day":"Thu","time":"16:30","desc":"BURGLARY- MOTOR VEHICLE","res":"unsolved"}]}},{"type":"Feature","geometry":{"type":"Polygon","coordinates":[[[-86.78873511290672,36.129095410585904],[-86.7872765583418,36.130362428885874],[-86.78792298616389,36.13212954939881],[-86.79002804777365,36.132629670146954],[-86.7914866411338,36.13136263537183],[-86.79084013408975,36.12959549632418],[-86.78873511290672,36.129095410585904],[-86.78873511290672,36.129095410585904]]]},"properties":{"h3":"89264d11c83ffff","count":18,"c3":0,"c6":0,"c12":1,"c24":18,"score":8.2,"risk":8,"peakDay":"Sunday","peakTime":"afternoon","hood":"","bk12":{"morning":0,"afternoon":0,"evening":1,"night":0},"bk24":{"morning":0,"afternoon":10,"evening":6,"night":2},"recent":[{"d":"2026-01-05","day":"Mon","time":"19:00","desc":"BURGLARY- MOTOR VEHICLE","res":"unsolved"},{"d":"2025-09-29","day":"Mon","time":"18:00","desc":"BURGLARY- MOTOR VEHICLE","res":"unsolved"},{"d":"2025-09-23","day":"Tue","time":"17:30","desc":"BURGLARY- MOTOR VEHICLE","res":"unsolved"},{"d":"2025-09-23","day":"Tue","time":"17:30","desc":"BURGLARY- MOTOR VEHICLE","res":"unsolved"},{"d":"2025-09-23","day":"Tue","time":"12:00","desc":"BURGLARY- MOTOR VEHICLE","res":"unsolved"},{"d":"2025-08-25","day":"Mon","time":"14:00","desc":"BURGLARY- MOTOR VEHICLE","res":"unsolved"},{"d":"2025-08-24","day":"Sun","time":"15:00","desc":"BURGLARY- MOTOR VEHICLE","res":"unsolved"},{"d":"2025-08-24","day":"Sun","time":"15:00","desc":"BURGLARY- MOTOR VEHICLE","res":"unsolved"},{"d":"2025-08-24","day":"Sun","time":"15:00","desc":"BURGLARY- MOTOR VEHICLE","res":"unsolved"},{"d":"2025-08-24","day":"Sun","time":"15:00","desc":"BURGLARY- MOTOR VEHICLE","res":"unsolved"}]}},{"type":"Feature","geometry":{"type":"Polygon","coordinates":[[[-86.67913774082234,36.04975021727351],[-86.67768058162135,36.05101641012167],[-86.6783239325404,36.052783741710385],[-86.68042452178004,36.05328489917509],[-86.68188171997892,36.05201868987665],[-86.68123828994104,36.05025133956426],[-86.67913774082234,36.04975021727351],[-86.67913774082234,36.04975021727351]]]},"properties":{"h3":"89264d15557ffff","count":6,"c3":0,"c6":0,"c12":2,"c24":6,"score":2.7,"risk":3,"peakDay":"Friday","peakTime":"evening","hood":"","bk12":{"morning":0,"afternoon":0,"evening":1,"night":1},"bk24":{"morning":2,"afternoon":0,"evening":3,"night":1},"sv12":2,"recent":[{"d":"2026-02-20","day":"Fri","time":"19:23","desc":"VEHICLE THEFT","res":"unsolved"},{"d":"2025-12-27","day":"Sat","time":"04:00","desc":"VEHICLE THEFT","res":"unsolved"},{"d":"2025-07-25","day":"Fri","time":"10:00","desc":"LARC - PARTS FROM VEH","res":"unsolved"},{"d":"2025-05-27","day":"Tue","time":"18:00","desc":"VEHICLE THEFT","res":"unsolved"},{"d":"2025-05-27","day":"Tue","time":"17:30","desc":"VEHICLE THEFT","res":"unsolved"},{"d":"2024-11-15","day":"Fri","time":"06:30","desc":"BURGLARY- MOTOR VEHICLE","res":"unsolved"}]}},{"type":"Feature","geometry":{"type":"Polygon","coordinates":[[[-86.71025060552056,36.10880575492671],[-86.70879253579037,36.11007162766821],[-86.70943698688812,36.11183862287911],[-86.71153958692094,36.112339764016184],[-86.71299769561914,36.11107387484611],[-86.71235316531728,36.10930686096802],[-86.71025060552056,36.10880575492671],[-86.71025060552056,36.10880575492671]]]},"properties":{"h3":"89264d10dc3ffff","count":4,"c3":0,"c6":0,"c12":0,"c24":4,"score":1.2,"risk":1,"peakDay":"Tuesday","peakTime":"evening","hood":"","bk12":{"morning":0,"afternoon":0,"evening":0,"night":0},"bk24":{"morning":0,"afternoon":0,"evening":4,"night":0},"recent":[{"d":"2025-02-07","day":"Fri","time":"17:26","desc":"BURGLARY- MOTOR VEHICLE","res":"unsolved"},{"d":"2025-02-07","day":"Fri","time":"17:26","desc":"BURGLARY- MOTOR VEHICLE","res":"unsolved"},{"d":"2024-11-19","day":"Tue","time":"19:00","desc":"BURGLARY- MOTOR VEHICLE","res":"unsolved"},{"d":"2024-11-19","day":"Tue","time":"19:00","desc":"BURGLARY- MOTOR VEHICLE","res":"unsolved"}]}},{"type":"Feature","geometry":{"type":"Polygon","coordinates":[[[-86.74954078948006,36.137523496328356],[-86.74808221526187,36.13878966033687],[-86.7487277715247,36.14055657658011],[-86.75083198124806,36.14105734741467],[-86.75229059436181,36.13979116696882],[-86.75164495885744,36.13802423212621],[-86.74954078948006,36.137523496328356],[-86.74954078948006,36.137523496328356]]]},"properties":{"h3":"89264d101cfffff","count":9,"c3":0,"c6":0,"c12":1,"c24":9,"score":3.8,"risk":4,"peakDay":"Saturday","peakTime":"morning","hood":"","bk12":{"morning":0,"afternoon":0,"evening":1,"night":0},"bk24":{"morning":3,"afternoon":0,"evening":3,"night":3},"recent":[{"d":"2026-02-15","day":"Sun","time":"17:00","desc":"LARC - PARTS FROM VEH","res":"unsolved"},{"d":"2025-09-27","day":"Sat","time":"22:50","desc":"BURGLARY- MOTOR VEHICLE","res":"unsolved"},{"d":"2025-09-20","day":"Sat","time":"00:00","desc":"VEHICLE THEFT","res":"unsolved"},{"d":"2025-09-16","day":"Tue","time":"23:10","desc":"VEHICLE THEFT","res":"unsolved"},{"d":"2025-08-26","day":"Tue","time":"20:00","desc":"LARC - PARTS FROM VEH","res":"unsolved"},{"d":"2025-06-28","day":"Sat","time":"17:00","desc":"VEHICLE THEFT","res":"unsolved"},{"d":"2025-01-06","day":"Mon","time":"06:00","desc":"VEHICLE THEFT","res":"unsolved"},{"d":"2024-11-24","day":"Sun","time":"05:57","desc":"LARC - PARTS FROM VEH","res":"unsolved"},{"d":"2024-11-07","day":"Thu","time":"11:20","desc":"VEHICLE THEFT","res":"unsolved"}]}},{"type":"Feature","geometry":{"type":"Polygon","coordinates":[[[-86.83052026181831,36.14869573675186],[-86.82906132738516,36.14996323060677],[-86.82970886250146,36.15173034800509],[-86.83181541129632,36.15222999001236],[-86.83327438443892,36.15096247966447],[-86.83262677007806,36.14919534380278],[-86.83052026181831,36.14869573675186],[-86.83052026181831,36.14869573675186]]]},"properties":{"h3":"89264d1103bffff","count":9,"c3":0,"c6":0,"c12":2,"c24":9,"score":3.6,"risk":4,"peakDay":"Monday","peakTime":"night","hood":"","bk12":{"morning":0,"afternoon":0,"evening":1,"night":1},"bk24":{"morning":1,"afternoon":1,"evening":2,"night":5},"sv12":1,"recent":[{"d":"2025-12-30","day":"Tue","time":"00:00","desc":"BURGLARY- MOTOR VEHICLE","res":"unsolved"},{"d":"2025-11-09","day":"Sun","time":"18:30","desc":"VEHICLE THEFT","res":"unsolved"},{"d":"2025-09-17","day":"Wed","time":"16:00","desc":"BURGLARY- MOTOR VEHICLE","res":"unsolved"},{"d":"2025-09-15","day":"Mon","time":"10:20","desc":"VEHICLE OFFENSE, CRIMINAL ATTEMPT","res":"unsolved"},{"d":"2025-08-23","day":"Sat","time":"21:30","desc":"VEHICLE THEFT","res":"unsolved"},{"d":"2024-12-02","day":"Mon","time":"23:24","desc":"VEHICLE THEFT","res":"unsolved"},{"d":"2024-12-02","day":"Mon","time":"23:24","desc":"VEHICLE THEFT","res":"unsolved"},{"d":"2024-11-25","day":"Mon","time":"22:17","desc":"BURGLARY- MOTOR VEHICLE","res":"unsolved"},{"d":"2024-11-25","day":"Mon","time":"22:17","desc":"BURGLARY- MOTOR VEHICLE","res":"unsolved"}]}},{"type":"Feature","geometry":{"type":"Polygon","coordinates":[[[-86.73111092299801,36.11861581281855],[-86.72965266177546,36.11988192297893],[-86.73029766576157,36.12164891818569],[-86.73240101018669,36.122149821864184],[-86.73385931033472,36.120883695266286],[-86.73321422713295,36.1191166814279],[-86.73111092299801,36.11861581281855],[-86.73111092299801,36.11861581281855]]]},"properties":{"h3":"89264d10c57ffff","count":4,"c3":0,"c6":0,"c12":1,"c24":4,"score":1.9,"risk":2,"peakDay":"Tuesday","peakTime":"night","hood":"","bk12":{"morning":0,"afternoon":1,"evening":0,"night":0},"bk24":{"morning":1,"afternoon":1,"evening":0,"night":2},"sv12":1,"recent":[{"d":"2026-01-24","day":"Sat","time":"12:30","desc":"VEHICLE THEFT","res":"unsolved"},{"d":"2025-10-06","day":"Mon","time":"22:00","desc":"BURGLARY- MOTOR VEHICLE","res":"unsolved"},{"d":"2025-10-03","day":"Fri","time":"00:57","desc":"VEHICLE THEFT","res":"unsolved"},{"d":"2024-11-26","day":"Tue","time":"08:00","desc":"BURGLARY- MOTOR VEHICLE","res":"unsolved"}]}},{"type":"Feature","geometry":{"type":"Polygon","coordinates":[[[-86.8201727157118,36.09944182717095],[-86.81871449966916,36.100709878190635],[-86.81936148351575,36.10247733742423],[-86.82146676257696,36.10297676412321],[-86.82292501731719,36.101708696580154],[-86.82227795429941,36.09994121886197],[-86.8201727157118,36.09944182717095],[-86.8201727157118,36.09944182717095]]]},"properties":{"h3":"89264d11a8fffff","count":23,"c3":0,"c6":0,"c12":8,"c24":23,"score":11,"risk":11,"peakDay":"Sunday","peakTime":"morning","hood":"","bk12":{"morning":6,"afternoon":1,"evening":1,"night":0},"bk24":{"morning":10,"afternoon":3,"evening":8,"night":2},"sv12":1,"recent":[{"d":"2026-01-03","day":"Sat","time":"16:30","desc":"VEHICLE THEFT","res":"unsolved"},{"d":"2026-01-03","day":"Sat","time":"07:19","desc":"BURGLARY- MOTOR VEHICLE","res":"unsolved"},{"d":"2026-01-03","day":"Sat","time":"07:19","desc":"BURGLARY- MOTOR VEHICLE","res":"unsolved"},{"d":"2026-01-03","day":"Sat","time":"07:19","desc":"BURGLARY- MOTOR VEHICLE","res":"unsolved"},{"d":"2026-01-03","day":"Sat","time":"07:19","desc":"BURGLARY- MOTOR VEHICLE","res":"unsolved"},{"d":"2026-01-03","day":"Sat","time":"07:19","desc":"BURGLARY- MOTOR VEHICLE","res":"unsolved"},{"d":"2026-01-03","day":"Sat","time":"07:19","desc":"BURGLARY- MOTOR VEHICLE","res":"unsolved"},{"d":"2025-12-22","day":"Mon","time":"20:00","desc":"LARC - PARTS FROM VEH","res":"unsolved"},{"d":"2025-09-02","day":"Tue","time":"05:15","desc":"BURGLARY- MOTOR VEHICLE","res":"unsolved"},{"d":"2025-08-04","day":"Mon","time":"11:54","desc":"BURGLARY- MOTOR VEHICLE","res":"unsolved"}]}},{"type":"Feature","geometry":{"type":"Polygon","coordinates":[[[-86.60793140109386,36.02789606709038],[-86.60647473617415,36.02916127117809],[-86.60711627305625,36.0309285070376],[-86.60921455395511,36.03143055765382],[-86.61067125802566,36.03016533715554],[-86.61002964204728,36.028398082452114],[-86.60793140109386,36.02789606709038],[-86.60793140109386,36.02789606709038]]]},"properties":{"h3":"89264d1418bffff","count":3,"c3":0,"c6":0,"c12":0,"c24":3,"score":1.2,"risk":1,"peakDay":"Tuesday","peakTime":"evening","hood":"","bk12":{"morning":0,"afternoon":0,"evening":0,"night":0},"bk24":{"morning":0,"afternoon":1,"evening":1,"night":1},"recent":[{"d":"2025-09-03","day":"Wed","time":"03:30","desc":"VEHICLE THEFT","res":"unsolved"},{"d":"2025-08-14","day":"Thu","time":"12:00","desc":"BURGLARY- MOTOR VEHICLE","res":"unsolved"},{"d":"2024-11-26","day":"Tue","time":"18:15","desc":"BURGLARY- MOTOR VEHICLE","res":"unsolved"}]}},{"type":"Feature","geometry":{"type":"Polygon","coordinates":[[[-86.63970989517428,36.0467910149652],[-86.6382528807655,36.04805652181403],[-86.63889528383339,36.049823731913904],[-86.64099478043126,36.05032545395499],[-86.64245183392958,36.04905993068505],[-86.6418093517413,36.04729270179563],[-86.63970989517428,36.0467910149652],[-86.63970989517428,36.0467910149652]]]},"properties":{"h3":"89264d14637ffff","count":8,"c3":0,"c6":0,"c12":1,"c24":8,"score":3.3,"risk":3,"peakDay":"Saturday","peakTime":"night","hood":"","bk12":{"morning":0,"afternoon":0,"evening":1,"night":0},"bk24":{"morning":2,"afternoon":0,"evening":2,"night":4},"recent":[{"d":"2026-02-20","day":"Fri","time":"19:40","desc":"BURGLARY- MOTOR VEHICLE","res":"unsolved"},{"d":"2025-09-13","day":"Sat","time":"11:00","desc":"BURGLARY- MOTOR VEHICLE","res":"unsolved"},{"d":"2025-08-19","day":"Tue","time":"01:00","desc":"LARC - PARTS FROM VEH","res":"unsolved"},{"d":"2025-07-28","day":"Mon","time":"17:00","desc":"VEHICLE THEFT","res":"unsolved"},{"d":"2025-07-15","day":"Tue","time":"01:57","desc":"VEHICLE THEFT","res":"unsolved"},{"d":"2025-03-17","day":"Mon","time":"07:00","desc":"LARC - PARTS FROM VEH","res":"unsolved"},{"d":"2024-11-30","day":"Sat","time":"23:30","desc":"BURGLARY- MOTOR VEHICLE","res":"unsolved"},{"d":"2024-11-30","day":"Sat","time":"23:30","desc":"BURGLARY- MOTOR VEHICLE","res":"unsolved"}]}},{"type":"Feature","geometry":{"type":"Polygon","coordinates":[[[-86.89000637678757,36.127282898418564],[-86.88854759789781,36.128551818798734],[-86.8891964009847,36.13031930955951],[-86.89130406216304,36.13081789830637],[-86.89276287960293,36.129548961369444],[-86.89211399731516,36.12778145224291],[-86.89000637678757,36.127282898418564],[-86.89000637678757,36.127282898418564]]]},"properties":{"h3":"89264d1aec7ffff","count":4,"c3":0,"c6":0,"c12":0,"c24":4,"score":1.6,"risk":2,"peakDay":"Friday","peakTime":"night","hood":"","bk12":{"morning":0,"afternoon":0,"evening":0,"night":0},"bk24":{"morning":0,"afternoon":0,"evening":1,"night":3},"recent":[{"d":"2025-09-05","day":"Fri","time":"19:30","desc":"BURGLARY- MOTOR VEHICLE","res":"unsolved"},{"d":"2025-08-28","day":"Thu","time":"02:00","desc":"BURGLARY- MOTOR VEHICLE","res":"unsolved"},{"d":"2025-07-26","day":"Sat","time":"22:10","desc":"VEHICLE THEFT","res":"unsolved"},{"d":"2024-12-06","day":"Fri","time":"01:58","desc":"BURGLARY- MOTOR VEHICLE","res":"unsolved"}]}},{"type":"Feature","geometry":{"type":"Polygon","coordinates":[[[-86.6992605683489,36.29967630922294],[-86.69779983577776,36.30093906334236],[-86.6984452167061,36.30270454219516],[-86.7005514097049,36.303207285597814],[-86.70201218141443,36.301944515207914],[-86.70136672098756,36.300179017686304],[-86.6992605683489,36.29967630922294],[-86.6992605683489,36.29967630922294]]]},"properties":{"h3":"89264d8850fffff","count":2,"c3":0,"c6":0,"c12":0,"c24":2,"score":0.7,"risk":1,"peakDay":"Saturday","peakTime":"night","hood":"","bk12":{"morning":0,"afternoon":0,"evening":0,"night":0},"bk24":{"morning":0,"afternoon":0,"evening":0,"night":2},"recent":[{"d":"2025-07-02","day":"Wed","time":"00:01","desc":"BURGLARY- MOTOR VEHICLE","res":"unsolved"},{"d":"2024-12-07","day":"Sat","time":"02:40","desc":"BURGLARY- MOTOR VEHICLE","res":"unsolved"}]}},{"type":"Feature","geometry":{"type":"Polygon","coordinates":[[[-86.6982462829246,36.12852977617978],[-86.69678796665674,36.12979512638],[-86.69743225727593,36.13156192749213],[-86.69953494340002,36.13206339709008],[-86.70099329867946,36.13079803048639],[-86.70034892882406,36.12903121068866],[-86.6982462829246,36.12852977617978],[-86.6982462829246,36.12852977617978]]]},"properties":{"h3":"89264d12b8bffff","count":8,"c3":0,"c6":0,"c12":2,"c24":8,"score":3.4,"risk":3,"peakDay":"Saturday","peakTime":"night","hood":"","bk12":{"morning":2,"afternoon":0,"evening":0,"night":0},"bk24":{"morning":2,"afternoon":2,"evening":1,"night":3},"sv12":2,"recent":[{"d":"2025-12-13","day":"Sat","time":"09:25","desc":"VEHICLE THEFT","res":"unsolved"},{"d":"2025-12-13","day":"Sat","time":"09:25","desc":"VEHICLE THEFT","res":"unsolved"},{"d":"2025-08-30","day":"Sat","time":"21:00","desc":"VEHICLE THEFT","res":"unsolved"},{"d":"2025-08-27","day":"Wed","time":"22:00","desc":"LARC - PARTS FROM VEH","res":"unsolved"},{"d":"2025-08-20","day":"Wed","time":"12:45","desc":"LARC - PARTS FROM VEH","res":"unsolved"},{"d":"2025-02-07","day":"Fri","time":"14:00","desc":"BURGLARY- MOTOR VEHICLE","res":"unsolved"},{"d":"2024-12-07","day":"Sat","time":"22:00","desc":"BURGLARY - MOTOR VEHICLE","res":"unsolved"},{"d":"2024-12-07","day":"Sat","time":"03:25","desc":"BURGLARY- MOTOR VEHICLE","res":"unsolved"}]}},{"type":"Feature","geometry":{"type":"Polygon","coordinates":[[[-86.81029424402796,36.09871190832189],[-86.808836062823,36.09997978755973],[-86.8094828093432,36.10174721740699],[-86.811587816241,36.102246786517995],[-86.81304603616672,36.10097889076401],[-86.81239921047472,36.099211442415644],[-86.81029424402796,36.09871190832189],[-86.81029424402796,36.09871190832189]]]},"properties":{"h3":"89264d1184fffff","count":7,"c3":0,"c6":0,"c12":4,"c24":7,"score":3.5,"risk":4,"peakDay":"Saturday","peakTime":"morning","hood":"","bk12":{"morning":3,"afternoon":0,"evening":0,"night":1},"bk24":{"morning":3,"afternoon":0,"evening":2,"night":2},"recent":[{"d":"2026-01-03","day":"Sat","time":"07:00","desc":"BURGLARY - MOTOR VEHICLE","res":"unsolved"},{"d":"2026-01-03","day":"Sat","time":"07:00","desc":"BURGLARY - MOTOR VEHICLE","res":"unsolved"},{"d":"2026-01-03","day":"Sat","time":"07:00","desc":"BURGLARY - MOTOR VEHICLE","res":"unsolved"},{"d":"2025-11-17","day":"Mon","time":"22:00","desc":"LARC - PARTS FROM VEH","res":"unsolved"},{"d":"2025-08-11","day":"Mon","time":"19:00","desc":"BURGLARY- MOTOR VEHICLE","res":"unsolved"},{"d":"2025-08-11","day":"Mon","time":"19:00","desc":"BURGLARY- MOTOR VEHICLE","res":"unsolved"},{"d":"2024-12-07","day":"Sat","time":"04:07","desc":"BURGLARY- MOTOR VEHICLE","res":"unsolved"}]}},{"type":"Feature","geometry":{"type":"Polygon","coordinates":[[[-86.58795549516257,36.18924219589326],[-86.58649661338909,36.19050457423112],[-86.587138678352,36.19227050869893],[-86.58923970443513,36.19277408369336],[-86.59069862552913,36.19151168908822],[-86.59005648122027,36.189745735756446],[-86.58795549516257,36.18924219589326],[-86.58795549516257,36.18924219589326]]]},"properties":{"h3":"89264d8c013ffff","count":1,"c3":0,"c6":0,"c12":0,"c24":1,"score":0.3,"risk":0,"peakDay":"Thursday","peakTime":"night","hood":"","bk12":{"morning":0,"afternoon":0,"evening":0,"night":0},"bk24":{"morning":0,"afternoon":0,"evening":0,"night":1},"recent":[{"d":"2024-12-12","day":"Thu","time":"00:15","desc":"BURGLARY - MOTOR VEHICLE","res":"unsolved"}]}},{"type":"Feature","geometry":{"type":"Polygon","coordinates":[[[-86.80817705690168,36.11918949001497],[-86.80671859305717,36.120457018950106],[-86.80736541737396,36.12222428440852],[-86.80947078473955,36.12272403943531],[-86.81092928732518,36.1214564940018],[-86.81028238380493,36.11968921004035],[-86.80817705690168,36.11918949001497],[-86.80817705690168,36.11918949001497]]]},"properties":{"h3":"89264d11eb3ffff","count":3,"c3":0,"c6":0,"c12":0,"c24":3,"score":1.2,"risk":1,"peakDay":"Friday","peakTime":"night","hood":"","bk12":{"morning":0,"afternoon":0,"evening":0,"night":0},"bk24":{"morning":0,"afternoon":1,"evening":0,"night":2},"recent":[{"d":"2025-09-24","day":"Wed","time":"23:00","desc":"BURGLARY- MOTOR VEHICLE","res":"unsolved"},{"d":"2025-09-01","day":"Mon","time":"22:16","desc":"BURGLARY- MOTOR VEHICLE","res":"unsolved"},{"d":"2024-12-13","day":"Fri","time":"16:00","desc":"BURGLARY- MOTOR VEHICLE","res":"unsolved"}]}},{"type":"Feature","geometry":{"type":"Polygon","coordinates":[[[-86.77961527584587,36.18823126082814],[-86.77815591159928,36.189497209533926],[-86.77880249330634,36.19126384186597],[-86.78090851857485,36.191764544037696],[-86.7823679216829,36.19049857891033],[-86.78172126066181,36.188731928033306],[-86.77961527584587,36.18823126082814],[-86.77961527584587,36.18823126082814]]]},"properties":{"h3":"89264d1311bffff","count":12,"c3":0,"c6":0,"c12":1,"c24":12,"score":5.2,"risk":5,"peakDay":"Friday","peakTime":"afternoon","hood":"","bk12":{"morning":0,"afternoon":0,"evening":0,"night":1},"bk24":{"morning":0,"afternoon":6,"evening":3,"night":3},"recent":[{"d":"2026-01-11","day":"Sun","time":"04:00","desc":"BURGLARY- MOTOR VEHICLE","res":"unsolved"},{"d":"2025-09-19","day":"Fri","time":"12:00","desc":"BURGLARY- MOTOR VEHICLE","res":"unsolved"},{"d":"2025-08-28","day":"Thu","time":"22:00","desc":"BURGLARY- MOTOR VEHICLE","res":"unsolved"},{"d":"2025-08-02","day":"Sat","time":"16:30","desc":"BURGLARY- MOTOR VEHICLE","res":"unsolved"},{"d":"2025-08-02","day":"Sat","time":"16:30","desc":"BURGLARY- MOTOR VEHICLE","res":"unsolved"},{"d":"2025-07-29","day":"Tue","time":"20:00","desc":"VEHICLE THEFT","res":"unsolved"},{"d":"2025-07-29","day":"Tue","time":"12:00","desc":"BURGLARY- MOTOR VEHICLE","res":"unsolved"},{"d":"2025-07-21","day":"Mon","time":"22:30","desc":"BURGLARY- MOTOR VEHICLE","res":"unsolved"},{"d":"2025-07-21","day":"Mon","time":"15:30","desc":"BURGLARY- MOTOR VEHICLE","res":"unsolved"},{"d":"2025-07-21","day":"Mon","time":"15:30","desc":"BURGLARY- MOTOR VEHICLE","res":"unsolved"}]}},{"type":"Feature","geometry":{"type":"Polygon","coordinates":[[[-86.60933565725824,36.04759600109821],[-86.60787871193783,36.04886093247321],[-86.60852040377915,36.05062802499871],[-86.61061912006782,36.05113020498979],[-86.61207610455061,36.04986525721866],[-86.61143433358315,36.04809814585309],[-86.60933565725824,36.04759600109821],[-86.60933565725824,36.04759600109821]]]},"properties":{"h3":"89264d145cfffff","count":8,"c3":0,"c6":0,"c12":0,"c24":8,"score":3.3,"risk":3,"peakDay":"Saturday","peakTime":"afternoon","hood":"","bk12":{"morning":0,"afternoon":0,"evening":0,"night":0},"bk24":{"morning":2,"afternoon":3,"evening":1,"night":2},"recent":[{"d":"2025-09-14","day":"Sun","time":"14:00","desc":"LARC - PARTS FROM VEH","res":"unsolved"},{"d":"2025-08-31","day":"Sun","time":"19:13","desc":"THEFT OF VEHICLE-2,500 OR > BUT<$10,000","res":"unsolved"},{"d":"2025-08-30","day":"Sat","time":"04:00","desc":"BURGLARY- MOTOR VEHICLE","res":"unsolved"},{"d":"2025-08-01","day":"Fri","time":"08:00","desc":"LARC - PARTS FROM VEH","res":"unsolved"},{"d":"2025-07-28","day":"Mon","time":"13:00","desc":"VEHICLE THEFT","res":"unsolved"},{"d":"2025-07-11","day":"Fri","time":"12:42","desc":"LARC - PARTS FROM VEH","res":"unsolved"},{"d":"2025-03-22","day":"Sat","time":"22:00","desc":"BURGLARY- MOTOR VEHICLE","res":"unsolved"},{"d":"2024-12-14","day":"Sat","time":"10:00","desc":"LARC - PARTS FROM VEH","res":"unsolved"}]}},{"type":"Feature","geometry":{"type":"Polygon","coordinates":[[[-86.62059456846399,36.068037926671046],[-86.6191373060344,36.069302756585294],[-86.61977938991927,36.071069735911365],[-86.62187881539023,36.07157190414341],[-86.62333611697085,36.07030705784018],[-86.62269395393027,36.068540059694364],[-86.62059456846399,36.068037926671046],[-86.62059456846399,36.068037926671046]]]},"properties":{"h3":"89264d1449bffff","count":4,"c3":0,"c6":0,"c12":1,"c24":4,"score":1.8,"risk":2,"peakDay":"Saturday","peakTime":"morning","hood":"","bk12":{"morning":0,"afternoon":0,"evening":1,"night":0},"bk24":{"morning":2,"afternoon":1,"evening":1,"night":0},"sv12":1,"recent":[{"d":"2026-02-14","day":"Sat","time":"19:00","desc":"VEHICLE THEFT","res":"unsolved"},{"d":"2025-08-04","day":"Mon","time":"08:00","desc":"LARC - PARTS FROM VEH","res":"unsolved"},{"d":"2025-07-07","day":"Mon","time":"12:00","desc":"BURGLARY- MOTOR VEHICLE","res":"unsolved"},{"d":"2024-12-14","day":"Sat","time":"11:20","desc":"BURGLARY- MOTOR VEHICLE","res":"unsolved"}]}},{"type":"Feature","geometry":{"type":"Polygon","coordinates":[[[-86.7092277287517,36.03755636459244],[-86.70777066284833,36.03882329985375],[-86.70841464733672,36.04059083286558],[-86.7105157768248,36.04109144929101],[-86.71197288164515,36.03982449754574],[-86.71132881806123,36.038056945859495],[-86.7092277287517,36.03755636459244],[-86.7092277287517,36.03755636459244]]]},"properties":{"h3":"89264d152b7ffff","count":10,"c3":0,"c6":0,"c12":1,"c24":10,"score":4.4,"risk":4,"peakDay":"Saturday","peakTime":"evening","hood":"","bk12":{"morning":1,"afternoon":0,"evening":0,"night":0},"bk24":{"morning":3,"afternoon":1,"evening":4,"night":2},"recent":[{"d":"2026-01-03","day":"Sat","time":"09:00","desc":"BURGLARY- MOTOR VEHICLE","res":"unsolved"},{"d":"2025-09-24","day":"Wed","time":"05:40","desc":"VEHICLE THEFT","res":"unsolved"},{"d":"2025-09-21","day":"Sun","time":"02:20","desc":"VEHICLE THEFT","res":"unsolved"},{"d":"2025-09-15","day":"Mon","time":"00:00","desc":"BURGLARY- MOTOR VEHICLE","res":"unsolved"},{"d":"2025-08-18","day":"Mon","time":"21:30","desc":"BURGLARY- MOTOR VEHICLE","res":"unsolved"},{"d":"2025-08-18","day":"Mon","time":"14:00","desc":"VEHICLE THEFT","res":"unsolved"},{"d":"2025-08-17","day":"Sun","time":"18:00","desc":"BURGLARY- MOTOR VEHICLE","res":"unsolved"},{"d":"2025-07-15","day":"Tue","time":"06:00","desc":"BURGLARY- MOTOR VEHICLE","res":"unsolved"},{"d":"2024-12-14","day":"Sat","time":"17:30","desc":"BURGLARY- MOTOR VEHICLE","res":"unsolved"},{"d":"2024-12-14","day":"Sat","time":"17:30","desc":"BURGLARY- MOTOR VEHICLE","res":"unsolved"}]}},{"type":"Feature","geometry":{"type":"Polygon","coordinates":[[[-86.60523377137653,36.19983023416137],[-86.60377469429308,36.20109277154434],[-86.6044172329582,36.202858687580786],[-86.60651892806723,36.20336208506906],[-86.60797804443811,36.20209953141322],[-86.60733542641333,36.20033359654245],[-86.60523377137653,36.19983023416137],[-86.60523377137653,36.19983023416137]]]},"properties":{"h3":"89264d8c607ffff","count":1,"c3":0,"c6":0,"c12":0,"c24":1,"score":0.3,"risk":0,"peakDay":"Thursday","peakTime":"evening","hood":"","bk12":{"morning":0,"afternoon":0,"evening":0,"night":0},"bk24":{"morning":0,"afternoon":0,"evening":1,"night":0},"recent":[{"d":"2024-12-19","day":"Thu","time":"19:00","desc":"BURGLARY- MOTOR VEHICLE","res":"closed"}]}},{"type":"Feature","geometry":{"type":"Polygon","coordinates":[[[-86.77992957193203,36.19959608482798],[-86.77847004674301,36.20086186598202],[-86.77911670681885,36.20262841140726],[-86.78122297141594,36.203129194222434],[-86.78268253547421,36.20186339665547],[-86.78203579606696,36.20009683268675],[-86.77992957193203,36.19959608482798],[-86.77992957193203,36.19959608482798]]]},"properties":{"h3":"89264d1356bffff","count":23,"c3":0,"c6":0,"c12":5,"c24":23,"score":10.8,"risk":11,"peakDay":"Friday","peakTime":"evening","hood":"","bk12":{"morning":0,"afternoon":0,"evening":3,"night":2},"bk24":{"morning":4,"afternoon":1,"evening":10,"night":8},"sv12":1,"recent":[{"d":"2026-02-23","day":"Mon","time":"18:00","desc":"BURGLARY- MOTOR VEHICLE","res":"unsolved"},{"d":"2026-02-13","day":"Fri","time":"01:00","desc":"BURGLARY- MOTOR VEHICLE","res":"unsolved"},{"d":"2026-02-12","day":"Thu","time":"17:30","desc":"BURGLARY- MOTOR VEHICLE","res":"unsolved"},{"d":"2026-01-20","day":"Tue","time":"22:00","desc":"BURGLARY- MOTOR VEHICLE","res":"unsolved"},{"d":"2025-10-13","day":"Mon","time":"20:00","desc":"VEHICLE THEFT","res":"unsolved"},{"d":"2025-09-27","day":"Sat","time":"10:00","desc":"LARC - PARTS FROM VEH","res":"unsolved"},{"d":"2025-09-19","day":"Fri","time":"21:30","desc":"VEHICLE THEFT","res":"unsolved"},{"d":"2025-09-09","day":"Tue","time":"13:00","desc":"VEHICLE THEFT","res":"unsolved"},{"d":"2025-08-23","day":"Sat","time":"00:00","desc":"BURGLARY - MOTOR VEHICLE","res":"unsolved"},{"d":"2025-08-23","day":"Sat","time":"00:00","desc":"BURGLARY - MOTOR VEHICLE","res":"unsolved"}]}},{"type":"Feature","geometry":{"type":"Polygon","coordinates":[[[-86.57949370612383,36.20816895689404],[-86.57803458005102,36.20943088888612],[-86.57867656264516,36.211196646579936],[-86.58077775068907,36.21170049115854],[-86.5822369161169,36.21043854292087],[-86.58159485414656,36.20867276635068],[-86.57949370612383,36.20816895689404],[-86.57949370612383,36.20816895689404]]]},"properties":{"h3":"89264d8c417ffff","count":1,"c3":0,"c6":0,"c12":0,"c24":1,"score":0.3,"risk":0,"peakDay":"Monday","peakTime":"night","hood":"","bk12":{"morning":0,"afternoon":0,"evening":0,"night":0},"bk24":{"morning":0,"afternoon":0,"evening":0,"night":1},"recent":[{"d":"2024-12-23","day":"Mon","time":"03:00","desc":"BURGLARY- MOTOR VEHICLE","res":"unsolved"}]}},{"type":"Feature","geometry":{"type":"Polygon","coordinates":[[[-86.70810889230077,36.02921902199894],[-86.70665194632012,36.03048606285121],[-86.70729585271727,36.032253654819684],[-86.70939678417885,36.032754224613264],[-86.7108537690729,36.03148716727132],[-86.71020978359275,36.029719556625956],[-86.70810889230077,36.02921902199894],[-86.70810889230077,36.02921902199894]]]},"properties":{"h3":"89264d153c3ffff","count":6,"c3":0,"c6":0,"c12":0,"c24":6,"score":2.1,"risk":2,"peakDay":"Sunday","peakTime":"morning","hood":"","bk12":{"morning":0,"afternoon":0,"evening":0,"night":0},"bk24":{"morning":5,"afternoon":0,"evening":1,"night":0},"recent":[{"d":"2025-05-18","day":"Sun","time":"10:20","desc":"BURGLARY - MOTOR VEHICLE","res":"unsolved"},{"d":"2025-05-18","day":"Sun","time":"10:20","desc":"BURGLARY - MOTOR VEHICLE","res":"unsolved"},{"d":"2025-05-18","day":"Sun","time":"10:20","desc":"BURGLARY - MOTOR VEHICLE","res":"unsolved"},{"d":"2025-05-18","day":"Sun","time":"10:20","desc":"BURGLARY - MOTOR VEHICLE","res":"unsolved"},{"d":"2025-01-18","day":"Sat","time":"18:00","desc":"BURGLARY- MOTOR VEHICLE","res":"unsolved"},{"d":"2024-12-23","day":"Mon","time":"06:00","desc":"BURGLARY- MOTOR VEHICLE","res":"unsolved"}]}},{"type":"Feature","geometry":{"type":"Polygon","coordinates":[[[-86.78774085085236,36.15790063211814],[-86.78628189339223,36.15916719361176],[-86.78692847743298,36.16093408899053],[-86.7890340982009,36.16143444141019],[-86.79049309448021,36.160167863464814],[-86.78984643117326,36.15840094955203],[-86.78774085085236,36.15790063211814],[-86.78774085085236,36.15790063211814]]]},"properties":{"h3":"89264d10663ffff","count":124,"c3":0,"c6":0,"c12":31,"c24":124,"score":61.2,"risk":62,"peakDay":"Friday","peakTime":"night","hood":"","bk12":{"morning":3,"afternoon":0,"evening":13,"night":15},"bk24":{"morning":13,"afternoon":13,"evening":28,"night":70},"sv12":1,"recent":[{"d":"2026-01-30","day":"Fri","time":"04:10","desc":"BURGLARY - MOTOR VEHICLE","res":"closed"},{"d":"2026-01-30","day":"Fri","time":"04:10","desc":"BURGLARY - MOTOR VEHICLE","res":"closed"},{"d":"2026-01-30","day":"Fri","time":"04:10","desc":"BURGLARY - MOTOR VEHICLE","res":"closed"},{"d":"2026-01-30","day":"Fri","time":"04:10","desc":"BURGLARY - MOTOR VEHICLE","res":"closed"},{"d":"2026-01-30","day":"Fri","time":"04:10","desc":"BURGLARY - MOTOR VEHICLE","res":"closed"},{"d":"2026-01-30","day":"Fri","time":"04:10","desc":"BURGLARY - MOTOR VEHICLE","res":"closed"},{"d":"2026-01-30","day":"Fri","time":"04:10","desc":"BURGLARY - MOTOR VEHICLE","res":"closed"},{"d":"2026-01-30","day":"Fri","time":"04:10","desc":"BURGLARY - MOTOR VEHICLE","res":"closed"},{"d":"2026-01-30","day":"Fri","time":"04:10","desc":"BURGLARY - MOTOR VEHICLE","res":"closed"},{"d":"2026-01-30","day":"Fri","time":"04:10","desc":"BURGLARY - MOTOR VEHICLE","res":"closed"}]}},{"type":"Feature","geometry":{"type":"Polygon","coordinates":[[[-86.80051281314334,36.198036268386765],[-86.79905325839957,36.19930245470469],[-86.79970039422643,36.20106908492509],[-86.80180716412329,36.20156954733734],[-86.80326675768562,36.200303344588875],[-86.80261954253335,36.198536695859175],[-86.80051281314334,36.198036268386765],[-86.80051281314334,36.198036268386765]]]},"properties":{"h3":"89264d13073ffff","count":8,"c3":0,"c6":0,"c12":0,"c24":8,"score":3.1,"risk":3,"peakDay":"Friday","peakTime":"night","hood":"","bk12":{"morning":0,"afternoon":0,"evening":0,"night":0},"bk24":{"morning":0,"afternoon":0,"evening":4,"night":4},"recent":[{"d":"2025-08-28","day":"Thu","time":"02:35","desc":"BURGLARY- MOTOR VEHICLE","res":"unsolved"},{"d":"2025-07-18","day":"Fri","time":"20:30","desc":"BURGLARY- MOTOR VEHICLE","res":"unsolved"},{"d":"2025-07-18","day":"Fri","time":"20:30","desc":"BURGLARY- MOTOR VEHICLE","res":"unsolved"},{"d":"2025-07-18","day":"Fri","time":"20:30","desc":"BURGLARY- MOTOR VEHICLE","res":"unsolved"},{"d":"2025-07-18","day":"Fri","time":"20:30","desc":"BURGLARY- MOTOR VEHICLE","res":"unsolved"},{"d":"2025-03-06","day":"Thu","time":"00:05","desc":"BURGLARY- MOTOR VEHICLE","res":"unsolved"},{"d":"2025-03-06","day":"Thu","time":"00:05","desc":"BURGLARY- MOTOR VEHICLE","res":"unsolved"},{"d":"2024-12-28","day":"Sat","time":"00:25","desc":"BURGLARY - MOTOR VEHICLE","res":"unsolved"}]}},{"type":"Feature","geometry":{"type":"Polygon","coordinates":[[[-86.91901914448849,36.10670018566483],[-86.91756058492716,36.10796995524243],[-86.91820994265302,36.10973770532277],[-86.920317939105,36.11023570414488],[-86.92177653713118,36.10896591797148],[-86.92112710024134,36.10719814957228],[-86.91901914448849,36.10670018566483],[-86.91901914448849,36.10670018566483]]]},"properties":{"h3":"89264d1856fffff","count":20,"c3":0,"c6":0,"c12":1,"c24":20,"score":8.6,"risk":9,"peakDay":"Friday","peakTime":"night","hood":"","bk12":{"morning":0,"afternoon":0,"evening":0,"night":1},"bk24":{"morning":2,"afternoon":1,"evening":8,"night":9},"sv12":1,"recent":[{"d":"2026-01-24","day":"Sat","time":"02:00","desc":"VEHICLE THEFT","res":"unsolved"},{"d":"2025-09-29","day":"Mon","time":"18:00","desc":"VEHICLE THEFT","res":"unsolved"},{"d":"2025-09-15","day":"Mon","time":"12:00","desc":"BURGLARY- MOTOR VEHICLE","res":"unsolved"},{"d":"2025-08-29","day":"Fri","time":"01:00","desc":"BURGLARY- MOTOR VEHICLE","res":"unsolved"},{"d":"2025-08-29","day":"Fri","time":"01:00","desc":"BURGLARY- MOTOR VEHICLE","res":"unsolved"},{"d":"2025-08-29","day":"Fri","time":"01:00","desc":"BURGLARY- MOTOR VEHICLE","res":"unsolved"},{"d":"2025-08-28","day":"Thu","time":"20:00","desc":"VEHICLE THEFT","res":"unsolved"},{"d":"2025-08-22","day":"Fri","time":"22:00","desc":"BURGLARY- MOTOR VEHICLE","res":"unsolved"},{"d":"2025-08-22","day":"Fri","time":"22:00","desc":"BURGLARY- MOTOR VEHICLE","res":"unsolved"},{"d":"2025-08-08","day":"Fri","time":"20:00","desc":"BURGLARY - MOTOR VEHICLE","res":"unsolved"}]}},{"type":"Feature","geometry":{"type":"Polygon","coordinates":[[[-86.60804640067236,36.23918816691389],[-86.60658676081474,36.24045015462653],[-86.60722961045177,36.24221577662503],[-86.60933217936682,36.24271942973749],[-86.61079185853505,36.24145742578052],[-86.61014892947837,36.2396917849559],[-86.60804640067236,36.23918816691389],[-86.60804640067236,36.23918816691389]]]},"properties":{"h3":"89264d8f0b7ffff","count":2,"c3":0,"c6":0,"c12":1,"c24":2,"score":0.9,"risk":1,"peakDay":"Wednesday","peakTime":"morning","hood":"","bk12":{"morning":0,"afternoon":1,"evening":0,"night":0},"bk24":{"morning":1,"afternoon":1,"evening":0,"night":0},"recent":[{"d":"2026-01-14","day":"Wed","time":"15:00","desc":"BURGLARY- MOTOR VEHICLE","res":"unsolved"},{"d":"2025-01-01","day":"Wed","time":"10:00","desc":"LARC - PARTS FROM VEH","res":"unsolved"}]}},{"type":"Feature","geometry":{"type":"Polygon","coordinates":[[[-86.64815269167984,36.02782841160622],[-86.646695921331,36.02909436246895],[-86.64733840602122,36.03086174657507],[-86.64943774015128,36.031363198595876],[-86.6508945495553,36.030097231290284],[-86.65025198577486,36.02832982840724],[-86.64815269167984,36.02782841160622],[-86.64815269167984,36.02782841160622]]]},"properties":{"h3":"89264d14233ffff","count":3,"c3":0,"c6":0,"c12":0,"c24":3,"score":1.3,"risk":1,"peakDay":"Wednesday","peakTime":"afternoon","hood":"","bk12":{"morning":0,"afternoon":0,"evening":0,"night":0},"bk24":{"morning":0,"afternoon":1,"evening":1,"night":1},"recent":[{"d":"2025-09-23","day":"Tue","time":"19:00","desc":"VEHICLE THEFT","res":"unsolved"},{"d":"2025-09-06","day":"Sat","time":"22:00","desc":"VEHICLE THEFT","res":"unsolved"},{"d":"2025-01-01","day":"Wed","time":"12:00","desc":"LARC - PARTS FROM VEH","res":"unsolved"}]}},{"type":"Feature","geometry":{"type":"Polygon","coordinates":[[[-86.71910689593497,36.13834220766722],[-86.71764838787945,36.13960779520371],[-86.71829323153081,36.14137459617456],[-86.72039666248631,36.14187582825941],[-86.72185520951089,36.1406102243105],[-86.72121028661172,36.138843404689645],[-86.71910689593497,36.13834220766722],[-86.71910689593497,36.13834220766722]]]},"properties":{"h3":"89264d12a03ffff","count":10,"c3":0,"c6":0,"c12":1,"c24":10,"score":4.5,"risk":5,"peakDay":"Friday","peakTime":"night","hood":"","bk12":{"morning":0,"afternoon":0,"evening":1,"night":0},"bk24":{"morning":2,"afternoon":1,"evening":3,"night":4},"recent":[{"d":"2026-02-14","day":"Sat","time":"20:00","desc":"BURGLARY- MOTOR VEHICLE","res":"unsolved"},{"d":"2025-10-02","day":"Thu","time":"05:00","desc":"LARC - PARTS FROM VEH","res":"unsolved"},{"d":"2025-09-23","day":"Tue","time":"08:18","desc":"VEHICLE THEFT","res":"unsolved"},{"d":"2025-09-15","day":"Mon","time":"21:00","desc":"LARC - PARTS FROM VEH","res":"unsolved"},{"d":"2025-08-20","day":"Wed","time":"00:50","desc":"BURGLARY- MOTOR VEHICLE","res":"unsolved"},{"d":"2025-08-20","day":"Wed","time":"00:00","desc":"BURGLARY- MOTOR VEHICLE","res":"unsolved"},{"d":"2025-08-19","day":"Tue","time":"13:00","desc":"BURGLARY- MOTOR VEHICLE","res":"unsolved"},{"d":"2025-07-12","day":"Sat","time":"04:00","desc":"BURGLARY- MOTOR VEHICLE","res":"unsolved"},{"d":"2025-02-07","day":"Fri","time":"18:50","desc":"VEHICLE THEFT","res":"unsolved"},{"d":"2025-01-03","day":"Fri","time":"22:02","desc":"LARC - PARTS FROM VEH","res":"unsolved"}]}},{"type":"Feature","geometry":{"type":"Polygon","coordinates":[[[-86.75128646753973,36.16858881762907],[-86.74982745153193,36.1698545408574],[-86.75047324253656,36.17162122429542],[-86.75257812883852,36.17212220309948],[-86.75403718376103,36.17085646345678],[-86.75339131346762,36.16908976142488],[-86.75128646753973,36.16858881762907],[-86.75128646753973,36.16858881762907]]]},"properties":{"h3":"89264d104abffff","count":13,"c3":0,"c6":0,"c12":6,"c24":13,"score":6.3,"risk":6,"peakDay":"Saturday","peakTime":"night","hood":"","bk12":{"morning":1,"afternoon":1,"evening":3,"night":1},"bk24":{"morning":2,"afternoon":4,"evening":3,"night":4},"sv12":4,"recent":[{"d":"2026-02-14","day":"Sat","time":"13:59","desc":"VEHICLE THEFT","res":"unsolved"},{"d":"2026-02-09","day":"Mon","time":"08:30","desc":"LARC - PARTS FROM VEH","res":"unsolved"},{"d":"2026-02-05","day":"Thu","time":"21:00","desc":"VEHICLE THEFT","res":"unsolved"},{"d":"2025-12-13","day":"Sat","time":"19:10","desc":"BURGLARY - MOTOR VEHICLE","res":"unsolved"},{"d":"2025-11-01","day":"Sat","time":"18:50","desc":"VEHICLE THEFT","res":"unsolved"},{"d":"2025-10-11","day":"Sat","time":"03:51","desc":"VEHICLE THEFT","res":"unsolved"},{"d":"2025-09-29","day":"Mon","time":"15:30","desc":"LARC - PARTS FROM VEH","res":"unsolved"},{"d":"2025-08-10","day":"Sun","time":"13:19","desc":"BURGLARY- MOTOR VEHICLE","res":"unsolved"},{"d":"2025-08-08","day":"Fri","time":"22:00","desc":"BURGLARY- MOTOR VEHICLE","res":"unsolved"},{"d":"2025-07-26","day":"Sat","time":"12:12","desc":"BURGLARY- MOTOR VEHICLE","res":"unsolved"}]}},{"type":"Feature","geometry":{"type":"Polygon","coordinates":[[[-86.78105684476697,36.20792797922871],[-86.7795971993046,36.20919365410799],[-86.78024393800568,36.210960138902166],[-86.78235040151385,36.21146096735843],[-86.783810085849,36.2101952760718],[-86.78316326780397,36.20842877273674],[-86.78105684476697,36.20792797922871],[-86.78105684476697,36.20792797922871]]]},"properties":{"h3":"89264d13543ffff","count":15,"c3":0,"c6":0,"c12":4,"c24":15,"score":7.3,"risk":7,"peakDay":"Sunday","peakTime":"morning","hood":"","bk12":{"morning":3,"afternoon":0,"evening":1,"night":0},"bk24":{"morning":5,"afternoon":5,"evening":2,"night":3},"recent":[{"d":"2026-02-21","day":"Sat","time":"10:35","desc":"BURGLARY- MOTOR VEHICLE","res":"unsolved"},{"d":"2026-02-21","day":"Sat","time":"10:35","desc":"BURGLARY- MOTOR VEHICLE","res":"unsolved"},{"d":"2026-02-21","day":"Sat","time":"10:35","desc":"BURGLARY- MOTOR VEHICLE","res":"unsolved"},{"d":"2026-01-20","day":"Tue","time":"18:00","desc":"BURGLARY- MOTOR VEHICLE","res":"unsolved"},{"d":"2025-09-21","day":"Sun","time":"12:00","desc":"BURGLARY- MOTOR VEHICLE","res":"unsolved"},{"d":"2025-09-21","day":"Sun","time":"12:00","desc":"BURGLARY- MOTOR VEHICLE","res":"unsolved"},{"d":"2025-09-15","day":"Mon","time":"18:30","desc":"LARC - PARTS FROM VEH","res":"unsolved"},{"d":"2025-09-14","day":"Sun","time":"23:00","desc":"BURGLARY- MOTOR VEHICLE","res":"unsolved"},{"d":"2025-09-07","day":"Sun","time":"12:00","desc":"VEHICLE THEFT","res":"unsolved"},{"d":"2025-08-29","day":"Fri","time":"13:00","desc":"BURGLARY- MOTOR VEHICLE","res":"unsolved"}]}},{"type":"Feature","geometry":{"type":"Polygon","coordinates":[[[-86.68053696374893,36.16946599363922],[-86.67907811694592,36.17073039183276],[-86.6797222443522,36.172496814861006],[-86.68182529786395,36.17299885840784],[-86.68328418375171,36.17173444385713],[-86.68263997704378,36.16996800211723],[-86.68053696374893,36.16946599363922],[-86.68053696374893,36.16946599363922]]]},"properties":{"h3":"89264d12c87ffff","count":3,"c3":0,"c6":0,"c12":0,"c24":3,"score":1.2,"risk":1,"peakDay":"Friday","peakTime":"evening","hood":"","bk12":{"morning":0,"afternoon":0,"evening":0,"night":0},"bk24":{"morning":0,"afternoon":1,"evening":2,"night":0},"recent":[{"d":"2025-08-16","day":"Sat","time":"19:54","desc":"VEHICLE THEFT","res":"unsolved"},{"d":"2025-07-24","day":"Thu","time":"18:23","desc":"VEHICLE THEFT","res":"unsolved"},{"d":"2025-01-17","day":"Fri","time":"15:49","desc":"BURGLARY - MOTOR VEHICLE","res":"unsolved"}]}},{"type":"Feature","geometry":{"type":"Polygon","coordinates":[[[-86.77041890904678,36.14732997941214],[-86.76896014395902,36.148596380972656],[-86.76960625363407,36.150363296262185],[-86.77171120765067,36.150863828555444],[-86.77317001159129,36.149597410548665],[-86.77252382266325,36.14783047669539],[-86.77041890904678,36.14732997941214],[-86.77041890904678,36.14732997941214]]]},"properties":{"h3":"89264d10047ffff","count":22,"c3":0,"c6":0,"c12":16,"c24":22,"score":10.7,"risk":11,"peakDay":"Sunday","peakTime":"afternoon","hood":"","bk12":{"morning":1,"afternoon":11,"evening":3,"night":1},"bk24":{"morning":2,"afternoon":13,"evening":5,"night":2},"sv12":2,"recent":[{"d":"2026-02-07","day":"Sat","time":"16:30","desc":"VEHICLE THEFT","res":"unsolved"},{"d":"2025-12-07","day":"Sun","time":"17:30","desc":"VEHICLE THEFT","res":"unsolved"},{"d":"2025-10-12","day":"Sun","time":"13:39","desc":"BURGLARY - MOTOR VEHICLE","res":"unsolved"},{"d":"2025-10-12","day":"Sun","time":"13:39","desc":"BURGLARY - MOTOR VEHICLE","res":"unsolved"},{"d":"2025-10-12","day":"Sun","time":"13:39","desc":"BURGLARY - MOTOR VEHICLE","res":"unsolved"},{"d":"2025-10-12","day":"Sun","time":"13:39","desc":"BURGLARY - MOTOR VEHICLE","res":"unsolved"},{"d":"2025-10-12","day":"Sun","time":"13:39","desc":"BURGLARY - MOTOR VEHICLE","res":"unsolved"},{"d":"2025-10-12","day":"Sun","time":"13:39","desc":"BURGLARY - MOTOR VEHICLE","res":"unsolved"},{"d":"2025-10-12","day":"Sun","time":"13:39","desc":"BURGLARY - MOTOR VEHICLE","res":"unsolved"},{"d":"2025-10-12","day":"Sun","time":"13:39","desc":"BURGLARY - MOTOR VEHICLE","res":"unsolved"}]}},{"type":"Feature","geometry":{"type":"Polygon","coordinates":[[[-86.82063599347839,36.14796439851922],[-86.81917709382303,36.149231720496196],[-86.81982439137909,36.150998808717134],[-86.82193066783648,36.1514985934415],[-86.82338960622451,36.15023125497884],[-86.82274222942328,36.14846414827799],[-86.82063599347839,36.14796439851922],[-86.82063599347839,36.14796439851922]]]},"properties":{"h3":"89264d111dbffff","count":31,"c3":0,"c6":0,"c12":9,"c24":31,"score":14.5,"risk":15,"peakDay":"Thursday","peakTime":"night","hood":"","bk12":{"morning":1,"afternoon":0,"evening":1,"night":7},"bk24":{"morning":5,"afternoon":2,"evening":5,"night":19},"sv12":1,"recent":[{"d":"2026-01-13","day":"Tue","time":"22:00","desc":"BURGLARY- MOTOR VEHICLE","res":"unsolved"},{"d":"2026-01-13","day":"Tue","time":"22:00","desc":"BURGLARY- MOTOR VEHICLE","res":"unsolved"},{"d":"2025-12-15","day":"Mon","time":"00:30","desc":"BURGLARY- MOTOR VEHICLE","res":"unsolved"},{"d":"2025-12-15","day":"Mon","time":"00:30","desc":"BURGLARY- MOTOR VEHICLE","res":"unsolved"},{"d":"2025-12-15","day":"Mon","time":"00:30","desc":"BURGLARY- MOTOR VEHICLE","res":"unsolved"},{"d":"2025-12-15","day":"Mon","time":"00:30","desc":"BURGLARY- MOTOR VEHICLE","res":"unsolved"},{"d":"2025-12-15","day":"Mon","time":"00:30","desc":"BURGLARY- MOTOR VEHICLE","res":"unsolved"},{"d":"2025-10-21","day":"Tue","time":"11:03","desc":"VEHICLE THEFT","res":"unsolved"},{"d":"2025-10-18","day":"Sat","time":"18:00","desc":"BURGLARY - MOTOR VEHICLE","res":"unsolved"},{"d":"2025-10-01","day":"Wed","time":"08:00","desc":"LARC - PARTS FROM VEH","res":"unsolved"}]}},{"type":"Feature","geometry":{"type":"Polygon","coordinates":[[[-86.75867054461457,36.07837800564384],[-86.75721277894952,36.0796452376773],[-86.75785818227266,36.08141263888185],[-86.75996143041134,36.08191282664229],[-86.76141923490574,36.08064557811771],[-86.76077375243294,36.07887815832431],[-86.75867054461457,36.07837800564384],[-86.75867054461457,36.07837800564384]]]},"properties":{"h3":"89264d0249bffff","count":15,"c3":0,"c6":0,"c12":1,"c24":15,"score":5.9,"risk":6,"peakDay":"Friday","peakTime":"night","hood":"","bk12":{"morning":0,"afternoon":0,"evening":1,"night":0},"bk24":{"morning":1,"afternoon":1,"evening":6,"night":7},"recent":[{"d":"2026-02-07","day":"Sat","time":"19:15","desc":"BURGLARY- MOTOR VEHICLE","res":"unsolved"},{"d":"2025-09-21","day":"Sun","time":"07:30","desc":"BURGLARY- MOTOR VEHICLE","res":"unsolved"},{"d":"2025-08-25","day":"Mon","time":"14:00","desc":"BURGLARY- MOTOR VEHICLE","res":"unsolved"},{"d":"2025-07-16","day":"Wed","time":"01:00","desc":"BURGLARY - MOTOR VEHICLE","res":"unsolved"},{"d":"2025-07-16","day":"Wed","time":"01:00","desc":"BURGLARY - MOTOR VEHICLE","res":"unsolved"},{"d":"2025-07-16","day":"Wed","time":"01:00","desc":"BURGLARY - MOTOR VEHICLE","res":"unsolved"},{"d":"2025-07-16","day":"Wed","time":"01:00","desc":"BURGLARY - MOTOR VEHICLE","res":"unsolved"},{"d":"2025-06-21","day":"Sat","time":"22:00","desc":"BURGLARY - MOTOR VEHICLE","res":"unsolved"},{"d":"2025-06-21","day":"Sat","time":"22:00","desc":"BURGLARY - MOTOR VEHICLE","res":"unsolved"},{"d":"2025-01-17","day":"Fri","time":"22:30","desc":"BURGLARY- MOTOR VEHICLE","res":"unsolved"}]}},{"type":"Feature","geometry":{"type":"Polygon","coordinates":[[[-86.75972833240394,36.14962710453954],[-86.75826956199472,36.150893273058195],[-86.75891543390011,36.15266013262119],[-86.76102015547386,36.15316084224741],[-86.76247896476332,36.15189465729278],[-86.7618330135996,36.15012777914839],[-86.75972833240394,36.14962710453954],[-86.75972833240394,36.14962710453954]]]},"properties":{"h3":"89264d10017ffff","count":36,"c3":0,"c6":0,"c12":1,"c24":36,"score":15.9,"risk":16,"peakDay":"Sunday","peakTime":"evening","hood":"","bk12":{"morning":0,"afternoon":1,"evening":0,"night":0},"bk24":{"morning":4,"afternoon":3,"evening":15,"night":14},"sv12":1,"recent":[{"d":"2026-02-06","day":"Fri","time":"13:54","desc":"VEHICLE THEFT","res":"unsolved"},{"d":"2025-09-28","day":"Sun","time":"00:00","desc":"BURGLARY- MOTOR VEHICLE","res":"unsolved"},{"d":"2025-09-21","day":"Sun","time":"10:00","desc":"BURGLARY - MOTOR VEHICLE","res":"unsolved"},{"d":"2025-09-21","day":"Sun","time":"10:00","desc":"BURGLARY - MOTOR VEHICLE","res":"unsolved"},{"d":"2025-09-19","day":"Fri","time":"15:00","desc":"BURGLARY - MOTOR VEHICLE","res":"unsolved"},{"d":"2025-09-11","day":"Thu","time":"18:02","desc":"VEHICLE THEFT","res":"unsolved"},{"d":"2025-09-06","day":"Sat","time":"21:45","desc":"VEHICLE THEFT","res":"unsolved"},{"d":"2025-08-31","day":"Sun","time":"01:00","desc":"BURGLARY- MOTOR VEHICLE","res":"unsolved"},{"d":"2025-08-31","day":"Sun","time":"01:00","desc":"BURGLARY- MOTOR VEHICLE","res":"unsolved"},{"d":"2025-08-31","day":"Sun","time":"01:00","desc":"BURGLARY- MOTOR VEHICLE","res":"unsolved"}]}},{"type":"Feature","geometry":{"type":"Polygon","coordinates":[[[-86.6497652869124,36.25884311853736],[-86.64830525966472,36.260105579863584],[-86.6489492169445,36.26187120021873],[-86.65105328091636,36.262374378003074],[-86.65251334738997,36.26111190041429],[-86.65186931066663,36.2593462613042],[-86.6497652869124,36.25884311853736],[-86.6497652869124,36.25884311853736]]]},"properties":{"h3":"89264d8f653ffff","count":3,"c3":0,"c6":0,"c12":2,"c24":3,"score":1.4,"risk":1,"peakDay":"Friday","peakTime":"night","hood":"","bk12":{"morning":0,"afternoon":0,"evening":1,"night":1},"bk24":{"morning":0,"afternoon":0,"evening":1,"night":2},"sv12":2,"recent":[{"d":"2026-01-14","day":"Wed","time":"00:00","desc":"VEHICLE THEFT","res":"unsolved"},{"d":"2025-10-19","day":"Sun","time":"20:00","desc":"VEHICLE THEFT","res":"unsolved"},{"d":"2025-01-17","day":"Fri","time":"22:00","desc":"BURGLARY- MOTOR VEHICLE","res":"unsolved"}]}},{"type":"Feature","geometry":{"type":"Polygon","coordinates":[[[-86.64845168887398,36.03919700352958],[-86.64699475811733,36.04046278761153],[-86.64763732025325,36.04223008705537],[-86.64973689225413,36.04273162119332],[-86.65119386207381,36.04146582067726],[-86.65055122083038,36.03969850245785],[-86.64845168887398,36.03919700352958],[-86.64845168887398,36.03919700352958]]]},"properties":{"h3":"89264d14283ffff","count":9,"c3":0,"c6":0,"c12":2,"c24":9,"score":3.5,"risk":4,"peakDay":"Saturday","peakTime":"night","hood":"","bk12":{"morning":0,"afternoon":0,"evening":1,"night":1},"bk24":{"morning":0,"afternoon":0,"evening":3,"night":6},"recent":[{"d":"2025-12-20","day":"Sat","time":"20:30","desc":"BURGLARY- MOTOR VEHICLE","res":"unsolved"},{"d":"2025-11-23","day":"Sun","time":"00:00","desc":"BURGLARY- MOTOR VEHICLE","res":"unsolved"},{"d":"2025-08-25","day":"Mon","time":"19:30","desc":"VEHICLE THEFT","res":"unsolved"},{"d":"2025-07-10","day":"Thu","time":"18:30","desc":"VEHICLE THEFT","res":"unsolved"},{"d":"2025-01-18","day":"Sat","time":"02:15","desc":"BURGLARY - MOTOR VEHICLE","res":"unsolved"},{"d":"2025-01-18","day":"Sat","time":"02:15","desc":"BURGLARY - MOTOR VEHICLE","res":"unsolved"},{"d":"2025-01-18","day":"Sat","time":"02:15","desc":"BURGLARY - MOTOR VEHICLE","res":"unsolved"},{"d":"2025-01-18","day":"Sat","time":"02:15","desc":"BURGLARY - MOTOR VEHICLE","res":"unsolved"},{"d":"2025-01-18","day":"Sat","time":"02:15","desc":"BURGLARY - MOTOR VEHICLE","res":"unsolved"}]}},{"type":"Feature","geometry":{"type":"Polygon","coordinates":[[[-86.74067316731234,36.10798462029499],[-86.73921503121115,36.10925106927158],[-86.73986019450372,36.11101818008521],[-86.74196357309617,36.11151886053927],[-86.743421748092,36.1102523951092],[-86.74277650560155,36.10848526567902],[-86.74067316731234,36.10798462029499],[-86.74067316731234,36.10798462029499]]]},"properties":{"h3":"89264d10eafffff","count":14,"c3":0,"c6":0,"c12":1,"c24":14,"score":6,"risk":6,"peakDay":"Thursday","peakTime":"night","hood":"","bk12":{"morning":0,"afternoon":0,"evening":0,"night":1},"bk24":{"morning":0,"afternoon":4,"evening":0,"night":10},"sv12":1,"recent":[{"d":"2026-01-06","day":"Tue","time":"00:37","desc":"VEHICLE THEFT","res":"unsolved"},{"d":"2025-09-12","day":"Fri","time":"22:00","desc":"LARC - PARTS FROM VEH","res":"unsolved"},{"d":"2025-08-23","day":"Sat","time":"02:45","desc":"BURGLARY- MOTOR VEHICLE","res":"unsolved"},{"d":"2025-08-21","day":"Thu","time":"16:00","desc":"LARC - PARTS FROM VEH","res":"unsolved"},{"d":"2025-08-21","day":"Thu","time":"00:01","desc":"VEHICLE THEFT","res":"unsolved"},{"d":"2025-08-21","day":"Thu","time":"00:01","desc":"BURGLARY- MOTOR VEHICLE","res":"unsolved"},{"d":"2025-08-07","day":"Thu","time":"00:01","desc":"LARC - PARTS FROM VEH","res":"unsolved"},{"d":"2025-07-25","day":"Fri","time":"00:00","desc":"LARC - PARTS FROM VEH","res":"unsolved"},{"d":"2025-07-19","day":"Sat","time":"00:00","desc":"LARC - PARTS FROM VEH","res":"unsolved"},{"d":"2025-06-20","day":"Fri","time":"00:05","desc":"LARC - PARTS FROM VEH","res":"unsolved"}]}},{"type":"Feature","geometry":{"type":"Polygon","coordinates":[[[-86.77930104972383,36.17686566771975],[-86.77784184638429,36.1781317839006],[-86.77848834974141,36.179898503006676],[-86.78059413573557,36.180399124478875],[-86.78205337792879,36.17913299186782],[-86.78140679527502,36.177366254215265],[-86.77930104972383,36.17686566771975],[-86.77930104972383,36.17686566771975]]]},"properties":{"h3":"89264d13167ffff","count":7,"c3":0,"c6":0,"c12":1,"c24":7,"score":3.1,"risk":3,"peakDay":"Monday","peakTime":"evening","hood":"","bk12":{"morning":0,"afternoon":0,"evening":1,"night":0},"bk24":{"morning":0,"afternoon":1,"evening":5,"night":1},"recent":[{"d":"2026-02-17","day":"Tue","time":"19:30","desc":"BURGLARY- MOTOR VEHICLE","res":"unsolved"},{"d":"2025-07-28","day":"Mon","time":"20:30","desc":"VEHICLE THEFT","res":"unsolved"},{"d":"2025-07-28","day":"Mon","time":"20:30","desc":"BURGLARY - MOTOR VEHICLE","res":"unsolved"},{"d":"2025-07-28","day":"Mon","time":"18:30","desc":"BURGLARY- MOTOR VEHICLE","res":"unsolved"},{"d":"2025-07-27","day":"Sun","time":"15:16","desc":"BURGLARY- MOTOR VEHICLE","res":"unsolved"},{"d":"2025-07-27","day":"Sun","time":"01:54","desc":"VEHICLE THEFT","res":"unsolved"},{"d":"2025-01-18","day":"Sat","time":"20:00","desc":"BURGLARY- MOTOR VEHICLE","res":"unsolved"}]}},{"type":"Feature","geometry":{"type":"Polygon","coordinates":[[[-86.7891836611709,36.17760155888281],[-86.78772442266254,36.178867846938346],[-86.78837116367886,36.180634595350995],[-86.7904772225004,36.18113507423855],[-86.79193649983922,36.17986876974552],[-86.79128967952683,36.178102002802945],[-86.7891836611709,36.17760155888281],[-86.7891836611709,36.17760155888281]]]},"properties":{"h3":"89264d133a7ffff","count":39,"c3":0,"c6":0,"c12":10,"c24":39,"score":17.5,"risk":18,"peakDay":"Friday","peakTime":"evening","hood":"","bk12":{"morning":0,"afternoon":1,"evening":8,"night":1},"bk24":{"morning":3,"afternoon":4,"evening":18,"night":14},"sv12":1,"recent":[{"d":"2026-02-20","day":"Fri","time":"17:55","desc":"LARC - PARTS FROM VEH","res":"unsolved"},{"d":"2026-02-18","day":"Wed","time":"19:00","desc":"BURGLARY- MOTOR VEHICLE","res":"unsolved"},{"d":"2025-11-26","day":"Wed","time":"04:00","desc":"VEHICLE THEFT","res":"unsolved"},{"d":"2025-11-09","day":"Sun","time":"19:30","desc":"BURGLARY - MOTOR VEHICLE","res":"unsolved"},{"d":"2025-11-03","day":"Mon","time":"20:00","desc":"BURGLARY- MOTOR VEHICLE","res":"unsolved"},{"d":"2025-11-03","day":"Mon","time":"20:00","desc":"BURGLARY- MOTOR VEHICLE","res":"unsolved"},{"d":"2025-11-03","day":"Mon","time":"20:00","desc":"BURGLARY- MOTOR VEHICLE","res":"unsolved"},{"d":"2025-11-03","day":"Mon","time":"20:00","desc":"BURGLARY- MOTOR VEHICLE","res":"unsolved"},{"d":"2025-10-13","day":"Mon","time":"12:30","desc":"BURGLARY- MOTOR VEHICLE","res":"unsolved"},{"d":"2025-10-11","day":"Sat","time":"20:00","desc":"BURGLARY- MOTOR VEHICLE","res":"unsolved"}]}},{"type":"Feature","geometry":{"type":"Polygon","coordinates":[[[-86.7505450826157,36.10872041522358],[-86.749086911046,36.109987035910294],[-86.74973231165,36.11175417645126],[-86.75183596302185,36.11225471490601],[-86.75329417346309,36.11098807775852],[-86.75264869366175,36.109220918617545],[-86.7505450826157,36.10872041522358],[-86.7505450826157,36.10872041522358]]]},"properties":{"h3":"89264d10e0fffff","count":7,"c3":0,"c6":0,"c12":1,"c24":7,"score":3.3,"risk":3,"peakDay":"Tuesday","peakTime":"night","hood":"","bk12":{"morning":0,"afternoon":0,"evening":0,"night":1},"bk24":{"morning":1,"afternoon":0,"evening":3,"night":3},"recent":[{"d":"2026-01-21","day":"Wed","time":"01:00","desc":"LARC - PARTS FROM VEH","res":"unsolved"},{"d":"2025-09-30","day":"Tue","time":"01:00","desc":"VEHICLE THEFT","res":"unsolved"},{"d":"2025-09-23","day":"Tue","time":"19:46","desc":"VEHICLE THEFT","res":"unsolved"},{"d":"2025-09-23","day":"Tue","time":"19:46","desc":"VEHICLE THEFT","res":"unsolved"},{"d":"2025-08-06","day":"Wed","time":"20:00","desc":"VEHICLE THEFT","res":"unsolved"},{"d":"2025-08-01","day":"Fri","time":"10:00","desc":"BURGLARY - MOTOR VEHICLE","res":"unsolved"},{"d":"2025-01-19","day":"Sun","time":"00:46","desc":"BURGLARY- MOTOR VEHICLE","res":"unsolved"}]}},{"type":"Feature","geometry":{"type":"Polygon","coordinates":[[[-86.78029775442363,36.14806522869692],[-86.77883895410734,36.149331802071245],[-86.77948530129882,36.151098746807044],[-86.78159052805977,36.15159913671622],[-86.78304936720572,36.15033254688834],[-86.78240294076186,36.14856558360531],[-86.78029775442363,36.14806522869692],[-86.78029775442363,36.14806522869692]]]},"properties":{"h3":"89264d10287ffff","count":101,"c3":0,"c6":0,"c12":22,"c24":101,"score":48,"risk":49,"peakDay":"Friday","peakTime":"night","hood":"","bk12":{"morning":11,"afternoon":4,"evening":2,"night":5},"bk24":{"morning":20,"afternoon":12,"evening":23,"night":46},"sv12":4,"recent":[{"d":"2026-02-28","day":"Sat","time":"05:15","desc":"VEHICLE THEFT","res":"closed"},{"d":"2026-02-27","day":"Fri","time":"15:00","desc":"BURGLARY- MOTOR VEHICLE","res":"unsolved"},{"d":"2026-02-17","day":"Tue","time":"20:00","desc":"VEHICLE THEFT","res":"unsolved"},{"d":"2026-01-20","day":"Tue","time":"18:15","desc":"BURGLARY- MOTOR VEHICLE","res":"unsolved"},{"d":"2026-01-16","day":"Fri","time":"12:15","desc":"BURGLARY- MOTOR VEHICLE","res":"unsolved"},{"d":"2026-01-03","day":"Sat","time":"07:30","desc":"BURGLARY - MOTOR VEHICLE","res":"closed"},{"d":"2026-01-03","day":"Sat","time":"07:30","desc":"BURGLARY - MOTOR VEHICLE","res":"closed"},{"d":"2026-01-03","day":"Sat","time":"07:30","desc":"BURGLARY - MOTOR VEHICLE","res":"closed"},{"d":"2026-01-03","day":"Sat","time":"07:30","desc":"BURGLARY - MOTOR VEHICLE","res":"closed"},{"d":"2026-01-03","day":"Sat","time":"07:30","desc":"BURGLARY - MOTOR VEHICLE","res":"closed"}]}},{"type":"Feature","geometry":{"type":"Polygon","coordinates":[[[-86.65938128978947,36.14828642405999],[-86.65792279638805,36.14955075271302],[-86.6585662929608,36.15131726193459],[-86.66066836220824,36.151819461252295],[-86.66212689472891,36.150555116242444],[-86.66148331888368,36.14878858827218],[-86.65938128978947,36.14828642405999],[-86.65938128978947,36.14828642405999]]]},"properties":{"h3":"89264d12da3ffff","count":74,"c3":0,"c6":0,"c12":11,"c24":74,"score":34.1,"risk":35,"peakDay":"Saturday","peakTime":"night","hood":"","bk12":{"morning":1,"afternoon":3,"evening":0,"night":7},"bk24":{"morning":22,"afternoon":8,"evening":9,"night":35},"recent":[{"d":"2026-01-18","day":"Sun","time":"03:50","desc":"BURGLARY - MOTOR VEHICLE","res":"unsolved"},{"d":"2025-12-02","day":"Tue","time":"10:50","desc":"BURGLARY- MOTOR VEHICLE","res":"unsolved"},{"d":"2025-10-11","day":"Sat","time":"22:30","desc":"BURGLARY- MOTOR VEHICLE","res":"unsolved"},{"d":"2025-10-11","day":"Sat","time":"22:30","desc":"BURGLARY- MOTOR VEHICLE","res":"unsolved"},{"d":"2025-10-11","day":"Sat","time":"22:00","desc":"BURGLARY- MOTOR VEHICLE","res":"unsolved"},{"d":"2025-10-11","day":"Sat","time":"22:00","desc":"BURGLARY- MOTOR VEHICLE","res":"unsolved"},{"d":"2025-10-11","day":"Sat","time":"16:00","desc":"BURGLARY- MOTOR VEHICLE","res":"unsolved"},{"d":"2025-10-11","day":"Sat","time":"16:00","desc":"BURGLARY- MOTOR VEHICLE","res":"unsolved"},{"d":"2025-10-11","day":"Sat","time":"16:00","desc":"BURGLARY - MOTOR VEHICLE","res":"unsolved"},{"d":"2025-10-08","day":"Wed","time":"04:00","desc":"BURGLARY - MOTOR VEHICLE","res":"unsolved"}]}},{"type":"Feature","geometry":{"type":"Polygon","coordinates":[[[-86.69793831688544,36.21715585266055],[-86.69647875282988,36.218419845611045],[-86.69712358779502,36.220185962914705],[-86.69922806618851,36.22068810594693],[-86.7006876693232,36.21942409666269],[-86.7000427549861,36.21765796068046],[-86.69793831688544,36.21715585266055],[-86.69793831688544,36.21715585266055]]]},"properties":{"h3":"89264d88b77ffff","count":10,"c3":0,"c6":0,"c12":6,"c24":10,"score":4.7,"risk":5,"peakDay":"Tuesday","peakTime":"evening","hood":"","bk12":{"morning":1,"afternoon":1,"evening":3,"night":1},"bk24":{"morning":1,"afternoon":2,"evening":6,"night":1},"recent":[{"d":"2026-02-19","day":"Thu","time":"09:00","desc":"BURGLARY- MOTOR VEHICLE","res":"unsolved"},{"d":"2026-01-23","day":"Fri","time":"23:00","desc":"LARC - PARTS FROM VEH","res":"unsolved"},{"d":"2025-11-04","day":"Tue","time":"21:00","desc":"BURGLARY- MOTOR VEHICLE","res":"unsolved"},{"d":"2025-11-04","day":"Tue","time":"21:00","desc":"BURGLARY- MOTOR VEHICLE","res":"unsolved"},{"d":"2025-11-04","day":"Tue","time":"21:00","desc":"BURGLARY- MOTOR VEHICLE","res":"unsolved"},{"d":"2025-10-10","day":"Fri","time":"16:00","desc":"BURGLARY- MOTOR VEHICLE","res":"unsolved"},{"d":"2025-08-24","day":"Sun","time":"19:30","desc":"VEHICLE THEFT","res":"unsolved"},{"d":"2025-02-27","day":"Thu","time":"19:00","desc":"BURGLARY- MOTOR VEHICLE","res":"unsolved"},{"d":"2025-01-24","day":"Fri","time":"18:30","desc":"BURGLARY- MOTOR VEHICLE","res":"unsolved"},{"d":"2025-01-07","day":"Tue","time":"15:03","desc":"VEHICLE THEFT","res":"unsolved"}]}},{"type":"Feature","geometry":{"type":"Polygon","coordinates":[[[-86.67911649563374,36.14977366784212],[-86.67765792987119,36.15103833985644],[-86.67830190130891,36.15280490908851],[-86.6804045177817,36.15330682502241],[-86.68186312261751,36.15204213663659],[-86.68121907190807,36.150275548688846],[-86.67911649563374,36.14977366784212],[-86.67911649563374,36.14977366784212]]]},"properties":{"h3":"89264d12d43ffff","count":52,"c3":0,"c6":0,"c12":2,"c24":52,"score":23.6,"risk":24,"peakDay":"Saturday","peakTime":"morning","hood":"","bk12":{"morning":0,"afternoon":0,"evening":2,"night":0},"bk24":{"morning":21,"afternoon":4,"evening":10,"night":17},"recent":[{"d":"2025-10-10","day":"Fri","time":"21:00","desc":"BURGLARY- MOTOR VEHICLE","res":"unsolved"},{"d":"2025-10-10","day":"Fri","time":"21:00","desc":"BURGLARY- MOTOR VEHICLE","res":"unsolved"},{"d":"2025-10-04","day":"Sat","time":"12:00","desc":"LARC - PARTS FROM VEH","res":"unsolved"},{"d":"2025-10-04","day":"Sat","time":"07:00","desc":"BURGLARY- MOTOR VEHICLE","res":"unsolved"},{"d":"2025-10-04","day":"Sat","time":"07:00","desc":"BURGLARY- MOTOR VEHICLE","res":"unsolved"},{"d":"2025-10-04","day":"Sat","time":"07:00","desc":"BURGLARY- MOTOR VEHICLE","res":"unsolved"},{"d":"2025-10-04","day":"Sat","time":"07:00","desc":"BURGLARY- MOTOR VEHICLE","res":"unsolved"},{"d":"2025-10-04","day":"Sat","time":"07:00","desc":"BURGLARY- MOTOR VEHICLE","res":"unsolved"},{"d":"2025-10-04","day":"Sat","time":"07:00","desc":"BURGLARY- MOTOR VEHICLE","res":"unsolved"},{"d":"2025-10-04","day":"Sat","time":"07:00","desc":"BURGLARY- MOTOR VEHICLE","res":"unsolved"}]}},{"type":"Feature","geometry":{"type":"Polygon","coordinates":[[[-86.72825126344956,36.079208475966574],[-86.7267935636181,36.08047513191576],[-86.72743825513142,36.08224241760683],[-86.72954072563294,36.08274306598869],[-86.73099846436716,36.08147639357324],[-86.7303536936979,36.07970908924266],[-86.72825126344956,36.079208475966574],[-86.72825126344956,36.079208475966574]]]},"properties":{"h3":"89264d10b87ffff","count":4,"c3":0,"c6":0,"c12":0,"c24":4,"score":1.7,"risk":2,"peakDay":"Monday","peakTime":"morning","hood":"","bk12":{"morning":0,"afternoon":0,"evening":0,"night":0},"bk24":{"morning":2,"afternoon":1,"evening":1,"night":0},"recent":[{"d":"2025-10-07","day":"Tue","time":"21:30","desc":"BURGLARY- MOTOR VEHICLE","res":"unsolved"},{"d":"2025-08-16","day":"Sat","time":"12:00","desc":"BURGLARY- MOTOR VEHICLE","res":"unsolved"},{"d":"2025-05-28","day":"Wed","time":"10:00","desc":"VEHICLE THEFT","res":"unsolved"},{"d":"2025-02-03","day":"Mon","time":"09:00","desc":"BURGLARY- MOTOR VEHICLE","res":"unsolved"}]}},{"type":"Feature","geometry":{"type":"Polygon","coordinates":[[[-86.75023437626363,36.097350940930866],[-86.74877636534643,36.09861772862134],[-86.74942168787132,36.10038495492842],[-86.7515251004942,36.10088541214696],[-86.75298315027516,36.09961860798699],[-86.75233774857027,36.09785136307846],[-86.75023437626363,36.097350940930866],[-86.75023437626363,36.097350940930866]]]},"properties":{"h3":"89264d10a83ffff","count":2,"c3":0,"c6":0,"c12":0,"c24":2,"score":0.7,"risk":1,"peakDay":"Thursday","peakTime":"morning","hood":"","bk12":{"morning":0,"afternoon":0,"evening":0,"night":0},"bk24":{"morning":1,"afternoon":1,"evening":0,"night":0},"recent":[{"d":"2025-03-29","day":"Sat","time":"15:19","desc":"VEHICLE THEFT","res":"unsolved"},{"d":"2025-02-06","day":"Thu","time":"08:00","desc":"LARC - PARTS FROM VEH","res":"unsolved"}]}},{"type":"Feature","geometry":{"type":"Polygon","coordinates":[[[-86.74985153800294,36.14889017192685],[-86.74839280300789,36.150156168655066],[-86.7490384374068,36.15192299866744],[-86.7511428860604,36.15242385054997],[-86.75260165995886,36.15115783739307],[-86.75195594630108,36.14939098878278],[-86.74985153800294,36.14889017192685],[-86.74985153800294,36.14889017192685]]]},"properties":{"h3":"89264d100b7ffff","count":8,"c3":0,"c6":0,"c12":0,"c24":8,"score":3.4,"risk":3,"peakDay":"Friday","peakTime":"morning","hood":"","bk12":{"morning":0,"afternoon":0,"evening":0,"night":0},"bk24":{"morning":5,"afternoon":2,"evening":1,"night":0},"recent":[{"d":"2025-09-09","day":"Tue","time":"12:36","desc":"VEHICLE OFFENSE, CRIMINAL ATTEMPT","res":"unsolved"},{"d":"2025-08-28","day":"Thu","time":"08:00","desc":"BURGLARY- MOTOR VEHICLE","res":"unsolved"},{"d":"2025-08-26","day":"Tue","time":"18:00","desc":"LARC - PARTS FROM VEH","res":"unsolved"},{"d":"2025-08-15","day":"Fri","time":"12:23","desc":"BURGLARY- MOTOR VEHICLE","res":"unsolved"},{"d":"2025-07-23","day":"Wed","time":"11:00","desc":"BURGLARY- MOTOR VEHICLE","res":"unsolved"},{"d":"2025-07-14","day":"Mon","time":"08:00","desc":"VEHICLE OFFENSE, CRIMINAL ATTEMPT","res":"unsolved"},{"d":"2025-07-04","day":"Fri","time":"06:00","desc":"LARC - PARTS FROM VEH","res":"unsolved"},{"d":"2025-02-07","day":"Fri","time":"07:30","desc":"BURGLARY- MOTOR VEHICLE","res":"unsolved"}]}},{"type":"Feature","geometry":{"type":"Polygon","coordinates":[[[-86.66894666888622,36.13766818647626],[-86.66748830001467,36.138932854283816],[-86.66813195629597,36.14069947953692],[-86.67023406070437,36.14120145571658],[-86.67169246866435,36.13993677153619],[-86.67104873312827,36.13817012754945],[-86.66894666888622,36.13766818647626],[-86.66894666888622,36.13766818647626]]]},"properties":{"h3":"89264d12993ffff","count":26,"c3":0,"c6":0,"c12":1,"c24":26,"score":11.4,"risk":12,"peakDay":"Friday","peakTime":"night","hood":"","bk12":{"morning":0,"afternoon":1,"evening":0,"night":0},"bk24":{"morning":3,"afternoon":2,"evening":6,"night":15},"recent":[{"d":"2025-10-29","day":"Wed","time":"13:30","desc":"BURGLARY- MOTOR VEHICLE","res":"unsolved"},{"d":"2025-09-29","day":"Mon","time":"02:00","desc":"BURGLARY- MOTOR VEHICLE","res":"unsolved"},{"d":"2025-09-22","day":"Mon","time":"10:28","desc":"BURGLARY- MOTOR VEHICLE","res":"unsolved"},{"d":"2025-09-21","day":"Sun","time":"22:00","desc":"BURGLARY- MOTOR VEHICLE","res":"unsolved"},{"d":"2025-09-19","day":"Fri","time":"04:00","desc":"BURGLARY- MOTOR VEHICLE","res":"unsolved"},{"d":"2025-09-19","day":"Fri","time":"04:00","desc":"BURGLARY- MOTOR VEHICLE","res":"unsolved"},{"d":"2025-09-19","day":"Fri","time":"00:00","desc":"BURGLARY- MOTOR VEHICLE","res":"unsolved"},{"d":"2025-09-19","day":"Fri","time":"00:00","desc":"BURGLARY- MOTOR VEHICLE","res":"unsolved"},{"d":"2025-09-19","day":"Fri","time":"00:00","desc":"BURGLARY- MOTOR VEHICLE","res":"unsolved"},{"d":"2025-09-19","day":"Fri","time":"00:00","desc":"BURGLARY- MOTOR VEHICLE","res":"unsolved"}]}},{"type":"Feature","geometry":{"type":"Polygon","coordinates":[[[-86.6685235751628,36.18917297449858],[-86.6670644818879,36.19043684918468],[-86.66770844837957,36.19220307703175],[-86.66981158748064,36.19270544892317],[-86.67127071988389,36.191441557904994],[-86.6706266740585,36.18967531132795],[-86.6685235751628,36.18917297449858],[-86.6685235751628,36.18917297449858]]]},"properties":{"h3":"89264d8d04fffff","count":3,"c3":0,"c6":0,"c12":0,"c24":3,"score":1,"risk":1,"peakDay":"Saturday","peakTime":"morning","hood":"","bk12":{"morning":0,"afternoon":0,"evening":0,"night":0},"bk24":{"morning":2,"afternoon":1,"evening":0,"night":0},"recent":[{"d":"2025-06-26","day":"Thu","time":"14:00","desc":"BURGLARY- MOTOR VEHICLE","res":"unsolved"},{"d":"2025-02-08","day":"Sat","time":"10:30","desc":"BURGLARY- MOTOR VEHICLE","res":"unsolved"},{"d":"2025-02-08","day":"Sat","time":"10:30","desc":"BURGLARY- MOTOR VEHICLE","res":"unsolved"}]}},{"type":"Feature","geometry":{"type":"Polygon","coordinates":[[[-86.79974240660619,36.1381641189733],[-86.79828369688981,36.13943120317635],[-86.79893044075108,36.14119829302451],[-86.80103597356347,36.14169831718573],[-86.8024947220554,36.14043121650591],[-86.80184789896025,36.138664108142144],[-86.79974240660619,36.1381641189733],[-86.79974240660619,36.1381641189733]]]},"properties":{"h3":"89264d111b7ffff","count":15,"c3":0,"c6":0,"c12":2,"c24":15,"score":6.6,"risk":7,"peakDay":"Friday","peakTime":"night","hood":"","bk12":{"morning":0,"afternoon":0,"evening":1,"night":1},"bk24":{"morning":0,"afternoon":3,"evening":4,"night":8},"recent":[{"d":"2026-01-17","day":"Sat","time":"23:30","desc":"BURGLARY- MOTOR VEHICLE","res":"unsolved"},{"d":"2025-10-12","day":"Sun","time":"20:00","desc":"BURGLARY- MOTOR VEHICLE","res":"unsolved"},{"d":"2025-09-18","day":"Thu","time":"13:45","desc":"BURGLARY- MOTOR VEHICLE","res":"unsolved"},{"d":"2025-09-12","day":"Fri","time":"22:00","desc":"BURGLARY - MOTOR VEHICLE","res":"unsolved"},{"d":"2025-09-12","day":"Fri","time":"22:00","desc":"BURGLARY - MOTOR VEHICLE","res":"unsolved"},{"d":"2025-08-29","day":"Fri","time":"18:00","desc":"LARC - PARTS FROM VEH","res":"unsolved"},{"d":"2025-08-01","day":"Fri","time":"22:00","desc":"BURGLARY- MOTOR VEHICLE","res":"unsolved"},{"d":"2025-08-01","day":"Fri","time":"22:00","desc":"BURGLARY- MOTOR VEHICLE","res":"unsolved"},{"d":"2025-07-23","day":"Wed","time":"21:30","desc":"BURGLARY- MOTOR VEHICLE","res":"unsolved"},{"d":"2025-07-16","day":"Wed","time":"12:00","desc":"BURGLARY - MOTOR VEHICLE","res":"unsolved"}]}},{"type":"Feature","geometry":{"type":"Polygon","coordinates":[[[-86.91788031109976,36.09835913772241],[-86.91642187148895,36.099629012821175],[-86.91707115021322,36.10139682300766],[-86.91917894770062,36.10189477641733],[-86.92063742577285,36.10062488471714],[-86.91998806789712,36.09885705620922],[-86.91788031109976,36.09835913772241],[-86.91788031109976,36.09835913772241]]]},"properties":{"h3":"89264d18113ffff","count":11,"c3":0,"c6":0,"c12":1,"c24":11,"score":4.7,"risk":5,"peakDay":"Wednesday","peakTime":"afternoon","hood":"","bk12":{"morning":0,"afternoon":0,"evening":1,"night":0},"bk24":{"morning":1,"afternoon":5,"evening":4,"night":1},"sv12":1,"recent":[{"d":"2026-03-01","day":"Sun","time":"20:00","desc":"VEHICLE THEFT","res":"unsolved"},{"d":"2025-09-17","day":"Wed","time":"17:01","desc":"BURGLARY- MOTOR VEHICLE","res":"unsolved"},{"d":"2025-08-06","day":"Wed","time":"16:30","desc":"BURGLARY- MOTOR VEHICLE","res":"unsolved"},{"d":"2025-08-06","day":"Wed","time":"16:30","desc":"BURGLARY- MOTOR VEHICLE","res":"unsolved"},{"d":"2025-08-06","day":"Wed","time":"16:30","desc":"BURGLARY- MOTOR VEHICLE","res":"unsolved"},{"d":"2025-08-06","day":"Wed","time":"16:30","desc":"BURGLARY- MOTOR VEHICLE","res":"unsolved"},{"d":"2025-08-06","day":"Wed","time":"16:30","desc":"BURGLARY- MOTOR VEHICLE","res":"unsolved"},{"d":"2025-07-16","day":"Wed","time":"22:30","desc":"BURGLARY- MOTOR VEHICLE","res":"unsolved"},{"d":"2025-02-09","day":"Sun","time":"07:55","desc":"BURGLARY- MOTOR VEHICLE","res":"unsolved"},{"d":"2025-02-08","day":"Sat","time":"21:00","desc":"VEHICLE THEFT","res":"unsolved"}]}},{"type":"Feature","geometry":{"type":"Polygon","coordinates":[[[-86.7279431587469,36.067838206868274],[-86.72648561947037,36.06910502967442],[-86.72713023306447,36.0708724007238],[-86.72923246507462,36.07137296760845],[-86.7306900432461,36.07010612832735],[-86.73004535051331,36.06833873863703],[-86.7279431587469,36.067838206868274],[-86.7279431587469,36.067838206868274]]]},"properties":{"h3":"89264d10b37ffff","count":17,"c3":0,"c6":0,"c12":5,"c24":17,"score":8.2,"risk":8,"peakDay":"Sunday","peakTime":"evening","hood":"","bk12":{"morning":1,"afternoon":0,"evening":2,"night":2},"bk24":{"morning":2,"afternoon":0,"evening":10,"night":5},"sv12":2,"recent":[{"d":"2026-02-06","day":"Fri","time":"08:00","desc":"LARC - PARTS FROM VEH","res":"unsolved"},{"d":"2025-12-05","day":"Fri","time":"02:34","desc":"VEHICLE THEFT","res":"unsolved"},{"d":"2025-12-05","day":"Fri","time":"02:34","desc":"BURGLARY- MOTOR VEHICLE","res":"unsolved"},{"d":"2025-11-10","day":"Mon","time":"20:00","desc":"VEHICLE THEFT","res":"unsolved"},{"d":"2025-10-30","day":"Thu","time":"21:30","desc":"BURGLARY - MOTOR VEHICLE","res":"unsolved"},{"d":"2025-09-14","day":"Sun","time":"19:30","desc":"BURGLARY- MOTOR VEHICLE","res":"unsolved"},{"d":"2025-09-14","day":"Sun","time":"19:30","desc":"BURGLARY- MOTOR VEHICLE","res":"unsolved"},{"d":"2025-09-14","day":"Sun","time":"19:30","desc":"BURGLARY- MOTOR VEHICLE","res":"unsolved"},{"d":"2025-09-14","day":"Sun","time":"19:30","desc":"BURGLARY- MOTOR VEHICLE","res":"unsolved"},{"d":"2025-09-14","day":"Sun","time":"19:30","desc":"BURGLARY- MOTOR VEHICLE","res":"unsolved"}]}},{"type":"Feature","geometry":{"type":"Polygon","coordinates":[[[-86.70811560978053,36.129269826656945],[-86.70665725764991,36.13053534854781],[-86.70730178563869,36.13230217954822],[-86.70940474499461,36.13280350732732],[-86.71086313611377,36.13153796902568],[-86.71021852888927,36.12977111935618],[-86.70811560978053,36.129269826656945],[-86.70811560978053,36.129269826656945]]]},"properties":{"h3":"89264d12bcbffff","count":18,"c3":0,"c6":0,"c12":5,"c24":18,"score":8.4,"risk":9,"peakDay":"Saturday","peakTime":"night","hood":"","bk12":{"morning":0,"afternoon":2,"evening":2,"night":1},"bk24":{"morning":0,"afternoon":4,"evening":6,"night":8},"sv12":1,"recent":[{"d":"2026-02-14","day":"Sat","time":"20:00","desc":"VEHICLE THEFT","res":"unsolved"},{"d":"2026-01-28","day":"Wed","time":"19:49","desc":"LARC - PARTS FROM VEH","res":"unsolved"},{"d":"2026-01-17","day":"Sat","time":"16:30","desc":"BURGLARY- MOTOR VEHICLE","res":"unsolved"},{"d":"2026-01-17","day":"Sat","time":"16:30","desc":"BURGLARY- MOTOR VEHICLE","res":"unsolved"},{"d":"2025-10-17","day":"Fri","time":"00:00","desc":"BURGLARY- MOTOR VEHICLE","res":"unsolved"},{"d":"2025-09-29","day":"Mon","time":"00:25","desc":"VEHICLE THEFT","res":"unsolved"},{"d":"2025-09-22","day":"Mon","time":"03:24","desc":"VEHICLE THEFT","res":"unsolved"},{"d":"2025-09-21","day":"Sun","time":"22:00","desc":"VEHICLE THEFT","res":"unsolved"},{"d":"2025-09-14","day":"Sun","time":"22:39","desc":"BURGLARY- MOTOR VEHICLE","res":"unsolved"},{"d":"2025-09-05","day":"Fri","time":"01:30","desc":"BURGLARY- MOTOR VEHICLE","res":"unsolved"}]}},{"type":"Feature","geometry":{"type":"Polygon","coordinates":[[[-86.69010418486404,36.15884735474843],[-86.68864546283753,36.16011209225119],[-86.68928974992617,36.161878631439464],[-86.69139283832601,36.162380451822074],[-86.6928515994064,36.16111569794616],[-86.6922072330339,36.15934914006127],[-86.69010418486404,36.15884735474843],[-86.69010418486404,36.15884735474843]]]},"properties":{"h3":"89264d12c77ffff","count":5,"c3":0,"c6":0,"c12":0,"c24":5,"score":2.1,"risk":2,"peakDay":"Tuesday","peakTime":"night","hood":"","bk12":{"morning":0,"afternoon":0,"evening":0,"night":0},"bk24":{"morning":1,"afternoon":0,"evening":2,"night":2},"recent":[{"d":"2025-09-05","day":"Fri","time":"20:00","desc":"BURGLARY- MOTOR VEHICLE","res":"unsolved"},{"d":"2025-09-03","day":"Wed","time":"19:30","desc":"BURGLARY - MOTOR VEHICLE","res":"unsolved"},{"d":"2025-07-22","day":"Tue","time":"00:00","desc":"VEHICLE THEFT","res":"unsolved"},{"d":"2025-06-01","day":"Sun","time":"08:00","desc":"LARC - PARTS FROM VEH","res":"unsolved"},{"d":"2025-02-18","day":"Tue","time":"01:00","desc":"BURGLARY- MOTOR VEHICLE","res":"unsolved"}]}},{"type":"Feature","geometry":{"type":"Polygon","coordinates":[[[-86.63786170831044,36.07862030147559],[-86.63640425152212,36.07988529090315],[-86.63704680819065,36.08165225322862],[-86.63914690081755,36.0821542449172],[-86.64060439672383,36.080889239095185],[-86.63996176088602,36.079122257979535],[-86.63786170831044,36.07862030147559],[-86.63786170831044,36.07862030147559]]]},"properties":{"h3":"89264d1718fffff","count":14,"c3":0,"c6":0,"c12":3,"c24":14,"score":6.4,"risk":7,"peakDay":"Sunday","peakTime":"night","hood":"","bk12":{"morning":0,"afternoon":0,"evening":3,"night":0},"bk24":{"morning":2,"afternoon":2,"evening":4,"night":6},"recent":[{"d":"2026-02-15","day":"Sun","time":"21:00","desc":"LARC - PARTS FROM VEH","res":"unsolved"},{"d":"2026-01-04","day":"Sun","time":"17:00","desc":"BURGLARY - MOTOR VEHICLE","res":"unsolved"},{"d":"2026-01-04","day":"Sun","time":"17:00","desc":"BURGLARY - MOTOR VEHICLE","res":"unsolved"},{"d":"2025-09-25","day":"Thu","time":"15:00","desc":"VEHICLE THEFT","res":"unsolved"},{"d":"2025-09-11","day":"Thu","time":"01:00","desc":"BURGLARY- MOTOR VEHICLE","res":"unsolved"},{"d":"2025-08-31","day":"Sun","time":"09:48","desc":"BURGLARY- MOTOR VEHICLE","res":"unsolved"},{"d":"2025-08-04","day":"Mon","time":"22:15","desc":"LARC - PARTS FROM VEH","res":"unsolved"},{"d":"2025-07-29","day":"Tue","time":"18:00","desc":"BURGLARY- MOTOR VEHICLE","res":"unsolved"},{"d":"2025-07-15","day":"Tue","time":"10:45","desc":"VEHICLE THEFT","res":"unsolved"},{"d":"2025-07-11","day":"Fri","time":"13:11","desc":"THEFT OF VEHICLE-2,500 OR > BUT<$10,000","res":"unsolved"}]}},{"type":"Feature","geometry":{"type":"Polygon","coordinates":[[[-86.68764772302625,36.26789544943738],[-86.68618746942266,36.26915847519509],[-86.68683237775547,36.270924161089624],[-86.68893761914416,36.27142683991802],[-86.69039791188992,36.27016379787441],[-86.6897529241056,36.26839809328877],[-86.68764772302625,36.26789544943738],[-86.68764772302625,36.26789544943738]]]},"properties":{"h3":"89264d88c1bffff","count":2,"c3":0,"c6":0,"c12":0,"c24":2,"score":0.8,"risk":1,"peakDay":"Wednesday","peakTime":"morning","hood":"","bk12":{"morning":0,"afternoon":0,"evening":0,"night":0},"bk24":{"morning":1,"afternoon":0,"evening":1,"night":0},"recent":[{"d":"2025-09-30","day":"Tue","time":"21:00","desc":"LARC - PARTS FROM VEH","res":"unsolved"},{"d":"2025-02-19","day":"Wed","time":"06:00","desc":"BURGLARY- MOTOR VEHICLE","res":"unsolved"}]}},{"type":"Feature","geometry":{"type":"Polygon","coordinates":[[[-86.73854353805697,36.12845249792664],[-86.73708511946987,36.12971859618987],[-86.73773035993217,36.13148554269335],[-86.73983409821187,36.13198640955253],[-86.74129255571408,36.13072029485361],[-86.74064723602227,36.12895332973168],[-86.73854353805697,36.12845249792664],[-86.73854353805697,36.12845249792664]]]},"properties":{"h3":"89264d10133ffff","count":3,"c3":0,"c6":0,"c12":0,"c24":3,"score":1.1,"risk":1,"peakDay":"Friday","peakTime":"morning","hood":"","bk12":{"morning":0,"afternoon":0,"evening":0,"night":0},"bk24":{"morning":1,"afternoon":1,"evening":1,"night":0},"recent":[{"d":"2025-09-02","day":"Tue","time":"21:00","desc":"BURGLARY - MOTOR VEHICLE","res":"unsolved"},{"d":"2025-02-28","day":"Fri","time":"08:00","desc":"LARC - PARTS FROM VEH","res":"unsolved"},{"d":"2024-11-09","day":"Sat","time":"14:20","desc":"Theft of Vehicle- $60,000 or > but < $250,000","res":"unsolved"}]}},{"type":"Feature","geometry":{"type":"Polygon","coordinates":[[[-86.79952104674327,36.22683060042103],[-86.79806108854066,36.228096328785774],[-86.79870838094823,36.22986273179892],[-86.80081571092892,36.23036342495629],[-86.80227570797406,36.22909768018427],[-86.80162833619681,36.22733125866266],[-86.79952104674327,36.22683060042103],[-86.79952104674327,36.22683060042103]]]},"properties":{"h3":"89264d13453ffff","count":2,"c3":0,"c6":0,"c12":0,"c24":2,"score":0.8,"risk":1,"peakDay":"Thursday","peakTime":"afternoon","hood":"","bk12":{"morning":0,"afternoon":0,"evening":0,"night":0},"bk24":{"morning":0,"afternoon":1,"evening":0,"night":1},"recent":[{"d":"2025-07-11","day":"Fri","time":"22:00","desc":"LARC - PARTS FROM VEH","res":"unsolved"},{"d":"2025-03-06","day":"Thu","time":"12:00","desc":"LARC - PARTS FROM VEH","res":"unsolved"}]}},{"type":"Feature","geometry":{"type":"Polygon","coordinates":[[[-86.90978686621054,36.12873206520337],[-86.9083280191294,36.13000132945453],[-86.90897729726805,36.13176887790623],[-86.91108550168802,36.132267180439875],[-86.91254438727263,36.13099789961747],[-86.91189502993463,36.12923033283318],[-86.90978686621054,36.12873206520337],[-86.90978686621054,36.12873206520337]]]},"properties":{"h3":"89264d1a367ffff","count":24,"c3":0,"c6":0,"c12":0,"c24":24,"score":10.5,"risk":11,"peakDay":"Tuesday","peakTime":"night","hood":"","bk12":{"morning":0,"afternoon":0,"evening":0,"night":0},"bk24":{"morning":1,"afternoon":1,"evening":11,"night":11},"recent":[{"d":"2025-09-20","day":"Sat","time":"10:00","desc":"VEHICLE THEFT","res":"unsolved"},{"d":"2025-09-01","day":"Mon","time":"04:30","desc":"BURGLARY- MOTOR VEHICLE","res":"unsolved"},{"d":"2025-09-01","day":"Mon","time":"04:30","desc":"BURGLARY- MOTOR VEHICLE","res":"unsolved"},{"d":"2025-09-01","day":"Mon","time":"04:30","desc":"BURGLARY- MOTOR VEHICLE","res":"unsolved"},{"d":"2025-09-01","day":"Mon","time":"04:30","desc":"BURGLARY- MOTOR VEHICLE","res":"unsolved"},{"d":"2025-09-01","day":"Mon","time":"04:30","desc":"BURGLARY- MOTOR VEHICLE","res":"unsolved"},{"d":"2025-09-01","day":"Mon","time":"04:30","desc":"BURGLARY- MOTOR VEHICLE","res":"unsolved"},{"d":"2025-08-31","day":"Sun","time":"21:00","desc":"BURGLARY- MOTOR VEHICLE","res":"unsolved"},{"d":"2025-08-31","day":"Sun","time":"21:00","desc":"BURGLARY- MOTOR VEHICLE","res":"unsolved"},{"d":"2025-08-07","day":"Thu","time":"02:00","desc":"BURGLARY- MOTOR VEHICLE","res":"unsolved"}]}},{"type":"Feature","geometry":{"type":"Polygon","coordinates":[[[-86.75028179254888,36.19738101670734],[-86.74882237342537,36.1986462822032],[-86.74946832027845,36.200412739603664],[-86.75157376558892,36.20091395010188],[-86.75303322365117,36.19964866821497],[-86.75238719746504,36.1978821922214],[-86.75028179254888,36.19738101670734],[-86.75028179254888,36.19738101670734]]]},"properties":{"h3":"89264d1228bffff","count":13,"c3":0,"c6":0,"c12":3,"c24":13,"score":6.1,"risk":6,"peakDay":"Friday","peakTime":"night","hood":"","bk12":{"morning":0,"afternoon":0,"evening":0,"night":3},"bk24":{"morning":2,"afternoon":0,"evening":3,"night":8},"sv12":1,"recent":[{"d":"2026-02-18","day":"Wed","time":"00:00","desc":"BURGLARY- MOTOR VEHICLE","res":"unsolved"},{"d":"2025-10-10","day":"Fri","time":"03:00","desc":"BURGLARY- MOTOR VEHICLE","res":"unsolved"},{"d":"2025-10-09","day":"Thu","time":"22:00","desc":"VEHICLE THEFT","res":"unsolved"},{"d":"2025-09-20","day":"Sat","time":"03:00","desc":"BURGLARY- MOTOR VEHICLE","res":"unsolved"},{"d":"2025-09-19","day":"Fri","time":"23:35","desc":"BURGLARY- MOTOR VEHICLE","res":"unsolved"},{"d":"2025-09-19","day":"Fri","time":"21:00","desc":"BURGLARY - MOTOR VEHICLE","res":"unsolved"},{"d":"2025-09-05","day":"Fri","time":"21:00","desc":"BURGLARY- MOTOR VEHICLE","res":"unsolved"},{"d":"2025-08-31","day":"Sun","time":"00:00","desc":"VEHICLE THEFT","res":"unsolved"},{"d":"2025-08-29","day":"Fri","time":"17:00","desc":"BURGLARY- MOTOR VEHICLE","res":"unsolved"},{"d":"2025-08-23","day":"Sat","time":"00:00","desc":"BURGLARY- MOTOR VEHICLE","res":"unsolved"}]}},{"type":"Feature","geometry":{"type":"Polygon","coordinates":[[[-86.76860666251147,36.179161668621646],[-86.76714745375978,36.18042755164531],[-86.76779371921619,36.18219421507669],[-86.76989927272713,36.182695014049],[-86.77135852035991,36.181429114605436],[-86.77071217560147,36.179662432609945],[-86.76860666251147,36.179161668621646],[-86.76860666251147,36.179161668621646]]]},"properties":{"h3":"89264d13137ffff","count":14,"c3":0,"c6":0,"c12":1,"c24":14,"score":6.2,"risk":6,"peakDay":"Friday","peakTime":"morning","hood":"","bk12":{"morning":1,"afternoon":0,"evening":0,"night":0},"bk24":{"morning":6,"afternoon":1,"evening":3,"night":4},"recent":[{"d":"2026-02-17","day":"Tue","time":"08:00","desc":"BURGLARY - MOTOR VEHICLE","res":"unsolved"},{"d":"2025-08-29","day":"Fri","time":"22:00","desc":"VEHICLE THEFT","res":"unsolved"},{"d":"2025-08-29","day":"Fri","time":"21:00","desc":"VEHICLE THEFT","res":"unsolved"},{"d":"2025-08-25","day":"Mon","time":"06:15","desc":"LARC - PARTS FROM VEH","res":"unsolved"},{"d":"2025-08-11","day":"Mon","time":"08:56","desc":"LARC - PARTS FROM VEH","res":"unsolved"},{"d":"2025-08-10","day":"Sun","time":"09:45","desc":"LARC - PARTS FROM VEH","res":"unsolved"},{"d":"2025-07-25","day":"Fri","time":"16:48","desc":"VEHICLE THEFT","res":"unsolved"},{"d":"2025-07-23","day":"Wed","time":"08:00","desc":"LARC - PARTS FROM VEH","res":"unsolved"},{"d":"2025-07-23","day":"Wed","time":"03:30","desc":"VEHICLE THEFT","res":"unsolved"},{"d":"2025-07-12","day":"Sat","time":"21:20","desc":"VEHICLE THEFT","res":"unsolved"}]}},{"type":"Feature","geometry":{"type":"Polygon","coordinates":[[[-86.67953420857137,36.09825342590204],[-86.6780763666927,36.099518889687275],[-86.6787200279078,36.10128585439772],[-86.68082161019525,36.101787374042615],[-86.6822794911074,36.10052189384503],[-86.6816357506994,36.09875491041537],[-86.67953420857137,36.09825342590204],[-86.67953420857137,36.09825342590204]]]},"properties":{"h3":"89264d1762bffff","count":1,"c3":0,"c6":0,"c12":0,"c24":1,"score":0.3,"risk":0,"peakDay":"Thursday","peakTime":"afternoon","hood":"","bk12":{"morning":0,"afternoon":0,"evening":0,"night":0},"bk24":{"morning":0,"afternoon":1,"evening":0,"night":0},"recent":[{"d":"2025-03-20","day":"Thu","time":"13:00","desc":"BURGLARY- MOTOR VEHICLE","res":"unsolved"}]}},{"type":"Feature","geometry":{"type":"Polygon","coordinates":[[[-86.72937248676669,36.08754420786996],[-86.72791466690916,36.088810758025076],[-86.72855943666649,36.090577984270176],[-86.73066210545069,36.09107867899763],[-86.73211996421459,36.089812112381935],[-86.73147511528872,36.088044867499846],[-86.72937248676669,36.08754420786996],[-86.72937248676669,36.08754420786996]]]},"properties":{"h3":"89264d1082bffff","count":11,"c3":0,"c6":0,"c12":2,"c24":11,"score":5.1,"risk":5,"peakDay":"Thursday","peakTime":"afternoon","hood":"","bk12":{"morning":0,"afternoon":0,"evening":2,"night":0},"bk24":{"morning":0,"afternoon":5,"evening":4,"night":2},"sv12":1,"recent":[{"d":"2025-12-22","day":"Mon","time":"20:00","desc":"VEHICLE THEFT","res":"unsolved"},{"d":"2025-12-22","day":"Mon","time":"20:00","desc":"LARC - PARTS FROM VEH","res":"unsolved"},{"d":"2025-10-01","day":"Wed","time":"12:00","desc":"BURGLARY- MOTOR VEHICLE","res":"unsolved"},{"d":"2025-09-24","day":"Wed","time":"03:00","desc":"VEHICLE THEFT","res":"unsolved"},{"d":"2025-09-14","day":"Sun","time":"20:00","desc":"BURGLARY- MOTOR VEHICLE","res":"unsolved"},{"d":"2025-09-04","day":"Thu","time":"18:35","desc":"VEHICLE THEFT","res":"unsolved"},{"d":"2025-07-26","day":"Sat","time":"12:35","desc":"BURGLARY- MOTOR VEHICLE","res":"unsolved"},{"d":"2025-07-26","day":"Sat","time":"12:35","desc":"BURGLARY- MOTOR VEHICLE","res":"unsolved"},{"d":"2025-07-24","day":"Thu","time":"22:00","desc":"VEHICLE THEFT","res":"unsolved"},{"d":"2025-05-12","day":"Mon","time":"12:00","desc":"VEHICLE THEFT","res":"unsolved"}]}},{"type":"Feature","geometry":{"type":"Polygon","coordinates":[[[-86.7898624271803,36.13743084326738],[-86.78840375251114,36.138697755648764],[-86.78905025888538,36.14046481612301],[-86.79115551916412,36.14096498274846],[-86.79261423263206,36.13969805389756],[-86.79196764702328,36.13793097489119],[-86.7898624271803,36.13743084326738],[-86.7898624271803,36.13743084326738]]]},"properties":{"h3":"89264d10277ffff","count":19,"c3":0,"c6":0,"c12":4,"c24":19,"score":8.9,"risk":9,"peakDay":"Saturday","peakTime":"night","hood":"","bk12":{"morning":1,"afternoon":0,"evening":1,"night":2},"bk24":{"morning":4,"afternoon":1,"evening":6,"night":8},"sv12":1,"recent":[{"d":"2026-01-19","day":"Mon","time":"03:00","desc":"BURGLARY- MOTOR VEHICLE","res":"unsolved"},{"d":"2025-10-16","day":"Thu","time":"20:19","desc":"VEHICLE THEFT","res":"unsolved"},{"d":"2025-10-12","day":"Sun","time":"06:30","desc":"BURGLARY- MOTOR VEHICLE","res":"unsolved"},{"d":"2025-10-10","day":"Fri","time":"23:59","desc":"BURGLARY- MOTOR VEHICLE","res":"unsolved"},{"d":"2025-09-22","day":"Mon","time":"23:00","desc":"VEHICLE THEFT","res":"unsolved"},{"d":"2025-09-22","day":"Mon","time":"23:00","desc":"VEHICLE THEFT","res":"unsolved"},{"d":"2025-09-20","day":"Sat","time":"20:30","desc":"BURGLARY- MOTOR VEHICLE","res":"unsolved"},{"d":"2025-09-19","day":"Fri","time":"23:30","desc":"BURGLARY- MOTOR VEHICLE","res":"unsolved"},{"d":"2025-09-14","day":"Sun","time":"19:30","desc":"BURGLARY- MOTOR VEHICLE","res":"unsolved"},{"d":"2025-09-14","day":"Sun","time":"19:30","desc":"BURGLARY- MOTOR VEHICLE","res":"unsolved"}]}},{"type":"Feature","geometry":{"type":"Polygon","coordinates":[[[-86.70954983841136,36.24894449077709],[-86.70808979595066,36.250208213018986],[-86.7087351032034,36.25197412491552],[-86.71084053233652,36.252476333227015],[-86.71230061387257,36.25121259466689],[-86.71165522720095,36.24944666411398],[-86.70954983841136,36.24894449077709],[-86.70954983841136,36.24894449077709]]]},"properties":{"h3":"89264d88a93ffff","count":9,"c3":0,"c6":0,"c12":1,"c24":9,"score":4,"risk":4,"peakDay":"Friday","peakTime":"night","hood":"","bk12":{"morning":1,"afternoon":0,"evening":0,"night":0},"bk24":{"morning":2,"afternoon":1,"evening":2,"night":4},"recent":[{"d":"2026-03-03","day":"Tue","time":"08:00","desc":"BURGLARY- MOTOR VEHICLE","res":"unsolved"},{"d":"2025-10-01","day":"Wed","time":"17:00","desc":"LARC - PARTS FROM VEH","res":"unsolved"},{"d":"2025-09-22","day":"Mon","time":"00:30","desc":"VEHICLE THEFT","res":"unsolved"},{"d":"2025-09-05","day":"Fri","time":"10:25","desc":"BURGLARY- MOTOR VEHICLE","res":"unsolved"},{"d":"2025-08-16","day":"Sat","time":"23:00","desc":"BURGLARY - MOTOR VEHICLE","res":"unsolved"},{"d":"2025-05-18","day":"Sun","time":"03:30","desc":"VEHICLE THEFT","res":"unsolved"},{"d":"2025-05-13","day":"Tue","time":"14:00","desc":"LARC - PARTS FROM VEH","res":"unsolved"},{"d":"2025-04-19","day":"Sat","time":"02:00","desc":"BURGLARY- MOTOR VEHICLE","res":"unsolved"},{"d":"2025-03-21","day":"Fri","time":"21:00","desc":"BURGLARY- MOTOR VEHICLE","res":"unsolved"}]}},{"type":"Feature","geometry":{"type":"Polygon","coordinates":[[[-86.76079560756448,36.05790082805506],[-86.75933812417185,36.05916841007084],[-86.75998345021475,36.06093597464634],[-86.76208633876912,36.061435975793415],[-86.7635438609707,36.060168377268695],[-86.76289845580975,36.05840079410632],[-86.76079560756448,36.05790082805506],[-86.76079560756448,36.05790082805506]]]},"properties":{"h3":"89264d02093ffff","count":2,"c3":0,"c6":0,"c12":0,"c24":2,"score":0.8,"risk":1,"peakDay":"Friday","peakTime":"night","hood":"","bk12":{"morning":0,"afternoon":0,"evening":0,"night":0},"bk24":{"morning":0,"afternoon":0,"evening":0,"night":2},"recent":[{"d":"2025-08-18","day":"Mon","time":"04:30","desc":"BURGLARY- MOTOR VEHICLE","res":"unsolved"},{"d":"2025-03-21","day":"Fri","time":"23:00","desc":"BURGLARY- MOTOR VEHICLE","res":"unsolved"}]}},{"type":"Feature","geometry":{"type":"Polygon","coordinates":[[[-86.75803520673118,36.21857793352038],[-86.75657546912893,36.21984301909667],[-86.75722173119512,36.221609339683624],[-86.75932781022856,36.2221105932731],[-86.76078758676691,36.22084549131612],[-86.76014124533651,36.219079152150854],[-86.75803520673118,36.21857793352038],[-86.75803520673118,36.21857793352038]]]},"properties":{"h3":"89264d89b27ffff","count":6,"c3":0,"c6":0,"c12":1,"c24":6,"score":2.8,"risk":3,"peakDay":"Saturday","peakTime":"night","hood":"","bk12":{"morning":1,"afternoon":0,"evening":0,"night":0},"bk24":{"morning":1,"afternoon":1,"evening":1,"night":3},"recent":[{"d":"2025-12-15","day":"Mon","time":"06:00","desc":"BURGLARY- MOTOR VEHICLE","res":"unsolved"},{"d":"2025-10-03","day":"Fri","time":"22:00","desc":"BURGLARY- MOTOR VEHICLE","res":"unsolved"},{"d":"2025-09-23","day":"Tue","time":"19:30","desc":"VEHICLE THEFT","res":"unsolved"},{"d":"2025-09-14","day":"Sun","time":"01:00","desc":"THEFT OF VEHICLE-2,500 OR > BUT<$10,000","res":"unsolved"},{"d":"2025-06-25","day":"Wed","time":"13:54","desc":"VEHICLE THEFT","res":"unsolved"},{"d":"2025-03-22","day":"Sat","time":"00:00","desc":"BURGLARY- MOTOR VEHICLE","res":"unsolved"}]}},{"type":"Feature","geometry":{"type":"Polygon","coordinates":[[[-86.82075151473057,36.24799853051839],[-86.81929120515602,36.2492643287479],[-86.81993913086008,36.25103064122028],[-86.82204744553783,36.25153117393481],[-86.82350779391969,36.250265359297615],[-86.82285978881724,36.248499028354075],[-86.82075151473057,36.24799853051839],[-86.82075151473057,36.24799853051839]]]},"properties":{"h3":"89264dc6837ffff","count":1,"c3":0,"c6":0,"c12":0,"c24":1,"score":0.3,"risk":0,"peakDay":"Saturday","peakTime":"night","hood":"","bk12":{"morning":0,"afternoon":0,"evening":0,"night":0},"bk24":{"morning":0,"afternoon":0,"evening":0,"night":1},"recent":[{"d":"2025-03-22","day":"Sat","time":"04:55","desc":"BURGLARY- MOTOR VEHICLE","res":"unsolved"}]}},{"type":"Feature","geometry":{"type":"Polygon","coordinates":[[[-86.75941646733344,36.138259937530194],[-86.75795785770607,36.13952627330967],[-86.75860365142304,36.14129321914078],[-86.76070813400916,36.14179384777572],[-86.76216678250897,36.140527495551595],[-86.76152090955104,36.13876053113765],[-86.75941646733344,36.138259937530194],[-86.75941646733344,36.138259937530194]]]},"properties":{"h3":"89264d1002fffff","count":20,"c3":0,"c6":0,"c12":4,"c24":20,"score":9.2,"risk":9,"peakDay":"Saturday","peakTime":"evening","hood":"","bk12":{"morning":1,"afternoon":1,"evening":2,"night":0},"bk24":{"morning":3,"afternoon":5,"evening":7,"night":5},"sv12":3,"recent":[{"d":"2026-01-30","day":"Fri","time":"09:26","desc":"THEFT OF VEHICLE-2,500 OR > BUT<$10,000","res":"unsolved"},{"d":"2026-01-13","day":"Tue","time":"21:00","desc":"VEHICLE THEFT","res":"unsolved"},{"d":"2026-01-13","day":"Tue","time":"21:00","desc":"LARC - PARTS FROM VEH","res":"unsolved"},{"d":"2025-12-31","day":"Wed","time":"15:00","desc":"VEHICLE OFFENSE, CRIMINAL ATTEMPT","res":"unsolved"},{"d":"2025-09-15","day":"Mon","time":"11:00","desc":"VEHICLE THEFT","res":"unsolved"},{"d":"2025-09-06","day":"Sat","time":"22:00","desc":"VEHICLE THEFT","res":"unsolved"},{"d":"2025-09-01","day":"Mon","time":"12:00","desc":"LARC - PARTS FROM VEH","res":"unsolved"},{"d":"2025-08-18","day":"Mon","time":"10:20","desc":"LARC - PARTS FROM VEH","res":"unsolved"},{"d":"2025-08-09","day":"Sat","time":"12:00","desc":"LARC - PARTS FROM VEH","res":"unsolved"},{"d":"2025-07-31","day":"Thu","time":"02:30","desc":"VEHICLE THEFT","res":"unsolved"}]}},{"type":"Feature","geometry":{"type":"Polygon","coordinates":[[[-86.73010133126425,36.14741408518258],[-86.72864266736173,36.14867973837127],[-86.72928782678264,36.15044650911814],[-86.73139172936676,36.150947645307745],[-86.73285043221884,36.149681975704986],[-86.73220519353805,36.14791518632717],[-86.73010133126425,36.14741408518258],[-86.73010133126425,36.14741408518258]]]},"properties":{"h3":"89264d10537ffff","count":5,"c3":0,"c6":0,"c12":0,"c24":5,"score":2.2,"risk":2,"peakDay":"Sunday","peakTime":"night","hood":"","bk12":{"morning":0,"afternoon":0,"evening":0,"night":0},"bk24":{"morning":1,"afternoon":0,"evening":1,"night":3},"recent":[{"d":"2025-09-19","day":"Fri","time":"04:00","desc":"BURGLARY- MOTOR VEHICLE","res":"unsolved"},{"d":"2025-09-14","day":"Sun","time":"23:00","desc":"BURGLARY- MOTOR VEHICLE","res":"unsolved"},{"d":"2025-09-07","day":"Sun","time":"07:10","desc":"LARC - PARTS FROM VEH","res":"unsolved"},{"d":"2025-07-14","day":"Mon","time":"18:00","desc":"BURGLARY- MOTOR VEHICLE","res":"unsolved"},{"d":"2025-03-23","day":"Sun","time":"00:00","desc":"BURGLARY- MOTOR VEHICLE","res":"unsolved"}]}},{"type":"Feature","geometry":{"type":"Polygon","coordinates":[[[-86.73927803851888,36.18831009172176],[-86.73781877519933,36.189575291657626],[-86.7384644058833,36.191341780034],[-86.7405693792086,36.19184308708717],[-86.74202868148646,36.19057787076194],[-86.74138297148151,36.18881136377336],[-86.73927803851888,36.18831009172176],[-86.73927803851888,36.18831009172176]]]},"properties":{"h3":"89264d122a7ffff","count":2,"c3":0,"c6":0,"c12":1,"c24":2,"score":0.9,"risk":1,"peakDay":"Monday","peakTime":"morning","hood":"","bk12":{"morning":1,"afternoon":0,"evening":0,"night":0},"bk24":{"morning":2,"afternoon":0,"evening":0,"night":0},"recent":[{"d":"2026-01-01","day":"Thu","time":"08:00","desc":"BURGLARY- MOTOR VEHICLE","res":"unsolved"},{"d":"2025-03-24","day":"Mon","time":"11:00","desc":"BURGLARY- MOTOR VEHICLE","res":"unsolved"}]}},{"type":"Feature","geometry":{"type":"Polygon","coordinates":[[[-86.91934893117825,36.11807824147501],[-86.91789021089329,36.11934784440578],[-86.9185396475872,36.121115508119985],[-86.92064788374815,36.12161358722135],[-86.9221066425056,36.120343967703455],[-86.92145712663044,36.11857628567181],[-86.91934893117825,36.11807824147501],[-86.91934893117825,36.11807824147501]]]},"properties":{"h3":"89264d18557ffff","count":1,"c3":0,"c6":0,"c12":0,"c24":1,"score":0.3,"risk":0,"peakDay":"Thursday","peakTime":"evening","hood":"","bk12":{"morning":0,"afternoon":0,"evening":0,"night":0},"bk24":{"morning":0,"afternoon":0,"evening":1,"night":0},"recent":[{"d":"2025-03-27","day":"Thu","time":"18:15","desc":"BURGLARY- MOTOR VEHICLE","res":"unsolved"}]}},{"type":"Feature","geometry":{"type":"Polygon","coordinates":[[[-86.80863475201826,36.16770328232177],[-86.80717560432353,36.16897008150752],[-86.80782274220427,36.170736975121955],[-86.80992910705807,36.171237088049445],[-86.8113882935291,36.16997027240298],[-86.81074107637085,36.16820336029022],[-86.80863475201826,36.16770328232177],[-86.80863475201826,36.16770328232177]]]},"properties":{"h3":"89264d115d7ffff","count":19,"c3":0,"c6":0,"c12":1,"c24":19,"score":8.2,"risk":8,"peakDay":"Saturday","peakTime":"afternoon","hood":"","bk12":{"morning":0,"afternoon":1,"evening":0,"night":0},"bk24":{"morning":1,"afternoon":7,"evening":5,"night":6},"sv12":1,"recent":[{"d":"2025-10-30","day":"Thu","time":"12:00","desc":"VEHICLE THEFT","res":"unsolved"},{"d":"2025-09-27","day":"Sat","time":"02:40","desc":"BURGLARY- MOTOR VEHICLE","res":"unsolved"},{"d":"2025-09-22","day":"Mon","time":"22:40","desc":"BURGLARY- MOTOR VEHICLE","res":"unsolved"},{"d":"2025-09-01","day":"Mon","time":"23:00","desc":"BURGLARY- MOTOR VEHICLE","res":"unsolved"},{"d":"2025-08-16","day":"Sat","time":"14:00","desc":"BURGLARY - MOTOR VEHICLE","res":"unsolved"},{"d":"2025-08-15","day":"Fri","time":"18:00","desc":"BURGLARY- MOTOR VEHICLE","res":"unsolved"},{"d":"2025-08-15","day":"Fri","time":"18:00","desc":"BURGLARY- MOTOR VEHICLE","res":"unsolved"},{"d":"2025-08-10","day":"Sun","time":"13:30","desc":"BURGLARY- MOTOR VEHICLE","res":"unsolved"},{"d":"2025-07-27","day":"Sun","time":"13:18","desc":"LARC - PARTS FROM VEH","res":"unsolved"},{"d":"2025-07-21","day":"Mon","time":"09:30","desc":"BURGLARY- MOTOR VEHICLE","res":"unsolved"}]}},{"type":"Feature","geometry":{"type":"Polygon","coordinates":[[[-86.89033295139694,36.13865795886844],[-86.88887401172644,36.13992671238801],[-86.88952289366233,36.14169411662801],[-86.89163079448775,36.14219278571321],[-86.89308977271607,36.14092401564551],[-86.892440811562,36.139156593041214],[-86.89033295139694,36.13865795886844],[-86.89033295139694,36.13865795886844]]]},"properties":{"h3":"89264d1a17bffff","count":10,"c3":0,"c6":0,"c12":3,"c24":10,"score":4.6,"risk":5,"peakDay":"Thursday","peakTime":"night","hood":"","bk12":{"morning":0,"afternoon":0,"evening":2,"night":1},"bk24":{"morning":1,"afternoon":2,"evening":2,"night":5},"recent":[{"d":"2026-02-09","day":"Mon","time":"17:30","desc":"BURGLARY- MOTOR VEHICLE","res":"unsolved"},{"d":"2025-10-09","day":"Thu","time":"17:00","desc":"BURGLARY- MOTOR VEHICLE","res":"unsolved"},{"d":"2025-10-08","day":"Wed","time":"00:01","desc":"BURGLARY- MOTOR VEHICLE","res":"unsolved"},{"d":"2025-10-07","day":"Tue","time":"16:00","desc":"BURGLARY- MOTOR VEHICLE","res":"unsolved"},{"d":"2025-07-25","day":"Fri","time":"10:41","desc":"BURGLARY- MOTOR VEHICLE","res":"unsolved"},{"d":"2025-07-24","day":"Thu","time":"22:00","desc":"VEHICLE THEFT","res":"unsolved"},{"d":"2025-07-24","day":"Thu","time":"02:00","desc":"BURGLARY- MOTOR VEHICLE","res":"unsolved"},{"d":"2025-06-29","day":"Sun","time":"03:00","desc":"BURGLARY- MOTOR VEHICLE","res":"unsolved"},{"d":"2025-06-29","day":"Sun","time":"03:00","desc":"BURGLARY- MOTOR VEHICLE","res":"unsolved"},{"d":"2025-03-28","day":"Fri","time":"16:15","desc":"LARC - PARTS FROM VEH","res":"unsolved"}]}},{"type":"Feature","geometry":{"type":"Polygon","coordinates":[[[-86.759472778311,36.238269254503614],[-86.75801275932044,36.239534065806566],[-86.75865917827734,36.24130023835826],[-86.7607656956198,36.24180161818168],[-86.76222575355783,36.24053679051228],[-86.76157925520674,36.23877059938639],[-86.759472778311,36.238269254503614],[-86.759472778311,36.238269254503614]]]},"properties":{"h3":"89264d89b93ffff","count":3,"c3":0,"c6":0,"c12":1,"c24":3,"score":1.3,"risk":1,"peakDay":"Friday","peakTime":"afternoon","hood":"","bk12":{"morning":0,"afternoon":1,"evening":0,"night":0},"bk24":{"morning":0,"afternoon":3,"evening":0,"night":0},"recent":[{"d":"2026-01-18","day":"Sun","time":"14:00","desc":"LARC - PARTS FROM VEH","res":"unsolved"},{"d":"2025-03-28","day":"Fri","time":"16:30","desc":"BURGLARY - MOTOR VEHICLE","res":"unsolved"},{"d":"2025-03-28","day":"Fri","time":"16:30","desc":"BURGLARY - MOTOR VEHICLE","res":"unsolved"}]}},{"type":"Feature","geometry":{"type":"Polygon","coordinates":[[[-86.74024781831667,36.059469465391665],[-86.73879036514562,36.06073664307552],[-86.73943521673455,36.062504121974044],[-86.74153760061922,36.063004441810214],[-86.74299509264956,36.06173724763498],[-86.74235016193676,36.05996975011543],[-86.74024781831667,36.059469465391665],[-86.74024781831667,36.059469465391665]]]},"properties":{"h3":"89264d0258bffff","count":8,"c3":0,"c6":0,"c12":1,"c24":8,"score":3.7,"risk":4,"peakDay":"Sunday","peakTime":"night","hood":"","bk12":{"morning":0,"afternoon":1,"evening":0,"night":0},"bk24":{"morning":1,"afternoon":2,"evening":2,"night":3},"sv12":1,"recent":[{"d":"2026-01-22","day":"Thu","time":"14:30","desc":"VEHICLE THEFT","res":"unsolved"},{"d":"2025-10-01","day":"Wed","time":"12:40","desc":"LARC - PARTS FROM VEH","res":"unsolved"},{"d":"2025-09-14","day":"Sun","time":"22:00","desc":"BURGLARY- MOTOR VEHICLE","res":"unsolved"},{"d":"2025-09-14","day":"Sun","time":"22:00","desc":"BURGLARY- MOTOR VEHICLE","res":"unsolved"},{"d":"2025-08-10","day":"Sun","time":"21:30","desc":"BURGLARY- MOTOR VEHICLE","res":"unsolved"},{"d":"2025-07-21","day":"Mon","time":"20:30","desc":"BURGLARY- MOTOR VEHICLE","res":"unsolved"},{"d":"2025-07-17","day":"Thu","time":"06:00","desc":"LARC - PARTS FROM VEH","res":"unsolved"},{"d":"2025-03-28","day":"Fri","time":"22:30","desc":"BURGLARY - MOTOR VEHICLE","res":"unsolved"}]}},{"type":"Feature","geometry":{"type":"Polygon","coordinates":[[[-86.70068722338675,36.31935305405571],[-86.69922620896588,36.32061553270774],[-86.69987174649818,36.32238086220476],[-86.70197837798071,36.32288373171479],[-86.70343943155146,36.32162123680642],[-86.70279381449059,36.319855888644845],[-86.70068722338675,36.31935305405571],[-86.70068722338675,36.31935305405571]]]},"properties":{"h3":"89264d8a37bffff","count":1,"c3":0,"c6":0,"c12":0,"c24":1,"score":0.3,"risk":0,"peakDay":"Saturday","peakTime":"morning","hood":"","bk12":{"morning":0,"afternoon":0,"evening":0,"night":0},"bk24":{"morning":1,"afternoon":0,"evening":0,"night":0},"recent":[{"d":"2025-03-29","day":"Sat","time":"05:00","desc":"BURGLARY- MOTOR VEHICLE","res":"unsolved"}]}},{"type":"Feature","geometry":{"type":"Polygon","coordinates":[[[-86.71767896711431,36.1186429156675],[-86.71622073991824,36.119908776493126],[-86.71686542734608,36.121675723246305],[-86.71896842118869,36.12217682782834],[-86.72042668734241,36.12091095057593],[-86.71978192069669,36.11914398516876],[-86.71767896711431,36.1186429156675],[-86.71767896711431,36.1186429156675]]]},"properties":{"h3":"89264d10cbbffff","count":2,"c3":0,"c6":0,"c12":0,"c24":2,"score":0.8,"risk":1,"peakDay":"Sunday","peakTime":"night","hood":"","bk12":{"morning":0,"afternoon":0,"evening":0,"night":0},"bk24":{"morning":0,"afternoon":0,"evening":1,"night":1},"recent":[{"d":"2025-09-12","day":"Fri","time":"21:00","desc":"LARC - PARTS FROM VEH","res":"unsolved"},{"d":"2025-03-30","day":"Sun","time":"00:20","desc":"BURGLARY- MOTOR VEHICLE","res":"unsolved"}]}},{"type":"Feature","geometry":{"type":"Polygon","coordinates":[[[-86.81008197700488,36.187404905002694],[-86.80862254821646,36.18867143072826],[-86.80926984329135,36.19043817706208],[-86.81137664646283,36.19093841616507],[-86.81283611403882,36.189671873993056],[-86.81218873965653,36.187905109164994],[-86.81008197700488,36.187404905002694],[-86.81008197700488,36.187404905002694]]]},"properties":{"h3":"89264d133cbffff","count":5,"c3":0,"c6":0,"c12":1,"c24":5,"score":2.3,"risk":2,"peakDay":"Sunday","peakTime":"night","hood":"","bk12":{"morning":0,"afternoon":0,"evening":0,"night":1},"bk24":{"morning":0,"afternoon":2,"evening":0,"night":3},"recent":[{"d":"2025-12-14","day":"Sun","time":"00:00","desc":"BURGLARY- MOTOR VEHICLE","res":"unsolved"},{"d":"2025-10-07","day":"Tue","time":"13:30","desc":"BURGLARY- MOTOR VEHICLE","res":"unsolved"},{"d":"2025-07-14","day":"Mon","time":"04:00","desc":"BURGLARY- MOTOR VEHICLE","res":"unsolved"},{"d":"2025-07-06","day":"Sun","time":"12:00","desc":"BURGLARY - MOTOR VEHICLE","res":"unsolved"},{"d":"2025-04-03","day":"Thu","time":"23:30","desc":"BURGLARY - MOTOR VEHICLE","res":"unsolved"}]}},{"type":"Feature","geometry":{"type":"Polygon","coordinates":[[[-86.59997437858449,36.16955135058587],[-86.59851574232088,36.17081425265948],[-86.59915796886912,36.17258038242948],[-86.60125891099574,36.17308362897206],[-86.60271758653631,36.17182071060603],[-86.60207528067409,36.17005456199033],[-86.59997437858449,36.16955135058587],[-86.59997437858449,36.16955135058587]]]},"properties":{"h3":"89264d8c3cfffff","count":21,"c3":0,"c6":0,"c12":1,"c24":21,"score":8.8,"risk":9,"peakDay":"Tuesday","peakTime":"night","hood":"","bk12":{"morning":0,"afternoon":0,"evening":0,"night":1},"bk24":{"morning":0,"afternoon":3,"evening":8,"night":10},"sv12":1,"recent":[{"d":"2025-10-09","day":"Thu","time":"00:30","desc":"VEHICLE THEFT","res":"unsolved"},{"d":"2025-09-15","day":"Mon","time":"22:57","desc":"VEHICLE THEFT","res":"unsolved"},{"d":"2025-08-27","day":"Wed","time":"14:00","desc":"VEHICLE THEFT","res":"unsolved"},{"d":"2025-08-18","day":"Mon","time":"15:00","desc":"LARC - PARTS FROM VEH","res":"unsolved"},{"d":"2025-08-17","day":"Sun","time":"03:00","desc":"LARC - PARTS FROM VEH","res":"unsolved"},{"d":"2025-08-02","day":"Sat","time":"03:00","desc":"VEHICLE THEFT","res":"unsolved"},{"d":"2025-07-29","day":"Tue","time":"23:00","desc":"BURGLARY- MOTOR VEHICLE","res":"unsolved"},{"d":"2025-07-29","day":"Tue","time":"19:00","desc":"BURGLARY- MOTOR VEHICLE","res":"unsolved"},{"d":"2025-07-29","day":"Tue","time":"16:00","desc":"BURGLARY- MOTOR VEHICLE","res":"unsolved"},{"d":"2025-07-27","day":"Sun","time":"02:18","desc":"BURGLARY- MOTOR VEHICLE","res":"unsolved"}]}},{"type":"Feature","geometry":{"type":"Polygon","coordinates":[[[-86.65942156045537,36.04827208813327],[-86.65796447347547,36.04953793795407],[-86.65860735044492,36.05130520890752],[-86.66070739351474,36.051806648797246],[-86.66216451953841,36.050540782540715],[-86.66152156344927,36.04877349283066],[-86.65942156045537,36.04827208813327],[-86.65942156045537,36.04827208813327]]]},"properties":{"h3":"89264d155b7ffff","count":21,"c3":0,"c6":0,"c12":9,"c24":21,"score":10.2,"risk":10,"peakDay":"Friday","peakTime":"night","hood":"","bk12":{"morning":4,"afternoon":1,"evening":0,"night":4},"bk24":{"morning":8,"afternoon":1,"evening":3,"night":9},"sv12":6,"recent":[{"d":"2026-02-20","day":"Fri","time":"00:00","desc":"BURGLARY- MOTOR VEHICLE","res":"unsolved"},{"d":"2026-02-16","day":"Mon","time":"11:45","desc":"VEHICLE THEFT","res":"unsolved"},{"d":"2026-02-10","day":"Tue","time":"01:30","desc":"VEHICLE THEFT","res":"unsolved"},{"d":"2026-02-08","day":"Sun","time":"02:48","desc":"BURGLARY- MOTOR VEHICLE","res":"unsolved"},{"d":"2025-12-31","day":"Wed","time":"22:42","desc":"VEHICLE THEFT","res":"unsolved"},{"d":"2025-12-19","day":"Fri","time":"09:30","desc":"BURGLARY- MOTOR VEHICLE","res":"unsolved"},{"d":"2025-12-16","day":"Tue","time":"08:00","desc":"VEHICLE OFFENSE, CRIMINAL ATTEMPT","res":"unsolved"},{"d":"2025-10-23","day":"Thu","time":"16:58","desc":"VEHICLE THEFT","res":"unsolved"},{"d":"2025-10-13","day":"Mon","time":"09:00","desc":"VEHICLE THEFT","res":"unsolved"},{"d":"2025-10-01","day":"Wed","time":"10:00","desc":"VEHICLE THEFT","res":"unsolved"}]}},{"type":"Feature","geometry":{"type":"Polygon","coordinates":[[[-86.63859733215514,36.03845639243983],[-86.63714043773189,36.03972200505805],[-86.63778276296213,36.04148927401596],[-86.63988206172424,36.041990949148136],[-86.64133899523343,36.04072532010308],[-86.64069659089535,36.03895803235314],[-86.63859733215514,36.03845639243983],[-86.63859733215514,36.03845639243983]]]},"properties":{"h3":"89264d14043ffff","count":6,"c3":0,"c6":0,"c12":2,"c24":6,"score":2.9,"risk":3,"peakDay":"Friday","peakTime":"afternoon","hood":"","bk12":{"morning":0,"afternoon":2,"evening":0,"night":0},"bk24":{"morning":0,"afternoon":3,"evening":2,"night":1},"sv12":1,"recent":[{"d":"2026-03-06","day":"Fri","time":"12:30","desc":"BURGLARY- MOTOR VEHICLE","res":"unsolved"},{"d":"2026-01-28","day":"Wed","time":"15:00","desc":"VEHICLE THEFT","res":"unsolved"},{"d":"2025-08-24","day":"Sun","time":"00:00","desc":"BURGLARY- MOTOR VEHICLE","res":"unsolved"},{"d":"2025-08-16","day":"Sat","time":"16:00","desc":"LARC - PARTS FROM VEH","res":"unsolved"},{"d":"2025-05-23","day":"Fri","time":"20:00","desc":"BURGLARY- MOTOR VEHICLE","res":"unsolved"},{"d":"2025-04-10","day":"Thu","time":"17:34","desc":"LARC - PARTS FROM VEH","res":"unsolved"}]}},{"type":"Feature","geometry":{"type":"Polygon","coordinates":[[[-86.64981487943344,36.15890217118372],[-86.64835626156508,36.1601661605809],[-86.64899959835526,36.16193255365793],[-86.65110163230473,36.16243497610201],[-86.65256028932315,36.16117097036401],[-86.6519168732428,36.159404558523256],[-86.64981487943344,36.15890217118372],[-86.64981487943344,36.15890217118372]]]},"properties":{"h3":"89264d8decfffff","count":3,"c3":0,"c6":0,"c12":0,"c24":3,"score":1.1,"risk":1,"peakDay":"Friday","peakTime":"evening","hood":"","bk12":{"morning":0,"afternoon":0,"evening":0,"night":0},"bk24":{"morning":0,"afternoon":1,"evening":2,"night":0},"recent":[{"d":"2025-09-05","day":"Fri","time":"16:30","desc":"THEFT OF VEHICLE-2,500 OR > BUT<$10,000","res":"unsolved"},{"d":"2025-04-11","day":"Fri","time":"21:00","desc":"BURGLARY- MOTOR VEHICLE","res":"unsolved"},{"d":"2024-11-22","day":"Fri","time":"17:00","desc":"VEHICLE THEFT","res":"unsolved"}]}},{"type":"Feature","geometry":{"type":"Polygon","coordinates":[[[-86.75898214549998,36.08974924354532],[-86.75752421923886,36.09101630872601],[-86.7581697006563,36.09278362436059],[-86.76027318750263,36.093283893402415],[-86.76173115260086,36.0920168117393],[-86.76108559201646,36.09024947751727],[-86.75898214549998,36.08974924354532],[-86.75898214549998,36.08974924354532]]]},"properties":{"h3":"89264d10a0bffff","count":3,"c3":0,"c6":0,"c12":1,"c24":3,"score":1.4,"risk":1,"peakDay":"Saturday","peakTime":"night","hood":"","bk12":{"morning":0,"afternoon":1,"evening":0,"night":0},"bk24":{"morning":0,"afternoon":1,"evening":0,"night":2},"sv12":1,"recent":[{"d":"2026-01-14","day":"Wed","time":"13:00","desc":"Theft of Vehicle- $60,000 or > but < $250,000","res":"unsolved"},{"d":"2025-08-24","day":"Sun","time":"01:35","desc":"VEHICLE THEFT","res":"unsolved"},{"d":"2025-04-12","day":"Sat","time":"23:00","desc":"BURGLARY - MOTOR VEHICLE","res":"unsolved"}]}},{"type":"Feature","geometry":{"type":"Polygon","coordinates":[[[-86.60033392560209,36.21799963788992],[-86.5988746052482,36.21926180656497],[-86.59951714105866,36.22102756448945],[-86.60161907661204,36.2215311725802],[-86.60307843627884,36.22026898765045],[-86.60243582108014,36.21850321088512],[-86.60033392560209,36.21799963788992],[-86.60033392560209,36.21799963788992]]]},"properties":{"h3":"89264d8f13bffff","count":4,"c3":0,"c6":0,"c12":0,"c24":4,"score":1.7,"risk":2,"peakDay":"Saturday","peakTime":"morning","hood":"","bk12":{"morning":0,"afternoon":0,"evening":0,"night":0},"bk24":{"morning":2,"afternoon":0,"evening":1,"night":1},"recent":[{"d":"2025-08-23","day":"Sat","time":"10:55","desc":"VEHICLE THEFT","res":"unsolved"},{"d":"2025-08-09","day":"Sat","time":"06:00","desc":"BURGLARY- MOTOR VEHICLE","res":"unsolved"},{"d":"2025-07-19","day":"Sat","time":"02:25","desc":"THEFT OF VEHICLE-2,500 OR > BUT<$10,000","res":"unsolved"},{"d":"2025-04-16","day":"Wed","time":"18:40","desc":"BURGLARY- MOTOR VEHICLE","res":"unsolved"}]}},{"type":"Feature","geometry":{"type":"Polygon","coordinates":[[[-86.71838454319227,36.07847227751075],[-86.71692687900872,36.07973876182758],[-86.71757133336446,36.08150601758078],[-86.71967353106093,36.08200680767364],[-86.72113123417026,36.08074030689785],[-86.7204867006581,36.07897303248862],[-86.71838454319227,36.07847227751075],[-86.71838454319227,36.07847227751075]]]},"properties":{"h3":"89264d10947ffff","count":7,"c3":0,"c6":0,"c12":1,"c24":7,"score":3,"risk":3,"peakDay":"Friday","peakTime":"evening","hood":"","bk12":{"morning":0,"afternoon":0,"evening":1,"night":0},"bk24":{"morning":0,"afternoon":1,"evening":4,"night":2},"recent":[{"d":"2025-10-19","day":"Sun","time":"19:00","desc":"LARC - PARTS FROM VEH","res":"unsolved"},{"d":"2025-09-20","day":"Sat","time":"14:00","desc":"BURGLARY- MOTOR VEHICLE","res":"unsolved"},{"d":"2025-08-02","day":"Sat","time":"00:00","desc":"VEHICLE THEFT","res":"unsolved"},{"d":"2025-07-25","day":"Fri","time":"23:00","desc":"LARC - PARTS FROM VEH","res":"unsolved"},{"d":"2025-04-18","day":"Fri","time":"21:30","desc":"BURGLARY- MOTOR VEHICLE","res":"unsolved"},{"d":"2025-04-18","day":"Fri","time":"21:30","desc":"BURGLARY- MOTOR VEHICLE","res":"unsolved"},{"d":"2025-04-18","day":"Fri","time":"21:30","desc":"BURGLARY- MOTOR VEHICLE","res":"unsolved"}]}},{"type":"Feature","geometry":{"type":"Polygon","coordinates":[[[-86.71943186380794,36.24968912336226],[-86.71797178550246,36.25095301751016],[-86.71861733068718,36.25271895885732],[-86.7207230335966,36.25322102469691],[-86.72218315095427,36.25195711422345],[-86.72153752635114,36.25019115423644],[-86.71943186380794,36.24968912336226],[-86.71943186380794,36.24968912336226]]]},"properties":{"h3":"89264d88ad3ffff","count":28,"c3":0,"c6":0,"c12":5,"c24":28,"score":13.3,"risk":14,"peakDay":"Sunday","peakTime":"night","hood":"","bk12":{"morning":0,"afternoon":2,"evening":3,"night":0},"bk24":{"morning":3,"afternoon":5,"evening":7,"night":13},"sv12":1,"recent":[{"d":"2026-02-08","day":"Sun","time":"12:00","desc":"VEHICLE THEFT","res":"unsolved"},{"d":"2026-02-03","day":"Tue","time":"18:30","desc":"BURGLARY - MOTOR VEHICLE","res":"unsolved"},{"d":"2026-01-11","day":"Sun","time":"15:00","desc":"BURGLARY- MOTOR VEHICLE","res":"unsolved"},{"d":"2025-12-26","day":"Fri","time":"20:00","desc":"BURGLARY- MOTOR VEHICLE","res":"unsolved"},{"d":"2025-10-11","day":"Sat","time":"19:15","desc":"BURGLARY - MOTOR VEHICLE","res":"unsolved"},{"d":"2025-10-03","day":"Fri","time":"23:40","desc":"BURGLARY- MOTOR VEHICLE","res":"unsolved"},{"d":"2025-10-02","day":"Thu","time":"19:00","desc":"LARC - PARTS FROM VEH","res":"unsolved"},{"d":"2025-09-25","day":"Thu","time":"00:15","desc":"VEHICLE THEFT","res":"unsolved"},{"d":"2025-09-14","day":"Sun","time":"11:00","desc":"BURGLARY- MOTOR VEHICLE","res":"unsolved"},{"d":"2025-09-09","day":"Tue","time":"00:00","desc":"LARC - PARTS FROM VEH","res":"unsolved"}]}},{"type":"Feature","geometry":{"type":"Polygon","coordinates":[[[-86.68766075721534,36.16794092217196],[-86.6862019134291,36.16920547573768],[-86.68684619943693,36.170971936183385],[-86.68894940853001,36.17147386176378],[-86.69040829138282,36.170209291834006],[-86.68976392607682,36.16844281268836],[-86.68766075721534,36.16794092217196],[-86.68766075721534,36.16794092217196]]]},"properties":{"h3":"89264d12c13ffff","count":1,"c3":0,"c6":0,"c12":0,"c24":1,"score":0.4,"risk":0,"peakDay":"Saturday","peakTime":"night","hood":"","bk12":{"morning":0,"afternoon":0,"evening":0,"night":0},"bk24":{"morning":0,"afternoon":0,"evening":0,"night":1},"recent":[{"d":"2025-04-19","day":"Sat","time":"01:00","desc":"BURGLARY- MOTOR VEHICLE","res":"unsolved"}]}},{"type":"Feature","geometry":{"type":"Polygon","coordinates":[[[-86.81996888182292,36.18813885687012],[-86.81850941813532,36.189405554526886],[-86.81915695094284,36.191172329970655],[-86.8212640267456,36.191672426235854],[-86.82272352919755,36.19040571212536],[-86.8220759170832,36.1886389182039],[-86.81996888182292,36.18813885687012],[-86.81996888182292,36.18813885687012]]]},"properties":{"h3":"89264d1322bffff","count":10,"c3":0,"c6":0,"c12":0,"c24":10,"score":4.4,"risk":4,"peakDay":"Tuesday","peakTime":"evening","hood":"","bk12":{"morning":0,"afternoon":0,"evening":0,"night":0},"bk24":{"morning":0,"afternoon":3,"evening":5,"night":2},"recent":[{"d":"2025-09-26","day":"Fri","time":"12:00","desc":"BURGLARY- MOTOR VEHICLE","res":"unsolved"},{"d":"2025-09-15","day":"Mon","time":"18:00","desc":"BURGLARY- MOTOR VEHICLE","res":"unsolved"},{"d":"2025-09-05","day":"Fri","time":"20:00","desc":"VEHICLE THEFT","res":"unsolved"},{"d":"2025-08-23","day":"Sat","time":"23:30","desc":"BURGLARY- MOTOR VEHICLE","res":"unsolved"},{"d":"2025-08-19","day":"Tue","time":"14:00","desc":"VEHICLE THEFT","res":"unsolved"},{"d":"2025-08-05","day":"Tue","time":"12:00","desc":"BURGLARY- MOTOR VEHICLE","res":"unsolved"},{"d":"2025-08-02","day":"Sat","time":"17:00","desc":"LARC - PARTS FROM VEH","res":"unsolved"},{"d":"2025-07-15","day":"Tue","time":"17:17","desc":"VEHICLE THEFT","res":"unsolved"},{"d":"2025-06-03","day":"Tue","time":"18:13","desc":"BURGLARY- MOTOR VEHICLE","res":"unsolved"},{"d":"2025-04-20","day":"Sun","time":"03:00","desc":"BURGLARY- MOTOR VEHICLE","res":"unsolved"}]}},{"type":"Feature","geometry":{"type":"Polygon","coordinates":[[[-86.74884666975409,36.17768577488146],[-86.7473875317999,36.17895131421645],[-86.74803332196929,36.18071791877109],[-86.75013832939676,36.181219002588364],[-86.75159750627834,36.17995344684807],[-86.75095163680587,36.17818682369627],[-86.74884666975409,36.17768577488146],[-86.74884666975409,36.17768577488146]]]},"properties":{"h3":"89264d10497ffff","count":31,"c3":0,"c6":0,"c12":13,"c24":31,"score":15.2,"risk":15,"peakDay":"Saturday","peakTime":"night","hood":"","bk12":{"morning":1,"afternoon":0,"evening":7,"night":5},"bk24":{"morning":1,"afternoon":3,"evening":13,"night":14},"sv12":1,"recent":[{"d":"2026-02-25","day":"Wed","time":"19:45","desc":"BURGLARY- MOTOR VEHICLE","res":"unsolved"},{"d":"2026-02-18","day":"Wed","time":"21:18","desc":"BURGLARY- MOTOR VEHICLE","res":"unsolved"},{"d":"2026-02-18","day":"Wed","time":"17:00","desc":"VEHICLE THEFT","res":"unsolved"},{"d":"2026-02-13","day":"Fri","time":"10:30","desc":"BURGLARY- MOTOR VEHICLE","res":"unsolved"},{"d":"2026-01-27","day":"Tue","time":"00:00","desc":"BURGLARY- MOTOR VEHICLE","res":"unsolved"},{"d":"2026-01-04","day":"Sun","time":"20:56","desc":"BURGLARY- MOTOR VEHICLE","res":"unsolved"},{"d":"2025-12-14","day":"Sun","time":"00:01","desc":"BURGLARY- MOTOR VEHICLE","res":"unsolved"},{"d":"2025-12-14","day":"Sun","time":"00:01","desc":"BURGLARY- MOTOR VEHICLE","res":"unsolved"},{"d":"2025-12-14","day":"Sun","time":"00:01","desc":"BURGLARY- MOTOR VEHICLE","res":"unsolved"},{"d":"2025-12-13","day":"Sat","time":"21:36","desc":"BURGLARY- MOTOR VEHICLE","res":"unsolved"}]}},{"type":"Feature","geometry":{"type":"Polygon","coordinates":[[[-86.80005882260258,36.14953350270584],[-86.79859995209395,36.15080041974889],[-86.7992467743527,36.152567423212865],[-86.80135254637217,36.15306752814841],[-86.80281145566414,36.15180059463725],[-86.80216455415413,36.15003357265915],[-86.80005882260258,36.14953350270584],[-86.80005882260258,36.14953350270584]]]},"properties":{"h3":"89264d11527ffff","count":118,"c3":0,"c6":0,"c12":14,"c24":118,"score":54.6,"risk":55,"peakDay":"Monday","peakTime":"night","hood":"","bk12":{"morning":0,"afternoon":1,"evening":5,"night":8},"bk24":{"morning":7,"afternoon":30,"evening":27,"night":54},"recent":[{"d":"2025-12-18","day":"Thu","time":"00:00","desc":"BURGLARY- MOTOR VEHICLE","res":"unsolved"},{"d":"2025-12-18","day":"Thu","time":"00:00","desc":"BURGLARY- MOTOR VEHICLE","res":"unsolved"},{"d":"2025-11-09","day":"Sun","time":"22:45","desc":"BURGLARY - MOTOR VEHICLE","res":"unsolved"},{"d":"2025-11-09","day":"Sun","time":"22:45","desc":"BURGLARY - MOTOR VEHICLE","res":"unsolved"},{"d":"2025-11-09","day":"Sun","time":"22:45","desc":"BURGLARY - MOTOR VEHICLE","res":"unsolved"},{"d":"2025-11-09","day":"Sun","time":"22:45","desc":"BURGLARY - MOTOR VEHICLE","res":"unsolved"},{"d":"2025-11-09","day":"Sun","time":"22:45","desc":"BURGLARY - MOTOR VEHICLE","res":"unsolved"},{"d":"2025-11-09","day":"Sun","time":"22:45","desc":"BURGLARY - MOTOR VEHICLE","res":"unsolved"},{"d":"2025-11-09","day":"Sun","time":"20:00","desc":"BURGLARY- MOTOR VEHICLE","res":"unsolved"},{"d":"2025-11-09","day":"Sun","time":"20:00","desc":"BURGLARY- MOTOR VEHICLE","res":"unsolved"}]}},{"type":"Feature","geometry":{"type":"Polygon","coordinates":[[[-86.61947715569237,36.19679240384482],[-86.61801808370356,36.19805525204542],[-86.61866093979714,36.19982124338406],[-86.62076294723319,36.20032440533346],[-86.62222205847316,36.19906154084614],[-86.6215791230267,36.197295530696586],[-86.61947715569237,36.19679240384482],[-86.61947715569237,36.19679240384482]]]},"properties":{"h3":"89264d8d5b7ffff","count":7,"c3":0,"c6":0,"c12":3,"c24":7,"score":3.4,"risk":3,"peakDay":"Tuesday","peakTime":"evening","hood":"","bk12":{"morning":0,"afternoon":1,"evening":0,"night":2},"bk24":{"morning":1,"afternoon":1,"evening":3,"night":2},"recent":[{"d":"2026-02-28","day":"Sat","time":"02:00","desc":"LARC - PARTS FROM VEH","res":"closed"},{"d":"2026-01-08","day":"Thu","time":"16:30","desc":"BURGLARY- MOTOR VEHICLE","res":"unsolved"},{"d":"2025-10-19","day":"Sun","time":"00:00","desc":"BURGLARY- MOTOR VEHICLE","res":"unsolved"},{"d":"2025-08-10","day":"Sun","time":"17:30","desc":"BURGLARY- MOTOR VEHICLE","res":"unsolved"},{"d":"2025-07-14","day":"Mon","time":"10:05","desc":"BURGLARY- MOTOR VEHICLE","res":"unsolved"},{"d":"2025-04-29","day":"Tue","time":"20:00","desc":"BURGLARY- MOTOR VEHICLE","res":"unsolved"},{"d":"2025-04-29","day":"Tue","time":"20:00","desc":"BURGLARY- MOTOR VEHICLE","res":"unsolved"}]}},{"type":"Feature","geometry":{"type":"Polygon","coordinates":[[[-86.60822586972486,36.03926242443812],[-86.6067690444096,36.04052746164476],[-86.607410658529,36.042294612957086],[-86.60950917707807,36.04279674590579],[-86.61096604155206,36.041531692297326],[-86.61032434831905,36.03976452214246],[-86.60822586972486,36.03926242443812],[-86.60822586972486,36.03926242443812]]]},"properties":{"h3":"89264d14573ffff","count":14,"c3":0,"c6":0,"c12":4,"c24":14,"score":6.5,"risk":7,"peakDay":"Monday","peakTime":"night","hood":"","bk12":{"morning":1,"afternoon":0,"evening":3,"night":0},"bk24":{"morning":2,"afternoon":1,"evening":5,"night":6},"sv12":2,"recent":[{"d":"2026-01-10","day":"Sat","time":"17:30","desc":"BURGLARY- MOTOR VEHICLE","res":"unsolved"},{"d":"2025-12-15","day":"Mon","time":"21:00","desc":"VEHICLE THEFT","res":"closed"},{"d":"2025-12-14","day":"Sun","time":"17:00","desc":"LARC - PARTS FROM VEH","res":"unsolved"},{"d":"2025-10-08","day":"Wed","time":"06:06","desc":"VEHICLE THEFT","res":"unsolved"},{"d":"2025-09-09","day":"Tue","time":"21:00","desc":"BURGLARY- MOTOR VEHICLE","res":"unsolved"},{"d":"2025-08-24","day":"Sun","time":"22:00","desc":"LARC - PARTS FROM VEH","res":"unsolved"},{"d":"2025-08-18","day":"Mon","time":"15:54","desc":"LARC - PARTS FROM VEH","res":"unsolved"},{"d":"2025-08-12","day":"Tue","time":"23:00","desc":"VEHICLE THEFT","res":"closed"},{"d":"2025-08-07","day":"Thu","time":"01:00","desc":"LARC - PARTS FROM VEH","res":"unsolved"},{"d":"2025-08-04","day":"Mon","time":"01:50","desc":"VEHICLE THEFT","res":"unsolved"}]}},{"type":"Feature","geometry":{"type":"Polygon","coordinates":[[[-86.56801649873181,36.0393143911673],[-86.56655978032848,36.04057868168321],[-86.56720044652093,36.04234568402462],[-86.5692979102369,36.04284841476005],[-86.57075466789436,36.041584107874684],[-86.57011392258251,36.03981708662381],[-86.56801649873181,36.0393143911673],[-86.56801649873181,36.0393143911673]]]},"properties":{"h3":"89264d168cbffff","count":3,"c3":0,"c6":0,"c12":1,"c24":3,"score":1.5,"risk":1,"peakDay":"Saturday","peakTime":"night","hood":"","bk12":{"morning":0,"afternoon":0,"evening":0,"night":1},"bk24":{"morning":0,"afternoon":0,"evening":0,"night":3},"sv12":1,"recent":[{"d":"2026-02-19","day":"Thu","time":"02:00","desc":"VEHICLE THEFT","res":"unsolved"},{"d":"2025-08-08","day":"Fri","time":"02:30","desc":"VEHICLE THEFT","res":"unsolved"},{"d":"2025-05-10","day":"Sat","time":"01:00","desc":"BURGLARY- MOTOR VEHICLE","res":"unsolved"}]}},{"type":"Feature","geometry":{"type":"Polygon","coordinates":[[[-86.76047538760132,36.20948318826155],[-86.75901577206638,36.210748457962374],[-86.75966203493152,36.21251485779434],[-86.76176799268225,36.21301600650103],[-86.76322764714054,36.21175072041048],[-86.76258130492558,36.209984302003456],[-86.76047538760132,36.20948318826155],[-86.76047538760132,36.20948318826155]]]},"properties":{"h3":"89264d135b3ffff","count":15,"c3":0,"c6":0,"c12":2,"c24":15,"score":7.1,"risk":7,"peakDay":"Sunday","peakTime":"morning","hood":"","bk12":{"morning":1,"afternoon":0,"evening":0,"night":1},"bk24":{"morning":5,"afternoon":3,"evening":3,"night":4},"recent":[{"d":"2026-01-10","day":"Sat","time":"04:03","desc":"BURGLARY- MOTOR VEHICLE","res":"unsolved"},{"d":"2025-10-12","day":"Sun","time":"11:00","desc":"BURGLARY- MOTOR VEHICLE","res":"unsolved"},{"d":"2025-09-30","day":"Tue","time":"22:25","desc":"LARC - PARTS FROM VEH","res":"unsolved"},{"d":"2025-09-29","day":"Mon","time":"18:00","desc":"BURGLARY- MOTOR VEHICLE","res":"unsolved"},{"d":"2025-09-27","day":"Sat","time":"10:00","desc":"BURGLARY - MOTOR VEHICLE","res":"unsolved"},{"d":"2025-09-27","day":"Sat","time":"10:00","desc":"BURGLARY - MOTOR VEHICLE","res":"unsolved"},{"d":"2025-09-21","day":"Sun","time":"18:00","desc":"LARC - PARTS FROM VEH","res":"unsolved"},{"d":"2025-09-20","day":"Sat","time":"13:30","desc":"VEHICLE THEFT","res":"unsolved"},{"d":"2025-08-29","day":"Fri","time":"22:12","desc":"VEHICLE THEFT","res":"unsolved"},{"d":"2025-08-28","day":"Thu","time":"14:45","desc":"BURGLARY- MOTOR VEHICLE","res":"unsolved"}]}},{"type":"Feature","geometry":{"type":"Polygon","coordinates":[[[-86.78498880411847,36.155633368876465],[-86.78352988548241,36.156899913918714],[-86.78417639048729,36.15866681701672],[-86.78628189339223,36.15916719361176],[-86.78774085085236,36.15790063211814],[-86.78709426658429,36.15613371048137],[-86.78498880411847,36.155633368876465],[-86.78498880411847,36.155633368876465]]]},"properties":{"h3":"89264d10667ffff","count":1,"c3":0,"c6":0,"c12":0,"c24":1,"score":0.4,"risk":0,"peakDay":"Wednesday","peakTime":"morning","hood":"","bk12":{"morning":0,"afternoon":0,"evening":0,"night":0},"bk24":{"morning":1,"afternoon":0,"evening":0,"night":0},"recent":[{"d":"2025-05-14","day":"Wed","time":"06:15","desc":"BURGLARY - MOTOR VEHICLE","res":"closed"}]}},{"type":"Feature","geometry":{"type":"Polygon","coordinates":[[[-86.6993635630782,36.23684206748579],[-86.69790371762197,36.23810578591623],[-86.69854870892931,36.23987175554426],[-86.70065362509571,36.240374025416735],[-86.70211350964254,36.23911029066676],[-86.70146843893322,36.23734430236432],[-86.6993635630782,36.23684206748579],[-86.6993635630782,36.23684206748579]]]},"properties":{"h3":"89264d8886bffff","count":3,"c3":0,"c6":0,"c12":0,"c24":3,"score":1.2,"risk":1,"peakDay":"Thursday","peakTime":"night","hood":"","bk12":{"morning":0,"afternoon":0,"evening":0,"night":0},"bk24":{"morning":0,"afternoon":0,"evening":0,"night":3},"recent":[{"d":"2025-09-06","day":"Sat","time":"00:01","desc":"VEHICLE THEFT","res":"unsolved"},{"d":"2025-05-15","day":"Thu","time":"01:00","desc":"BURGLARY- MOTOR VEHICLE","res":"unsolved"},{"d":"2025-05-15","day":"Thu","time":"00:00","desc":"BURGLARY- MOTOR VEHICLE","res":"unsolved"}]}},{"type":"Feature","geometry":{"type":"Polygon","coordinates":[[[-86.8684473545803,36.157684401266565],[-86.86698820044005,36.15895246038207],[-86.86763668567299,36.16071964138479],[-86.8697444042984,36.161218781671835],[-86.8712035970634,36.15995070604039],[-86.87055503257906,36.15818350663835],[-86.8684473545803,36.157684401266565],[-86.8684473545803,36.157684401266565]]]},"properties":{"h3":"89264d1a537ffff","count":2,"c3":0,"c6":0,"c12":1,"c24":2,"score":1,"risk":1,"peakDay":"Thursday","peakTime":"night","hood":"","bk12":{"morning":0,"afternoon":0,"evening":0,"night":1},"bk24":{"morning":0,"afternoon":0,"evening":0,"night":2},"recent":[{"d":"2025-12-21","day":"Sun","time":"04:15","desc":"BURGLARY- MOTOR VEHICLE","res":"unsolved"},{"d":"2025-05-15","day":"Thu","time":"00:01","desc":"BURGLARY- MOTOR VEHICLE","res":"unsolved"}]}},{"type":"Feature","geometry":{"type":"Polygon","coordinates":[[[-86.7676065255822,36.20795458389749],[-86.76614691359222,36.2092200091072],[-86.7667933351553,36.21098644608341],[-86.76889944805544,36.21148747641369],[-86.77035909895054,36.21022203480737],[-86.76971259804115,36.208455579267856],[-86.7676065255822,36.20795458389749],[-86.7676065255822,36.20795458389749]]]},"properties":{"h3":"89264d13517ffff","count":18,"c3":0,"c6":0,"c12":3,"c24":18,"score":8.2,"risk":8,"peakDay":"Friday","peakTime":"evening","hood":"","bk12":{"morning":0,"afternoon":0,"evening":3,"night":0},"bk24":{"morning":1,"afternoon":4,"evening":11,"night":2},"sv12":1,"recent":[{"d":"2026-02-05","day":"Thu","time":"20:00","desc":"BURGLARY - MOTOR VEHICLE","res":"unsolved"},{"d":"2026-02-05","day":"Thu","time":"20:00","desc":"BURGLARY - MOTOR VEHICLE","res":"unsolved"},{"d":"2026-01-24","day":"Sat","time":"18:00","desc":"VEHICLE THEFT","res":"unsolved"},{"d":"2025-10-03","day":"Fri","time":"19:00","desc":"BURGLARY - MOTOR VEHICLE","res":"unsolved"},{"d":"2025-10-03","day":"Fri","time":"00:00","desc":"BURGLARY- MOTOR VEHICLE","res":"unsolved"},{"d":"2025-08-28","day":"Thu","time":"21:00","desc":"BURGLARY- MOTOR VEHICLE","res":"unsolved"},{"d":"2025-07-11","day":"Fri","time":"22:00","desc":"BURGLARY- MOTOR VEHICLE","res":"unsolved"},{"d":"2025-07-11","day":"Fri","time":"20:30","desc":"BURGLARY - MOTOR VEHICLE","res":"unsolved"},{"d":"2025-07-11","day":"Fri","time":"20:30","desc":"BURGLARY - MOTOR VEHICLE","res":"unsolved"},{"d":"2025-07-11","day":"Fri","time":"20:30","desc":"BURGLARY - MOTOR VEHICLE","res":"unsolved"}]}},{"type":"Feature","geometry":{"type":"Polygon","coordinates":[[[-86.66927908644797,36.04901152085059],[-86.66782196331376,36.050277542178165],[-86.66846507725201,36.05204484347653],[-86.67056539344453,36.05254614218795],[-86.6720225555996,36.05128010441735],[-86.67137936254205,36.04951278437887],[-86.66927908644797,36.04901152085059],[-86.66927908644797,36.04901152085059]]]},"properties":{"h3":"89264d15517ffff","count":8,"c3":0,"c6":0,"c12":0,"c24":8,"score":3.3,"risk":3,"peakDay":"Saturday","peakTime":"night","hood":"","bk12":{"morning":0,"afternoon":0,"evening":0,"night":0},"bk24":{"morning":0,"afternoon":1,"evening":3,"night":4},"recent":[{"d":"2025-10-04","day":"Sat","time":"23:00","desc":"VEHICLE THEFT","res":"unsolved"},{"d":"2025-09-25","day":"Thu","time":"22:20","desc":"VEHICLE THEFT","res":"unsolved"},{"d":"2025-08-18","day":"Mon","time":"17:00","desc":"VEHICLE THEFT","res":"unsolved"},{"d":"2025-07-30","day":"Wed","time":"18:14","desc":"VEHICLE THEFT","res":"unsolved"},{"d":"2025-07-10","day":"Thu","time":"19:30","desc":"VEHICLE THEFT","res":"unsolved"},{"d":"2025-05-17","day":"Sat","time":"13:00","desc":"LARC - PARTS FROM VEH","res":"unsolved"},{"d":"2025-05-11","day":"Sun","time":"23:30","desc":"VEHICLE THEFT","res":"unsolved"},{"d":"2024-12-23","day":"Mon","time":"00:00","desc":"VEHICLE THEFT","res":"unsolved"}]}},{"type":"Feature","geometry":{"type":"Polygon","coordinates":[[[-86.60888356742606,36.0991137712065],[-86.60742589914017,36.1003779116268],[-86.60806789925711,36.10214461217426],[-86.61016764686558,36.10264719113868],[-86.61162535435385,36.101383034363344],[-86.61098327503203,36.09961631497912],[-86.60888356742606,36.0991137712065],[-86.60888356742606,36.0991137712065]]]},"properties":{"h3":"89264d16607ffff","count":1,"c3":0,"c6":0,"c12":0,"c24":1,"score":0.4,"risk":0,"peakDay":"Monday","peakTime":"morning","hood":"","bk12":{"morning":0,"afternoon":0,"evening":0,"night":0},"bk24":{"morning":1,"afternoon":0,"evening":0,"night":0},"recent":[{"d":"2025-05-19","day":"Mon","time":"06:00","desc":"LARC - PARTS FROM VEH","res":"unsolved"}]}},{"type":"Feature","geometry":{"type":"Polygon","coordinates":[[[-86.84800094239031,36.25930173177153],[-86.84654040614663,36.260567861963104],[-86.84718904550664,36.26233418117941],[-86.84929830052197,36.26283438862936],[-86.8507588755157,36.26156824201726],[-86.8501101567449,36.25980190437623],[-86.84800094239031,36.25930173177153],[-86.84800094239031,36.25930173177153]]]},"properties":{"h3":"89264dc6a93ffff","count":1,"c3":0,"c6":0,"c12":0,"c24":1,"score":0.4,"risk":0,"peakDay":"Tuesday","peakTime":"afternoon","hood":"","bk12":{"morning":0,"afternoon":0,"evening":0,"night":0},"bk24":{"morning":0,"afternoon":1,"evening":0,"night":0},"recent":[{"d":"2025-05-20","day":"Tue","time":"12:00","desc":"LARC - PARTS FROM VEH","res":"unsolved"}]}},{"type":"Feature","geometry":{"type":"Polygon","coordinates":[[[-86.96067955663798,36.08908568417069],[-86.95922114516802,36.09035649108944],[-86.95987137358642,36.09212452074336],[-86.96198009260459,36.09262176172961],[-86.96343854242566,36.09135093816854],[-86.96278823487827,36.08958289026405],[-86.96067955663798,36.08908568417069],[-86.96067955663798,36.08908568417069]]]},"properties":{"h3":"89264d19c87ffff","count":1,"c3":0,"c6":0,"c12":0,"c24":1,"score":0.4,"risk":0,"peakDay":"Friday","peakTime":"evening","hood":"","bk12":{"morning":0,"afternoon":0,"evening":0,"night":0},"bk24":{"morning":0,"afternoon":0,"evening":1,"night":0},"recent":[{"d":"2025-05-23","day":"Fri","time":"18:00","desc":"BURGLARY- MOTOR VEHICLE","res":"unsolved"}]}},{"type":"Feature","geometry":{"type":"Polygon","coordinates":[[[-86.95045388488467,36.07698545635843],[-86.9489956676205,36.0782562577045],[-86.94964557956462,36.08002434479992],[-86.95175378788625,36.08052164881833],[-86.95321204351734,36.07925083082844],[-86.95256205246068,36.077482725464456],[-86.95045388488467,36.07698545635843],[-86.95045388488467,36.07698545635843]]]},"properties":{"h3":"89264d19dd7ffff","count":31,"c3":0,"c6":0,"c12":2,"c24":31,"score":14.2,"risk":14,"peakDay":"Saturday","peakTime":"night","hood":"","bk12":{"morning":0,"afternoon":0,"evening":2,"night":0},"bk24":{"morning":3,"afternoon":2,"evening":6,"night":20},"sv12":1,"recent":[{"d":"2026-02-05","day":"Thu","time":"21:00","desc":"VEHICLE THEFT","res":"unsolved"},{"d":"2026-01-22","day":"Thu","time":"21:00","desc":"BURGLARY- MOTOR VEHICLE","res":"unsolved"},{"d":"2025-09-14","day":"Sun","time":"20:30","desc":"BURGLARY- MOTOR VEHICLE","res":"unsolved"},{"d":"2025-08-30","day":"Sat","time":"00:00","desc":"BURGLARY- MOTOR VEHICLE","res":"unsolved"},{"d":"2025-08-30","day":"Sat","time":"00:00","desc":"BURGLARY- MOTOR VEHICLE","res":"unsolved"},{"d":"2025-08-23","day":"Sat","time":"07:31","desc":"BURGLARY- MOTOR VEHICLE","res":"unsolved"},{"d":"2025-08-23","day":"Sat","time":"03:39","desc":"BURGLARY- MOTOR VEHICLE","res":"unsolved"},{"d":"2025-08-23","day":"Sat","time":"03:39","desc":"BURGLARY- MOTOR VEHICLE","res":"unsolved"},{"d":"2025-08-23","day":"Sat","time":"03:39","desc":"BURGLARY- MOTOR VEHICLE","res":"unsolved"},{"d":"2025-08-23","day":"Sat","time":"03:39","desc":"BURGLARY- MOTOR VEHICLE","res":"unsolved"}]}},{"type":"Feature","geometry":{"type":"Polygon","coordinates":[[[-86.74741211348304,36.15798838969014],[-86.74595325659178,36.15925420264162],[-86.74659889014998,36.161020953942156],[-86.74870345987345,36.16152191089293],[-86.75016235568076,36.160256081521865],[-86.74951664284939,36.15848931162011],[-86.74741211348304,36.15798838969014],[-86.74741211348304,36.15798838969014]]]},"properties":{"h3":"89264d10553ffff","count":1,"c3":0,"c6":0,"c12":0,"c24":1,"score":0.4,"risk":0,"peakDay":"Sunday","peakTime":"evening","hood":"","bk12":{"morning":0,"afternoon":0,"evening":0,"night":0},"bk24":{"morning":0,"afternoon":0,"evening":1,"night":0},"recent":[{"d":"2025-05-25","day":"Sun","time":"19:08","desc":"LARC - PARTS FROM VEH","res":"unsolved"}]}},{"type":"Feature","geometry":{"type":"Polygon","coordinates":[[[-86.85985660080269,36.139512718583454],[-86.85839772337805,36.14078089517312],[-86.85904589253148,36.14254818634935],[-86.86115301833556,36.14304731935156],[-86.86261193439213,36.14177912623853],[-86.86196368601351,36.14001181664715],[-86.85985660080269,36.139512718583454],[-86.85985660080269,36.139512718583454]]]},"properties":{"h3":"89264d11267ffff","count":5,"c3":0,"c6":0,"c12":2,"c24":5,"score":2.4,"risk":2,"peakDay":"Tuesday","peakTime":"evening","hood":"","bk12":{"morning":0,"afternoon":0,"evening":1,"night":1},"bk24":{"morning":1,"afternoon":0,"evening":3,"night":1},"recent":[{"d":"2025-12-30","day":"Tue","time":"02:00","desc":"BURGLARY- MOTOR VEHICLE","res":"unsolved"},{"d":"2025-10-11","day":"Sat","time":"21:00","desc":"BURGLARY- MOTOR VEHICLE","res":"unsolved"},{"d":"2025-09-10","day":"Wed","time":"17:00","desc":"BURGLARY- MOTOR VEHICLE","res":"unsolved"},{"d":"2025-08-26","day":"Tue","time":"08:00","desc":"LARC - PARTS FROM VEH","res":"unsolved"},{"d":"2025-05-26","day":"Mon","time":"19:55","desc":"BURGLARY- MOTOR VEHICLE","res":"unsolved"}]}},{"type":"Feature","geometry":{"type":"Polygon","coordinates":[[[-86.75872610238412,36.17842409248391],[-86.75726692898708,36.17968980365634],[-86.75791295679417,36.18145643767673],[-86.76001823730168,36.181957379105825],[-86.76147744960295,36.18069165152078],[-86.76083134249329,36.17892499891973],[-86.75872610238412,36.17842409248391],[-86.75872610238412,36.17842409248391]]]},"properties":{"h3":"89264d104d7ffff","count":21,"c3":0,"c6":0,"c12":7,"c24":21,"score":10.2,"risk":10,"peakDay":"Friday","peakTime":"night","hood":"","bk12":{"morning":0,"afternoon":1,"evening":5,"night":1},"bk24":{"morning":1,"afternoon":5,"evening":5,"night":10},"recent":[{"d":"2026-03-06","day":"Fri","time":"18:00","desc":"BURGLARY- MOTOR VEHICLE","res":"unsolved"},{"d":"2026-02-11","day":"Wed","time":"19:30","desc":"BURGLARY- MOTOR VEHICLE","res":"unsolved"},{"d":"2026-02-11","day":"Wed","time":"19:30","desc":"BURGLARY- MOTOR VEHICLE","res":"unsolved"},{"d":"2026-01-16","day":"Fri","time":"20:30","desc":"BURGLARY- MOTOR VEHICLE","res":"unsolved"},{"d":"2026-01-16","day":"Fri","time":"20:30","desc":"BURGLARY- MOTOR VEHICLE","res":"unsolved"},{"d":"2026-01-11","day":"Sun","time":"15:24","desc":"BURGLARY - MOTOR VEHICLE","res":"unsolved"},{"d":"2026-01-01","day":"Thu","time":"00:00","desc":"BURGLARY- MOTOR VEHICLE","res":"unsolved"},{"d":"2025-09-22","day":"Mon","time":"16:00","desc":"LARC - PARTS FROM VEH","res":"unsolved"},{"d":"2025-09-06","day":"Sat","time":"00:00","desc":"BURGLARY- MOTOR VEHICLE","res":"unsolved"},{"d":"2025-08-31","day":"Sun","time":"00:20","desc":"BURGLARY- MOTOR VEHICLE","res":"unsolved"}]}},{"type":"Feature","geometry":{"type":"Polygon","coordinates":[[[-86.69936528622772,36.1368622635782],[-86.69790684980127,36.138127507688836],[-86.69855121862345,36.13989424900181],[-86.7006541031216,36.14039576488769],[-86.7021125785632,36.139130504379246],[-86.70146813049227,36.13736374438322],[-86.69936528622772,36.1368622635782],[-86.69936528622772,36.1368622635782]]]},"properties":{"h3":"89264d12863ffff","count":36,"c3":0,"c6":0,"c12":22,"c24":36,"score":17.7,"risk":18,"peakDay":"Sunday","peakTime":"morning","hood":"","bk12":{"morning":15,"afternoon":0,"evening":2,"night":5},"bk24":{"morning":21,"afternoon":2,"evening":4,"night":9},"sv12":2,"recent":[{"d":"2026-02-14","day":"Sat","time":"17:30","desc":"VEHICLE THEFT","res":"unsolved"},{"d":"2026-02-03","day":"Tue","time":"21:30","desc":"BURGLARY- MOTOR VEHICLE","res":"unsolved"},{"d":"2026-01-31","day":"Sat","time":"22:00","desc":"VEHICLE THEFT","res":"unsolved"},{"d":"2025-11-01","day":"Sat","time":"22:00","desc":"BURGLARY- MOTOR VEHICLE","res":"unsolved"},{"d":"2025-10-31","day":"Fri","time":"23:00","desc":"BURGLARY- MOTOR VEHICLE","res":"unsolved"},{"d":"2025-10-30","day":"Thu","time":"04:00","desc":"BURGLARY- MOTOR VEHICLE","res":"unsolved"},{"d":"2025-10-12","day":"Sun","time":"05:10","desc":"BURGLARY - MOTOR VEHICLE","res":"unsolved"},{"d":"2025-10-12","day":"Sun","time":"05:10","desc":"BURGLARY - MOTOR VEHICLE","res":"unsolved"},{"d":"2025-10-12","day":"Sun","time":"05:10","desc":"BURGLARY - MOTOR VEHICLE","res":"unsolved"},{"d":"2025-10-12","day":"Sun","time":"05:10","desc":"BURGLARY - MOTOR VEHICLE","res":"unsolved"}]}},{"type":"Feature","geometry":{"type":"Polygon","coordinates":[[[-86.70923552675096,36.137602605245476],[-86.707777054466,36.138868021062095],[-86.70842166069686,36.140634792231346],[-86.71052481846176,36.14113616625099],[-86.71198332973881,36.13987073402923],[-86.71133864425965,36.13810394419345],[-86.70923552675096,36.137602605245476],[-86.70923552675096,36.137602605245476]]]},"properties":{"h3":"89264d12aa3ffff","count":4,"c3":0,"c6":0,"c12":0,"c24":4,"score":1.8,"risk":2,"peakDay":"Sunday","peakTime":"morning","hood":"","bk12":{"morning":0,"afternoon":0,"evening":0,"night":0},"bk24":{"morning":2,"afternoon":0,"evening":1,"night":1},"recent":[{"d":"2025-09-24","day":"Wed","time":"00:00","desc":"THEFT OF VEHICLE-2,500 OR > BUT<$10,000","res":"unsolved"},{"d":"2025-08-14","day":"Thu","time":"05:00","desc":"LARC - PARTS FROM VEH","res":"unsolved"},{"d":"2025-08-01","day":"Fri","time":"21:00","desc":"BURGLARY- MOTOR VEHICLE","res":"unsolved"},{"d":"2025-06-01","day":"Sun","time":"11:51","desc":"LARC - PARTS FROM VEH","res":"unsolved"}]}},{"type":"Feature","geometry":{"type":"Polygon","coordinates":[[[-86.71067118247846,36.257271791896585],[-86.70921101958622,36.25853540749269],[-86.70985640526767,36.26030125851107],[-86.71196203327366,36.26080351258757],[-86.71342223524486,36.25953988067883],[-86.71277677013194,36.25777401100669],[-86.71067118247846,36.257271791896585],[-86.71067118247846,36.257271791896585]]]},"properties":{"h3":"89264d88e0fffff","count":14,"c3":0,"c6":0,"c12":6,"c24":14,"score":7.1,"risk":7,"peakDay":"Monday","peakTime":"afternoon","hood":"","bk12":{"morning":3,"afternoon":1,"evening":1,"night":1},"bk24":{"morning":4,"afternoon":5,"evening":4,"night":1},"sv12":1,"recent":[{"d":"2026-03-02","day":"Mon","time":"08:00","desc":"BURGLARY- MOTOR VEHICLE","res":"unsolved"},{"d":"2026-02-17","day":"Tue","time":"22:00","desc":"BURGLARY- MOTOR VEHICLE","res":"unsolved"},{"d":"2026-02-15","day":"Sun","time":"15:00","desc":"VEHICLE THEFT","res":"unsolved"},{"d":"2026-02-07","day":"Sat","time":"10:00","desc":"LARC - PARTS FROM VEH","res":"unsolved"},{"d":"2025-12-15","day":"Mon","time":"18:00","desc":"BURGLARY- MOTOR VEHICLE","res":"unsolved"},{"d":"2025-11-03","day":"Mon","time":"06:00","desc":"LARC - PARTS FROM VEH","res":"unsolved"},{"d":"2025-09-01","day":"Mon","time":"18:30","desc":"THEFT OF VEHICLE->$1,000 BUT <$2,500","res":"unsolved"},{"d":"2025-08-08","day":"Fri","time":"12:00","desc":"LARC - PARTS FROM VEH","res":"unsolved"},{"d":"2025-08-04","day":"Mon","time":"18:00","desc":"BURGLARY- MOTOR VEHICLE","res":"unsolved"},{"d":"2025-07-30","day":"Wed","time":"13:30","desc":"THEFT OF VEHICLE-2,500 OR > BUT<$10,000","res":"unsolved"}]}},{"type":"Feature","geometry":{"type":"Polygon","coordinates":[[[-86.77909593697484,36.03965027405948],[-86.77763866357317,36.04091847148615],[-86.77828430728589,36.042686240071056],[-86.78038730348823,36.043185829787475],[-86.78184461564139,36.04191761582291],[-86.78119889284154,36.040149828680306],[-86.77909593697484,36.03965027405948],[-86.77909593697484,36.03965027405948]]]},"properties":{"h3":"89264d022a7ffff","count":37,"c3":0,"c6":0,"c12":0,"c24":37,"score":16.8,"risk":17,"peakDay":"Monday","peakTime":"night","hood":"","bk12":{"morning":0,"afternoon":0,"evening":0,"night":0},"bk24":{"morning":12,"afternoon":3,"evening":7,"night":15},"recent":[{"d":"2025-09-15","day":"Mon","time":"05:00","desc":"BURGLARY- MOTOR VEHICLE","res":"unsolved"},{"d":"2025-09-15","day":"Mon","time":"05:00","desc":"BURGLARY- MOTOR VEHICLE","res":"unsolved"},{"d":"2025-09-15","day":"Mon","time":"05:00","desc":"BURGLARY- MOTOR VEHICLE","res":"unsolved"},{"d":"2025-09-15","day":"Mon","time":"05:00","desc":"BURGLARY- MOTOR VEHICLE","res":"unsolved"},{"d":"2025-09-15","day":"Mon","time":"05:00","desc":"BURGLARY- MOTOR VEHICLE","res":"unsolved"},{"d":"2025-09-15","day":"Mon","time":"05:00","desc":"BURGLARY- MOTOR VEHICLE","res":"unsolved"},{"d":"2025-09-14","day":"Sun","time":"21:00","desc":"BURGLARY- MOTOR VEHICLE","res":"unsolved"},{"d":"2025-09-14","day":"Sun","time":"20:00","desc":"BURGLARY- MOTOR VEHICLE","res":"unsolved"},{"d":"2025-09-14","day":"Sun","time":"20:00","desc":"BURGLARY- MOTOR VEHICLE","res":"unsolved"},{"d":"2025-09-14","day":"Sun","time":"20:00","desc":"BURGLARY- MOTOR VEHICLE","res":"unsolved"}]}},{"type":"Feature","geometry":{"type":"Polygon","coordinates":[[[-86.62800474386003,36.07787706512788],[-86.62654732352735,36.07914188303953],[-86.62718964311937,36.08090881494593],[-86.62928946221447,36.08141094774779],[-86.63074692168802,36.08014611344898],[-86.6301045229264,36.07837916273595],[-86.62800474386003,36.07787706512788],[-86.62800474386003,36.07787706512788]]]},"properties":{"h3":"89264d1624fffff","count":6,"c3":0,"c6":0,"c12":1,"c24":6,"score":2.8,"risk":3,"peakDay":"Saturday","peakTime":"morning","hood":"","bk12":{"morning":0,"afternoon":0,"evening":1,"night":0},"bk24":{"morning":2,"afternoon":1,"evening":2,"night":1},"sv12":1,"recent":[{"d":"2025-12-07","day":"Sun","time":"21:00","desc":"VEHICLE THEFT","res":"unsolved"},{"d":"2025-09-23","day":"Tue","time":"22:00","desc":"LARC - PARTS FROM VEH","res":"unsolved"},{"d":"2025-09-17","day":"Wed","time":"20:00","desc":"VEHICLE THEFT","res":"unsolved"},{"d":"2025-07-19","day":"Sat","time":"08:28","desc":"BURGLARY - MOTOR VEHICLE","res":"unsolved"},{"d":"2025-07-19","day":"Sat","time":"08:28","desc":"BURGLARY - MOTOR VEHICLE","res":"unsolved"},{"d":"2025-06-06","day":"Fri","time":"12:00","desc":"LARC - PARTS FROM VEH","res":"unsolved"}]}},{"type":"Feature","geometry":{"type":"Polygon","coordinates":[[[-86.84851537118102,36.11907340246609],[-86.84705680907906,36.12034167987416],[-86.84770458328406,36.12210908851145],[-86.84981099878789,36.122608238176895],[-86.8512695995339,36.1213399442384],[-86.85062174613284,36.119572517165395],[-86.84851537118102,36.11907340246609],[-86.84851537118102,36.11907340246609]]]},"properties":{"h3":"89264d1adc3ffff","count":2,"c3":0,"c6":0,"c12":1,"c24":2,"score":0.9,"risk":1,"peakDay":"Friday","peakTime":"evening","hood":"","bk12":{"morning":0,"afternoon":0,"evening":0,"night":1},"bk24":{"morning":0,"afternoon":0,"evening":1,"night":1},"recent":[{"d":"2025-10-16","day":"Thu","time":"22:00","desc":"BURGLARY- MOTOR VEHICLE","res":"unsolved"},{"d":"2025-06-06","day":"Fri","time":"20:00","desc":"BURGLARY- MOTOR VEHICLE","res":"unsolved"}]}},{"type":"Feature","geometry":{"type":"Polygon","coordinates":[[[-86.69794141504384,36.1171645393069],[-86.69648325947517,36.118430056776255],[-86.69712747225674,36.120196943733184],[-86.6992299198266,36.1206983319083],[-86.70068811439899,36.11943279802678],[-86.70004382239858,36.11766589238282],[-86.69794141504384,36.1171645393069],[-86.69794141504384,36.1171645393069]]]},"properties":{"h3":"89264d12b3bffff","count":9,"c3":0,"c6":0,"c12":3,"c24":9,"score":4.4,"risk":5,"peakDay":"Friday","peakTime":"night","hood":"","bk12":{"morning":0,"afternoon":2,"evening":0,"night":1},"bk24":{"morning":0,"afternoon":2,"evening":2,"night":5},"sv12":2,"recent":[{"d":"2026-02-22","day":"Sun","time":"01:00","desc":"VEHICLE THEFT","res":"unsolved"},{"d":"2026-02-14","day":"Sat","time":"13:00","desc":"VEHICLE THEFT","res":"unsolved"},{"d":"2026-01-23","day":"Fri","time":"16:30","desc":"LARC - PARTS FROM VEH","res":"unsolved"},{"d":"2025-07-17","day":"Thu","time":"01:00","desc":"VEHICLE THEFT","res":"unsolved"},{"d":"2025-07-17","day":"Thu","time":"01:00","desc":"VEHICLE THEFT","res":"unsolved"},{"d":"2025-07-15","day":"Tue","time":"02:30","desc":"BURGLARY - MOTOR VEHICLE","res":"unsolved"},{"d":"2025-07-14","day":"Mon","time":"03:00","desc":"VEHICLE THEFT","res":"unsolved"},{"d":"2025-07-13","day":"Sun","time":"21:00","desc":"BURGLARY- MOTOR VEHICLE","res":"unsolved"},{"d":"2025-06-13","day":"Fri","time":"20:00","desc":"BURGLARY- MOTOR VEHICLE","res":"unsolved"}]}},{"type":"Feature","geometry":{"type":"Polygon","coordinates":[[[-86.77885717344975,36.12836168299666],[-86.77739865402472,36.12962852950411],[-86.77804484441036,36.131395620556255],[-86.78014963344437,36.13189588365267],[-86.7816081916878,36.13062902067736],[-86.7809619220796,36.12886191107398],[-86.77885717344975,36.12836168299666],[-86.77885717344975,36.12836168299666]]]},"properties":{"h3":"89264d10343ffff","count":23,"c3":0,"c6":0,"c12":7,"c24":23,"score":11.5,"risk":12,"peakDay":"Sunday","peakTime":"night","hood":"","bk12":{"morning":0,"afternoon":3,"evening":0,"night":4},"bk24":{"morning":3,"afternoon":5,"evening":4,"night":11},"sv12":1,"recent":[{"d":"2026-01-25","day":"Sun","time":"13:00","desc":"BURGLARY- MOTOR VEHICLE","res":"unsolved"},{"d":"2026-01-25","day":"Sun","time":"00:00","desc":"BURGLARY- MOTOR VEHICLE","res":"unsolved"},{"d":"2026-01-10","day":"Sat","time":"12:00","desc":"BURGLARY - MOTOR VEHICLE","res":"unsolved"},{"d":"2025-12-22","day":"Mon","time":"00:01","desc":"BURGLARY- MOTOR VEHICLE","res":"unsolved"},{"d":"2025-12-11","day":"Thu","time":"00:00","desc":"BURGLARY- MOTOR VEHICLE","res":"unsolved"},{"d":"2025-12-11","day":"Thu","time":"00:00","desc":"BURGLARY- MOTOR VEHICLE","res":"unsolved"},{"d":"2025-11-24","day":"Mon","time":"16:30","desc":"VEHICLE THEFT","res":"unsolved"},{"d":"2025-09-22","day":"Mon","time":"21:00","desc":"BURGLARY- MOTOR VEHICLE","res":"unsolved"},{"d":"2025-09-21","day":"Sun","time":"21:00","desc":"BURGLARY- MOTOR VEHICLE","res":"unsolved"},{"d":"2025-09-21","day":"Sun","time":"10:42","desc":"BURGLARY - MOTOR VEHICLE","res":"unsolved"}]}},{"type":"Feature","geometry":{"type":"Polygon","coordinates":[[[-86.80962351094793,36.13889665292661],[-86.80816476627258,36.14016390896492],[-86.8088117476323,36.14193102813222],[-86.81091755290147,36.14243090976074],[-86.81237633632924,36.14116363723838],[-86.81172927573621,36.13939649957203],[-86.80962351094793,36.13889665292661],[-86.80962351094793,36.13889665292661]]]},"properties":{"h3":"89264d11117ffff","count":13,"c3":0,"c6":0,"c12":11,"c24":13,"score":7.4,"risk":7,"peakDay":"Saturday","peakTime":"evening","hood":"","bk12":{"morning":0,"afternoon":2,"evening":8,"night":1},"bk24":{"morning":0,"afternoon":2,"evening":9,"night":2},"recent":[{"d":"2026-01-17","day":"Sat","time":"21:26","desc":"BURGLARY - MOTOR VEHICLE","res":"unsolved"},{"d":"2026-01-17","day":"Sat","time":"21:26","desc":"BURGLARY - MOTOR VEHICLE","res":"unsolved"},{"d":"2026-01-17","day":"Sat","time":"21:26","desc":"BURGLARY - MOTOR VEHICLE","res":"unsolved"},{"d":"2026-01-17","day":"Sat","time":"21:26","desc":"BURGLARY - MOTOR VEHICLE","res":"unsolved"},{"d":"2026-01-17","day":"Sat","time":"21:26","desc":"BURGLARY - MOTOR VEHICLE","res":"unsolved"},{"d":"2026-01-17","day":"Sat","time":"21:26","desc":"BURGLARY - MOTOR VEHICLE","res":"unsolved"},{"d":"2026-01-17","day":"Sat","time":"21:26","desc":"BURGLARY - MOTOR VEHICLE","res":"unsolved"},{"d":"2026-01-15","day":"Thu","time":"12:54","desc":"BURGLARY- MOTOR VEHICLE","res":"unsolved"},{"d":"2025-12-24","day":"Wed","time":"00:00","desc":"BURGLARY- MOTOR VEHICLE","res":"unsolved"},{"d":"2025-12-13","day":"Sat","time":"20:04","desc":"BURGLARY - MOTOR VEHICLE","res":"unsolved"}]}},{"type":"Feature","geometry":{"type":"Polygon","coordinates":[[[-86.68909486223693,36.087626789006954],[-86.68763714495405,36.088892591497284],[-86.68828096563654,36.09065967176597],[-86.69038258277781,36.09116096824891],[-86.69184033906332,36.089895149330204],[-86.6911964392057,36.0881280503574],[-86.68909486223693,36.087626789006954],[-86.68909486223693,36.087626789006954]]]},"properties":{"h3":"89264d1721bffff","count":10,"c3":0,"c6":0,"c12":0,"c24":10,"score":4.4,"risk":5,"peakDay":"Sunday","peakTime":"night","hood":"","bk12":{"morning":0,"afternoon":0,"evening":0,"night":0},"bk24":{"morning":1,"afternoon":2,"evening":1,"night":6},"recent":[{"d":"2025-09-24","day":"Wed","time":"09:50","desc":"VEHICLE THEFT","res":"unsolved"},{"d":"2025-08-18","day":"Mon","time":"15:28","desc":"VEHICLE THEFT","res":"unsolved"},{"d":"2025-08-11","day":"Mon","time":"17:00","desc":"BURGLARY- MOTOR VEHICLE","res":"unsolved"},{"d":"2025-08-08","day":"Fri","time":"12:00","desc":"LARC - PARTS FROM VEH","res":"unsolved"},{"d":"2025-08-03","day":"Sun","time":"01:00","desc":"BURGLARY - MOTOR VEHICLE","res":"unsolved"},{"d":"2025-08-03","day":"Sun","time":"01:00","desc":"BURGLARY - MOTOR VEHICLE","res":"unsolved"},{"d":"2025-08-03","day":"Sun","time":"01:00","desc":"BURGLARY - MOTOR VEHICLE","res":"unsolved"},{"d":"2025-08-03","day":"Sun","time":"01:00","desc":"BURGLARY - MOTOR VEHICLE","res":"unsolved"},{"d":"2025-08-03","day":"Sun","time":"01:00","desc":"BURGLARY - MOTOR VEHICLE","res":"unsolved"},{"d":"2025-06-14","day":"Sat","time":"04:01","desc":"BURGLARY- MOTOR VEHICLE","res":"unsolved"}]}},{"type":"Feature","geometry":{"type":"Polygon","coordinates":[[[-86.78097970885354,36.107888907604476],[-86.77952147203239,36.109156104655796],[-86.78016758487746,36.110923360170496],[-86.78227201373544,36.111423437183674],[-86.7837302893546,36.11015622364671],[-86.78308409731859,36.10838894958268],[-86.78097970885354,36.107888907604476],[-86.78097970885354,36.107888907604476]]]},"properties":{"h3":"89264d11d57ffff","count":2,"c3":0,"c6":0,"c12":0,"c24":2,"score":0.8,"risk":1,"peakDay":"Saturday","peakTime":"afternoon","hood":"","bk12":{"morning":0,"afternoon":0,"evening":0,"night":0},"bk24":{"morning":0,"afternoon":1,"evening":0,"night":1},"recent":[{"d":"2025-08-06","day":"Wed","time":"01:00","desc":"BURGLARY- MOTOR VEHICLE","res":"unsolved"},{"d":"2025-06-14","day":"Sat","time":"13:00","desc":"LARC - PARTS FROM VEH","res":"unsolved"}]}},{"type":"Feature","geometry":{"type":"Polygon","coordinates":[[[-86.79374201831823,36.148033126133775],[-86.7922831847239,36.14929994902242],[-86.7929298486951,36.15106694168039],[-86.7950354255115,36.151567129974985],[-86.79649429790324,36.15030029062205],[-86.79584755468197,36.148533279439306],[-86.79374201831823,36.148033126133775],[-86.79374201831823,36.148033126133775]]]},"properties":{"h3":"89264d102cfffff","count":2,"c3":0,"c6":0,"c12":1,"c24":2,"score":1,"risk":1,"peakDay":"Thursday","peakTime":"night","hood":"","bk12":{"morning":0,"afternoon":0,"evening":1,"night":0},"bk24":{"morning":0,"afternoon":0,"evening":1,"night":1},"sv12":1,"recent":[{"d":"2026-01-15","day":"Thu","time":"18:25","desc":"VEHICLE THEFT","res":"closed"},{"d":"2025-06-19","day":"Thu","time":"22:00","desc":"BURGLARY - MOTOR VEHICLE","res":"closed"}]}},{"type":"Feature","geometry":{"type":"Polygon","coordinates":[[[-86.72867102860376,36.12771486689229],[-86.72721264560624,36.12898079342748],[-86.72785764867692,36.1307477102016],[-86.72996111397586,36.13124871907597],[-86.7314195359115,36.12998277611237],[-86.73077445361089,36.12821584070329],[-86.72867102860376,36.12771486689229],[-86.72867102860376,36.12771486689229]]]},"properties":{"h3":"89264d10cd3ffff","count":2,"c3":0,"c6":0,"c12":1,"c24":2,"score":1,"risk":1,"peakDay":"Friday","peakTime":"morning","hood":"","bk12":{"morning":0,"afternoon":1,"evening":0,"night":0},"bk24":{"morning":1,"afternoon":1,"evening":0,"night":0},"recent":[{"d":"2025-12-10","day":"Wed","time":"15:00","desc":"LARC - PARTS FROM VEH","res":"unsolved"},{"d":"2025-06-20","day":"Fri","time":"08:00","desc":"LARC - PARTS FROM VEH","res":"unsolved"}]}},{"type":"Feature","geometry":{"type":"Polygon","coordinates":[[[-86.76929327178172,36.13899563808832],[-86.76783462683328,36.14026214565248],[-86.76848065801595,36.14202912101669],[-86.77058541338833,36.14252960738354],[-86.77204409718613,36.141263083367434],[-86.77139798676298,36.13949608943691],[-86.76929327178172,36.13899563808832],[-86.76929327178172,36.13899563808832]]]},"properties":{"h3":"89264d1006fffff","count":12,"c3":0,"c6":0,"c12":1,"c24":12,"score":5.6,"risk":6,"peakDay":"Friday","peakTime":"evening","hood":"","bk12":{"morning":1,"afternoon":0,"evening":0,"night":0},"bk24":{"morning":2,"afternoon":1,"evening":8,"night":1},"recent":[{"d":"2026-02-03","day":"Tue","time":"11:00","desc":"BURGLARY- MOTOR VEHICLE","res":"unsolved"},{"d":"2025-09-24","day":"Wed","time":"21:30","desc":"BURGLARY- MOTOR VEHICLE","res":"unsolved"},{"d":"2025-09-12","day":"Fri","time":"20:30","desc":"BURGLARY - MOTOR VEHICLE","res":"unsolved"},{"d":"2025-09-12","day":"Fri","time":"20:30","desc":"BURGLARY - MOTOR VEHICLE","res":"unsolved"},{"d":"2025-08-30","day":"Sat","time":"23:00","desc":"BURGLARY- MOTOR VEHICLE","res":"unsolved"},{"d":"2025-08-29","day":"Fri","time":"20:00","desc":"BURGLARY - MOTOR VEHICLE","res":"unsolved"},{"d":"2025-07-31","day":"Thu","time":"15:45","desc":"BURGLARY- MOTOR VEHICLE","res":"unsolved"},{"d":"2025-07-29","day":"Tue","time":"10:00","desc":"VEHICLE THEFT","res":"unsolved"},{"d":"2025-07-28","day":"Mon","time":"17:17","desc":"BURGLARY- MOTOR VEHICLE","res":"unsolved"},{"d":"2025-07-22","day":"Tue","time":"17:30","desc":"BURGLARY- MOTOR VEHICLE","res":"unsolved"}]}},{"type":"Feature","geometry":{"type":"Polygon","coordinates":[[[-86.7908559248405,36.10862154040853],[-86.78939765291234,36.10988890922056],[-86.79004400310191,36.11165619424878],[-86.79214870441074,36.11215612899823],[-86.79360701511371,36.11088874369327],[-86.79296058573384,36.10912144013227],[-86.7908559248405,36.10862154040853],[-86.7908559248405,36.10862154040853]]]},"properties":{"h3":"89264d11897ffff","count":2,"c3":0,"c6":0,"c12":0,"c24":2,"score":0.8,"risk":1,"peakDay":"Saturday","peakTime":"evening","hood":"","bk12":{"morning":0,"afternoon":0,"evening":0,"night":0},"bk24":{"morning":0,"afternoon":1,"evening":1,"night":0},"recent":[{"d":"2025-07-15","day":"Tue","time":"12:00","desc":"LARC - PARTS FROM VEH","res":"unsolved"},{"d":"2025-06-21","day":"Sat","time":"21:00","desc":"BURGLARY- MOTOR VEHICLE","res":"unsolved"}]}},{"type":"Feature","geometry":{"type":"Polygon","coordinates":[[[-86.75978495107915,36.249629503641444],[-86.75832477099587,36.250894147002384],[-86.75897126829267,36.2526602321259],[-86.7610780250851,36.25316169246164],[-86.76253824412365,36.251897032742875],[-86.76189166741528,36.250130929046705],[-86.75978495107915,36.249629503641444],[-86.75978495107915,36.249629503641444]]]},"properties":{"h3":"89264d89803ffff","count":6,"c3":0,"c6":0,"c12":1,"c24":6,"score":2.8,"risk":3,"peakDay":"Saturday","peakTime":"night","hood":"","bk12":{"morning":0,"afternoon":1,"evening":0,"night":0},"bk24":{"morning":0,"afternoon":3,"evening":0,"night":3},"sv12":1,"recent":[{"d":"2026-02-10","day":"Tue","time":"16:00","desc":"VEHICLE THEFT","res":"unsolved"},{"d":"2025-08-12","day":"Tue","time":"22:00","desc":"VEHICLE THEFT","res":"unsolved"},{"d":"2025-08-01","day":"Fri","time":"16:00","desc":"VEHICLE THEFT","res":"unsolved"},{"d":"2025-07-28","day":"Mon","time":"22:00","desc":"VEHICLE THEFT","res":"unsolved"},{"d":"2025-07-12","day":"Sat","time":"16:30","desc":"BURGLARY - MOTOR VEHICLE","res":"unsolved"},{"d":"2025-06-21","day":"Sat","time":"23:10","desc":"BURGLARY- MOTOR VEHICLE","res":"unsolved"}]}},{"type":"Feature","geometry":{"type":"Polygon","coordinates":[[[-86.66897771531812,36.03764244461742],[-86.66752075262836,36.03890863274138],[-86.66816378899829,36.04067601887633],[-86.67026386716081,36.041177235629284],[-86.67172086886359,36.039911031053556],[-86.67107775339164,36.03814362617711],[-86.66897771531812,36.03764244461742],[-86.66897771531812,36.03764244461742]]]},"properties":{"h3":"89264d1552fffff","count":10,"c3":0,"c6":0,"c12":2,"c24":10,"score":4.8,"risk":5,"peakDay":"Wednesday","peakTime":"night","hood":"","bk12":{"morning":0,"afternoon":1,"evening":1,"night":0},"bk24":{"morning":0,"afternoon":3,"evening":2,"night":5},"recent":[{"d":"2026-02-10","day":"Tue","time":"16:40","desc":"BURGLARY- MOTOR VEHICLE","res":"unsolved"},{"d":"2026-02-08","day":"Sun","time":"21:00","desc":"BURGLARY- MOTOR VEHICLE","res":"unsolved"},{"d":"2025-09-17","day":"Wed","time":"14:00","desc":"LARC - PARTS FROM VEH","res":"unsolved"},{"d":"2025-08-10","day":"Sun","time":"00:30","desc":"LARC - PARTS FROM VEH","res":"unsolved"},{"d":"2025-08-06","day":"Wed","time":"00:00","desc":"LARC - PARTS FROM VEH","res":"unsolved"},{"d":"2025-07-31","day":"Thu","time":"00:01","desc":"VEHICLE THEFT","res":"unsolved"},{"d":"2025-07-30","day":"Wed","time":"16:00","desc":"BURGLARY- MOTOR VEHICLE","res":"unsolved"},{"d":"2025-07-22","day":"Tue","time":"18:00","desc":"VEHICLE THEFT","res":"unsolved"},{"d":"2025-07-14","day":"Mon","time":"00:01","desc":"LARC - PARTS FROM VEH","res":"unsolved"},{"d":"2025-06-28","day":"Sat","time":"23:00","desc":"LARC - PARTS FROM VEH","res":"unsolved"}]}},{"type":"Feature","geometry":{"type":"Polygon","coordinates":[[[-86.79875100681187,36.16696936588726],[-86.79729189410445,36.16823599319046],[-86.79793879435549,36.17000285757066],[-86.80004488659289,36.170503113163036],[-86.80150403809984,36.16923646940641],[-86.80085705857066,36.16746958651134],[-86.79875100681187,36.16696936588726],[-86.79875100681187,36.16696936588726]]]},"properties":{"h3":"89264d11597ffff","count":20,"c3":0,"c6":0,"c12":2,"c24":20,"score":9.3,"risk":9,"peakDay":"Saturday","peakTime":"evening","hood":"","bk12":{"morning":0,"afternoon":1,"evening":0,"night":1},"bk24":{"morning":1,"afternoon":7,"evening":8,"night":4},"recent":[{"d":"2026-02-16","day":"Mon","time":"01:47","desc":"BURGLARY - MOTOR VEHICLE","res":"unsolved"},{"d":"2026-01-18","day":"Sun","time":"12:30","desc":"BURGLARY- MOTOR VEHICLE","res":"unsolved"},{"d":"2025-09-24","day":"Wed","time":"19:09","desc":"BURGLARY- MOTOR VEHICLE","res":"unsolved"},{"d":"2025-09-14","day":"Sun","time":"18:00","desc":"BURGLARY- MOTOR VEHICLE","res":"unsolved"},{"d":"2025-09-10","day":"Wed","time":"21:00","desc":"BURGLARY- MOTOR VEHICLE","res":"unsolved"},{"d":"2025-09-08","day":"Mon","time":"16:00","desc":"BURGLARY- MOTOR VEHICLE","res":"unsolved"},{"d":"2025-09-08","day":"Mon","time":"16:00","desc":"BURGLARY- MOTOR VEHICLE","res":"unsolved"},{"d":"2025-08-29","day":"Fri","time":"20:00","desc":"BURGLARY - MOTOR VEHICLE","res":"unsolved"},{"d":"2025-08-28","day":"Thu","time":"21:00","desc":"BURGLARY- MOTOR VEHICLE","res":"unsolved"},{"d":"2025-08-18","day":"Mon","time":"22:00","desc":"BURGLARY- MOTOR VEHICLE","res":"unsolved"}]}},{"type":"Feature","geometry":{"type":"Polygon","coordinates":[[[-86.80828049750741,36.21923525616004],[-86.80682062458511,36.2205012628236],[-86.80746807613357,36.22226775575518],[-86.80957547996167,36.2227682605182],[-86.81103539169975,36.22150223743447],[-86.81038786079476,36.21973572600838],[-86.80828049750741,36.21923525616004],[-86.80828049750741,36.21923525616004]]]},"properties":{"h3":"89264d136bbffff","count":5,"c3":0,"c6":0,"c12":2,"c24":5,"score":2.5,"risk":2,"peakDay":"Saturday","peakTime":"evening","hood":"","bk12":{"morning":1,"afternoon":0,"evening":1,"night":0},"bk24":{"morning":1,"afternoon":1,"evening":3,"night":0},"sv12":1,"recent":[{"d":"2026-02-23","day":"Mon","time":"06:00","desc":"BURGLARY- MOTOR VEHICLE","res":"unsolved"},{"d":"2025-11-08","day":"Sat","time":"20:00","desc":"THEFT OF VEHICLE-2,500 OR > BUT<$10,000","res":"unsolved"},{"d":"2025-07-20","day":"Sun","time":"17:00","desc":"VEHICLE THEFT","res":"unsolved"},{"d":"2025-07-19","day":"Sat","time":"16:00","desc":"BURGLARY- MOTOR VEHICLE","res":"unsolved"},{"d":"2025-07-01","day":"Tue","time":"17:00","desc":"BURGLARY- MOTOR VEHICLE","res":"unsolved"}]}},{"type":"Feature","geometry":{"type":"Polygon","coordinates":[[[-86.73007340667323,36.0473633181655],[-86.72861614952134,36.04863049094617],[-86.72926068613332,36.05039802503521],[-86.73136255900502,36.05089840498295],[-86.73281985503145,36.04963121570945],[-86.73217523931241,36.0478636629815],[-86.73007340667323,36.0473633181655],[-86.73007340667323,36.0473633181655]]]},"properties":{"h3":"89264d152dbffff","count":5,"c3":0,"c6":0,"c12":1,"c24":5,"score":2.4,"risk":2,"peakDay":"Monday","peakTime":"morning","hood":"","bk12":{"morning":0,"afternoon":0,"evening":0,"night":1},"bk24":{"morning":2,"afternoon":1,"evening":1,"night":1},"sv12":1,"recent":[{"d":"2026-01-02","day":"Fri","time":"02:00","desc":"VEHICLE THEFT","res":"unsolved"},{"d":"2025-10-02","day":"Thu","time":"11:58","desc":"LARC - PARTS FROM VEH","res":"unsolved"},{"d":"2025-09-15","day":"Mon","time":"12:00","desc":"LARC - PARTS FROM VEH","res":"unsolved"},{"d":"2025-08-18","day":"Mon","time":"11:00","desc":"LARC - PARTS FROM VEH","res":"unsolved"},{"d":"2025-07-01","day":"Tue","time":"20:00","desc":"LARC - PARTS FROM VEH","res":"unsolved"}]}},{"type":"Feature","geometry":{"type":"Polygon","coordinates":[[[-86.62874410485053,36.037715046122415],[-86.62728724684808,36.038980487290814],[-86.6279293351847,36.04074772570822],[-86.63002836063274,36.04124954176621],[-86.63148525774398,36.03998408417829],[-86.63084309029915,36.03821682695239],[-86.62874410485053,36.037715046122415],[-86.62874410485053,36.037715046122415]]]},"properties":{"h3":"89264d14003ffff","count":7,"c3":0,"c6":0,"c12":1,"c24":7,"score":3.3,"risk":3,"peakDay":"Sunday","peakTime":"night","hood":"","bk12":{"morning":0,"afternoon":1,"evening":0,"night":0},"bk24":{"morning":0,"afternoon":2,"evening":1,"night":4},"sv12":1,"recent":[{"d":"2026-02-03","day":"Tue","time":"12:30","desc":"VEHICLE THEFT","res":"unsolved"},{"d":"2025-09-02","day":"Tue","time":"02:55","desc":"VEHICLE THEFT","res":"unsolved"},{"d":"2025-08-14","day":"Thu","time":"23:30","desc":"VEHICLE THEFT","res":"unsolved"},{"d":"2025-08-14","day":"Thu","time":"23:30","desc":"VEHICLE THEFT","res":"unsolved"},{"d":"2025-07-27","day":"Sun","time":"14:08","desc":"VEHICLE THEFT","res":"unsolved"},{"d":"2025-07-13","day":"Sun","time":"20:00","desc":"VEHICLE THEFT","res":"unsolved"},{"d":"2025-07-02","day":"Wed","time":"02:23","desc":"LARC - PARTS FROM VEH","res":"unsolved"}]}},{"type":"Feature","geometry":{"type":"Polygon","coordinates":[[[-86.79839187203939,36.2184989790577],[-86.79693203414244,36.21976481375253],[-86.79757924782494,36.22153127760957],[-86.79968637876233,36.222031925283325],[-86.80114625549831,36.22076607417563],[-86.80049896245868,36.218999591807524],[-86.79839187203939,36.2184989790577],[-86.79839187203939,36.2184989790577]]]},"properties":{"h3":"89264d1347bffff","count":3,"c3":0,"c6":0,"c12":0,"c24":3,"score":1.3,"risk":1,"peakDay":"Wednesday","peakTime":"evening","hood":"","bk12":{"morning":0,"afternoon":0,"evening":0,"night":0},"bk24":{"morning":0,"afternoon":1,"evening":2,"night":0},"recent":[{"d":"2025-08-20","day":"Wed","time":"12:00","desc":"VEHICLE THEFT","res":"unsolved"},{"d":"2025-07-26","day":"Sat","time":"18:00","desc":"BURGLARY- MOTOR VEHICLE","res":"unsolved"},{"d":"2025-07-02","day":"Wed","time":"21:00","desc":"LARC - PARTS FROM VEH","res":"unsolved"}]}},{"type":"Feature","geometry":{"type":"Polygon","coordinates":[[[-86.68978918124569,36.247453001157105],[-86.68832921073904,36.24871637962909],[-86.68897404216338,36.25048223246013],[-86.69107892351494,36.25098472550907],[-86.69253893314315,36.24972133073355],[-86.69189402229904,36.247955459213095],[-86.68978918124569,36.247453001157105],[-86.68978918124569,36.247453001157105]]]},"properties":{"h3":"89264d88813ffff","count":2,"c3":0,"c6":0,"c12":0,"c24":2,"score":0.9,"risk":1,"peakDay":"Thursday","peakTime":"afternoon","hood":"","bk12":{"morning":0,"afternoon":0,"evening":0,"night":0},"bk24":{"morning":0,"afternoon":1,"evening":1,"night":0},"recent":[{"d":"2025-08-31","day":"Sun","time":"21:00","desc":"BURGLARY- MOTOR VEHICLE","res":"unsolved"},{"d":"2025-07-03","day":"Thu","time":"13:00","desc":"BURGLARY- MOTOR VEHICLE","res":"unsolved"}]}},{"type":"Feature","geometry":{"type":"Polygon","coordinates":[[[-86.93975518368413,36.079305464028266],[-86.93829695932929,36.08057603247393],[-86.93894663392447,36.08234406472817],[-86.94105461199354,36.082841546823545],[-86.94251287474286,36.0815709617443],[-86.94186312102948,36.079802911203764],[-86.93975518368413,36.079305464028266],[-86.93975518368413,36.079305464028266]]]},"properties":{"h3":"89264d1832fffff","count":18,"c3":0,"c6":0,"c12":4,"c24":18,"score":8.6,"risk":9,"peakDay":"Sunday","peakTime":"evening","hood":"","bk12":{"morning":0,"afternoon":3,"evening":0,"night":1},"bk24":{"morning":0,"afternoon":3,"evening":13,"night":2},"recent":[{"d":"2026-01-18","day":"Sun","time":"12:30","desc":"BURGLARY- MOTOR VEHICLE","res":"unsolved"},{"d":"2026-01-11","day":"Sun","time":"23:00","desc":"BURGLARY- MOTOR VEHICLE","res":"unsolved"},{"d":"2025-10-17","day":"Fri","time":"16:00","desc":"BURGLARY- MOTOR VEHICLE","res":"unsolved"},{"d":"2025-10-17","day":"Fri","time":"16:00","desc":"BURGLARY- MOTOR VEHICLE","res":"unsolved"},{"d":"2025-10-04","day":"Sat","time":"17:00","desc":"BURGLARY - MOTOR VEHICLE","res":"unsolved"},{"d":"2025-10-04","day":"Sat","time":"17:00","desc":"BURGLARY - MOTOR VEHICLE","res":"unsolved"},{"d":"2025-10-04","day":"Sat","time":"17:00","desc":"BURGLARY - MOTOR VEHICLE","res":"unsolved"},{"d":"2025-10-04","day":"Sat","time":"17:00","desc":"BURGLARY - MOTOR VEHICLE","res":"unsolved"},{"d":"2025-10-04","day":"Sat","time":"17:00","desc":"BURGLARY - MOTOR VEHICLE","res":"unsolved"},{"d":"2025-08-09","day":"Sat","time":"21:00","desc":"BURGLARY- MOTOR VEHICLE","res":"unsolved"}]}},{"type":"Feature","geometry":{"type":"Polygon","coordinates":[[[-86.60963033994061,36.058961095844985],[-86.60817323416325,36.06022586020737],[-86.60881500327852,36.06199286795248],[-86.61091395731539,36.06249513017437],[-86.61237110226301,36.06123034942462],[-86.6117292540043,36.05946332284083],[-86.60963033994061,36.058961095844985],[-86.60963033994061,36.058961095844985]]]},"properties":{"h3":"89264d144b7ffff","count":3,"c3":0,"c6":0,"c12":0,"c24":3,"score":1.3,"risk":1,"peakDay":"Thursday","peakTime":"night","hood":"","bk12":{"morning":0,"afternoon":0,"evening":0,"night":0},"bk24":{"morning":0,"afternoon":1,"evening":0,"night":2},"recent":[{"d":"2025-08-28","day":"Thu","time":"12:00","desc":"VEHICLE THEFT","res":"unsolved"},{"d":"2025-07-14","day":"Mon","time":"01:30","desc":"VEHICLE THEFT","res":"unsolved"},{"d":"2025-07-03","day":"Thu","time":"23:00","desc":"BURGLARY- MOTOR VEHICLE","res":"unsolved"}]}},{"type":"Feature","geometry":{"type":"Polygon","coordinates":[[[-86.64030616327456,36.069523923376934],[-86.63884882790273,36.070789096285004],[-86.63949138584962,36.072556136534665],[-86.64159135832419,36.07305802266355],[-86.64304873280129,36.07179283335188],[-86.64240609569936,36.070025774315404],[-86.64030616327456,36.069523923376934],[-86.64030616327456,36.069523923376934]]]},"properties":{"h3":"89264d1713bffff","count":15,"c3":0,"c6":0,"c12":2,"c24":15,"score":7.2,"risk":7,"peakDay":"Wednesday","peakTime":"night","hood":"","bk12":{"morning":0,"afternoon":0,"evening":1,"night":1},"bk24":{"morning":3,"afternoon":3,"evening":4,"night":5},"recent":[{"d":"2026-02-23","day":"Mon","time":"23:20","desc":"BURGLARY- MOTOR VEHICLE","res":"unsolved"},{"d":"2026-02-18","day":"Wed","time":"21:08","desc":"BURGLARY- MOTOR VEHICLE","res":"unsolved"},{"d":"2025-10-01","day":"Wed","time":"19:00","desc":"BURGLARY- MOTOR VEHICLE","res":"unsolved"},{"d":"2025-10-01","day":"Wed","time":"06:50","desc":"BURGLARY - MOTOR VEHICLE","res":"unsolved"},{"d":"2025-09-20","day":"Sat","time":"20:00","desc":"VEHICLE THEFT","res":"unsolved"},{"d":"2025-09-16","day":"Tue","time":"23:30","desc":"VEHICLE THEFT","res":"unsolved"},{"d":"2025-09-15","day":"Mon","time":"05:55","desc":"BURGLARY- MOTOR VEHICLE","res":"unsolved"},{"d":"2025-09-15","day":"Mon","time":"05:55","desc":"BURGLARY- MOTOR VEHICLE","res":"unsolved"},{"d":"2025-09-07","day":"Sun","time":"00:00","desc":"BURGLARY- MOTOR VEHICLE","res":"unsolved"},{"d":"2025-08-27","day":"Wed","time":"16:00","desc":"BURGLARY- MOTOR VEHICLE","res":"unsolved"}]}},{"type":"Feature","geometry":{"type":"Polygon","coordinates":[[[-86.72869761972204,36.227715196708814],[-86.72723782779832,36.228979598745674],[-86.72788345458022,36.230745744053934],[-86.72998895266979,36.23124750595218],[-86.7314487836069,36.22998308756522],[-86.73080307744182,36.22821692363059],[-86.72869761972204,36.227715196708814],[-86.72869761972204,36.227715196708814]]]},"properties":{"h3":"89264d124dbffff","count":3,"c3":0,"c6":0,"c12":1,"c24":3,"score":1.5,"risk":1,"peakDay":"Sunday","peakTime":"morning","hood":"","bk12":{"morning":1,"afternoon":0,"evening":0,"night":0},"bk24":{"morning":2,"afternoon":0,"evening":1,"night":0},"recent":[{"d":"2025-12-18","day":"Thu","time":"09:00","desc":"BURGLARY- MOTOR VEHICLE","res":"unsolved"},{"d":"2025-09-01","day":"Mon","time":"19:00","desc":"LARC - PARTS FROM VEH","res":"unsolved"},{"d":"2025-07-06","day":"Sun","time":"11:30","desc":"BURGLARY- MOTOR VEHICLE","res":"unsolved"}]}},{"type":"Feature","geometry":{"type":"Polygon","coordinates":[[[-86.66924832743031,36.14903041514054],[-86.66778979780445,36.15029491546722],[-86.66843353180367,36.152061454721355],[-86.6705358747017,36.152563512381484],[-86.67199444342386,36.15129899569062],[-86.6713506301525,36.1495324377043],[-86.66924832743031,36.14903041514054],[-86.66924832743031,36.14903041514054]]]},"properties":{"h3":"89264d12d03ffff","count":57,"c3":0,"c6":0,"c12":7,"c24":57,"score":27.5,"risk":28,"peakDay":"Friday","peakTime":"night","hood":"","bk12":{"morning":0,"afternoon":0,"evening":5,"night":2},"bk24":{"morning":3,"afternoon":5,"evening":16,"night":33},"sv12":2,"recent":[{"d":"2026-02-13","day":"Fri","time":"00:00","desc":"BURGLARY- MOTOR VEHICLE","res":"unsolved"},{"d":"2026-01-17","day":"Sat","time":"17:45","desc":"VEHICLE THEFT","res":"unsolved"},{"d":"2026-01-01","day":"Thu","time":"22:00","desc":"VEHICLE THEFT","res":"unsolved"},{"d":"2025-11-21","day":"Fri","time":"21:15","desc":"BURGLARY- MOTOR VEHICLE","res":"unsolved"},{"d":"2025-10-16","day":"Thu","time":"18:00","desc":"BURGLARY- MOTOR VEHICLE","res":"unsolved"},{"d":"2025-10-11","day":"Sat","time":"18:00","desc":"BURGLARY- MOTOR VEHICLE","res":"unsolved"},{"d":"2025-10-11","day":"Sat","time":"18:00","desc":"BURGLARY- MOTOR VEHICLE","res":"unsolved"},{"d":"2025-10-05","day":"Sun","time":"12:00","desc":"BURGLARY- MOTOR VEHICLE","res":"unsolved"},{"d":"2025-10-04","day":"Sat","time":"20:00","desc":"BURGLARY- MOTOR VEHICLE","res":"unsolved"},{"d":"2025-10-03","day":"Fri","time":"22:00","desc":"BURGLARY- MOTOR VEHICLE","res":"unsolved"}]}},{"type":"Feature","geometry":{"type":"Polygon","coordinates":[[[-86.6399489897828,36.15815621028063],[-86.63849040831977,36.15942002801287],[-86.63913350765519,36.16118639098527],[-86.641235267745,36.161688955006106],[-86.64269388838112,36.160425120940374],[-86.64205070975511,36.15865873918779],[-86.6399489897828,36.15815621028063],[-86.6399489897828,36.15815621028063]]]},"properties":{"h3":"89264d8de8fffff","count":2,"c3":0,"c6":0,"c12":0,"c24":2,"score":0.9,"risk":1,"peakDay":"Tuesday","peakTime":"evening","hood":"","bk12":{"morning":0,"afternoon":0,"evening":0,"night":0},"bk24":{"morning":0,"afternoon":0,"evening":2,"night":0},"recent":[{"d":"2025-09-08","day":"Mon","time":"21:00","desc":"BURGLARY- MOTOR VEHICLE","res":"unsolved"},{"d":"2025-07-08","day":"Tue","time":"19:00","desc":"BURGLARY- MOTOR VEHICLE","res":"unsolved"}]}},{"type":"Feature","geometry":{"type":"Polygon","coordinates":[[[-86.69009351267698,36.25880878616515],[-86.68863338106848,36.26007199646104],[-86.68927829048425,36.2618377619602],[-86.69138341094643,36.262340335851796],[-86.6928435816843,36.26107710926094],[-86.69219859283137,36.25931132507393],[-86.69009351267698,36.25880878616515],[-86.69009351267698,36.25880878616515]]]},"properties":{"h3":"89264d88c63ffff","count":4,"c3":0,"c6":0,"c12":0,"c24":4,"score":1.7,"risk":2,"peakDay":"Wednesday","peakTime":"afternoon","hood":"","bk12":{"morning":0,"afternoon":0,"evening":0,"night":0},"bk24":{"morning":1,"afternoon":2,"evening":1,"night":0},"recent":[{"d":"2025-08-13","day":"Wed","time":"11:00","desc":"VEHICLE THEFT","res":"unsolved"},{"d":"2025-08-01","day":"Fri","time":"16:00","desc":"BURGLARY- MOTOR VEHICLE","res":"unsolved"},{"d":"2025-07-14","day":"Mon","time":"20:00","desc":"VEHICLE THEFT","res":"unsolved"},{"d":"2025-07-09","day":"Wed","time":"14:00","desc":"LARC - PARTS FROM VEH","res":"unsolved"}]}},{"type":"Feature","geometry":{"type":"Polygon","coordinates":[[[-86.80994104461402,36.15026652685492],[-86.80848213914159,36.151533615752804],[-86.80912919895117,36.15330064849864],[-86.81123524348463,36.15380061084468],[-86.81269418771717,36.1525335054714],[-86.81204704865698,36.150766454227984],[-86.80994104461402,36.15026652685492],[-86.80994104461402,36.15026652685492]]]},"properties":{"h3":"89264d11567ffff","count":1,"c3":0,"c6":0,"c12":0,"c24":1,"score":0.4,"risk":0,"peakDay":"Wednesday","peakTime":"evening","hood":"","bk12":{"morning":0,"afternoon":0,"evening":0,"night":0},"bk24":{"morning":0,"afternoon":0,"evening":1,"night":0},"recent":[{"d":"2025-07-09","day":"Wed","time":"18:22","desc":"BURGLARY - MOTOR VEHICLE","res":"closed"}]}},{"type":"Feature","geometry":{"type":"Polygon","coordinates":[[[-86.64956516323437,36.04753191940899],[-86.64810811249629,36.04879759773687],[-86.64875075250895,36.05056483829081],[-86.65085052238048,36.05106641929043],[-86.65230761218524,36.049800724534116],[-86.65166489305253,36.048033465207105],[-86.64956516323437,36.04753191940899],[-86.64956516323437,36.04753191940899]]]},"properties":{"h3":"89264d14677ffff","count":18,"c3":0,"c6":0,"c12":10,"c24":18,"score":9.7,"risk":10,"peakDay":"Monday","peakTime":"evening","hood":"","bk12":{"morning":3,"afternoon":2,"evening":4,"night":1},"bk24":{"morning":5,"afternoon":3,"evening":8,"night":2},"sv12":4,"recent":[{"d":"2026-02-23","day":"Mon","time":"16:34","desc":"VEHICLE THEFT","res":"unsolved"},{"d":"2026-02-23","day":"Mon","time":"16:34","desc":"VEHICLE THEFT","res":"unsolved"},{"d":"2026-02-07","day":"Sat","time":"05:16","desc":"VEHICLE THEFT","res":"unsolved"},{"d":"2026-01-27","day":"Tue","time":"08:00","desc":"BURGLARY- MOTOR VEHICLE","res":"unsolved"},{"d":"2026-01-18","day":"Sun","time":"21:00","desc":"BURGLARY- MOTOR VEHICLE","res":"unsolved"},{"d":"2026-01-10","day":"Sat","time":"18:30","desc":"BURGLARY- MOTOR VEHICLE","res":"unsolved"},{"d":"2026-01-10","day":"Sat","time":"17:45","desc":"BURGLARY- MOTOR VEHICLE","res":"unsolved"},{"d":"2025-12-30","day":"Tue","time":"09:00","desc":"BURGLARY - MOTOR VEHICLE","res":"unsolved"},{"d":"2025-12-15","day":"Mon","time":"19:54","desc":"VEHICLE THEFT","res":"unsolved"},{"d":"2025-12-15","day":"Mon","time":"00:15","desc":"BURGLARY- MOTOR VEHICLE","res":"unsolved"}]}},{"type":"Feature","geometry":{"type":"Polygon","coordinates":[[[-86.71879964679134,36.12697649628252],[-86.71734129947141,36.12824225110347],[-86.71798606516212,36.13000913809353],[-86.72008925740404,36.13051028891457],[-86.7215476436852,36.12924451767253],[-86.72090279876403,36.127477612031015],[-86.71879964679134,36.12697649628252],[-86.71879964679134,36.12697649628252]]]},"properties":{"h3":"89264d10c93ffff","count":8,"c3":0,"c6":0,"c12":0,"c24":8,"score":3.5,"risk":4,"peakDay":"Sunday","peakTime":"evening","hood":"","bk12":{"morning":0,"afternoon":0,"evening":0,"night":0},"bk24":{"morning":1,"afternoon":2,"evening":3,"night":2},"recent":[{"d":"2025-09-14","day":"Sun","time":"05:00","desc":"BURGLARY- MOTOR VEHICLE","res":"unsolved"},{"d":"2025-08-31","day":"Sun","time":"03:30","desc":"BURGLARY - MOTOR VEHICLE","res":"unsolved"},{"d":"2025-08-27","day":"Wed","time":"15:45","desc":"VEHICLE THEFT","res":"unsolved"},{"d":"2025-08-24","day":"Sun","time":"02:55","desc":"BURGLARY- MOTOR VEHICLE","res":"unsolved"},{"d":"2025-08-11","day":"Mon","time":"17:30","desc":"THEFT OF VEHICLE-2,500 OR > BUT<$10,000","res":"unsolved"},{"d":"2025-08-04","day":"Mon","time":"21:00","desc":"BURGLARY- MOTOR VEHICLE","res":"unsolved"},{"d":"2025-07-11","day":"Fri","time":"19:00","desc":"BURGLARY- MOTOR VEHICLE","res":"unsolved"},{"d":"2025-03-01","day":"Sat","time":"16:53","desc":"VEHICLE THEFT","res":"unsolved"}]}},{"type":"Feature","geometry":{"type":"Polygon","coordinates":[[[-86.62823129461522,36.18921434085404],[-86.626772306352,36.19047746727202],[-86.62741532203506,36.19224354884989],[-86.62951740532209,36.19274652280725],[-86.63097643280985,36.191483380089565],[-86.63033333778682,36.189717279714685],[-86.62823129461522,36.18921434085404],[-86.62823129461522,36.18921434085404]]]},"properties":{"h3":"89264d8d523ffff","count":10,"c3":0,"c6":0,"c12":2,"c24":10,"score":4.7,"risk":5,"peakDay":"Sunday","peakTime":"night","hood":"","bk12":{"morning":0,"afternoon":2,"evening":0,"night":0},"bk24":{"morning":0,"afternoon":4,"evening":2,"night":4},"sv12":1,"recent":[{"d":"2025-11-06","day":"Thu","time":"16:30","desc":"BURGLARY - MOTOR VEHICLE","res":"unsolved"},{"d":"2025-11-05","day":"Wed","time":"15:46","desc":"THEFT OF VEHICLE-2,500 OR > BUT<$10,000","res":"unsolved"},{"d":"2025-10-03","day":"Fri","time":"04:38","desc":"BURGLARY- MOTOR VEHICLE","res":"unsolved"},{"d":"2025-09-08","day":"Mon","time":"00:00","desc":"VEHICLE THEFT","res":"unsolved"},{"d":"2025-09-07","day":"Sun","time":"01:00","desc":"BURGLARY- MOTOR VEHICLE","res":"unsolved"},{"d":"2025-09-03","day":"Wed","time":"18:00","desc":"VEHICLE THEFT","res":"unsolved"},{"d":"2025-08-10","day":"Sun","time":"13:30","desc":"LARC - PARTS FROM VEH","res":"unsolved"},{"d":"2025-07-21","day":"Mon","time":"12:18","desc":"LARC - PARTS FROM VEH","res":"unsolved"},{"d":"2025-07-20","day":"Sun","time":"21:10","desc":"VEHICLE THEFT","res":"unsolved"},{"d":"2025-07-12","day":"Sat","time":"01:00","desc":"BURGLARY- MOTOR VEHICLE","res":"unsolved"}]}},{"type":"Feature","geometry":{"type":"Polygon","coordinates":[[[-86.92030754902798,36.08924555887772],[-86.91884923162564,36.090515617101595],[-86.91949851050438,36.09228350564228],[-86.92160618592338,36.09278135427767],[-86.92306454177451,36.091511279443324],[-86.92241518375867,36.089743372584564],[-86.92030754902798,36.08924555887772],[-86.92030754902798,36.08924555887772]]]},"properties":{"h3":"89264d18177ffff","count":2,"c3":0,"c6":0,"c12":0,"c24":2,"score":0.9,"risk":1,"peakDay":"Saturday","peakTime":"night","hood":"","bk12":{"morning":0,"afternoon":0,"evening":0,"night":0},"bk24":{"morning":0,"afternoon":0,"evening":0,"night":2},"recent":[{"d":"2025-10-02","day":"Thu","time":"02:00","desc":"VEHICLE THEFT","res":"unsolved"},{"d":"2025-07-12","day":"Sat","time":"03:00","desc":"BURGLARY- MOTOR VEHICLE","res":"unsolved"}]}},{"type":"Feature","geometry":{"type":"Polygon","coordinates":[[[-86.68938729871739,36.198991805437544],[-86.68792801287923,36.20025591723736],[-86.68857253288532,36.2020221444263],[-86.69067641807581,36.20252427851031],[-86.69213574299985,36.201260150369365],[-86.69149114364828,36.199493904486026],[-86.68938729871739,36.198991805437544],[-86.68938729871739,36.198991805437544]]]},"properties":{"h3":"89264d125a7ffff","count":16,"c3":0,"c6":0,"c12":5,"c24":16,"score":8.1,"risk":8,"peakDay":"Saturday","peakTime":"evening","hood":"","bk12":{"morning":2,"afternoon":1,"evening":2,"night":0},"bk24":{"morning":4,"afternoon":5,"evening":7,"night":0},"sv12":2,"recent":[{"d":"2026-02-10","day":"Tue","time":"17:00","desc":"BURGLARY- MOTOR VEHICLE","res":"unsolved"},{"d":"2026-01-03","day":"Sat","time":"11:30","desc":"VEHICLE THEFT","res":"unsolved"},{"d":"2026-01-03","day":"Sat","time":"11:30","desc":"VEHICLE THEFT","res":"unsolved"},{"d":"2025-12-21","day":"Sun","time":"19:28","desc":"BURGLARY- MOTOR VEHICLE","res":"unsolved"},{"d":"2025-10-11","day":"Sat","time":"12:26","desc":"LARC - PARTS FROM VEH","res":"unsolved"},{"d":"2025-10-01","day":"Wed","time":"16:50","desc":"LARC - PARTS FROM VEH","res":"unsolved"},{"d":"2025-09-29","day":"Mon","time":"19:56","desc":"VEHICLE THEFT","res":"unsolved"},{"d":"2025-09-29","day":"Mon","time":"19:56","desc":"BURGLARY- MOTOR VEHICLE","res":"unsolved"},{"d":"2025-09-29","day":"Mon","time":"19:56","desc":"BURGLARY- MOTOR VEHICLE","res":"unsolved"},{"d":"2025-09-23","day":"Tue","time":"15:16","desc":"BURGLARY- MOTOR VEHICLE","res":"unsolved"}]}},{"type":"Feature","geometry":{"type":"Polygon","coordinates":[[[-86.62897136431353,36.14908025594155],[-86.62751293959109,36.15034400834399],[-86.62815572351704,36.15211040095649],[-86.6302570114446,36.15261305996623],[-86.63171547535943,36.15134929123195],[-86.63107261215511,36.14958287982026],[-86.62897136431353,36.14908025594155],[-86.62897136431353,36.14908025594155]]]},"properties":{"h3":"89264d8d8d3ffff","count":14,"c3":0,"c6":0,"c12":0,"c24":14,"score":6.1,"risk":6,"peakDay":"Saturday","peakTime":"night","hood":"","bk12":{"morning":0,"afternoon":0,"evening":0,"night":0},"bk24":{"morning":0,"afternoon":3,"evening":3,"night":8},"recent":[{"d":"2025-09-08","day":"Mon","time":"19:30","desc":"BURGLARY - MOTOR VEHICLE","res":"unsolved"},{"d":"2025-08-24","day":"Sun","time":"19:00","desc":"VEHICLE THEFT","res":"unsolved"},{"d":"2025-07-30","day":"Wed","time":"19:47","desc":"VEHICLE THEFT","res":"unsolved"},{"d":"2025-07-24","day":"Thu","time":"16:00","desc":"BURGLARY- MOTOR VEHICLE","res":"unsolved"},{"d":"2025-07-24","day":"Thu","time":"16:00","desc":"BURGLARY- MOTOR VEHICLE","res":"unsolved"},{"d":"2025-07-24","day":"Thu","time":"00:01","desc":"BURGLARY- MOTOR VEHICLE","res":"unsolved"},{"d":"2025-07-19","day":"Sat","time":"02:30","desc":"BURGLARY- MOTOR VEHICLE","res":"unsolved"},{"d":"2025-07-19","day":"Sat","time":"02:30","desc":"BURGLARY- MOTOR VEHICLE","res":"unsolved"},{"d":"2025-07-19","day":"Sat","time":"02:30","desc":"BURGLARY- MOTOR VEHICLE","res":"unsolved"},{"d":"2025-07-19","day":"Sat","time":"02:00","desc":"BURGLARY- MOTOR VEHICLE","res":"unsolved"}]}},{"type":"Feature","geometry":{"type":"Polygon","coordinates":[[[-86.78977684555642,36.037343703356335],[-86.78831957765557,36.03861213343032],[-86.78896545862435,36.04037995767067],[-86.7910686865766,36.04087937037758],[-86.79252599320165,36.03961092375542],[-86.79188003315106,36.03784308097501],[-86.78977684555642,36.037343703356335],[-86.78977684555642,36.037343703356335]]]},"properties":{"h3":"89264d0223bffff","count":3,"c3":0,"c6":0,"c12":2,"c24":3,"score":1.6,"risk":2,"peakDay":"Tuesday","peakTime":"evening","hood":"","bk12":{"morning":0,"afternoon":0,"evening":2,"night":0},"bk24":{"morning":0,"afternoon":1,"evening":2,"night":0},"recent":[{"d":"2026-01-13","day":"Tue","time":"20:45","desc":"BURGLARY- MOTOR VEHICLE","res":"unsolved"},{"d":"2026-01-13","day":"Tue","time":"20:30","desc":"BURGLARY- MOTOR VEHICLE","res":"unsolved"},{"d":"2025-07-12","day":"Sat","time":"16:07","desc":"BURGLARY - MOTOR VEHICLE","res":"unsolved"}]}},{"type":"Feature","geometry":{"type":"Polygon","coordinates":[[[-86.76091091795485,36.25795841855016],[-86.75945061746934,36.25922295535796],[-86.76009719338971,36.260988979466845],[-86.76220414922052,36.26149048533842],[-86.76366448866483,36.260225932178365],[-86.76301783332032,36.25845988949946],[-86.76091091795485,36.25795841855016],[-86.76091091795485,36.25795841855016]]]},"properties":{"h3":"89264d898d7ffff","count":8,"c3":0,"c6":0,"c12":2,"c24":8,"score":3.9,"risk":4,"peakDay":"Monday","peakTime":"evening","hood":"","bk12":{"morning":0,"afternoon":0,"evening":2,"night":0},"bk24":{"morning":0,"afternoon":2,"evening":4,"night":2},"recent":[{"d":"2025-11-17","day":"Mon","time":"18:00","desc":"BURGLARY- MOTOR VEHICLE","res":"unsolved"},{"d":"2025-11-17","day":"Mon","time":"18:00","desc":"BURGLARY- MOTOR VEHICLE","res":"unsolved"},{"d":"2025-10-01","day":"Wed","time":"16:45","desc":"BURGLARY- MOTOR VEHICLE","res":"unsolved"},{"d":"2025-09-30","day":"Tue","time":"17:30","desc":"VEHICLE THEFT","res":"unsolved"},{"d":"2025-09-15","day":"Mon","time":"04:00","desc":"VEHICLE THEFT","res":"unsolved"},{"d":"2025-09-15","day":"Mon","time":"02:00","desc":"VEHICLE THEFT","res":"unsolved"},{"d":"2025-07-22","day":"Tue","time":"15:00","desc":"LARC - PARTS FROM VEH","res":"unsolved"},{"d":"2025-07-12","day":"Sat","time":"18:00","desc":"LARC - PARTS FROM VEH","res":"unsolved"}]}},{"type":"Feature","geometry":{"type":"Polygon","coordinates":[[[-86.61065322035527,36.16727163610367],[-86.60919458784119,36.16853477117579],[-86.60983705232636,36.170300957465365],[-86.61193822863531,36.17080402751143],[-86.6133969003992,36.16954087613652],[-86.61275435660511,36.16777467101881],[-86.61065322035527,36.16727163610367],[-86.61065322035527,36.16727163610367]]]},"properties":{"h3":"89264d8dc97ffff","count":23,"c3":0,"c6":0,"c12":13,"c24":23,"score":11.7,"risk":12,"peakDay":"Saturday","peakTime":"evening","hood":"","bk12":{"morning":1,"afternoon":5,"evening":4,"night":3},"bk24":{"morning":1,"afternoon":6,"evening":9,"night":7},"sv12":4,"recent":[{"d":"2026-03-02","day":"Mon","time":"14:00","desc":"VEHICLE THEFT","res":"unsolved"},{"d":"2026-02-14","day":"Sat","time":"00:00","desc":"VEHICLE THEFT","res":"unsolved"},{"d":"2026-02-05","day":"Thu","time":"19:00","desc":"VEHICLE THEFT","res":"unsolved"},{"d":"2026-02-05","day":"Thu","time":"19:00","desc":"BURGLARY- MOTOR VEHICLE","res":"unsolved"},{"d":"2025-12-28","day":"Sun","time":"06:20","desc":"BURGLARY- MOTOR VEHICLE","res":"unsolved"},{"d":"2025-12-27","day":"Sat","time":"18:00","desc":"BURGLARY- MOTOR VEHICLE","res":"unsolved"},{"d":"2025-12-27","day":"Sat","time":"18:00","desc":"BURGLARY- MOTOR VEHICLE","res":"unsolved"},{"d":"2025-11-03","day":"Mon","time":"01:00","desc":"BURGLARY- MOTOR VEHICLE","res":"unsolved"},{"d":"2025-10-12","day":"Sun","time":"00:00","desc":"VEHICLE THEFT","res":"unsolved"},{"d":"2025-10-11","day":"Sat","time":"16:00","desc":"BURGLARY- MOTOR VEHICLE","res":"unsolved"}]}},{"type":"Feature","geometry":{"type":"Polygon","coordinates":[[[-86.8191871591528,36.12825731495777],[-86.81772854037327,36.129524909888794],[-86.81837568075947,36.13129214464609],[-86.82048151914137,36.131791802956776],[-86.82194017664233,36.13052419152575],[-86.82129295704077,36.12875693828453],[-86.8191871591528,36.12825731495777],[-86.8191871591528,36.12825731495777]]]},"properties":{"h3":"89264d1116fffff","count":4,"c3":0,"c6":0,"c12":0,"c24":4,"score":1.8,"risk":2,"peakDay":"Saturday","peakTime":"evening","hood":"","bk12":{"morning":0,"afternoon":0,"evening":0,"night":0},"bk24":{"morning":0,"afternoon":0,"evening":3,"night":1},"recent":[{"d":"2025-08-19","day":"Tue","time":"17:00","desc":"BURGLARY- MOTOR VEHICLE","res":"unsolved"},{"d":"2025-08-06","day":"Wed","time":"21:00","desc":"BURGLARY- MOTOR VEHICLE","res":"unsolved"},{"d":"2025-08-02","day":"Sat","time":"19:00","desc":"BURGLARY- MOTOR VEHICLE","res":"unsolved"},{"d":"2025-07-12","day":"Sat","time":"22:00","desc":"BURGLARY- MOTOR VEHICLE","res":"unsolved"}]}},{"type":"Feature","geometry":{"type":"Polygon","coordinates":[[[-86.63082337052526,36.11726701356214],[-86.62936538875493,36.11853128483427],[-86.63000801899918,36.120297927408984],[-86.63210871024394,36.12080031751082],[-86.63356673117818,36.119536029880344],[-86.63292402170455,36.117769368506856],[-86.63082337052526,36.11726701356214],[-86.63082337052526,36.11726701356214]]]},"properties":{"h3":"89264d8db03ffff","count":11,"c3":0,"c6":0,"c12":1,"c24":11,"score":4.9,"risk":5,"peakDay":"Monday","peakTime":"night","hood":"","bk12":{"morning":0,"afternoon":0,"evening":1,"night":0},"bk24":{"morning":2,"afternoon":1,"evening":1,"night":7},"sv12":1,"recent":[{"d":"2026-01-01","day":"Thu","time":"17:43","desc":"VEHICLE THEFT","res":"unsolved"},{"d":"2025-08-24","day":"Sun","time":"08:30","desc":"BURGLARY - MOTOR VEHICLE","res":"unsolved"},{"d":"2025-07-21","day":"Mon","time":"03:40","desc":"BURGLARY- MOTOR VEHICLE","res":"unsolved"},{"d":"2025-07-14","day":"Mon","time":"07:00","desc":"VEHICLE THEFT","res":"unsolved"},{"d":"2025-07-14","day":"Mon","time":"01:15","desc":"BURGLARY- MOTOR VEHICLE","res":"unsolved"},{"d":"2025-07-14","day":"Mon","time":"01:00","desc":"BURGLARY - MOTOR VEHICLE","res":"unsolved"},{"d":"2025-07-14","day":"Mon","time":"01:00","desc":"BURGLARY - MOTOR VEHICLE","res":"unsolved"},{"d":"2025-07-14","day":"Mon","time":"00:45","desc":"BURGLARY - MOTOR VEHICLE","res":"unsolved"},{"d":"2025-07-13","day":"Sun","time":"23:00","desc":"BURGLARY - MOTOR VEHICLE","res":"unsolved"},{"d":"2025-07-13","day":"Sun","time":"14:15","desc":"BURGLARY- MOTOR VEHICLE","res":"unsolved"}]}},{"type":"Feature","geometry":{"type":"Polygon","coordinates":[[[-86.80785981744283,36.107817573903084],[-86.80640151429859,36.10908526977029],[-86.80704826022168,36.11085262128385],[-86.80915338847596,36.111352295435154],[-86.81061173035363,36.1100845830609],[-86.8099649052444,36.10831721304287],[-86.80785981744283,36.107817573903084],[-86.80785981744283,36.107817573903084]]]},"properties":{"h3":"89264d118cbffff","count":7,"c3":0,"c6":0,"c12":2,"c24":7,"score":3.4,"risk":3,"peakDay":"Sunday","peakTime":"evening","hood":"","bk12":{"morning":0,"afternoon":0,"evening":2,"night":0},"bk24":{"morning":1,"afternoon":1,"evening":5,"night":0},"sv12":1,"recent":[{"d":"2026-02-14","day":"Sat","time":"20:00","desc":"VEHICLE THEFT","res":"unsolved"},{"d":"2026-01-03","day":"Sat","time":"18:30","desc":"BURGLARY- MOTOR VEHICLE","res":"unsolved"},{"d":"2025-08-08","day":"Fri","time":"07:00","desc":"VEHICLE THEFT","res":"unsolved"},{"d":"2025-07-13","day":"Sun","time":"20:00","desc":"BURGLARY- MOTOR VEHICLE","res":"unsolved"},{"d":"2025-07-13","day":"Sun","time":"20:00","desc":"BURGLARY- MOTOR VEHICLE","res":"unsolved"},{"d":"2025-07-13","day":"Sun","time":"18:00","desc":"BURGLARY- MOTOR VEHICLE","res":"unsolved"},{"d":"2025-07-13","day":"Sun","time":"15:00","desc":"BURGLARY- MOTOR VEHICLE","res":"unsolved"}]}},{"type":"Feature","geometry":{"type":"Polygon","coordinates":[[[-86.7992467743527,36.152567423212865],[-86.79778786316854,36.153834279030484],[-86.79843468521543,36.15560125624826],[-86.80054049770337,36.156101396164146],[-86.80199944767509,36.15483452388143],[-86.80135254637217,36.15306752814841],[-86.7992467743527,36.152567423212865],[-86.7992467743527,36.152567423212865]]]},"properties":{"h3":"89264d11537ffff","count":2,"c3":0,"c6":0,"c12":0,"c24":2,"score":0.9,"risk":1,"peakDay":"Sunday","peakTime":"afternoon","hood":"","bk12":{"morning":0,"afternoon":0,"evening":0,"night":0},"bk24":{"morning":1,"afternoon":1,"evening":0,"night":0},"recent":[{"d":"2025-08-16","day":"Sat","time":"07:04","desc":"BURGLARY- MOTOR VEHICLE","res":"closed"},{"d":"2025-07-13","day":"Sun","time":"16:00","desc":"BURGLARY - MOTOR VEHICLE","res":"closed"}]}},{"type":"Feature","geometry":{"type":"Polygon","coordinates":[[[-86.81107053610079,36.15860167872116],[-86.80961151048834,36.159868661639166],[-86.81025864896375,36.16163563410631],[-86.8123648923156,36.16213564215096],[-86.81382395669168,36.160868642763205],[-86.81317673895309,36.159101651801045],[-86.81107053610079,36.15860167872116],[-86.81107053610079,36.15860167872116]]]},"properties":{"h3":"89264d1150bffff","count":17,"c3":0,"c6":0,"c12":8,"c24":17,"score":9.1,"risk":9,"peakDay":"Saturday","peakTime":"evening","hood":"","bk12":{"morning":0,"afternoon":0,"evening":5,"night":3},"bk24":{"morning":0,"afternoon":0,"evening":9,"night":8},"sv12":2,"recent":[{"d":"2026-03-07","day":"Sat","time":"03:30","desc":"BURGLARY- MOTOR VEHICLE","res":"unsolved"},{"d":"2026-03-07","day":"Sat","time":"03:30","desc":"BURGLARY- MOTOR VEHICLE","res":"unsolved"},{"d":"2026-02-21","day":"Sat","time":"00:00","desc":"VEHICLE THEFT","res":"unsolved"},{"d":"2026-02-18","day":"Wed","time":"21:45","desc":"BURGLARY- MOTOR VEHICLE","res":"unsolved"},{"d":"2026-02-13","day":"Fri","time":"17:30","desc":"BURGLARY- MOTOR VEHICLE","res":"unsolved"},{"d":"2026-02-13","day":"Fri","time":"17:30","desc":"BURGLARY- MOTOR VEHICLE","res":"unsolved"},{"d":"2026-01-08","day":"Thu","time":"19:30","desc":"BURGLARY- MOTOR VEHICLE","res":"unsolved"},{"d":"2025-12-14","day":"Sun","time":"19:00","desc":"VEHICLE THEFT","res":"unsolved"},{"d":"2025-09-11","day":"Thu","time":"21:00","desc":"BURGLARY- MOTOR VEHICLE","res":"unsolved"},{"d":"2025-09-06","day":"Sat","time":"17:30","desc":"BURGLARY- MOTOR VEHICLE","res":"unsolved"}]}},{"type":"Feature","geometry":{"type":"Polygon","coordinates":[[[-86.81773889660452,36.10854809625357],[-86.81628055859461,36.10981596391498],[-86.81692754188379,36.1115833447994],[-86.81903294236919,36.11208287651081],[-86.82049131908927,36.1108149923351],[-86.8198442566146,36.10904759296276],[-86.81773889660452,36.10854809625357],[-86.81773889660452,36.10854809625357]]]},"properties":{"h3":"89264d11e2bffff","count":14,"c3":0,"c6":0,"c12":7,"c24":14,"score":7.2,"risk":7,"peakDay":"Friday","peakTime":"evening","hood":"","bk12":{"morning":0,"afternoon":1,"evening":4,"night":2},"bk24":{"morning":1,"afternoon":3,"evening":7,"night":3},"recent":[{"d":"2026-02-14","day":"Sat","time":"21:30","desc":"BURGLARY- MOTOR VEHICLE","res":"unsolved"},{"d":"2026-01-19","day":"Mon","time":"14:45","desc":"LARC - PARTS FROM VEH","res":"unsolved"},{"d":"2026-01-04","day":"Sun","time":"22:54","desc":"BURGLARY- MOTOR VEHICLE","res":"unsolved"},{"d":"2026-01-04","day":"Sun","time":"22:54","desc":"BURGLARY- MOTOR VEHICLE","res":"unsolved"},{"d":"2025-12-26","day":"Fri","time":"17:50","desc":"BURGLARY- MOTOR VEHICLE","res":"unsolved"},{"d":"2025-12-09","day":"Tue","time":"18:00","desc":"BURGLARY- MOTOR VEHICLE","res":"unsolved"},{"d":"2025-12-05","day":"Fri","time":"19:20","desc":"BURGLARY- MOTOR VEHICLE","res":"unsolved"},{"d":"2025-09-18","day":"Thu","time":"01:51","desc":"BURGLARY- MOTOR VEHICLE","res":"unsolved"},{"d":"2025-08-22","day":"Fri","time":"13:30","desc":"BURGLARY- MOTOR VEHICLE","res":"unsolved"},{"d":"2025-08-01","day":"Fri","time":"20:20","desc":"BURGLARY- MOTOR VEHICLE","res":"unsolved"}]}},{"type":"Feature","geometry":{"type":"Polygon","coordinates":[[[-86.64883364164352,36.087695867052034],[-86.6473760284123,36.088960922059904],[-86.6480189001037,36.09072785551077],[-86.65011946420856,36.091229752725425],[-86.65157711653849,36.08996468132147],[-86.65093416566562,36.08819772909943],[-86.64883364164352,36.087695867052034],[-86.64883364164352,36.087695867052034]]]},"properties":{"h3":"89264d170a7ffff","count":9,"c3":0,"c6":0,"c12":2,"c24":9,"score":4.4,"risk":4,"peakDay":"Tuesday","peakTime":"evening","hood":"","bk12":{"morning":1,"afternoon":0,"evening":1,"night":0},"bk24":{"morning":2,"afternoon":0,"evening":6,"night":1},"recent":[{"d":"2026-02-13","day":"Fri","time":"19:00","desc":"BURGLARY- MOTOR VEHICLE","res":"unsolved"},{"d":"2026-02-02","day":"Mon","time":"08:00","desc":"BURGLARY - MOTOR VEHICLE","res":"unsolved"},{"d":"2025-09-16","day":"Tue","time":"21:00","desc":"LARC - PARTS FROM VEH","res":"unsolved"},{"d":"2025-09-16","day":"Tue","time":"21:00","desc":"LARC - PARTS FROM VEH","res":"unsolved"},{"d":"2025-09-13","day":"Sat","time":"05:43","desc":"VEHICLE THEFT","res":"unsolved"},{"d":"2025-07-25","day":"Fri","time":"22:00","desc":"VEHICLE THEFT","res":"unsolved"},{"d":"2025-07-16","day":"Wed","time":"21:00","desc":"VEHICLE THEFT","res":"unsolved"},{"d":"2025-07-13","day":"Sun","time":"21:30","desc":"BURGLARY- MOTOR VEHICLE","res":"unsolved"},{"d":"2025-06-30","day":"Mon","time":"18:00","desc":"VEHICLE THEFT","res":"unsolved"}]}},{"type":"Feature","geometry":{"type":"Polygon","coordinates":[[[-86.80895226230592,36.17907111405863],[-86.80749295372495,36.18033774590462],[-86.80814017009402,36.18210455276598],[-86.81024677433975,36.182604746278635],[-86.81170612170477,36.181338097980564],[-86.81105882604082,36.179571272622375],[-86.80895226230592,36.17907111405863],[-86.80895226230592,36.17907111405863]]]},"properties":{"h3":"89264d13347ffff","count":17,"c3":0,"c6":0,"c12":4,"c24":17,"score":7.8,"risk":8,"peakDay":"Saturday","peakTime":"night","hood":"","bk12":{"morning":1,"afternoon":1,"evening":0,"night":2},"bk24":{"morning":5,"afternoon":1,"evening":5,"night":6},"recent":[{"d":"2026-03-04","day":"Wed","time":"06:55","desc":"LARC - PARTS FROM VEH","res":"unsolved"},{"d":"2026-01-08","day":"Thu","time":"12:00","desc":"BURGLARY - MOTOR VEHICLE","res":"unsolved"},{"d":"2025-10-21","day":"Tue","time":"00:40","desc":"BURGLARY- MOTOR VEHICLE","res":"unsolved"},{"d":"2025-10-14","day":"Tue","time":"00:30","desc":"BURGLARY - MOTOR VEHICLE","res":"unsolved"},{"d":"2025-07-31","day":"Thu","time":"10:00","desc":"BURGLARY- MOTOR VEHICLE","res":"unsolved"},{"d":"2025-07-21","day":"Mon","time":"07:15","desc":"VEHICLE THEFT","res":"unsolved"},{"d":"2025-07-20","day":"Sun","time":"00:00","desc":"VEHICLE THEFT","res":"unsolved"},{"d":"2025-07-20","day":"Sun","time":"00:00","desc":"VEHICLE THEFT","res":"unsolved"},{"d":"2025-07-19","day":"Sat","time":"21:00","desc":"BURGLARY- MOTOR VEHICLE","res":"unsolved"},{"d":"2025-07-19","day":"Sat","time":"21:00","desc":"BURGLARY- MOTOR VEHICLE","res":"unsolved"}]}},{"type":"Feature","geometry":{"type":"Polygon","coordinates":[[[-86.63044980066444,36.06878129284101],[-86.62899250171998,36.070046294245195],[-86.62963482262984,36.07181330406034],[-86.63173452164023,36.07231533127505],[-86.63319185971284,36.071050313474565],[-86.63254945964765,36.06928328485615],[-86.63044980066444,36.06878129284101],[-86.63044980066444,36.06878129284101]]]},"properties":{"h3":"89264d144dbffff","count":12,"c3":0,"c6":0,"c12":4,"c24":12,"score":5.9,"risk":6,"peakDay":"Wednesday","peakTime":"night","hood":"","bk12":{"morning":0,"afternoon":0,"evening":1,"night":3},"bk24":{"morning":4,"afternoon":2,"evening":1,"night":5},"sv12":2,"recent":[{"d":"2026-01-17","day":"Sat","time":"00:00","desc":"BURGLARY - MOTOR VEHICLE","res":"unsolved"},{"d":"2026-01-17","day":"Sat","time":"00:00","desc":"BURGLARY - MOTOR VEHICLE","res":"unsolved"},{"d":"2026-01-09","day":"Fri","time":"20:00","desc":"VEHICLE THEFT","res":"unsolved"},{"d":"2025-10-17","day":"Fri","time":"00:00","desc":"VEHICLE THEFT","res":"unsolved"},{"d":"2025-10-02","day":"Thu","time":"15:46","desc":"LARC - PARTS FROM VEH","res":"unsolved"},{"d":"2025-09-24","day":"Wed","time":"05:52","desc":"VEHICLE THEFT","res":"unsolved"},{"d":"2025-09-07","day":"Sun","time":"15:00","desc":"VEHICLE THEFT","res":"unsolved"},{"d":"2025-08-20","day":"Wed","time":"06:15","desc":"VEHICLE THEFT","res":"unsolved"},{"d":"2025-08-20","day":"Wed","time":"06:15","desc":"BURGLARY- MOTOR VEHICLE","res":"unsolved"},{"d":"2025-07-31","day":"Thu","time":"04:15","desc":"VEHICLE THEFT","res":"unsolved"}]}},{"type":"Feature","geometry":{"type":"Polygon","coordinates":[[[-86.59932143817778,36.1097283931702],[-86.59786364600974,36.11099219469267],[-86.59850548627841,36.112758779390816],[-86.60060519793844,36.11326158141879],[-86.60206302933962,36.11199776355733],[-86.60142110984842,36.110231160007395],[-86.59932143817778,36.1097283931702],[-86.59932143817778,36.1097283931702]]]},"properties":{"h3":"89264d1645bffff","count":3,"c3":0,"c6":0,"c12":1,"c24":3,"score":1.5,"risk":2,"peakDay":"Monday","peakTime":"morning","hood":"","bk12":{"morning":0,"afternoon":1,"evening":0,"night":0},"bk24":{"morning":2,"afternoon":1,"evening":0,"night":0},"recent":[{"d":"2026-02-05","day":"Thu","time":"14:00","desc":"BURGLARY- MOTOR VEHICLE","res":"unsolved"},{"d":"2025-07-14","day":"Mon","time":"10:30","desc":"BURGLARY- MOTOR VEHICLE","res":"unsolved"},{"d":"2025-07-14","day":"Mon","time":"10:30","desc":"BURGLARY- MOTOR VEHICLE","res":"unsolved"}]}},{"type":"Feature","geometry":{"type":"Polygon","coordinates":[[[-86.69895931421539,36.08836569501139],[-86.69750156101613,36.08963166911224],[-86.69814561887308,36.091398779445626],[-86.70024750910474,36.091899934366275],[-86.70170530128362,36.09063394382977],[-86.701061164252,36.088866814808746],[-86.69895931421539,36.08836569501139],[-86.69895931421539,36.08836569501139]]]},"properties":{"h3":"89264d1725bffff","count":3,"c3":0,"c6":0,"c12":1,"c24":3,"score":1.4,"risk":1,"peakDay":"Monday","peakTime":"morning","hood":"","bk12":{"morning":0,"afternoon":0,"evening":1,"night":0},"bk24":{"morning":1,"afternoon":1,"evening":1,"night":0},"recent":[{"d":"2025-10-09","day":"Thu","time":"21:00","desc":"LARC - PARTS FROM VEH","res":"unsolved"},{"d":"2025-08-29","day":"Fri","time":"15:20","desc":"BURGLARY- MOTOR VEHICLE","res":"unsolved"},{"d":"2025-07-14","day":"Mon","time":"11:20","desc":"LARC - PARTS FROM VEH","res":"unsolved"}]}},{"type":"Feature","geometry":{"type":"Polygon","coordinates":[[[-86.75904877625585,36.02681390968887],[-86.75759173371003,36.02808193036758],[-86.75823682537668,36.029849724286336],[-86.76033903866093,36.03034951611895],[-86.76179611999669,36.02908147890812],[-86.76115094925903,36.02731366639727],[-86.75904877625585,36.02681390968887],[-86.75904877625585,36.02681390968887]]]},"properties":{"h3":"89264d023b7ffff","count":1,"c3":0,"c6":0,"c12":0,"c24":1,"score":0.4,"risk":0,"peakDay":"Monday","peakTime":"evening","hood":"","bk12":{"morning":0,"afternoon":0,"evening":0,"night":0},"bk24":{"morning":0,"afternoon":0,"evening":1,"night":0},"recent":[{"d":"2025-07-14","day":"Mon","time":"17:00","desc":"LARC - PARTS FROM VEH","res":"unsolved"}]}},{"type":"Feature","geometry":{"type":"Polygon","coordinates":[[[-86.88044326866587,36.137931770924986],[-86.87898436322847,36.13920035250941],[-86.87963300760265,36.14096772785885],[-86.88174063663396,36.14146654000523],[-86.88319958065252,36.14019794187991],[-86.88255085705941,36.13843054814959],[-86.88044326866587,36.137931770924986],[-86.88044326866587,36.137931770924986]]]},"properties":{"h3":"89264d1a13bffff","count":15,"c3":0,"c6":0,"c12":4,"c24":15,"score":7.3,"risk":7,"peakDay":"Friday","peakTime":"evening","hood":"","bk12":{"morning":0,"afternoon":1,"evening":0,"night":3},"bk24":{"morning":0,"afternoon":3,"evening":7,"night":5},"sv12":2,"recent":[{"d":"2026-01-22","day":"Thu","time":"23:30","desc":"VEHICLE THEFT","res":"unsolved"},{"d":"2026-01-17","day":"Sat","time":"15:00","desc":"BURGLARY- MOTOR VEHICLE","res":"unsolved"},{"d":"2025-12-12","day":"Fri","time":"22:30","desc":"VEHICLE THEFT","res":"unsolved"},{"d":"2025-10-31","day":"Fri","time":"01:00","desc":"BURGLARY- MOTOR VEHICLE","res":"unsolved"},{"d":"2025-09-15","day":"Mon","time":"18:00","desc":"VEHICLE THEFT","res":"unsolved"},{"d":"2025-09-06","day":"Sat","time":"17:00","desc":"LARC - PARTS FROM VEH","res":"unsolved"},{"d":"2025-09-05","day":"Fri","time":"16:26","desc":"VEHICLE THEFT","res":"unsolved"},{"d":"2025-09-05","day":"Fri","time":"16:26","desc":"BURGLARY - MOTOR VEHICLE","res":"unsolved"},{"d":"2025-09-02","day":"Tue","time":"23:09","desc":"VEHICLE THEFT","res":"unsolved"},{"d":"2025-08-30","day":"Sat","time":"19:30","desc":"VEHICLE THEFT","res":"unsolved"}]}},{"type":"Feature","geometry":{"type":"Polygon","coordinates":[[[-86.76785506823681,36.11929201551335],[-86.76639670413434,36.12055879615334],[-86.76704257863804,36.1223259175888],[-86.7691468964556,36.122826276955045],[-86.77060529939604,36.121559479848784],[-86.76995934568177,36.11979233984303],[-86.76785506823681,36.11929201551335],[-86.76785506823681,36.11929201551335]]]},"properties":{"h3":"89264d1032bffff","count":12,"c3":0,"c6":0,"c12":1,"c24":12,"score":5.4,"risk":5,"peakDay":"Wednesday","peakTime":"morning","hood":"","bk12":{"morning":1,"afternoon":0,"evening":0,"night":0},"bk24":{"morning":7,"afternoon":0,"evening":1,"night":4},"recent":[{"d":"2026-02-13","day":"Fri","time":"11:00","desc":"LARC - PARTS FROM VEH","res":"unsolved"},{"d":"2025-08-15","day":"Fri","time":"00:00","desc":"VEHICLE THEFT","res":"unsolved"},{"d":"2025-07-16","day":"Wed","time":"06:14","desc":"BURGLARY- MOTOR VEHICLE","res":"unsolved"},{"d":"2025-07-16","day":"Wed","time":"06:14","desc":"BURGLARY- MOTOR VEHICLE","res":"unsolved"},{"d":"2025-07-16","day":"Wed","time":"06:14","desc":"BURGLARY- MOTOR VEHICLE","res":"unsolved"},{"d":"2025-07-16","day":"Wed","time":"06:14","desc":"BURGLARY- MOTOR VEHICLE","res":"unsolved"},{"d":"2025-07-16","day":"Wed","time":"06:14","desc":"BURGLARY- MOTOR VEHICLE","res":"unsolved"},{"d":"2025-07-16","day":"Wed","time":"06:14","desc":"BURGLARY- MOTOR VEHICLE","res":"unsolved"},{"d":"2025-07-15","day":"Tue","time":"23:45","desc":"BURGLARY- MOTOR VEHICLE","res":"unsolved"},{"d":"2025-07-15","day":"Tue","time":"23:45","desc":"BURGLARY- MOTOR VEHICLE","res":"unsolved"}]}},{"type":"Feature","geometry":{"type":"Polygon","coordinates":[[[-87.01810269761059,36.088075848967144],[-87.01664416563612,36.089347732070806],[-87.01729573932386,36.09111596671854],[-87.01940592410268,36.09161233641762],[-87.02086449428839,36.090340436625816],[-87.02021284148488,36.088572183823565],[-87.01810269761059,36.088075848967144],[-87.01810269761059,36.088075848967144]]]},"properties":{"h3":"89264d19363ffff","count":1,"c3":0,"c6":0,"c12":0,"c24":1,"score":0.4,"risk":0,"peakDay":"Tuesday","peakTime":"night","hood":"","bk12":{"morning":0,"afternoon":0,"evening":0,"night":0},"bk24":{"morning":0,"afternoon":0,"evening":0,"night":1},"recent":[{"d":"2025-07-15","day":"Tue","time":"00:00","desc":"BURGLARY- MOTOR VEHICLE","res":"unsolved"}]}},{"type":"Feature","geometry":{"type":"Polygon","coordinates":[[[-86.99002582259573,36.07985272788103],[-86.98856747161237,36.081124216971794],[-86.98921833296633,36.082892418568825],[-86.99132762441353,36.08338914927773],[-86.99278601367014,36.082117643514366],[-86.99213507320714,36.08034942371519],[-86.99002582259573,36.07985272788103],[-86.99002582259573,36.07985272788103]]]},"properties":{"h3":"89264d19e17ffff","count":2,"c3":0,"c6":0,"c12":1,"c24":2,"score":1.1,"risk":1,"peakDay":"Tuesday","peakTime":"night","hood":"","bk12":{"morning":1,"afternoon":0,"evening":0,"night":0},"bk24":{"morning":1,"afternoon":0,"evening":0,"night":1},"recent":[{"d":"2026-02-15","day":"Sun","time":"05:00","desc":"BURGLARY- MOTOR VEHICLE","res":"unsolved"},{"d":"2025-07-15","day":"Tue","time":"01:50","desc":"BURGLARY- MOTOR VEHICLE","res":"unsolved"}]}},{"type":"Feature","geometry":{"type":"Polygon","coordinates":[[[-86.74810664708322,36.11782143703928],[-86.7466483537099,36.11908787419348],[-86.74729375347663,36.12085493636946],[-86.74939752582917,36.1213555799951],[-86.75085585808671,36.120089126389225],[-86.7502103791083,36.11832204560987],[-86.74810664708322,36.11782143703928],[-86.74810664708322,36.11782143703928]]]},"properties":{"h3":"89264d10e8bffff","count":5,"c3":0,"c6":0,"c12":3,"c24":5,"score":2.7,"risk":3,"peakDay":"Tuesday","peakTime":"morning","hood":"","bk12":{"morning":1,"afternoon":1,"evening":0,"night":1},"bk24":{"morning":2,"afternoon":1,"evening":0,"night":2},"sv12":2,"recent":[{"d":"2026-02-16","day":"Mon","time":"12:51","desc":"VEHICLE OFFENSE, CRIMINAL ATTEMPT","res":"unsolved"},{"d":"2026-01-06","day":"Tue","time":"08:00","desc":"VEHICLE OFFENSE, CRIMINAL ATTEMPT","res":"unsolved"},{"d":"2025-10-11","day":"Sat","time":"23:00","desc":"BURGLARY- MOTOR VEHICLE","res":"unsolved"},{"d":"2025-09-26","day":"Fri","time":"01:00","desc":"BURGLARY- MOTOR VEHICLE","res":"unsolved"},{"d":"2025-07-15","day":"Tue","time":"08:00","desc":"BURGLARY - MOTOR VEHICLE","res":"unsolved"}]}},{"type":"Feature","geometry":{"type":"Polygon","coordinates":[[[-86.75059280435323,36.208743599553046],[-86.74913322426673,36.21000869736221],[-86.7497792493501,36.21177506783509],[-86.75188493387117,36.212276359090886],[-86.75334455290422,36.21101124489932],[-86.75269844847045,36.20924485583483],[-86.75059280435323,36.208743599553046],[-86.75059280435323,36.208743599553046]]]},"properties":{"h3":"89264d12673ffff","count":5,"c3":0,"c6":0,"c12":2,"c24":5,"score":2.6,"risk":3,"peakDay":"Tuesday","peakTime":"night","hood":"","bk12":{"morning":0,"afternoon":0,"evening":0,"night":2},"bk24":{"morning":1,"afternoon":0,"evening":1,"night":3},"recent":[{"d":"2026-02-19","day":"Thu","time":"00:01","desc":"LARC - PARTS FROM VEH","res":"unsolved"},{"d":"2026-01-12","day":"Mon","time":"04:17","desc":"BURGLARY- MOTOR VEHICLE","res":"unsolved"},{"d":"2025-10-03","day":"Fri","time":"22:30","desc":"THEFT OF VEHICLE-2,500 OR > BUT<$10,000","res":"unsolved"},{"d":"2025-07-15","day":"Tue","time":"17:00","desc":"BURGLARY- MOTOR VEHICLE","res":"unsolved"},{"d":"2025-07-01","day":"Tue","time":"08:00","desc":"VEHICLE THEFT","res":"unsolved"}]}},{"type":"Feature","geometry":{"type":"Polygon","coordinates":[[[-86.59977828092906,36.058216553183925],[-86.59832121184533,36.05948114609961],[-86.59896274399918,36.0612481232147],[-86.60106142438123,36.06175052626975],[-86.60251853265801,36.06048591697401],[-86.60187692136044,36.058718921003766],[-86.59977828092906,36.058216553183925],[-86.59977828092906,36.058216553183925]]]},"properties":{"h3":"89264d16377ffff","count":5,"c3":0,"c6":0,"c12":0,"c24":5,"score":2,"risk":2,"peakDay":"Wednesday","peakTime":"night","hood":"","bk12":{"morning":0,"afternoon":0,"evening":0,"night":0},"bk24":{"morning":0,"afternoon":0,"evening":2,"night":3},"recent":[{"d":"2025-09-19","day":"Fri","time":"01:30","desc":"VEHICLE THEFT","res":"unsolved"},{"d":"2025-09-03","day":"Wed","time":"22:00","desc":"VEHICLE THEFT","res":"unsolved"},{"d":"2025-07-15","day":"Tue","time":"18:00","desc":"BURGLARY- MOTOR VEHICLE","res":"unsolved"},{"d":"2025-03-29","day":"Sat","time":"22:00","desc":"VEHICLE THEFT","res":"unsolved"},{"d":"2024-10-16","day":"Wed","time":"17:41","desc":"VEHICLE THEFT","res":"unsolved"}]}},{"type":"Feature","geometry":{"type":"Polygon","coordinates":[[[-86.83895275285063,36.129717692064744],[-86.8374940646042,36.130985630695015],[-86.83814167993933,36.13275292389093],[-86.84024806273574,36.13325229690789],[-86.84170678965717,36.13198434176311],[-86.841059095108,36.13021703011635],[-86.83895275285063,36.129717692064744],[-86.83895275285063,36.129717692064744]]]},"properties":{"h3":"89264d1130fffff","count":8,"c3":0,"c6":0,"c12":0,"c24":8,"score":3.5,"risk":4,"peakDay":"Tuesday","peakTime":"night","hood":"","bk12":{"morning":0,"afternoon":0,"evening":0,"night":0},"bk24":{"morning":2,"afternoon":1,"evening":1,"night":4},"recent":[{"d":"2025-08-23","day":"Sat","time":"22:00","desc":"VEHICLE THEFT","res":"unsolved"},{"d":"2025-08-10","day":"Sun","time":"05:30","desc":"BURGLARY- MOTOR VEHICLE","res":"unsolved"},{"d":"2025-07-31","day":"Thu","time":"05:40","desc":"BURGLARY- MOTOR VEHICLE","res":"unsolved"},{"d":"2025-07-17","day":"Thu","time":"00:00","desc":"BURGLARY- MOTOR VEHICLE","res":"unsolved"},{"d":"2025-07-16","day":"Wed","time":"00:01","desc":"BURGLARY - MOTOR VEHICLE","res":"unsolved"},{"d":"2025-07-15","day":"Tue","time":"22:30","desc":"BURGLARY- MOTOR VEHICLE","res":"unsolved"},{"d":"2025-07-15","day":"Tue","time":"19:00","desc":"BURGLARY- MOTOR VEHICLE","res":"unsolved"},{"d":"2025-07-15","day":"Tue","time":"15:00","desc":"VEHICLE THEFT","res":"unsolved"}]}},{"type":"Feature","geometry":{"type":"Polygon","coordinates":[[[-86.74841717475786,36.12918938909787],[-86.74695872066916,36.13045565910289],[-86.74760419853483,36.13222263528101],[-86.74970820971897,36.132723360056524],[-86.75116670269968,36.13145707360849],[-86.75052114560505,36.12969007882844],[-86.74841717475786,36.12918938909787],[-86.74841717475786,36.12918938909787]]]},"properties":{"h3":"89264d10173ffff","count":11,"c3":0,"c6":0,"c12":0,"c24":11,"score":4.6,"risk":5,"peakDay":"Tuesday","peakTime":"evening","hood":"","bk12":{"morning":0,"afternoon":0,"evening":0,"night":0},"bk24":{"morning":2,"afternoon":0,"evening":5,"night":4},"recent":[{"d":"2025-09-04","day":"Thu","time":"01:00","desc":"VEHICLE THEFT","res":"unsolved"},{"d":"2025-09-03","day":"Wed","time":"19:15","desc":"BURGLARY- MOTOR VEHICLE","res":"unsolved"},{"d":"2025-07-21","day":"Mon","time":"19:00","desc":"BURGLARY- MOTOR VEHICLE","res":"unsolved"},{"d":"2025-07-21","day":"Mon","time":"19:00","desc":"BURGLARY- MOTOR VEHICLE","res":"unsolved"},{"d":"2025-07-21","day":"Mon","time":"18:00","desc":"BURGLARY- MOTOR VEHICLE","res":"unsolved"},{"d":"2025-07-21","day":"Mon","time":"08:00","desc":"BURGLARY- MOTOR VEHICLE","res":"unsolved"},{"d":"2025-07-15","day":"Tue","time":"22:00","desc":"BURGLARY- MOTOR VEHICLE","res":"unsolved"},{"d":"2025-07-15","day":"Tue","time":"22:00","desc":"BURGLARY- MOTOR VEHICLE","res":"unsolved"},{"d":"2025-07-15","day":"Tue","time":"22:00","desc":"BURGLARY- MOTOR VEHICLE","res":"unsolved"},{"d":"2025-07-15","day":"Tue","time":"21:00","desc":"BURGLARY- MOTOR VEHICLE","res":"unsolved"}]}},{"type":"Feature","geometry":{"type":"Polygon","coordinates":[[[-86.75910467164655,36.12689200518863],[-86.7576462227657,36.128158508152],[-86.758291938313,36.12992554011826],[-86.76039618196562,36.130426087705914],[-86.76185466971116,36.12915956828922],[-86.76120887494018,36.12739251773869],[-86.75910467164655,36.12689200518863],[-86.75910467164655,36.12689200518863]]]},"properties":{"h3":"89264d103a3ffff","count":5,"c3":0,"c6":0,"c12":1,"c24":5,"score":2.3,"risk":2,"peakDay":"Friday","peakTime":"evening","hood":"","bk12":{"morning":1,"afternoon":0,"evening":0,"night":0},"bk24":{"morning":1,"afternoon":1,"evening":3,"night":0},"recent":[{"d":"2025-10-31","day":"Fri","time":"07:00","desc":"BURGLARY- MOTOR VEHICLE","res":"unsolved"},{"d":"2025-08-29","day":"Fri","time":"15:20","desc":"VEHICLE THEFT","res":"unsolved"},{"d":"2025-08-27","day":"Wed","time":"19:00","desc":"VEHICLE THEFT","res":"unsolved"},{"d":"2025-07-21","day":"Mon","time":"21:30","desc":"BURGLARY- MOTOR VEHICLE","res":"unsolved"},{"d":"2025-07-15","day":"Tue","time":"21:00","desc":"BURGLARY- MOTOR VEHICLE","res":"unsolved"}]}},{"type":"Feature","geometry":{"type":"Polygon","coordinates":[[[-86.6199302325829,36.008171778434885],[-86.61847381264762,36.0094375038563],[-86.61911551044723,36.01120493222205],[-86.62121370724739,36.01170665399226],[-86.62267016629016,36.010440912134996],[-86.62202838942605,36.00867346494385],[-86.6199302325829,36.008171778434885],[-86.6199302325829,36.008171778434885]]]},"properties":{"h3":"89264d14ec3ffff","count":7,"c3":0,"c6":0,"c12":1,"c24":7,"score":3.2,"risk":3,"peakDay":"Tuesday","peakTime":"evening","hood":"","bk12":{"morning":0,"afternoon":0,"evening":0,"night":1},"bk24":{"morning":2,"afternoon":0,"evening":3,"night":2},"sv12":1,"recent":[{"d":"2026-02-28","day":"Sat","time":"02:30","desc":"VEHICLE THEFT","res":"unsolved"},{"d":"2025-07-25","day":"Fri","time":"07:00","desc":"VEHICLE THEFT","res":"unsolved"},{"d":"2025-07-24","day":"Thu","time":"19:32","desc":"LARC - PARTS FROM VEH","res":"unsolved"},{"d":"2025-07-20","day":"Sun","time":"11:13","desc":"BURGLARY- MOTOR VEHICLE","res":"unsolved"},{"d":"2025-07-15","day":"Tue","time":"21:30","desc":"BURGLARY- MOTOR VEHICLE","res":"unsolved"},{"d":"2025-07-15","day":"Tue","time":"21:30","desc":"BURGLARY- MOTOR VEHICLE","res":"unsolved"},{"d":"2025-07-13","day":"Sun","time":"22:00","desc":"VEHICLE THEFT","res":"unsolved"}]}},{"type":"Feature","geometry":{"type":"Polygon","coordinates":[[[-86.69824908150936,36.02848352399468],[-86.69679217132234,36.029750393324065],[-86.69743584080747,36.0315179550919],[-86.69953649956383,36.03201866622421],[-86.7009934486872,36.030751780412444],[-86.70034970011862,36.02898419995122],[-86.69824908150936,36.02848352399468],[-86.69824908150936,36.02848352399468]]]},"properties":{"h3":"89264d15383ffff","count":8,"c3":0,"c6":0,"c12":2,"c24":8,"score":3.6,"risk":4,"peakDay":"Tuesday","peakTime":"night","hood":"","bk12":{"morning":0,"afternoon":0,"evening":1,"night":1},"bk24":{"morning":1,"afternoon":0,"evening":3,"night":4},"sv12":2,"recent":[{"d":"2025-11-12","day":"Wed","time":"00:30","desc":"VEHICLE THEFT","res":"unsolved"},{"d":"2025-10-16","day":"Thu","time":"21:00","desc":"VEHICLE THEFT","res":"unsolved"},{"d":"2025-09-15","day":"Mon","time":"05:30","desc":"VEHICLE THEFT","res":"unsolved"},{"d":"2025-09-07","day":"Sun","time":"01:55","desc":"VEHICLE THEFT","res":"unsolved"},{"d":"2025-07-16","day":"Wed","time":"02:54","desc":"BURGLARY- MOTOR VEHICLE","res":"unsolved"},{"d":"2025-07-15","day":"Tue","time":"21:30","desc":"BURGLARY - MOTOR VEHICLE","res":"unsolved"},{"d":"2025-07-15","day":"Tue","time":"21:30","desc":"BURGLARY - MOTOR VEHICLE","res":"unsolved"},{"d":"2025-03-30","day":"Sun","time":"03:00","desc":"VEHICLE THEFT","res":"unsolved"}]}},{"type":"Feature","geometry":{"type":"Polygon","coordinates":[[[-86.79762255518798,36.15863500179699],[-86.79616356264773,36.159901735144025],[-86.79681038426762,36.161668659843954],[-86.79891627769415,36.162168869714776],[-86.80037530903041,36.16090211990866],[-86.79972840814494,36.1591351766913],[-86.79762255518798,36.15863500179699],[-86.79762255518798,36.15863500179699]]]},"properties":{"h3":"89264d115a3ffff","count":39,"c3":0,"c6":0,"c12":7,"c24":39,"score":18.5,"risk":19,"peakDay":"Friday","peakTime":"evening","hood":"","bk12":{"morning":0,"afternoon":2,"evening":2,"night":3},"bk24":{"morning":3,"afternoon":5,"evening":20,"night":11},"sv12":1,"recent":[{"d":"2026-02-25","day":"Wed","time":"18:00","desc":"BURGLARY- MOTOR VEHICLE","res":"unsolved"},{"d":"2026-02-14","day":"Sat","time":"02:30","desc":"BURGLARY- MOTOR VEHICLE","res":"unsolved"},{"d":"2026-01-11","day":"Sun","time":"00:30","desc":"BURGLARY- MOTOR VEHICLE","res":"unsolved"},{"d":"2026-01-02","day":"Fri","time":"12:49","desc":"BURGLARY- MOTOR VEHICLE","res":"unsolved"},{"d":"2025-12-30","day":"Tue","time":"20:30","desc":"LARC - PARTS FROM VEH","res":"unsolved"},{"d":"2025-12-09","day":"Tue","time":"15:10","desc":"THEFT OF VEHICLE-2,500 OR > BUT<$10,000","res":"unsolved"},{"d":"2025-10-09","day":"Thu","time":"01:40","desc":"BURGLARY- MOTOR VEHICLE","res":"unsolved"},{"d":"2025-10-07","day":"Tue","time":"10:00","desc":"BURGLARY- MOTOR VEHICLE","res":"unsolved"},{"d":"2025-09-23","day":"Tue","time":"22:30","desc":"BURGLARY- MOTOR VEHICLE","res":"unsolved"},{"d":"2025-09-23","day":"Tue","time":"20:00","desc":"BURGLARY- MOTOR VEHICLE","res":"unsolved"}]}},{"type":"Feature","geometry":{"type":"Polygon","coordinates":[[[-86.87055470747562,36.137204839015034],[-86.86909583635982,36.13847324867775],[-86.86974424318335,36.140240595081714],[-86.87185160034313,36.140739550220935],[-86.87331051006336,36.13947112402458],[-86.87266202402016,36.13770375922314],[-86.87055470747562,36.137204839015034],[-86.87055470747562,36.137204839015034]]]},"properties":{"h3":"89264d1acdbffff","count":1,"c3":0,"c6":0,"c12":0,"c24":1,"score":0.4,"risk":0,"peakDay":"Tuesday","peakTime":"night","hood":"","bk12":{"morning":0,"afternoon":0,"evening":0,"night":0},"bk24":{"morning":0,"afternoon":0,"evening":0,"night":1},"recent":[{"d":"2025-07-15","day":"Tue","time":"22:00","desc":"BURGLARY- MOTOR VEHICLE","res":"unsolved"}]}},{"type":"Feature","geometry":{"type":"Polygon","coordinates":[[[-86.9277702006043,36.09908059715024],[-86.92631172712342,36.10035064416262],[-86.92696124325721,36.10211848316393],[-86.92906931202334,36.10261629345818],[-86.93052782394231,36.10134622983717],[-86.92987822865788,36.099578372531035],[-86.9277702006043,36.09908059715024],[-86.9277702006043,36.09908059715024]]]},"properties":{"h3":"89264d18153ffff","count":9,"c3":0,"c6":0,"c12":1,"c24":9,"score":4.1,"risk":4,"peakDay":"Tuesday","peakTime":"night","hood":"","bk12":{"morning":0,"afternoon":0,"evening":0,"night":1},"bk24":{"morning":0,"afternoon":1,"evening":1,"night":7},"sv12":1,"recent":[{"d":"2025-10-22","day":"Wed","time":"22:00","desc":"VEHICLE THEFT","res":"unsolved"},{"d":"2025-09-16","day":"Tue","time":"00:30","desc":"BURGLARY- MOTOR VEHICLE","res":"unsolved"},{"d":"2025-09-16","day":"Tue","time":"00:30","desc":"BURGLARY- MOTOR VEHICLE","res":"unsolved"},{"d":"2025-08-26","day":"Tue","time":"20:00","desc":"BURGLARY- MOTOR VEHICLE","res":"unsolved"},{"d":"2025-08-16","day":"Sat","time":"12:05","desc":"BURGLARY- MOTOR VEHICLE","res":"unsolved"},{"d":"2025-08-07","day":"Thu","time":"00:01","desc":"BURGLARY- MOTOR VEHICLE","res":"unsolved"},{"d":"2025-07-18","day":"Fri","time":"00:00","desc":"BURGLARY- MOTOR VEHICLE","res":"unsolved"},{"d":"2025-07-18","day":"Fri","time":"00:00","desc":"BURGLARY- MOTOR VEHICLE","res":"unsolved"},{"d":"2025-07-16","day":"Wed","time":"01:00","desc":"BURGLARY- MOTOR VEHICLE","res":"unsolved"}]}},{"type":"Feature","geometry":{"type":"Polygon","coordinates":[[[-86.6645715202694,36.141462050979065],[-86.66311310939912,36.142726579863734],[-86.66375668603183,36.1444931602047],[-86.66585875279691,36.1449952304021],[-86.66731720276896,36.14373068515106],[-86.66667354687497,36.14196408606948],[-86.6645715202694,36.141462050979065],[-86.6645715202694,36.141462050979065]]]},"properties":{"h3":"89264d12d23ffff","count":2,"c3":0,"c6":0,"c12":0,"c24":2,"score":0.9,"risk":1,"peakDay":"Wednesday","peakTime":"night","hood":"","bk12":{"morning":0,"afternoon":0,"evening":0,"night":0},"bk24":{"morning":0,"afternoon":1,"evening":0,"night":1},"recent":[{"d":"2025-09-24","day":"Wed","time":"16:00","desc":"BURGLARY- MOTOR VEHICLE","res":"closed"},{"d":"2025-07-16","day":"Wed","time":"04:00","desc":"BURGLARY- MOTOR VEHICLE","res":"closed"}]}},{"type":"Feature","geometry":{"type":"Polygon","coordinates":[[[-86.76898035956485,36.12762721443511],[-86.76752187536786,36.128893889163656],[-86.76816782832854,36.130660950700246],[-86.77027234471014,36.13116135607651],[-86.77173086774869,36.12989466488735],[-86.77108483556488,36.12812758478301],[-86.76898035956485,36.12762721443511],[-86.76898035956485,36.12762721443511]]]},"properties":{"h3":"89264d10303ffff","count":6,"c3":0,"c6":0,"c12":3,"c24":6,"score":3.1,"risk":3,"peakDay":"Sunday","peakTime":"evening","hood":"","bk12":{"morning":0,"afternoon":1,"evening":1,"night":1},"bk24":{"morning":1,"afternoon":1,"evening":3,"night":1},"recent":[{"d":"2026-02-15","day":"Sun","time":"23:45","desc":"BURGLARY - MOTOR VEHICLE","res":"unsolved"},{"d":"2026-02-15","day":"Sun","time":"21:00","desc":"BURGLARY- MOTOR VEHICLE","res":"unsolved"},{"d":"2025-11-13","day":"Thu","time":"12:00","desc":"BURGLARY- MOTOR VEHICLE","res":"unsolved"},{"d":"2025-09-02","day":"Tue","time":"20:30","desc":"BURGLARY- MOTOR VEHICLE","res":"unsolved"},{"d":"2025-07-16","day":"Wed","time":"06:00","desc":"BURGLARY- MOTOR VEHICLE","res":"unsolved"},{"d":"2025-03-21","day":"Fri","time":"21:30","desc":"VEHICLE THEFT","res":"unsolved"}]}},{"type":"Feature","geometry":{"type":"Polygon","coordinates":[[[-86.69997439311868,36.25955539310615],[-86.6985142254839,36.260818775299235],[-86.69915937286044,36.26258457032117],[-86.70126476730923,36.263087001821845],[-86.70272497405028,36.26182360332647],[-86.70207974723705,36.26005778963319],[-86.69997439311868,36.25955539310615],[-86.69997439311868,36.25955539310615]]]},"properties":{"h3":"89264d88ea3ffff","count":8,"c3":0,"c6":0,"c12":2,"c24":8,"score":3.7,"risk":4,"peakDay":"Wednesday","peakTime":"morning","hood":"","bk12":{"morning":1,"afternoon":0,"evening":0,"night":1},"bk24":{"morning":3,"afternoon":0,"evening":2,"night":3},"recent":[{"d":"2026-01-06","day":"Tue","time":"08:00","desc":"LARC - PARTS FROM VEH","res":"unsolved"},{"d":"2025-11-02","day":"Sun","time":"02:26","desc":"BURGLARY - MOTOR VEHICLE","res":"closed"},{"d":"2025-10-01","day":"Wed","time":"17:00","desc":"LARC - PARTS FROM VEH","res":"unsolved"},{"d":"2025-09-03","day":"Wed","time":"03:00","desc":"BURGLARY- MOTOR VEHICLE","res":"unsolved"},{"d":"2025-07-23","day":"Wed","time":"05:00","desc":"VEHICLE THEFT","res":"unsolved"},{"d":"2025-07-16","day":"Wed","time":"18:00","desc":"BURGLARY- MOTOR VEHICLE","res":"unsolved"},{"d":"2025-07-16","day":"Wed","time":"08:00","desc":"LARC - PARTS FROM VEH","res":"unsolved"},{"d":"2025-04-03","day":"Thu","time":"22:24","desc":"VEHICLE THEFT","res":"unsolved"}]}},{"type":"Feature","geometry":{"type":"Polygon","coordinates":[[[-86.77073204311158,36.15869712498897],[-86.76927311721084,36.15996335925399],[-86.76991930514508,36.16173018813813],[-86.77202449825123,36.16223080132002],[-86.77348346301257,36.16096455061739],[-86.77283719580798,36.15919770317095],[-86.77073204311158,36.15869712498897],[-86.77073204311158,36.15869712498897]]]},"properties":{"h3":"89264d100dbffff","count":74,"c3":0,"c6":0,"c12":7,"c24":74,"score":35,"risk":36,"peakDay":"Monday","peakTime":"morning","hood":"","bk12":{"morning":3,"afternoon":1,"evening":2,"night":1},"bk24":{"morning":44,"afternoon":6,"evening":16,"night":8},"sv12":2,"recent":[{"d":"2026-02-17","day":"Tue","time":"06:00","desc":"VEHICLE THEFT","res":"unsolved"},{"d":"2026-01-10","day":"Sat","time":"11:03","desc":"BURGLARY - MOTOR VEHICLE","res":"unsolved"},{"d":"2025-12-05","day":"Fri","time":"11:17","desc":"VEHICLE THEFT","res":"unsolved"},{"d":"2025-11-01","day":"Sat","time":"14:15","desc":"BURGLARY- MOTOR VEHICLE","res":"unsolved"},{"d":"2025-10-16","day":"Thu","time":"20:00","desc":"BURGLARY- MOTOR VEHICLE","res":"unsolved"},{"d":"2025-10-16","day":"Thu","time":"19:39","desc":"BURGLARY- MOTOR VEHICLE","res":"unsolved"},{"d":"2025-10-10","day":"Fri","time":"00:00","desc":"BURGLARY- MOTOR VEHICLE","res":"unsolved"},{"d":"2025-10-05","day":"Sun","time":"19:30","desc":"VEHICLE THEFT","res":"unsolved"},{"d":"2025-09-29","day":"Mon","time":"09:00","desc":"BURGLARY- MOTOR VEHICLE","res":"unsolved"},{"d":"2025-09-27","day":"Sat","time":"01:40","desc":"VEHICLE THEFT","res":"unsolved"}]}},{"type":"Feature","geometry":{"type":"Polygon","coordinates":[[[-86.74001339391306,36.24814583658296],[-86.73855328488246,36.2494101360421],[-86.73919930625945,36.25117616263748],[-86.74130551608049,36.251677908379925],[-86.74276566411271,36.25041359257758],[-86.74211956332309,36.24864754737648],[-86.74001339391306,36.24814583658296],[-86.74001339391306,36.24814583658296]]]},"properties":{"h3":"89264d89d63ffff","count":12,"c3":0,"c6":0,"c12":2,"c24":12,"score":5.6,"risk":6,"peakDay":"Monday","peakTime":"evening","hood":"","bk12":{"morning":1,"afternoon":0,"evening":1,"night":0},"bk24":{"morning":1,"afternoon":2,"evening":6,"night":3},"sv12":2,"recent":[{"d":"2026-02-21","day":"Sat","time":"21:00","desc":"VEHICLE THEFT","res":"unsolved"},{"d":"2026-02-20","day":"Fri","time":"08:30","desc":"VEHICLE THEFT","res":"unsolved"},{"d":"2025-07-29","day":"Tue","time":"02:45","desc":"VEHICLE THEFT","res":"unsolved"},{"d":"2025-07-28","day":"Mon","time":"21:30","desc":"BURGLARY- MOTOR VEHICLE","res":"unsolved"},{"d":"2025-07-28","day":"Mon","time":"16:00","desc":"BURGLARY - MOTOR VEHICLE","res":"unsolved"},{"d":"2025-07-24","day":"Thu","time":"00:01","desc":"VEHICLE THEFT","res":"unsolved"},{"d":"2025-07-23","day":"Wed","time":"21:00","desc":"VEHICLE THEFT","res":"unsolved"},{"d":"2025-07-21","day":"Mon","time":"20:00","desc":"VEHICLE THEFT","res":"unsolved"},{"d":"2025-07-21","day":"Mon","time":"20:00","desc":"VEHICLE THEFT","res":"unsolved"},{"d":"2025-07-21","day":"Mon","time":"19:30","desc":"VEHICLE THEFT","res":"unsolved"}]}},{"type":"Feature","geometry":{"type":"Polygon","coordinates":[[[-86.76041812424016,36.109455470370605],[-86.75895991728996,36.11072226278115],[-86.75960555521702,36.11248943299472],[-86.76170947929188,36.11298982938173],[-86.76316772509055,36.11172302050313],[-86.7625220079667,36.10995583170605],[-86.76041812424016,36.109455470370605],[-86.76041812424016,36.109455470370605]]]},"properties":{"h3":"89264d10e4fffff","count":5,"c3":0,"c6":0,"c12":1,"c24":5,"score":2.3,"risk":2,"peakDay":"Saturday","peakTime":"afternoon","hood":"","bk12":{"morning":0,"afternoon":1,"evening":0,"night":0},"bk24":{"morning":1,"afternoon":4,"evening":0,"night":0},"recent":[{"d":"2026-02-13","day":"Fri","time":"15:00","desc":"BURGLARY- MOTOR VEHICLE","res":"unsolved"},{"d":"2025-08-08","day":"Fri","time":"12:00","desc":"VEHICLE THEFT","res":"unsolved"},{"d":"2025-07-26","day":"Sat","time":"10:00","desc":"BURGLARY- MOTOR VEHICLE","res":"unsolved"},{"d":"2025-07-16","day":"Wed","time":"13:58","desc":"LARC - PARTS FROM VEH","res":"unsolved"},{"d":"2025-05-17","day":"Sat","time":"12:30","desc":"VEHICLE THEFT","res":"unsolved"}]}},{"type":"Feature","geometry":{"type":"Polygon","coordinates":[[[-86.71097790064456,36.26862804173285],[-86.7095175766139,36.26989148913772],[-86.71016304041021,36.27165725264989],[-86.71226890768686,36.27215958740988],[-86.71372927080428,36.27089612370099],[-86.7130837275591,36.26913034153662],[-86.71097790064456,36.26862804173285],[-86.71097790064456,36.26862804173285]]]},"properties":{"h3":"89264d88ed7ffff","count":8,"c3":0,"c6":0,"c12":2,"c24":8,"score":3.7,"risk":4,"peakDay":"Thursday","peakTime":"evening","hood":"","bk12":{"morning":0,"afternoon":1,"evening":0,"night":1},"bk24":{"morning":1,"afternoon":2,"evening":3,"night":2},"sv12":1,"recent":[{"d":"2026-01-05","day":"Mon","time":"16:50","desc":"LARC - PARTS FROM VEH","res":"unsolved"},{"d":"2025-10-18","day":"Sat","time":"00:00","desc":"VEHICLE THEFT","res":"unsolved"},{"d":"2025-09-04","day":"Thu","time":"23:30","desc":"VEHICLE THEFT","res":"unsolved"},{"d":"2025-09-04","day":"Thu","time":"13:55","desc":"BURGLARY- MOTOR VEHICLE","res":"unsolved"},{"d":"2025-08-07","day":"Thu","time":"08:00","desc":"VEHICLE OFFENSE, CRIMINAL ATTEMPT","res":"unsolved"},{"d":"2025-07-25","day":"Fri","time":"19:30","desc":"BURGLARY- MOTOR VEHICLE","res":"unsolved"},{"d":"2025-07-16","day":"Wed","time":"18:00","desc":"BURGLARY- MOTOR VEHICLE","res":"unsolved"},{"d":"2025-05-03","day":"Sat","time":"17:00","desc":"VEHICLE THEFT","res":"unsolved"}]}},{"type":"Feature","geometry":{"type":"Polygon","coordinates":[[[-86.63959120581022,36.24673953815337],[-86.63813137612334,36.248001995943746],[-86.6387750177601,36.24976767368576],[-86.64087856851107,36.25027091241089],[-86.64233843743898,36.24900843835671],[-86.64169471637571,36.24724274184171],[-86.63959120581022,36.24673953815337],[-86.63959120581022,36.24673953815337]]]},"properties":{"h3":"89264d8f62bffff","count":1,"c3":0,"c6":0,"c12":0,"c24":1,"score":0.4,"risk":0,"peakDay":"Wednesday","peakTime":"evening","hood":"","bk12":{"morning":0,"afternoon":0,"evening":0,"night":0},"bk24":{"morning":0,"afternoon":0,"evening":1,"night":0},"recent":[{"d":"2025-07-16","day":"Wed","time":"21:00","desc":"BURGLARY- MOTOR VEHICLE","res":"unsolved"}]}},{"type":"Feature","geometry":{"type":"Polygon","coordinates":[[[-86.84040565401935,36.14942633216423],[-86.83894668489678,36.15069399791066],[-86.83959445758468,36.15246114443151],[-86.84170127863985,36.15296064365321],[-86.84316028644864,36.15169296140656],[-86.84251243451685,36.14992579643891],[-86.84040565401935,36.14942633216423],[-86.84040565401935,36.14942633216423]]]},"properties":{"h3":"89264d1107bffff","count":13,"c3":0,"c6":0,"c12":2,"c24":13,"score":6.2,"risk":6,"peakDay":"Wednesday","peakTime":"evening","hood":"","bk12":{"morning":0,"afternoon":0,"evening":2,"night":0},"bk24":{"morning":1,"afternoon":0,"evening":6,"night":6},"recent":[{"d":"2026-01-16","day":"Fri","time":"20:00","desc":"BURGLARY- MOTOR VEHICLE","res":"unsolved"},{"d":"2025-12-22","day":"Mon","time":"17:00","desc":"BURGLARY- MOTOR VEHICLE","res":"unsolved"},{"d":"2025-09-22","day":"Mon","time":"17:55","desc":"VEHICLE THEFT","res":"unsolved"},{"d":"2025-08-28","day":"Thu","time":"03:00","desc":"BURGLARY- MOTOR VEHICLE","res":"unsolved"},{"d":"2025-08-28","day":"Thu","time":"00:01","desc":"BURGLARY- MOTOR VEHICLE","res":"unsolved"},{"d":"2025-08-28","day":"Thu","time":"00:00","desc":"BURGLARY- MOTOR VEHICLE","res":"unsolved"},{"d":"2025-08-27","day":"Wed","time":"23:00","desc":"BURGLARY- MOTOR VEHICLE","res":"unsolved"},{"d":"2025-08-27","day":"Wed","time":"23:00","desc":"BURGLARY - MOTOR VEHICLE","res":"unsolved"},{"d":"2025-08-19","day":"Tue","time":"20:30","desc":"BURGLARY- MOTOR VEHICLE","res":"unsolved"},{"d":"2025-08-19","day":"Tue","time":"20:30","desc":"BURGLARY- MOTOR VEHICLE","res":"unsolved"}]}},{"type":"Feature","geometry":{"type":"Polygon","coordinates":[[[-86.93828293556022,36.059580151487296],[-86.93682499166108,36.06085099155568],[-86.93747450822082,36.06261916960427],[-86.93958204776895,36.06311652587519],[-86.94104003005152,36.06184566915888],[-86.94039043440337,36.06007747282007],[-86.93828293556022,36.059580151487296],[-86.93828293556022,36.059580151487296]]]},"properties":{"h3":"89264d18acbffff","count":2,"c3":0,"c6":0,"c12":0,"c24":2,"score":0.9,"risk":1,"peakDay":"Thursday","peakTime":"night","hood":"","bk12":{"morning":0,"afternoon":0,"evening":0,"night":0},"bk24":{"morning":0,"afternoon":0,"evening":1,"night":1},"recent":[{"d":"2025-08-12","day":"Tue","time":"20:15","desc":"VEHICLE THEFT","res":"unsolved"},{"d":"2025-07-17","day":"Thu","time":"00:00","desc":"BURGLARY- MOTOR VEHICLE","res":"unsolved"}]}},{"type":"Feature","geometry":{"type":"Polygon","coordinates":[[[-86.6382994466674,36.02708829594995],[-86.6368427126467,36.02835407536835],[-86.63748496048338,36.03012142895151],[-86.63958402143217,36.03062302191013],[-86.64104079453095,36.029357226056156],[-86.64039846760369,36.0275898536796],[-86.6382994466674,36.02708829594995],[-86.6382994466674,36.02708829594995]]]},"properties":{"h3":"89264d143d3ffff","count":3,"c3":0,"c6":0,"c12":0,"c24":3,"score":1.4,"risk":1,"peakDay":"Thursday","peakTime":"night","hood":"","bk12":{"morning":0,"afternoon":0,"evening":0,"night":0},"bk24":{"morning":0,"afternoon":0,"evening":0,"night":3},"recent":[{"d":"2025-09-26","day":"Fri","time":"23:30","desc":"VEHICLE THEFT","res":"unsolved"},{"d":"2025-07-29","day":"Tue","time":"22:30","desc":"VEHICLE THEFT","res":"unsolved"},{"d":"2025-07-17","day":"Thu","time":"01:00","desc":"LARC - PARTS FROM VEH","res":"unsolved"}]}},{"type":"Feature","geometry":{"type":"Polygon","coordinates":[[[-86.83130877932922,36.20857309495729],[-86.82984899963033,36.20983969094593],[-86.83049692763213,36.21160634761675],[-86.83260471466967,36.21210642675646],[-86.83406453312088,36.21083981432105],[-86.83341652578302,36.20907313919319],[-86.83130877932922,36.20857309495729],[-86.83130877932922,36.20857309495729]]]},"properties":{"h3":"89264dc4dafffff","count":2,"c3":0,"c6":0,"c12":0,"c24":2,"score":0.9,"risk":1,"peakDay":"Thursday","peakTime":"morning","hood":"","bk12":{"morning":0,"afternoon":0,"evening":0,"night":0},"bk24":{"morning":1,"afternoon":0,"evening":0,"night":1},"recent":[{"d":"2025-07-17","day":"Thu","time":"09:40","desc":"BURGLARY- MOTOR VEHICLE","res":"unsolved"},{"d":"2025-07-14","day":"Mon","time":"23:00","desc":"VEHICLE THEFT","res":"unsolved"}]}},{"type":"Feature","geometry":{"type":"Polygon","coordinates":[[[-86.65800706548248,36.02856779199246],[-86.65655025889298,36.02983391431333],[-86.65719298044877,36.03160132888788],[-86.65929258768472,36.03210263990248],[-86.66074943330653,36.03083650113144],[-86.66010663266087,36.029069067796435],[-86.65800706548248,36.02856779199246],[-86.65800706548248,36.02856779199246]]]},"properties":{"h3":"89264d14273ffff","count":2,"c3":0,"c6":0,"c12":0,"c24":2,"score":0.9,"risk":1,"peakDay":"Thursday","peakTime":"afternoon","hood":"","bk12":{"morning":0,"afternoon":0,"evening":0,"night":0},"bk24":{"morning":0,"afternoon":1,"evening":1,"night":0},"recent":[{"d":"2025-10-06","day":"Mon","time":"21:00","desc":"BURGLARY- MOTOR VEHICLE","res":"unsolved"},{"d":"2025-07-17","day":"Thu","time":"15:00","desc":"BURGLARY- MOTOR VEHICLE","res":"unsolved"}]}},{"type":"Feature","geometry":{"type":"Polygon","coordinates":[[[-86.69457332512043,36.29211149612195],[-86.69311271153427,36.293374279272],[-86.69375793452596,36.295139800664984],[-86.69586385059225,36.29564255758571],[-86.6973245033223,36.294379758163046],[-86.69667920084296,36.29261421809275],[-86.69457332512043,36.29211149612195],[-86.69457332512043,36.29211149612195]]]},"properties":{"h3":"89264d8852fffff","count":1,"c3":0,"c6":0,"c12":0,"c24":1,"score":0.4,"risk":0,"peakDay":"Thursday","peakTime":"afternoon","hood":"","bk12":{"morning":0,"afternoon":0,"evening":0,"night":0},"bk24":{"morning":0,"afternoon":1,"evening":0,"night":0},"recent":[{"d":"2025-07-17","day":"Thu","time":"16:30","desc":"BURGLARY- MOTOR VEHICLE","res":"closed"}]}},{"type":"Feature","geometry":{"type":"Polygon","coordinates":[[[-86.77893227251593,36.228386968469565],[-86.77747234390326,36.22965229151792],[-86.77811916029542,36.23141860982354],[-86.78022598467673,36.23191962362395],[-86.78168595218266,36.23065428418592],[-86.78103905641481,36.228887947337654],[-86.77893227251593,36.228386968469565],[-86.77893227251593,36.228386968469565]]]},"properties":{"h3":"89264d89b4bffff","count":5,"c3":0,"c6":0,"c12":0,"c24":5,"score":2.2,"risk":2,"peakDay":"Thursday","peakTime":"evening","hood":"","bk12":{"morning":0,"afternoon":0,"evening":0,"night":0},"bk24":{"morning":1,"afternoon":0,"evening":3,"night":1},"recent":[{"d":"2025-09-11","day":"Thu","time":"11:00","desc":"LARC - PARTS FROM VEH","res":"unsolved"},{"d":"2025-07-23","day":"Wed","time":"18:02","desc":"BURGLARY- MOTOR VEHICLE","res":"unsolved"},{"d":"2025-07-21","day":"Mon","time":"00:30","desc":"VEHICLE THEFT","res":"unsolved"},{"d":"2025-07-17","day":"Thu","time":"19:30","desc":"BURGLARY - MOTOR VEHICLE","res":"unsolved"},{"d":"2025-07-17","day":"Thu","time":"19:30","desc":"BURGLARY - MOTOR VEHICLE","res":"unsolved"}]}},{"type":"Feature","geometry":{"type":"Polygon","coordinates":[[[-86.86050821116497,36.0993176829412],[-86.85904989734387,36.10058648231282],[-86.85969783073936,36.10235408466362],[-86.86180415712052,36.10285290606054],[-86.86326250954208,36.10158409013351],[-86.86261449698289,36.099816469365486],[-86.86050821116497,36.0993176829412],[-86.86050821116497,36.0993176829412]]]},"properties":{"h3":"89264d1a837ffff","count":4,"c3":0,"c6":0,"c12":0,"c24":4,"score":1.7,"risk":2,"peakDay":"Thursday","peakTime":"night","hood":"","bk12":{"morning":0,"afternoon":0,"evening":0,"night":0},"bk24":{"morning":0,"afternoon":0,"evening":0,"night":4},"recent":[{"d":"2025-07-18","day":"Fri","time":"00:01","desc":"BURGLARY- MOTOR VEHICLE","res":"unsolved"},{"d":"2025-07-17","day":"Thu","time":"22:30","desc":"BURGLARY- MOTOR VEHICLE","res":"unsolved"},{"d":"2025-07-17","day":"Thu","time":"22:30","desc":"BURGLARY- MOTOR VEHICLE","res":"unsolved"},{"d":"2025-07-17","day":"Thu","time":"22:30","desc":"BURGLARY- MOTOR VEHICLE","res":"unsolved"}]}},{"type":"Feature","geometry":{"type":"Polygon","coordinates":[[[-86.77924661337896,36.239748970014226],[-86.77778652369912,36.24101412523578],[-86.77843341851734,36.24278035617107],[-86.78054048240924,36.24328145042639],[-86.78200061099007,36.24201627882375],[-86.78135363677882,36.24025002934737],[-86.77924661337896,36.239748970014226],[-86.77924661337896,36.239748970014226]]]},"properties":{"h3":"89264d89a33ffff","count":15,"c3":0,"c6":0,"c12":0,"c24":15,"score":6.5,"risk":7,"peakDay":"Friday","peakTime":"night","hood":"","bk12":{"morning":0,"afternoon":0,"evening":0,"night":0},"bk24":{"morning":0,"afternoon":0,"evening":0,"night":15},"recent":[{"d":"2025-09-19","day":"Fri","time":"23:00","desc":"VEHICLE THEFT","res":"unsolved"},{"d":"2025-08-08","day":"Fri","time":"02:45","desc":"VEHICLE THEFT","res":"unsolved"},{"d":"2025-08-08","day":"Fri","time":"02:45","desc":"VEHICLE THEFT","res":"unsolved"},{"d":"2025-07-25","day":"Fri","time":"00:01","desc":"VEHICLE THEFT","res":"unsolved"},{"d":"2025-07-23","day":"Wed","time":"00:00","desc":"VEHICLE THEFT","res":"unsolved"},{"d":"2025-07-22","day":"Tue","time":"23:00","desc":"VEHICLE THEFT","res":"closed"},{"d":"2025-07-22","day":"Tue","time":"23:00","desc":"VEHICLE THEFT","res":"closed"},{"d":"2025-07-22","day":"Tue","time":"23:00","desc":"VEHICLE THEFT","res":"closed"},{"d":"2025-07-18","day":"Fri","time":"01:30","desc":"BURGLARY - MOTOR VEHICLE","res":"unsolved"},{"d":"2025-07-18","day":"Fri","time":"01:30","desc":"BURGLARY - MOTOR VEHICLE","res":"unsolved"}]}},{"type":"Feature","geometry":{"type":"Polygon","coordinates":[[[-86.719848149727,36.29814232455465],[-86.71838738602034,36.29940548421033],[-86.71903324359444,36.301171048347875],[-86.72113994436879,36.30167347146486],[-86.72260074716326,36.30041029552098],[-86.72195481009635,36.298644712748796],[-86.719848149727,36.29814232455465],[-86.719848149727,36.29814232455465]]]},"properties":{"h3":"89264d88017ffff","count":1,"c3":0,"c6":0,"c12":0,"c24":1,"score":0.4,"risk":0,"peakDay":"Friday","peakTime":"night","hood":"","bk12":{"morning":0,"afternoon":0,"evening":0,"night":0},"bk24":{"morning":0,"afternoon":0,"evening":0,"night":1},"recent":[{"d":"2025-07-18","day":"Fri","time":"00:00","desc":"BURGLARY- MOTOR VEHICLE","res":"unsolved"}]}},{"type":"Feature","geometry":{"type":"Polygon","coordinates":[[[-86.84785906672808,36.15926096178834],[-86.84639994083787,36.16052861582516],[-86.84704795067185,36.16229571259738],[-86.84915516565444,36.16279517376679],[-86.85061433022025,36.16152750323154],[-86.8499662411287,36.15976038802579],[-86.84785906672808,36.15926096178834],[-86.84785906672808,36.15926096178834]]]},"properties":{"h3":"89264d1162fffff","count":20,"c3":0,"c6":0,"c12":6,"c24":20,"score":10,"risk":10,"peakDay":"Wednesday","peakTime":"night","hood":"","bk12":{"morning":4,"afternoon":0,"evening":0,"night":2},"bk24":{"morning":6,"afternoon":3,"evening":1,"night":10},"sv12":2,"recent":[{"d":"2026-03-01","day":"Sun","time":"05:30","desc":"VEHICLE THEFT","res":"unsolved"},{"d":"2026-01-14","day":"Wed","time":"06:00","desc":"BURGLARY- MOTOR VEHICLE","res":"unsolved"},{"d":"2026-01-14","day":"Wed","time":"06:00","desc":"BURGLARY- MOTOR VEHICLE","res":"unsolved"},{"d":"2026-01-14","day":"Wed","time":"06:00","desc":"BURGLARY- MOTOR VEHICLE","res":"unsolved"},{"d":"2025-11-30","day":"Sun","time":"03:44","desc":"VEHICLE THEFT","res":"unsolved"},{"d":"2025-11-02","day":"Sun","time":"23:45","desc":"BURGLARY- MOTOR VEHICLE","res":"unsolved"},{"d":"2025-09-10","day":"Wed","time":"14:30","desc":"BURGLARY- MOTOR VEHICLE","res":"unsolved"},{"d":"2025-09-05","day":"Fri","time":"15:34","desc":"BURGLARY- MOTOR VEHICLE","res":"unsolved"},{"d":"2025-08-27","day":"Wed","time":"04:40","desc":"BURGLARY- MOTOR VEHICLE","res":"unsolved"},{"d":"2025-08-27","day":"Wed","time":"04:20","desc":"BURGLARY- MOTOR VEHICLE","res":"unsolved"}]}},{"type":"Feature","geometry":{"type":"Polygon","coordinates":[[[-86.83844390295008,36.20703969882555],[-86.83698412726274,36.208306450354044],[-86.83763221393481,36.21007314393304],[-86.83974015562748,36.210573104429265],[-86.84119997004875,36.20930633644711],[-86.84055180404428,36.20753962442286],[-86.83844390295008,36.20703969882555],[-86.83844390295008,36.20703969882555]]]},"properties":{"h3":"89264dc4d3bffff","count":6,"c3":0,"c6":0,"c12":0,"c24":6,"score":2.7,"risk":3,"peakDay":"Sunday","peakTime":"night","hood":"","bk12":{"morning":0,"afternoon":0,"evening":0,"night":0},"bk24":{"morning":2,"afternoon":1,"evening":0,"night":3},"recent":[{"d":"2025-08-21","day":"Thu","time":"23:00","desc":"BURGLARY- MOTOR VEHICLE","res":"unsolved"},{"d":"2025-08-20","day":"Wed","time":"01:12","desc":"BURGLARY- MOTOR VEHICLE","res":"unsolved"},{"d":"2025-08-20","day":"Wed","time":"01:12","desc":"BURGLARY- MOTOR VEHICLE","res":"unsolved"},{"d":"2025-07-27","day":"Sun","time":"05:33","desc":"BURGLARY- MOTOR VEHICLE","res":"unsolved"},{"d":"2025-07-18","day":"Fri","time":"13:20","desc":"BURGLARY- MOTOR VEHICLE","res":"unsolved"},{"d":"2025-07-13","day":"Sun","time":"08:45","desc":"VEHICLE THEFT","res":"closed"}]}},{"type":"Feature","geometry":{"type":"Polygon","coordinates":[[[-86.61881264703283,36.136973607473635],[-86.61735441963204,36.13823735585446],[-86.61799688871018,36.14000380406711],[-86.62009766445125,36.140506522716564],[-86.62155593105945,36.139242758002545],[-86.62091338271996,36.13747629097275],[-86.61881264703283,36.136973607473635],[-86.61881264703283,36.136973607473635]]]},"properties":{"h3":"89264d8d8abffff","count":4,"c3":0,"c6":0,"c12":0,"c24":4,"score":1.8,"risk":2,"peakDay":"Friday","peakTime":"afternoon","hood":"","bk12":{"morning":0,"afternoon":0,"evening":0,"night":0},"bk24":{"morning":0,"afternoon":2,"evening":1,"night":1},"recent":[{"d":"2025-09-17","day":"Wed","time":"15:00","desc":"VEHICLE THEFT","res":"unsolved"},{"d":"2025-08-08","day":"Fri","time":"23:00","desc":"BURGLARY- MOTOR VEHICLE","res":"unsolved"},{"d":"2025-07-18","day":"Fri","time":"19:00","desc":"BURGLARY- MOTOR VEHICLE","res":"unsolved"},{"d":"2025-07-18","day":"Fri","time":"16:00","desc":"BURGLARY- MOTOR VEHICLE","res":"unsolved"}]}},{"type":"Feature","geometry":{"type":"Polygon","coordinates":[[[-86.66921750898139,36.24898737583734],[-86.66775757014598,36.25025034910407],[-86.66840192540305,36.25201611616736],[-86.67050629892167,36.252518928687905],[-86.67196627692901,36.25125593913531],[-86.67132184224656,36.249490153348525],[-86.66921750898139,36.24898737583734],[-86.66921750898139,36.24898737583734]]]},"properties":{"h3":"89264d88d0bffff","count":2,"c3":0,"c6":0,"c12":0,"c24":2,"score":0.9,"risk":1,"peakDay":"Friday","peakTime":"evening","hood":"","bk12":{"morning":0,"afternoon":0,"evening":0,"night":0},"bk24":{"morning":0,"afternoon":1,"evening":1,"night":0},"recent":[{"d":"2025-08-19","day":"Tue","time":"15:00","desc":"BURGLARY- MOTOR VEHICLE","res":"unsolved"},{"d":"2025-07-18","day":"Fri","time":"19:00","desc":"BURGLARY- MOTOR VEHICLE","res":"unsolved"}]}},{"type":"Feature","geometry":{"type":"Polygon","coordinates":[[[-86.96894115767805,36.24758698692276],[-86.96748049593963,36.248855534766626],[-86.96813191366599,36.25062236256162],[-86.97024407250115,36.251120660737065],[-86.971704772688,36.249852096368],[-86.97105327559208,36.24808525034919],[-86.96894115767805,36.24758698692276],[-86.96894115767805,36.24758698692276]]]},"properties":{"h3":"89264dc538fffff","count":1,"c3":0,"c6":0,"c12":0,"c24":1,"score":0.4,"risk":0,"peakDay":"Friday","peakTime":"evening","hood":"","bk12":{"morning":0,"afternoon":0,"evening":0,"night":0},"bk24":{"morning":0,"afternoon":0,"evening":1,"night":0},"recent":[{"d":"2025-07-18","day":"Fri","time":"19:00","desc":"LARC - PARTS FROM VEH","res":"unsolved"}]}},{"type":"Feature","geometry":{"type":"Polygon","coordinates":[[[-86.87898233313247,36.11821832462875],[-86.87752370849297,36.11948717878578],[-86.87817219518799,36.12125470079714],[-86.88027938571241,36.12175338703683],[-86.88173804892192,36.120484516324616],[-86.88108948303781,36.11871697592838],[-86.87898233313247,36.11821832462875],[-86.87898233313247,36.11821832462875]]]},"properties":{"h3":"89264d1aeafffff","count":2,"c3":0,"c6":0,"c12":1,"c24":2,"score":1,"risk":1,"peakDay":"Friday","peakTime":"evening","hood":"","bk12":{"morning":0,"afternoon":0,"evening":1,"night":0},"bk24":{"morning":0,"afternoon":0,"evening":2,"night":0},"recent":[{"d":"2025-10-30","day":"Thu","time":"20:00","desc":"BURGLARY- MOTOR VEHICLE","res":"unsolved"},{"d":"2025-07-18","day":"Fri","time":"21:40","desc":"BURGLARY- MOTOR VEHICLE","res":"unsolved"}]}},{"type":"Feature","geometry":{"type":"Polygon","coordinates":[[[-86.81075284939615,36.147232317753584],[-86.80929398460694,36.14849946786621],[-86.80994104461402,36.15026652685492],[-86.81204704865698,36.150766454227984],[-86.81350595220209,36.14949928763694],[-86.81285881294917,36.147732210151744],[-86.81075284939615,36.147232317753584],[-86.81075284939615,36.147232317753584]]]},"properties":{"h3":"89264d1119bffff","count":32,"c3":0,"c6":0,"c12":9,"c24":32,"score":15.7,"risk":16,"peakDay":"Friday","peakTime":"evening","hood":"","bk12":{"morning":0,"afternoon":1,"evening":3,"night":5},"bk24":{"morning":1,"afternoon":3,"evening":17,"night":11},"sv12":1,"recent":[{"d":"2026-02-25","day":"Wed","time":"18:00","desc":"BURGLARY- MOTOR VEHICLE","res":"unsolved"},{"d":"2026-02-25","day":"Wed","time":"18:00","desc":"BURGLARY- MOTOR VEHICLE","res":"unsolved"},{"d":"2026-01-02","day":"Fri","time":"22:30","desc":"BURGLARY - MOTOR VEHICLE","res":"unsolved"},{"d":"2026-01-02","day":"Fri","time":"22:30","desc":"BURGLARY - MOTOR VEHICLE","res":"unsolved"},{"d":"2026-01-02","day":"Fri","time":"22:30","desc":"BURGLARY - MOTOR VEHICLE","res":"unsolved"},{"d":"2025-12-23","day":"Tue","time":"22:00","desc":"BURGLARY- MOTOR VEHICLE","res":"unsolved"},{"d":"2025-10-16","day":"Thu","time":"17:00","desc":"BURGLARY - MOTOR VEHICLE","res":"unsolved"},{"d":"2025-10-13","day":"Mon","time":"22:00","desc":"BURGLARY - MOTOR VEHICLE","res":"unsolved"},{"d":"2025-10-11","day":"Sat","time":"12:00","desc":"THEFT OF VEHICLE-2,500 OR > BUT<$10,000","res":"unsolved"},{"d":"2025-09-30","day":"Tue","time":"07:00","desc":"BURGLARY- MOTOR VEHICLE","res":"unsolved"}]}},{"type":"Feature","geometry":{"type":"Polygon","coordinates":[[[-86.79916208485612,36.27834103321702],[-86.79770140062283,36.279605967111905],[-86.79834900684254,36.28137196647286],[-86.80045737674517,36.28187305044383],[-86.80191809986056,36.28060810018201],[-86.80127041419202,36.27884208231665],[-86.79916208485612,36.27834103321702],[-86.79916208485612,36.27834103321702]]]},"properties":{"h3":"89264d8930fffff","count":3,"c3":0,"c6":0,"c12":0,"c24":3,"score":1.3,"risk":1,"peakDay":"Friday","peakTime":"afternoon","hood":"","bk12":{"morning":0,"afternoon":0,"evening":0,"night":0},"bk24":{"morning":0,"afternoon":2,"evening":0,"night":1},"recent":[{"d":"2025-08-28","day":"Thu","time":"13:30","desc":"VEHICLE THEFT","res":"unsolved"},{"d":"2025-08-20","day":"Wed","time":"15:30","desc":"LARC - PARTS FROM VEH","res":"unsolved"},{"d":"2025-07-18","day":"Fri","time":"23:45","desc":"BURGLARY- MOTOR VEHICLE","res":"unsolved"}]}},{"type":"Feature","geometry":{"type":"Polygon","coordinates":[[[-86.7771768054429,36.197328740928],[-86.775717319128,36.198594505669504],[-86.77636390011345,36.20036105892214],[-86.77847004674301,36.20086186598202],[-86.77992957193203,36.19959608482798],[-86.77928291161822,36.19782951302709],[-86.7771768054429,36.197328740928],[-86.7771768054429,36.197328740928]]]},"properties":{"h3":"89264d1356fffff","count":1,"c3":0,"c6":0,"c12":0,"c24":1,"score":0.4,"risk":0,"peakDay":"Saturday","peakTime":"night","hood":"","bk12":{"morning":0,"afternoon":0,"evening":0,"night":0},"bk24":{"morning":0,"afternoon":0,"evening":0,"night":1},"recent":[{"d":"2025-07-19","day":"Sat","time":"00:00","desc":"LARC - PARTS FROM VEH","res":"closed"}]}},{"type":"Feature","geometry":{"type":"Polygon","coordinates":[[[-86.61778145763145,36.028638588921694],[-86.61632475611219,36.029903964416064],[-86.61696652982455,36.03167123095696],[-86.61906508415291,36.032173140831425],[-86.62052182480015,36.03090774891914],[-86.61987997199182,36.029140463550775],[-86.61778145763145,36.028638588921694],[-86.61778145763145,36.028638588921694]]]},"properties":{"h3":"89264d141cbffff","count":3,"c3":0,"c6":0,"c12":0,"c24":3,"score":1.3,"risk":1,"peakDay":"Saturday","peakTime":"night","hood":"","bk12":{"morning":0,"afternoon":0,"evening":0,"night":0},"bk24":{"morning":1,"afternoon":0,"evening":0,"night":2},"recent":[{"d":"2025-08-21","day":"Thu","time":"07:00","desc":"LARC - PARTS FROM VEH","res":"unsolved"},{"d":"2025-07-19","day":"Sat","time":"00:00","desc":"BURGLARY- MOTOR VEHICLE","res":"unsolved"},{"d":"2025-07-19","day":"Sat","time":"00:00","desc":"BURGLARY- MOTOR VEHICLE","res":"unsolved"}]}},{"type":"Feature","geometry":{"type":"Polygon","coordinates":[[[-86.69050625016689,36.207320757959806],[-86.6890468440012,36.208584763314505],[-86.68969144228252,36.21035093011268],[-86.69179552608843,36.21085311024842],[-86.69325497134362,36.209589088558225],[-86.69261029370419,36.20782290306827],[-86.69050625016689,36.207320757959806],[-86.69050625016689,36.207320757959806]]]},"properties":{"h3":"89264d8d64bffff","count":1,"c3":0,"c6":0,"c12":0,"c24":1,"score":0.4,"risk":0,"peakDay":"Saturday","peakTime":"night","hood":"","bk12":{"morning":0,"afternoon":0,"evening":0,"night":0},"bk24":{"morning":0,"afternoon":0,"evening":0,"night":1},"recent":[{"d":"2025-07-19","day":"Sat","time":"01:30","desc":"LARC - PARTS FROM VEH","res":"unsolved"}]}},{"type":"Feature","geometry":{"type":"Polygon","coordinates":[[[-86.63008423210236,36.15740951161913],[-86.62862568713231,36.158673157700484],[-86.62926854902514,36.16043949051364],[-86.63137003517971,36.160942196042576],[-86.63282861934576,36.159678533635045],[-86.63218567816202,36.157912182025235],[-86.63008423210236,36.15740951161913],[-86.63008423210236,36.15740951161913]]]},"properties":{"h3":"89264d8dc4fffff","count":7,"c3":0,"c6":0,"c12":3,"c24":7,"score":3.5,"risk":4,"peakDay":"Saturday","peakTime":"night","hood":"","bk12":{"morning":1,"afternoon":0,"evening":0,"night":2},"bk24":{"morning":1,"afternoon":1,"evening":1,"night":4},"sv12":1,"recent":[{"d":"2026-03-01","day":"Sun","time":"08:45","desc":"VEHICLE THEFT","res":"unsolved"},{"d":"2026-01-11","day":"Sun","time":"00:00","desc":"BURGLARY- MOTOR VEHICLE","res":"unsolved"},{"d":"2025-11-05","day":"Wed","time":"00:01","desc":"BURGLARY- MOTOR VEHICLE","res":"unsolved"},{"d":"2025-07-29","day":"Tue","time":"22:00","desc":"VEHICLE THEFT","res":"unsolved"},{"d":"2025-07-19","day":"Sat","time":"12:00","desc":"LARC - PARTS FROM VEH","res":"unsolved"},{"d":"2025-07-15","day":"Tue","time":"00:00","desc":"VEHICLE THEFT","res":"unsolved"},{"d":"2025-05-24","day":"Sat","time":"19:00","desc":"VEHICLE THEFT","res":"unsolved"}]}},{"type":"Feature","geometry":{"type":"Polygon","coordinates":[[[-86.91850956567109,36.05814170812536],[-86.91705168935985,36.059412204489206],[-86.91770073145652,36.06118032471893],[-86.91980772895528,36.0616779669087],[-86.92126564369664,36.06040745391134],[-86.92061652250992,36.0586393153582],[-86.91850956567109,36.05814170812536],[-86.91850956567109,36.05814170812536]]]},"properties":{"h3":"89264d1884bffff","count":4,"c3":0,"c6":0,"c12":0,"c24":4,"score":1.8,"risk":2,"peakDay":"Sunday","peakTime":"afternoon","hood":"","bk12":{"morning":0,"afternoon":0,"evening":0,"night":0},"bk24":{"morning":1,"afternoon":2,"evening":1,"night":0},"recent":[{"d":"2025-09-14","day":"Sun","time":"12:00","desc":"BURGLARY- MOTOR VEHICLE","res":"unsolved"},{"d":"2025-09-14","day":"Sun","time":"12:00","desc":"BURGLARY- MOTOR VEHICLE","res":"unsolved"},{"d":"2025-07-22","day":"Tue","time":"09:45","desc":"BURGLARY- MOTOR VEHICLE","res":"unsolved"},{"d":"2025-07-19","day":"Sat","time":"18:30","desc":"LARC - PARTS FROM VEH","res":"unsolved"}]}},{"type":"Feature","geometry":{"type":"Polygon","coordinates":[[[-86.63015274566382,36.057415713114715],[-86.6286956072132,36.0586808815472],[-86.62933785072649,36.06044797631693],[-86.6314373118292,36.060949921459304],[-86.6328944894001,36.05968473662177],[-86.63225216674878,36.05791762304739],[-86.63015274566382,36.057415713114715],[-86.63015274566382,36.057415713114715]]]},"properties":{"h3":"89264d14447ffff","count":11,"c3":0,"c6":0,"c12":0,"c24":11,"score":5,"risk":5,"peakDay":"Sunday","peakTime":"night","hood":"","bk12":{"morning":0,"afternoon":0,"evening":0,"night":0},"bk24":{"morning":0,"afternoon":0,"evening":3,"night":8},"recent":[{"d":"2025-09-25","day":"Thu","time":"19:59","desc":"VEHICLE THEFT","res":"unsolved"},{"d":"2025-08-30","day":"Sat","time":"23:00","desc":"BURGLARY- MOTOR VEHICLE","res":"unsolved"},{"d":"2025-08-30","day":"Sat","time":"23:00","desc":"BURGLARY- MOTOR VEHICLE","res":"unsolved"},{"d":"2025-08-25","day":"Mon","time":"01:19","desc":"VEHICLE THEFT","res":"unsolved"},{"d":"2025-08-24","day":"Sun","time":"23:55","desc":"BURGLARY- MOTOR VEHICLE","res":"unsolved"},{"d":"2025-08-24","day":"Sun","time":"23:55","desc":"BURGLARY- MOTOR VEHICLE","res":"unsolved"},{"d":"2025-08-24","day":"Sun","time":"23:55","desc":"BURGLARY- MOTOR VEHICLE","res":"unsolved"},{"d":"2025-08-24","day":"Sun","time":"23:55","desc":"BURGLARY- MOTOR VEHICLE","res":"unsolved"},{"d":"2025-08-03","day":"Sun","time":"02:00","desc":"VEHICLE THEFT","res":"unsolved"},{"d":"2025-07-19","day":"Sat","time":"21:22","desc":"THEFT OF VEHICLE-2,500 OR > BUT<$10,000","res":"unsolved"}]}},{"type":"Feature","geometry":{"type":"Polygon","coordinates":[[[-86.70851894993075,36.077735340791676],[-86.70706132148294,36.079001653489904],[-86.70770553869282,36.08076887925056],[-86.7098074635082,36.081269810986015],[-86.7112651309048,36.08000348183613],[-86.71062083453802,36.07823623740293],[-86.70851894993075,36.077735340791676],[-86.70851894993075,36.077735340791676]]]},"properties":{"h3":"89264d10907ffff","count":12,"c3":0,"c6":0,"c12":7,"c24":12,"score":6.6,"risk":7,"peakDay":"Friday","peakTime":"night","hood":"","bk12":{"morning":0,"afternoon":2,"evening":2,"night":3},"bk24":{"morning":2,"afternoon":3,"evening":3,"night":4},"sv12":3,"recent":[{"d":"2026-02-13","day":"Fri","time":"04:05","desc":"BURGLARY - MOTOR VEHICLE","res":"unsolved"},{"d":"2026-02-12","day":"Thu","time":"19:00","desc":"BURGLARY- MOTOR VEHICLE","res":"unsolved"},{"d":"2026-01-30","day":"Fri","time":"22:00","desc":"BURGLARY- MOTOR VEHICLE","res":"unsolved"},{"d":"2026-01-19","day":"Mon","time":"12:30","desc":"BURGLARY- MOTOR VEHICLE","res":"unsolved"},{"d":"2026-01-11","day":"Sun","time":"16:00","desc":"VEHICLE THEFT","res":"unsolved"},{"d":"2025-12-21","day":"Sun","time":"04:30","desc":"VEHICLE THEFT","res":"unsolved"},{"d":"2025-12-14","day":"Sun","time":"20:00","desc":"VEHICLE THEFT","res":"unsolved"},{"d":"2025-10-01","day":"Wed","time":"12:50","desc":"VEHICLE THEFT","res":"unsolved"},{"d":"2025-09-05","day":"Fri","time":"10:00","desc":"BURGLARY- MOTOR VEHICLE","res":"unsolved"},{"d":"2025-09-03","day":"Wed","time":"19:00","desc":"BURGLARY- MOTOR VEHICLE","res":"unsolved"}]}},{"type":"Feature","geometry":{"type":"Polygon","coordinates":[[[-86.77917120243059,36.13973059771511],[-86.77771252224919,36.140997277077666],[-86.77835879090917,36.14276428192022],[-86.78046381899122,36.143264625950465],[-86.78192253799878,36.14199793012869],[-86.78127619009892,36.14023090673636],[-86.77917120243059,36.13973059771511],[-86.77917120243059,36.13973059771511]]]},"properties":{"h3":"89264d102afffff","count":27,"c3":0,"c6":0,"c12":8,"c24":27,"score":13.3,"risk":14,"peakDay":"Monday","peakTime":"afternoon","hood":"","bk12":{"morning":0,"afternoon":6,"evening":1,"night":1},"bk24":{"morning":4,"afternoon":10,"evening":8,"night":5},"sv12":5,"recent":[{"d":"2026-02-23","day":"Mon","time":"03:30","desc":"VEHICLE THEFT","res":"unsolved"},{"d":"2026-02-21","day":"Sat","time":"16:00","desc":"THEFT OF VEHICLE-2,500 OR > BUT<$10,000","res":"unsolved"},{"d":"2026-02-20","day":"Fri","time":"13:28","desc":"VEHICLE OFFENSE, CRIMINAL ATTEMPT","res":"unsolved"},{"d":"2026-01-27","day":"Tue","time":"15:00","desc":"VEHICLE THEFT","res":"unsolved"},{"d":"2025-12-10","day":"Wed","time":"14:00","desc":"BURGLARY- MOTOR VEHICLE","res":"unsolved"},{"d":"2025-12-09","day":"Tue","time":"14:00","desc":"BURGLARY- MOTOR VEHICLE","res":"unsolved"},{"d":"2025-12-09","day":"Tue","time":"14:00","desc":"BURGLARY- MOTOR VEHICLE","res":"unsolved"},{"d":"2025-11-24","day":"Mon","time":"19:30","desc":"VEHICLE THEFT","res":"unsolved"},{"d":"2025-09-20","day":"Sat","time":"00:00","desc":"BURGLARY- MOTOR VEHICLE","res":"unsolved"},{"d":"2025-09-09","day":"Tue","time":"09:06","desc":"VEHICLE THEFT","res":"unsolved"}]}},{"type":"Feature","geometry":{"type":"Polygon","coordinates":[[[-86.70853319687355,36.277715410242784],[-86.70707275076852,36.27897867308519],[-86.70771821356568,36.28074435688875],[-86.70982420193192,36.281246796505826],[-86.71128468713644,36.27998351736843],[-86.71063914487603,36.278217814909425],[-86.70853319687355,36.277715410242784],[-86.70853319687355,36.277715410242784]]]},"properties":{"h3":"89264d88173ffff","count":8,"c3":0,"c6":0,"c12":2,"c24":8,"score":3.9,"risk":4,"peakDay":"Saturday","peakTime":"evening","hood":"","bk12":{"morning":0,"afternoon":0,"evening":1,"night":1},"bk24":{"morning":0,"afternoon":0,"evening":6,"night":2},"recent":[{"d":"2026-02-21","day":"Sat","time":"00:00","desc":"BURGLARY- MOTOR VEHICLE","res":"unsolved"},{"d":"2026-01-11","day":"Sun","time":"17:00","desc":"BURGLARY- MOTOR VEHICLE","res":"unsolved"},{"d":"2025-09-28","day":"Sun","time":"18:00","desc":"Theft of Vehicle- $60,000 or > but < $250,000","res":"unsolved"},{"d":"2025-08-02","day":"Sat","time":"17:00","desc":"BURGLARY - MOTOR VEHICLE","res":"unsolved"},{"d":"2025-07-25","day":"Fri","time":"18:30","desc":"BURGLARY- MOTOR VEHICLE","res":"unsolved"},{"d":"2025-07-25","day":"Fri","time":"18:30","desc":"BURGLARY- MOTOR VEHICLE","res":"unsolved"},{"d":"2025-07-20","day":"Sun","time":"21:00","desc":"BURGLARY- MOTOR VEHICLE","res":"unsolved"},{"d":"2025-07-19","day":"Sat","time":"23:30","desc":"BURGLARY- MOTOR VEHICLE","res":"unsolved"}]}},{"type":"Feature","geometry":{"type":"Polygon","coordinates":[[[-86.66079770050018,36.167977180185886],[-86.6593389260604,36.1692412349489],[-86.65998257841864,36.17100759810507],[-86.66208508451982,36.17150992524339],[-86.66354389809037,36.170245854137875],[-86.6629001664297,36.16847947223703],[-86.66079770050018,36.167977180185886],[-86.66079770050018,36.167977180185886]]]},"properties":{"h3":"89264d8d307ffff","count":3,"c3":0,"c6":0,"c12":0,"c24":3,"score":1.4,"risk":1,"peakDay":"Sunday","peakTime":"evening","hood":"","bk12":{"morning":0,"afternoon":0,"evening":0,"night":0},"bk24":{"morning":1,"afternoon":0,"evening":2,"night":0},"recent":[{"d":"2025-09-18","day":"Thu","time":"17:30","desc":"VEHICLE THEFT","res":"unsolved"},{"d":"2025-08-22","day":"Fri","time":"18:00","desc":"LARC - PARTS FROM VEH","res":"unsolved"},{"d":"2025-07-20","day":"Sun","time":"08:00","desc":"LARC - PARTS FROM VEH","res":"unsolved"}]}},{"type":"Feature","geometry":{"type":"Polygon","coordinates":[[[-86.57867915259021,36.037028965211746],[-86.57722243761344,36.03829348822408],[-86.57786334115913,36.040060547276305],[-86.57996103879678,36.04056310220857],[-86.58141779300071,36.039298562816384],[-86.58077681034061,36.03753148487225],[-86.57867915259021,36.037028965211746],[-86.57867915259021,36.037028965211746]]]},"properties":{"h3":"89264d16a93ffff","count":3,"c3":0,"c6":0,"c12":1,"c24":3,"score":1.4,"risk":1,"peakDay":"Sunday","peakTime":"afternoon","hood":"","bk12":{"morning":0,"afternoon":0,"evening":1,"night":0},"bk24":{"morning":0,"afternoon":1,"evening":1,"night":1},"recent":[{"d":"2025-12-20","day":"Sat","time":"18:00","desc":"LARC - PARTS FROM VEH","res":"unsolved"},{"d":"2025-07-21","day":"Mon","time":"02:21","desc":"BURGLARY- MOTOR VEHICLE","res":"unsolved"},{"d":"2025-07-20","day":"Sun","time":"13:30","desc":"BURGLARY- MOTOR VEHICLE","res":"unsolved"}]}},{"type":"Feature","geometry":{"type":"Polygon","coordinates":[[[-86.97084680683152,36.038187316884766],[-86.96938908573988,36.039459082394046],[-86.9700392348779,36.04122753657222],[-86.97214718415786,36.04172424347891],[-86.97360494353848,36.04045246127935],[-86.972954715351,36.03868398886387],[-86.97084680683152,36.038187316884766],[-86.97084680683152,36.038187316884766]]]},"properties":{"h3":"89264d19bafffff","count":3,"c3":0,"c6":0,"c12":0,"c24":3,"score":1.3,"risk":1,"peakDay":"Sunday","peakTime":"evening","hood":"","bk12":{"morning":0,"afternoon":0,"evening":0,"night":0},"bk24":{"morning":0,"afternoon":1,"evening":2,"night":0},"recent":[{"d":"2025-08-03","day":"Sun","time":"21:00","desc":"BURGLARY- MOTOR VEHICLE","res":"unsolved"},{"d":"2025-08-03","day":"Sun","time":"21:00","desc":"BURGLARY- MOTOR VEHICLE","res":"unsolved"},{"d":"2025-07-20","day":"Sun","time":"14:00","desc":"BURGLARY- MOTOR VEHICLE","res":"unsolved"}]}},{"type":"Feature","geometry":{"type":"Polygon","coordinates":[[[-86.61910865202546,36.14833311236162],[-86.61765026388775,36.149596693142534],[-86.61829281042247,36.15136305550919],[-86.62039382437435,36.151865855911105],[-86.62185225172736,36.150602258805705],[-86.62120962591398,36.14883587762335],[-86.61910865202546,36.14833311236162],[-86.61910865202546,36.14833311236162]]]},"properties":{"h3":"89264d8d893ffff","count":3,"c3":0,"c6":0,"c12":0,"c24":3,"score":1.3,"risk":1,"peakDay":"Sunday","peakTime":"night","hood":"","bk12":{"morning":0,"afternoon":0,"evening":0,"night":0},"bk24":{"morning":0,"afternoon":0,"evening":1,"night":2},"recent":[{"d":"2025-08-22","day":"Fri","time":"01:35","desc":"VEHICLE THEFT","res":"unsolved"},{"d":"2025-07-24","day":"Thu","time":"03:25","desc":"VEHICLE THEFT","res":"unsolved"},{"d":"2025-07-20","day":"Sun","time":"17:00","desc":"LARC - PARTS FROM VEH","res":"unsolved"}]}},{"type":"Feature","geometry":{"type":"Polygon","coordinates":[[[-86.7488927809621,36.27766518291252],[-86.74743223262256,36.27892919516057],[-86.7480786480259,36.28069502269616],[-86.75018569122605,36.28119685657243],[-86.75164627856812,36.27993282799705],[-86.75099978370834,36.278166981873234],[-86.7488927809621,36.27766518291252],[-86.7488927809621,36.27766518291252]]]},"properties":{"h3":"89264d89c83ffff","count":1,"c3":0,"c6":0,"c12":0,"c24":1,"score":0.4,"risk":0,"peakDay":"Sunday","peakTime":"evening","hood":"","bk12":{"morning":0,"afternoon":0,"evening":0,"night":0},"bk24":{"morning":0,"afternoon":0,"evening":1,"night":0},"recent":[{"d":"2025-07-20","day":"Sun","time":"19:00","desc":"BURGLARY- MOTOR VEHICLE","res":"unsolved"}]}},{"type":"Feature","geometry":{"type":"Polygon","coordinates":[[[-86.76935913165747,36.239009483771866],[-86.76789907727807,36.240274467027184],[-86.76854573415983,36.24204066879808],[-86.77065252481543,36.2425419058718],[-86.77211261811907,36.2412769062427],[-86.77146588184368,36.23951068591417],[-86.76935913165747,36.239009483771866],[-86.76935913165747,36.239009483771866]]]},"properties":{"h3":"89264d89bd3ffff","count":6,"c3":0,"c6":0,"c12":0,"c24":6,"score":2.5,"risk":3,"peakDay":"Friday","peakTime":"evening","hood":"","bk12":{"morning":0,"afternoon":0,"evening":0,"night":0},"bk24":{"morning":0,"afternoon":0,"evening":3,"night":3},"recent":[{"d":"2025-08-08","day":"Fri","time":"02:56","desc":"VEHICLE THEFT","res":"unsolved"},{"d":"2025-07-27","day":"Sun","time":"22:19","desc":"VEHICLE THEFT","res":"unsolved"},{"d":"2025-07-26","day":"Sat","time":"21:00","desc":"VEHICLE THEFT","res":"unsolved"},{"d":"2025-07-20","day":"Sun","time":"20:30","desc":"BURGLARY- MOTOR VEHICLE","res":"unsolved"},{"d":"2025-07-04","day":"Fri","time":"03:00","desc":"VEHICLE THEFT","res":"unsolved"},{"d":"2025-05-23","day":"Fri","time":"21:00","desc":"THEFT OF VEHICLE-2,500 OR > BUT<$10,000","res":"unsolved"}]}},{"type":"Feature","geometry":{"type":"Polygon","coordinates":[[[-86.78881976305775,36.22912522181239],[-86.78735979923799,36.230390716821375],[-86.78800685352564,36.232157064273906],[-86.79011395100898,36.23265793524402],[-86.79157395369877,36.23139242383805],[-86.79092682003602,36.22962605785943],[-86.78881976305775,36.22912522181239],[-86.78881976305775,36.22912522181239]]]},"properties":{"h3":"89264d1348bffff","count":4,"c3":0,"c6":0,"c12":2,"c24":4,"score":2,"risk":2,"peakDay":"Monday","peakTime":"morning","hood":"","bk12":{"morning":1,"afternoon":0,"evening":0,"night":1},"bk24":{"morning":2,"afternoon":0,"evening":1,"night":1},"sv12":1,"recent":[{"d":"2026-01-12","day":"Mon","time":"07:00","desc":"LARC - PARTS FROM VEH","res":"unsolved"},{"d":"2025-11-24","day":"Mon","time":"00:20","desc":"VEHICLE THEFT","res":"unsolved"},{"d":"2025-09-02","day":"Tue","time":"06:00","desc":"BURGLARY- MOTOR VEHICLE","res":"unsolved"},{"d":"2025-07-20","day":"Sun","time":"21:00","desc":"LARC - PARTS FROM VEH","res":"unsolved"}]}},{"type":"Feature","geometry":{"type":"Polygon","coordinates":[[[-86.72970837039843,36.19893191624247],[-86.72824898177632,36.20019677667765],[-86.72889445290052,36.201963148762836],[-86.73099939198646,36.202464679040595],[-86.73245881959778,36.20119980223201],[-86.73181326913475,36.19943341151957],[-86.72970837039843,36.19893191624247],[-86.72970837039843,36.19893191624247]]]},"properties":{"h3":"89264d1201bffff","count":2,"c3":0,"c6":0,"c12":1,"c24":2,"score":1,"risk":1,"peakDay":"Monday","peakTime":"night","hood":"","bk12":{"morning":0,"afternoon":0,"evening":0,"night":1},"bk24":{"morning":0,"afternoon":0,"evening":0,"night":2},"recent":[{"d":"2026-01-23","day":"Fri","time":"03:00","desc":"BURGLARY - MOTOR VEHICLE","res":"unsolved"},{"d":"2025-07-21","day":"Mon","time":"00:30","desc":"BURGLARY- MOTOR VEHICLE","res":"unsolved"}]}},{"type":"Feature","geometry":{"type":"Polygon","coordinates":[[[-86.578970354168,36.04839307629325],[-86.57751347877675,36.049657432289465],[-86.57815445942168,36.051424406772405],[-86.58025239459035,36.05192704415013],[-86.58170930921663,36.050662671782824],[-86.58106824943998,36.048895678409366],[-86.578970354168,36.04839307629325],[-86.578970354168,36.04839307629325]]]},"properties":{"h3":"89264d16e03ffff","count":4,"c3":0,"c6":0,"c12":0,"c24":4,"score":1.6,"risk":2,"peakDay":"Monday","peakTime":"night","hood":"","bk12":{"morning":0,"afternoon":0,"evening":0,"night":0},"bk24":{"morning":0,"afternoon":0,"evening":1,"night":3},"recent":[{"d":"2025-08-10","day":"Sun","time":"00:00","desc":"BURGLARY- MOTOR VEHICLE","res":"unsolved"},{"d":"2025-07-21","day":"Mon","time":"02:00","desc":"BURGLARY- MOTOR VEHICLE","res":"unsolved"},{"d":"2025-07-21","day":"Mon","time":"00:00","desc":"VEHICLE THEFT","res":"unsolved"},{"d":"2025-02-16","day":"Sun","time":"21:30","desc":"VEHICLE THEFT","res":"unsolved"}]}},{"type":"Feature","geometry":{"type":"Polygon","coordinates":[[[-86.6794924235655,36.29817860068097],[-86.67803176320403,36.299441010889005],[-86.67867666785449,36.30120643088651],[-86.68078231236663,36.30170945937827],[-86.68224301191276,36.30044703291445],[-86.68159802776289,36.29868159421513],[-86.6794924235655,36.29817860068097],[-86.6794924235655,36.29817860068097]]]},"properties":{"h3":"89264d8ae6fffff","count":1,"c3":0,"c6":0,"c12":0,"c24":1,"score":0.4,"risk":0,"peakDay":"Monday","peakTime":"afternoon","hood":"","bk12":{"morning":0,"afternoon":0,"evening":0,"night":0},"bk24":{"morning":0,"afternoon":1,"evening":0,"night":0},"recent":[{"d":"2025-07-21","day":"Mon","time":"12:00","desc":"BURGLARY - MOTOR VEHICLE","res":"unsolved"}]}},{"type":"Feature","geometry":{"type":"Polygon","coordinates":[[[-86.82028773491224,36.19950589412056],[-86.81882811027202,36.200772424326274],[-86.81947572165771,36.202539112746784],[-86.82158303700855,36.203039289438266],[-86.82304270042083,36.201772742787455],[-86.82239500971103,36.20000603589075],[-86.82028773491224,36.19950589412056],[-86.82028773491224,36.19950589412056]]]},"properties":{"h3":"89264d13213ffff","count":2,"c3":0,"c6":0,"c12":0,"c24":2,"score":0.9,"risk":1,"peakDay":"Monday","peakTime":"afternoon","hood":"","bk12":{"morning":0,"afternoon":0,"evening":0,"night":0},"bk24":{"morning":0,"afternoon":1,"evening":1,"night":0},"recent":[{"d":"2025-10-06","day":"Mon","time":"17:00","desc":"VEHICLE THEFT","res":"unsolved"},{"d":"2025-07-21","day":"Mon","time":"16:00","desc":"LARC - PARTS FROM VEH","res":"unsolved"}]}},{"type":"Feature","geometry":{"type":"Polygon","coordinates":[[[-86.63897463483532,36.08695307381376],[-86.6375170579681,36.08821795727645],[-86.63815969253176,36.08998486039473],[-86.6402599831453,36.090486898838435],[-86.64171759913413,36.08922199898694],[-86.64107488538862,36.087455077081025],[-86.63897463483532,36.08695307381376],[-86.63897463483532,36.08695307381376]]]},"properties":{"h3":"89264d17567ffff","count":8,"c3":0,"c6":0,"c12":2,"c24":8,"score":3.8,"risk":4,"peakDay":"Monday","peakTime":"evening","hood":"","bk12":{"morning":0,"afternoon":1,"evening":0,"night":1},"bk24":{"morning":1,"afternoon":1,"evening":3,"night":3},"recent":[{"d":"2025-12-06","day":"Sat","time":"16:00","desc":"LARC - PARTS FROM VEH","res":"unsolved"},{"d":"2025-12-01","day":"Mon","time":"22:30","desc":"LARC - PARTS FROM VEH","res":"unsolved"},{"d":"2025-09-01","day":"Mon","time":"19:30","desc":"VEHICLE THEFT","res":"unsolved"},{"d":"2025-08-12","day":"Tue","time":"02:00","desc":"BURGLARY- MOTOR VEHICLE","res":"unsolved"},{"d":"2025-08-01","day":"Fri","time":"08:00","desc":"LARC - PARTS FROM VEH","res":"unsolved"},{"d":"2025-07-23","day":"Wed","time":"19:30","desc":"BURGLARY- MOTOR VEHICLE","res":"unsolved"},{"d":"2025-07-22","day":"Tue","time":"00:00","desc":"VEHICLE THEFT","res":"unsolved"},{"d":"2025-07-21","day":"Mon","time":"17:00","desc":"BURGLARY- MOTOR VEHICLE","res":"unsolved"}]}},{"type":"Feature","geometry":{"type":"Polygon","coordinates":[[[-86.8189824267982,36.21693800118233],[-86.81752255968433,36.218204241178874],[-86.81817024929693,36.21997078957635],[-86.82027788537526,36.22047111645462],[-86.82173779127739,36.219204860027595],[-86.82109002231373,36.21743829315325],[-86.8189824267982,36.21693800118233],[-86.8189824267982,36.21693800118233]]]},"properties":{"h3":"89264d1360bffff","count":2,"c3":0,"c6":0,"c12":0,"c24":2,"score":0.9,"risk":1,"peakDay":"Monday","peakTime":"night","hood":"","bk12":{"morning":0,"afternoon":0,"evening":0,"night":0},"bk24":{"morning":1,"afternoon":0,"evening":0,"night":1},"recent":[{"d":"2025-09-12","day":"Fri","time":"09:00","desc":"VEHICLE THEFT","res":"unsolved"},{"d":"2025-07-21","day":"Mon","time":"22:00","desc":"BURGLARY- MOTOR VEHICLE","res":"unsolved"}]}},{"type":"Feature","geometry":{"type":"Polygon","coordinates":[[[-86.5890650299627,36.197568244645105],[-86.5876060278243,36.19883051639094],[-86.58824817065617,36.20059639081524],[-86.59034939498575,36.20110001235559],[-86.59180843644835,36.19983772434812],[-86.59116621425795,36.19807183106242],[-86.5890650299627,36.197568244645105],[-86.5890650299627,36.197568244645105]]]},"properties":{"h3":"89264d8c46fffff","count":2,"c3":0,"c6":0,"c12":1,"c24":2,"score":1,"risk":1,"peakDay":"Tuesday","peakTime":"night","hood":"","bk12":{"morning":0,"afternoon":1,"evening":0,"night":0},"bk24":{"morning":0,"afternoon":1,"evening":0,"night":1},"sv12":1,"recent":[{"d":"2025-12-28","day":"Sun","time":"16:30","desc":"VEHICLE THEFT","res":"unsolved"},{"d":"2025-07-22","day":"Tue","time":"00:01","desc":"LARC - PARTS FROM VEH","res":"unsolved"}]}},{"type":"Feature","geometry":{"type":"Polygon","coordinates":[[[-86.66083661318922,36.067974272375835],[-86.6593792457128,36.06923984947237],[-86.66002227816772,36.0710069763954],[-86.66212275724938,36.07150854497514],[-86.66358016378099,36.07024295145732],[-86.66293705217655,36.06847580578154],[-86.66083661318922,36.067974272375835],[-86.66083661318922,36.067974272375835]]]},"properties":{"h3":"89264d173abffff","count":3,"c3":0,"c6":0,"c12":1,"c24":3,"score":1.5,"risk":2,"peakDay":"Tuesday","peakTime":"evening","hood":"","bk12":{"morning":0,"afternoon":0,"evening":1,"night":0},"bk24":{"morning":1,"afternoon":0,"evening":2,"night":0},"sv12":1,"recent":[{"d":"2026-02-07","day":"Sat","time":"21:00","desc":"VEHICLE THEFT","res":"unsolved"},{"d":"2025-08-12","day":"Tue","time":"19:00","desc":"VEHICLE THEFT","res":"unsolved"},{"d":"2025-07-22","day":"Tue","time":"06:00","desc":"LARC - PARTS FROM VEH","res":"unsolved"}]}},{"type":"Feature","geometry":{"type":"Polygon","coordinates":[[[-86.90935508826878,36.26899533973908],[-86.90789426624704,36.27026245780105],[-86.90854441361397,36.272028913390685],[-86.91065546241767,36.2725282692403],[-86.91211632304831,36.271261134716724],[-86.9114660962672,36.26949466080565],[-86.90935508826878,36.26899533973908],[-86.90935508826878,36.26899533973908]]]},"properties":{"h3":"89264dc4637ffff","count":4,"c3":0,"c6":0,"c12":0,"c24":4,"score":1.7,"risk":2,"peakDay":"Tuesday","peakTime":"evening","hood":"","bk12":{"morning":0,"afternoon":0,"evening":0,"night":0},"bk24":{"morning":1,"afternoon":1,"evening":2,"night":0},"recent":[{"d":"2025-07-29","day":"Tue","time":"15:56","desc":"BURGLARY- MOTOR VEHICLE","res":"unsolved"},{"d":"2025-07-25","day":"Fri","time":"17:00","desc":"BURGLARY- MOTOR VEHICLE","res":"unsolved"},{"d":"2025-07-25","day":"Fri","time":"17:00","desc":"BURGLARY- MOTOR VEHICLE","res":"unsolved"},{"d":"2025-07-22","day":"Tue","time":"09:00","desc":"BURGLARY- MOTOR VEHICLE","res":"unsolved"}]}},{"type":"Feature","geometry":{"type":"Polygon","coordinates":[[[-86.67069616378858,36.0687144924654],[-86.66923876015679,36.069980241103465],[-86.66988202967177,36.07174739830246],[-86.6719827819685,36.07224882560013],[-86.6734402246326,36.0709830605335],[-86.67279687596846,36.06921588459824],[-86.67069616378858,36.0687144924654],[-86.67069616378858,36.0687144924654]]]},"properties":{"h3":"89264d1730bffff","count":9,"c3":0,"c6":0,"c12":3,"c24":9,"score":4.4,"risk":4,"peakDay":"Saturday","peakTime":"night","hood":"","bk12":{"morning":1,"afternoon":1,"evening":0,"night":1},"bk24":{"morning":1,"afternoon":1,"evening":2,"night":5},"sv12":1,"recent":[{"d":"2026-01-12","day":"Mon","time":"11:44","desc":"BURGLARY- MOTOR VEHICLE","res":"unsolved"},{"d":"2025-12-14","day":"Sun","time":"00:00","desc":"BURGLARY- MOTOR VEHICLE","res":"unsolved"},{"d":"2025-10-18","day":"Sat","time":"12:00","desc":"VEHICLE THEFT","res":"unsolved"},{"d":"2025-09-23","day":"Tue","time":"04:00","desc":"VEHICLE THEFT","res":"unsolved"},{"d":"2025-08-18","day":"Mon","time":"03:44","desc":"VEHICLE THEFT","res":"unsolved"},{"d":"2025-08-16","day":"Sat","time":"19:30","desc":"LARC - PARTS FROM VEH","res":"unsolved"},{"d":"2025-08-09","day":"Sat","time":"22:00","desc":"LARC - PARTS FROM VEH","res":"unsolved"},{"d":"2025-07-28","day":"Mon","time":"22:00","desc":"VEHICLE THEFT","res":"unsolved"},{"d":"2025-07-22","day":"Tue","time":"20:30","desc":"LARC - PARTS FROM VEH","res":"unsolved"}]}},{"type":"Feature","geometry":{"type":"Polygon","coordinates":[[[-86.89875874960248,36.11966840454554],[-86.89730005658501,36.120937602515674],[-86.89794901823164,36.12270518239202],[-86.90005675208417,36.123203582650454],[-86.901515483625,36.121934368110665],[-86.90086644279079,36.12016676988258],[-86.89875874960248,36.11966840454554],[-86.89875874960248,36.11966840454554]]]},"properties":{"h3":"89264d1ae4fffff","count":2,"c3":0,"c6":0,"c12":0,"c24":2,"score":0.9,"risk":1,"peakDay":"Tuesday","peakTime":"night","hood":"","bk12":{"morning":0,"afternoon":0,"evening":0,"night":0},"bk24":{"morning":0,"afternoon":0,"evening":1,"night":1},"recent":[{"d":"2025-10-03","day":"Fri","time":"20:00","desc":"BURGLARY- MOTOR VEHICLE","res":"unsolved"},{"d":"2025-07-22","day":"Tue","time":"22:00","desc":"BURGLARY - MOTOR VEHICLE","res":"unsolved"}]}},{"type":"Feature","geometry":{"type":"Polygon","coordinates":[[[-86.75798029454684,36.11855709637237],[-86.75652196576496,36.11982370526261],[-86.75716760289436,36.12159079709572],[-86.75927164801762,36.122091298625854],[-86.76073001566064,36.12082467327665],[-86.7600842993201,36.119057562856725],[-86.75798029454684,36.11855709637237],[-86.75798029454684,36.11855709637237]]]},"properties":{"h3":"89264d10ecbffff","count":3,"c3":0,"c6":0,"c12":1,"c24":3,"score":1.5,"risk":2,"peakDay":"Wednesday","peakTime":"night","hood":"","bk12":{"morning":0,"afternoon":0,"evening":0,"night":1},"bk24":{"morning":1,"afternoon":0,"evening":0,"night":2},"recent":[{"d":"2026-02-18","day":"Wed","time":"23:01","desc":"LARC - PARTS FROM VEH","res":"unsolved"},{"d":"2025-08-16","day":"Sat","time":"10:21","desc":"BURGLARY- MOTOR VEHICLE","res":"unsolved"},{"d":"2025-07-23","day":"Wed","time":"00:01","desc":"LARC - PARTS FROM VEH","res":"unsolved"}]}},{"type":"Feature","geometry":{"type":"Polygon","coordinates":[[[-86.71952258067027,36.186828768689615],[-86.71806338868723,36.18809362498099],[-86.71870854404942,36.189860054226564],[-86.72081297071742,36.190361645826506],[-86.72227220170504,36.18909677316036],[-86.72162696702085,36.187330325269514],[-86.71952258067027,36.186828768689615],[-86.71952258067027,36.186828768689615]]]},"properties":{"h3":"89264d12027ffff","count":2,"c3":0,"c6":0,"c12":0,"c24":2,"score":0.9,"risk":1,"peakDay":"Wednesday","peakTime":"evening","hood":"","bk12":{"morning":0,"afternoon":0,"evening":0,"night":0},"bk24":{"morning":0,"afternoon":0,"evening":1,"night":1},"recent":[{"d":"2025-08-01","day":"Fri","time":"00:01","desc":"BURGLARY- MOTOR VEHICLE","res":"unsolved"},{"d":"2025-07-23","day":"Wed","time":"21:00","desc":"BURGLARY- MOTOR VEHICLE","res":"unsolved"}]}},{"type":"Feature","geometry":{"type":"Polygon","coordinates":[[[-86.61074046706183,36.06729382515493],[-86.60928324123454,36.068558483593215],[-86.60992508810664,36.07032543237568],[-86.61202423996286,36.07082774155657],[-86.61348150496407,36.06956306673663],[-86.61283957893595,36.06779609911796],[-86.61074046706183,36.06729382515493],[-86.61074046706183,36.06729382515493]]]},"properties":{"h3":"89264d1635bffff","count":9,"c3":0,"c6":0,"c12":2,"c24":9,"score":4.4,"risk":4,"peakDay":"Sunday","peakTime":"night","hood":"","bk12":{"morning":0,"afternoon":0,"evening":0,"night":2},"bk24":{"morning":0,"afternoon":0,"evening":1,"night":8},"recent":[{"d":"2026-01-11","day":"Sun","time":"22:00","desc":"BURGLARY- MOTOR VEHICLE","res":"unsolved"},{"d":"2026-01-11","day":"Sun","time":"22:00","desc":"BURGLARY- MOTOR VEHICLE","res":"unsolved"},{"d":"2025-10-06","day":"Mon","time":"01:40","desc":"VEHICLE THEFT","res":"unsolved"},{"d":"2025-10-05","day":"Sun","time":"23:00","desc":"VEHICLE THEFT","res":"unsolved"},{"d":"2025-07-27","day":"Sun","time":"00:00","desc":"BURGLARY- MOTOR VEHICLE","res":"unsolved"},{"d":"2025-07-27","day":"Sun","time":"00:00","desc":"BURGLARY- MOTOR VEHICLE","res":"unsolved"},{"d":"2025-07-26","day":"Sat","time":"22:00","desc":"BURGLARY- MOTOR VEHICLE","res":"unsolved"},{"d":"2025-07-23","day":"Wed","time":"21:00","desc":"LARC - PARTS FROM VEH","res":"unsolved"},{"d":"2025-07-13","day":"Sun","time":"23:45","desc":"VEHICLE THEFT","res":"unsolved"}]}},{"type":"Feature","geometry":{"type":"Polygon","coordinates":[[[-86.83538779954323,36.1304862334222],[-86.83392910928649,36.13175409437798],[-86.83457664540578,36.13352136911717],[-86.83668295099847,36.1340208013578],[-86.83814167993933,36.13275292389093],[-86.8374940646042,36.130985630695015],[-86.83538779954323,36.1304862334222],[-86.83538779954323,36.1304862334222]]]},"properties":{"h3":"89264d11307ffff","count":1,"c3":0,"c6":0,"c12":0,"c24":1,"score":0.4,"risk":0,"peakDay":"Thursday","peakTime":"night","hood":"","bk12":{"morning":0,"afternoon":0,"evening":0,"night":0},"bk24":{"morning":0,"afternoon":0,"evening":0,"night":1},"recent":[{"d":"2025-07-24","day":"Thu","time":"01:15","desc":"BURGLARY- MOTOR VEHICLE","res":"closed"}]}},{"type":"Feature","geometry":{"type":"Polygon","coordinates":[[[-86.67909520939372,36.24973517452501],[-86.67763523435154,36.25099831964546],[-86.67827982750615,36.252764116373115],[-86.68038447512869,36.253266786687796],[-86.68184448931973,36.25200362527413],[-86.68119981674015,36.25023780983948],[-86.67909520939372,36.24973517452501],[-86.67909520939372,36.24973517452501]]]},"properties":{"h3":"89264d88d4bffff","count":3,"c3":0,"c6":0,"c12":1,"c24":3,"score":1.5,"risk":2,"peakDay":"Thursday","peakTime":"night","hood":"","bk12":{"morning":0,"afternoon":1,"evening":0,"night":0},"bk24":{"morning":0,"afternoon":1,"evening":0,"night":2},"recent":[{"d":"2026-02-24","day":"Tue","time":"12:00","desc":"LARC - PARTS FROM VEH","res":"unsolved"},{"d":"2025-07-24","day":"Thu","time":"04:20","desc":"VEHICLE THEFT","res":"unsolved"},{"d":"2025-07-24","day":"Thu","time":"03:45","desc":"BURGLARY- MOTOR VEHICLE","res":"unsolved"}]}},{"type":"Feature","geometry":{"type":"Polygon","coordinates":[[[-86.73644719318882,36.24890836605971],[-86.73498708246936,36.25017258772182],[-86.73563302443198,36.251938595705624],[-86.73773915652924,36.252440400639365],[-86.73919930625945,36.25117616263748],[-86.73855328488246,36.2494101360421],[-86.73644719318882,36.24890836605971],[-86.73644719318882,36.24890836605971]]]},"properties":{"h3":"89264d89d77ffff","count":3,"c3":0,"c6":0,"c12":0,"c24":3,"score":1.3,"risk":1,"peakDay":"Thursday","peakTime":"morning","hood":"","bk12":{"morning":0,"afternoon":0,"evening":0,"night":0},"bk24":{"morning":3,"afternoon":0,"evening":0,"night":0},"recent":[{"d":"2025-07-24","day":"Thu","time":"05:38","desc":"VEHICLE THEFT","res":"closed"},{"d":"2025-07-24","day":"Thu","time":"05:38","desc":"VEHICLE THEFT","res":"closed"},{"d":"2025-07-24","day":"Thu","time":"05:38","desc":"BURGLARY - MOTOR VEHICLE","res":"closed"}]}},{"type":"Feature","geometry":{"type":"Polygon","coordinates":[[[-86.68021376433573,36.25806143797743],[-86.67875366884174,36.25932447639024],[-86.67939834030867,36.26109021231186],[-86.681503186708,36.26159292852554],[-86.6829633213545,36.26032987382512],[-86.68231857044998,36.25856411919914],[-86.68021376433573,36.25806143797743],[-86.68021376433573,36.25806143797743]]]},"properties":{"h3":"89264d88c23ffff","count":10,"c3":0,"c6":0,"c12":3,"c24":10,"score":4.9,"risk":5,"peakDay":"Thursday","peakTime":"night","hood":"","bk12":{"morning":0,"afternoon":0,"evening":2,"night":1},"bk24":{"morning":3,"afternoon":1,"evening":2,"night":4},"sv12":1,"recent":[{"d":"2026-02-10","day":"Tue","time":"00:00","desc":"BURGLARY- MOTOR VEHICLE","res":"unsolved"},{"d":"2026-02-05","day":"Thu","time":"18:04","desc":"VEHICLE THEFT","res":"unsolved"},{"d":"2025-12-29","day":"Mon","time":"17:00","desc":"BURGLARY - MOTOR VEHICLE","res":"closed"},{"d":"2025-09-25","day":"Thu","time":"02:00","desc":"BURGLARY- MOTOR VEHICLE","res":"unsolved"},{"d":"2025-08-31","day":"Sun","time":"04:00","desc":"VEHICLE THEFT","res":"unsolved"},{"d":"2025-08-26","day":"Tue","time":"09:42","desc":"VEHICLE THEFT","res":"unsolved"},{"d":"2025-08-19","day":"Tue","time":"00:01","desc":"VEHICLE THEFT","res":"unsolved"},{"d":"2025-08-08","day":"Fri","time":"09:30","desc":"BURGLARY - MOTOR VEHICLE","res":"unsolved"},{"d":"2025-07-24","day":"Thu","time":"13:30","desc":"LARC - PARTS FROM VEH","res":"unsolved"},{"d":"2025-01-13","day":"Mon","time":"06:00","desc":"VEHICLE THEFT","res":"unsolved"}]}},{"type":"Feature","geometry":{"type":"Polygon","coordinates":[[[-86.89760424403315,36.04835761339198],[-86.89614655551186,36.04962787142208],[-86.89679504434115,36.051395993229015],[-86.89890130077167,36.05189387536541],[-86.90035902776623,36.05062360071057],[-86.89971045985781,36.04885546054455],[-86.89760424403315,36.04835761339198],[-86.89760424403315,36.04835761339198]]]},"properties":{"h3":"89264d18827ffff","count":1,"c3":0,"c6":0,"c12":0,"c24":1,"score":0.4,"risk":0,"peakDay":"Thursday","peakTime":"evening","hood":"","bk12":{"morning":0,"afternoon":0,"evening":0,"night":0},"bk24":{"morning":0,"afternoon":0,"evening":1,"night":0},"recent":[{"d":"2025-07-24","day":"Thu","time":"18:00","desc":"BURGLARY- MOTOR VEHICLE","res":"unsolved"}]}},{"type":"Feature","geometry":{"type":"Polygon","coordinates":[[[-86.81851962241126,36.168436456140114],[-86.81706043981757,36.16970342722207],[-86.8177078153394,36.171470350015895],[-86.81981445273264,36.17197032021],[-86.8212736740794,36.170703332660054],[-86.82062621928068,36.16893639138447],[-86.81851962241126,36.168436456140114],[-86.81851962241126,36.168436456140114]]]},"properties":{"h3":"89264d11437ffff","count":6,"c3":0,"c6":0,"c12":2,"c24":6,"score":3,"risk":3,"peakDay":"Saturday","peakTime":"night","hood":"","bk12":{"morning":0,"afternoon":1,"evening":0,"night":1},"bk24":{"morning":0,"afternoon":1,"evening":1,"night":4},"sv12":2,"recent":[{"d":"2026-02-17","day":"Tue","time":"12:30","desc":"VEHICLE THEFT","res":"unsolved"},{"d":"2025-10-18","day":"Sat","time":"00:33","desc":"VEHICLE THEFT","res":"unsolved"},{"d":"2025-09-19","day":"Fri","time":"17:30","desc":"BURGLARY- MOTOR VEHICLE","res":"unsolved"},{"d":"2025-08-09","day":"Sat","time":"03:30","desc":"BURGLARY- MOTOR VEHICLE","res":"unsolved"},{"d":"2025-07-26","day":"Sat","time":"22:15","desc":"BURGLARY- MOTOR VEHICLE","res":"unsolved"},{"d":"2025-07-25","day":"Fri","time":"00:00","desc":"BURGLARY- MOTOR VEHICLE","res":"unsolved"}]}},{"type":"Feature","geometry":{"type":"Polygon","coordinates":[[[-86.68980014599644,36.14748465151582],[-86.68834158476082,36.14874955651484],[-86.68898579400849,36.15051618187638],[-86.69108864375912,36.15101792093747],[-86.69254724404075,36.14975299955661],[-86.69190295552653,36.14798635549699],[-86.68980014599644,36.14748465151582],[-86.68980014599644,36.14748465151582]]]},"properties":{"h3":"89264d1288fffff","count":16,"c3":0,"c6":0,"c12":2,"c24":16,"score":7.4,"risk":8,"peakDay":"Friday","peakTime":"night","hood":"","bk12":{"morning":0,"afternoon":0,"evening":0,"night":2},"bk24":{"morning":1,"afternoon":4,"evening":2,"night":9},"recent":[{"d":"2026-01-09","day":"Fri","time":"04:30","desc":"BURGLARY- MOTOR VEHICLE","res":"unsolved"},{"d":"2025-10-30","day":"Thu","time":"00:00","desc":"BURGLARY- MOTOR VEHICLE","res":"unsolved"},{"d":"2025-09-05","day":"Fri","time":"21:00","desc":"BURGLARY- MOTOR VEHICLE","res":"unsolved"},{"d":"2025-08-27","day":"Wed","time":"23:17","desc":"VEHICLE THEFT","res":"unsolved"},{"d":"2025-08-25","day":"Mon","time":"20:00","desc":"VEHICLE THEFT","res":"unsolved"},{"d":"2025-08-25","day":"Mon","time":"15:30","desc":"VEHICLE THEFT","res":"unsolved"},{"d":"2025-08-25","day":"Mon","time":"15:30","desc":"BURGLARY - MOTOR VEHICLE","res":"unsolved"},{"d":"2025-08-21","day":"Thu","time":"07:00","desc":"BURGLARY- MOTOR VEHICLE","res":"unsolved"},{"d":"2025-08-19","day":"Tue","time":"03:00","desc":"BURGLARY- MOTOR VEHICLE","res":"unsolved"},{"d":"2025-08-01","day":"Fri","time":"22:00","desc":"BURGLARY- MOTOR VEHICLE","res":"unsolved"}]}},{"type":"Feature","geometry":{"type":"Polygon","coordinates":[[[-86.6886939265943,36.03911811198851],[-86.68723689186896,36.04038464312851],[-86.687880402108,36.04215208986367],[-86.68998102617431,36.04265302416779],[-86.69143809986676,36.041386476561435],[-86.69079451052657,36.03961901111776],[-86.6886939265943,36.03911811198851],[-86.6886939265943,36.03911811198851]]]},"properties":{"h3":"89264d150afffff","count":5,"c3":0,"c6":0,"c12":2,"c24":5,"score":2.6,"risk":3,"peakDay":"Friday","peakTime":"morning","hood":"","bk12":{"morning":1,"afternoon":0,"evening":1,"night":0},"bk24":{"morning":3,"afternoon":1,"evening":1,"night":0},"sv12":1,"recent":[{"d":"2026-01-30","day":"Fri","time":"08:00","desc":"VEHICLE THEFT","res":"unsolved"},{"d":"2026-01-10","day":"Sat","time":"17:00","desc":"BURGLARY- MOTOR VEHICLE","res":"unsolved"},{"d":"2025-09-27","day":"Sat","time":"08:35","desc":"VEHICLE THEFT","res":"unsolved"},{"d":"2025-09-05","day":"Fri","time":"13:30","desc":"VEHICLE THEFT","res":"unsolved"},{"d":"2025-07-25","day":"Fri","time":"08:00","desc":"LARC - PARTS FROM VEH","res":"unsolved"}]}},{"type":"Feature","geometry":{"type":"Polygon","coordinates":[[[-86.66997252342559,36.10887757595453],[-86.6685145570139,36.11014270093275],[-86.66915805868764,36.111909549971614],[-86.67125960598445,36.11241129276699],[-86.6727176114604,36.11114615139244],[-86.67207403057607,36.109379283619305],[-86.66997252342559,36.10887757595453],[-86.66997252342559,36.10887757595453]]]},"properties":{"h3":"89264d176b3ffff","count":1,"c3":0,"c6":0,"c12":0,"c24":1,"score":0.4,"risk":0,"peakDay":"Friday","peakTime":"afternoon","hood":"","bk12":{"morning":0,"afternoon":0,"evening":0,"night":0},"bk24":{"morning":0,"afternoon":1,"evening":0,"night":0},"recent":[{"d":"2025-07-25","day":"Fri","time":"14:00","desc":"BURGLARY- MOTOR VEHICLE","res":"unsolved"}]}},{"type":"Feature","geometry":{"type":"Polygon","coordinates":[[[-86.59011283870703,36.168801006818406],[-86.58865423930182,36.17006373727447],[-86.58929622839088,36.17182983670923],[-86.59139689620018,36.17233322455056],[-86.59285553490521,36.171070477809415],[-86.59221346650187,36.169304359512495],[-86.59011283870703,36.168801006818406],[-86.59011283870703,36.168801006818406]]]},"properties":{"h3":"89264d8c38fffff","count":6,"c3":0,"c6":0,"c12":0,"c24":6,"score":2.8,"risk":3,"peakDay":"Saturday","peakTime":"evening","hood":"","bk12":{"morning":0,"afternoon":0,"evening":0,"night":0},"bk24":{"morning":0,"afternoon":1,"evening":4,"night":1},"recent":[{"d":"2025-09-29","day":"Mon","time":"21:00","desc":"VEHICLE THEFT","res":"unsolved"},{"d":"2025-09-13","day":"Sat","time":"00:10","desc":"VEHICLE THEFT","res":"unsolved"},{"d":"2025-09-03","day":"Wed","time":"19:30","desc":"VEHICLE THEFT","res":"unsolved"},{"d":"2025-08-21","day":"Thu","time":"20:00","desc":"BURGLARY - MOTOR VEHICLE","res":"unsolved"},{"d":"2025-08-09","day":"Sat","time":"18:30","desc":"THEFT OF VEHICLE-2,500 OR > BUT<$10,000","res":"unsolved"},{"d":"2025-07-25","day":"Fri","time":"16:00","desc":"BURGLARY- MOTOR VEHICLE","res":"unsolved"}]}},{"type":"Feature","geometry":{"type":"Polygon","coordinates":[[[-86.62830161551499,36.08924112898996],[-86.62684403462576,36.09050577972795],[-86.62748643163374,36.092272626448086],[-86.62958648871866,36.09277484123597],[-86.63104410875661,36.09151017411957],[-86.6304016325617,36.08974330859419],[-86.62830161551499,36.08924112898996],[-86.62830161551499,36.08924112898996]]]},"properties":{"h3":"89264d17537ffff","count":6,"c3":0,"c6":0,"c12":0,"c24":6,"score":2.5,"risk":3,"peakDay":"Tuesday","peakTime":"afternoon","hood":"","bk12":{"morning":0,"afternoon":0,"evening":0,"night":0},"bk24":{"morning":0,"afternoon":3,"evening":2,"night":1},"recent":[{"d":"2025-09-23","day":"Tue","time":"12:00","desc":"VEHICLE THEFT","res":"unsolved"},{"d":"2025-09-23","day":"Tue","time":"12:00","desc":"VEHICLE THEFT","res":"unsolved"},{"d":"2025-08-26","day":"Tue","time":"22:00","desc":"VEHICLE THEFT","res":"unsolved"},{"d":"2025-07-25","day":"Fri","time":"19:00","desc":"BURGLARY- MOTOR VEHICLE","res":"unsolved"},{"d":"2025-03-15","day":"Sat","time":"18:00","desc":"VEHICLE THEFT","res":"unsolved"},{"d":"2025-02-07","day":"Fri","time":"13:47","desc":"VEHICLE THEFT","res":"unsolved"}]}},{"type":"Feature","geometry":{"type":"Polygon","coordinates":[[[-86.68868190570272,36.13915296677402],[-86.68722346465609,36.14041797793212],[-86.68786759572164,36.142184663160776],[-86.68997024708854,36.14268635593243],[-86.69142872717758,36.14142132838686],[-86.6907845168581,36.13965462445757],[-86.68868190570272,36.13915296677402],[-86.68868190570272,36.13915296677402]]]},"properties":{"h3":"89264d12833ffff","count":3,"c3":0,"c6":0,"c12":0,"c24":3,"score":1.3,"risk":1,"peakDay":"Friday","peakTime":"evening","hood":"","bk12":{"morning":0,"afternoon":0,"evening":0,"night":0},"bk24":{"morning":0,"afternoon":0,"evening":3,"night":0},"recent":[{"d":"2025-07-25","day":"Fri","time":"19:30","desc":"BURGLARY- MOTOR VEHICLE","res":"unsolved"},{"d":"2025-07-25","day":"Fri","time":"19:30","desc":"BURGLARY- MOTOR VEHICLE","res":"unsolved"},{"d":"2025-07-25","day":"Fri","time":"19:30","desc":"BURGLARY- MOTOR VEHICLE","res":"unsolved"}]}},{"type":"Feature","geometry":{"type":"Polygon","coordinates":[[[-86.97023762076415,36.078420582470685],[-86.96877933646302,36.07969172766288],[-86.96942972309073,36.0814598721191],[-86.97153847313125,36.08195688961897],[-86.97299679575254,36.080685727768554],[-86.97234633001399,36.07891756507698],[-86.97023762076415,36.078420582470685],[-86.97023762076415,36.078420582470685]]]},"properties":{"h3":"89264d19c77ffff","count":2,"c3":0,"c6":0,"c12":0,"c24":2,"score":0.9,"risk":1,"peakDay":"Saturday","peakTime":"night","hood":"","bk12":{"morning":0,"afternoon":0,"evening":0,"night":0},"bk24":{"morning":0,"afternoon":0,"evening":0,"night":2},"recent":[{"d":"2025-08-29","day":"Fri","time":"00:00","desc":"BURGLARY- MOTOR VEHICLE","res":"unsolved"},{"d":"2025-07-26","day":"Sat","time":"00:01","desc":"BURGLARY - MOTOR VEHICLE","res":"unsolved"}]}},{"type":"Feature","geometry":{"type":"Polygon","coordinates":[[[-86.95078712749063,36.088367261367495],[-86.94932874958785,36.089637896349835],[-86.9499787406175,36.09140589733314],[-86.95208718868061,36.091903281601766],[-86.9535456049579,36.09063262998429],[-86.9528955347984,36.088864610733815],[-86.95078712749063,36.088367261367495],[-86.95078712749063,36.088367261367495]]]},"properties":{"h3":"89264d18347ffff","count":1,"c3":0,"c6":0,"c12":0,"c24":1,"score":0.4,"risk":0,"peakDay":"Saturday","peakTime":"night","hood":"","bk12":{"morning":0,"afternoon":0,"evening":0,"night":0},"bk24":{"morning":0,"afternoon":0,"evening":0,"night":1},"recent":[{"d":"2025-07-26","day":"Sat","time":"02:00","desc":"BURGLARY - MOTOR VEHICLE","res":"unsolved"}]}},{"type":"Feature","geometry":{"type":"Polygon","coordinates":[[[-86.8478205956832,36.34792244705558],[-86.8463588078144,36.3491872158312],[-86.84700799895852,36.35095283631218],[-86.84911905751932,36.35145370643477],[-86.85058088420504,36.35018892130743],[-86.84993161351389,36.348423282409705],[-86.8478205956832,36.34792244705558],[-86.8478205956832,36.34792244705558]]]},"properties":{"h3":"89264dd4a07ffff","count":2,"c3":0,"c6":0,"c12":0,"c24":2,"score":0.9,"risk":1,"peakDay":"Saturday","peakTime":"afternoon","hood":"","bk12":{"morning":0,"afternoon":0,"evening":0,"night":0},"bk24":{"morning":0,"afternoon":2,"evening":0,"night":0},"recent":[{"d":"2025-07-26","day":"Sat","time":"12:07","desc":"BURGLARY- MOTOR VEHICLE","res":"unsolved"},{"d":"2025-07-26","day":"Sat","time":"12:07","desc":"BURGLARY- MOTOR VEHICLE","res":"unsolved"}]}},{"type":"Feature","geometry":{"type":"Polygon","coordinates":[[[-86.7833639359571,36.16170017765166],[-86.78190493598548,36.16296660019492],[-86.7825514405251,36.16473345076624],[-86.78465702430987,36.165233897335774],[-86.78611606311401,36.1639674583472],[-86.78546947930165,36.16220058923491],[-86.7833639359571,36.16170017765166],[-86.7833639359571,36.16170017765166]]]},"properties":{"h3":"89264d1060fffff","count":1,"c3":0,"c6":0,"c12":0,"c24":1,"score":0.4,"risk":0,"peakDay":"Saturday","peakTime":"evening","hood":"","bk12":{"morning":0,"afternoon":0,"evening":0,"night":0},"bk24":{"morning":0,"afternoon":0,"evening":1,"night":0},"recent":[{"d":"2025-07-26","day":"Sat","time":"18:00","desc":"BURGLARY- MOTOR VEHICLE","res":"closed"}]}},{"type":"Feature","geometry":{"type":"Polygon","coordinates":[[[-86.88841000889624,36.25920079546282],[-86.88694937560145,36.260467675532304],[-86.88759896749582,36.26223413573885],[-86.88970927208895,36.262733734233684],[-86.89116994403606,36.26146683771157],[-86.89052027273856,36.259700359147736],[-86.88841000889624,36.25920079546282],[-86.88841000889624,36.25920079546282]]]},"properties":{"h3":"89264dc40a3ffff","count":1,"c3":0,"c6":0,"c12":0,"c24":1,"score":0.4,"risk":0,"peakDay":"Saturday","peakTime":"evening","hood":"","bk12":{"morning":0,"afternoon":0,"evening":0,"night":0},"bk24":{"morning":0,"afternoon":0,"evening":1,"night":0},"recent":[{"d":"2025-07-26","day":"Sat","time":"18:30","desc":"BURGLARY- MOTOR VEHICLE","res":"unsolved"}]}},{"type":"Feature","geometry":{"type":"Polygon","coordinates":[[[-86.73955068623617,36.09964945067823],[-86.73809267020147,36.10091600552589],[-86.73873775517568,36.10268317599338],[-86.74084093537068,36.103183810232785],[-86.74229899029649,36.101917238925964],[-86.74165382613694,36.10015004983941],[-86.73955068623617,36.09964945067823],[-86.73955068623617,36.09964945067823]]]},"properties":{"h3":"89264d10853ffff","count":8,"c3":0,"c6":0,"c12":2,"c24":8,"score":3.9,"risk":4,"peakDay":"Saturday","peakTime":"afternoon","hood":"","bk12":{"morning":1,"afternoon":1,"evening":0,"night":0},"bk24":{"morning":2,"afternoon":3,"evening":2,"night":1},"recent":[{"d":"2026-02-10","day":"Tue","time":"16:10","desc":"BURGLARY- MOTOR VEHICLE","res":"unsolved"},{"d":"2025-12-11","day":"Thu","time":"11:54","desc":"LARC - PARTS FROM VEH","res":"unsolved"},{"d":"2025-08-23","day":"Sat","time":"12:30","desc":"VEHICLE THEFT","res":"unsolved"},{"d":"2025-08-17","day":"Sun","time":"17:00","desc":"VEHICLE THEFT","res":"unsolved"},{"d":"2025-08-12","day":"Tue","time":"01:00","desc":"VEHICLE THEFT","res":"unsolved"},{"d":"2025-08-09","day":"Sat","time":"10:25","desc":"BURGLARY- MOTOR VEHICLE","res":"unsolved"},{"d":"2025-08-08","day":"Fri","time":"16:00","desc":"VEHICLE THEFT","res":"unsolved"},{"d":"2025-07-26","day":"Sat","time":"19:00","desc":"BURGLARY- MOTOR VEHICLE","res":"unsolved"}]}},{"type":"Feature","geometry":{"type":"Polygon","coordinates":[[[-86.78805597218907,36.16926799764969],[-86.78659685387855,36.170534391818606],[-86.78724351628439,36.17230120061891],[-86.78934937628509,36.172801633783315],[-86.79080853342255,36.171535223171254],[-86.79016179173318,36.16976839583844],[-86.78805597218907,36.16926799764969],[-86.78805597218907,36.16926799764969]]]},"properties":{"h3":"89264d106cfffff","count":7,"c3":0,"c6":0,"c12":1,"c24":7,"score":3.1,"risk":3,"peakDay":"Saturday","peakTime":"night","hood":"","bk12":{"morning":0,"afternoon":1,"evening":0,"night":0},"bk24":{"morning":0,"afternoon":2,"evening":2,"night":3},"recent":[{"d":"2026-02-14","day":"Sat","time":"13:01","desc":"BURGLARY - MOTOR VEHICLE","res":"unsolved"},{"d":"2025-08-19","day":"Tue","time":"15:00","desc":"BURGLARY- MOTOR VEHICLE","res":"unsolved"},{"d":"2025-07-27","day":"Sun","time":"01:32","desc":"VEHICLE THEFT","res":"unsolved"},{"d":"2025-07-26","day":"Sat","time":"22:00","desc":"BURGLARY- MOTOR VEHICLE","res":"unsolved"},{"d":"2025-07-26","day":"Sat","time":"17:00","desc":"VEHICLE THEFT","res":"unsolved"},{"d":"2025-07-19","day":"Sat","time":"17:00","desc":"VEHICLE THEFT","res":"unsolved"},{"d":"2025-02-06","day":"Thu","time":"23:27","desc":"VEHICLE THEFT","res":"unsolved"}]}},{"type":"Feature","geometry":{"type":"Polygon","coordinates":[[[-86.64000799609875,36.05815784839378],[-86.63855082122608,36.05942318831081],[-86.63919330172422,36.0611903135521],[-86.64129303623352,36.061692117665054],[-86.64275025020359,36.06042676133567],[-86.64210769056776,36.058659617306176],[-86.64000799609875,36.05815784839378],[-86.64000799609875,36.05815784839378]]]},"properties":{"h3":"89264d14687ffff","count":11,"c3":0,"c6":0,"c12":2,"c24":11,"score":4.9,"risk":5,"peakDay":"Sunday","peakTime":"evening","hood":"","bk12":{"morning":1,"afternoon":0,"evening":1,"night":0},"bk24":{"morning":3,"afternoon":1,"evening":4,"night":3},"recent":[{"d":"2025-12-29","day":"Mon","time":"18:00","desc":"BURGLARY- MOTOR VEHICLE","res":"unsolved"},{"d":"2025-12-07","day":"Sun","time":"10:00","desc":"BURGLARY - MOTOR VEHICLE","res":"unsolved"},{"d":"2025-09-26","day":"Fri","time":"22:00","desc":"THEFT OF VEHICLE-2,500 OR > BUT<$10,000","res":"unsolved"},{"d":"2025-08-24","day":"Sun","time":"21:40","desc":"VEHICLE THEFT","res":"unsolved"},{"d":"2025-08-24","day":"Sun","time":"20:00","desc":"BURGLARY- MOTOR VEHICLE","res":"unsolved"},{"d":"2025-07-27","day":"Sun","time":"17:00","desc":"VEHICLE THEFT","res":"unsolved"},{"d":"2025-07-26","day":"Sat","time":"23:00","desc":"LARC - PARTS FROM VEH","res":"unsolved"},{"d":"2025-07-25","day":"Fri","time":"12:00","desc":"VEHICLE THEFT","res":"unsolved"},{"d":"2025-07-14","day":"Mon","time":"01:00","desc":"VEHICLE THEFT","res":"unsolved"},{"d":"2025-02-01","day":"Sat","time":"08:00","desc":"VEHICLE THEFT","res":"unsolved"}]}},{"type":"Feature","geometry":{"type":"Polygon","coordinates":[[[-86.83863200758506,36.11834481725221],[-86.8371734800793,36.11961292281],[-86.83782101684528,36.121380302273],[-86.83992716031453,36.12187959463096],[-86.84138572648757,36.12061147255],[-86.84073811052487,36.11884407463472],[-86.83863200758506,36.11834481725221],[-86.83863200758506,36.11834481725221]]]},"properties":{"h3":"89264d1ad83ffff","count":1,"c3":0,"c6":0,"c12":0,"c24":1,"score":0.4,"risk":0,"peakDay":"Sunday","peakTime":"afternoon","hood":"","bk12":{"morning":0,"afternoon":0,"evening":0,"night":0},"bk24":{"morning":0,"afternoon":1,"evening":0,"night":0},"recent":[{"d":"2025-07-27","day":"Sun","time":"15:00","desc":"BURGLARY- MOTOR VEHICLE","res":"unsolved"}]}},{"type":"Feature","geometry":{"type":"Polygon","coordinates":[[[-86.58881923914521,36.0491387933653],[-86.58736232688173,36.05040332076489],[-86.58800354442447,36.05217032601867],[-86.5901017533629,36.052672822747425],[-86.59155870483858,36.05140827896941],[-86.59091740816442,36.04964125484153],[-86.58881923914521,36.0491387933653],[-86.58881923914521,36.0491387933653]]]},"properties":{"h3":"89264d16e43ffff","count":4,"c3":0,"c6":0,"c12":1,"c24":4,"score":2,"risk":2,"peakDay":"Sunday","peakTime":"evening","hood":"","bk12":{"morning":0,"afternoon":0,"evening":0,"night":1},"bk24":{"morning":0,"afternoon":0,"evening":2,"night":2},"recent":[{"d":"2026-01-18","day":"Sun","time":"04:30","desc":"BURGLARY- MOTOR VEHICLE","res":"unsolved"},{"d":"2025-09-02","day":"Tue","time":"21:00","desc":"VEHICLE THEFT","res":"unsolved"},{"d":"2025-07-31","day":"Thu","time":"23:00","desc":"VEHICLE THEFT","res":"unsolved"},{"d":"2025-07-27","day":"Sun","time":"17:00","desc":"BURGLARY- MOTOR VEHICLE","res":"unsolved"}]}},{"type":"Feature","geometry":{"type":"Polygon","coordinates":[[[-86.84008468374834,36.138054735571224],[-86.8386258754279,36.139322568376514],[-86.83927356950923,36.14108980139774],[-86.84138015113838,36.141589220062414],[-86.84283899813731,36.140321370748254],[-86.84219122482939,36.138554119278766],[-86.84008468374834,36.138054735571224],[-86.84008468374834,36.138054735571224]]]},"properties":{"h3":"89264d113c7ffff","count":6,"c3":0,"c6":0,"c12":2,"c24":6,"score":3.1,"risk":3,"peakDay":"Sunday","peakTime":"evening","hood":"","bk12":{"morning":0,"afternoon":1,"evening":0,"night":1},"bk24":{"morning":0,"afternoon":1,"evening":3,"night":2},"sv12":1,"recent":[{"d":"2026-02-16","day":"Mon","time":"01:05","desc":"VEHICLE THEFT","res":"unsolved"},{"d":"2026-01-15","day":"Thu","time":"15:00","desc":"BURGLARY- MOTOR VEHICLE","res":"unsolved"},{"d":"2025-10-05","day":"Sun","time":"17:00","desc":"BURGLARY- MOTOR VEHICLE","res":"unsolved"},{"d":"2025-09-21","day":"Sun","time":"20:00","desc":"BURGLARY- MOTOR VEHICLE","res":"unsolved"},{"d":"2025-08-28","day":"Thu","time":"00:00","desc":"BURGLARY- MOTOR VEHICLE","res":"unsolved"},{"d":"2025-07-27","day":"Sun","time":"18:30","desc":"BURGLARY- MOTOR VEHICLE","res":"unsolved"}]}},{"type":"Feature","geometry":{"type":"Polygon","coordinates":[[[-86.68797733220254,36.07929238882732],[-86.68651973497033,36.080558297189555],[-86.68716347756366,36.08232543680075],[-86.68926489655254,36.08282668675683],[-86.69072253278378,36.08156076196054],[-86.69007871102787,36.07979360364272],[-86.68797733220254,36.07929238882732],[-86.68797733220254,36.07929238882732]]]},"properties":{"h3":"89264d17277ffff","count":7,"c3":0,"c6":0,"c12":0,"c24":7,"score":3.2,"risk":3,"peakDay":"Thursday","peakTime":"night","hood":"","bk12":{"morning":0,"afternoon":0,"evening":0,"night":0},"bk24":{"morning":1,"afternoon":2,"evening":1,"night":3},"recent":[{"d":"2025-09-30","day":"Tue","time":"22:00","desc":"VEHICLE THEFT","res":"unsolved"},{"d":"2025-09-18","day":"Thu","time":"08:00","desc":"LARC - PARTS FROM VEH","res":"unsolved"},{"d":"2025-08-22","day":"Fri","time":"02:00","desc":"VEHICLE THEFT","res":"unsolved"},{"d":"2025-08-18","day":"Mon","time":"23:10","desc":"BURGLARY - MOTOR VEHICLE","res":"unsolved"},{"d":"2025-08-15","day":"Fri","time":"12:00","desc":"LARC - PARTS FROM VEH","res":"unsolved"},{"d":"2025-07-31","day":"Thu","time":"13:30","desc":"BURGLARY- MOTOR VEHICLE","res":"unsolved"},{"d":"2025-07-27","day":"Sun","time":"20:00","desc":"BURGLARY- MOTOR VEHICLE","res":"unsolved"}]}},{"type":"Feature","geometry":{"type":"Polygon","coordinates":[[[-86.65964183813043,36.25959289031091],[-86.65818177449454,36.260855523481766],[-86.6588259697003,36.26262117357337],[-86.66093030798584,36.263124209233034],[-86.66239041082461,36.26186155979226],[-86.6617461361757,36.26009589096222],[-86.65964183813043,36.25959289031091],[-86.65964183813043,36.25959289031091]]]},"properties":{"h3":"89264d88d93ffff","count":4,"c3":0,"c6":0,"c12":1,"c24":4,"score":1.8,"risk":2,"peakDay":"Sunday","peakTime":"evening","hood":"","bk12":{"morning":0,"afternoon":0,"evening":1,"night":0},"bk24":{"morning":1,"afternoon":0,"evening":2,"night":1},"recent":[{"d":"2026-01-14","day":"Wed","time":"20:00","desc":"LARC - PARTS FROM VEH","res":"unsolved"},{"d":"2025-07-27","day":"Sun","time":"20:00","desc":"BURGLARY- MOTOR VEHICLE","res":"unsolved"},{"d":"2025-07-17","day":"Thu","time":"02:00","desc":"VEHICLE THEFT","res":"unsolved"},{"d":"2025-03-10","day":"Mon","time":"06:00","desc":"VEHICLE THEFT","res":"unsolved"}]}},{"type":"Feature","geometry":{"type":"Polygon","coordinates":[[[-86.73993842012324,36.04809718765551],[-86.73848112744938,36.049364532030964],[-86.73912590108662,36.051132096092864],[-86.74122804650511,36.051632334402164],[-86.7426853780305,36.05036497352659],[-86.74204052528667,36.0485973908423],[-86.73993842012324,36.04809718765551],[-86.73993842012324,36.04809718765551]]]},"properties":{"h3":"89264d0253bffff","count":6,"c3":0,"c6":0,"c12":3,"c24":6,"score":2.9,"risk":3,"peakDay":"Friday","peakTime":"night","hood":"","bk12":{"morning":0,"afternoon":0,"evening":1,"night":2},"bk24":{"morning":0,"afternoon":1,"evening":2,"night":3},"sv12":2,"recent":[{"d":"2025-11-08","day":"Sat","time":"21:00","desc":"LARC - PARTS FROM VEH","res":"unsolved"},{"d":"2025-10-10","day":"Fri","time":"22:00","desc":"VEHICLE THEFT","res":"unsolved"},{"d":"2025-10-10","day":"Fri","time":"22:00","desc":"VEHICLE THEFT","res":"unsolved"},{"d":"2025-08-22","day":"Fri","time":"16:00","desc":"BURGLARY- MOTOR VEHICLE","res":"unsolved"},{"d":"2025-08-15","day":"Fri","time":"00:00","desc":"BURGLARY- MOTOR VEHICLE","res":"unsolved"},{"d":"2025-07-27","day":"Sun","time":"20:30","desc":"BURGLARY- MOTOR VEHICLE","res":"unsolved"}]}},{"type":"Feature","geometry":{"type":"Polygon","coordinates":[[[-86.60007191758017,36.06958039374128],[-86.59861468800965,36.07084481954798],[-86.59925629740368,36.07261171178669],[-86.60135521553005,36.073114197072954],[-86.60281248430154,36.07184975489498],[-86.60217079574645,36.07008284380248],[-86.60007191758017,36.06958039374128],[-86.60007191758017,36.06958039374128]]]},"properties":{"h3":"89264d163c7ffff","count":1,"c3":0,"c6":0,"c12":0,"c24":1,"score":0.4,"risk":0,"peakDay":"Sunday","peakTime":"night","hood":"","bk12":{"morning":0,"afternoon":0,"evening":0,"night":0},"bk24":{"morning":0,"afternoon":0,"evening":0,"night":1},"recent":[{"d":"2025-07-27","day":"Sun","time":"23:00","desc":"BURGLARY- MOTOR VEHICLE","res":"unsolved"}]}},{"type":"Feature","geometry":{"type":"Polygon","coordinates":[[[-86.83797194210561,36.15853050656847],[-86.83651285084437,36.15979798868788],[-86.83716062305572,36.16156505640798],[-86.8392675657874,36.162064660459286],[-86.8407266957475,36.160797161848706],[-86.84007884427788,36.15903007567849],[-86.83797194210561,36.15853050656847],[-86.83797194210561,36.15853050656847]]]},"properties":{"h3":"89264d110cfffff","count":16,"c3":0,"c6":0,"c12":5,"c24":16,"score":7.5,"risk":8,"peakDay":"Tuesday","peakTime":"evening","hood":"","bk12":{"morning":0,"afternoon":2,"evening":2,"night":1},"bk24":{"morning":1,"afternoon":2,"evening":7,"night":6},"recent":[{"d":"2026-01-25","day":"Sun","time":"18:00","desc":"BURGLARY - MOTOR VEHICLE","res":"unsolved"},{"d":"2025-12-22","day":"Mon","time":"12:00","desc":"BURGLARY- MOTOR VEHICLE","res":"unsolved"},{"d":"2025-12-22","day":"Mon","time":"12:00","desc":"BURGLARY- MOTOR VEHICLE","res":"unsolved"},{"d":"2025-10-10","day":"Fri","time":"21:15","desc":"BURGLARY- MOTOR VEHICLE","res":"unsolved"},{"d":"2025-10-08","day":"Wed","time":"22:00","desc":"BURGLARY- MOTOR VEHICLE","res":"unsolved"},{"d":"2025-09-30","day":"Tue","time":"01:30","desc":"BURGLARY- MOTOR VEHICLE","res":"unsolved"},{"d":"2025-09-30","day":"Tue","time":"00:01","desc":"BURGLARY- MOTOR VEHICLE","res":"unsolved"},{"d":"2025-08-27","day":"Wed","time":"00:01","desc":"BURGLARY - MOTOR VEHICLE","res":"unsolved"},{"d":"2025-08-26","day":"Tue","time":"09:00","desc":"VEHICLE THEFT","res":"unsolved"},{"d":"2025-08-24","day":"Sun","time":"19:30","desc":"VEHICLE THEFT","res":"unsolved"}]}},{"type":"Feature","geometry":{"type":"Polygon","coordinates":[[[-86.74920387725219,36.28902210792467],[-86.74774316770007,36.290285951937356],[-86.74838966144796,36.292051691619534],[-86.75049694422262,36.29255360587617],[-86.75195769278513,36.291289745544724],[-86.75131111956338,36.2895239872759],[-86.74920387725219,36.28902210792467],[-86.74920387725219,36.28902210792467]]]},"properties":{"h3":"89264d8820fffff","count":1,"c3":0,"c6":0,"c12":0,"c24":1,"score":0.4,"risk":0,"peakDay":"Monday","peakTime":"night","hood":"","bk12":{"morning":0,"afternoon":0,"evening":0,"night":0},"bk24":{"morning":0,"afternoon":0,"evening":0,"night":1},"recent":[{"d":"2025-07-28","day":"Mon","time":"01:43","desc":"BURGLARY- MOTOR VEHICLE","res":"unsolved"}]}},{"type":"Feature","geometry":{"type":"Polygon","coordinates":[[[-86.82906939425447,36.12898787469491],[-86.82761074069732,36.13025564146879],[-86.82825811855236,36.132022905472816],[-86.83036422918002,36.13252242117082],[-86.83182292143539,36.13125463788968],[-86.83117546436569,36.12948735541828],[-86.82906939425447,36.12898787469491],[-86.82906939425447,36.12898787469491]]]},"properties":{"h3":"89264d113afffff","count":2,"c3":0,"c6":0,"c12":0,"c24":2,"score":0.9,"risk":1,"peakDay":"Monday","peakTime":"morning","hood":"","bk12":{"morning":0,"afternoon":0,"evening":0,"night":0},"bk24":{"morning":2,"afternoon":0,"evening":0,"night":0},"recent":[{"d":"2025-07-28","day":"Mon","time":"06:30","desc":"BURGLARY - MOTOR VEHICLE","res":"unsolved"},{"d":"2025-07-28","day":"Mon","time":"06:30","desc":"BURGLARY - MOTOR VEHICLE","res":"unsolved"}]}},{"type":"Feature","geometry":{"type":"Polygon","coordinates":[[[-86.68981108960051,36.04745436390892],[-86.68835393491791,36.048720789372645],[-86.6889975231884,36.050488177114694],[-86.69109834525602,36.05098915809955],[-86.69255553890933,36.04972271617517],[-86.69191187152514,36.04795530972708],[-86.68981108960051,36.04745436390892],[-86.68981108960051,36.04745436390892]]]},"properties":{"h3":"89264d15087ffff","count":14,"c3":0,"c6":0,"c12":2,"c24":14,"score":6.6,"risk":7,"peakDay":"Tuesday","peakTime":"night","hood":"","bk12":{"morning":1,"afternoon":0,"evening":0,"night":1},"bk24":{"morning":4,"afternoon":4,"evening":0,"night":6},"sv12":1,"recent":[{"d":"2026-02-17","day":"Tue","time":"03:30","desc":"VEHICLE THEFT","res":"unsolved"},{"d":"2025-10-10","day":"Fri","time":"06:00","desc":"LARC - PARTS FROM VEH","res":"unsolved"},{"d":"2025-10-06","day":"Mon","time":"16:00","desc":"BURGLARY- MOTOR VEHICLE","res":"unsolved"},{"d":"2025-10-06","day":"Mon","time":"16:00","desc":"LARC - PARTS FROM VEH","res":"unsolved"},{"d":"2025-09-05","day":"Fri","time":"00:01","desc":"BURGLARY- MOTOR VEHICLE","res":"unsolved"},{"d":"2025-09-05","day":"Fri","time":"00:00","desc":"BURGLARY - MOTOR VEHICLE","res":"unsolved"},{"d":"2025-09-04","day":"Thu","time":"22:00","desc":"BURGLARY- MOTOR VEHICLE","res":"unsolved"},{"d":"2025-08-19","day":"Tue","time":"07:00","desc":"BURGLARY- MOTOR VEHICLE","res":"unsolved"},{"d":"2025-08-01","day":"Fri","time":"10:00","desc":"LARC - PARTS FROM VEH","res":"unsolved"},{"d":"2025-07-29","day":"Tue","time":"00:01","desc":"LARC - PARTS FROM VEH","res":"unsolved"}]}},{"type":"Feature","geometry":{"type":"Polygon","coordinates":[[[-86.59046772873255,36.21724711376415],[-86.58900844526843,36.21850911074122],[-86.58965074339692,36.2202748384844],[-86.59175240437885,36.22077858810831],[-86.59321172717878,36.21951657488392],[-86.59256934966176,36.21775082828341],[-86.59046772873255,36.21724711376415],[-86.59046772873255,36.21724711376415]]]},"properties":{"h3":"89264d8c4dbffff","count":2,"c3":0,"c6":0,"c12":0,"c24":2,"score":0.9,"risk":1,"peakDay":"Monday","peakTime":"evening","hood":"","bk12":{"morning":0,"afternoon":0,"evening":0,"night":0},"bk24":{"morning":0,"afternoon":0,"evening":2,"night":0},"recent":[{"d":"2025-07-28","day":"Mon","time":"17:00","desc":"BURGLARY- MOTOR VEHICLE","res":"unsolved"},{"d":"2025-07-28","day":"Mon","time":"17:00","desc":"BURGLARY- MOTOR VEHICLE","res":"unsolved"}]}},{"type":"Feature","geometry":{"type":"Polygon","coordinates":[[[-86.66825363879084,36.07781294863715],[-86.6667961136629,36.079078513850604],[-86.66743938202124,36.080845593104584],[-86.66954025467169,36.0813471258852],[-86.6709978188446,36.08008154425231],[-86.67035447132287,36.07831444625871],[-86.66825363879084,36.07781294863715],[-86.66825363879084,36.07781294863715]]]},"properties":{"h3":"89264d173d7ffff","count":4,"c3":0,"c6":0,"c12":2,"c24":4,"score":2.2,"risk":2,"peakDay":"Sunday","peakTime":"night","hood":"","bk12":{"morning":0,"afternoon":0,"evening":0,"night":2},"bk24":{"morning":0,"afternoon":0,"evening":1,"night":3},"sv12":2,"recent":[{"d":"2026-03-01","day":"Sun","time":"00:00","desc":"VEHICLE THEFT","res":"unsolved"},{"d":"2026-03-01","day":"Sun","time":"00:00","desc":"VEHICLE THEFT","res":"unsolved"},{"d":"2025-08-06","day":"Wed","time":"01:41","desc":"VEHICLE THEFT","res":"unsolved"},{"d":"2025-07-28","day":"Mon","time":"18:03","desc":"LARC - PARTS FROM VEH","res":"unsolved"}]}},{"type":"Feature","geometry":{"type":"Polygon","coordinates":[[[-86.62014793513633,36.119552176884454],[-86.6186899494218,36.12081621532635],[-86.6193323419677,36.12258280146957],[-86.62143279946338,36.12308536798772],[-86.62289082436897,36.12182131319784],[-86.62224835258858,36.12005470823827],[-86.62014793513633,36.119552176884454],[-86.62014793513633,36.119552176884454]]]},"properties":{"h3":"89264d8dbb3ffff","count":2,"c3":0,"c6":0,"c12":0,"c24":2,"score":0.9,"risk":1,"peakDay":"Monday","peakTime":"evening","hood":"","bk12":{"morning":0,"afternoon":0,"evening":0,"night":0},"bk24":{"morning":0,"afternoon":0,"evening":1,"night":1},"recent":[{"d":"2025-07-29","day":"Tue","time":"04:00","desc":"VEHICLE THEFT","res":"unsolved"},{"d":"2025-07-28","day":"Mon","time":"18:37","desc":"BURGLARY - MOTOR VEHICLE","res":"unsolved"}]}},{"type":"Feature","geometry":{"type":"Polygon","coordinates":[[[-87.00820428405659,36.08736198634286],[-87.00674578513089,36.088633697443036],[-87.00739712139199,36.09040190372329],[-87.00950703569639,36.090898417074996],[-87.01096557285683,36.089626689293866],[-87.01031415747897,36.08785846484246],[-87.00820428405659,36.08736198634286],[-87.00820428405659,36.08736198634286]]]},"properties":{"h3":"89264d19323ffff","count":6,"c3":0,"c6":0,"c12":0,"c24":6,"score":2.7,"risk":3,"peakDay":"Monday","peakTime":"evening","hood":"","bk12":{"morning":0,"afternoon":0,"evening":0,"night":0},"bk24":{"morning":2,"afternoon":0,"evening":2,"night":2},"recent":[{"d":"2025-08-29","day":"Fri","time":"00:00","desc":"BURGLARY- MOTOR VEHICLE","res":"unsolved"},{"d":"2025-08-27","day":"Wed","time":"06:00","desc":"BURGLARY- MOTOR VEHICLE","res":"unsolved"},{"d":"2025-08-27","day":"Wed","time":"06:00","desc":"BURGLARY- MOTOR VEHICLE","res":"unsolved"},{"d":"2025-08-25","day":"Mon","time":"22:00","desc":"BURGLARY- MOTOR VEHICLE","res":"unsolved"},{"d":"2025-07-28","day":"Mon","time":"20:00","desc":"BURGLARY- MOTOR VEHICLE","res":"unsolved"},{"d":"2025-07-28","day":"Mon","time":"20:00","desc":"BURGLARY- MOTOR VEHICLE","res":"unsolved"}]}},{"type":"Feature","geometry":{"type":"Polygon","coordinates":[[[-86.70852606652367,36.17775643385527],[-86.70706703060762,36.179021224651905],[-86.70771187000963,36.180787684505255],[-86.70981582463838,36.18128937222681],[-86.71127489957847,36.180024565057096],[-86.7106299808666,36.1782580865394],[-86.70852606652367,36.17775643385527],[-86.70852606652367,36.17775643385527]]]},"properties":{"h3":"89264d1210fffff","count":2,"c3":0,"c6":0,"c12":0,"c24":2,"score":0.9,"risk":1,"peakDay":"Monday","peakTime":"night","hood":"","bk12":{"morning":0,"afternoon":0,"evening":0,"night":0},"bk24":{"morning":0,"afternoon":0,"evening":0,"night":2},"recent":[{"d":"2025-07-29","day":"Tue","time":"03:51","desc":"BURGLARY- MOTOR VEHICLE","res":"unsolved"},{"d":"2025-07-28","day":"Mon","time":"23:00","desc":"BURGLARY- MOTOR VEHICLE","res":"unsolved"}]}},{"type":"Feature","geometry":{"type":"Polygon","coordinates":[[[-86.69070237890716,36.28151803547101],[-86.68924192498866,36.282780909186194],[-86.6898869904434,36.28454649962468],[-86.6919925892894,36.28504923503322],[-86.69345308235305,36.28378634504029],[-86.69280793742632,36.282020735917065],[-86.69070237890716,36.28151803547101],[-86.69070237890716,36.28151803547101]]]},"properties":{"h3":"89264d881b7ffff","count":1,"c3":0,"c6":0,"c12":0,"c24":1,"score":0.4,"risk":0,"peakDay":"Tuesday","peakTime":"night","hood":"","bk12":{"morning":0,"afternoon":0,"evening":0,"night":0},"bk24":{"morning":0,"afternoon":0,"evening":0,"night":1},"recent":[{"d":"2025-07-29","day":"Tue","time":"01:00","desc":"BURGLARY- MOTOR VEHICLE","res":"closed"}]}},{"type":"Feature","geometry":{"type":"Polygon","coordinates":[[[-86.64951538310208,36.14754169488893],[-86.64805692601291,36.14880585188227],[-86.6487001851712,36.15057233101666],[-86.65080198069232,36.15107467192335],[-86.65226047692373,36.149810498580486],[-86.65161713849255,36.14804400068094],[-86.64951538310208,36.14754169488893],[-86.64951538310208,36.14754169488893]]]},"properties":{"h3":"89264d8de63ffff","count":1,"c3":0,"c6":0,"c12":0,"c24":1,"score":0.4,"risk":0,"peakDay":"Tuesday","peakTime":"evening","hood":"","bk12":{"morning":0,"afternoon":0,"evening":0,"night":0},"bk24":{"morning":0,"afternoon":0,"evening":1,"night":0},"recent":[{"d":"2025-07-29","day":"Tue","time":"17:00","desc":"BURGLARY- MOTOR VEHICLE","res":"unsolved"}]}},{"type":"Feature","geometry":{"type":"Polygon","coordinates":[[[-86.78092632694462,36.17079973437408],[-86.77946720495723,36.17206597311957],[-86.78011370879068,36.1738327448372],[-86.78221941389941,36.1743332963541],[-86.78367857473202,36.173067041172345],[-86.78303199161151,36.17130025091043],[-86.78092632694462,36.17079973437408],[-86.78092632694462,36.17079973437408]]]},"properties":{"h3":"89264d1068bffff","count":2,"c3":0,"c6":0,"c12":0,"c24":2,"score":0.9,"risk":1,"peakDay":"Tuesday","peakTime":"evening","hood":"","bk12":{"morning":0,"afternoon":0,"evening":0,"night":0},"bk24":{"morning":0,"afternoon":0,"evening":2,"night":0},"recent":[{"d":"2025-07-29","day":"Tue","time":"17:36","desc":"BURGLARY - MOTOR VEHICLE","res":"closed"},{"d":"2025-07-29","day":"Tue","time":"17:36","desc":"BURGLARY - MOTOR VEHICLE","res":"closed"}]}},{"type":"Feature","geometry":{"type":"Polygon","coordinates":[[[-86.7311398692869,36.218623027593296],[-86.72968019937362,36.219887613858745],[-86.73032582707262,36.22165383846353],[-86.73243120405452,36.22215549542647],[-86.7338909129685,36.22089089280186],[-86.7332452059007,36.219124649573956],[-86.7311398692869,36.218623027593296],[-86.7311398692869,36.218623027593296]]]},"properties":{"h3":"89264d12443ffff","count":4,"c3":0,"c6":0,"c12":1,"c24":4,"score":1.8,"risk":2,"peakDay":"Wednesday","peakTime":"evening","hood":"","bk12":{"morning":0,"afternoon":0,"evening":1,"night":0},"bk24":{"morning":0,"afternoon":0,"evening":4,"night":0},"recent":[{"d":"2025-10-15","day":"Wed","time":"21:00","desc":"LARC - PARTS FROM VEH","res":"unsolved"},{"d":"2025-08-06","day":"Wed","time":"20:45","desc":"BURGLARY- MOTOR VEHICLE","res":"unsolved"},{"d":"2025-08-04","day":"Mon","time":"18:00","desc":"BURGLARY- MOTOR VEHICLE","res":"unsolved"},{"d":"2025-07-29","day":"Tue","time":"19:00","desc":"BURGLARY- MOTOR VEHICLE","res":"unsolved"}]}},{"type":"Feature","geometry":{"type":"Polygon","coordinates":[[[-86.71983008898535,36.19819039277938],[-86.71837073608067,36.199455081379895],[-86.7190159694974,36.2012214239096],[-86.721120635159,36.20172309648304],[-86.72258002707608,36.20045839151643],[-86.72193471431999,36.19869203034297],[-86.71983008898535,36.19819039277938],[-86.71983008898535,36.19819039277938]]]},"properties":{"h3":"89264d120bbffff","count":3,"c3":0,"c6":0,"c12":0,"c24":3,"score":1.4,"risk":1,"peakDay":"Tuesday","peakTime":"evening","hood":"","bk12":{"morning":0,"afternoon":0,"evening":0,"night":0},"bk24":{"morning":0,"afternoon":1,"evening":1,"night":1},"recent":[{"d":"2025-10-03","day":"Fri","time":"00:00","desc":"VEHICLE THEFT","res":"unsolved"},{"d":"2025-10-02","day":"Thu","time":"16:30","desc":"VEHICLE THEFT","res":"unsolved"},{"d":"2025-07-29","day":"Tue","time":"21:00","desc":"BURGLARY- MOTOR VEHICLE","res":"unsolved"}]}},{"type":"Feature","geometry":{"type":"Polygon","coordinates":[[[-86.77878221925836,36.02827450916459],[-86.77732510630317,36.029542873049714],[-86.77797067189282,36.03131072667972],[-86.7800734295083,36.031810234984164],[-86.78153058120726,36.03054185455242],[-86.78088493654774,36.02877398236335],[-86.77878221925836,36.02827450916459],[-86.77878221925836,36.02827450916459]]]},"properties":{"h3":"89264d02357ffff","count":1,"c3":0,"c6":0,"c12":0,"c24":1,"score":0.4,"risk":0,"peakDay":"Wednesday","peakTime":"night","hood":"","bk12":{"morning":0,"afternoon":0,"evening":0,"night":0},"bk24":{"morning":0,"afternoon":0,"evening":0,"night":1},"recent":[{"d":"2025-07-30","day":"Wed","time":"00:00","desc":"BURGLARY- MOTOR VEHICLE","res":"unsolved"}]}},{"type":"Feature","geometry":{"type":"Polygon","coordinates":[[[-86.72900628543276,36.239074491524796],[-86.72754633245762,36.24033872561537],[-86.72819203740346,36.242104783707234],[-86.73029777472577,36.242606626333874],[-86.73175776672208,36.241342375901795],[-86.73111198237571,36.239576299185075],[-86.72900628543276,36.239074491524796],[-86.72900628543276,36.239074491524796]]]},"properties":{"h3":"89264d88a4bffff","count":1,"c3":0,"c6":0,"c12":0,"c24":1,"score":0.4,"risk":0,"peakDay":"Wednesday","peakTime":"night","hood":"","bk12":{"morning":0,"afternoon":0,"evening":0,"night":0},"bk24":{"morning":0,"afternoon":0,"evening":0,"night":1},"recent":[{"d":"2025-07-30","day":"Wed","time":"01:50","desc":"BURGLARY - MOTOR VEHICLE","res":"unsolved"}]}},{"type":"Feature","geometry":{"type":"Polygon","coordinates":[[[-86.80796293995935,36.20787024257488],[-86.80650322804794,36.20913641685376],[-86.80715060105067,36.21090299700248],[-86.80925776530478,36.21140342136882],[-86.8107175160242,36.21013723066116],[-86.81007006368233,36.20837063201641],[-86.80796293995935,36.20787024257488],[-86.80796293995935,36.20787024257488]]]},"properties":{"h3":"89264d13627ffff","count":2,"c3":0,"c6":0,"c12":0,"c24":2,"score":0.9,"risk":1,"peakDay":"Wednesday","peakTime":"morning","hood":"","bk12":{"morning":0,"afternoon":0,"evening":0,"night":0},"bk24":{"morning":1,"afternoon":0,"evening":0,"night":1},"recent":[{"d":"2025-08-22","day":"Fri","time":"00:01","desc":"BURGLARY- MOTOR VEHICLE","res":"unsolved"},{"d":"2025-07-30","day":"Wed","time":"06:00","desc":"LARC - PARTS FROM VEH","res":"unsolved"}]}},{"type":"Feature","geometry":{"type":"Polygon","coordinates":[[[-86.8895104124365,36.07873749722727],[-86.8880523170157,36.080007145308656],[-86.888700804988,36.08177500688939],[-86.8908074675088,36.0822732387596],[-86.89226560144489,36.081003574083724],[-86.89161703434569,36.07923569413265],[-86.8895104124365,36.07873749722727],[-86.8895104124365,36.07873749722727]]]},"properties":{"h3":"89264d18ca3ffff","count":3,"c3":0,"c6":0,"c12":0,"c24":3,"score":1.3,"risk":1,"peakDay":"Friday","peakTime":"afternoon","hood":"","bk12":{"morning":0,"afternoon":0,"evening":0,"night":0},"bk24":{"morning":0,"afternoon":3,"evening":0,"night":0},"recent":[{"d":"2025-08-08","day":"Fri","time":"15:30","desc":"BURGLARY- MOTOR VEHICLE","res":"unsolved"},{"d":"2025-08-08","day":"Fri","time":"15:30","desc":"BURGLARY- MOTOR VEHICLE","res":"unsolved"},{"d":"2025-07-30","day":"Wed","time":"16:30","desc":"BURGLARY- MOTOR VEHICLE","res":"unsolved"}]}},{"type":"Feature","geometry":{"type":"Polygon","coordinates":[[[-86.68214793724421,36.26335865663138],[-86.68068776193948,36.26462164981859],[-86.68133251210624,36.26638735139585],[-86.68343751702396,36.26689007848703],[-86.68489773148055,36.2656270690148],[-86.68425290186836,36.26386134873689],[-86.68214793724421,36.26335865663138],[-86.68214793724421,36.26335865663138]]]},"properties":{"h3":"89264d88c07ffff","count":1,"c3":0,"c6":0,"c12":0,"c24":1,"score":0.4,"risk":0,"peakDay":"Thursday","peakTime":"night","hood":"","bk12":{"morning":0,"afternoon":0,"evening":0,"night":0},"bk24":{"morning":0,"afternoon":0,"evening":0,"night":1},"recent":[{"d":"2025-07-31","day":"Thu","time":"02:39","desc":"BURGLARY- MOTOR VEHICLE","res":"closed"}]}},{"type":"Feature","geometry":{"type":"Polygon","coordinates":[[[-86.7205353884001,36.15803936595411],[-86.71907659937877,36.1593046799783],[-86.719721599326,36.16107133475824],[-86.72182546757307,36.1615726941605],[-86.72328429557486,36.16030736373819],[-86.72263921634993,36.15854069031223],[-86.7205353884001,36.15803936595411],[-86.7205353884001,36.15803936595411]]]},"properties":{"h3":"89264d12e47ffff","count":1,"c3":0,"c6":0,"c12":0,"c24":1,"score":0.4,"risk":0,"peakDay":"Thursday","peakTime":"morning","hood":"","bk12":{"morning":0,"afternoon":0,"evening":0,"night":0},"bk24":{"morning":1,"afternoon":0,"evening":0,"night":0},"recent":[{"d":"2025-07-31","day":"Thu","time":"06:00","desc":"BURGLARY - MOTOR VEHICLE","res":"unsolved"}]}},{"type":"Feature","geometry":{"type":"Polygon","coordinates":[[[-86.73966623861551,36.1367863147705],[-86.73820769989456,36.1380523070218],[-86.7388530187149,36.139819193622436],[-86.74095695549904,36.140320106588135],[-86.74241553313867,36.13905409790677],[-86.74177013507628,36.137287192690245],[-86.73966623861551,36.1367863147705],[-86.73966623861551,36.1367863147705]]]},"properties":{"h3":"89264d1018fffff","count":8,"c3":0,"c6":0,"c12":0,"c24":8,"score":3.7,"risk":4,"peakDay":"Thursday","peakTime":"morning","hood":"","bk12":{"morning":0,"afternoon":0,"evening":0,"night":0},"bk24":{"morning":3,"afternoon":1,"evening":3,"night":1},"recent":[{"d":"2025-09-18","day":"Thu","time":"17:00","desc":"VEHICLE THEFT","res":"unsolved"},{"d":"2025-09-17","day":"Wed","time":"14:00","desc":"BURGLARY- MOTOR VEHICLE","res":"unsolved"},{"d":"2025-09-03","day":"Wed","time":"08:30","desc":"LARC - PARTS FROM VEH","res":"unsolved"},{"d":"2025-08-24","day":"Sun","time":"20:00","desc":"BURGLARY- MOTOR VEHICLE","res":"unsolved"},{"d":"2025-08-24","day":"Sun","time":"03:00","desc":"BURGLARY- MOTOR VEHICLE","res":"unsolved"},{"d":"2025-08-14","day":"Thu","time":"06:00","desc":"BURGLARY- MOTOR VEHICLE","res":"unsolved"},{"d":"2025-08-02","day":"Sat","time":"20:00","desc":"VEHICLE THEFT","res":"unsolved"},{"d":"2025-07-31","day":"Thu","time":"06:58","desc":"BURGLARY- MOTOR VEHICLE","res":"unsolved"}]}},{"type":"Feature","geometry":{"type":"Polygon","coordinates":[[[-86.58036897193682,36.0680881123286],[-86.5789118160265,36.06935219524541],[-86.57955295143007,36.07111902613466],[-86.5816513219063,36.07162179299426],[-86.58310851706324,36.07035769372083],[-86.58246730249807,36.0685908439449],[-86.58036897193682,36.0680881123286],[-86.58036897193682,36.0680881123286]]]},"properties":{"h3":"89264d16147ffff","count":1,"c3":0,"c6":0,"c12":0,"c24":1,"score":0.4,"risk":0,"peakDay":"Thursday","peakTime":"morning","hood":"","bk12":{"morning":0,"afternoon":0,"evening":0,"night":0},"bk24":{"morning":1,"afternoon":0,"evening":0,"night":0},"recent":[{"d":"2025-07-31","day":"Thu","time":"09:00","desc":"LARC - PARTS FROM VEH","res":"unsolved"}]}},{"type":"Feature","geometry":{"type":"Polygon","coordinates":[[[-86.65127762085382,36.0785993785859],[-86.64982012908978,36.07986461711084],[-86.65046300201584,36.08163162857453],[-86.65256344587395,36.08213342028158],[-86.65402097672398,36.0808681653514],[-86.65337802463073,36.07910113511988],[-86.65127762085382,36.0785993785859],[-86.65127762085382,36.0785993785859]]]},"properties":{"h3":"89264d17153ffff","count":12,"c3":0,"c6":0,"c12":2,"c24":12,"score":5.8,"risk":6,"peakDay":"Monday","peakTime":"morning","hood":"","bk12":{"morning":0,"afternoon":0,"evening":1,"night":1},"bk24":{"morning":9,"afternoon":1,"evening":1,"night":1},"recent":[{"d":"2026-03-02","day":"Mon","time":"17:00","desc":"BURGLARY- MOTOR VEHICLE","res":"unsolved"},{"d":"2025-12-21","day":"Sun","time":"00:28","desc":"LARC - PARTS FROM VEH","res":"unsolved"},{"d":"2025-09-15","day":"Mon","time":"06:10","desc":"BURGLARY- MOTOR VEHICLE","res":"unsolved"},{"d":"2025-09-15","day":"Mon","time":"06:00","desc":"BURGLARY- MOTOR VEHICLE","res":"unsolved"},{"d":"2025-09-15","day":"Mon","time":"06:00","desc":"BURGLARY- MOTOR VEHICLE","res":"unsolved"},{"d":"2025-09-15","day":"Mon","time":"06:00","desc":"BURGLARY- MOTOR VEHICLE","res":"unsolved"},{"d":"2025-09-15","day":"Mon","time":"06:00","desc":"BURGLARY- MOTOR VEHICLE","res":"unsolved"},{"d":"2025-09-15","day":"Mon","time":"05:00","desc":"BURGLARY- MOTOR VEHICLE","res":"unsolved"},{"d":"2025-09-15","day":"Mon","time":"05:00","desc":"BURGLARY- MOTOR VEHICLE","res":"unsolved"},{"d":"2025-09-15","day":"Mon","time":"05:00","desc":"BURGLARY- MOTOR VEHICLE","res":"unsolved"}]}},{"type":"Feature","geometry":{"type":"Polygon","coordinates":[[[-86.68937592945258,36.298927825984215],[-86.68791523294212,36.300190408140864],[-86.68856037572554,36.30195585759339],[-86.69066629451919,36.302458743575066],[-86.69212703019114,36.30119614515528],[-86.69148180790876,36.29943067701744],[-86.68937592945258,36.298927825984215],[-86.68937592945258,36.298927825984215]]]},"properties":{"h3":"89264d885afffff","count":13,"c3":0,"c6":0,"c12":10,"c24":13,"score":7.2,"risk":7,"peakDay":"Saturday","peakTime":"evening","hood":"","bk12":{"morning":0,"afternoon":1,"evening":8,"night":1},"bk24":{"morning":0,"afternoon":1,"evening":10,"night":2},"sv12":2,"recent":[{"d":"2026-01-17","day":"Sat","time":"19:30","desc":"BURGLARY - MOTOR VEHICLE","res":"unsolved"},{"d":"2026-01-17","day":"Sat","time":"19:30","desc":"BURGLARY - MOTOR VEHICLE","res":"unsolved"},{"d":"2026-01-17","day":"Sat","time":"19:30","desc":"BURGLARY - MOTOR VEHICLE","res":"unsolved"},{"d":"2026-01-17","day":"Sat","time":"19:30","desc":"BURGLARY - MOTOR VEHICLE","res":"unsolved"},{"d":"2026-01-17","day":"Sat","time":"19:30","desc":"BURGLARY - MOTOR VEHICLE","res":"unsolved"},{"d":"2026-01-17","day":"Sat","time":"19:30","desc":"BURGLARY - MOTOR VEHICLE","res":"unsolved"},{"d":"2026-01-17","day":"Sat","time":"19:30","desc":"BURGLARY - MOTOR VEHICLE","res":"unsolved"},{"d":"2026-01-04","day":"Sun","time":"19:45","desc":"THEFT OF VEHICLE-2,500 OR > BUT<$10,000","res":"unsolved"},{"d":"2025-12-13","day":"Sat","time":"02:00","desc":"VEHICLE THEFT","res":"unsolved"},{"d":"2025-10-11","day":"Sat","time":"16:45","desc":"BURGLARY- MOTOR VEHICLE","res":"unsolved"}]}},{"type":"Feature","geometry":{"type":"Polygon","coordinates":[[[-86.69895508138856,36.28832286786941],[-86.69749451004925,36.28958579041915],[-86.69813981287679,36.29135135710331],[-86.70024576652553,36.291854019908584],[-86.7017063769953,36.29059108107978],[-86.70106099468667,36.28882549572526],[-86.69895508138856,36.28832286786941],[-86.69895508138856,36.28832286786941]]]},"properties":{"h3":"89264d88183ffff","count":7,"c3":0,"c6":0,"c12":2,"c24":7,"score":3.5,"risk":4,"peakDay":"Tuesday","peakTime":"morning","hood":"","bk12":{"morning":2,"afternoon":0,"evening":0,"night":0},"bk24":{"morning":4,"afternoon":1,"evening":1,"night":1},"recent":[{"d":"2026-02-17","day":"Tue","time":"08:00","desc":"BURGLARY- MOTOR VEHICLE","res":"unsolved"},{"d":"2026-02-10","day":"Tue","time":"10:00","desc":"BURGLARY- MOTOR VEHICLE","res":"unsolved"},{"d":"2025-09-17","day":"Wed","time":"11:30","desc":"BURGLARY - MOTOR VEHICLE","res":"unsolved"},{"d":"2025-08-08","day":"Fri","time":"12:00","desc":"BURGLARY- MOTOR VEHICLE","res":"unsolved"},{"d":"2025-08-04","day":"Mon","time":"10:00","desc":"BURGLARY- MOTOR VEHICLE","res":"unsolved"},{"d":"2025-07-31","day":"Thu","time":"21:00","desc":"BURGLARY- MOTOR VEHICLE","res":"unsolved"},{"d":"2025-07-26","day":"Sat","time":"23:00","desc":"VEHICLE THEFT","res":"unsolved"}]}},{"type":"Feature","geometry":{"type":"Polygon","coordinates":[[[-86.60858885470287,36.087751458466585],[-86.60713134699806,36.08901576617609],[-86.60777326978504,36.090782551968566],[-86.6098727794652,36.09128504889017],[-86.61133032636448,36.09002072481689],[-86.61068832438995,36.088253920186254],[-86.60858885470287,36.087751458466585],[-86.60858885470287,36.087751458466585]]]},"properties":{"h3":"89264d16297ffff","count":5,"c3":0,"c6":0,"c12":3,"c24":5,"score":2.7,"risk":3,"peakDay":"Sunday","peakTime":"evening","hood":"","bk12":{"morning":1,"afternoon":0,"evening":1,"night":1},"bk24":{"morning":1,"afternoon":0,"evening":3,"night":1},"sv12":2,"recent":[{"d":"2026-03-02","day":"Mon","time":"05:30","desc":"VEHICLE THEFT","res":"unsolved"},{"d":"2026-03-01","day":"Sun","time":"21:30","desc":"VEHICLE THEFT","res":"unsolved"},{"d":"2025-10-26","day":"Sun","time":"04:00","desc":"BURGLARY - MOTOR VEHICLE","res":"unsolved"},{"d":"2025-08-29","day":"Fri","time":"17:15","desc":"LARC - PARTS FROM VEH","res":"unsolved"},{"d":"2025-07-31","day":"Thu","time":"21:00","desc":"LARC - PARTS FROM VEH","res":"unsolved"}]}},{"type":"Feature","geometry":{"type":"Polygon","coordinates":[[[-86.89064642680597,36.087078524089385],[-86.88918821146157,36.088348066689846],[-86.88983677829675,36.090115868410024],[-86.89194363961657,36.09061414589805],[-86.89340189347972,36.08934458670879],[-86.89275324750511,36.08757676662079],[-86.89064642680597,36.087078524089385],[-86.89064642680597,36.087078524089385]]]},"properties":{"h3":"89264d18c97ffff","count":1,"c3":0,"c6":0,"c12":0,"c24":1,"score":0.4,"risk":0,"peakDay":"Friday","peakTime":"morning","hood":"","bk12":{"morning":0,"afternoon":0,"evening":0,"night":0},"bk24":{"morning":1,"afternoon":0,"evening":0,"night":0},"recent":[{"d":"2025-08-01","day":"Fri","time":"06:00","desc":"LARC - PARTS FROM VEH","res":"unsolved"}]}},{"type":"Feature","geometry":{"type":"Polygon","coordinates":[[[-86.61948353000247,36.05970490365194],[-86.61802638761878,36.06096983947499],[-86.61866839370775,36.06273687779559],[-86.62076762132429,36.063238999115846],[-86.62222480285536,36.061974046898115],[-86.62158271762326,36.060206989755294],[-86.61948353000247,36.05970490365194],[-86.61948353000247,36.05970490365194]]]},"properties":{"h3":"89264d14417ffff","count":5,"c3":0,"c6":0,"c12":2,"c24":5,"score":2.6,"risk":3,"peakDay":"Monday","peakTime":"afternoon","hood":"","bk12":{"morning":0,"afternoon":1,"evening":0,"night":1},"bk24":{"morning":0,"afternoon":3,"evening":0,"night":2},"sv12":1,"recent":[{"d":"2026-03-04","day":"Wed","time":"01:00","desc":"BURGLARY- MOTOR VEHICLE","res":"unsolved"},{"d":"2026-02-14","day":"Sat","time":"15:00","desc":"VEHICLE THEFT","res":"unsolved"},{"d":"2025-08-04","day":"Mon","time":"15:30","desc":"VEHICLE THEFT","res":"unsolved"},{"d":"2025-08-01","day":"Fri","time":"15:37","desc":"BURGLARY- MOTOR VEHICLE","res":"unsolved"},{"d":"2025-07-14","day":"Mon","time":"23:00","desc":"VEHICLE THEFT","res":"unsolved"}]}},{"type":"Feature","geometry":{"type":"Polygon","coordinates":[[[-86.68795187283114,36.27924969383158],[-86.68649145806263,36.28051255126944],[-86.68713644440653,36.28227814960174],[-86.68924192498866,36.282780909186194],[-86.69070237890716,36.28151803547101],[-86.69005731309433,36.279752418449185],[-86.68795187283114,36.27924969383158],[-86.68795187283114,36.27924969383158]]]},"properties":{"h3":"89264d8aa6bffff","count":1,"c3":0,"c6":0,"c12":0,"c24":1,"score":0.4,"risk":0,"peakDay":"Friday","peakTime":"afternoon","hood":"","bk12":{"morning":0,"afternoon":0,"evening":0,"night":0},"bk24":{"morning":0,"afternoon":1,"evening":0,"night":0},"recent":[{"d":"2025-08-01","day":"Fri","time":"16:00","desc":"BURGLARY- MOTOR VEHICLE","res":"unsolved"}]}},{"type":"Feature","geometry":{"type":"Polygon","coordinates":[[[-86.82919305158826,36.22903806440367],[-86.82773298858875,36.23030430876206],[-86.82838099474603,36.23207079873776],[-86.83048914327146,36.23257106281434],[-86.83194924504372,36.23130480202679],[-86.83130115951862,36.22953829359233],[-86.82919305158826,36.22903806440367],[-86.82919305158826,36.22903806440367]]]},"properties":{"h3":"89264dc6b33ffff","count":2,"c3":0,"c6":0,"c12":0,"c24":2,"score":0.9,"risk":1,"peakDay":"Friday","peakTime":"evening","hood":"","bk12":{"morning":0,"afternoon":0,"evening":0,"night":0},"bk24":{"morning":0,"afternoon":0,"evening":2,"night":0},"recent":[{"d":"2025-08-02","day":"Sat","time":"21:00","desc":"VEHICLE THEFT","res":"unsolved"},{"d":"2025-08-01","day":"Fri","time":"17:00","desc":"LARC - PARTS FROM VEH","res":"unsolved"}]}},{"type":"Feature","geometry":{"type":"Polygon","coordinates":[[[-86.62867424568985,36.13772025650438],[-86.62721598170968,36.13898417648751],[-86.62785868812676,36.14075065498314],[-86.62995973778577,36.14125323229679],[-86.63141804095041,36.13998929597317],[-86.63077525527234,36.138222798676864],[-86.62867424568985,36.13772025650438],[-86.62867424568985,36.13772025650438]]]},"properties":{"h3":"89264d8d80bffff","count":3,"c3":0,"c6":0,"c12":0,"c24":3,"score":1.4,"risk":1,"peakDay":"Saturday","peakTime":"night","hood":"","bk12":{"morning":0,"afternoon":0,"evening":0,"night":0},"bk24":{"morning":0,"afternoon":0,"evening":1,"night":2},"recent":[{"d":"2025-09-19","day":"Fri","time":"00:00","desc":"BURGLARY- MOTOR VEHICLE","res":"unsolved"},{"d":"2025-09-10","day":"Wed","time":"20:00","desc":"VEHICLE THEFT","res":"unsolved"},{"d":"2025-08-02","day":"Sat","time":"02:00","desc":"BURGLARY - MOTOR VEHICLE","res":"unsolved"}]}},{"type":"Feature","geometry":{"type":"Polygon","coordinates":[[[-86.71954034213834,36.286787645686054],[-86.71807973966463,36.288050973711094],[-86.7187255190331,36.289816625722096],[-86.72083198035149,36.2903189683448],[-86.72229262190518,36.289055624023014],[-86.7216467630613,36.28728995337576],[-86.71954034213834,36.286787645686054],[-86.71954034213834,36.286787645686054]]]},"properties":{"h3":"89264d8802fffff","count":3,"c3":0,"c6":0,"c12":0,"c24":3,"score":1.2,"risk":1,"peakDay":"Saturday","peakTime":"night","hood":"","bk12":{"morning":0,"afternoon":0,"evening":0,"night":0},"bk24":{"morning":0,"afternoon":0,"evening":1,"night":2},"recent":[{"d":"2025-08-14","day":"Thu","time":"21:00","desc":"BURGLARY - MOTOR VEHICLE","res":"unsolved"},{"d":"2025-08-02","day":"Sat","time":"04:02","desc":"BURGLARY- MOTOR VEHICLE","res":"unsolved"},{"d":"2025-03-01","day":"Sat","time":"02:50","desc":"VEHICLE THEFT","res":"unsolved"}]}},{"type":"Feature","geometry":{"type":"Polygon","coordinates":[[[-86.8692581708918,36.21756961791552],[-86.86779817125915,36.21883677933264],[-86.86844705048107,36.22060349849483],[-86.8705560086793,36.221103074633305],[-86.87201604697944,36.219835896746325],[-86.87136708841467,36.21806915919123],[-86.8692581708918,36.21756961791552],[-86.8692581708918,36.21756961791552]]]},"properties":{"h3":"89264dc48d3ffff","count":8,"c3":0,"c6":0,"c12":1,"c24":8,"score":3.7,"risk":4,"peakDay":"Thursday","peakTime":"evening","hood":"","bk12":{"morning":0,"afternoon":0,"evening":0,"night":1},"bk24":{"morning":2,"afternoon":0,"evening":3,"night":3},"recent":[{"d":"2025-12-04","day":"Thu","time":"04:00","desc":"BURGLARY- MOTOR VEHICLE","res":"unsolved"},{"d":"2025-08-28","day":"Thu","time":"09:16","desc":"BURGLARY - MOTOR VEHICLE","res":"unsolved"},{"d":"2025-08-28","day":"Thu","time":"09:16","desc":"BURGLARY - MOTOR VEHICLE","res":"unsolved"},{"d":"2025-08-28","day":"Thu","time":"00:00","desc":"BURGLARY- MOTOR VEHICLE","res":"unsolved"},{"d":"2025-08-21","day":"Thu","time":"21:00","desc":"BURGLARY- MOTOR VEHICLE","res":"unsolved"},{"d":"2025-08-21","day":"Thu","time":"21:00","desc":"BURGLARY- MOTOR VEHICLE","res":"unsolved"},{"d":"2025-08-03","day":"Sun","time":"03:30","desc":"BURGLARY - MOTOR VEHICLE","res":"unsolved"},{"d":"2025-08-02","day":"Sat","time":"21:00","desc":"BURGLARY- MOTOR VEHICLE","res":"unsolved"}]}},{"type":"Feature","geometry":{"type":"Polygon","coordinates":[[[-86.81039971113377,36.1987714529115],[-86.80894012139758,36.20003781116647],[-86.80958749499815,36.20180447051434],[-86.81169453766054,36.2023047901005],[-86.81315416619206,36.2010384154077],[-86.8125067132667,36.19927173756707],[-86.81039971113377,36.1987714529115],[-86.81039971113377,36.1987714529115]]]},"properties":{"h3":"89264d132b3ffff","count":1,"c3":0,"c6":0,"c12":0,"c24":1,"score":0.4,"risk":0,"peakDay":"Saturday","peakTime":"evening","hood":"","bk12":{"morning":0,"afternoon":0,"evening":0,"night":0},"bk24":{"morning":0,"afternoon":0,"evening":1,"night":0},"recent":[{"d":"2025-08-02","day":"Sat","time":"21:00","desc":"BURGLARY- MOTOR VEHICLE","res":"unsolved"}]}},{"type":"Feature","geometry":{"type":"Polygon","coordinates":[[[-86.71841786302274,36.27846142730831],[-86.7169573810439,36.27972486210324],[-86.71760308190461,36.281490575272294],[-86.71970934420777,36.28199287228582],[-86.72116986526298,36.28072942118856],[-86.72052408493948,36.278963689380596],[-86.71841786302274,36.27846142730831],[-86.71841786302274,36.27846142730831]]]},"properties":{"h3":"89264d883b3ffff","count":2,"c3":0,"c6":0,"c12":0,"c24":2,"score":0.9,"risk":1,"peakDay":"Sunday","peakTime":"night","hood":"","bk12":{"morning":0,"afternoon":0,"evening":0,"night":0},"bk24":{"morning":0,"afternoon":0,"evening":0,"night":2},"recent":[{"d":"2025-09-26","day":"Fri","time":"00:01","desc":"BURGLARY- MOTOR VEHICLE","res":"unsolved"},{"d":"2025-08-03","day":"Sun","time":"02:00","desc":"BURGLARY- MOTOR VEHICLE","res":"unsolved"}]}},{"type":"Feature","geometry":{"type":"Polygon","coordinates":[[[-86.59873417168471,36.08700551992424],[-86.59727670070323,36.08826965614055],[-86.59791838639808,36.09003641138738],[-86.600017622263,36.09053904927303],[-86.60147513246181,36.08927489670031],[-86.60083336757914,36.087508122598834],[-86.59873417168471,36.08700551992424],[-86.59873417168471,36.08700551992424]]]},"properties":{"h3":"89264d16057ffff","count":7,"c3":0,"c6":0,"c12":3,"c24":7,"score":3.8,"risk":4,"peakDay":"Sunday","peakTime":"night","hood":"","bk12":{"morning":0,"afternoon":0,"evening":1,"night":2},"bk24":{"morning":1,"afternoon":0,"evening":2,"night":4},"sv12":2,"recent":[{"d":"2026-03-03","day":"Tue","time":"00:00","desc":"BURGLARY- MOTOR VEHICLE","res":"unsolved"},{"d":"2026-02-28","day":"Sat","time":"03:35","desc":"VEHICLE THEFT","res":"unsolved"},{"d":"2026-02-02","day":"Mon","time":"17:00","desc":"VEHICLE THEFT","res":"unsolved"},{"d":"2025-08-24","day":"Sun","time":"23:56","desc":"BURGLARY- MOTOR VEHICLE","res":"unsolved"},{"d":"2025-08-24","day":"Sun","time":"23:56","desc":"BURGLARY- MOTOR VEHICLE","res":"unsolved"},{"d":"2025-08-15","day":"Fri","time":"17:00","desc":"LARC - PARTS FROM VEH","res":"unsolved"},{"d":"2025-08-03","day":"Sun","time":"08:00","desc":"BURGLARY- MOTOR VEHICLE","res":"unsolved"}]}},{"type":"Feature","geometry":{"type":"Polygon","coordinates":[[[-86.73970345832466,36.236786568044124],[-86.73824351037676,36.238051035484006],[-86.73888945351887,36.23981714943285],[-86.74099542400496,36.24031881454957],[-86.74245541094668,36.23905433075785],[-86.7418093884093,36.23728819820174],[-86.73970345832466,36.236786568044124],[-86.73970345832466,36.236786568044124]]]},"properties":{"h3":"89264d89913ffff","count":5,"c3":0,"c6":0,"c12":1,"c24":5,"score":2.2,"risk":2,"peakDay":"Sunday","peakTime":"night","hood":"","bk12":{"morning":0,"afternoon":0,"evening":1,"night":0},"bk24":{"morning":1,"afternoon":0,"evening":1,"night":3},"recent":[{"d":"2025-10-12","day":"Sun","time":"20:30","desc":"LARC - PARTS FROM VEH","res":"unsolved"},{"d":"2025-08-03","day":"Sun","time":"08:00","desc":"LARC - PARTS FROM VEH","res":"unsolved"},{"d":"2025-07-23","day":"Wed","time":"23:30","desc":"VEHICLE THEFT","res":"unsolved"},{"d":"2025-07-20","day":"Sun","time":"01:30","desc":"VEHICLE THEFT","res":"unsolved"},{"d":"2025-05-15","day":"Thu","time":"01:00","desc":"VEHICLE THEFT","res":"unsolved"}]}},{"type":"Feature","geometry":{"type":"Polygon","coordinates":[[[-86.74745682901698,36.25797935940514],[-86.74599656228385,36.259243646428956],[-86.74664282077276,36.26100962274091],[-86.74874942542208,36.261511330621964],[-86.75020973114638,36.26024702725665],[-86.749563393231,36.25848103235226],[-86.74745682901698,36.25797935940514],[-86.74745682901698,36.25797935940514]]]},"properties":{"h3":"89264d89d5bffff","count":2,"c3":0,"c6":0,"c12":1,"c24":2,"score":1,"risk":1,"peakDay":"Sunday","peakTime":"morning","hood":"","bk12":{"morning":0,"afternoon":1,"evening":0,"night":0},"bk24":{"morning":1,"afternoon":1,"evening":0,"night":0},"recent":[{"d":"2026-01-02","day":"Fri","time":"12:00","desc":"BURGLARY- MOTOR VEHICLE","res":"unsolved"},{"d":"2025-08-03","day":"Sun","time":"08:00","desc":"LARC - PARTS FROM VEH","res":"unsolved"}]}},{"type":"Feature","geometry":{"type":"Polygon","coordinates":[[[-86.64742077253084,36.06799698800645],[-86.6459634399063,36.06926231602181],[-86.64660615616155,36.071029393839225],[-86.64870628419371,36.07153116241685],[-86.65016365590543,36.07026581799099],[-86.64952086049858,36.0684987213985],[-86.64742077253084,36.06799698800645],[-86.64742077253084,36.06799698800645]]]},"properties":{"h3":"89264d17163ffff","count":7,"c3":0,"c6":0,"c12":0,"c24":7,"score":3.1,"risk":3,"peakDay":"Monday","peakTime":"night","hood":"","bk12":{"morning":0,"afternoon":0,"evening":0,"night":0},"bk24":{"morning":0,"afternoon":2,"evening":2,"night":3},"recent":[{"d":"2025-09-16","day":"Tue","time":"14:00","desc":"BURGLARY- MOTOR VEHICLE","res":"unsolved"},{"d":"2025-09-15","day":"Mon","time":"23:45","desc":"BURGLARY- MOTOR VEHICLE","res":"unsolved"},{"d":"2025-09-15","day":"Mon","time":"23:45","desc":"BURGLARY- MOTOR VEHICLE","res":"unsolved"},{"d":"2025-09-08","day":"Mon","time":"18:00","desc":"VEHICLE THEFT","res":"unsolved"},{"d":"2025-08-26","day":"Tue","time":"21:58","desc":"BURGLARY- MOTOR VEHICLE","res":"unsolved"},{"d":"2025-08-03","day":"Sun","time":"15:30","desc":"BURGLARY- MOTOR VEHICLE","res":"unsolved"},{"d":"2025-01-18","day":"Sat","time":"01:00","desc":"VEHICLE THEFT","res":"unsolved"}]}},{"type":"Feature","geometry":{"type":"Polygon","coordinates":[[[-86.60108480523684,36.17787870445744],[-86.5996260486611,36.17914150005632],[-86.60026835309505,36.18090756992335],[-86.60236949343215,36.18141086303515],[-86.60382828928851,36.18014805114951],[-86.60318590552795,36.178381962439325],[-86.60108480523684,36.17787870445744],[-86.60108480523684,36.17787870445744]]]},"properties":{"h3":"89264d8c2a7ffff","count":10,"c3":0,"c6":0,"c12":3,"c24":10,"score":4.8,"risk":5,"peakDay":"Sunday","peakTime":"evening","hood":"","bk12":{"morning":0,"afternoon":0,"evening":1,"night":2},"bk24":{"morning":0,"afternoon":0,"evening":6,"night":4},"sv12":3,"recent":[{"d":"2025-12-22","day":"Mon","time":"21:00","desc":"VEHICLE THEFT","res":"unsolved"},{"d":"2025-10-29","day":"Wed","time":"22:00","desc":"VEHICLE THEFT","res":"unsolved"},{"d":"2025-10-29","day":"Wed","time":"01:30","desc":"VEHICLE THEFT","res":"unsolved"},{"d":"2025-10-06","day":"Mon","time":"22:00","desc":"VEHICLE THEFT","res":"unsolved"},{"d":"2025-09-14","day":"Sun","time":"20:00","desc":"BURGLARY- MOTOR VEHICLE","res":"unsolved"},{"d":"2025-09-14","day":"Sun","time":"20:00","desc":"BURGLARY- MOTOR VEHICLE","res":"unsolved"},{"d":"2025-08-10","day":"Sun","time":"20:00","desc":"BURGLARY- MOTOR VEHICLE","res":"unsolved"},{"d":"2025-08-10","day":"Sun","time":"20:00","desc":"BURGLARY- MOTOR VEHICLE","res":"unsolved"},{"d":"2025-08-03","day":"Sun","time":"17:12","desc":"BURGLARY - MOTOR VEHICLE","res":"unsolved"},{"d":"2025-07-15","day":"Tue","time":"03:16","desc":"VEHICLE THEFT","res":"unsolved"}]}},{"type":"Feature","geometry":{"type":"Polygon","coordinates":[[[-86.93942321598603,36.067923636208484],[-86.93796515223933,36.0691943709832],[-86.93861474781986,36.07096248921178],[-86.9407224862488,36.07145989095386],[-86.94218058838236,36.07018913953689],[-86.94153091370092,36.068421003020596],[-86.93942321598603,36.067923636208484],[-86.93942321598603,36.067923636208484]]]},"properties":{"h3":"89264d19da3ffff","count":8,"c3":0,"c6":0,"c12":1,"c24":8,"score":3.4,"risk":3,"peakDay":"Sunday","peakTime":"night","hood":"","bk12":{"morning":0,"afternoon":0,"evening":0,"night":1},"bk24":{"morning":0,"afternoon":0,"evening":3,"night":5},"recent":[{"d":"2025-10-18","day":"Sat","time":"01:35","desc":"BURGLARY- MOTOR VEHICLE","res":"unsolved"},{"d":"2025-08-03","day":"Sun","time":"21:00","desc":"BURGLARY- MOTOR VEHICLE","res":"unsolved"},{"d":"2025-08-03","day":"Sun","time":"04:26","desc":"VEHICLE THEFT","res":"unsolved"},{"d":"2025-08-03","day":"Sun","time":"04:26","desc":"VEHICLE THEFT","res":"unsolved"},{"d":"2025-08-03","day":"Sun","time":"00:01","desc":"VEHICLE THEFT","res":"unsolved"},{"d":"2025-08-03","day":"Sun","time":"00:01","desc":"VEHICLE THEFT","res":"unsolved"},{"d":"2025-02-28","day":"Fri","time":"20:30","desc":"VEHICLE THEFT","res":"unsolved"},{"d":"2025-02-28","day":"Fri","time":"20:30","desc":"VEHICLE THEFT","res":"unsolved"}]}},{"type":"Feature","geometry":{"type":"Polygon","coordinates":[[[-86.65839348546615,36.07707212309847],[-86.65693599652178,36.07833751675833],[-86.65757902778054,36.08010456575179],[-86.65967962714825,36.080606239842005],[-86.66113715516052,36.07934082977002],[-86.66049404473799,36.07757376202045],[-86.65839348546615,36.07707212309847],[-86.65839348546615,36.07707212309847]]]},"properties":{"h3":"89264d17397ffff","count":8,"c3":0,"c6":0,"c12":2,"c24":8,"score":3.8,"risk":4,"peakDay":"Monday","peakTime":"evening","hood":"","bk12":{"morning":0,"afternoon":1,"evening":1,"night":0},"bk24":{"morning":0,"afternoon":2,"evening":3,"night":3},"sv12":1,"recent":[{"d":"2026-02-16","day":"Mon","time":"13:09","desc":"VEHICLE THEFT","res":"unsolved"},{"d":"2025-10-17","day":"Fri","time":"19:53","desc":"BURGLARY- MOTOR VEHICLE","res":"closed"},{"d":"2025-09-06","day":"Sat","time":"20:00","desc":"VEHICLE OFFENSE, CRIMINAL ATTEMPT","res":"unsolved"},{"d":"2025-08-28","day":"Thu","time":"03:30","desc":"LARC - PARTS FROM VEH","res":"unsolved"},{"d":"2025-08-26","day":"Tue","time":"00:30","desc":"VEHICLE THEFT","res":"unsolved"},{"d":"2025-08-04","day":"Mon","time":"01:00","desc":"BURGLARY- MOTOR VEHICLE","res":"unsolved"},{"d":"2025-08-03","day":"Sun","time":"21:00","desc":"BURGLARY- MOTOR VEHICLE","res":"unsolved"},{"d":"2025-03-20","day":"Thu","time":"14:00","desc":"VEHICLE THEFT","res":"closed"}]}},{"type":"Feature","geometry":{"type":"Polygon","coordinates":[[[-86.9379511971209,36.04819705237782],[-86.9364934137686,36.04946805864306],[-86.93714285135133,36.051236322431876],[-86.93925015135828,36.05173359824754],[-86.9407079730864,36.05046257532571],[-86.94005845643254,36.04869429324528],[-86.9379511971209,36.04819705237782],[-86.9379511971209,36.04819705237782]]]},"properties":{"h3":"89264d18a7bffff","count":1,"c3":0,"c6":0,"c12":0,"c24":1,"score":0.4,"risk":0,"peakDay":"Sunday","peakTime":"evening","hood":"","bk12":{"morning":0,"afternoon":0,"evening":0,"night":0},"bk24":{"morning":0,"afternoon":0,"evening":1,"night":0},"recent":[{"d":"2025-08-03","day":"Sun","time":"21:00","desc":"BURGLARY- MOTOR VEHICLE","res":"unsolved"}]}},{"type":"Feature","geometry":{"type":"Polygon","coordinates":[[[-86.87979901472465,36.17812118859404],[-86.87833954521433,36.17938914661875],[-86.87898842588575,36.18115620903757],[-86.88109685534886,36.18165533181084],[-86.88255636347179,36.18038735727716],[-86.88190740351983,36.17862027647968],[-86.87979901472465,36.17812118859404],[-86.87979901472465,36.17812118859404]]]},"properties":{"h3":"89264dc4b6bffff","count":3,"c3":0,"c6":0,"c12":0,"c24":3,"score":1.4,"risk":1,"peakDay":"Monday","peakTime":"afternoon","hood":"","bk12":{"morning":0,"afternoon":0,"evening":0,"night":0},"bk24":{"morning":1,"afternoon":2,"evening":0,"night":0},"recent":[{"d":"2025-08-28","day":"Thu","time":"10:00","desc":"BURGLARY- MOTOR VEHICLE","res":"unsolved"},{"d":"2025-08-17","day":"Sun","time":"12:00","desc":"LARC - PARTS FROM VEH","res":"unsolved"},{"d":"2025-08-04","day":"Mon","time":"14:30","desc":"BURGLARY- MOTOR VEHICLE","res":"unsolved"}]}},{"type":"Feature","geometry":{"type":"Polygon","coordinates":[[[-86.92839569170307,36.05886130161627],[-86.92693778155363,36.0601319698258],[-86.92758706087643,36.06190011899241],[-86.92969432943873,36.06239761825681],[-86.93115227799495,36.06112693340657],[-86.93050291958293,36.059358765933126],[-86.92839569170307,36.05886130161627],[-86.92839569170307,36.05886130161627]]]},"properties":{"h3":"89264d18a8bffff","count":1,"c3":0,"c6":0,"c12":0,"c24":1,"score":0.4,"risk":0,"peakDay":"Monday","peakTime":"afternoon","hood":"","bk12":{"morning":0,"afternoon":0,"evening":0,"night":0},"bk24":{"morning":0,"afternoon":1,"evening":0,"night":0},"recent":[{"d":"2025-08-04","day":"Mon","time":"15:00","desc":"BURGLARY- MOTOR VEHICLE","res":"unsolved"}]}},{"type":"Feature","geometry":{"type":"Polygon","coordinates":[[[-86.92953505687933,36.06720449900456],[-86.9280770268775,36.068475061904756],[-86.9287263851821,36.07024315128346],[-86.93083385259106,36.07074069606674],[-86.93229192100308,36.06947011653149],[-86.93164248359678,36.06770200884849],[-86.92953505687933,36.06720449900456],[-86.92953505687933,36.06720449900456]]]},"properties":{"h3":"89264d18e63ffff","count":3,"c3":0,"c6":0,"c12":2,"c24":3,"score":1.6,"risk":2,"peakDay":"Monday","peakTime":"evening","hood":"","bk12":{"morning":0,"afternoon":0,"evening":2,"night":0},"bk24":{"morning":0,"afternoon":0,"evening":3,"night":0},"recent":[{"d":"2026-01-12","day":"Mon","time":"20:00","desc":"BURGLARY- MOTOR VEHICLE","res":"unsolved"},{"d":"2025-12-09","day":"Tue","time":"20:00","desc":"BURGLARY - MOTOR VEHICLE","res":"unsolved"},{"d":"2025-08-04","day":"Mon","time":"17:00","desc":"BURGLARY- MOTOR VEHICLE","res":"unsolved"}]}},{"type":"Feature","geometry":{"type":"Polygon","coordinates":[[[-86.74071134960106,36.20800326897025],[-86.73925180505123,36.20926819490162],[-86.7398975923645,36.21103453596063],[-86.7420030035793,36.2115359696969],[-86.74346258709886,36.21027102739042],[-86.74281672043467,36.20850466772328],[-86.74071134960106,36.20800326897025],[-86.74071134960106,36.20800326897025]]]},"properties":{"h3":"89264d12633ffff","count":3,"c3":0,"c6":0,"c12":1,"c24":3,"score":1.5,"risk":2,"peakDay":"Monday","peakTime":"evening","hood":"","bk12":{"morning":0,"afternoon":0,"evening":1,"night":0},"bk24":{"morning":0,"afternoon":0,"evening":3,"night":0},"recent":[{"d":"2026-01-17","day":"Sat","time":"19:00","desc":"BURGLARY- MOTOR VEHICLE","res":"unsolved"},{"d":"2025-08-04","day":"Mon","time":"17:30","desc":"THEFT OF VEHICLE-2,500 OR > BUT<$10,000","res":"unsolved"},{"d":"2025-08-04","day":"Mon","time":"17:20","desc":"BURGLARY- MOTOR VEHICLE","res":"unsolved"}]}},{"type":"Feature","geometry":{"type":"Polygon","coordinates":[[[-86.7704858625927,36.247339205244586],[-86.76902568784176,36.24860408201593],[-86.7696724233679,36.250370222839784],[-86.77177941305195,36.2508715054478],[-86.77323962673069,36.249606612308284],[-86.77259281179835,36.2478404529294],[-86.7704858625927,36.247339205244586],[-86.7704858625927,36.247339205244586]]]},"properties":{"h3":"89264d8984fffff","count":7,"c3":0,"c6":0,"c12":3,"c24":7,"score":3.6,"risk":4,"peakDay":"Monday","peakTime":"night","hood":"","bk12":{"morning":1,"afternoon":1,"evening":0,"night":1},"bk24":{"morning":1,"afternoon":2,"evening":1,"night":3},"recent":[{"d":"2026-03-06","day":"Fri","time":"00:01","desc":"BURGLARY- MOTOR VEHICLE","res":"unsolved"},{"d":"2025-12-25","day":"Thu","time":"09:00","desc":"BURGLARY- MOTOR VEHICLE","res":"unsolved"},{"d":"2025-10-29","day":"Wed","time":"12:30","desc":"BURGLARY- MOTOR VEHICLE","res":"unsolved"},{"d":"2025-09-14","day":"Sun","time":"03:00","desc":"BURGLARY- MOTOR VEHICLE","res":"unsolved"},{"d":"2025-09-14","day":"Sun","time":"02:35","desc":"BURGLARY- MOTOR VEHICLE","res":"unsolved"},{"d":"2025-08-18","day":"Mon","time":"16:00","desc":"VEHICLE THEFT","res":"unsolved"},{"d":"2025-08-04","day":"Mon","time":"18:00","desc":"BURGLARY- MOTOR VEHICLE","res":"unsolved"}]}},{"type":"Feature","geometry":{"type":"Polygon","coordinates":[[[-86.71950485347519,36.086807718083975],[-86.71804706926126,36.08807409659131],[-86.71869160182194,36.08984129293052],[-86.72079399776634,36.09034212941637],[-86.72225182090965,36.08907573445573],[-86.72160720917998,36.08730851946302],[-86.71950485347519,36.086807718083975],[-86.71950485347519,36.086807718083975]]]},"properties":{"h3":"89264d109cbffff","count":3,"c3":0,"c6":0,"c12":1,"c24":3,"score":1.5,"risk":2,"peakDay":"Monday","peakTime":"evening","hood":"","bk12":{"morning":0,"afternoon":0,"evening":0,"night":1},"bk24":{"morning":0,"afternoon":0,"evening":2,"night":1},"recent":[{"d":"2026-01-18","day":"Sun","time":"00:49","desc":"BURGLARY- MOTOR VEHICLE","res":"unsolved"},{"d":"2025-08-04","day":"Mon","time":"20:00","desc":"BURGLARY- MOTOR VEHICLE","res":"unsolved"},{"d":"2025-08-04","day":"Mon","time":"20:00","desc":"BURGLARY- MOTOR VEHICLE","res":"unsolved"}]}},{"type":"Feature","geometry":{"type":"Polygon","coordinates":[[[-86.80930604794189,36.12752601314042],[-86.80784746402827,36.12879343624216],[-86.80849436695699,36.1305606416979],[-86.81059993301612,36.13106044255286],[-86.8120585556744,36.129793002958394],[-86.81141157352971,36.12802577900218],[-86.80930604794189,36.12752601314042],[-86.80930604794189,36.12752601314042]]]},"properties":{"h3":"89264d1112fffff","count":5,"c3":0,"c6":0,"c12":0,"c24":5,"score":2.3,"risk":2,"peakDay":"Monday","peakTime":"afternoon","hood":"","bk12":{"morning":0,"afternoon":0,"evening":0,"night":0},"bk24":{"morning":0,"afternoon":3,"evening":1,"night":1},"recent":[{"d":"2025-09-21","day":"Sun","time":"12:00","desc":"BURGLARY- MOTOR VEHICLE","res":"unsolved"},{"d":"2025-09-01","day":"Mon","time":"15:30","desc":"BURGLARY- MOTOR VEHICLE","res":"unsolved"},{"d":"2025-08-20","day":"Wed","time":"22:00","desc":"BURGLARY- MOTOR VEHICLE","res":"unsolved"},{"d":"2025-08-13","day":"Wed","time":"13:00","desc":"VEHICLE THEFT","res":"unsolved"},{"d":"2025-08-04","day":"Mon","time":"20:00","desc":"BURGLARY- MOTOR VEHICLE","res":"unsolved"}]}},{"type":"Feature","geometry":{"type":"Polygon","coordinates":[[[-86.96875914563039,36.05869252945574],[-86.96730114176658,36.05996394612463],[-86.96795137008708,36.06173223652568],[-86.97005968135326,36.06222912849762],[-86.97151772352623,36.06095769515617],[-86.97086741612468,36.059189386515826],[-86.96875914563039,36.05869252945574],[-86.96875914563039,36.05869252945574]]]},"properties":{"h3":"89264d19833ffff","count":1,"c3":0,"c6":0,"c12":0,"c24":1,"score":0.4,"risk":0,"peakDay":"Monday","peakTime":"evening","hood":"","bk12":{"morning":0,"afternoon":0,"evening":0,"night":0},"bk24":{"morning":0,"afternoon":0,"evening":1,"night":0},"recent":[{"d":"2025-08-04","day":"Mon","time":"20:30","desc":"BURGLARY- MOTOR VEHICLE","res":"unsolved"}]}},{"type":"Feature","geometry":{"type":"Polygon","coordinates":[[[-86.94783843964461,36.04891467038812],[-86.94638062263557,36.05018584850546],[-86.94703029741376,36.05195414115851],[-86.94913786827219,36.05245127396975],[-86.95059572363373,36.05118007918859],[-86.9499459697852,36.04941176826052],[-86.94783843964461,36.04891467038812],[-86.94783843964461,36.04891467038812]]]},"properties":{"h3":"89264d199bbffff","count":4,"c3":0,"c6":0,"c12":0,"c24":4,"score":1.8,"risk":2,"peakDay":"Tuesday","peakTime":"night","hood":"","bk12":{"morning":0,"afternoon":0,"evening":0,"night":0},"bk24":{"morning":0,"afternoon":0,"evening":0,"night":4},"recent":[{"d":"2025-08-05","day":"Tue","time":"04:00","desc":"BURGLARY- MOTOR VEHICLE","res":"unsolved"},{"d":"2025-08-05","day":"Tue","time":"04:00","desc":"BURGLARY- MOTOR VEHICLE","res":"unsolved"},{"d":"2025-08-05","day":"Tue","time":"04:00","desc":"BURGLARY- MOTOR VEHICLE","res":"unsolved"},{"d":"2025-08-04","day":"Mon","time":"22:00","desc":"BURGLARY- MOTOR VEHICLE","res":"unsolved"}]}},{"type":"Feature","geometry":{"type":"Polygon","coordinates":[[[-86.73924124679651,36.08827995890039],[-86.73778339138316,36.089546680717],[-86.7384283983489,36.09131393681331],[-86.74053133989673,36.091814489713954],[-86.74198923419335,36.09054775142946],[-86.74134414805964,36.088780476712685],[-86.73924124679651,36.08827995890039],[-86.73924124679651,36.08827995890039]]]},"properties":{"h3":"89264d1086bffff","count":6,"c3":0,"c6":0,"c12":2,"c24":6,"score":3,"risk":3,"peakDay":"Monday","peakTime":"night","hood":"","bk12":{"morning":0,"afternoon":1,"evening":1,"night":0},"bk24":{"morning":1,"afternoon":1,"evening":1,"night":3},"sv12":1,"recent":[{"d":"2026-02-27","day":"Fri","time":"13:00","desc":"BURGLARY - MOTOR VEHICLE","res":"unsolved"},{"d":"2025-10-15","day":"Wed","time":"21:00","desc":"VEHICLE THEFT","res":"unsolved"},{"d":"2025-09-01","day":"Mon","time":"01:00","desc":"VEHICLE THEFT","res":"unsolved"},{"d":"2025-08-31","day":"Sun","time":"23:00","desc":"BURGLARY - MOTOR VEHICLE","res":"unsolved"},{"d":"2025-08-18","day":"Mon","time":"09:57","desc":"BURGLARY- MOTOR VEHICLE","res":"unsolved"},{"d":"2025-08-04","day":"Mon","time":"23:00","desc":"LARC - PARTS FROM VEH","res":"unsolved"}]}},{"type":"Feature","geometry":{"type":"Polygon","coordinates":[[[-86.78598378146414,36.1268281540485],[-86.78452526569934,36.12809515587374],[-86.78517161452828,36.12986228402245],[-86.7872765583418,36.130362428885874],[-86.78873511290672,36.129095410585904],[-86.78808868485879,36.127328263897724],[-86.78598378146414,36.1268281540485],[-86.78598378146414,36.1268281540485]]]},"properties":{"h3":"89264d11c87ffff","count":1,"c3":0,"c6":0,"c12":0,"c24":1,"score":0.4,"risk":0,"peakDay":"Tuesday","peakTime":"night","hood":"","bk12":{"morning":0,"afternoon":0,"evening":0,"night":0},"bk24":{"morning":0,"afternoon":0,"evening":0,"night":1},"recent":[{"d":"2025-08-05","day":"Tue","time":"04:04","desc":"BURGLARY - MOTOR VEHICLE","res":"closed"}]}},{"type":"Feature","geometry":{"type":"Polygon","coordinates":[[[-86.68055684314008,36.06945397581073],[-86.67909940344047,36.07071989600417],[-86.67974291002756,36.07248708342452],[-86.6818439354637,36.0729883693717],[-86.68330141417263,36.07172243274239],[-86.68265782843685,36.069955226602275],[-86.68055684314008,36.06945397581073],[-86.68055684314008,36.06945397581073]]]},"properties":{"h3":"89264d1734bffff","count":8,"c3":0,"c6":0,"c12":3,"c24":8,"score":4.1,"risk":4,"peakDay":"Saturday","peakTime":"night","hood":"","bk12":{"morning":0,"afternoon":1,"evening":1,"night":1},"bk24":{"morning":1,"afternoon":2,"evening":2,"night":3},"sv12":1,"recent":[{"d":"2026-03-05","day":"Thu","time":"12:00","desc":"LARC - PARTS FROM VEH","res":"unsolved"},{"d":"2026-02-10","day":"Tue","time":"00:00","desc":"BURGLARY- MOTOR VEHICLE","res":"unsolved"},{"d":"2025-10-13","day":"Mon","time":"19:30","desc":"VEHICLE THEFT","res":"unsolved"},{"d":"2025-09-20","day":"Sat","time":"22:00","desc":"VEHICLE THEFT","res":"unsolved"},{"d":"2025-09-13","day":"Sat","time":"12:07","desc":"VEHICLE THEFT","res":"unsolved"},{"d":"2025-08-29","day":"Fri","time":"06:00","desc":"VEHICLE THEFT","res":"unsolved"},{"d":"2025-08-23","day":"Sat","time":"20:15","desc":"VEHICLE THEFT","res":"unsolved"},{"d":"2025-08-05","day":"Tue","time":"22:21","desc":"BURGLARY- MOTOR VEHICLE","res":"unsolved"}]}},{"type":"Feature","geometry":{"type":"Polygon","coordinates":[[[-86.83910409757624,36.166866191328204],[-86.8376448861736,36.1681335674818],[-86.83829273717117,36.16990057477813],[-86.84039987884299,36.17040022436887],[-86.84185912894797,36.16913283172974],[-86.84121119867962,36.167365805985874],[-86.83910409757624,36.166866191328204],[-86.83910409757624,36.166866191328204]]]},"properties":{"h3":"89264d116a7ffff","count":1,"c3":0,"c6":0,"c12":0,"c24":1,"score":0.4,"risk":0,"peakDay":"Tuesday","peakTime":"night","hood":"","bk12":{"morning":0,"afternoon":0,"evening":0,"night":0},"bk24":{"morning":0,"afternoon":0,"evening":0,"night":1},"recent":[{"d":"2025-08-05","day":"Tue","time":"23:30","desc":"BURGLARY- MOTOR VEHICLE","res":"unsolved"}]}},{"type":"Feature","geometry":{"type":"Polygon","coordinates":[[[-86.67993104901952,36.146742339107576],[-86.67847252382332,36.148007072409015],[-86.67911649563374,36.14977366784212],[-86.68121907190807,36.150275548688846],[-86.68267763617332,36.14901079901288],[-86.68203358509595,36.147244184865194],[-86.67993104901952,36.146742339107576],[-86.67993104901952,36.146742339107576]]]},"properties":{"h3":"89264d12d4fffff","count":1,"c3":0,"c6":0,"c12":0,"c24":1,"score":0.4,"risk":0,"peakDay":"Wednesday","peakTime":"night","hood":"","bk12":{"morning":0,"afternoon":0,"evening":0,"night":0},"bk24":{"morning":0,"afternoon":0,"evening":0,"night":1},"recent":[{"d":"2025-08-06","day":"Wed","time":"04:41","desc":"BURGLARY- MOTOR VEHICLE","res":"closed"}]}},{"type":"Feature","geometry":{"type":"Polygon","coordinates":[[[-86.72051668913238,36.05800000226254],[-86.7190593071031,36.059266836731425],[-86.7197036845487,36.06103425570376],[-86.72180552314929,36.061534858861734],[-86.7232629440839,36.06026800791603],[-86.7226184875134,36.05850057028964],[-86.72051668913238,36.05800000226254],[-86.72051668913238,36.05800000226254]]]},"properties":{"h3":"89264d1560bffff","count":6,"c3":0,"c6":0,"c12":1,"c24":6,"score":3,"risk":3,"peakDay":"Wednesday","peakTime":"night","hood":"","bk12":{"morning":0,"afternoon":0,"evening":0,"night":1},"bk24":{"morning":1,"afternoon":0,"evening":0,"night":5},"sv12":1,"recent":[{"d":"2026-02-04","day":"Wed","time":"22:00","desc":"VEHICLE THEFT","res":"unsolved"},{"d":"2025-09-25","day":"Thu","time":"22:00","desc":"THEFT OF VEHICLE->$1,000 BUT <$2,500","res":"unsolved"},{"d":"2025-09-14","day":"Sun","time":"23:00","desc":"THEFT OF VEHICLE-2,500 OR > BUT<$10,000","res":"unsolved"},{"d":"2025-09-03","day":"Wed","time":"01:12","desc":"VEHICLE THEFT","res":"unsolved"},{"d":"2025-09-03","day":"Wed","time":"01:12","desc":"VEHICLE THEFT","res":"unsolved"},{"d":"2025-08-06","day":"Wed","time":"09:00","desc":"BURGLARY- MOTOR VEHICLE","res":"unsolved"}]}},{"type":"Feature","geometry":{"type":"Polygon","coordinates":[[[-86.61836483802918,36.18846531088491],[-86.61690588638574,36.189728265615805],[-86.6175486644941,36.19149431706972],[-86.61965047358694,36.19199743260669],[-86.62110946447791,36.190734461583396],[-86.62046660702926,36.18896839131601],[-86.61836483802918,36.18846531088491],[-86.61836483802918,36.18846531088491]]]},"properties":{"h3":"89264d8c2c3ffff","count":3,"c3":0,"c6":0,"c12":1,"c24":3,"score":1.5,"risk":2,"peakDay":"Wednesday","peakTime":"morning","hood":"","bk12":{"morning":0,"afternoon":0,"evening":0,"night":1},"bk24":{"morning":2,"afternoon":0,"evening":0,"night":1},"recent":[{"d":"2026-02-22","day":"Sun","time":"23:30","desc":"BURGLARY- MOTOR VEHICLE","res":"unsolved"},{"d":"2025-08-06","day":"Wed","time":"10:00","desc":"BURGLARY- MOTOR VEHICLE","res":"unsolved"},{"d":"2025-07-17","day":"Thu","time":"08:00","desc":"VEHICLE OFFENSE, CRIMINAL ATTEMPT","res":"unsolved"}]}},{"type":"Feature","geometry":{"type":"Polygon","coordinates":[[[-86.74435188466876,36.14435474601308],[-86.74289322749506,36.145620709885186],[-86.74353870394498,36.14738755512062],[-86.74564291682225,36.147888455091895],[-86.74710161290909,36.14662247479194],[-86.74645605720633,36.144855610949044],[-86.74435188466876,36.14435474601308],[-86.74435188466876,36.14435474601308]]]},"properties":{"h3":"89264d1056fffff","count":1,"c3":0,"c6":0,"c12":0,"c24":1,"score":0.4,"risk":0,"peakDay":"Wednesday","peakTime":"afternoon","hood":"","bk12":{"morning":0,"afternoon":0,"evening":0,"night":0},"bk24":{"morning":0,"afternoon":1,"evening":0,"night":0},"recent":[{"d":"2025-08-06","day":"Wed","time":"14:00","desc":"LARC - PARTS FROM VEH","res":"closed"}]}},{"type":"Feature","geometry":{"type":"Polygon","coordinates":[[[-86.79080853342255,36.171535223171254],[-86.78934937628509,36.172801633783315],[-86.7899961177512,36.174568434817886],[-86.79210209564212,36.175068843768656],[-86.79356129160162,36.173802416713066],[-86.79291447084898,36.172035597150746],[-86.79080853342255,36.171535223171254],[-86.79080853342255,36.171535223171254]]]},"properties":{"h3":"89264d106cbffff","count":1,"c3":0,"c6":0,"c12":0,"c24":1,"score":0.4,"risk":0,"peakDay":"Thursday","peakTime":"evening","hood":"","bk12":{"morning":0,"afternoon":0,"evening":0,"night":0},"bk24":{"morning":0,"afternoon":0,"evening":1,"night":0},"recent":[{"d":"2025-08-07","day":"Thu","time":"21:00","desc":"BURGLARY- MOTOR VEHICLE","res":"closed"}]}},{"type":"Feature","geometry":{"type":"Polygon","coordinates":[[[-86.68061153932125,36.30650262173363],[-86.6791507583952,36.307764925003596],[-86.67979574143297,36.309530283772645],[-86.6819015849096,36.31003335797138],[-86.68336240502386,36.30877103845119],[-86.6827173424741,36.30700566098297],[-86.68061153932125,36.30650262173363],[-86.68061153932125,36.30650262173363]]]},"properties":{"h3":"89264d8ae47ffff","count":1,"c3":0,"c6":0,"c12":0,"c24":1,"score":0.4,"risk":0,"peakDay":"Thursday","peakTime":"night","hood":"","bk12":{"morning":0,"afternoon":0,"evening":0,"night":0},"bk24":{"morning":0,"afternoon":0,"evening":0,"night":1},"recent":[{"d":"2025-08-07","day":"Thu","time":"22:38","desc":"BURGLARY - MOTOR VEHICLE","res":"closed"}]}},{"type":"Feature","geometry":{"type":"Polygon","coordinates":[[[-86.81985418320858,36.088067898882215],[-86.81839612780809,36.089336116668655],[-86.81904303322867,36.09110366176261],[-86.8211480732044,36.091603007556614],[-86.82260616729475,36.090334773238105],[-86.8219591827203,36.08856720965816],[-86.81985418320858,36.088067898882215],[-86.81985418320858,36.088067898882215]]]},"properties":{"h3":"89264d11a23ffff","count":2,"c3":0,"c6":0,"c12":0,"c24":2,"score":0.9,"risk":1,"peakDay":"Friday","peakTime":"night","hood":"","bk12":{"morning":0,"afternoon":0,"evening":0,"night":0},"bk24":{"morning":0,"afternoon":0,"evening":1,"night":1},"recent":[{"d":"2025-08-11","day":"Mon","time":"18:00","desc":"VEHICLE THEFT","res":"unsolved"},{"d":"2025-08-08","day":"Fri","time":"00:01","desc":"LARC - PARTS FROM VEH","res":"unsolved"}]}},{"type":"Feature","geometry":{"type":"Polygon","coordinates":[[[-86.6395709682557,36.10968041396534],[-86.63811307017711,36.1109449629339],[-86.6387558597322,36.112711695272516],[-86.64085662658313,36.113213897427904],[-86.64231456379905,36.111949332088024],[-86.64167169502748,36.11018258096456],[-86.6395709682557,36.10968041396534],[-86.6395709682557,36.10968041396534]]]},"properties":{"h3":"89264d8db6bffff","count":8,"c3":0,"c6":0,"c12":1,"c24":8,"score":3.8,"risk":4,"peakDay":"Friday","peakTime":"night","hood":"","bk12":{"morning":0,"afternoon":1,"evening":0,"night":0},"bk24":{"morning":0,"afternoon":1,"evening":2,"night":5},"recent":[{"d":"2025-12-15","day":"Mon","time":"16:00","desc":"LARC - PARTS FROM VEH","res":"unsolved"},{"d":"2025-09-12","day":"Fri","time":"21:00","desc":"LARC - PARTS FROM VEH","res":"unsolved"},{"d":"2025-09-12","day":"Fri","time":"21:00","desc":"LARC - PARTS FROM VEH","res":"unsolved"},{"d":"2025-09-06","day":"Sat","time":"23:20","desc":"LARC - PARTS FROM VEH","res":"unsolved"},{"d":"2025-08-21","day":"Thu","time":"02:15","desc":"LARC - PARTS FROM VEH","res":"unsolved"},{"d":"2025-08-21","day":"Thu","time":"02:00","desc":"LARC - PARTS FROM VEH","res":"unsolved"},{"d":"2025-08-08","day":"Fri","time":"01:15","desc":"BURGLARY- MOTOR VEHICLE","res":"unsolved"},{"d":"2025-08-08","day":"Fri","time":"01:15","desc":"BURGLARY- MOTOR VEHICLE","res":"unsolved"}]}},{"type":"Feature","geometry":{"type":"Polygon","coordinates":[[[-86.70953363442757,36.048927669277084],[-86.70807640806825,36.05019443784268],[-86.7087204703334,36.051961885902685],[-86.71082183807148,36.05246258407061],[-86.71227910335556,36.05119579902978],[-86.7116349619776,36.049428332296735],[-86.70953363442757,36.048927669277084],[-86.70953363442757,36.048927669277084]]]},"properties":{"h3":"89264d15627ffff","count":8,"c3":0,"c6":0,"c12":2,"c24":8,"score":4,"risk":4,"peakDay":"Friday","peakTime":"afternoon","hood":"","bk12":{"morning":1,"afternoon":0,"evening":1,"night":0},"bk24":{"morning":2,"afternoon":3,"evening":2,"night":1},"recent":[{"d":"2026-02-22","day":"Sun","time":"08:45","desc":"BURGLARY- MOTOR VEHICLE","res":"unsolved"},{"d":"2026-01-29","day":"Thu","time":"20:35","desc":"BURGLARY- MOTOR VEHICLE","res":"unsolved"},{"d":"2025-09-12","day":"Fri","time":"13:15","desc":"BURGLARY- MOTOR VEHICLE","res":"unsolved"},{"d":"2025-08-22","day":"Fri","time":"15:45","desc":"BURGLARY- MOTOR VEHICLE","res":"unsolved"},{"d":"2025-08-19","day":"Tue","time":"12:00","desc":"BURGLARY- MOTOR VEHICLE","res":"unsolved"},{"d":"2025-08-08","day":"Fri","time":"07:00","desc":"BURGLARY- MOTOR VEHICLE","res":"unsolved"},{"d":"2025-07-25","day":"Fri","time":"03:28","desc":"VEHICLE THEFT","res":"unsolved"},{"d":"2025-07-17","day":"Thu","time":"21:00","desc":"VEHICLE THEFT","res":"unsolved"}]}},{"type":"Feature","geometry":{"type":"Polygon","coordinates":[[[-86.94089581586341,36.087648093711394],[-86.93943747161646,36.08891855677051],[-86.94008722526809,36.09068652902824],[-86.94219540229821,36.09118405651111],[-86.94365378494308,36.08991357682405],[-86.94300395216075,36.088145586282565],[-86.94089581586341,36.087648093711394],[-86.94089581586341,36.087648093711394]]]},"properties":{"h3":"89264d18307ffff","count":1,"c3":0,"c6":0,"c12":0,"c24":1,"score":0.4,"risk":0,"peakDay":"Friday","peakTime":"afternoon","hood":"","bk12":{"morning":0,"afternoon":0,"evening":0,"night":0},"bk24":{"morning":0,"afternoon":1,"evening":0,"night":0},"recent":[{"d":"2025-08-08","day":"Fri","time":"12:00","desc":"BURGLARY- MOTOR VEHICLE","res":"unsolved"}]}},{"type":"Feature","geometry":{"type":"Polygon","coordinates":[[[-86.82808594124634,36.157799308117184],[-86.82662688470249,36.15906661833275],[-86.82727441930248,36.16083365694586],[-86.82938108970606,36.1613334038106],[-86.830840184972,36.160066077111146],[-86.83019257111309,36.15829902003133],[-86.82808594124634,36.157799308117184],[-86.82808594124634,36.157799308117184]]]},"properties":{"h3":"89264d1108fffff","count":11,"c3":0,"c6":0,"c12":1,"c24":11,"score":5,"risk":5,"peakDay":"Friday","peakTime":"evening","hood":"","bk12":{"morning":0,"afternoon":0,"evening":1,"night":0},"bk24":{"morning":3,"afternoon":1,"evening":6,"night":1},"recent":[{"d":"2026-01-03","day":"Sat","time":"17:30","desc":"BURGLARY- MOTOR VEHICLE","res":"unsolved"},{"d":"2025-09-19","day":"Fri","time":"10:07","desc":"LARC - PARTS FROM VEH","res":"unsolved"},{"d":"2025-09-05","day":"Fri","time":"20:00","desc":"BURGLARY- MOTOR VEHICLE","res":"unsolved"},{"d":"2025-09-05","day":"Fri","time":"20:00","desc":"BURGLARY- MOTOR VEHICLE","res":"unsolved"},{"d":"2025-09-05","day":"Fri","time":"20:00","desc":"BURGLARY- MOTOR VEHICLE","res":"unsolved"},{"d":"2025-08-28","day":"Thu","time":"20:00","desc":"BURGLARY - MOTOR VEHICLE","res":"unsolved"},{"d":"2025-08-27","day":"Wed","time":"08:34","desc":"VEHICLE THEFT","res":"unsolved"},{"d":"2025-08-08","day":"Fri","time":"14:00","desc":"LARC - PARTS FROM VEH","res":"unsolved"},{"d":"2025-07-21","day":"Mon","time":"21:00","desc":"VEHICLE THEFT","res":"unsolved"},{"d":"2025-07-18","day":"Fri","time":"22:00","desc":"VEHICLE THEFT","res":"unsolved"}]}},{"type":"Feature","geometry":{"type":"Polygon","coordinates":[[[-86.73083102373924,36.207262196801636],[-86.72937151481432,36.20852695086908],[-86.73001706436918,36.21029326245946],[-86.7321222022012,36.210794838607505],[-86.73358175011899,36.20953006817228],[-86.7329361212127,36.207763737957244],[-86.73083102373924,36.207262196801636],[-86.73083102373924,36.207262196801636]]]},"properties":{"h3":"89264d120d3ffff","count":1,"c3":0,"c6":0,"c12":0,"c24":1,"score":0.4,"risk":0,"peakDay":"Friday","peakTime":"afternoon","hood":"","bk12":{"morning":0,"afternoon":0,"evening":0,"night":0},"bk24":{"morning":0,"afternoon":1,"evening":0,"night":0},"recent":[{"d":"2025-08-08","day":"Fri","time":"16:00","desc":"LARC - PARTS FROM VEH","res":"unsolved"}]}},{"type":"Feature","geometry":{"type":"Polygon","coordinates":[[[-86.68940997149745,35.99893365113024],[-86.68795349884549,36.00020080405139],[-86.68859677689706,36.00196855628173],[-86.69069660664118,36.00246917430169],[-86.69215311822842,36.00120200488179],[-86.69150976113703,35.99943423394116],[-86.68940997149745,35.99893365113024],[-86.68940997149745,35.99893365113024]]]},"properties":{"h3":"89264d15e63ffff","count":4,"c3":0,"c6":0,"c12":2,"c24":4,"score":2.2,"risk":2,"peakDay":"Saturday","peakTime":"afternoon","hood":"","bk12":{"morning":0,"afternoon":2,"evening":0,"night":0},"bk24":{"morning":0,"afternoon":3,"evening":1,"night":0},"recent":[{"d":"2026-02-14","day":"Sat","time":"12:20","desc":"BURGLARY- MOTOR VEHICLE","res":"unsolved"},{"d":"2026-02-14","day":"Sat","time":"12:20","desc":"BURGLARY- MOTOR VEHICLE","res":"unsolved"},{"d":"2025-09-03","day":"Wed","time":"20:30","desc":"VEHICLE THEFT","res":"unsolved"},{"d":"2025-08-08","day":"Fri","time":"16:00","desc":"BURGLARY- MOTOR VEHICLE","res":"unsolved"}]}},{"type":"Feature","geometry":{"type":"Polygon","coordinates":[[[-86.66858645432121,35.9891239100501],[-86.66713017348998,35.99039082556097],[-86.6677729001589,35.992158575452095],[-86.669871986688,35.99265942857853],[-86.67132830649672,35.99139249657777],[-86.67068550079965,35.98962472794093],[-86.66858645432121,35.9891239100501],[-86.66858645432121,35.9891239100501]]]},"properties":{"h3":"89264d1580bffff","count":3,"c3":0,"c6":0,"c12":1,"c24":3,"score":1.5,"risk":2,"peakDay":"Friday","peakTime":"night","hood":"","bk12":{"morning":0,"afternoon":0,"evening":0,"night":1},"bk24":{"morning":0,"afternoon":0,"evening":0,"night":3},"recent":[{"d":"2026-02-18","day":"Wed","time":"00:32","desc":"BURGLARY- MOTOR VEHICLE","res":"unsolved"},{"d":"2025-08-08","day":"Fri","time":"22:50","desc":"BURGLARY- MOTOR VEHICLE","res":"unsolved"},{"d":"2025-08-08","day":"Fri","time":"22:50","desc":"BURGLARY- MOTOR VEHICLE","res":"unsolved"}]}},{"type":"Feature","geometry":{"type":"Polygon","coordinates":[[[-86.60849951496552,36.18771554312404],[-86.60704060002953,36.18897832618204],[-86.6076831405754,36.19074434745738],[-86.60978467539861,36.19124760450519],[-86.611243629605,36.1899848051622],[-86.61060100971854,36.18821876505689],[-86.60849951496552,36.18771554312404],[-86.60849951496552,36.18771554312404]]]},"properties":{"h3":"89264d8c283ffff","count":2,"c3":0,"c6":0,"c12":1,"c24":2,"score":1,"risk":1,"peakDay":"Friday","peakTime":"night","hood":"","bk12":{"morning":1,"afternoon":0,"evening":0,"night":0},"bk24":{"morning":1,"afternoon":0,"evening":0,"night":1},"recent":[{"d":"2025-10-23","day":"Thu","time":"08:00","desc":"BURGLARY- MOTOR VEHICLE","res":"unsolved"},{"d":"2025-08-08","day":"Fri","time":"23:00","desc":"BURGLARY- MOTOR VEHICLE","res":"unsolved"}]}},{"type":"Feature","geometry":{"type":"Polygon","coordinates":[[[-86.67883525707772,36.03838064647112],[-86.67737825832637,36.03964700609624],[-86.67802153162492,36.04141442255856],[-86.68012188277716,36.041915498121305],[-86.68157892051856,36.04064912203714],[-86.68093556811846,36.0388816868498],[-86.67883525707772,36.03838064647112],[-86.67883525707772,36.03838064647112]]]},"properties":{"h3":"89264d1556fffff","count":3,"c3":0,"c6":0,"c12":1,"c24":3,"score":1.5,"risk":2,"peakDay":"Monday","peakTime":"night","hood":"","bk12":{"morning":1,"afternoon":0,"evening":0,"night":0},"bk24":{"morning":1,"afternoon":0,"evening":0,"night":2},"sv12":1,"recent":[{"d":"2026-01-18","day":"Sun","time":"08:00","desc":"VEHICLE THEFT","res":"unsolved"},{"d":"2025-09-02","day":"Tue","time":"22:00","desc":"VEHICLE THEFT","res":"unsolved"},{"d":"2025-08-11","day":"Mon","time":"00:00","desc":"LARC - PARTS FROM VEH","res":"unsolved"}]}},{"type":"Feature","geometry":{"type":"Polygon","coordinates":[[[-86.86099055792977,36.147849991760154],[-86.85953156042184,36.14911806251781],[-86.86017980841666,36.15088529337937],[-86.86228713315805,36.151384471896336],[-86.86374616930142,36.15011638462092],[-86.86309784206884,36.148349135346805],[-86.86099055792977,36.147849991760154],[-86.86099055792977,36.147849991760154]]]},"properties":{"h3":"89264d1120bffff","count":28,"c3":0,"c6":0,"c12":3,"c24":28,"score":13.7,"risk":14,"peakDay":"Sunday","peakTime":"night","hood":"","bk12":{"morning":0,"afternoon":0,"evening":1,"night":2},"bk24":{"morning":13,"afternoon":0,"evening":2,"night":13},"recent":[{"d":"2026-03-05","day":"Thu","time":"17:00","desc":"LARC - PARTS FROM VEH","res":"unsolved"},{"d":"2026-02-13","day":"Fri","time":"00:01","desc":"LARC - PARTS FROM VEH","res":"unsolved"},{"d":"2026-02-01","day":"Sun","time":"00:00","desc":"BURGLARY- MOTOR VEHICLE","res":"unsolved"},{"d":"2025-10-02","day":"Thu","time":"08:00","desc":"BURGLARY- MOTOR VEHICLE","res":"unsolved"},{"d":"2025-10-01","day":"Wed","time":"08:00","desc":"VEHICLE THEFT","res":"unsolved"},{"d":"2025-09-14","day":"Sun","time":"05:40","desc":"BURGLARY - MOTOR VEHICLE","res":"unsolved"},{"d":"2025-09-14","day":"Sun","time":"05:40","desc":"BURGLARY - MOTOR VEHICLE","res":"unsolved"},{"d":"2025-09-14","day":"Sun","time":"05:40","desc":"BURGLARY - MOTOR VEHICLE","res":"unsolved"},{"d":"2025-09-14","day":"Sun","time":"05:40","desc":"BURGLARY - MOTOR VEHICLE","res":"unsolved"},{"d":"2025-09-14","day":"Sun","time":"05:40","desc":"BURGLARY - MOTOR VEHICLE","res":"unsolved"}]}},{"type":"Feature","geometry":{"type":"Polygon","coordinates":[[[-86.72055412381033,36.258016714136375],[-86.71909392507762,36.2592805016538],[-86.71973954873033,36.26104638209066],[-86.72184545054758,36.26154849364782],[-86.7233056883361,36.260284689810426],[-86.72265998525236,36.25851879073633],[-86.72055412381033,36.258016714136375],[-86.72055412381033,36.258016714136375]]]},"properties":{"h3":"89264d88e4fffff","count":2,"c3":0,"c6":0,"c12":1,"c24":2,"score":1.1,"risk":1,"peakDay":"Tuesday","peakTime":"evening","hood":"","bk12":{"morning":1,"afternoon":0,"evening":0,"night":0},"bk24":{"morning":1,"afternoon":0,"evening":1,"night":0},"recent":[{"d":"2026-02-27","day":"Fri","time":"08:55","desc":"BURGLARY- MOTOR VEHICLE","res":"unsolved"},{"d":"2025-08-12","day":"Tue","time":"20:00","desc":"LARC - PARTS FROM VEH","res":"unsolved"}]}},{"type":"Feature","geometry":{"type":"Polygon","coordinates":[[[-86.78037426081148,36.24807898005679],[-86.77891405076457,36.24934402880974],[-86.7795610242664,36.25111019876581],[-86.78166828722154,36.25161133850789],[-86.78312853617302,36.25034627337947],[-86.78248148326558,36.24858008488492],[-86.78037426081148,36.24807898005679],[-86.78037426081148,36.24807898005679]]]},"properties":{"h3":"89264d89a8fffff","count":3,"c3":0,"c6":0,"c12":0,"c24":3,"score":1.2,"risk":1,"peakDay":"Tuesday","peakTime":"evening","hood":"","bk12":{"morning":0,"afternoon":0,"evening":0,"night":0},"bk24":{"morning":0,"afternoon":0,"evening":2,"night":1},"recent":[{"d":"2025-09-07","day":"Sun","time":"21:30","desc":"BURGLARY- MOTOR VEHICLE","res":"unsolved"},{"d":"2025-08-12","day":"Tue","time":"21:00","desc":"LARC - PARTS FROM VEH","res":"unsolved"},{"d":"2024-12-06","day":"Fri","time":"01:45","desc":"VEHICLE THEFT","res":"unsolved"}]}},{"type":"Feature","geometry":{"type":"Polygon","coordinates":[[[-86.76035227078842,36.17235913928805],[-86.7588931787094,36.1736249730545],[-86.75953920704796,36.17539165968267],[-86.76164440675937,36.175892531123324],[-86.76310353773418,36.17462668093822],[-86.76245743010263,36.1728599757316],[-86.76035227078842,36.17235913928805],[-86.76035227078842,36.17235913928805]]]},"properties":{"h3":"89264d1041bffff","count":1,"c3":0,"c6":0,"c12":0,"c24":1,"score":0.5,"risk":0,"peakDay":"Wednesday","peakTime":"afternoon","hood":"","bk12":{"morning":0,"afternoon":0,"evening":0,"night":0},"bk24":{"morning":0,"afternoon":1,"evening":0,"night":0},"recent":[{"d":"2025-08-13","day":"Wed","time":"12:26","desc":"BURGLARY- MOTOR VEHICLE","res":"closed"}]}},{"type":"Feature","geometry":{"type":"Polygon","coordinates":[[[-86.79829798469864,36.11845773570475],[-86.79683955581278,36.11972509283966],[-86.79748614272258,36.12149232890964],[-86.79959123772308,36.12199222636476],[-86.80104970537323,36.12072485273875],[-86.80040303925941,36.11895759814919],[-86.79829798469864,36.11845773570475],[-86.79829798469864,36.11845773570475]]]},"properties":{"h3":"89264d11c73ffff","count":4,"c3":0,"c6":0,"c12":0,"c24":4,"score":1.8,"risk":2,"peakDay":"Wednesday","peakTime":"night","hood":"","bk12":{"morning":0,"afternoon":0,"evening":0,"night":0},"bk24":{"morning":0,"afternoon":0,"evening":1,"night":3},"recent":[{"d":"2025-08-17","day":"Sun","time":"03:00","desc":"BURGLARY- MOTOR VEHICLE","res":"unsolved"},{"d":"2025-08-16","day":"Sat","time":"17:00","desc":"BURGLARY- MOTOR VEHICLE","res":"unsolved"},{"d":"2025-08-13","day":"Wed","time":"22:00","desc":"BURGLARY- MOTOR VEHICLE","res":"unsolved"},{"d":"2025-07-01","day":"Tue","time":"00:00","desc":"VEHICLE THEFT","res":"unsolved"}]}},{"type":"Feature","geometry":{"type":"Polygon","coordinates":[[[-86.8475372243722,36.14788963686795],[-86.84607825931651,36.14915745801238],[-86.84672619049037,36.150924641420964],[-86.84883316596098,36.151424022120615],[-86.85029216968458,36.15015618446912],[-86.84964415927047,36.14838898262551],[-86.8475372243722,36.14788963686795],[-86.8475372243722,36.14788963686795]]]},"properties":{"h3":"89264d112a3ffff","count":4,"c3":0,"c6":0,"c12":1,"c24":4,"score":2,"risk":2,"peakDay":"Thursday","peakTime":"night","hood":"","bk12":{"morning":0,"afternoon":0,"evening":1,"night":0},"bk24":{"morning":1,"afternoon":0,"evening":1,"night":2},"recent":[{"d":"2026-02-28","day":"Sat","time":"17:15","desc":"BURGLARY- MOTOR VEHICLE","res":"unsolved"},{"d":"2025-09-10","day":"Wed","time":"09:05","desc":"BURGLARY- MOTOR VEHICLE","res":"unsolved"},{"d":"2025-08-14","day":"Thu","time":"03:00","desc":"BURGLARY- MOTOR VEHICLE","res":"unsolved"},{"d":"2025-07-13","day":"Sun","time":"04:00","desc":"VEHICLE THEFT","res":"unsolved"}]}},{"type":"Feature","geometry":{"type":"Polygon","coordinates":[[[-86.78941373211083,36.08891255062739],[-86.78795574085648,36.09018019206548],[-86.7886019342642,36.091947622664975],[-86.79070619808748,36.092447430363606],[-86.79216422810538,36.091179772418236],[-86.7915179555372,36.08941232328202],[-86.78941373211083,36.08891255062739],[-86.78941373211083,36.08891255062739]]]},"properties":{"h3":"89264d11953ffff","count":1,"c3":0,"c6":0,"c12":0,"c24":1,"score":0.5,"risk":0,"peakDay":"Friday","peakTime":"night","hood":"","bk12":{"morning":0,"afternoon":0,"evening":0,"night":0},"bk24":{"morning":0,"afternoon":0,"evening":0,"night":1},"recent":[{"d":"2025-08-15","day":"Fri","time":"02:17","desc":"BURGLARY- MOTOR VEHICLE","res":"unsolved"}]}},{"type":"Feature","geometry":{"type":"Polygon","coordinates":[[[-86.80853102074771,36.06762537580309],[-86.80707328073176,36.068893694119865],[-86.8077197919882,36.07066135503296],[-86.80982412238605,36.07116071613623],[-86.81128190110378,36.06989238128027],[-86.81063531072267,36.06812470186071],[-86.80853102074771,36.06762537580309],[-86.80853102074771,36.06762537580309]]]},"properties":{"h3":"89264d0359bffff","count":1,"c3":0,"c6":0,"c12":0,"c24":1,"score":0.5,"risk":0,"peakDay":"Friday","peakTime":"morning","hood":"","bk12":{"morning":0,"afternoon":0,"evening":0,"night":0},"bk24":{"morning":1,"afternoon":0,"evening":0,"night":0},"recent":[{"d":"2025-08-15","day":"Fri","time":"10:30","desc":"BURGLARY- MOTOR VEHICLE","res":"unsolved"}]}},{"type":"Feature","geometry":{"type":"Polygon","coordinates":[[[-86.76754237771756,36.107922316275165],[-86.76608417430506,36.109189263948295],[-86.76672997062396,36.11095647132298],[-86.76883404954937,36.11145674959676],[-86.7702922917921,36.11018978544868],[-86.76964641627995,36.108422559502266],[-86.76754237771756,36.107922316275165],[-86.76754237771756,36.107922316275165]]]},"properties":{"h3":"89264d11dbbffff","count":3,"c3":0,"c6":0,"c12":1,"c24":3,"score":1.5,"risk":1,"peakDay":"Friday","peakTime":"afternoon","hood":"","bk12":{"morning":1,"afternoon":0,"evening":0,"night":0},"bk24":{"morning":1,"afternoon":2,"evening":0,"night":0},"recent":[{"d":"2025-12-01","day":"Mon","time":"07:05","desc":"BURGLARY- MOTOR VEHICLE","res":"unsolved"},{"d":"2025-08-30","day":"Sat","time":"12:00","desc":"BURGLARY- MOTOR VEHICLE","res":"unsolved"},{"d":"2025-08-15","day":"Fri","time":"13:40","desc":"BURGLARY- MOTOR VEHICLE","res":"unsolved"}]}},{"type":"Feature","geometry":{"type":"Polygon","coordinates":[[[-86.65968190066391,36.159647394039744],[-86.65822324647809,36.16091155511586],[-86.65886682073504,36.162677978242925],[-86.66096912846848,36.16318025904156],[-86.66242782178144,36.161916081617285],[-86.66178416823463,36.160149639743004],[-86.65968190066391,36.159647394039744],[-86.65968190066391,36.159647394039744]]]},"properties":{"h3":"89264d8d32fffff","count":3,"c3":0,"c6":0,"c12":2,"c24":3,"score":1.6,"risk":2,"peakDay":"Saturday","peakTime":"morning","hood":"","bk12":{"morning":0,"afternoon":0,"evening":1,"night":1},"bk24":{"morning":1,"afternoon":0,"evening":1,"night":1},"sv12":1,"recent":[{"d":"2025-12-05","day":"Fri","time":"00:00","desc":"BURGLARY- MOTOR VEHICLE","res":"unsolved"},{"d":"2025-12-04","day":"Thu","time":"18:00","desc":"VEHICLE THEFT","res":"unsolved"},{"d":"2025-08-16","day":"Sat","time":"08:00","desc":"LARC - PARTS FROM VEH","res":"unsolved"}]}},{"type":"Feature","geometry":{"type":"Polygon","coordinates":[[[-86.74915746042083,36.18904964168021],[-86.74769816156525,36.19031501345911],[-86.7483440299277,36.19208153131874],[-86.750449276467,36.192582695995625],[-86.75190861425774,36.19131730782005],[-86.75126266657483,36.18955077136474],[-86.74915746042083,36.18904964168021],[-86.74915746042083,36.18904964168021]]]},"properties":{"h3":"89264d12207ffff","count":7,"c3":0,"c6":0,"c12":2,"c24":7,"score":3.5,"risk":4,"peakDay":"Saturday","peakTime":"morning","hood":"","bk12":{"morning":0,"afternoon":1,"evening":1,"night":0},"bk24":{"morning":2,"afternoon":1,"evening":2,"night":2},"sv12":1,"recent":[{"d":"2026-02-18","day":"Wed","time":"15:30","desc":"VEHICLE THEFT","res":"unsolved"},{"d":"2025-12-09","day":"Tue","time":"21:00","desc":"BURGLARY- MOTOR VEHICLE","res":"unsolved"},{"d":"2025-08-29","day":"Fri","time":"00:00","desc":"BURGLARY- MOTOR VEHICLE","res":"unsolved"},{"d":"2025-08-22","day":"Fri","time":"21:00","desc":"BURGLARY - MOTOR VEHICLE","res":"unsolved"},{"d":"2025-08-21","day":"Thu","time":"00:00","desc":"THEFT OF VEHICLE->$1,000 BUT <$2,500","res":"unsolved"},{"d":"2025-08-16","day":"Sat","time":"10:15","desc":"BURGLARY- MOTOR VEHICLE","res":"unsolved"},{"d":"2025-08-16","day":"Sat","time":"10:15","desc":"BURGLARY- MOTOR VEHICLE","res":"unsolved"}]}},{"type":"Feature","geometry":{"type":"Polygon","coordinates":[[[-86.87087911615394,36.14857815609769],[-86.86942008423122,36.1498463987833],[-86.87006856981799,36.15161365860793],[-86.87217616656531,36.152112694143426],[-86.87363523710013,36.15084443493285],[-86.87298667227637,36.149077156712224],[-86.87087911615394,36.14857815609769],[-86.87087911615394,36.14857815609769]]]},"properties":{"h3":"89264d1124bffff","count":2,"c3":0,"c6":0,"c12":0,"c24":2,"score":0.9,"risk":1,"peakDay":"Saturday","peakTime":"morning","hood":"","bk12":{"morning":0,"afternoon":0,"evening":0,"night":0},"bk24":{"morning":2,"afternoon":0,"evening":0,"night":0},"recent":[{"d":"2025-08-16","day":"Sat","time":"11:15","desc":"BURGLARY - MOTOR VEHICLE","res":"unsolved"},{"d":"2025-08-10","day":"Sun","time":"11:00","desc":"VEHICLE THEFT","res":"unsolved"}]}},{"type":"Feature","geometry":{"type":"Polygon","coordinates":[[[-86.7128917510166,36.073936125290174],[-86.71143416469924,36.07520257669028],[-86.71207846139417,36.076969847124644],[-86.71418042355766,36.0774706848249],[-86.71563804881053,36.07620421696663],[-86.71499367296519,36.074436927866735],[-86.7128917510166,36.073936125290174],[-86.7128917510166,36.073936125290174]]]},"properties":{"h3":"89264d10977ffff","count":1,"c3":0,"c6":0,"c12":0,"c24":1,"score":0.5,"risk":0,"peakDay":"Saturday","peakTime":"afternoon","hood":"","bk12":{"morning":0,"afternoon":0,"evening":0,"night":0},"bk24":{"morning":0,"afternoon":1,"evening":0,"night":0},"recent":[{"d":"2025-08-16","day":"Sat","time":"14:00","desc":"LARC - PARTS FROM VEH","res":"closed"}]}},{"type":"Feature","geometry":{"type":"Polygon","coordinates":[[[-86.73896836501582,36.17694671610242],[-86.73750926259265,36.178212083613786],[-86.73815481513596,36.17997865864787],[-86.74025954940689,36.18047988478478],[-86.74171869078056,36.17921450087541],[-86.74107305893361,36.1774479072276],[-86.73896836501582,36.17694671610242],[-86.73896836501582,36.17694671610242]]]},"properties":{"h3":"89264d12357ffff","count":5,"c3":0,"c6":0,"c12":3,"c24":5,"score":2.6,"risk":3,"peakDay":"Saturday","peakTime":"evening","hood":"","bk12":{"morning":0,"afternoon":0,"evening":3,"night":0},"bk24":{"morning":0,"afternoon":2,"evening":3,"night":0},"recent":[{"d":"2025-12-14","day":"Sun","time":"19:00","desc":"BURGLARY - MOTOR VEHICLE","res":"unsolved"},{"d":"2025-12-14","day":"Sun","time":"19:00","desc":"BURGLARY - MOTOR VEHICLE","res":"unsolved"},{"d":"2025-12-12","day":"Fri","time":"20:30","desc":"BURGLARY- MOTOR VEHICLE","res":"unsolved"},{"d":"2025-08-16","day":"Sat","time":"16:35","desc":"BURGLARY - MOTOR VEHICLE","res":"unsolved"},{"d":"2025-08-16","day":"Sat","time":"16:35","desc":"BURGLARY - MOTOR VEHICLE","res":"unsolved"}]}},{"type":"Feature","geometry":{"type":"Polygon","coordinates":[[[-86.59762493430848,36.07867408647156],[-86.59616758342959,36.07993832873009],[-86.59680919138427,36.081705143080875],[-86.5989082293939,36.08220773403072],[-86.6003656194865,36.080943475410045],[-86.59972393235653,36.079176642202135],[-86.59762493430848,36.07867408647156],[-86.59762493430848,36.07867408647156]]]},"properties":{"h3":"89264d16063ffff","count":3,"c3":0,"c6":0,"c12":1,"c24":3,"score":1.4,"risk":1,"peakDay":"Sunday","peakTime":"night","hood":"","bk12":{"morning":0,"afternoon":0,"evening":0,"night":1},"bk24":{"morning":1,"afternoon":0,"evening":0,"night":2},"recent":[{"d":"2025-10-16","day":"Thu","time":"01:30","desc":"BURGLARY - MOTOR VEHICLE","res":"unsolved"},{"d":"2025-08-17","day":"Sun","time":"02:00","desc":"BURGLARY- MOTOR VEHICLE","res":"unsolved"},{"d":"2025-06-29","day":"Sun","time":"05:00","desc":"VEHICLE THEFT","res":"unsolved"}]}},{"type":"Feature","geometry":{"type":"Polygon","coordinates":[[[-86.77704769654221,36.16019877626069],[-86.77558873358862,36.16146510466123],[-86.7762350798201,36.16323194440277],[-86.77834046827753,36.16373247429588],[-86.77979947007773,36.162466129453854],[-86.7791530445747,36.160699271160695],[-86.77704769654221,36.16019877626069],[-86.77704769654221,36.16019877626069]]]},"properties":{"h3":"89264d10633ffff","count":1,"c3":0,"c6":0,"c12":0,"c24":1,"score":0.5,"risk":0,"peakDay":"Sunday","peakTime":"morning","hood":"","bk12":{"morning":0,"afternoon":0,"evening":0,"night":0},"bk24":{"morning":1,"afternoon":0,"evening":0,"night":0},"recent":[{"d":"2025-08-17","day":"Sun","time":"11:00","desc":"BURGLARY- MOTOR VEHICLE","res":"closed"}]}},{"type":"Feature","geometry":{"type":"Polygon","coordinates":[[[-86.75916067506206,36.22690823286866],[-86.75770081712874,36.22817321203721],[-86.7583471577646,36.229939471884556],[-86.76045343571134,36.23044077113954],[-86.7619133325843,36.22917577559592],[-86.76126691257166,36.22740949717288],[-86.75916067506206,36.22690823286866],[-86.75916067506206,36.22690823286866]]]},"properties":{"h3":"89264d89babffff","count":9,"c3":0,"c6":0,"c12":2,"c24":9,"score":4.3,"risk":4,"peakDay":"Friday","peakTime":"evening","hood":"","bk12":{"morning":0,"afternoon":0,"evening":1,"night":1},"bk24":{"morning":2,"afternoon":0,"evening":5,"night":2},"sv12":1,"recent":[{"d":"2026-03-06","day":"Fri","time":"02:40","desc":"BURGLARY- MOTOR VEHICLE","res":"unsolved"},{"d":"2026-02-02","day":"Mon","time":"17:23","desc":"VEHICLE THEFT","res":"unsolved"},{"d":"2025-09-26","day":"Fri","time":"20:00","desc":"BURGLARY- MOTOR VEHICLE","res":"unsolved"},{"d":"2025-09-26","day":"Fri","time":"19:45","desc":"BURGLARY - MOTOR VEHICLE","res":"unsolved"},{"d":"2025-09-01","day":"Mon","time":"06:00","desc":"LARC - PARTS FROM VEH","res":"unsolved"},{"d":"2025-08-30","day":"Sat","time":"08:00","desc":"BURGLARY- MOTOR VEHICLE","res":"unsolved"},{"d":"2025-08-17","day":"Sun","time":"17:00","desc":"LARC - PARTS FROM VEH","res":"unsolved"},{"d":"2025-02-02","day":"Sun","time":"20:33","desc":"VEHICLE THEFT","res":"unsolved"},{"d":"2024-12-18","day":"Wed","time":"02:00","desc":"VEHICLE THEFT","res":"unsolved"}]}},{"type":"Feature","geometry":{"type":"Polygon","coordinates":[[[-86.69011483646644,36.058823922500366],[-86.68865752130289,36.06009018115215],[-86.68930118726436,36.061857483883294],[-86.69140224752115,36.06235854666782],[-86.69285960166323,36.06109227156412],[-86.69221585657078,36.05932495012831],[-86.69011483646644,36.058823922500366],[-86.69011483646644,36.058823922500366]]]},"properties":{"h3":"89264d1543bffff","count":6,"c3":0,"c6":0,"c12":2,"c24":6,"score":3.1,"risk":3,"peakDay":"Monday","peakTime":"evening","hood":"","bk12":{"morning":0,"afternoon":0,"evening":1,"night":1},"bk24":{"morning":0,"afternoon":0,"evening":4,"night":2},"sv12":1,"recent":[{"d":"2026-02-19","day":"Thu","time":"21:30","desc":"VEHICLE THEFT","res":"unsolved"},{"d":"2026-01-12","day":"Mon","time":"02:00","desc":"BURGLARY- MOTOR VEHICLE","res":"unsolved"},{"d":"2025-09-20","day":"Sat","time":"01:00","desc":"VEHICLE THEFT","res":"unsolved"},{"d":"2025-09-15","day":"Mon","time":"20:00","desc":"BURGLARY- MOTOR VEHICLE","res":"unsolved"},{"d":"2025-09-01","day":"Mon","time":"20:30","desc":"VEHICLE THEFT","res":"unsolved"},{"d":"2025-08-17","day":"Sun","time":"21:00","desc":"LARC - PARTS FROM VEH","res":"unsolved"}]}},{"type":"Feature","geometry":{"type":"Polygon","coordinates":[[[-86.71908957793477,36.038291417711854],[-86.71763247632964,36.03955852452518],[-86.71827669778088,36.041326087651086],[-86.72037809993307,36.04182656262211],[-86.72183524043217,36.04055943931755],[-86.72119093988587,36.03879185753371],[-86.71908957793477,36.038291417711854],[-86.71908957793477,36.038291417711854]]]},"properties":{"h3":"89264d15217ffff","count":8,"c3":0,"c6":0,"c12":1,"c24":8,"score":3.8,"risk":4,"peakDay":"Friday","peakTime":"night","hood":"","bk12":{"morning":0,"afternoon":0,"evening":0,"night":1},"bk24":{"morning":0,"afternoon":1,"evening":3,"night":4},"recent":[{"d":"2026-02-06","day":"Fri","time":"00:00","desc":"LARC - PARTS FROM VEH","res":"unsolved"},{"d":"2025-09-08","day":"Mon","time":"01:00","desc":"BURGLARY- MOTOR VEHICLE","res":"unsolved"},{"d":"2025-09-05","day":"Fri","time":"20:00","desc":"BURGLARY- MOTOR VEHICLE","res":"unsolved"},{"d":"2025-09-05","day":"Fri","time":"20:00","desc":"BURGLARY- MOTOR VEHICLE","res":"unsolved"},{"d":"2025-08-17","day":"Sun","time":"21:20","desc":"BURGLARY- MOTOR VEHICLE","res":"unsolved"},{"d":"2025-08-17","day":"Sun","time":"00:00","desc":"VEHICLE THEFT","res":"unsolved"},{"d":"2025-08-16","day":"Sat","time":"00:00","desc":"VEHICLE THEFT","res":"unsolved"},{"d":"2025-07-21","day":"Mon","time":"15:00","desc":"VEHICLE THEFT","res":"unsolved"}]}},{"type":"Feature","geometry":{"type":"Polygon","coordinates":[[[-86.84087872453149,36.197938837192645],[-86.8394190710985,36.19920577264079],[-86.84006715824566,36.20097254544029],[-86.84217497814466,36.20147240123409],[-86.84363467029895,36.20020544932327],[-86.84298650383376,36.198438658081805],[-86.84087872453149,36.197938837192645],[-86.84087872453149,36.197938837192645]]]},"properties":{"h3":"89264dc4983ffff","count":4,"c3":0,"c6":0,"c12":1,"c24":4,"score":2,"risk":2,"peakDay":"Tuesday","peakTime":"afternoon","hood":"","bk12":{"morning":0,"afternoon":0,"evening":1,"night":0},"bk24":{"morning":1,"afternoon":2,"evening":1,"night":0},"recent":[{"d":"2026-03-02","day":"Mon","time":"18:00","desc":"BURGLARY - MOTOR VEHICLE","res":"unsolved"},{"d":"2025-09-12","day":"Fri","time":"12:00","desc":"BURGLARY- MOTOR VEHICLE","res":"unsolved"},{"d":"2025-08-19","day":"Tue","time":"15:10","desc":"BURGLARY - MOTOR VEHICLE","res":"unsolved"},{"d":"2025-07-13","day":"Sun","time":"08:30","desc":"VEHICLE THEFT","res":"unsolved"}]}},{"type":"Feature","geometry":{"type":"Polygon","coordinates":[[[-86.73080237872341,36.10724808587229],[-86.72934427817866,36.10851436315247],[-86.72998920417152,36.110281444184054],[-86.73209230990824,36.11078226656899],[-86.73355044937067,36.10951597284261],[-86.73290544417947,36.10774887317796],[-86.73080237872341,36.10724808587229],[-86.73080237872341,36.10724808587229]]]},"properties":{"h3":"89264d10c6fffff","count":3,"c3":0,"c6":0,"c12":0,"c24":3,"score":1.4,"risk":1,"peakDay":"Tuesday","peakTime":"evening","hood":"","bk12":{"morning":0,"afternoon":0,"evening":0,"night":0},"bk24":{"morning":1,"afternoon":0,"evening":2,"night":0},"recent":[{"d":"2025-09-16","day":"Tue","time":"18:30","desc":"BURGLARY- MOTOR VEHICLE","res":"unsolved"},{"d":"2025-08-19","day":"Tue","time":"18:00","desc":"BURGLARY- MOTOR VEHICLE","res":"unsolved"},{"d":"2025-07-15","day":"Tue","time":"08:51","desc":"VEHICLE THEFT","res":"unsolved"}]}},{"type":"Feature","geometry":{"type":"Polygon","coordinates":[[[-86.91009070437202,36.07714435669366],[-86.90863258153063,36.07841440949583],[-86.90928154417372,36.080182355147336],[-86.91138870877964,36.080680266333246],[-86.91284687008554,36.07941019691911],[-86.91219782832185,36.07764223293153],[-86.91009070437202,36.07714435669366],[-86.91009070437202,36.07714435669366]]]},"properties":{"h3":"89264d18c4fffff","count":2,"c3":0,"c6":0,"c12":1,"c24":2,"score":1,"risk":1,"peakDay":"Tuesday","peakTime":"evening","hood":"","bk12":{"morning":1,"afternoon":0,"evening":0,"night":0},"bk24":{"morning":1,"afternoon":0,"evening":1,"night":0},"recent":[{"d":"2025-10-20","day":"Mon","time":"07:22","desc":"BURGLARY - MOTOR VEHICLE","res":"closed"},{"d":"2025-08-19","day":"Tue","time":"21:30","desc":"BURGLARY- MOTOR VEHICLE","res":"unsolved"}]}},{"type":"Feature","geometry":{"type":"Polygon","coordinates":[[[-86.70954172859827,36.148967059299444],[-86.70808309554747,36.150232307735344],[-86.70872777970536,36.15199899278972],[-86.71083117618043,36.15250044807377],[-86.71228984823118,36.15123518324142],[-86.71164508480769,36.149468479521964],[-86.70954172859827,36.148967059299444],[-86.70954172859827,36.148967059299444]]]},"properties":{"h3":"89264d12e2fffff","count":2,"c3":0,"c6":0,"c12":1,"c24":2,"score":1,"risk":1,"peakDay":"Wednesday","peakTime":"night","hood":"","bk12":{"morning":0,"afternoon":0,"evening":1,"night":0},"bk24":{"morning":0,"afternoon":0,"evening":1,"night":1},"recent":[{"d":"2025-12-28","day":"Sun","time":"18:00","desc":"BURGLARY - MOTOR VEHICLE","res":"unsolved"},{"d":"2025-08-20","day":"Wed","time":"00:11","desc":"LARC - PARTS FROM VEH","res":"unsolved"}]}},{"type":"Feature","geometry":{"type":"Polygon","coordinates":[[[-86.828749766854,36.11761548963124],[-86.82729127403279,36.11888342335228],[-86.82793857337099,36.12065077358613],[-86.83004444472859,36.12115020856827],[-86.83150297624029,36.119882258331316],[-86.8308555977047,36.11811488962863],[-86.828749766854,36.11761548963124],[-86.828749766854,36.11761548963124]]]},"properties":{"h3":"89264d11e43ffff","count":1,"c3":0,"c6":0,"c12":0,"c24":1,"score":0.5,"risk":0,"peakDay":"Wednesday","peakTime":"evening","hood":"","bk12":{"morning":0,"afternoon":0,"evening":0,"night":0},"bk24":{"morning":0,"afternoon":0,"evening":1,"night":0},"recent":[{"d":"2025-08-20","day":"Wed","time":"18:15","desc":"BURGLARY- MOTOR VEHICLE","res":"unsolved"}]}},{"type":"Feature","geometry":{"type":"Polygon","coordinates":[[[-86.62860425159295,36.23766362110167],[-86.62714457891872,36.238926013841116],[-86.62778790460729,36.24069172227024],[-86.62989098238515,36.24119505675246],[-86.63135069431979,36.23993264775093],[-86.63070728921699,36.23816692052975],[-86.62860425159295,36.23766362110167],[-86.62860425159295,36.23766362110167]]]},"properties":{"h3":"89264d8f047ffff","count":2,"c3":0,"c6":0,"c12":0,"c24":2,"score":0.7,"risk":1,"peakDay":"Wednesday","peakTime":"night","hood":"","bk12":{"morning":0,"afternoon":0,"evening":0,"night":0},"bk24":{"morning":0,"afternoon":0,"evening":0,"night":2},"recent":[{"d":"2025-08-20","day":"Wed","time":"22:00","desc":"LARC - PARTS FROM VEH","res":"unsolved"},{"d":"2024-11-10","day":"Sun","time":"00:45","desc":"VEHICLE THEFT","res":"unsolved"}]}},{"type":"Feature","geometry":{"type":"Polygon","coordinates":[[[-86.88790265567759,36.1477661699463],[-86.88644359376141,36.14903473998908],[-86.88709247542192,36.15080206547479],[-86.88920049823199,36.15130083928588],[-86.8906595987186,36.150032252704015],[-86.89001063782553,36.148264908850656],[-86.88790265567759,36.1477661699463],[-86.88790265567759,36.1477661699463]]]},"properties":{"h3":"89264d1a1cfffff","count":6,"c3":0,"c6":0,"c12":1,"c24":6,"score":2.9,"risk":3,"peakDay":"Thursday","peakTime":"evening","hood":"","bk12":{"morning":0,"afternoon":0,"evening":1,"night":0},"bk24":{"morning":0,"afternoon":0,"evening":4,"night":2},"recent":[{"d":"2025-12-16","day":"Tue","time":"19:00","desc":"BURGLARY - MOTOR VEHICLE","res":"unsolved"},{"d":"2025-08-22","day":"Fri","time":"04:00","desc":"BURGLARY- MOTOR VEHICLE","res":"unsolved"},{"d":"2025-08-21","day":"Thu","time":"22:00","desc":"BURGLARY- MOTOR VEHICLE","res":"unsolved"},{"d":"2025-08-21","day":"Thu","time":"20:00","desc":"BURGLARY - MOTOR VEHICLE","res":"unsolved"},{"d":"2025-08-21","day":"Thu","time":"20:00","desc":"BURGLARY - MOTOR VEHICLE","res":"unsolved"},{"d":"2025-08-21","day":"Thu","time":"17:00","desc":"BURGLARY- MOTOR VEHICLE","res":"unsolved"}]}},{"type":"Feature","geometry":{"type":"Polygon","coordinates":[[[-86.63780061924207,36.17860494476181],[-86.63634175531894,36.17986841071757],[-86.63698493097135,36.18163460874846],[-86.63908704986991,36.18213735960612],[-86.64054595298673,36.18087387733467],[-86.63990269801208,36.17910766052174],[-86.63780061924207,36.17860494476181],[-86.63780061924207,36.17860494476181]]]},"properties":{"h3":"89264d8d113ffff","count":4,"c3":0,"c6":0,"c12":2,"c24":4,"score":2.2,"risk":2,"peakDay":"Thursday","peakTime":"evening","hood":"","bk12":{"morning":0,"afternoon":0,"evening":2,"night":0},"bk24":{"morning":0,"afternoon":0,"evening":3,"night":1},"sv12":2,"recent":[{"d":"2026-03-04","day":"Wed","time":"17:25","desc":"VEHICLE THEFT","res":"unsolved"},{"d":"2026-03-04","day":"Wed","time":"17:25","desc":"VEHICLE THEFT","res":"unsolved"},{"d":"2025-08-21","day":"Thu","time":"23:00","desc":"BURGLARY- MOTOR VEHICLE","res":"unsolved"},{"d":"2025-08-21","day":"Thu","time":"20:00","desc":"BURGLARY- MOTOR VEHICLE","res":"unsolved"}]}},{"type":"Feature","geometry":{"type":"Polygon","coordinates":[[[-86.7402855719379,36.15951791679709],[-86.73882671163783,36.16078357437205],[-86.73947218664435,36.162550288452515],[-86.74157660122845,36.16305136357148],[-86.74303550046278,36.1617856895838],[-86.74238994617953,36.16001895689036],[-86.7402855719379,36.15951791679709],[-86.7402855719379,36.15951791679709]]]},"properties":{"h3":"89264d105c7ffff","count":1,"c3":0,"c6":0,"c12":0,"c24":1,"score":0.5,"risk":0,"peakDay":"Friday","peakTime":"night","hood":"","bk12":{"morning":0,"afternoon":0,"evening":0,"night":0},"bk24":{"morning":0,"afternoon":0,"evening":0,"night":1},"recent":[{"d":"2025-08-22","day":"Fri","time":"00:05","desc":"LARC - PARTS FROM VEH","res":"unsolved"}]}},{"type":"Feature","geometry":{"type":"Polygon","coordinates":[[[-86.65029612396903,36.00735778374515],[-86.64883963529064,36.00862408439782],[-86.64948204379058,36.0103916304274],[-86.65158102002835,36.01089289457965],[-86.65303754774143,36.009626577466165],[-86.65239506018281,36.00785901266172],[-86.65029612396903,36.00735778374515],[-86.65029612396903,36.00735778374515]]]},"properties":{"h3":"89264d15cafffff","count":4,"c3":0,"c6":0,"c12":2,"c24":4,"score":2,"risk":2,"peakDay":"Friday","peakTime":"night","hood":"","bk12":{"morning":0,"afternoon":0,"evening":1,"night":1},"bk24":{"morning":0,"afternoon":0,"evening":1,"night":3},"sv12":2,"recent":[{"d":"2025-11-05","day":"Wed","time":"22:00","desc":"VEHICLE THEFT","res":"unsolved"},{"d":"2025-10-17","day":"Fri","time":"18:30","desc":"VEHICLE THEFT","res":"unsolved"},{"d":"2025-08-22","day":"Fri","time":"03:00","desc":"VEHICLE THEFT","res":"unsolved"},{"d":"2025-08-22","day":"Fri","time":"03:00","desc":"BURGLARY- MOTOR VEHICLE","res":"unsolved"}]}},{"type":"Feature","geometry":{"type":"Polygon","coordinates":[[[-86.82742160524053,36.19797282469729],[-86.82596198453852,36.19923951041544],[-86.82660975457068,36.201006235782444],[-86.82871722462616,36.2015062938962],[-86.83017688408192,36.20023959172608],[-86.82952903472923,36.19847284789468],[-86.82742160524053,36.19797282469729],[-86.82742160524053,36.19797282469729]]]},"properties":{"h3":"89264d13257ffff","count":5,"c3":0,"c6":0,"c12":2,"c24":5,"score":2.6,"risk":3,"peakDay":"Friday","peakTime":"night","hood":"","bk12":{"morning":0,"afternoon":1,"evening":1,"night":0},"bk24":{"morning":0,"afternoon":1,"evening":2,"night":2},"sv12":1,"recent":[{"d":"2026-01-19","day":"Mon","time":"14:00","desc":"LARC - PARTS FROM VEH","res":"unsolved"},{"d":"2026-01-15","day":"Thu","time":"18:00","desc":"VEHICLE THEFT","res":"unsolved"},{"d":"2025-08-22","day":"Fri","time":"03:30","desc":"BURGLARY - MOTOR VEHICLE","res":"unsolved"},{"d":"2025-08-22","day":"Fri","time":"03:30","desc":"BURGLARY - MOTOR VEHICLE","res":"unsolved"},{"d":"2025-07-15","day":"Tue","time":"17:00","desc":"VEHICLE THEFT","res":"unsolved"}]}},{"type":"Feature","geometry":{"type":"Polygon","coordinates":[[[-86.76016325794176,36.198120114759995],[-86.7587038033748,36.19938555212808],[-86.75934998795721,36.20115203892495],[-86.76145570643989,36.20165310693075],[-86.76291519992245,36.20038765316431],[-86.76226893600754,36.19862114779089],[-86.76016325794176,36.198120114759995],[-86.76016325794176,36.198120114759995]]]},"properties":{"h3":"89264d122cbffff","count":1,"c3":0,"c6":0,"c12":0,"c24":1,"score":0.5,"risk":0,"peakDay":"Friday","peakTime":"afternoon","hood":"","bk12":{"morning":0,"afternoon":0,"evening":0,"night":0},"bk24":{"morning":0,"afternoon":1,"evening":0,"night":0},"recent":[{"d":"2025-08-22","day":"Fri","time":"16:30","desc":"BURGLARY- MOTOR VEHICLE","res":"unsolved"}]}},{"type":"Feature","geometry":{"type":"Polygon","coordinates":[[[-86.59968046945276,36.158194365193005],[-86.59822199398593,36.15945743505818],[-86.59886414314525,36.16122365086508],[-86.60096484706882,36.16172681565447],[-86.60242336180468,36.1604637294882],[-86.60178113334872,36.15869749483412],[-86.59968046945276,36.158194365193005],[-86.59968046945276,36.158194365193005]]]},"properties":{"h3":"89264d8c363ffff","count":8,"c3":0,"c6":0,"c12":3,"c24":8,"score":4.1,"risk":4,"peakDay":"Saturday","peakTime":"afternoon","hood":"","bk12":{"morning":1,"afternoon":1,"evening":0,"night":1},"bk24":{"morning":1,"afternoon":3,"evening":1,"night":3},"sv12":2,"recent":[{"d":"2026-02-07","day":"Sat","time":"14:00","desc":"LARC - PARTS FROM VEH","res":"unsolved"},{"d":"2026-01-31","day":"Sat","time":"05:00","desc":"VEHICLE THEFT","res":"unsolved"},{"d":"2026-01-24","day":"Sat","time":"22:00","desc":"VEHICLE THEFT","res":"unsolved"},{"d":"2025-08-23","day":"Sat","time":"02:30","desc":"VEHICLE THEFT","res":"unsolved"},{"d":"2025-08-22","day":"Fri","time":"20:30","desc":"BURGLARY- MOTOR VEHICLE","res":"unsolved"},{"d":"2025-08-16","day":"Sat","time":"02:54","desc":"VEHICLE THEFT","res":"unsolved"},{"d":"2025-07-24","day":"Thu","time":"14:00","desc":"VEHICLE THEFT","res":"unsolved"},{"d":"2025-07-13","day":"Sun","time":"13:00","desc":"VEHICLE THEFT","res":"unsolved"}]}},{"type":"Feature","geometry":{"type":"Polygon","coordinates":[[[-86.78949900534674,36.188967642202925],[-86.78803960592646,36.19023376280288],[-86.78868642534513,36.192000424404206],[-86.79079272349831,36.1925009839345],[-86.79225216175685,36.19123484690568],[-86.79160526302473,36.18946816677591],[-86.78949900534674,36.188967642202925],[-86.78949900534674,36.188967642202925]]]},"properties":{"h3":"89264d1315bffff","count":11,"c3":0,"c6":0,"c12":2,"c24":11,"score":5.5,"risk":6,"peakDay":"Wednesday","peakTime":"night","hood":"","bk12":{"morning":0,"afternoon":2,"evening":0,"night":0},"bk24":{"morning":0,"afternoon":2,"evening":4,"night":5},"recent":[{"d":"2026-02-26","day":"Thu","time":"16:00","desc":"LARC - PARTS FROM VEH","res":"unsolved"},{"d":"2026-02-26","day":"Thu","time":"16:00","desc":"LARC - PARTS FROM VEH","res":"unsolved"},{"d":"2025-09-30","day":"Tue","time":"22:00","desc":"VEHICLE THEFT","res":"unsolved"},{"d":"2025-09-08","day":"Mon","time":"02:43","desc":"VEHICLE THEFT","res":"unsolved"},{"d":"2025-08-28","day":"Thu","time":"02:15","desc":"BURGLARY - MOTOR VEHICLE","res":"unsolved"},{"d":"2025-08-27","day":"Wed","time":"21:00","desc":"BURGLARY- MOTOR VEHICLE","res":"unsolved"},{"d":"2025-08-27","day":"Wed","time":"21:00","desc":"BURGLARY- MOTOR VEHICLE","res":"unsolved"},{"d":"2025-08-27","day":"Wed","time":"21:00","desc":"BURGLARY- MOTOR VEHICLE","res":"unsolved"},{"d":"2025-08-22","day":"Fri","time":"22:00","desc":"BURGLARY - MOTOR VEHICLE","res":"unsolved"},{"d":"2025-08-22","day":"Fri","time":"22:00","desc":"BURGLARY - MOTOR VEHICLE","res":"unsolved"}]}},{"type":"Feature","geometry":{"type":"Polygon","coordinates":[[[-86.69052676770939,36.007271747280235],[-86.68907017519341,36.00853879472124],[-86.68971353121879,36.01030648830834],[-86.6918135588133,36.01080715316275],[-86.69327019026814,36.00954008922875],[-86.6926267551904,36.00777237693382],[-86.69052676770939,36.007271747280235],[-86.69052676770939,36.007271747280235]]]},"properties":{"h3":"89264d15e57ffff","count":4,"c3":0,"c6":0,"c12":1,"c24":4,"score":2,"risk":2,"peakDay":"Monday","peakTime":"evening","hood":"","bk12":{"morning":0,"afternoon":1,"evening":0,"night":0},"bk24":{"morning":0,"afternoon":1,"evening":2,"night":1},"recent":[{"d":"2026-01-27","day":"Tue","time":"12:00","desc":"BURGLARY- MOTOR VEHICLE","res":"unsolved"},{"d":"2025-09-22","day":"Mon","time":"20:00","desc":"BURGLARY- MOTOR VEHICLE","res":"unsolved"},{"d":"2025-09-22","day":"Mon","time":"20:00","desc":"BURGLARY- MOTOR VEHICLE","res":"unsolved"},{"d":"2025-08-22","day":"Fri","time":"22:00","desc":"BURGLARY- MOTOR VEHICLE","res":"unsolved"}]}},{"type":"Feature","geometry":{"type":"Polygon","coordinates":[[[-87.02052332806838,36.078954973185986],[-87.01906491854184,36.08022703917893],[-87.01971649198006,36.081995352185665],[-87.02182655404708,36.0824916173511],[-87.02328500177228,36.081219534660995],[-87.02263334923263,36.0794512035031],[-87.02052332806838,36.078954973185986],[-87.02052332806838,36.078954973185986]]]},"properties":{"h3":"89264d56dc7ffff","count":2,"c3":0,"c6":0,"c12":1,"c24":2,"score":1,"risk":1,"peakDay":"Saturday","peakTime":"night","hood":"","bk12":{"morning":0,"afternoon":0,"evening":0,"night":1},"bk24":{"morning":0,"afternoon":0,"evening":0,"night":2},"recent":[{"d":"2025-10-08","day":"Wed","time":"03:30","desc":"BURGLARY - MOTOR VEHICLE","res":"unsolved"},{"d":"2025-08-23","day":"Sat","time":"02:52","desc":"BURGLARY- MOTOR VEHICLE","res":"unsolved"}]}},{"type":"Feature","geometry":{"type":"Polygon","coordinates":[[[-86.835858410645,36.17900319978775],[-86.8343990363373,36.18027033094846],[-86.83504688669011,36.182037232960674],[-86.83715419064136,36.18253702226462],[-86.83861360366832,36.18126987463043],[-86.83796567402557,36.17950295416627],[-86.835858410645,36.17900319978775],[-86.835858410645,36.17900319978775]]]},"properties":{"h3":"89264d11453ffff","count":1,"c3":0,"c6":0,"c12":0,"c24":1,"score":0.5,"risk":0,"peakDay":"Saturday","peakTime":"evening","hood":"","bk12":{"morning":0,"afternoon":0,"evening":0,"night":0},"bk24":{"morning":0,"afternoon":0,"evening":1,"night":0},"recent":[{"d":"2025-08-23","day":"Sat","time":"19:30","desc":"BURGLARY- MOTOR VEHICLE","res":"closed"}]}},{"type":"Feature","geometry":{"type":"Polygon","coordinates":[[[-86.72864448876955,36.02765268382842],[-86.72718751198121,36.0289201287867],[-86.72783189254451,36.03068780686477],[-86.72993332897424,36.031188058627805],[-86.73139034462574,36.029920597162246],[-86.73074588498515,36.02815290044142],[-86.72864448876955,36.02765268382842],[-86.72864448876955,36.02765268382842]]]},"properties":{"h3":"89264d1526fffff","count":2,"c3":0,"c6":0,"c12":1,"c24":2,"score":1,"risk":1,"peakDay":"Sunday","peakTime":"evening","hood":"","bk12":{"morning":0,"afternoon":0,"evening":0,"night":1},"bk24":{"morning":0,"afternoon":0,"evening":1,"night":1},"recent":[{"d":"2025-10-10","day":"Fri","time":"03:30","desc":"BURGLARY - MOTOR VEHICLE","res":"unsolved"},{"d":"2025-08-24","day":"Sun","time":"21:00","desc":"BURGLARY- MOTOR VEHICLE","res":"unsolved"}]}},{"type":"Feature","geometry":{"type":"Polygon","coordinates":[[[-86.64805032665575,36.227808967051274],[-86.64659074197193,36.22907187151417],[-86.64723446554771,36.230837726702404],[-86.64933785320424,36.231340696188866],[-86.65079747709454,36.23007777544056],[-86.65015367412263,36.22831190149169],[-86.64805032665575,36.227808967051274],[-86.64805032665575,36.227808967051274]]]},"properties":{"h3":"89264d8f277ffff","count":2,"c3":0,"c6":0,"c12":0,"c24":2,"score":0.9,"risk":1,"peakDay":"Monday","peakTime":"morning","hood":"","bk12":{"morning":0,"afternoon":0,"evening":0,"night":0},"bk24":{"morning":1,"afternoon":0,"evening":0,"night":1},"recent":[{"d":"2025-09-13","day":"Sat","time":"00:01","desc":"VEHICLE THEFT","res":"unsolved"},{"d":"2025-08-25","day":"Mon","time":"06:30","desc":"LARC - PARTS FROM VEH","res":"unsolved"}]}},{"type":"Feature","geometry":{"type":"Polygon","coordinates":[[[-86.78842003704402,36.11772524009427],[-86.78696164320503,36.11899242544256],[-86.78760799271923,36.120759632069316],[-86.7897128152779,36.12125967188437],[-86.79117124790437,36.119992470052246],[-86.7905248191855,36.11822524488939],[-86.78842003704402,36.11772524009427],[-86.78842003704402,36.11772524009427]]]},"properties":{"h3":"89264d11c33ffff","count":6,"c3":0,"c6":0,"c12":0,"c24":6,"score":2.7,"risk":3,"peakDay":"Monday","peakTime":"night","hood":"","bk12":{"morning":0,"afternoon":0,"evening":0,"night":0},"bk24":{"morning":0,"afternoon":0,"evening":2,"night":4},"recent":[{"d":"2025-09-15","day":"Mon","time":"22:30","desc":"VEHICLE THEFT","res":"unsolved"},{"d":"2025-08-27","day":"Wed","time":"19:00","desc":"BURGLARY- MOTOR VEHICLE","res":"unsolved"},{"d":"2025-08-25","day":"Mon","time":"23:00","desc":"BURGLARY- MOTOR VEHICLE","res":"unsolved"},{"d":"2025-08-25","day":"Mon","time":"20:30","desc":"BURGLARY- MOTOR VEHICLE","res":"unsolved"},{"d":"2025-07-23","day":"Wed","time":"01:00","desc":"VEHICLE THEFT","res":"unsolved"},{"d":"2025-07-23","day":"Wed","time":"01:00","desc":"VEHICLE THEFT","res":"unsolved"}]}},{"type":"Feature","geometry":{"type":"Polygon","coordinates":[[[-87.01062552762338,36.078241711679944],[-87.00916715111798,36.07951360568223],[-87.00981848716953,36.081281890305995],[-87.01192827882966,36.08177829909573],[-87.01338669355722,36.08050638840345],[-87.01273527840333,36.07873808561193],[-87.01062552762338,36.078241711679944],[-87.01062552762338,36.078241711679944]]]},"properties":{"h3":"89264d56d87ffff","count":1,"c3":0,"c6":0,"c12":0,"c24":1,"score":0.5,"risk":0,"peakDay":"Monday","peakTime":"night","hood":"","bk12":{"morning":0,"afternoon":0,"evening":0,"night":0},"bk24":{"morning":0,"afternoon":0,"evening":0,"night":1},"recent":[{"d":"2025-08-25","day":"Mon","time":"22:00","desc":"BURGLARY- MOTOR VEHICLE","res":"unsolved"}]}},{"type":"Feature","geometry":{"type":"Polygon","coordinates":[[[-86.86909580646193,36.11749216925824],[-86.86763721614415,36.11876085152881],[-86.86828546537991,36.120528344525304],[-86.87039238412412,36.12102717365318],[-86.87185101303521,36.119758474834676],[-86.87120268460959,36.11799096343671],[-86.86909580646193,36.11749216925824],[-86.86909580646193,36.11749216925824]]]},"properties":{"h3":"89264d1ac6fffff","count":1,"c3":0,"c6":0,"c12":0,"c24":1,"score":0.5,"risk":0,"peakDay":"Monday","peakTime":"night","hood":"","bk12":{"morning":0,"afternoon":0,"evening":0,"night":0},"bk24":{"morning":0,"afternoon":0,"evening":0,"night":1},"recent":[{"d":"2025-08-25","day":"Mon","time":"22:00","desc":"BURGLARY- MOTOR VEHICLE","res":"unsolved"}]}},{"type":"Feature","geometry":{"type":"Polygon","coordinates":[[[-86.70996144827423,36.29739552759713],[-86.7085007204422,36.29865851526579],[-86.70914633986088,36.30042405010739],[-86.71125276660563,36.300926615932006],[-86.7127135335486,36.29966361198252],[-86.71206783463667,36.29789805848973],[-86.70996144827423,36.29739552759713],[-86.70996144827423,36.29739552759713]]]},"properties":{"h3":"89264d880b7ffff","count":2,"c3":0,"c6":0,"c12":0,"c24":2,"score":0.9,"risk":1,"peakDay":"Tuesday","peakTime":"afternoon","hood":"","bk12":{"morning":0,"afternoon":0,"evening":0,"night":0},"bk24":{"morning":0,"afternoon":1,"evening":1,"night":0},"recent":[{"d":"2025-09-18","day":"Thu","time":"17:30","desc":"BURGLARY- MOTOR VEHICLE","res":"unsolved"},{"d":"2025-08-26","day":"Tue","time":"13:26","desc":"BURGLARY- MOTOR VEHICLE","res":"unsolved"}]}},{"type":"Feature","geometry":{"type":"Polygon","coordinates":[[[-86.85855818681279,36.15695563425913],[-86.85709906711523,36.15822352143429],[-86.85774731471645,36.1599906734895],[-86.85985476126812,36.160489956785945],[-86.86131391961374,36.159222053102106],[-86.86066559276041,36.15745488263099],[-86.85855818681279,36.15695563425913],[-86.85855818681279,36.15695563425913]]]},"properties":{"h3":"89264d112d7ffff","count":5,"c3":0,"c6":0,"c12":4,"c24":5,"score":2.6,"risk":3,"peakDay":"Monday","peakTime":"evening","hood":"","bk12":{"morning":0,"afternoon":0,"evening":2,"night":2},"bk24":{"morning":0,"afternoon":0,"evening":3,"night":2},"recent":[{"d":"2025-12-10","day":"Wed","time":"21:00","desc":"BURGLARY- MOTOR VEHICLE","res":"unsolved"},{"d":"2025-11-10","day":"Mon","time":"00:01","desc":"BURGLARY- MOTOR VEHICLE","res":"unsolved"},{"d":"2025-11-10","day":"Mon","time":"00:01","desc":"BURGLARY- MOTOR VEHICLE","res":"unsolved"},{"d":"2025-11-09","day":"Sun","time":"17:00","desc":"BURGLARY- MOTOR VEHICLE","res":"unsolved"},{"d":"2025-08-26","day":"Tue","time":"21:00","desc":"BURGLARY- MOTOR VEHICLE","res":"unsolved"}]}},{"type":"Feature","geometry":{"type":"Polygon","coordinates":[[[-86.85888130214681,36.168326934187185],[-86.85742202158394,36.16959465422018],[-86.85807034791623,36.17136171950158],[-86.8601780340816,36.17186108316489],[-86.86163735330025,36.17059334663185],[-86.86098894769854,36.16882626293604],[-86.85888130214681,36.168326934187185],[-86.85888130214681,36.168326934187185]]]},"properties":{"h3":"89264d11647ffff","count":4,"c3":0,"c6":0,"c12":2,"c24":4,"score":2.1,"risk":2,"peakDay":"Wednesday","peakTime":"evening","hood":"","bk12":{"morning":0,"afternoon":0,"evening":1,"night":1},"bk24":{"morning":0,"afternoon":1,"evening":2,"night":1},"recent":[{"d":"2026-02-18","day":"Wed","time":"00:35","desc":"LARC - PARTS FROM VEH","res":"unsolved"},{"d":"2025-11-09","day":"Sun","time":"19:00","desc":"BURGLARY- MOTOR VEHICLE","res":"unsolved"},{"d":"2025-08-27","day":"Wed","time":"13:30","desc":"LARC - PARTS FROM VEH","res":"unsolved"},{"d":"2025-08-19","day":"Tue","time":"17:00","desc":"VEHICLE THEFT","res":"unsolved"}]}},{"type":"Feature","geometry":{"type":"Polygon","coordinates":[[[-86.72796903156438,36.16787525964418],[-86.72651008499216,36.16914056156769],[-86.72715532154419,36.170907167245986],[-86.7292595839608,36.171408489634075],[-86.7307185695031,36.17014317131422],[-86.73007325365951,36.16837654700311],[-86.72796903156438,36.16787525964418],[-86.72796903156438,36.16787525964418]]]},"properties":{"h3":"89264d12323ffff","count":1,"c3":0,"c6":0,"c12":0,"c24":1,"score":0.5,"risk":0,"peakDay":"Wednesday","peakTime":"evening","hood":"","bk12":{"morning":0,"afternoon":0,"evening":0,"night":0},"bk24":{"morning":0,"afternoon":0,"evening":1,"night":0},"recent":[{"d":"2025-08-27","day":"Wed","time":"18:00","desc":"BURGLARY- MOTOR VEHICLE","res":"unsolved"}]}},{"type":"Feature","geometry":{"type":"Polygon","coordinates":[[[-86.90862455786322,36.05742137130021],[-86.90716671547864,36.058691695831605],[-86.90781552036006,36.06045978706953],[-86.90992224671771,36.06095757211653],[-86.91138012755574,36.05968723095884],[-86.91073124358348,36.05791912138093],[-86.90862455786322,36.05742137130021],[-86.90862455786322,36.05742137130021]]]},"properties":{"h3":"89264d1880bffff","count":1,"c3":0,"c6":0,"c12":0,"c24":1,"score":0.5,"risk":0,"peakDay":"Wednesday","peakTime":"evening","hood":"","bk12":{"morning":0,"afternoon":0,"evening":0,"night":0},"bk24":{"morning":0,"afternoon":0,"evening":1,"night":0},"recent":[{"d":"2025-08-27","day":"Wed","time":"19:00","desc":"BURGLARY- MOTOR VEHICLE","res":"unsolved"}]}},{"type":"Feature","geometry":{"type":"Polygon","coordinates":[[[-87.01028555807788,36.066855970642855],[-87.00882734219223,36.06812803078866],[-87.00947859886408,36.06989640158157],[-87.01158815050756,36.07039273039837],[-87.01304640460783,36.06912065355391],[-87.01239506885086,36.06735226459181],[-87.01028555807788,36.066855970642855],[-87.01028555807788,36.066855970642855]]]},"properties":{"h3":"89264d56d37ffff","count":4,"c3":0,"c6":0,"c12":0,"c24":4,"score":1.8,"risk":2,"peakDay":"Thursday","peakTime":"night","hood":"","bk12":{"morning":0,"afternoon":0,"evening":0,"night":0},"bk24":{"morning":0,"afternoon":0,"evening":1,"night":3},"recent":[{"d":"2025-08-28","day":"Thu","time":"01:00","desc":"BURGLARY - MOTOR VEHICLE","res":"unsolved"},{"d":"2025-08-28","day":"Thu","time":"01:00","desc":"BURGLARY - MOTOR VEHICLE","res":"unsolved"},{"d":"2025-08-28","day":"Thu","time":"01:00","desc":"BURGLARY - MOTOR VEHICLE","res":"unsolved"},{"d":"2025-08-02","day":"Sat","time":"18:00","desc":"VEHICLE THEFT","res":"unsolved"}]}},{"type":"Feature","geometry":{"type":"Polygon","coordinates":[[[-86.70782250765076,36.31783347309475],[-86.70636149638815,36.31909610749491],[-86.70700719297585,36.32086147431516],[-86.70911398035199,36.321364225388564],[-86.71057503074616,36.32010157472517],[-86.70992925463341,36.3183361892521],[-86.70782250765076,36.31783347309475],[-86.70782250765076,36.31783347309475]]]},"properties":{"h3":"89264d884a3ffff","count":1,"c3":0,"c6":0,"c12":0,"c24":1,"score":0.5,"risk":0,"peakDay":"Thursday","peakTime":"morning","hood":"","bk12":{"morning":0,"afternoon":0,"evening":0,"night":0},"bk24":{"morning":1,"afternoon":0,"evening":0,"night":0},"recent":[{"d":"2025-08-28","day":"Thu","time":"07:00","desc":"LARC - PARTS FROM VEH","res":"unsolved"}]}},{"type":"Feature","geometry":{"type":"Polygon","coordinates":[[[-86.60052821424935,36.01805557625818],[-86.5990717072056,36.01932079218829],[-86.59971300870578,36.02108807475382],[-86.60181089633284,36.0215901602467],[-86.60326744253751,36.02032492790414],[-86.60262606195501,36.01855762648163],[-86.60052821424935,36.01805557625818],[-86.60052821424935,36.01805557625818]]]},"properties":{"h3":"89264d141afffff","count":2,"c3":0,"c6":0,"c12":0,"c24":2,"score":0.9,"risk":1,"peakDay":"Friday","peakTime":"night","hood":"","bk12":{"morning":0,"afternoon":0,"evening":0,"night":0},"bk24":{"morning":1,"afternoon":0,"evening":0,"night":1},"recent":[{"d":"2025-09-01","day":"Mon","time":"11:26","desc":"LARC - PARTS FROM VEH","res":"unsolved"},{"d":"2025-08-29","day":"Fri","time":"04:30","desc":"BURGLARY- MOTOR VEHICLE","res":"unsolved"}]}},{"type":"Feature","geometry":{"type":"Polygon","coordinates":[[[-86.6103765399729,36.018798225857644],[-86.60891999627056,36.020063613168496],[-86.60956153454943,36.0218309264853],[-86.61165969561347,36.02233287133224],[-86.61311627845394,36.02106746760162],[-86.61247466109303,36.0193001354443],[-86.6103765399729,36.018798225857644],[-86.6103765399729,36.018798225857644]]]},"properties":{"h3":"89264d1410fffff","count":4,"c3":0,"c6":0,"c12":0,"c24":4,"score":1.9,"risk":2,"peakDay":"Friday","peakTime":"afternoon","hood":"","bk12":{"morning":0,"afternoon":0,"evening":0,"night":0},"bk24":{"morning":0,"afternoon":2,"evening":2,"night":0},"recent":[{"d":"2025-09-17","day":"Wed","time":"20:24","desc":"VEHICLE THEFT","res":"unsolved"},{"d":"2025-08-29","day":"Fri","time":"17:00","desc":"BURGLARY- MOTOR VEHICLE","res":"unsolved"},{"d":"2025-08-29","day":"Fri","time":"16:45","desc":"BURGLARY- MOTOR VEHICLE","res":"unsolved"},{"d":"2025-08-29","day":"Fri","time":"16:45","desc":"BURGLARY- MOTOR VEHICLE","res":"unsolved"}]}},{"type":"Feature","geometry":{"type":"Polygon","coordinates":[[[-86.79938386129386,36.189703281043556],[-86.79792442678826,36.1909695735514],[-86.79857148393002,36.19273626436716],[-86.80067805489105,36.193236681187486],[-86.8021375282117,36.19197037224348],[-86.8014903917571,36.1902036629158],[-86.79938386129386,36.189703281043556],[-86.79938386129386,36.189703281043556]]]},"properties":{"h3":"89264d1339bffff","count":10,"c3":0,"c6":0,"c12":2,"c24":10,"score":4.8,"risk":5,"peakDay":"Friday","peakTime":"evening","hood":"","bk12":{"morning":0,"afternoon":0,"evening":2,"night":0},"bk24":{"morning":0,"afternoon":1,"evening":5,"night":4},"sv12":1,"recent":[{"d":"2025-12-08","day":"Mon","time":"20:00","desc":"VEHICLE THEFT","res":"unsolved"},{"d":"2025-11-09","day":"Sun","time":"21:00","desc":"BURGLARY- MOTOR VEHICLE","res":"unsolved"},{"d":"2025-09-28","day":"Sun","time":"00:00","desc":"BURGLARY- MOTOR VEHICLE","res":"unsolved"},{"d":"2025-09-13","day":"Sat","time":"12:00","desc":"BURGLARY- MOTOR VEHICLE","res":"unsolved"},{"d":"2025-09-07","day":"Sun","time":"20:30","desc":"VEHICLE THEFT","res":"unsolved"},{"d":"2025-08-29","day":"Fri","time":"22:00","desc":"BURGLARY- MOTOR VEHICLE","res":"unsolved"},{"d":"2025-08-29","day":"Fri","time":"22:00","desc":"BURGLARY- MOTOR VEHICLE","res":"unsolved"},{"d":"2025-08-29","day":"Fri","time":"21:30","desc":"BURGLARY- MOTOR VEHICLE","res":"unsolved"},{"d":"2025-08-29","day":"Fri","time":"21:00","desc":"BURGLARY- MOTOR VEHICLE","res":"unsolved"},{"d":"2025-07-21","day":"Mon","time":"23:00","desc":"VEHICLE THEFT","res":"unsolved"}]}},{"type":"Feature","geometry":{"type":"Polygon","coordinates":[[[-86.94897947984944,36.05725895165737],[-86.94752154302374,36.05853002455134],[-86.94817129684313,36.060298257452885],[-86.95027906657184,36.06079543573345],[-86.95173704175342,36.05952434618134],[-86.95108720885125,36.05775609500728],[-86.94897947984944,36.05725895165737],[-86.94897947984944,36.05725895165737]]]},"properties":{"h3":"89264d19993ffff","count":2,"c3":0,"c6":0,"c12":0,"c24":2,"score":0.9,"risk":1,"peakDay":"Sunday","peakTime":"morning","hood":"","bk12":{"morning":0,"afternoon":0,"evening":0,"night":0},"bk24":{"morning":2,"afternoon":0,"evening":0,"night":0},"recent":[{"d":"2025-08-31","day":"Sun","time":"10:45","desc":"BURGLARY- MOTOR VEHICLE","res":"unsolved"},{"d":"2025-08-31","day":"Sun","time":"09:45","desc":"BURGLARY - MOTOR VEHICLE","res":"unsolved"}]}},{"type":"Feature","geometry":{"type":"Polygon","coordinates":[[[-86.65843468003771,35.977014545604455],[-86.65697859557922,35.978281456115674],[-86.65762100813009,35.98004925957181],[-86.65971958415149,35.98055017128068],[-86.66117570760252,35.97928324427804],[-86.66053321604038,35.977515422058424],[-86.65843468003771,35.977014545604455],[-86.65843468003771,35.977014545604455]]]},"properties":{"h3":"89264d1595bffff","count":1,"c3":0,"c6":0,"c12":0,"c24":1,"score":0.5,"risk":0,"peakDay":"Sunday","peakTime":"evening","hood":"","bk12":{"morning":0,"afternoon":0,"evening":0,"night":0},"bk24":{"morning":0,"afternoon":0,"evening":1,"night":0},"recent":[{"d":"2025-08-31","day":"Sun","time":"20:00","desc":"BURGLARY- MOTOR VEHICLE","res":"unsolved"}]}},{"type":"Feature","geometry":{"type":"Polygon","coordinates":[[[-86.7010950764756,36.06789713297737],[-86.69963760542697,36.06916345743921],[-86.70028158653768,36.07093073111854],[-86.70238311784094,36.07143169902216],[-86.70384062784875,36.07016535810683],[-86.7031965675949,36.06839806574183],[-86.7010950764756,36.06789713297737],[-86.7010950764756,36.06789713297737]]]},"properties":{"h3":"89264d15453ffff","count":4,"c3":0,"c6":0,"c12":0,"c24":4,"score":1.9,"risk":2,"peakDay":"Monday","peakTime":"evening","hood":"","bk12":{"morning":0,"afternoon":0,"evening":0,"night":0},"bk24":{"morning":0,"afternoon":1,"evening":2,"night":1},"recent":[{"d":"2025-10-06","day":"Mon","time":"21:00","desc":"VEHICLE THEFT","res":"unsolved"},{"d":"2025-10-06","day":"Mon","time":"21:00","desc":"BURGLARY- MOTOR VEHICLE","res":"unsolved"},{"d":"2025-09-18","day":"Thu","time":"15:00","desc":"LARC - PARTS FROM VEH","res":"unsolved"},{"d":"2025-08-31","day":"Sun","time":"22:00","desc":"LARC - PARTS FROM VEH","res":"unsolved"}]}},{"type":"Feature","geometry":{"type":"Polygon","coordinates":[[[-86.58871086897315,36.1491165982199],[-86.58725255063047,36.1503796028849],[-86.58789438457144,36.15214584801516],[-86.58999461614022,36.15264910734709],[-86.59145297377111,36.15138608638267],[-86.59081106054582,36.14961982238622],[-86.58871086897315,36.1491165982199],[-86.58871086897315,36.1491165982199]]]},"properties":{"h3":"89264d8ce4bffff","count":4,"c3":0,"c6":0,"c12":0,"c24":4,"score":1.9,"risk":2,"peakDay":"Monday","peakTime":"night","hood":"","bk12":{"morning":0,"afternoon":0,"evening":0,"night":0},"bk24":{"morning":1,"afternoon":0,"evening":1,"night":2},"recent":[{"d":"2025-09-01","day":"Mon","time":"17:15","desc":"VEHICLE THEFT","res":"closed"},{"d":"2025-09-01","day":"Mon","time":"05:12","desc":"BURGLARY - MOTOR VEHICLE","res":"unsolved"},{"d":"2025-09-01","day":"Mon","time":"03:51","desc":"BURGLARY - MOTOR VEHICLE","res":"unsolved"},{"d":"2025-08-31","day":"Sun","time":"22:30","desc":"BURGLARY- MOTOR VEHICLE","res":"unsolved"}]}},{"type":"Feature","geometry":{"type":"Polygon","coordinates":[[[-86.70995293711519,36.19744812851265],[-86.70849362001597,36.19871264529242],[-86.7091386157371,36.20047895821188],[-86.71124300789799,36.200980773012354],[-86.7127023640327,36.19971623987381],[-86.71205728897178,36.19794990829406],[-86.70995293711519,36.19744812851265],[-86.70995293711519,36.19744812851265]]]},"properties":{"h3":"89264d1257bffff","count":1,"c3":0,"c6":0,"c12":0,"c24":1,"score":0.5,"risk":0,"peakDay":"Tuesday","peakTime":"morning","hood":"","bk12":{"morning":0,"afternoon":0,"evening":0,"night":0},"bk24":{"morning":1,"afternoon":0,"evening":0,"night":0},"recent":[{"d":"2025-09-02","day":"Tue","time":"08:00","desc":"BURGLARY- MOTOR VEHICLE","res":"unsolved"}]}},{"type":"Feature","geometry":{"type":"Polygon","coordinates":[[[-86.68051704593789,36.269415958103565],[-86.6790567893118,36.270678828244876],[-86.67970153873632,36.272444476739636],[-86.68180662424274,36.272947273796404],[-86.68326692002921,36.271684387376105],[-86.68262209114965,36.26991872017853],[-86.68051704593789,36.269415958103565],[-86.68051704593789,36.269415958103565]]]},"properties":{"h3":"89264d88c8fffff","count":3,"c3":0,"c6":0,"c12":1,"c24":3,"score":1.4,"risk":1,"peakDay":"Tuesday","peakTime":"night","hood":"","bk12":{"morning":0,"afternoon":0,"evening":0,"night":1},"bk24":{"morning":0,"afternoon":0,"evening":0,"night":3},"sv12":1,"recent":[{"d":"2025-11-24","day":"Mon","time":"00:10","desc":"VEHICLE THEFT","res":"unsolved"},{"d":"2025-09-02","day":"Tue","time":"23:00","desc":"BURGLARY - MOTOR VEHICLE","res":"unsolved"},{"d":"2025-07-23","day":"Wed","time":"02:04","desc":"THEFT OF VEHICLE-2,500 OR > BUT<$10,000","res":"unsolved"}]}},{"type":"Feature","geometry":{"type":"Polygon","coordinates":[[[-86.69966894409282,36.24819911661231],[-86.69820893756503,36.249462666962216],[-86.69885400689763,36.251228549353385],[-86.70095916217812,36.251730900068004],[-86.70241920780434,36.2504673334072],[-86.70177405905243,36.24870143234314],[-86.69966894409282,36.24819911661231],[-86.69966894409282,36.24819911661231]]]},"properties":{"h3":"89264d88853ffff","count":2,"c3":0,"c6":0,"c12":0,"c24":2,"score":0.9,"risk":1,"peakDay":"Wednesday","peakTime":"evening","hood":"","bk12":{"morning":0,"afternoon":0,"evening":0,"night":0},"bk24":{"morning":1,"afternoon":0,"evening":1,"night":0},"recent":[{"d":"2025-09-03","day":"Wed","time":"21:00","desc":"BURGLARY- MOTOR VEHICLE","res":"unsolved"},{"d":"2025-07-01","day":"Tue","time":"07:30","desc":"VEHICLE THEFT","res":"unsolved"}]}},{"type":"Feature","geometry":{"type":"Polygon","coordinates":[[[-86.63933239208289,35.99828230442296],[-86.63787605959138,35.999548539236294],[-86.63851815354904,36.00131611319894],[-86.64061665904555,36.00181747114251],[-86.64207303059098,36.00055121986992],[-86.64143085758677,35.99878362711349],[-86.63933239208289,35.99828230442296],[-86.63933239208289,35.99828230442296]]]},"properties":{"h3":"89264d15d13ffff","count":3,"c3":0,"c6":0,"c12":1,"c24":3,"score":1.6,"risk":2,"peakDay":"Thursday","peakTime":"night","hood":"","bk12":{"morning":0,"afternoon":0,"evening":0,"night":1},"bk24":{"morning":1,"afternoon":0,"evening":0,"night":2},"recent":[{"d":"2026-01-30","day":"Fri","time":"03:30","desc":"BURGLARY - MOTOR VEHICLE","res":"unsolved"},{"d":"2025-09-29","day":"Mon","time":"01:30","desc":"VEHICLE THEFT","res":"unsolved"},{"d":"2025-09-04","day":"Thu","time":"05:30","desc":"LARC - PARTS FROM VEH","res":"unsolved"}]}},{"type":"Feature","geometry":{"type":"Polygon","coordinates":[[[-86.59948470951144,36.04685195455701],[-86.59802780087928,36.04811671450461],[-86.59866925581134,36.049883776363096],[-86.6007676985028,36.05038609713098],[-86.60222464632018,36.04912132079458],[-86.60158311226166,36.047354240079585],[-86.59948470951144,36.04685195455701],[-86.59948470951144,36.04685195455701]]]},"properties":{"h3":"89264d1458fffff","count":4,"c3":0,"c6":0,"c12":1,"c24":4,"score":2.1,"risk":2,"peakDay":"Friday","peakTime":"morning","hood":"","bk12":{"morning":0,"afternoon":0,"evening":0,"night":1},"bk24":{"morning":2,"afternoon":0,"evening":0,"night":2},"recent":[{"d":"2026-03-04","day":"Wed","time":"22:30","desc":"BURGLARY- MOTOR VEHICLE","res":"unsolved"},{"d":"2025-09-05","day":"Fri","time":"06:30","desc":"BURGLARY- MOTOR VEHICLE","res":"unsolved"},{"d":"2025-09-05","day":"Fri","time":"06:30","desc":"BURGLARY- MOTOR VEHICLE","res":"unsolved"},{"d":"2025-09-03","day":"Wed","time":"22:00","desc":"VEHICLE THEFT","res":"unsolved"}]}},{"type":"Feature","geometry":{"type":"Polygon","coordinates":[[[-86.69967179845858,36.04819138515069],[-86.69821460789376,36.049457982158486],[-86.6988584331557,36.05122540008683],[-86.70095952809646,36.0517262396974],[-86.702416757609,36.05045962622166],[-86.70177285323383,36.048692189603784],[-86.69967179845858,36.04819138515069],[-86.69967179845858,36.04819138515069]]]},"properties":{"h3":"89264d150c7ffff","count":3,"c3":0,"c6":0,"c12":2,"c24":3,"score":1.7,"risk":2,"peakDay":"Friday","peakTime":"morning","hood":"","bk12":{"morning":2,"afternoon":0,"evening":0,"night":0},"bk24":{"morning":2,"afternoon":0,"evening":1,"night":0},"sv12":1,"recent":[{"d":"2026-02-06","day":"Fri","time":"07:45","desc":"BURGLARY- MOTOR VEHICLE","res":"unsolved"},{"d":"2026-01-23","day":"Fri","time":"11:56","desc":"VEHICLE THEFT","res":"unsolved"},{"d":"2025-09-05","day":"Fri","time":"18:30","desc":"BURGLARY- MOTOR VEHICLE","res":"unsolved"}]}},{"type":"Feature","geometry":{"type":"Polygon","coordinates":[[[-86.73958778096076,36.19967269861338],[-86.73812835670944,36.2009377308971],[-86.73877406555283,36.20270413248305],[-86.74087927798668,36.203205520396466],[-86.74233874120412,36.201940471732],[-86.74169295302241,36.20017405153534],[-86.73958778096076,36.19967269861338],[-86.73958778096076,36.19967269861338]]]},"properties":{"h3":"89264d1205bffff","count":15,"c3":0,"c6":0,"c12":4,"c24":15,"score":7.5,"risk":8,"peakDay":"Sunday","peakTime":"evening","hood":"","bk12":{"morning":1,"afternoon":0,"evening":1,"night":2},"bk24":{"morning":1,"afternoon":0,"evening":10,"night":4},"sv12":1,"recent":[{"d":"2026-02-24","day":"Tue","time":"22:00","desc":"BURGLARY- MOTOR VEHICLE","res":"unsolved"},{"d":"2025-12-17","day":"Wed","time":"17:00","desc":"VEHICLE THEFT","res":"unsolved"},{"d":"2025-12-16","day":"Tue","time":"06:50","desc":"LARC - PARTS FROM VEH","res":"unsolved"},{"d":"2025-12-16","day":"Tue","time":"00:28","desc":"BURGLARY- MOTOR VEHICLE","res":"unsolved"},{"d":"2025-09-29","day":"Mon","time":"20:30","desc":"BURGLARY- MOTOR VEHICLE","res":"unsolved"},{"d":"2025-09-22","day":"Mon","time":"21:30","desc":"BURGLARY- MOTOR VEHICLE","res":"unsolved"},{"d":"2025-09-07","day":"Sun","time":"21:00","desc":"BURGLARY - MOTOR VEHICLE","res":"unsolved"},{"d":"2025-09-07","day":"Sun","time":"21:00","desc":"BURGLARY - MOTOR VEHICLE","res":"unsolved"},{"d":"2025-09-07","day":"Sun","time":"21:00","desc":"BURGLARY - MOTOR VEHICLE","res":"unsolved"},{"d":"2025-09-07","day":"Sun","time":"21:00","desc":"BURGLARY - MOTOR VEHICLE","res":"unsolved"}]}},{"type":"Feature","geometry":{"type":"Polygon","coordinates":[[[-86.9797946362951,36.06775299854209],[-86.9783364792248,36.069024481903455],[-86.97898702398703,36.07079274104796],[-86.98109580491307,36.071289535051726],[-86.9825540002725,36.07001803501629],[-86.98190337641762,36.06824975765163],[-86.9797946362951,36.06775299854209],[-86.9797946362951,36.06775299854209]]]},"properties":{"h3":"89264d198cfffff","count":3,"c3":0,"c6":0,"c12":2,"c24":3,"score":1.8,"risk":2,"peakDay":"Sunday","peakTime":"night","hood":"","bk12":{"morning":0,"afternoon":1,"evening":0,"night":1},"bk24":{"morning":0,"afternoon":1,"evening":0,"night":2},"recent":[{"d":"2026-02-22","day":"Sun","time":"00:00","desc":"LARC - PARTS FROM VEH","res":"unsolved"},{"d":"2026-02-16","day":"Mon","time":"13:52","desc":"BURGLARY- MOTOR VEHICLE","res":"unsolved"},{"d":"2025-09-07","day":"Sun","time":"22:00","desc":"BURGLARY- MOTOR VEHICLE","res":"unsolved"}]}},{"type":"Feature","geometry":{"type":"Polygon","coordinates":[[[-86.82899667474985,36.31766727692976],[-86.8275353609398,36.318932161134],[-86.828183917798,36.320697955489486],[-86.83029386797101,36.32119888409224],[-86.8317552206207,36.31993398352786],[-86.83110658425858,36.31816817072136],[-86.82899667474985,36.31766727692976],[-86.82899667474985,36.31766727692976]]]},"properties":{"h3":"89264dc6587ffff","count":1,"c3":0,"c6":0,"c12":0,"c24":1,"score":0.5,"risk":0,"peakDay":"Tuesday","peakTime":"afternoon","hood":"","bk12":{"morning":0,"afternoon":0,"evening":0,"night":0},"bk24":{"morning":0,"afternoon":1,"evening":0,"night":0},"recent":[{"d":"2025-09-09","day":"Tue","time":"12:46","desc":"LARC - PARTS FROM VEH","res":"unsolved"}]}},{"type":"Feature","geometry":{"type":"Polygon","coordinates":[[[-86.63927276840347,36.09831712455087],[-86.63781503094822,36.09958184080497],[-86.63845774299833,36.10134865859987],[-86.64055827170363,36.101850778927385],[-86.64201604828834,36.10058604629323],[-86.64137325703908,36.0988192097121],[-86.63927276840347,36.09831712455087],[-86.63927276840347,36.09831712455087]]]},"properties":{"h3":"89264d1751bffff","count":1,"c3":0,"c6":0,"c12":0,"c24":1,"score":0.5,"risk":0,"peakDay":"Tuesday","peakTime":"night","hood":"","bk12":{"morning":0,"afternoon":0,"evening":0,"night":0},"bk24":{"morning":0,"afternoon":0,"evening":0,"night":1},"recent":[{"d":"2025-09-09","day":"Tue","time":"23:00","desc":"BURGLARY- MOTOR VEHICLE","res":"unsolved"}]}},{"type":"Feature","geometry":{"type":"Polygon","coordinates":[[[-86.61094839214587,36.17862860403769],[-86.60948959880332,36.17989157128349],[-86.61013214074798,36.181657671399215],[-86.61223355536228,36.18216082309628],[-86.61369238796254,36.18089783955636],[-86.61304976669156,36.17913172061396],[-86.61094839214587,36.17862860403769],[-86.61094839214587,36.17862860403769]]]},"properties":{"h3":"89264d8c207ffff","count":10,"c3":0,"c6":0,"c12":4,"c24":10,"score":5.1,"risk":5,"peakDay":"Thursday","peakTime":"afternoon","hood":"","bk12":{"morning":1,"afternoon":3,"evening":0,"night":0},"bk24":{"morning":2,"afternoon":6,"evening":1,"night":1},"sv12":1,"recent":[{"d":"2026-02-02","day":"Mon","time":"15:54","desc":"BURGLARY - MOTOR VEHICLE","res":"unsolved"},{"d":"2026-01-29","day":"Thu","time":"13:40","desc":"VEHICLE THEFT","res":"unsolved"},{"d":"2026-01-29","day":"Thu","time":"13:40","desc":"BURGLARY- MOTOR VEHICLE","res":"unsolved"},{"d":"2025-10-29","day":"Wed","time":"09:00","desc":"LARC - PARTS FROM VEH","res":"unsolved"},{"d":"2025-09-27","day":"Sat","time":"12:00","desc":"BURGLARY- MOTOR VEHICLE","res":"unsolved"},{"d":"2025-09-10","day":"Wed","time":"01:00","desc":"BURGLARY- MOTOR VEHICLE","res":"unsolved"},{"d":"2025-09-05","day":"Fri","time":"12:30","desc":"VEHICLE THEFT","res":"unsolved"},{"d":"2025-08-21","day":"Thu","time":"21:00","desc":"VEHICLE THEFT","res":"unsolved"},{"d":"2025-07-31","day":"Thu","time":"12:30","desc":"VEHICLE THEFT","res":"unsolved"},{"d":"2025-07-01","day":"Tue","time":"09:30","desc":"VEHICLE THEFT","res":"unsolved"}]}},{"type":"Feature","geometry":{"type":"Polygon","coordinates":[[[-86.77079930681121,36.258699426393704],[-86.76933897093639,36.25996413518861],[-86.76998578487336,36.261730188447174],[-86.77209301410959,36.26223155146479],[-86.77355338892004,36.26096682631031],[-86.77290649555945,36.25920075449826],[-86.77079930681121,36.258699426393704],[-86.77079930681121,36.258699426393704]]]},"properties":{"h3":"89264d89e37ffff","count":1,"c3":0,"c6":0,"c12":0,"c24":1,"score":0.5,"risk":0,"peakDay":"Thursday","peakTime":"night","hood":"","bk12":{"morning":0,"afternoon":0,"evening":0,"night":0},"bk24":{"morning":0,"afternoon":0,"evening":0,"night":1},"recent":[{"d":"2025-09-11","day":"Thu","time":"04:00","desc":"BURGLARY- MOTOR VEHICLE","res":"unsolved"}]}},{"type":"Feature","geometry":{"type":"Polygon","coordinates":[[[-86.62964189197575,36.2088976383836],[-86.62818262244288,36.21016049030047],[-86.62882579375243,36.2119264251523],[-86.63092831396557,36.212429526880705],[-86.63238762273456,36.211166658678444],[-86.63174437205507,36.209400705033666],[-86.62964189197575,36.2088976383836],[-86.62964189197575,36.2088976383836]]]},"properties":{"h3":"89264d8f367ffff","count":1,"c3":0,"c6":0,"c12":0,"c24":1,"score":0.5,"risk":0,"peakDay":"Thursday","peakTime":"afternoon","hood":"","bk12":{"morning":0,"afternoon":0,"evening":0,"night":0},"bk24":{"morning":0,"afternoon":1,"evening":0,"night":0},"recent":[{"d":"2025-09-11","day":"Thu","time":"16:00","desc":"LARC - PARTS FROM VEH","res":"unsolved"}]}},{"type":"Feature","geometry":{"type":"Polygon","coordinates":[[[-86.71912424740131,36.23833109170498],[-86.7176643301776,36.239595153894854],[-86.71830979723212,36.24136118255351],[-86.72041526091218,36.2418631676642],[-86.72187521718023,36.24059908914015],[-86.72122967072468,36.23883304184008],[-86.71912424740131,36.23833109170498],[-86.71912424740131,36.23833109170498]]]},"properties":{"h3":"89264d88a0bffff","count":11,"c3":0,"c6":0,"c12":5,"c24":11,"score":5.5,"risk":6,"peakDay":"Saturday","peakTime":"evening","hood":"","bk12":{"morning":0,"afternoon":0,"evening":4,"night":1},"bk24":{"morning":0,"afternoon":1,"evening":6,"night":4},"sv12":1,"recent":[{"d":"2026-01-25","day":"Sun","time":"00:01","desc":"LARC - PARTS FROM VEH","res":"unsolved"},{"d":"2025-12-06","day":"Sat","time":"17:00","desc":"VEHICLE THEFT","res":"unsolved"},{"d":"2025-12-06","day":"Sat","time":"17:00","desc":"BURGLARY - MOTOR VEHICLE","res":"unsolved"},{"d":"2025-12-06","day":"Sat","time":"17:00","desc":"BURGLARY - MOTOR VEHICLE","res":"unsolved"},{"d":"2025-12-06","day":"Sat","time":"17:00","desc":"BURGLARY - MOTOR VEHICLE","res":"unsolved"},{"d":"2025-09-13","day":"Sat","time":"00:00","desc":"BURGLARY - MOTOR VEHICLE","res":"unsolved"},{"d":"2025-09-13","day":"Sat","time":"00:00","desc":"BURGLARY - MOTOR VEHICLE","res":"unsolved"},{"d":"2025-09-13","day":"Sat","time":"00:00","desc":"BURGLARY - MOTOR VEHICLE","res":"unsolved"},{"d":"2025-09-12","day":"Fri","time":"12:00","desc":"VEHICLE THEFT","res":"unsolved"},{"d":"2025-05-27","day":"Tue","time":"20:24","desc":"VEHICLE THEFT","res":"unsolved"}]}},{"type":"Feature","geometry":{"type":"Polygon","coordinates":[[[-86.73962909069915,36.03672415125094],[-86.73817195848724,36.03799166224065],[-86.7388166541915,36.03975931133262],[-86.74091856119774,36.04025946805914],[-86.7423757322534,36.03899194056059],[-86.74173095745985,36.037224272844846],[-86.73962909069915,36.03672415125094],[-86.73962909069915,36.03672415125094]]]},"properties":{"h3":"89264d02187ffff","count":4,"c3":0,"c6":0,"c12":2,"c24":4,"score":2.1,"risk":2,"peakDay":"Monday","peakTime":"afternoon","hood":"","bk12":{"morning":0,"afternoon":2,"evening":0,"night":0},"bk24":{"morning":0,"afternoon":2,"evening":1,"night":1},"recent":[{"d":"2026-01-19","day":"Mon","time":"13:00","desc":"BURGLARY- MOTOR VEHICLE","res":"unsolved"},{"d":"2026-01-19","day":"Mon","time":"13:00","desc":"BURGLARY- MOTOR VEHICLE","res":"unsolved"},{"d":"2025-09-13","day":"Sat","time":"01:45","desc":"BURGLARY- MOTOR VEHICLE","res":"unsolved"},{"d":"2025-07-22","day":"Tue","time":"21:00","desc":"VEHICLE THEFT","res":"unsolved"}]}},{"type":"Feature","geometry":{"type":"Polygon","coordinates":[[[-86.7481520164715,36.21783774106314],[-86.74669231434584,36.219102654735686],[-86.7473383385905,36.22086894597914],[-86.74944414432638,36.221370342145406],[-86.7509038854113,36.2201054120995],[-86.75025778180188,36.21833910226118],[-86.7481520164715,36.21783774106314],[-86.7481520164715,36.21783774106314]]]},"properties":{"h3":"89264d126c7ffff","count":4,"c3":0,"c6":0,"c12":0,"c24":4,"score":1.9,"risk":2,"peakDay":"Monday","peakTime":"night","hood":"","bk12":{"morning":0,"afternoon":0,"evening":0,"night":0},"bk24":{"morning":0,"afternoon":2,"evening":0,"night":2},"recent":[{"d":"2025-09-29","day":"Mon","time":"13:00","desc":"VEHICLE THEFT","res":"unsolved"},{"d":"2025-09-15","day":"Mon","time":"03:30","desc":"BURGLARY - MOTOR VEHICLE","res":"unsolved"},{"d":"2025-09-13","day":"Sat","time":"22:00","desc":"BURGLARY - MOTOR VEHICLE","res":"unsolved"},{"d":"2025-07-17","day":"Thu","time":"12:00","desc":"THEFT OF VEHICLE->$1,000 BUT <$2,500","res":"unsolved"}]}},{"type":"Feature","geometry":{"type":"Polygon","coordinates":[[[-86.59076076675846,36.228599511623464],[-86.58930132231683,36.229861340385256],[-86.58994369787469,36.23162698143393],[-86.59204559728089,36.232130812577076],[-86.59350508106627,36.23086896757662],[-86.5928626261025,36.22910330767214],[-86.59076076675846,36.228599511623464],[-86.59076076675846,36.228599511623464]]]},"properties":{"h3":"89264d8e24bffff","count":1,"c3":0,"c6":0,"c12":0,"c24":1,"score":0.5,"risk":0,"peakDay":"Sunday","peakTime":"night","hood":"","bk12":{"morning":0,"afternoon":0,"evening":0,"night":0},"bk24":{"morning":0,"afternoon":0,"evening":0,"night":1},"recent":[{"d":"2025-09-14","day":"Sun","time":"00:15","desc":"BURGLARY- MOTOR VEHICLE","res":"closed"}]}},{"type":"Feature","geometry":{"type":"Polygon","coordinates":[[[-86.69997665861223,36.05956143769163],[-86.69851930756137,36.060827867906944],[-86.69916321056645,36.06259520078729],[-86.70126454375375,36.06309612214099],[-86.70272193376017,36.06182967546649],[-86.70207795162453,36.06006232389794],[-86.69997665861223,36.05956143769163],[-86.69997665861223,36.05956143769163]]]},"properties":{"h3":"89264d1547bffff","count":4,"c3":0,"c6":0,"c12":2,"c24":4,"score":2.3,"risk":2,"peakDay":"Sunday","peakTime":"evening","hood":"","bk12":{"morning":0,"afternoon":0,"evening":1,"night":1},"bk24":{"morning":0,"afternoon":0,"evening":3,"night":1},"sv12":1,"recent":[{"d":"2026-02-16","day":"Mon","time":"01:00","desc":"VEHICLE THEFT","res":"unsolved"},{"d":"2026-02-15","day":"Sun","time":"21:00","desc":"BURGLARY- MOTOR VEHICLE","res":"unsolved"},{"d":"2025-10-01","day":"Wed","time":"20:09","desc":"VEHICLE THEFT","res":"unsolved"},{"d":"2025-09-14","day":"Sun","time":"21:00","desc":"BURGLARY- MOTOR VEHICLE","res":"unsolved"}]}},{"type":"Feature","geometry":{"type":"Polygon","coordinates":[[[-86.77861800165395,36.21702419494768],[-86.77715823407299,36.21828968574633],[-86.77780497205795,36.22005609128972],[-86.779911556983,36.220557024579094],[-86.78137136344942,36.21929151738216],[-86.78072454610614,36.21752509329462],[-86.77861800165395,36.21702419494768],[-86.77861800165395,36.21702419494768]]]},"properties":{"h3":"89264d135dbffff","count":2,"c3":0,"c6":0,"c12":1,"c24":2,"score":1.1,"risk":1,"peakDay":"Monday","peakTime":"morning","hood":"","bk12":{"morning":0,"afternoon":0,"evening":0,"night":1},"bk24":{"morning":1,"afternoon":0,"evening":0,"night":1},"recent":[{"d":"2026-01-28","day":"Wed","time":"01:30","desc":"LARC - PARTS FROM VEH","res":"unsolved"},{"d":"2025-09-15","day":"Mon","time":"06:50","desc":"BURGLARY- MOTOR VEHICLE","res":"unsolved"}]}},{"type":"Feature","geometry":{"type":"Polygon","coordinates":[[[-86.85951629499179,36.31684871949926],[-86.85805491785877,36.31811418179457],[-86.85870418992485,36.319880088530994],[-86.86081491862178,36.320380551372786],[-86.86227633452009,36.31911507269244],[-86.86162698295696,36.31734914755582],[-86.85951629499179,36.31684871949926],[-86.85951629499179,36.31684871949926]]]},"properties":{"h3":"89264dc609bffff","count":1,"c3":0,"c6":0,"c12":0,"c24":1,"score":0.5,"risk":0,"peakDay":"Monday","peakTime":"morning","hood":"","bk12":{"morning":0,"afternoon":0,"evening":0,"night":0},"bk24":{"morning":1,"afternoon":0,"evening":0,"night":0},"recent":[{"d":"2025-09-15","day":"Mon","time":"11:00","desc":"BURGLARY- MOTOR VEHICLE","res":"unsolved"}]}},{"type":"Feature","geometry":{"type":"Polygon","coordinates":[[[-86.67979574143297,36.309530283772645],[-86.67833491981449,36.310792525435986],[-86.67897990247931,36.31255785754475],[-86.68108578628025,36.31306096669094],[-86.68254664709123,36.31179870878039],[-86.6819015849096,36.31003335797138],[-86.67979574143297,36.309530283772645],[-86.67979574143297,36.309530283772645]]]},"properties":{"h3":"89264d8ae57ffff","count":2,"c3":0,"c6":0,"c12":0,"c24":2,"score":0.9,"risk":1,"peakDay":"Monday","peakTime":"afternoon","hood":"","bk12":{"morning":0,"afternoon":0,"evening":0,"night":0},"bk24":{"morning":0,"afternoon":2,"evening":0,"night":0},"recent":[{"d":"2025-09-15","day":"Mon","time":"16:00","desc":"LARC - PARTS FROM VEH","res":"unsolved"},{"d":"2025-07-29","day":"Tue","time":"16:00","desc":"VEHICLE THEFT","res":"unsolved"}]}},{"type":"Feature","geometry":{"type":"Polygon","coordinates":[[[-86.69864966247407,36.27696865102475],[-86.69718925233114,36.278231741928714],[-86.69783447707661,36.27999739631202],[-86.6999401914295,36.28049997846379],[-86.70140064069506,36.27923687127216],[-86.70075533648588,36.277471198216915],[-86.69864966247407,36.27696865102475],[-86.69864966247407,36.27696865102475]]]},"properties":{"h3":"89264d88133ffff","count":4,"c3":0,"c6":0,"c12":1,"c24":4,"score":2,"risk":2,"peakDay":"Sunday","peakTime":"evening","hood":"","bk12":{"morning":0,"afternoon":0,"evening":1,"night":0},"bk24":{"morning":0,"afternoon":0,"evening":4,"night":0},"recent":[{"d":"2025-12-11","day":"Thu","time":"18:00","desc":"BURGLARY- MOTOR VEHICLE","res":"unsolved"},{"d":"2025-09-21","day":"Sun","time":"21:00","desc":"VEHICLE THEFT","res":"unsolved"},{"d":"2025-09-15","day":"Mon","time":"17:30","desc":"BURGLARY- MOTOR VEHICLE","res":"unsolved"},{"d":"2025-07-13","day":"Sun","time":"21:15","desc":"VEHICLE THEFT","res":"unsolved"}]}},{"type":"Feature","geometry":{"type":"Polygon","coordinates":[[[-86.83974606653472,36.18960453024773],[-86.83828653331405,36.190871571807854],[-86.83893454162089,36.19263840530694],[-86.84104216245471,36.193138215690965],[-86.84250173439318,36.191871157662554],[-86.84185364678083,36.19010430571889],[-86.83974606653472,36.18960453024773],[-86.83974606653472,36.18960453024773]]]},"properties":{"h3":"89264dc49abffff","count":4,"c3":0,"c6":0,"c12":3,"c24":4,"score":2,"risk":2,"peakDay":"Tuesday","peakTime":"evening","hood":"","bk12":{"morning":0,"afternoon":0,"evening":1,"night":2},"bk24":{"morning":0,"afternoon":0,"evening":2,"night":2},"recent":[{"d":"2025-11-28","day":"Fri","time":"17:00","desc":"LARC - PARTS FROM VEH","res":"unsolved"},{"d":"2025-10-07","day":"Tue","time":"23:45","desc":"BURGLARY- MOTOR VEHICLE","res":"unsolved"},{"d":"2025-10-07","day":"Tue","time":"23:45","desc":"BURGLARY- MOTOR VEHICLE","res":"unsolved"},{"d":"2025-09-15","day":"Mon","time":"21:30","desc":"BURGLARY- MOTOR VEHICLE","res":"unsolved"}]}},{"type":"Feature","geometry":{"type":"Polygon","coordinates":[[[-86.66297864899933,36.04750756547772],[-86.66152156344927,36.04877349283066],[-86.66216451953841,36.050540782540715],[-86.66426464029631,36.05104216364906],[-86.66572176488107,36.049776219856966],[-86.665078729674,36.04800891139617],[-86.66297864899933,36.04750756547772],[-86.66297864899933,36.04750756547772]]]},"properties":{"h3":"89264d155a3ffff","count":1,"c3":0,"c6":0,"c12":0,"c24":1,"score":0.5,"risk":0,"peakDay":"Tuesday","peakTime":"morning","hood":"","bk12":{"morning":0,"afternoon":0,"evening":0,"night":0},"bk24":{"morning":1,"afternoon":0,"evening":0,"night":0},"recent":[{"d":"2025-09-16","day":"Tue","time":"09:30","desc":"BURGLARY- MOTOR VEHICLE","res":"closed"}]}},{"type":"Feature","geometry":{"type":"Polygon","coordinates":[[[-86.71941421343894,36.14970715409847],[-86.71795554461244,36.15097257427361],[-86.71860046624316,36.15273928909237],[-86.72070413596632,36.153240602385026],[-86.72216284376967,36.151975165806135],[-86.7215178428738,36.150208432338815],[-86.71941421343894,36.14970715409847],[-86.71941421343894,36.14970715409847]]]},"properties":{"h3":"89264d12e6fffff","count":5,"c3":0,"c6":0,"c12":4,"c24":5,"score":2.9,"risk":3,"peakDay":"Saturday","peakTime":"evening","hood":"","bk12":{"morning":0,"afternoon":0,"evening":2,"night":2},"bk24":{"morning":0,"afternoon":1,"evening":2,"night":2},"recent":[{"d":"2026-02-21","day":"Sat","time":"01:40","desc":"LARC - PARTS FROM VEH","res":"unsolved"},{"d":"2026-02-21","day":"Sat","time":"01:40","desc":"LARC - PARTS FROM VEH","res":"unsolved"},{"d":"2025-12-04","day":"Thu","time":"20:30","desc":"BURGLARY- MOTOR VEHICLE","res":"unsolved"},{"d":"2025-11-02","day":"Sun","time":"17:00","desc":"BURGLARY- MOTOR VEHICLE","res":"unsolved"},{"d":"2025-09-16","day":"Tue","time":"12:00","desc":"LARC - PARTS FROM VEH","res":"unsolved"}]}},{"type":"Feature","geometry":{"type":"Polygon","coordinates":[[[-86.71939659711633,36.04966321600094],[-86.71793933505018,36.05093015613807],[-86.71858363433036,36.05269763427509],[-86.72068527478982,36.053198190932015],[-86.72214257575772,36.05193123431239],[-86.72149819736521,36.050163737518815],[-86.71939659711633,36.04966321600094],[-86.71939659711633,36.04966321600094]]]},"properties":{"h3":"89264d15667ffff","count":12,"c3":0,"c6":0,"c12":7,"c24":12,"score":6.4,"risk":7,"peakDay":"Tuesday","peakTime":"evening","hood":"","bk12":{"morning":0,"afternoon":2,"evening":2,"night":3},"bk24":{"morning":0,"afternoon":3,"evening":5,"night":4},"sv12":5,"recent":[{"d":"2026-02-15","day":"Sun","time":"18:00","desc":"VEHICLE THEFT","res":"unsolved"},{"d":"2026-02-03","day":"Tue","time":"04:00","desc":"VEHICLE THEFT","res":"unsolved"},{"d":"2026-02-03","day":"Tue","time":"04:00","desc":"VEHICLE THEFT","res":"unsolved"},{"d":"2025-12-29","day":"Mon","time":"23:30","desc":"VEHICLE THEFT","res":"unsolved"},{"d":"2025-12-16","day":"Tue","time":"15:10","desc":"BURGLARY- MOTOR VEHICLE","res":"unsolved"},{"d":"2025-10-16","day":"Thu","time":"20:00","desc":"BURGLARY - MOTOR VEHICLE","res":"unsolved"},{"d":"2025-10-11","day":"Sat","time":"15:00","desc":"VEHICLE THEFT","res":"unsolved"},{"d":"2025-10-04","day":"Sat","time":"19:00","desc":"LARC - PARTS FROM VEH","res":"unsolved"},{"d":"2025-09-16","day":"Tue","time":"15:20","desc":"BURGLARY- MOTOR VEHICLE","res":"unsolved"},{"d":"2025-09-11","day":"Thu","time":"21:00","desc":"VEHICLE THEFT","res":"unsolved"}]}},{"type":"Feature","geometry":{"type":"Polygon","coordinates":[[[-86.86942084955953,36.31758462872435],[-86.867959437886,36.318850263230786],[-86.86860894831966,36.32061619840747],[-86.87071994992404,36.32111651746184],[-86.87218140033947,36.319850866563065],[-86.87153181040948,36.318084913002735],[-86.86942084955953,36.31758462872435],[-86.86942084955953,36.31758462872435]]]},"properties":{"h3":"89264dc60dbffff","count":5,"c3":0,"c6":0,"c12":0,"c24":5,"score":2.3,"risk":2,"peakDay":"Wednesday","peakTime":"night","hood":"","bk12":{"morning":0,"afternoon":0,"evening":0,"night":0},"bk24":{"morning":1,"afternoon":1,"evening":0,"night":3},"recent":[{"d":"2025-09-17","day":"Wed","time":"02:35","desc":"BURGLARY - MOTOR VEHICLE","res":"unsolved"},{"d":"2025-09-17","day":"Wed","time":"02:35","desc":"BURGLARY - MOTOR VEHICLE","res":"unsolved"},{"d":"2025-09-17","day":"Wed","time":"02:35","desc":"BURGLARY - MOTOR VEHICLE","res":"unsolved"},{"d":"2025-08-29","day":"Fri","time":"15:00","desc":"VEHICLE THEFT","res":"unsolved"},{"d":"2025-07-24","day":"Thu","time":"05:00","desc":"VEHICLE THEFT","res":"unsolved"}]}},{"type":"Feature","geometry":{"type":"Polygon","coordinates":[[[-86.61814891011817,36.07713309302432],[-86.61669152632857,36.07839773943405],[-86.61733360885623,36.08016464086681],[-86.6194331543442,36.08066691471344],[-86.62089057729754,36.07940225192389],[-86.62024841559993,36.07763533166803],[-86.61814891011817,36.07713309302432],[-86.61814891011817,36.07713309302432]]]},"properties":{"h3":"89264d1620fffff","count":6,"c3":0,"c6":0,"c12":1,"c24":6,"score":3,"risk":3,"peakDay":"Thursday","peakTime":"evening","hood":"","bk12":{"morning":0,"afternoon":0,"evening":1,"night":0},"bk24":{"morning":1,"afternoon":1,"evening":3,"night":1},"recent":[{"d":"2026-02-12","day":"Thu","time":"17:00","desc":"BURGLARY- MOTOR VEHICLE","res":"unsolved"},{"d":"2025-09-17","day":"Wed","time":"18:30","desc":"LARC - PARTS FROM VEH","res":"unsolved"},{"d":"2025-09-09","day":"Tue","time":"00:50","desc":"VEHICLE THEFT","res":"unsolved"},{"d":"2025-09-04","day":"Thu","time":"10:55","desc":"VEHICLE THEFT","res":"unsolved"},{"d":"2025-08-26","day":"Tue","time":"20:00","desc":"VEHICLE THEFT","res":"unsolved"},{"d":"2025-07-25","day":"Fri","time":"16:30","desc":"VEHICLE THEFT","res":"unsolved"}]}},{"type":"Feature","geometry":{"type":"Polygon","coordinates":[[[-86.81965009972406,36.17677105013056],[-86.81819079695366,36.17803791516162],[-86.81883825120191,36.17980477749583],[-86.82094508751086,36.18030479327862],[-86.82240442903786,36.179037911785215],[-86.82175689550016,36.17727103097182],[-86.81965009972406,36.17677105013056],[-86.81965009972406,36.17677105013056]]]},"properties":{"h3":"89264d114bbffff","count":3,"c3":0,"c6":0,"c12":1,"c24":3,"score":1.3,"risk":1,"peakDay":"Friday","peakTime":"afternoon","hood":"","bk12":{"morning":0,"afternoon":0,"evening":1,"night":0},"bk24":{"morning":0,"afternoon":1,"evening":1,"night":1},"recent":[{"d":"2025-12-13","day":"Sat","time":"20:30","desc":"BURGLARY - MOTOR VEHICLE","res":"unsolved"},{"d":"2025-09-19","day":"Fri","time":"15:00","desc":"BURGLARY- MOTOR VEHICLE","res":"unsolved"},{"d":"2024-12-23","day":"Mon","time":"04:00","desc":"VEHICLE THEFT","res":"unsolved"}]}},{"type":"Feature","geometry":{"type":"Polygon","coordinates":[[[-86.79094260850341,36.20866513945531],[-86.78948292786696,36.20993098626364],[-86.79012990437127,36.211697500257664],[-86.7922366408562,36.21219818596817],[-86.79369636034221,36.21093232274521],[-86.79304930449455,36.209165790226855],[-86.79094260850341,36.20866513945531],[-86.79094260850341,36.20866513945531]]]},"properties":{"h3":"89264d13083ffff","count":6,"c3":0,"c6":0,"c12":2,"c24":6,"score":2.5,"risk":3,"peakDay":"Friday","peakTime":"evening","hood":"","bk12":{"morning":0,"afternoon":0,"evening":2,"night":0},"bk24":{"morning":0,"afternoon":2,"evening":3,"night":1},"sv12":1,"recent":[{"d":"2025-12-27","day":"Sat","time":"19:00","desc":"BURGLARY- MOTOR VEHICLE","res":"unsolved"},{"d":"2025-12-13","day":"Sat","time":"19:00","desc":"VEHICLE THEFT","res":"unsolved"},{"d":"2025-09-19","day":"Fri","time":"18:00","desc":"LARC - PARTS FROM VEH","res":"unsolved"},{"d":"2025-02-08","day":"Sat","time":"14:30","desc":"VEHICLE THEFT","res":"unsolved"},{"d":"2024-12-06","day":"Fri","time":"12:02","desc":"VEHICLE THEFT","res":"unsolved"},{"d":"2024-12-06","day":"Fri","time":"00:01","desc":"VEHICLE THEFT","res":"unsolved"}]}},{"type":"Feature","geometry":{"type":"Polygon","coordinates":[[[-86.73997587082515,36.148152498711916],[-86.73851717133232,36.14941832366347],[-86.73916256823638,36.15118512407045],[-86.74126674389348,36.151686118140795],[-86.74272548231275,36.150420276767846],[-86.7420800061493,36.148653457746434],[-86.73997587082515,36.148152498711916],[-86.73997587082515,36.148152498711916]]]},"properties":{"h3":"89264d10577ffff","count":12,"c3":0,"c6":0,"c12":7,"c24":12,"score":6.6,"risk":7,"peakDay":"Sunday","peakTime":"morning","hood":"","bk12":{"morning":7,"afternoon":0,"evening":0,"night":0},"bk24":{"morning":8,"afternoon":1,"evening":0,"night":3},"recent":[{"d":"2026-01-18","day":"Sun","time":"11:30","desc":"LARC - PARTS FROM VEH","res":"unsolved"},{"d":"2026-01-18","day":"Sun","time":"11:30","desc":"LARC - PARTS FROM VEH","res":"unsolved"},{"d":"2026-01-18","day":"Sun","time":"11:30","desc":"LARC - PARTS FROM VEH","res":"unsolved"},{"d":"2026-01-18","day":"Sun","time":"11:30","desc":"LARC - PARTS FROM VEH","res":"unsolved"},{"d":"2026-01-18","day":"Sun","time":"11:30","desc":"LARC - PARTS FROM VEH","res":"unsolved"},{"d":"2026-01-18","day":"Sun","time":"11:30","desc":"LARC - PARTS FROM VEH","res":"unsolved"},{"d":"2026-01-18","day":"Sun","time":"11:30","desc":"LARC - PARTS FROM VEH","res":"unsolved"},{"d":"2025-09-25","day":"Thu","time":"23:30","desc":"VEHICLE THEFT","res":"unsolved"},{"d":"2025-09-25","day":"Thu","time":"23:30","desc":"BURGLARY- MOTOR VEHICLE","res":"unsolved"},{"d":"2025-09-20","day":"Sat","time":"11:00","desc":"BURGLARY- MOTOR VEHICLE","res":"unsolved"}]}},{"type":"Feature","geometry":{"type":"Polygon","coordinates":[[[-86.71066198939185,36.157298980412044],[-86.70920323614193,36.15856412268162],[-86.70984799857713,36.160330747729226],[-86.71195159354127,36.16083224917026],[-86.71341038579473,36.15956709050988],[-86.71276554408132,36.15780044679975],[-86.71066198939185,36.157298980412044],[-86.71066198939185,36.157298980412044]]]},"properties":{"h3":"89264d12e07ffff","count":2,"c3":0,"c6":0,"c12":0,"c24":2,"score":1,"risk":1,"peakDay":"Sunday","peakTime":"night","hood":"","bk12":{"morning":0,"afternoon":0,"evening":0,"night":0},"bk24":{"morning":1,"afternoon":0,"evening":0,"night":1},"recent":[{"d":"2025-09-21","day":"Sun","time":"06:00","desc":"BURGLARY- MOTOR VEHICLE","res":"unsolved"},{"d":"2025-09-21","day":"Sun","time":"01:05","desc":"BURGLARY- MOTOR VEHICLE","res":"unsolved"}]}},{"type":"Feature","geometry":{"type":"Polygon","coordinates":[[[-86.803623422768,36.14876657792611],[-86.80216455415413,36.15003357265915],[-86.80281145566414,36.15180059463725],[-86.80491730503826,36.15230064039107],[-86.8063762124263,36.15103362918648],[-86.80572923166686,36.14926658870013],[-86.803623422768,36.14876657792611],[-86.803623422768,36.14876657792611]]]},"properties":{"h3":"89264d1152fffff","count":8,"c3":0,"c6":0,"c12":0,"c24":8,"score":3.9,"risk":4,"peakDay":"Monday","peakTime":"afternoon","hood":"","bk12":{"morning":0,"afternoon":0,"evening":0,"night":0},"bk24":{"morning":0,"afternoon":8,"evening":0,"night":0},"recent":[{"d":"2025-09-22","day":"Mon","time":"16:00","desc":"BURGLARY- MOTOR VEHICLE","res":"closed"},{"d":"2025-09-22","day":"Mon","time":"16:00","desc":"BURGLARY- MOTOR VEHICLE","res":"closed"},{"d":"2025-09-22","day":"Mon","time":"16:00","desc":"BURGLARY- MOTOR VEHICLE","res":"closed"},{"d":"2025-09-22","day":"Mon","time":"16:00","desc":"BURGLARY- MOTOR VEHICLE","res":"closed"},{"d":"2025-09-22","day":"Mon","time":"16:00","desc":"BURGLARY- MOTOR VEHICLE","res":"closed"},{"d":"2025-09-22","day":"Mon","time":"16:00","desc":"BURGLARY- MOTOR VEHICLE","res":"closed"},{"d":"2025-09-22","day":"Mon","time":"16:00","desc":"BURGLARY- MOTOR VEHICLE","res":"closed"},{"d":"2025-09-22","day":"Mon","time":"16:00","desc":"BURGLARY- MOTOR VEHICLE","res":"closed"}]}},{"type":"Feature","geometry":{"type":"Polygon","coordinates":[[[-86.69049596164331,36.30725213675173],[-86.68903514457256,36.30851461198557],[-86.68968036578262,36.31028000017747],[-86.69178648357583,36.31078293181869],[-86.69324733981172,36.30952044032729],[-86.69260203909006,36.30775503345273],[-86.69049596164331,36.30725213675173],[-86.69049596164331,36.30725213675173]]]},"properties":{"h3":"89264d88587ffff","count":3,"c3":0,"c6":0,"c12":1,"c24":3,"score":1.5,"risk":2,"peakDay":"Monday","peakTime":"afternoon","hood":"","bk12":{"morning":0,"afternoon":1,"evening":0,"night":0},"bk24":{"morning":1,"afternoon":2,"evening":0,"night":0},"recent":[{"d":"2025-10-17","day":"Fri","time":"16:00","desc":"LARC - PARTS FROM VEH","res":"unsolved"},{"d":"2025-10-02","day":"Thu","time":"07:00","desc":"LARC - PARTS FROM VEH","res":"unsolved"},{"d":"2025-09-22","day":"Mon","time":"16:40","desc":"BURGLARY- MOTOR VEHICLE","res":"unsolved"}]}},{"type":"Feature","geometry":{"type":"Polygon","coordinates":[[[-86.87865710450188,36.10684247504831],[-86.87719864057713,36.108111495954084],[-86.87784704851298,36.10987910421543],[-86.87995399954623,36.110377709957774],[-86.88141250203331,36.10910867248815],[-86.88076401492565,36.107341045840506],[-86.87865710450188,36.10684247504831],[-86.87865710450188,36.10684247504831]]]},"properties":{"h3":"89264d1a843ffff","count":1,"c3":0,"c6":0,"c12":0,"c24":1,"score":0.5,"risk":0,"peakDay":"Monday","peakTime":"evening","hood":"","bk12":{"morning":0,"afternoon":0,"evening":0,"night":0},"bk24":{"morning":0,"afternoon":0,"evening":1,"night":0},"recent":[{"d":"2025-09-22","day":"Mon","time":"19:00","desc":"BURGLARY- MOTOR VEHICLE","res":"unsolved"}]}},{"type":"Feature","geometry":{"type":"Polygon","coordinates":[[[-86.67925266012384,35.98682497626006],[-86.67779638370207,35.98809212415439],[-86.6784393474503,35.989859930265034],[-86.68053866664405,35.99036060720993],[-86.68199498201618,35.989093442815346],[-86.68135193924496,35.9873256179766],[-86.67925266012384,35.98682497626006],[-86.67925266012384,35.98682497626006]]]},"properties":{"h3":"89264d15ab3ffff","count":2,"c3":0,"c6":0,"c12":0,"c24":2,"score":1,"risk":1,"peakDay":"Tuesday","peakTime":"night","hood":"","bk12":{"morning":0,"afternoon":0,"evening":0,"night":0},"bk24":{"morning":0,"afternoon":0,"evening":0,"night":2},"recent":[{"d":"2025-09-23","day":"Tue","time":"00:30","desc":"BURGLARY- MOTOR VEHICLE","res":"unsolved"},{"d":"2025-09-23","day":"Tue","time":"00:30","desc":"BURGLARY- MOTOR VEHICLE","res":"unsolved"}]}},{"type":"Feature","geometry":{"type":"Polygon","coordinates":[[[-86.67985748838328,36.009570415526305],[-86.67840089134538,36.01083723050007],[-86.67904401020333,36.012604867928445],[-86.68114380515753,36.013105709109],[-86.68260044116143,36.01183887765254],[-86.68195724324593,36.01007122149873],[-86.67985748838328,36.009570415526305],[-86.67985748838328,36.009570415526305]]]},"properties":{"h3":"89264d15e8fffff","count":2,"c3":0,"c6":0,"c12":0,"c24":2,"score":0.9,"risk":1,"peakDay":"Tuesday","peakTime":"night","hood":"","bk12":{"morning":0,"afternoon":0,"evening":0,"night":0},"bk24":{"morning":0,"afternoon":0,"evening":1,"night":1},"recent":[{"d":"2025-09-23","day":"Tue","time":"01:10","desc":"BURGLARY- MOTOR VEHICLE","res":"unsolved"},{"d":"2025-07-22","day":"Tue","time":"20:00","desc":"VEHICLE THEFT","res":"unsolved"}]}},{"type":"Feature","geometry":{"type":"Polygon","coordinates":[[[-86.71095893844074,36.0686342027096],[-86.7095014315967,36.06990069876413],[-86.71014564980194,36.0716680025061],[-86.71224745399464,36.07216882886318],[-86.7137049997748,36.070902316347855],[-86.71306070242694,36.06913499393672],[-86.71095893844074,36.0686342027096],[-86.71095893844074,36.0686342027096]]]},"properties":{"h3":"89264d15693ffff","count":3,"c3":0,"c6":0,"c12":1,"c24":3,"score":1.5,"risk":1,"peakDay":"Tuesday","peakTime":"morning","hood":"","bk12":{"morning":0,"afternoon":0,"evening":0,"night":1},"bk24":{"morning":2,"afternoon":0,"evening":0,"night":1},"sv12":1,"recent":[{"d":"2025-10-09","day":"Thu","time":"04:20","desc":"VEHICLE THEFT","res":"unsolved"},{"d":"2025-09-23","day":"Tue","time":"10:12","desc":"BURGLARY- MOTOR VEHICLE","res":"unsolved"},{"d":"2025-09-23","day":"Tue","time":"10:12","desc":"BURGLARY- MOTOR VEHICLE","res":"unsolved"}]}},{"type":"Feature","geometry":{"type":"Polygon","coordinates":[[[-86.68603160070614,36.174002862604894],[-86.68457267573848,36.17526729351319],[-86.68521696102019,36.17703370142148],[-86.68732025057811,36.17753569712408],[-86.6887792146208,36.176271249857784],[-86.68813485003135,36.174504823247354],[-86.68603160070614,36.174002862604894],[-86.68603160070614,36.174002862604894]]]},"properties":{"h3":"89264d12c9bffff","count":1,"c3":0,"c6":0,"c12":0,"c24":1,"score":0.5,"risk":0,"peakDay":"Tuesday","peakTime":"morning","hood":"","bk12":{"morning":0,"afternoon":0,"evening":0,"night":0},"bk24":{"morning":1,"afternoon":0,"evening":0,"night":0},"recent":[{"d":"2025-09-23","day":"Tue","time":"11:29","desc":"BURGLARY- MOTOR VEHICLE","res":"closed"}]}},{"type":"Feature","geometry":{"type":"Polygon","coordinates":[[[-86.80425726632389,36.1715035409068],[-86.80279807602234,36.17277020111726],[-86.80344513441852,36.17453704992517],[-86.80555146240118,36.17503725702841],[-86.80701069149242,36.17377058036368],[-86.8063635538121,36.17200371305047],[-86.80425726632389,36.1715035409068],[-86.80425726632389,36.1715035409068]]]},"properties":{"h3":"89264d13367ffff","count":4,"c3":0,"c6":0,"c12":2,"c24":4,"score":2.1,"risk":2,"peakDay":"Tuesday","peakTime":"evening","hood":"","bk12":{"morning":0,"afternoon":0,"evening":2,"night":0},"bk24":{"morning":0,"afternoon":0,"evening":4,"night":0},"sv12":2,"recent":[{"d":"2026-01-05","day":"Mon","time":"20:00","desc":"THEFT OF VEHICLE-2,500 OR > BUT<$10,000","res":"closed"},{"d":"2025-12-16","day":"Tue","time":"20:00","desc":"VEHICLE THEFT","res":"closed"},{"d":"2025-09-23","day":"Tue","time":"18:07","desc":"VEHICLE THEFT","res":"closed"},{"d":"2025-09-23","day":"Tue","time":"18:07","desc":"BURGLARY- MOTOR VEHICLE","res":"closed"}]}},{"type":"Feature","geometry":{"type":"Polygon","coordinates":[[[-86.6094043986997,36.08472027776243],[-86.60794693144953,36.08598464667343],[-86.60858885470287,36.087751458466585],[-86.61068832438995,36.088253920186254],[-86.61214583083034,36.08698953490844],[-86.61150382839419,36.08522270427824],[-86.6094043986997,36.08472027776243],[-86.6094043986997,36.08472027776243]]]},"properties":{"h3":"89264d16287ffff","count":1,"c3":0,"c6":0,"c12":0,"c24":1,"score":0.5,"risk":0,"peakDay":"Tuesday","peakTime":"evening","hood":"","bk12":{"morning":0,"afternoon":0,"evening":0,"night":0},"bk24":{"morning":0,"afternoon":0,"evening":1,"night":0},"recent":[{"d":"2025-09-23","day":"Tue","time":"18:14","desc":"BURGLARY- MOTOR VEHICLE","res":"closed"}]}},{"type":"Feature","geometry":{"type":"Polygon","coordinates":[[[-86.83086329939674,36.09713520592962],[-86.82940508926637,36.09840348984673],[-86.83005231062104,36.100171004516405],[-86.8321578212726,36.10067025373637],[-86.83361607007312,36.09940195328558],[-86.83296876955272,36.09763442014899],[-86.83086329939674,36.09713520592962],[-86.83086329939674,36.09713520592962]]]},"properties":{"h3":"89264d11a57ffff","count":1,"c3":0,"c6":0,"c12":0,"c24":1,"score":0.5,"risk":0,"peakDay":"Friday","peakTime":"morning","hood":"","bk12":{"morning":0,"afternoon":0,"evening":0,"night":0},"bk24":{"morning":1,"afternoon":0,"evening":0,"night":0},"recent":[{"d":"2025-09-26","day":"Fri","time":"09:00","desc":"BURGLARY- MOTOR VEHICLE","res":"unsolved"}]}},{"type":"Feature","geometry":{"type":"Polygon","coordinates":[[[-86.69213574299985,36.201260150369365],[-86.69067641807581,36.20252427851031],[-86.69132101707174,36.204290498040386],[-86.69342502034101,36.204792608119604],[-86.69488438434604,36.20352846363712],[-86.6942397060016,36.20176222541744],[-86.69213574299985,36.201260150369365],[-86.69213574299985,36.201260150369365]]]},"properties":{"h3":"89264d125a3ffff","count":1,"c3":0,"c6":0,"c12":0,"c24":1,"score":0.5,"risk":0,"peakDay":"Friday","peakTime":"afternoon","hood":"","bk12":{"morning":0,"afternoon":0,"evening":0,"night":0},"bk24":{"morning":0,"afternoon":1,"evening":0,"night":0},"recent":[{"d":"2025-09-26","day":"Fri","time":"14:40","desc":"BURGLARY - MOTOR VEHICLE","res":"closed"}]}},{"type":"Feature","geometry":{"type":"Polygon","coordinates":[[[-86.72897939338725,36.13908107055553],[-86.72752084964907,36.14034682982568],[-86.72816593073271,36.1421136605434],[-86.73026963480264,36.14261475062495],[-86.7317282174868,36.14134897493508],[-86.73108305715583,36.13958212558383],[-86.72897939338725,36.13908107055553],[-86.72897939338725,36.13908107055553]]]},"properties":{"h3":"89264d12a43ffff","count":3,"c3":0,"c6":0,"c12":1,"c24":3,"score":1.6,"risk":2,"peakDay":"Friday","peakTime":"evening","hood":"","bk12":{"morning":0,"afternoon":0,"evening":1,"night":0},"bk24":{"morning":1,"afternoon":0,"evening":2,"night":0},"recent":[{"d":"2026-01-31","day":"Sat","time":"20:00","desc":"LARC - PARTS FROM VEH","res":"unsolved"},{"d":"2025-10-03","day":"Fri","time":"08:00","desc":"BURGLARY - MOTOR VEHICLE","res":"unsolved"},{"d":"2025-09-26","day":"Fri","time":"17:30","desc":"LARC - PARTS FROM VEH","res":"unsolved"}]}},{"type":"Feature","geometry":{"type":"Polygon","coordinates":[[[-86.6110353639411,36.07865765480792],[-86.60957797759544,36.079922146102206],[-86.61021990177818,36.0816890098712],[-86.61231929148066,36.082191401181205],[-86.61377671700814,36.080926893514004],[-86.61313471365206,36.07916001091021],[-86.6110353639411,36.07865765480792],[-86.6110353639411,36.07865765480792]]]},"properties":{"h3":"89264d162abffff","count":4,"c3":0,"c6":0,"c12":1,"c24":4,"score":1.9,"risk":2,"peakDay":"Saturday","peakTime":"afternoon","hood":"","bk12":{"morning":0,"afternoon":0,"evening":1,"night":0},"bk24":{"morning":1,"afternoon":1,"evening":1,"night":1},"recent":[{"d":"2025-10-29","day":"Wed","time":"20:00","desc":"BURGLARY- MOTOR VEHICLE","res":"unsolved"},{"d":"2025-09-27","day":"Sat","time":"13:30","desc":"BURGLARY- MOTOR VEHICLE","res":"unsolved"},{"d":"2025-08-31","day":"Sun","time":"05:30","desc":"VEHICLE THEFT","res":"unsolved"},{"d":"2025-06-13","day":"Fri","time":"23:15","desc":"VEHICLE THEFT","res":"unsolved"}]}},{"type":"Feature","geometry":{"type":"Polygon","coordinates":[[[-86.69082052065909,36.118692613663],[-86.68936236200912,36.119957975879835],[-86.69000641634779,36.12172482544513],[-86.69210870855949,36.12222633149283],[-86.69356690623133,36.12096095287073],[-86.69292277267036,36.119194084606676],[-86.69082052065909,36.118692613663],[-86.69082052065909,36.118692613663]]]},"properties":{"h3":"89264d12bafffff","count":1,"c3":0,"c6":0,"c12":0,"c24":1,"score":0.5,"risk":0,"peakDay":"Monday","peakTime":"night","hood":"","bk12":{"morning":0,"afternoon":0,"evening":0,"night":0},"bk24":{"morning":0,"afternoon":0,"evening":0,"night":1},"recent":[{"d":"2025-09-29","day":"Mon","time":"00:01","desc":"LARC - PARTS FROM VEH","res":"unsolved"}]}},{"type":"Feature","geometry":{"type":"Polygon","coordinates":[[[-86.9199777456884,36.07786546968933],[-86.91851958892062,36.07913569435944],[-86.91916878887024,36.080903668933466],[-86.92127622470825,36.08140143715734],[-86.92273441991715,36.08013119586807],[-86.92208514084774,36.078363202974565],[-86.9199777456884,36.07786546968933],[-86.9199777456884,36.07786546968933]]]},"properties":{"h3":"89264d18e8fffff","count":5,"c3":0,"c6":0,"c12":1,"c24":5,"score":2.5,"risk":3,"peakDay":"Monday","peakTime":"evening","hood":"","bk12":{"morning":0,"afternoon":0,"evening":1,"night":0},"bk24":{"morning":0,"afternoon":1,"evening":4,"night":0},"sv12":1,"recent":[{"d":"2026-02-26","day":"Thu","time":"20:00","desc":"VEHICLE THEFT","res":"unsolved"},{"d":"2025-09-29","day":"Mon","time":"18:00","desc":"BURGLARY- MOTOR VEHICLE","res":"unsolved"},{"d":"2025-09-29","day":"Mon","time":"18:00","desc":"BURGLARY- MOTOR VEHICLE","res":"unsolved"},{"d":"2025-09-08","day":"Mon","time":"12:00","desc":"VEHICLE THEFT","res":"unsolved"},{"d":"2025-07-18","day":"Fri","time":"19:30","desc":"VEHICLE THEFT","res":"unsolved"}]}},{"type":"Feature","geometry":{"type":"Polygon","coordinates":[[[-86.63965060775867,36.14679622791586],[-86.63819218706948,36.14806021326355],[-86.63883520882538,36.149826662256125],[-86.64093673054452,36.150329144683134],[-86.64239519039894,36.149065142993265],[-86.64175208936977,36.147298675219055],[-86.63965060775867,36.14679622791586],[-86.63965060775867,36.14679622791586]]]},"properties":{"h3":"89264d8de23ffff","count":1,"c3":0,"c6":0,"c12":0,"c24":1,"score":0.5,"risk":1,"peakDay":"Monday","peakTime":"evening","hood":"","bk12":{"morning":0,"afternoon":0,"evening":0,"night":0},"bk24":{"morning":0,"afternoon":0,"evening":1,"night":0},"recent":[{"d":"2025-09-29","day":"Mon","time":"21:00","desc":"LARC - PARTS FROM VEH","res":"unsolved"}]}},{"type":"Feature","geometry":{"type":"Polygon","coordinates":[[[-86.83020040986935,36.13732462963123],[-86.8287416362336,36.13859229056463],[-86.82938909279572,36.14035949442605],[-86.83149540222163,36.140859055819384],[-86.83295421455911,36.139591378384374],[-86.83230667876974,36.13782415605813],[-86.83020040986935,36.13732462963123],[-86.83020040986935,36.13732462963123]]]},"properties":{"h3":"89264d11387ffff","count":4,"c3":0,"c6":0,"c12":1,"c24":4,"score":2,"risk":2,"peakDay":"Monday","peakTime":"night","hood":"","bk12":{"morning":0,"afternoon":0,"evening":1,"night":0},"bk24":{"morning":0,"afternoon":0,"evening":2,"night":2},"recent":[{"d":"2025-11-23","day":"Sun","time":"17:30","desc":"BURGLARY- MOTOR VEHICLE","res":"unsolved"},{"d":"2025-10-07","day":"Tue","time":"21:00","desc":"BURGLARY- MOTOR VEHICLE","res":"unsolved"},{"d":"2025-09-29","day":"Mon","time":"22:00","desc":"BURGLARY- MOTOR VEHICLE","res":"unsolved"},{"d":"2025-08-27","day":"Wed","time":"22:10","desc":"VEHICLE THEFT","res":"unsolved"}]}},{"type":"Feature","geometry":{"type":"Polygon","coordinates":[[[-86.87023114966065,36.18876289477311],[-86.86877155357291,36.190030513555214],[-86.86942027533094,36.191797460106656],[-86.87152867247615,36.19229680627025],[-86.87298830720752,36.19102917099507],[-86.87233950615091,36.18926220604987],[-86.87023114966065,36.18876289477311],[-86.87023114966065,36.18876289477311]]]},"properties":{"h3":"89264dc4b13ffff","count":1,"c3":0,"c6":0,"c12":0,"c24":1,"score":0.5,"risk":1,"peakDay":"Tuesday","peakTime":"morning","hood":"","bk12":{"morning":0,"afternoon":0,"evening":0,"night":0},"bk24":{"morning":1,"afternoon":0,"evening":0,"night":0},"recent":[{"d":"2025-09-30","day":"Tue","time":"09:00","desc":"BURGLARY- MOTOR VEHICLE","res":"unsolved"}]}},{"type":"Feature","geometry":{"type":"Polygon","coordinates":[[[-86.57051919759469,36.06734087012659],[-86.56906207864542,36.06860478161955],[-86.56970297707224,36.070371581752354],[-86.57180107361097,36.07087448929582],[-86.57325823182967,36.06961056145357],[-86.572617254241,36.06784374241765],[-86.57051919759469,36.06734087012659],[-86.57051919759469,36.06734087012659]]]},"properties":{"h3":"89264d16107ffff","count":2,"c3":0,"c6":0,"c12":0,"c24":2,"score":0.8,"risk":1,"peakDay":"Tuesday","peakTime":"afternoon","hood":"","bk12":{"morning":0,"afternoon":0,"evening":0,"night":0},"bk24":{"morning":1,"afternoon":1,"evening":0,"night":0},"recent":[{"d":"2025-09-30","day":"Tue","time":"12:45","desc":"LARC - PARTS FROM VEH","res":"unsolved"},{"d":"2025-04-10","day":"Thu","time":"08:00","desc":"VEHICLE THEFT","res":"unsolved"}]}},{"type":"Feature","geometry":{"type":"Polygon","coordinates":[[[-86.77248480838556,36.189761568545414],[-86.77102544051628,36.19102736178507],[-86.77167186358999,36.192793957009506],[-86.77377773385133,36.19329477755149],[-86.7752371406003,36.19202896789713],[-86.77459063820905,36.19026235411596],[-86.77248480838556,36.189761568545414],[-86.77248480838556,36.189761568545414]]]},"properties":{"h3":"89264d1318fffff","count":1,"c3":0,"c6":0,"c12":0,"c24":1,"score":0.5,"risk":1,"peakDay":"Tuesday","peakTime":"evening","hood":"","bk12":{"morning":0,"afternoon":0,"evening":0,"night":0},"bk24":{"morning":0,"afternoon":0,"evening":1,"night":0},"recent":[{"d":"2025-09-30","day":"Tue","time":"17:30","desc":"BURGLARY- MOTOR VEHICLE","res":"closed"}]}},{"type":"Feature","geometry":{"type":"Polygon","coordinates":[[[-86.82840561759448,36.16916888705473],[-86.82694640019022,36.17043603004653],[-86.82759401336449,36.172202981964894],[-86.82970092322006,36.17270280935715],[-86.83116017935417,36.17143564989008],[-86.83051248690366,36.169668679506515],[-86.82840561759448,36.16916888705473],[-86.82840561759448,36.16916888705473]]]},"properties":{"h3":"89264d11477ffff","count":1,"c3":0,"c6":0,"c12":0,"c24":1,"score":0.5,"risk":1,"peakDay":"Friday","peakTime":"morning","hood":"","bk12":{"morning":0,"afternoon":0,"evening":0,"night":0},"bk24":{"morning":1,"afternoon":0,"evening":0,"night":0},"recent":[{"d":"2025-10-03","day":"Fri","time":"08:52","desc":"BURGLARY - MOTOR VEHICLE","res":"unsolved"}]}},{"type":"Feature","geometry":{"type":"Polygon","coordinates":[[[-86.86877158928313,36.169056189742385],[-86.86731227427289,36.17032408173537],[-86.8679608382893,36.172091175926965],[-86.87006879658544,36.1725903965239],[-86.87152815022812,36.17132248802361],[-86.87087950694298,36.16955537543418],[-86.86877158928313,36.169056189742385],[-86.86877158928313,36.169056189742385]]]},"properties":{"h3":"89264d1a587ffff","count":1,"c3":0,"c6":0,"c12":0,"c24":1,"score":0.5,"risk":1,"peakDay":"Friday","peakTime":"evening","hood":"","bk12":{"morning":0,"afternoon":0,"evening":0,"night":0},"bk24":{"morning":0,"afternoon":0,"evening":1,"night":0},"recent":[{"d":"2025-10-03","day":"Fri","time":"17:30","desc":"LARC - PARTS FROM VEH","res":"unsolved"}]}},{"type":"Feature","geometry":{"type":"Polygon","coordinates":[[[-86.71878262698132,36.026918861657606],[-86.71732568580198,36.02818613506974],[-86.71796982944292,36.02995378305127],[-86.72007099334172,36.03045417628044],[-86.72152797340728,36.029186886368315],[-86.72088375068857,36.0274192197275],[-86.71878262698132,36.026918861657606],[-86.71878262698132,36.026918861657606]]]},"properties":{"h3":"89264d1522fffff","count":2,"c3":0,"c6":0,"c12":1,"c24":2,"score":1,"risk":1,"peakDay":"Saturday","peakTime":"night","hood":"","bk12":{"morning":0,"afternoon":0,"evening":0,"night":1},"bk24":{"morning":0,"afternoon":0,"evening":0,"night":2},"recent":[{"d":"2025-10-15","day":"Wed","time":"22:30","desc":"BURGLARY- MOTOR VEHICLE","res":"unsolved"},{"d":"2025-10-04","day":"Sat","time":"23:50","desc":"BURGLARY- MOTOR VEHICLE","res":"unsolved"}]}},{"type":"Feature","geometry":{"type":"Polygon","coordinates":[[[-86.7381983665679,36.01701146846048],[-86.73674151465892,36.01827925146084],[-86.73738605426028,36.02004704437714],[-86.73948752483098,36.02054707292122],[-86.74094441557239,36.019279273397586],[-86.74029979691147,36.01751146185366],[-86.7381983665679,36.01701146846048],[-86.7381983665679,36.01701146846048]]]},"properties":{"h3":"89264d02c43ffff","count":2,"c3":0,"c6":0,"c12":1,"c24":2,"score":1,"risk":1,"peakDay":"Monday","peakTime":"afternoon","hood":"","bk12":{"morning":0,"afternoon":0,"evening":0,"night":1},"bk24":{"morning":0,"afternoon":1,"evening":0,"night":1},"recent":[{"d":"2025-10-10","day":"Fri","time":"03:10","desc":"BURGLARY- MOTOR VEHICLE","res":"unsolved"},{"d":"2025-10-06","day":"Mon","time":"12:00","desc":"LARC - PARTS FROM VEH","res":"unsolved"}]}},{"type":"Feature","geometry":{"type":"Polygon","coordinates":[[[-86.7690459097188,36.22764797205884],[-86.76758601640162,36.22891312316036],[-86.76823259490985,36.23067941226426],[-86.77033914611229,36.23118056882629],[-86.77179907834591,36.22991540134239],[-86.77115242046146,36.22814909367931],[-86.7690459097188,36.22764797205884],[-86.7690459097188,36.22764797205884]]]},"properties":{"h3":"89264d89b0bffff","count":2,"c3":0,"c6":0,"c12":0,"c24":2,"score":0.9,"risk":1,"peakDay":"Tuesday","peakTime":"night","hood":"","bk12":{"morning":0,"afternoon":0,"evening":0,"night":0},"bk24":{"morning":0,"afternoon":1,"evening":0,"night":1},"recent":[{"d":"2025-10-07","day":"Tue","time":"00:00","desc":"BURGLARY- MOTOR VEHICLE","res":"unsolved"},{"d":"2025-07-27","day":"Sun","time":"14:09","desc":"VEHICLE THEFT","res":"unsolved"}]}},{"type":"Feature","geometry":{"type":"Polygon","coordinates":[[[-86.65972188593538,36.05963991163354],[-86.65826463848101,36.06090559456131],[-86.65890759298513,36.06267278058209],[-86.66100787408136,36.06317430243082],[-86.66246516058733,36.06190860307607],[-86.66182212694625,36.060141398300054],[-86.65972188593538,36.05963991163354],[-86.65972188593538,36.05963991163354]]]},"properties":{"h3":"89264d17327ffff","count":2,"c3":0,"c6":0,"c12":1,"c24":2,"score":1.1,"risk":1,"peakDay":"Tuesday","peakTime":"night","hood":"","bk12":{"morning":0,"afternoon":0,"evening":0,"night":1},"bk24":{"morning":0,"afternoon":0,"evening":0,"night":2},"recent":[{"d":"2026-01-05","day":"Mon","time":"00:01","desc":"BURGLARY - MOTOR VEHICLE","res":"unsolved"},{"d":"2025-10-07","day":"Tue","time":"02:35","desc":"BURGLARY- MOTOR VEHICLE","res":"unsolved"}]}},{"type":"Feature","geometry":{"type":"Polygon","coordinates":[[[-86.74846284925493,36.229198788972994],[-86.74700298610324,36.2304635348144],[-86.74764908859804,36.23222973889934],[-86.74975513362746,36.23273121573669],[-86.75121503574626,36.23146645353055],[-86.75056885386932,36.22970023085227],[-86.74846284925493,36.229198788972994],[-86.74846284925493,36.229198788972994]]]},"properties":{"h3":"89264d8997bffff","count":5,"c3":0,"c6":0,"c12":4,"c24":5,"score":2.6,"risk":3,"peakDay":"Thursday","peakTime":"evening","hood":"","bk12":{"morning":1,"afternoon":0,"evening":3,"night":0},"bk24":{"morning":1,"afternoon":0,"evening":4,"night":0},"sv12":2,"recent":[{"d":"2026-02-11","day":"Wed","time":"10:00","desc":"VEHICLE THEFT","res":"unsolved"},{"d":"2025-10-09","day":"Thu","time":"18:00","desc":"VEHICLE THEFT","res":"unsolved"},{"d":"2025-10-09","day":"Thu","time":"18:00","desc":"BURGLARY - MOTOR VEHICLE","res":"unsolved"},{"d":"2025-10-09","day":"Thu","time":"17:30","desc":"BURGLARY - MOTOR VEHICLE","res":"unsolved"},{"d":"2025-09-19","day":"Fri","time":"21:00","desc":"VEHICLE THEFT","res":"unsolved"}]}},{"type":"Feature","geometry":{"type":"Polygon","coordinates":[[[-86.74806136519533,36.01774332221636],[-86.74660447785779,36.019011276770534],[-86.74724925435272,36.02077909971111],[-86.749350997245,36.02127898670913],[-86.7508079233919,36.02001101562441],[-86.75016306783799,36.01824317407273],[-86.74806136519533,36.01774332221636],[-86.74806136519533,36.01774332221636]]]},"properties":{"h3":"89264d02e83ffff","count":1,"c3":0,"c6":0,"c12":1,"c24":1,"score":0.5,"risk":1,"peakDay":"Thursday","peakTime":"evening","hood":"","bk12":{"morning":0,"afternoon":0,"evening":1,"night":0},"bk24":{"morning":0,"afternoon":0,"evening":1,"night":0},"recent":[{"d":"2025-10-09","day":"Thu","time":"18:00","desc":"BURGLARY- MOTOR VEHICLE","res":"unsolved"}]}},{"type":"Feature","geometry":{"type":"Polygon","coordinates":[[[-86.59922313724046,36.209674157593405],[-86.59776393729247,36.21093643293682],[-86.59840639515966,36.21270225111186],[-86.60050813235127,36.21320581278741],[-86.60196737160847,36.2119435211837],[-86.60132483436561,36.2101776841652],[-86.59922313724046,36.209674157593405],[-86.59922313724046,36.209674157593405]]]},"properties":{"h3":"89264d8c697ffff","count":1,"c3":0,"c6":0,"c12":1,"c24":1,"score":0.5,"risk":1,"peakDay":"Saturday","peakTime":"night","hood":"","bk12":{"morning":0,"afternoon":0,"evening":0,"night":1},"bk24":{"morning":0,"afternoon":0,"evening":0,"night":1},"recent":[{"d":"2025-10-11","day":"Sat","time":"00:30","desc":"BURGLARY- MOTOR VEHICLE","res":"unsolved"}]}},{"type":"Feature","geometry":{"type":"Polygon","coordinates":[[[-86.58935785410016,36.208921925950065],[-86.58789869104594,36.21018402961067],[-86.58854091127041,36.211949817572375],[-86.59064237392585,36.21245352073389],[-86.59210157631217,36.21119140082032],[-86.59145927671177,36.209425593998695],[-86.58935785410016,36.208921925950065],[-86.58935785410016,36.208921925950065]]]},"properties":{"h3":"89264d8c457ffff","count":2,"c3":0,"c6":0,"c12":1,"c24":2,"score":1,"risk":1,"peakDay":"Saturday","peakTime":"night","hood":"","bk12":{"morning":0,"afternoon":0,"evening":0,"night":1},"bk24":{"morning":1,"afternoon":0,"evening":0,"night":1},"recent":[{"d":"2025-10-11","day":"Sat","time":"04:30","desc":"BURGLARY- MOTOR VEHICLE","res":"unsolved"},{"d":"2025-09-28","day":"Sun","time":"10:21","desc":"VEHICLE THEFT","res":"unsolved"}]}},{"type":"Feature","geometry":{"type":"Polygon","coordinates":[[[-86.81982439137909,36.150998808717134],[-86.81836545103114,36.15226606948347],[-86.81901274840291,36.154033131456345],[-86.82111906537341,36.154532951144425],[-86.82257804445824,36.153265673895405],[-86.82193066783648,36.1514985934415],[-86.81982439137909,36.150998808717134],[-86.81982439137909,36.150998808717134]]]},"properties":{"h3":"89264d110a7ffff","count":3,"c3":0,"c6":0,"c12":3,"c24":3,"score":1.6,"risk":2,"peakDay":"Sunday","peakTime":"night","hood":"","bk12":{"morning":0,"afternoon":1,"evening":0,"night":2},"bk24":{"morning":0,"afternoon":1,"evening":0,"night":2},"recent":[{"d":"2025-12-14","day":"Sun","time":"23:00","desc":"BURGLARY - MOTOR VEHICLE","res":"closed"},{"d":"2025-12-14","day":"Sun","time":"23:00","desc":"BURGLARY - MOTOR VEHICLE","res":"closed"},{"d":"2025-10-11","day":"Sat","time":"12:00","desc":"BURGLARY - MOTOR VEHICLE","res":"closed"}]}},{"type":"Feature","geometry":{"type":"Polygon","coordinates":[[[-86.66375668603183,36.1444931602047],[-86.66229823461305,36.145757627804315],[-86.66294181085259,36.14752418196417],[-86.66504391777772,36.1480262872666],[-86.66650240830248,36.146761803303654],[-86.66585875279691,36.1449952304021],[-86.66375668603183,36.1444931602047],[-86.66375668603183,36.1444931602047]]]},"properties":{"h3":"89264d12d33ffff","count":5,"c3":0,"c6":0,"c12":5,"c24":5,"score":2.5,"risk":3,"peakDay":"Sunday","peakTime":"night","hood":"","bk12":{"morning":0,"afternoon":0,"evening":0,"night":5},"bk24":{"morning":0,"afternoon":0,"evening":0,"night":5},"recent":[{"d":"2025-10-12","day":"Sun","time":"04:11","desc":"BURGLARY- MOTOR VEHICLE","res":"closed"},{"d":"2025-10-12","day":"Sun","time":"04:00","desc":"BURGLARY- MOTOR VEHICLE","res":"closed"},{"d":"2025-10-12","day":"Sun","time":"04:00","desc":"BURGLARY- MOTOR VEHICLE","res":"closed"},{"d":"2025-10-12","day":"Sun","time":"04:00","desc":"BURGLARY- MOTOR VEHICLE","res":"closed"},{"d":"2025-10-12","day":"Sun","time":"04:00","desc":"BURGLARY- MOTOR VEHICLE","res":"closed"}]}},{"type":"Feature","geometry":{"type":"Polygon","coordinates":[[[-86.64497680074658,36.0770939441581],[-86.64351934669003,36.0783590887141],[-86.6441620616954,36.08012608861406],[-86.64626230992397,36.080627962736905],[-86.6477198030804,36.07936280177953],[-86.64707700890915,36.077595783101145],[-86.64497680074658,36.0770939441581],[-86.64497680074658,36.0770939441581]]]},"properties":{"h3":"89264d1711bffff","count":1,"c3":0,"c6":0,"c12":1,"c24":1,"score":0.5,"risk":1,"peakDay":"Sunday","peakTime":"afternoon","hood":"","bk12":{"morning":0,"afternoon":1,"evening":0,"night":0},"bk24":{"morning":0,"afternoon":1,"evening":0,"night":0},"recent":[{"d":"2025-10-12","day":"Sun","time":"12:27","desc":"BURGLARY- MOTOR VEHICLE","res":"closed"}]}},{"type":"Feature","geometry":{"type":"Polygon","coordinates":[[[-86.70883973421802,36.28907011799487],[-86.70737912691146,36.2903332125023],[-86.70802466784329,36.29209880856933],[-86.71013089556304,36.29260132878331],[-86.71159154197693,36.29133821798948],[-86.71094592156449,36.28957260326858],[-86.70883973421802,36.28907011799487],[-86.70883973421802,36.28907011799487]]]},"properties":{"h3":"89264d881c3ffff","count":3,"c3":0,"c6":0,"c12":1,"c24":3,"score":1.4,"risk":1,"peakDay":"Monday","peakTime":"evening","hood":"","bk12":{"morning":0,"afternoon":0,"evening":1,"night":0},"bk24":{"morning":0,"afternoon":1,"evening":1,"night":1},"recent":[{"d":"2025-10-13","day":"Mon","time":"17:30","desc":"BURGLARY- MOTOR VEHICLE","res":"unsolved"},{"d":"2025-09-22","day":"Mon","time":"15:45","desc":"VEHICLE THEFT","res":"unsolved"},{"d":"2025-08-02","day":"Sat","time":"22:00","desc":"VEHICLE THEFT","res":"unsolved"}]}},{"type":"Feature","geometry":{"type":"Polygon","coordinates":[[[-86.73439562846863,36.206498906145136],[-86.7329361212127,36.207763737957244],[-86.73358175011899,36.20953006817228],[-86.73568696563167,36.21003158519446],[-86.73714651187134,36.20876673701111],[-86.73650080361539,36.207000388177306],[-86.73439562846863,36.206498906145136],[-86.73439562846863,36.206498906145136]]]},"properties":{"h3":"89264d120dbffff","count":2,"c3":0,"c6":0,"c12":1,"c24":2,"score":0.9,"risk":1,"peakDay":"Monday","peakTime":"evening","hood":"","bk12":{"morning":0,"afternoon":0,"evening":1,"night":0},"bk24":{"morning":1,"afternoon":0,"evening":1,"night":0},"recent":[{"d":"2025-10-13","day":"Mon","time":"19:40","desc":"BURGLARY- MOTOR VEHICLE","res":"closed"},{"d":"2025-07-18","day":"Fri","time":"08:00","desc":"VEHICLE OFFENSE, CRIMINAL ATTEMPT","res":"closed"}]}},{"type":"Feature","geometry":{"type":"Polygon","coordinates":[[[-86.70038373628329,36.008006882226425],[-86.69892710791926,36.00927410114488],[-86.69957070075324,36.01104182503966],[-86.70167100100393,36.0115423487078],[-86.70312766828384,36.01027511328904],[-86.70248399639796,36.00850737070293],[-86.70038373628329,36.008006882226425],[-86.70038373628329,36.008006882226425]]]},"properties":{"h3":"89264d02d97ffff","count":1,"c3":0,"c6":0,"c12":1,"c24":1,"score":0.5,"risk":1,"peakDay":"Wednesday","peakTime":"evening","hood":"","bk12":{"morning":0,"afternoon":0,"evening":1,"night":0},"bk24":{"morning":0,"afternoon":0,"evening":1,"night":0},"recent":[{"d":"2025-10-22","day":"Wed","time":"19:00","desc":"LARC - PARTS FROM VEH","res":"unsolved"}]}},{"type":"Feature","geometry":{"type":"Polygon","coordinates":[[[-86.76835861803399,36.26779144850176],[-86.76689815994806,36.26905597289336],[-86.76754497312693,36.27082194647294],[-86.7696523238305,36.27132341421814],[-86.77111282086472,36.270058873476],[-86.7704659282479,36.268292881339704],[-86.76835861803399,36.26779144850176],[-86.76835861803399,36.26779144850176]]]},"properties":{"h3":"89264d89eb3ffff","count":3,"c3":0,"c6":0,"c12":1,"c24":3,"score":1.4,"risk":1,"peakDay":"Wednesday","peakTime":"night","hood":"","bk12":{"morning":0,"afternoon":0,"evening":1,"night":0},"bk24":{"morning":0,"afternoon":0,"evening":1,"night":2},"recent":[{"d":"2025-10-29","day":"Wed","time":"19:28","desc":"BURGLARY- MOTOR VEHICLE","res":"unsolved"},{"d":"2025-09-08","day":"Mon","time":"22:00","desc":"VEHICLE THEFT","res":"unsolved"},{"d":"2025-07-20","day":"Sun","time":"00:00","desc":"VEHICLE THEFT","res":"unsolved"}]}},{"type":"Feature","geometry":{"type":"Polygon","coordinates":[[[-86.69081054448245,36.218679367575156],[-86.68935097733969,36.21994320502796],[-86.6899956535557,36.22170928495692],[-86.69209997629069,36.22221154612386],[-86.6935595825308,36.22094769234421],[-86.69291482693934,36.21918159372495],[-86.69081054448245,36.218679367575156],[-86.69081054448245,36.218679367575156]]]},"properties":{"h3":"89264d88b33ffff","count":13,"c3":0,"c6":0,"c12":11,"c24":13,"score":6.8,"risk":7,"peakDay":"Monday","peakTime":"night","hood":"","bk12":{"morning":2,"afternoon":1,"evening":0,"night":8},"bk24":{"morning":2,"afternoon":1,"evening":0,"night":10},"recent":[{"d":"2025-11-10","day":"Mon","time":"05:20","desc":"BURGLARY - MOTOR VEHICLE","res":"unsolved"},{"d":"2025-11-10","day":"Mon","time":"05:20","desc":"BURGLARY - MOTOR VEHICLE","res":"unsolved"},{"d":"2025-11-10","day":"Mon","time":"04:00","desc":"BURGLARY - MOTOR VEHICLE","res":"unsolved"},{"d":"2025-11-10","day":"Mon","time":"04:00","desc":"BURGLARY - MOTOR VEHICLE","res":"unsolved"},{"d":"2025-11-10","day":"Mon","time":"04:00","desc":"BURGLARY - MOTOR VEHICLE","res":"unsolved"},{"d":"2025-11-10","day":"Mon","time":"04:00","desc":"BURGLARY - MOTOR VEHICLE","res":"unsolved"},{"d":"2025-11-10","day":"Mon","time":"04:00","desc":"BURGLARY - MOTOR VEHICLE","res":"unsolved"},{"d":"2025-11-10","day":"Mon","time":"04:00","desc":"BURGLARY - MOTOR VEHICLE","res":"unsolved"},{"d":"2025-11-10","day":"Mon","time":"04:00","desc":"BURGLARY - MOTOR VEHICLE","res":"unsolved"},{"d":"2025-11-05","day":"Wed","time":"16:56","desc":"BURGLARY- MOTOR VEHICLE","res":"unsolved"}]}},{"type":"Feature","geometry":{"type":"Polygon","coordinates":[[[-86.7150515865871,36.253480666539865],[-86.71359146598061,36.254744421418664],[-86.71423693141992,36.25651031760966],[-86.71634259689148,36.25701247756918],[-86.7178027565635,36.25574870637127],[-86.71715721169925,36.25398279153347],[-86.7150515865871,36.253480666539865],[-86.7150515865871,36.253480666539865]]]},"properties":{"h3":"89264d88e63ffff","count":8,"c3":0,"c6":0,"c12":8,"c24":8,"score":4.2,"risk":4,"peakDay":"Thursday","peakTime":"night","hood":"","bk12":{"morning":0,"afternoon":0,"evening":0,"night":8},"bk24":{"morning":0,"afternoon":0,"evening":0,"night":8},"recent":[{"d":"2025-10-30","day":"Thu","time":"22:00","desc":"BURGLARY- MOTOR VEHICLE","res":"closed"},{"d":"2025-10-30","day":"Thu","time":"22:00","desc":"BURGLARY- MOTOR VEHICLE","res":"closed"},{"d":"2025-10-30","day":"Thu","time":"22:00","desc":"BURGLARY- MOTOR VEHICLE","res":"closed"},{"d":"2025-10-30","day":"Thu","time":"22:00","desc":"BURGLARY- MOTOR VEHICLE","res":"closed"},{"d":"2025-10-30","day":"Thu","time":"22:00","desc":"BURGLARY- MOTOR VEHICLE","res":"closed"},{"d":"2025-10-30","day":"Thu","time":"22:00","desc":"BURGLARY- MOTOR VEHICLE","res":"closed"},{"d":"2025-10-30","day":"Thu","time":"22:00","desc":"BURGLARY- MOTOR VEHICLE","res":"closed"},{"d":"2025-10-30","day":"Thu","time":"22:00","desc":"BURGLARY- MOTOR VEHICLE","res":"closed"}]}},{"type":"Feature","geometry":{"type":"Polygon","coordinates":[[[-86.8120585556744,36.129793002958394],[-86.81059993301612,36.13106044255286],[-86.81124691496623,36.13282764032461],[-86.81335259879435,36.13332741699809],[-86.81481126019237,36.13205996091051],[-86.81416419902331,36.130292744643036],[-86.8120585556744,36.129793002958394],[-86.8120585556744,36.129793002958394]]]},"properties":{"h3":"89264d1112bffff","count":1,"c3":0,"c6":0,"c12":1,"c24":1,"score":0.5,"risk":1,"peakDay":"Sunday","peakTime":"morning","hood":"","bk12":{"morning":1,"afternoon":0,"evening":0,"night":0},"bk24":{"morning":1,"afternoon":0,"evening":0,"night":0},"recent":[{"d":"2025-11-02","day":"Sun","time":"06:58","desc":"BURGLARY - MOTOR VEHICLE","res":"closed"}]}},{"type":"Feature","geometry":{"type":"Polygon","coordinates":[[[-86.74980455901789,36.048830318923],[-86.74834723090984,36.0500978349069],[-86.74899224158405,36.05186542888696],[-86.75109465947317,36.05236552548951],[-86.75255202640967,36.051097992998244],[-86.7519069366294,36.04933038041228],[-86.74980455901789,36.048830318923],[-86.74980455901789,36.048830318923]]]},"properties":{"h3":"89264d0257bffff","count":2,"c3":0,"c6":0,"c12":2,"c24":2,"score":1.1,"risk":1,"peakDay":"Tuesday","peakTime":"afternoon","hood":"","bk12":{"morning":0,"afternoon":2,"evening":0,"night":0},"bk24":{"morning":0,"afternoon":2,"evening":0,"night":0},"recent":[{"d":"2025-11-04","day":"Tue","time":"14:00","desc":"BURGLARY- MOTOR VEHICLE","res":"unsolved"},{"d":"2025-11-04","day":"Tue","time":"14:00","desc":"BURGLARY- MOTOR VEHICLE","res":"unsolved"}]}},{"type":"Feature","geometry":{"type":"Polygon","coordinates":[[[-86.60062807835376,36.22935252998115],[-86.59916859701691,36.23061453046004],[-86.59981121030918,36.23238020165276],[-86.60191338434478,36.232883891206434],[-86.60337290500247,36.23162187448149],[-86.60273021230456,36.229856184449424],[-86.60062807835376,36.22935252998115],[-86.60062807835376,36.22935252998115]]]},"properties":{"h3":"89264d8f18bffff","count":1,"c3":0,"c6":0,"c12":1,"c24":1,"score":0.5,"risk":1,"peakDay":"Wednesday","peakTime":"morning","hood":"","bk12":{"morning":1,"afternoon":0,"evening":0,"night":0},"bk24":{"morning":1,"afternoon":0,"evening":0,"night":0},"recent":[{"d":"2025-11-05","day":"Wed","time":"05:45","desc":"BURGLARY- MOTOR VEHICLE","res":"unsolved"}]}},{"type":"Feature","geometry":{"type":"Polygon","coordinates":[[[-86.84917117153736,36.07887557376192],[-86.84771317278849,36.08014447354629],[-86.84836071153508,36.08191219242073],[-86.85046632816594,36.082411029949036],[-86.85192436552731,36.08114211360214],[-86.85127674764615,36.07937437628997],[-86.84917117153736,36.07887557376192],[-86.84917117153736,36.07887557376192]]]},"properties":{"h3":"89264d03693ffff","count":1,"c3":0,"c6":0,"c12":1,"c24":1,"score":0.5,"risk":1,"peakDay":"Friday","peakTime":"afternoon","hood":"","bk12":{"morning":0,"afternoon":1,"evening":0,"night":0},"bk24":{"morning":0,"afternoon":1,"evening":0,"night":0},"recent":[{"d":"2025-11-21","day":"Fri","time":"12:00","desc":"BURGLARY- MOTOR VEHICLE","res":"unsolved"}]}},{"type":"Feature","geometry":{"type":"Polygon","coordinates":[[[-86.69518916157178,36.214887576885026],[-86.69372963660021,36.21615155350218],[-86.69437439254436,36.21791767852327],[-86.69647875282988,36.218419845611045],[-86.69793831688544,36.21715585266055],[-86.69729348157233,36.215389708956124],[-86.69518916157178,36.214887576885026],[-86.69518916157178,36.214887576885026]]]},"properties":{"h3":"89264d88b2bffff","count":1,"c3":0,"c6":0,"c12":1,"c24":1,"score":0.6,"risk":1,"peakDay":"Sunday","peakTime":"night","hood":"","bk12":{"morning":0,"afternoon":0,"evening":0,"night":1},"bk24":{"morning":0,"afternoon":0,"evening":0,"night":1},"recent":[{"d":"2025-11-30","day":"Sun","time":"03:00","desc":"BURGLARY - MOTOR VEHICLE","res":"closed"}]}},{"type":"Feature","geometry":{"type":"Polygon","coordinates":[[[-86.86066223979768,36.19940211003593],[-86.85920251719497,36.20066938947285],[-86.85985107996486,36.20243622004378],[-86.86195944465487,36.20293578958712],[-86.86341920593227,36.201668493673004],[-86.86277056384576,36.19990164469325],[-86.86066223979768,36.19940211003593],[-86.86066223979768,36.19940211003593]]]},"properties":{"h3":"89264dc4823ffff","count":2,"c3":0,"c6":0,"c12":1,"c24":2,"score":1,"risk":1,"peakDay":"Monday","peakTime":"night","hood":"","bk12":{"morning":0,"afternoon":0,"evening":0,"night":1},"bk24":{"morning":0,"afternoon":1,"evening":0,"night":1},"recent":[{"d":"2025-12-01","day":"Mon","time":"00:00","desc":"LARC - PARTS FROM VEH","res":"unsolved"},{"d":"2025-07-24","day":"Thu","time":"15:48","desc":"VEHICLE THEFT","res":"unsolved"}]}},{"type":"Feature","geometry":{"type":"Polygon","coordinates":[[[-86.70109497249095,36.267881886598396],[-86.6996346843941,36.26914516207672],[-86.70027991017848,36.270910896153005],[-86.7023855035098,36.27141337342014],[-86.70384583071655,36.27015008164512],[-86.70320052548286,36.26838432890013],[-86.70109497249095,36.267881886598396],[-86.70109497249095,36.267881886598396]]]},"properties":{"h3":"89264d88e97ffff","count":8,"c3":0,"c6":0,"c12":3,"c24":8,"score":3.8,"risk":4,"peakDay":"Monday","peakTime":"evening","hood":"","bk12":{"morning":1,"afternoon":0,"evening":1,"night":1},"bk24":{"morning":2,"afternoon":2,"evening":3,"night":1},"sv12":2,"recent":[{"d":"2026-02-26","day":"Thu","time":"20:00","desc":"VEHICLE THEFT","res":"unsolved"},{"d":"2025-12-01","day":"Mon","time":"08:00","desc":"LARC - PARTS FROM VEH","res":"unsolved"},{"d":"2025-10-23","day":"Thu","time":"04:30","desc":"VEHICLE THEFT","res":"unsolved"},{"d":"2025-09-16","day":"Tue","time":"20:00","desc":"VEHICLE THEFT","res":"unsolved"},{"d":"2025-09-15","day":"Mon","time":"05:17","desc":"VEHICLE THEFT","res":"unsolved"},{"d":"2025-07-14","day":"Mon","time":"16:00","desc":"VEHICLE THEFT","res":"unsolved"},{"d":"2025-06-28","day":"Sat","time":"15:00","desc":"VEHICLE THEFT","res":"unsolved"},{"d":"2024-12-14","day":"Sat","time":"17:50","desc":"VEHICLE THEFT","res":"unsolved"}]}},{"type":"Feature","geometry":{"type":"Polygon","coordinates":[[[-86.74736748422153,36.057935387829474],[-86.74591003445242,36.059202720643064],[-86.74655504428735,36.06097023677777],[-86.74865758301257,36.06147043870864],[-86.7501150716228,36.06020308939679],[-86.74946998266749,36.058435554652824],[-86.74736748422153,36.057935387829474],[-86.74736748422153,36.057935387829474]]]},"properties":{"h3":"89264d025cfffff","count":3,"c3":0,"c6":0,"c12":3,"c24":3,"score":1.7,"risk":2,"peakDay":"Friday","peakTime":"evening","hood":"","bk12":{"morning":1,"afternoon":0,"evening":2,"night":0},"bk24":{"morning":1,"afternoon":0,"evening":2,"night":0},"recent":[{"d":"2025-12-05","day":"Fri","time":"21:30","desc":"BURGLARY- MOTOR VEHICLE","res":"unsolved"},{"d":"2025-12-05","day":"Fri","time":"21:30","desc":"BURGLARY- MOTOR VEHICLE","res":"unsolved"},{"d":"2025-12-04","day":"Thu","time":"11:37","desc":"BURGLARY- MOTOR VEHICLE","res":"unsolved"}]}},{"type":"Feature","geometry":{"type":"Polygon","coordinates":[[[-86.82985691179856,36.188872065381034],[-86.82839741330015,36.19013893498267],[-86.8290451838517,36.19190573948153],[-86.83115253220858,36.19240569284039],[-86.83261206944803,36.191138806777744],[-86.83196421959035,36.18937198381774],[-86.82985691179856,36.188872065381034],[-86.82985691179856,36.188872065381034]]]},"properties":{"h3":"89264d1326bffff","count":2,"c3":0,"c6":0,"c12":1,"c24":2,"score":0.9,"risk":1,"peakDay":"Thursday","peakTime":"afternoon","hood":"","bk12":{"morning":0,"afternoon":1,"evening":0,"night":0},"bk24":{"morning":0,"afternoon":1,"evening":0,"night":1},"recent":[{"d":"2025-12-04","day":"Thu","time":"12:00","desc":"BURGLARY- MOTOR VEHICLE","res":"unsolved"},{"d":"2025-05-16","day":"Fri","time":"23:00","desc":"VEHICLE THEFT","res":"unsolved"}]}},{"type":"Feature","geometry":{"type":"Polygon","coordinates":[[[-86.6101508698483,36.04456389019273],[-86.60869396495193,36.045828882687736],[-86.60933565725824,36.04759600109821],[-86.61143433358315,36.04809814585309],[-86.61289127763769,36.04683313695891],[-86.61224950620996,36.0450659997095],[-86.6101508698483,36.04456389019273],[-86.6101508698483,36.04456389019273]]]},"properties":{"h3":"89264d14557ffff","count":1,"c3":0,"c6":0,"c12":1,"c24":1,"score":0.6,"risk":1,"peakDay":"Saturday","peakTime":"night","hood":"","bk12":{"morning":0,"afternoon":0,"evening":0,"night":1},"bk24":{"morning":0,"afternoon":0,"evening":0,"night":1},"recent":[{"d":"2025-12-13","day":"Sat","time":"00:27","desc":"BURGLARY- MOTOR VEHICLE","res":"closed"}]}},{"type":"Feature","geometry":{"type":"Polygon","coordinates":[[[-86.84899213811192,36.167596934620036],[-86.84753289208493,36.16886448270656],[-86.84818098074423,36.17063151902286],[-86.85028839470148,36.17113102568412],[-86.85174767940755,36.1698634611048],[-86.85109951147813,36.16809640635751],[-86.84899213811192,36.167596934620036],[-86.84899213811192,36.167596934620036]]]},"properties":{"h3":"89264d11607ffff","count":6,"c3":0,"c6":0,"c12":6,"c24":6,"score":3.5,"risk":4,"peakDay":"Tuesday","peakTime":"afternoon","hood":"","bk12":{"morning":0,"afternoon":3,"evening":3,"night":0},"bk24":{"morning":0,"afternoon":3,"evening":3,"night":0},"recent":[{"d":"2026-01-14","day":"Wed","time":"16:56","desc":"BURGLARY- MOTOR VEHICLE","res":"unsolved"},{"d":"2026-01-13","day":"Tue","time":"21:20","desc":"BURGLARY- MOTOR VEHICLE","res":"unsolved"},{"d":"2026-01-13","day":"Tue","time":"21:20","desc":"BURGLARY- MOTOR VEHICLE","res":"unsolved"},{"d":"2026-01-13","day":"Tue","time":"21:20","desc":"BURGLARY- MOTOR VEHICLE","res":"unsolved"},{"d":"2025-12-13","day":"Sat","time":"14:30","desc":"BURGLARY- MOTOR VEHICLE","res":"unsolved"},{"d":"2025-12-13","day":"Sat","time":"14:30","desc":"BURGLARY- MOTOR VEHICLE","res":"unsolved"}]}},{"type":"Feature","geometry":{"type":"Polygon","coordinates":[[[-86.6407426600692,36.017988375624796],[-86.63928604734554,36.01925433821041],[-86.63992829645758,36.02102176927147],[-86.64202723737041,36.0215232565374],[-86.64348388915948,36.02025727750707],[-86.64284156097109,36.01848982765599],[-86.6407426600692,36.017988375624796],[-86.6407426600692,36.017988375624796]]]},"properties":{"h3":"89264d14357ffff","count":2,"c3":0,"c6":0,"c12":1,"c24":2,"score":1,"risk":1,"peakDay":"Sunday","peakTime":"afternoon","hood":"","bk12":{"morning":0,"afternoon":1,"evening":0,"night":0},"bk24":{"morning":0,"afternoon":1,"evening":0,"night":1},"recent":[{"d":"2025-12-14","day":"Sun","time":"16:00","desc":"BURGLARY- MOTOR VEHICLE","res":"unsolved"},{"d":"2025-09-13","day":"Sat","time":"01:00","desc":"VEHICLE THEFT","res":"unsolved"}]}},{"type":"Feature","geometry":{"type":"Polygon","coordinates":[[[-86.82820868143341,36.257831054907996],[-86.8267482146678,36.259096840940906],[-86.8273963778747,36.26086310262713],[-86.82950508726019,36.2613635967388],[-86.83096559282248,36.26009779429994],[-86.83031735020343,36.25833151415588],[-86.82820868143341,36.257831054907996],[-86.82820868143341,36.257831054907996]]]},"properties":{"h3":"89264dc6813ffff","count":1,"c3":0,"c6":0,"c12":1,"c24":1,"score":0.6,"risk":1,"peakDay":"Wednesday","peakTime":"morning","hood":"","bk12":{"morning":1,"afternoon":0,"evening":0,"night":0},"bk24":{"morning":1,"afternoon":0,"evening":0,"night":0},"recent":[{"d":"2025-12-24","day":"Wed","time":"09:30","desc":"BURGLARY- MOTOR VEHICLE","res":"unsolved"}]}},{"type":"Feature","geometry":{"type":"Polygon","coordinates":[[[-86.76922753896422,36.03891985132533],[-86.7677703007282,36.04018787712243],[-86.76841570742148,36.04195561591614],[-86.77051843143927,36.04245534748749],[-86.77197570844989,36.04118730515978],[-86.77133022266888,36.039419547791816],[-86.76922753896422,36.03891985132533],[-86.76922753896422,36.03891985132533]]]},"properties":{"h3":"89264d02067ffff","count":4,"c3":0,"c6":0,"c12":3,"c24":4,"score":2.2,"risk":2,"peakDay":"Wednesday","peakTime":"night","hood":"","bk12":{"morning":0,"afternoon":0,"evening":1,"night":2},"bk24":{"morning":0,"afternoon":0,"evening":1,"night":3},"recent":[{"d":"2025-12-24","day":"Wed","time":"22:15","desc":"BURGLARY - MOTOR VEHICLE","res":"unsolved"},{"d":"2025-12-24","day":"Wed","time":"22:15","desc":"BURGLARY - MOTOR VEHICLE","res":"unsolved"},{"d":"2025-12-24","day":"Wed","time":"21:00","desc":"BURGLARY- MOTOR VEHICLE","res":"unsolved"},{"d":"2025-07-31","day":"Thu","time":"03:10","desc":"VEHICLE THEFT","res":"unsolved"}]}},{"type":"Feature","geometry":{"type":"Polygon","coordinates":[[[-86.7494941154334,36.037456789634426],[-86.74803694779229,36.038724472213],[-86.74868188048127,36.04049215126025],[-86.75078405990098,36.04099216633667],[-86.75224126636276,36.039724467241975],[-86.75159625458498,36.03795676958746],[-86.7494941154334,36.037456789634426],[-86.7494941154334,36.037456789634426]]]},"properties":{"h3":"89264d021c7ffff","count":1,"c3":0,"c6":0,"c12":1,"c24":1,"score":0.6,"risk":1,"peakDay":"Sunday","peakTime":"morning","hood":"","bk12":{"morning":1,"afternoon":0,"evening":0,"night":0},"bk24":{"morning":1,"afternoon":0,"evening":0,"night":0},"recent":[{"d":"2025-12-28","day":"Sun","time":"06:55","desc":"BURGLARY- MOTOR VEHICLE","res":"unsolved"}]}},{"type":"Feature","geometry":{"type":"Polygon","coordinates":[[[-86.80884821304622,36.07900008482477],[-86.8073903124543,36.08026823648687],[-86.80803690204719,36.08203581181038],[-86.81014147137478,36.08253525397732],[-86.81159941067622,36.08126708578474],[-86.81095274194136,36.07949949195616],[-86.80884821304622,36.07900008482477],[-86.80884821304622,36.07900008482477]]]},"properties":{"h3":"89264d11b0bffff","count":1,"c3":0,"c6":0,"c12":1,"c24":1,"score":0.6,"risk":1,"peakDay":"Monday","peakTime":"afternoon","hood":"","bk12":{"morning":0,"afternoon":1,"evening":0,"night":0},"bk24":{"morning":0,"afternoon":1,"evening":0,"night":0},"recent":[{"d":"2025-12-29","day":"Mon","time":"12:00","desc":"BURGLARY- MOTOR VEHICLE","res":"unsolved"}]}},{"type":"Feature","geometry":{"type":"Polygon","coordinates":[[[-86.7498986077958,36.24888804145958],[-86.74843846319469,36.25015251286265],[-86.74908472252574,36.25191856874951],[-86.75119120587082,36.25242017182296],[-86.75265138945039,36.25115568406937],[-86.75200505070723,36.24938960959332],[-86.7498986077958,36.24888804145958],[-86.7498986077958,36.24888804145958]]]},"properties":{"h3":"89264d898a3ffff","count":2,"c3":0,"c6":0,"c12":2,"c24":2,"score":1.2,"risk":1,"peakDay":"Thursday","peakTime":"afternoon","hood":"","bk12":{"morning":0,"afternoon":1,"evening":0,"night":1},"bk24":{"morning":0,"afternoon":1,"evening":0,"night":1},"sv12":1,"recent":[{"d":"2026-02-18","day":"Wed","time":"23:16","desc":"VEHICLE THEFT","res":"unsolved"},{"d":"2026-01-01","day":"Thu","time":"15:00","desc":"LARC - PARTS FROM VEH","res":"unsolved"}]}},{"type":"Feature","geometry":{"type":"Polygon","coordinates":[[[-86.59097351600343,36.028678311064745],[-86.58951688534816,36.02994318877683],[-86.59015802721403,36.03171035616219],[-86.59225587883589,36.032212664708034],[-86.59371254868282,36.030947770599596],[-86.593071327717,36.02918058434216],[-86.59097351600343,36.028678311064745],[-86.59097351600343,36.028678311064745]]]},"properties":{"h3":"89264d16a57ffff","count":9,"c3":0,"c6":0,"c12":6,"c24":9,"score":4.9,"risk":5,"peakDay":"Friday","peakTime":"night","hood":"","bk12":{"morning":1,"afternoon":0,"evening":2,"night":3},"bk24":{"morning":2,"afternoon":1,"evening":2,"night":4},"sv12":2,"recent":[{"d":"2026-01-24","day":"Sat","time":"19:50","desc":"BURGLARY- MOTOR VEHICLE","res":"unsolved"},{"d":"2026-01-18","day":"Sun","time":"00:00","desc":"VEHICLE THEFT","res":"unsolved"},{"d":"2026-01-14","day":"Wed","time":"11:00","desc":"BURGLARY - MOTOR VEHICLE","res":"unsolved"},{"d":"2026-01-02","day":"Fri","time":"22:00","desc":"BURGLARY- MOTOR VEHICLE","res":"unsolved"},{"d":"2026-01-02","day":"Fri","time":"20:00","desc":"BURGLARY - MOTOR VEHICLE","res":"unsolved"},{"d":"2025-12-14","day":"Sun","time":"02:20","desc":"VEHICLE THEFT","res":"unsolved"},{"d":"2025-08-11","day":"Mon","time":"05:00","desc":"VEHICLE THEFT","res":"unsolved"},{"d":"2025-08-01","day":"Fri","time":"12:00","desc":"VEHICLE THEFT","res":"unsolved"},{"d":"2025-07-11","day":"Fri","time":"23:50","desc":"VEHICLE THEFT","res":"unsolved"}]}},{"type":"Feature","geometry":{"type":"Polygon","coordinates":[[[-86.67039457577451,36.057346681184015],[-86.66893733264853,36.05861259675009],[-86.66958052455841,36.06037983901898],[-86.6716810387269,36.060881184459916],[-86.67313832087733,36.05961525245652],[-86.67249504983559,36.05784799145],[-86.67039457577451,36.057346681184015],[-86.67039457577451,36.057346681184015]]]},"properties":{"h3":"89264d1559bffff","count":1,"c3":0,"c6":0,"c12":1,"c24":1,"score":0.6,"risk":1,"peakDay":"Saturday","peakTime":"afternoon","hood":"","bk12":{"morning":0,"afternoon":1,"evening":0,"night":0},"bk24":{"morning":0,"afternoon":1,"evening":0,"night":0},"recent":[{"d":"2026-01-03","day":"Sat","time":"14:30","desc":"BURGLARY- MOTOR VEHICLE","res":"unsolved"}]}},{"type":"Feature","geometry":{"type":"Polygon","coordinates":[[[-86.82052069516882,36.04786824355067],[-86.81906320271275,36.0491370831962],[-86.81970987333754,36.05090493699781],[-86.82181411551166,36.05140396964233],[-86.82327164662603,36.05013511343255],[-86.82262489690879,36.048367241143],[-86.82052069516882,36.04786824355067],[-86.82052069516882,36.04786824355067]]]},"properties":{"h3":"89264d031d3ffff","count":1,"c3":0,"c6":0,"c12":1,"c24":1,"score":0.6,"risk":1,"peakDay":"Saturday","peakTime":"night","hood":"","bk12":{"morning":0,"afternoon":0,"evening":0,"night":1},"bk24":{"morning":0,"afternoon":0,"evening":0,"night":1},"recent":[{"d":"2026-01-03","day":"Sat","time":"22:00","desc":"BURGLARY- MOTOR VEHICLE","res":"unsolved"}]}},{"type":"Feature","geometry":{"type":"Polygon","coordinates":[[[-86.79807543361342,36.207134454859926],[-86.7966157567225,36.20840045718957],[-86.79726289191173,36.210167008226385],[-86.79936978333242,36.210667575446635],[-86.8008294990546,36.209401556695504],[-86.8001822845256,36.2076349871461],[-86.79807543361342,36.207134454859926],[-86.79807543361342,36.207134454859926]]]},"properties":{"h3":"89264d130c7ffff","count":11,"c3":0,"c6":0,"c12":7,"c24":11,"score":5.7,"risk":6,"peakDay":"Monday","peakTime":"evening","hood":"","bk12":{"morning":1,"afternoon":0,"evening":4,"night":2},"bk24":{"morning":1,"afternoon":0,"evening":6,"night":4},"sv12":2,"recent":[{"d":"2026-02-15","day":"Sun","time":"08:00","desc":"LARC - PARTS FROM VEH","res":"unsolved"},{"d":"2026-02-02","day":"Mon","time":"21:10","desc":"VEHICLE THEFT","res":"unsolved"},{"d":"2026-01-05","day":"Mon","time":"21:00","desc":"BURGLARY- MOTOR VEHICLE","res":"unsolved"},{"d":"2026-01-05","day":"Mon","time":"21:00","desc":"BURGLARY- MOTOR VEHICLE","res":"unsolved"},{"d":"2026-01-05","day":"Mon","time":"04:20","desc":"BURGLARY- MOTOR VEHICLE","res":"unsolved"},{"d":"2026-01-05","day":"Mon","time":"04:20","desc":"BURGLARY- MOTOR VEHICLE","res":"unsolved"},{"d":"2025-10-14","day":"Tue","time":"19:30","desc":"VEHICLE THEFT","res":"unsolved"},{"d":"2025-10-04","day":"Sat","time":"23:00","desc":"VEHICLE THEFT","res":"unsolved"},{"d":"2025-09-30","day":"Tue","time":"20:00","desc":"THEFT OF VEHICLE-2,500 OR > BUT<$10,000","res":"unsolved"},{"d":"2025-03-14","day":"Fri","time":"21:00","desc":"VEHICLE THEFT","res":"unsolved"}]}},{"type":"Feature","geometry":{"type":"Polygon","coordinates":[[[-86.63921302959574,36.198290309756324],[-86.63775388446332,36.19955350137572],[-86.63839721579699,36.20131955284357],[-86.64049977161606,36.20182243147047],[-86.64195895595374,36.200559223549675],[-86.64131554526783,36.19879315330387],[-86.63921302959574,36.198290309756324],[-86.63921302959574,36.198290309756324]]]},"properties":{"h3":"89264d8d557ffff","count":1,"c3":0,"c6":0,"c12":1,"c24":1,"score":0.6,"risk":1,"peakDay":"Monday","peakTime":"morning","hood":"","bk12":{"morning":1,"afternoon":0,"evening":0,"night":0},"bk24":{"morning":1,"afternoon":0,"evening":0,"night":0},"recent":[{"d":"2026-01-05","day":"Mon","time":"08:30","desc":"BURGLARY- MOTOR VEHICLE","res":"unsolved"}]}},{"type":"Feature","geometry":{"type":"Polygon","coordinates":[[[-86.89989606124344,36.128007853956966],[-86.89843724821371,36.12927694626594],[-86.899086288821,36.13104446589963],[-86.90119422165894,36.13154291157402],[-86.90265307321549,36.13027380270104],[-86.9020039534081,36.12850626471817],[-86.89989606124344,36.128007853956966],[-86.89989606124344,36.128007853956966]]]},"properties":{"h3":"89264d1a327ffff","count":3,"c3":0,"c6":0,"c12":2,"c24":3,"score":1.5,"risk":1,"peakDay":"Thursday","peakTime":"evening","hood":"","bk12":{"morning":0,"afternoon":0,"evening":1,"night":1},"bk24":{"morning":0,"afternoon":0,"evening":2,"night":1},"recent":[{"d":"2026-01-09","day":"Fri","time":"17:00","desc":"BURGLARY- MOTOR VEHICLE","res":"unsolved"},{"d":"2026-01-08","day":"Thu","time":"23:00","desc":"BURGLARY- MOTOR VEHICLE","res":"unsolved"},{"d":"2024-12-05","day":"Thu","time":"21:10","desc":"VEHICLE THEFT","res":"unsolved"}]}},{"type":"Feature","geometry":{"type":"Polygon","coordinates":[[[-86.704248832633,36.118668515745824],[-86.70279063962782,36.11993412725692],[-86.70343501050647,36.121701025462926],[-86.70553765361122,36.12220233083472],[-86.70699588560618,36.1209367029076],[-86.7063514355074,36.119169786025196],[-86.704248832633,36.118668515745824],[-86.704248832633,36.118668515745824]]]},"properties":{"h3":"89264d12b73ffff","count":1,"c3":0,"c6":0,"c12":1,"c24":1,"score":0.6,"risk":1,"peakDay":"Saturday","peakTime":"night","hood":"","bk12":{"morning":0,"afternoon":0,"evening":0,"night":1},"bk24":{"morning":0,"afternoon":0,"evening":0,"night":1},"recent":[{"d":"2026-01-10","day":"Sat","time":"23:02","desc":"BURGLARY- MOTOR VEHICLE","res":"closed"}]}},{"type":"Feature","geometry":{"type":"Polygon","coordinates":[[[-86.71065281403861,36.057264163712645],[-86.7091954677119,36.05853082659459],[-86.70983960810342,36.06029821552184],[-86.71194117394782,36.06079896023818],[-86.7133985592029,36.05953228088669],[-86.71275433968601,36.0577648732889],[-86.71065281403861,36.057264163712645],[-86.71065281403861,36.057264163712645]]]},"properties":{"h3":"89264d156abffff","count":3,"c3":0,"c6":0,"c12":2,"c24":3,"score":1.7,"risk":2,"peakDay":"Wednesday","peakTime":"night","hood":"","bk12":{"morning":0,"afternoon":1,"evening":0,"night":1},"bk24":{"morning":0,"afternoon":1,"evening":0,"night":2},"sv12":1,"recent":[{"d":"2026-03-05","day":"Thu","time":"22:00","desc":"VEHICLE THEFT","res":"unsolved"},{"d":"2026-01-14","day":"Wed","time":"15:00","desc":"BURGLARY- MOTOR VEHICLE","res":"unsolved"},{"d":"2025-09-09","day":"Tue","time":"22:00","desc":"VEHICLE THEFT","res":"unsolved"}]}},{"type":"Feature","geometry":{"type":"Polygon","coordinates":[[[-86.78223695427008,36.15336607376454],[-86.78077807446304,36.15463260235581],[-86.78142450043872,36.15639951316088],[-86.78352988548241,36.156899913918714],[-86.78498880411847,36.155633368876465],[-86.7843422988826,36.15386643952786],[-86.78223695427008,36.15336607376454],[-86.78223695427008,36.15336607376454]]]},"properties":{"h3":"89264d10293ffff","count":21,"c3":0,"c6":0,"c12":21,"c24":21,"score":12.7,"risk":13,"peakDay":"Thursday","peakTime":"morning","hood":"","bk12":{"morning":21,"afternoon":0,"evening":0,"night":0},"bk24":{"morning":21,"afternoon":0,"evening":0,"night":0},"recent":[{"d":"2026-01-15","day":"Thu","time":"09:30","desc":"BURGLARY - MOTOR VEHICLE","res":"closed"},{"d":"2026-01-15","day":"Thu","time":"09:30","desc":"BURGLARY - MOTOR VEHICLE","res":"closed"},{"d":"2026-01-15","day":"Thu","time":"09:30","desc":"BURGLARY - MOTOR VEHICLE","res":"closed"},{"d":"2026-01-15","day":"Thu","time":"09:30","desc":"BURGLARY - MOTOR VEHICLE","res":"closed"},{"d":"2026-01-15","day":"Thu","time":"09:30","desc":"BURGLARY - MOTOR VEHICLE","res":"closed"},{"d":"2026-01-15","day":"Thu","time":"09:30","desc":"BURGLARY - MOTOR VEHICLE","res":"closed"},{"d":"2026-01-15","day":"Thu","time":"09:30","desc":"BURGLARY - MOTOR VEHICLE","res":"closed"},{"d":"2026-01-15","day":"Thu","time":"09:30","desc":"BURGLARY - MOTOR VEHICLE","res":"closed"},{"d":"2026-01-15","day":"Thu","time":"09:30","desc":"BURGLARY - MOTOR VEHICLE","res":"closed"},{"d":"2026-01-15","day":"Thu","time":"09:30","desc":"BURGLARY - MOTOR VEHICLE","res":"closed"}]}},{"type":"Feature","geometry":{"type":"Polygon","coordinates":[[[-86.81237633632924,36.14116363723838],[-86.81091755290147,36.14243090976074],[-86.81156461330029,36.144198021209704],[-86.81367053636394,36.14469787863106],[-86.81512935853914,36.14343058962423],[-86.81448221890406,36.141663459681006],[-86.81237633632924,36.14116363723838],[-86.81237633632924,36.14116363723838]]]},"properties":{"h3":"89264d11113ffff","count":2,"c3":0,"c6":0,"c12":2,"c24":2,"score":1.2,"risk":1,"peakDay":"Thursday","peakTime":"morning","hood":"","bk12":{"morning":2,"afternoon":0,"evening":0,"night":0},"bk24":{"morning":2,"afternoon":0,"evening":0,"night":0},"sv12":1,"recent":[{"d":"2026-01-15","day":"Thu","time":"10:40","desc":"VEHICLE THEFT","res":"closed"},{"d":"2026-01-15","day":"Thu","time":"10:40","desc":"BURGLARY- MOTOR VEHICLE","res":"closed"}]}},{"type":"Feature","geometry":{"type":"Polygon","coordinates":[[[-86.7795395464332,36.08818069899176],[-86.77808159028541,36.08944816870419],[-86.77872754644001,36.091215569720944],[-86.78083153790425,36.09171551957903],[-86.78228953283872,36.09044803336661],[-86.78164349752306,36.08868061379658],[-86.7795395464332,36.08818069899176],[-86.7795395464332,36.08818069899176]]]},"properties":{"h3":"89264d11913ffff","count":2,"c3":0,"c6":0,"c12":2,"c24":2,"score":1.2,"risk":1,"peakDay":"Friday","peakTime":"morning","hood":"","bk12":{"morning":2,"afternoon":0,"evening":0,"night":0},"bk24":{"morning":2,"afternoon":0,"evening":0,"night":0},"recent":[{"d":"2026-01-16","day":"Fri","time":"11:15","desc":"BURGLARY- MOTOR VEHICLE","res":"unsolved"},{"d":"2026-01-16","day":"Fri","time":"11:15","desc":"BURGLARY- MOTOR VEHICLE","res":"unsolved"}]}},{"type":"Feature","geometry":{"type":"Polygon","coordinates":[[[-86.62793414423822,36.17785714669978],[-86.62647531684173,36.17912044097352],[-86.62711825495963,36.18088660889789],[-86.62922009979737,36.181389501347475],[-86.6306789664105,36.18012619076535],[-86.63003594897003,36.178360004042496],[-86.62793414423822,36.17785714669978],[-86.62793414423822,36.17785714669978]]]},"properties":{"h3":"89264d8d1b3ffff","count":1,"c3":0,"c6":0,"c12":1,"c24":1,"score":0.6,"risk":1,"peakDay":"Friday","peakTime":"afternoon","hood":"","bk12":{"morning":0,"afternoon":1,"evening":0,"night":0},"bk24":{"morning":0,"afternoon":1,"evening":0,"night":0},"recent":[{"d":"2026-01-16","day":"Fri","time":"16:30","desc":"BURGLARY- MOTOR VEHICLE","res":"unsolved"}]}},{"type":"Feature","geometry":{"type":"Polygon","coordinates":[[[-86.69437439254436,36.21791767852327],[-86.69291482693934,36.21918159372495],[-86.6935595825308,36.22094769234421],[-86.69566398310177,36.22144989444668],[-86.69712358779502,36.220185962914705],[-86.69647875282988,36.218419845611045],[-86.69437439254436,36.21791767852327],[-86.69437439254436,36.21791767852327]]]},"properties":{"h3":"89264d88b3bffff","count":2,"c3":0,"c6":0,"c12":2,"c24":2,"score":1.2,"risk":1,"peakDay":"Saturday","peakTime":"night","hood":"","bk12":{"morning":0,"afternoon":0,"evening":0,"night":2},"bk24":{"morning":0,"afternoon":0,"evening":0,"night":2},"recent":[{"d":"2026-01-17","day":"Sat","time":"22:00","desc":"BURGLARY- MOTOR VEHICLE","res":"closed"},{"d":"2026-01-17","day":"Sat","time":"22:00","desc":"BURGLARY- MOTOR VEHICLE","res":"closed"}]}},{"type":"Feature","geometry":{"type":"Polygon","coordinates":[[[-86.61918773581955,36.04833931302994],[-86.6177307538982,36.04960441584628],[-86.61837268266102,36.0513715389843],[-86.62047167247178,36.05187357813006],[-86.62192869353262,36.0506084589103],[-86.621286685644,36.04884131694865],[-86.61918773581955,36.04833931302994],[-86.61918773581955,36.04833931302994]]]},"properties":{"h3":"89264d1442fffff","count":4,"c3":0,"c6":0,"c12":3,"c24":4,"score":2.3,"risk":2,"peakDay":"Saturday","peakTime":"night","hood":"","bk12":{"morning":0,"afternoon":1,"evening":0,"night":2},"bk24":{"morning":1,"afternoon":1,"evening":0,"night":2},"sv12":2,"recent":[{"d":"2026-01-24","day":"Sat","time":"16:00","desc":"VEHICLE THEFT","res":"unsolved"},{"d":"2026-01-17","day":"Sat","time":"22:00","desc":"VEHICLE THEFT","res":"unsolved"},{"d":"2026-01-17","day":"Sat","time":"22:00","desc":"BURGLARY- MOTOR VEHICLE","res":"unsolved"},{"d":"2025-08-06","day":"Wed","time":"08:00","desc":"VEHICLE OFFENSE, CRIMINAL ATTEMPT","res":"unsolved"}]}},{"type":"Feature","geometry":{"type":"Polygon","coordinates":[[[-86.94931249265015,36.06864202930035],[-86.94785439524718,36.06991293596274],[-86.94850422811443,36.07168108298627],[-86.95061223748557,36.07217834161901],[-86.95207037325204,36.07090741830716],[-86.95142046128473,36.069139253012516],[-86.94931249265015,36.06864202930035],[-86.94931249265015,36.06864202930035]]]},"properties":{"h3":"89264d19d03ffff","count":4,"c3":0,"c6":0,"c12":3,"c24":4,"score":2.2,"risk":2,"peakDay":"Thursday","peakTime":"night","hood":"","bk12":{"morning":0,"afternoon":1,"evening":1,"night":1},"bk24":{"morning":0,"afternoon":1,"evening":1,"night":2},"sv12":1,"recent":[{"d":"2026-01-22","day":"Thu","time":"00:01","desc":"BURGLARY- MOTOR VEHICLE","res":"unsolved"},{"d":"2026-01-19","day":"Mon","time":"16:30","desc":"BURGLARY- MOTOR VEHICLE","res":"unsolved"},{"d":"2025-10-16","day":"Thu","time":"20:00","desc":"VEHICLE THEFT","res":"unsolved"},{"d":"2025-07-25","day":"Fri","time":"01:18","desc":"VEHICLE THEFT","res":"unsolved"}]}},{"type":"Feature","geometry":{"type":"Polygon","coordinates":[[[-86.5989291988327,36.19831998177895],[-86.59747015980601,36.19958242518846],[-86.59811254022819,36.201348329863286],[-86.60021403903608,36.20185180997402],[-86.60167311736404,36.20058935029552],[-86.60103065758364,36.19882342677575],[-86.5989291988327,36.19831998177895],[-86.5989291988327,36.19831998177895]]]},"properties":{"h3":"89264d8c6afffff","count":1,"c3":0,"c6":0,"c12":1,"c24":1,"score":0.6,"risk":1,"peakDay":"Tuesday","peakTime":"evening","hood":"","bk12":{"morning":0,"afternoon":0,"evening":1,"night":0},"bk24":{"morning":0,"afternoon":0,"evening":1,"night":0},"recent":[{"d":"2026-01-20","day":"Tue","time":"21:15","desc":"BURGLARY- MOTOR VEHICLE","res":"unsolved"}]}},{"type":"Feature","geometry":{"type":"Polygon","coordinates":[[[-86.78850437328948,36.21776195855752],[-86.78704457050634,36.21902762129737],[-86.78769154633433,36.220794056025],[-86.789798404304,36.221294846540886],[-86.79125824594941,36.22002916739546],[-86.79061119076368,36.21826271414021],[-86.78850437328948,36.21776195855752],[-86.78850437328948,36.21776195855752]]]},"properties":{"h3":"89264d1343bffff","count":3,"c3":0,"c6":0,"c12":1,"c24":3,"score":1.5,"risk":2,"peakDay":"Wednesday","peakTime":"afternoon","hood":"","bk12":{"morning":0,"afternoon":1,"evening":0,"night":0},"bk24":{"morning":0,"afternoon":2,"evening":0,"night":1},"recent":[{"d":"2026-01-21","day":"Wed","time":"12:00","desc":"LARC - PARTS FROM VEH","res":"unsolved"},{"d":"2025-08-09","day":"Sat","time":"04:00","desc":"VEHICLE THEFT","res":"unsolved"},{"d":"2025-07-08","day":"Tue","time":"12:30","desc":"VEHICLE THEFT","res":"unsolved"}]}},{"type":"Feature","geometry":{"type":"Polygon","coordinates":[[[-86.74721993325174,36.18374997503838],[-86.74576071399167,36.18501539174505],[-86.74640650359868,36.18678194366833],[-86.74851159177922,36.18728309748482],[-86.74997084997514,36.18601766437888],[-86.74932498105548,36.184251093856226],[-86.74721993325174,36.18374997503838],[-86.74721993325174,36.18374997503838]]]},"properties":{"h3":"89264d12223ffff","count":1,"c3":0,"c6":0,"c12":1,"c24":1,"score":0.6,"risk":1,"peakDay":"Friday","peakTime":"afternoon","hood":"","bk12":{"morning":0,"afternoon":1,"evening":0,"night":0},"bk24":{"morning":0,"afternoon":1,"evening":0,"night":0},"recent":[{"d":"2026-01-23","day":"Fri","time":"16:08","desc":"BURGLARY- MOTOR VEHICLE","res":"closed"}]}},{"type":"Feature","geometry":{"type":"Polygon","coordinates":[[[-86.88772238842994,36.04763607902672],[-86.88626473401685,36.048906165266466],[-86.88691298569175,36.050674257939754],[-86.88901897086048,36.05117228274946],[-86.89047666377009,36.0499021798922],[-86.8898283330153,36.048134068843225],[-86.88772238842994,36.04763607902672],[-86.88772238842994,36.04763607902672]]]},"properties":{"h3":"89264d189c7ffff","count":2,"c3":0,"c6":0,"c12":2,"c24":2,"score":1.2,"risk":1,"peakDay":"Saturday","peakTime":"morning","hood":"","bk12":{"morning":2,"afternoon":0,"evening":0,"night":0},"bk24":{"morning":2,"afternoon":0,"evening":0,"night":0},"recent":[{"d":"2026-01-24","day":"Sat","time":"11:15","desc":"BURGLARY - MOTOR VEHICLE","res":"unsolved"},{"d":"2026-01-24","day":"Sat","time":"11:15","desc":"BURGLARY - MOTOR VEHICLE","res":"unsolved"}]}},{"type":"Feature","geometry":{"type":"Polygon","coordinates":[[[-86.73893187616179,36.07690970557145],[-86.73747418133455,36.078176594279874],[-86.73811911031048,36.079943935871846],[-86.74022181326518,36.08044440737777],[-86.7416795469679,36.07917750219277],[-86.74103453884125,36.077410141978916],[-86.73893187616179,36.07690970557145],[-86.73893187616179,36.07690970557145]]]},"properties":{"h3":"89264d10b1bffff","count":3,"c3":0,"c6":0,"c12":2,"c24":3,"score":1.7,"risk":2,"peakDay":"Saturday","peakTime":"afternoon","hood":"","bk12":{"morning":0,"afternoon":1,"evening":0,"night":1},"bk24":{"morning":0,"afternoon":2,"evening":0,"night":1},"sv12":1,"recent":[{"d":"2026-01-24","day":"Sat","time":"13:43","desc":"BURGLARY- MOTOR VEHICLE","res":"unsolved"},{"d":"2026-01-08","day":"Thu","time":"01:00","desc":"VEHICLE THEFT","res":"unsolved"},{"d":"2025-09-01","day":"Mon","time":"16:00","desc":"VEHICLE THEFT","res":"unsolved"}]}},{"type":"Feature","geometry":{"type":"Polygon","coordinates":[[[-86.653337042523,36.020996676875654],[-86.65188035445692,36.0222628273455],[-86.65252291905294,36.02403028189702],[-86.65462225079492,36.024531604747956],[-86.65607897789874,36.02326543782565],[-86.6554363342237,36.02149796450533],[-86.653337042523,36.020996676875654],[-86.653337042523,36.020996676875654]]]},"properties":{"h3":"89264d15c93ffff","count":2,"c3":0,"c6":0,"c12":2,"c24":2,"score":1.2,"risk":1,"peakDay":"Monday","peakTime":"night","hood":"","bk12":{"morning":0,"afternoon":0,"evening":0,"night":2},"bk24":{"morning":0,"afternoon":0,"evening":0,"night":2},"recent":[{"d":"2026-01-26","day":"Mon","time":"01:15","desc":"BURGLARY- MOTOR VEHICLE","res":"closed"},{"d":"2026-01-26","day":"Mon","time":"01:15","desc":"BURGLARY- MOTOR VEHICLE","res":"closed"}]}},{"type":"Feature","geometry":{"type":"Polygon","coordinates":[[[-86.79324553501047,36.16243506289172],[-86.79178649991687,36.16370165728927],[-86.79243324204943,36.16546853719312],[-86.79453909854857,36.1659688412243],[-86.79599817245155,36.164702230374125],[-86.79535135104685,36.16293533194586],[-86.79324553501047,36.16243506289172],[-86.79324553501047,36.16243506289172]]]},"properties":{"h3":"89264d1064fffff","count":6,"c3":0,"c6":0,"c12":6,"c24":6,"score":3.7,"risk":4,"peakDay":"Friday","peakTime":"night","hood":"","bk12":{"morning":0,"afternoon":0,"evening":0,"night":6},"bk24":{"morning":0,"afternoon":0,"evening":0,"night":6},"recent":[{"d":"2026-01-30","day":"Fri","time":"04:56","desc":"BURGLARY- MOTOR VEHICLE","res":"closed"},{"d":"2026-01-30","day":"Fri","time":"04:56","desc":"BURGLARY- MOTOR VEHICLE","res":"closed"},{"d":"2026-01-30","day":"Fri","time":"04:56","desc":"BURGLARY- MOTOR VEHICLE","res":"closed"},{"d":"2026-01-30","day":"Fri","time":"04:56","desc":"BURGLARY- MOTOR VEHICLE","res":"closed"},{"d":"2026-01-30","day":"Fri","time":"04:56","desc":"BURGLARY- MOTOR VEHICLE","res":"closed"},{"d":"2026-01-30","day":"Fri","time":"04:56","desc":"BURGLARY- MOTOR VEHICLE","res":"closed"}]}},{"type":"Feature","geometry":{"type":"Polygon","coordinates":[[[-86.74911113317194,36.089014970887916],[-86.74765324229077,36.09028186437975],[-86.74829848647653,36.09204915027254],[-86.75040170071176,36.092549561277956],[-86.75185963045317,36.091282651311005],[-86.75121430709989,36.089515346814245],[-86.74911113317194,36.089014970887916],[-86.74911113317194,36.089014970887916]]]},"properties":{"h3":"89264d10aabffff","count":1,"c3":0,"c6":0,"c12":1,"c24":1,"score":0.6,"risk":1,"peakDay":"Sunday","peakTime":"afternoon","hood":"","bk12":{"morning":0,"afternoon":1,"evening":0,"night":0},"bk24":{"morning":0,"afternoon":1,"evening":0,"night":0},"recent":[{"d":"2026-02-01","day":"Sun","time":"12:15","desc":"LARC - PARTS FROM VEH","res":"unsolved"}]}},{"type":"Feature","geometry":{"type":"Polygon","coordinates":[[[-86.79455414705502,36.14499922313638],[-86.7930953541278,36.1462661072444],[-86.79374201831823,36.148033126133775],[-86.79584755468197,36.148533279439306],[-86.79730638640235,36.147266378863975],[-86.79665964296666,36.145499341450915],[-86.79455414705502,36.14499922313638],[-86.79455414705502,36.14499922313638]]]},"properties":{"h3":"89264d10257ffff","count":1,"c3":0,"c6":0,"c12":1,"c24":1,"score":0.6,"risk":1,"peakDay":"Friday","peakTime":"morning","hood":"","bk12":{"morning":1,"afternoon":0,"evening":0,"night":0},"bk24":{"morning":1,"afternoon":0,"evening":0,"night":0},"recent":[{"d":"2026-02-06","day":"Fri","time":"09:00","desc":"BURGLARY- MOTOR VEHICLE","res":"closed"}]}},{"type":"Feature","geometry":{"type":"Polygon","coordinates":[[[-86.62637725300883,36.22101225857355],[-86.62491782118606,36.22227486469236],[-86.62556099072721,36.2240406940358],[-86.62766367148092,36.22454393605821],[-86.62912314255676,36.2232813136661],[-86.6284798936266,36.22151546552537],[-86.62637725300883,36.22101225857355],[-86.62637725300883,36.22101225857355]]]},"properties":{"h3":"89264d8f313ffff","count":2,"c3":0,"c6":0,"c12":2,"c24":2,"score":1.3,"risk":1,"peakDay":"Saturday","peakTime":"morning","hood":"","bk12":{"morning":2,"afternoon":0,"evening":0,"night":0},"bk24":{"morning":2,"afternoon":0,"evening":0,"night":0},"recent":[{"d":"2026-02-07","day":"Sat","time":"11:00","desc":"BURGLARY - MOTOR VEHICLE","res":"closed"},{"d":"2026-02-07","day":"Sat","time":"11:00","desc":"BURGLARY - MOTOR VEHICLE","res":"closed"}]}},{"type":"Feature","geometry":{"type":"Polygon","coordinates":[[[-86.6598087211084,36.096770938635714],[-86.6583509515114,36.0980360592304],[-86.65899413833273,36.09980296361253],[-86.66109517394553,36.10030476615261],[-86.6625529826219,36.099039629160174],[-86.66190971660693,36.0972727060259],[-86.6598087211084,36.096770938635714],[-86.6598087211084,36.096770938635714]]]},"properties":{"h3":"89264d1708bffff","count":4,"c3":0,"c6":0,"c12":4,"c24":4,"score":2.5,"risk":3,"peakDay":"Monday","peakTime":"night","hood":"","bk12":{"morning":0,"afternoon":0,"evening":0,"night":4},"bk24":{"morning":0,"afternoon":0,"evening":0,"night":4},"sv12":1,"recent":[{"d":"2026-02-16","day":"Mon","time":"00:20","desc":"VEHICLE THEFT","res":"unsolved"},{"d":"2026-02-16","day":"Mon","time":"00:20","desc":"BURGLARY- MOTOR VEHICLE","res":"unsolved"},{"d":"2026-02-10","day":"Tue","time":"00:01","desc":"BURGLARY- MOTOR VEHICLE","res":"unsolved"},{"d":"2026-02-08","day":"Sun","time":"23:00","desc":"LARC - PARTS FROM VEH","res":"unsolved"}]}},{"type":"Feature","geometry":{"type":"Polygon","coordinates":[[[-86.6689155624744,36.23763205761211],[-86.66745578470407,36.238895199039646],[-86.66810006209309,36.24066105326058],[-86.6702041966612,36.24116378477946],[-86.67166401359555,36.23990062705743],[-86.67101965679855,36.23813475411148],[-86.6689155624744,36.23763205761211],[-86.6689155624744,36.23763205761211]]]},"properties":{"h3":"89264d8899bffff","count":2,"c3":0,"c6":0,"c12":1,"c24":2,"score":1.1,"risk":1,"peakDay":"Monday","peakTime":"night","hood":"","bk12":{"morning":0,"afternoon":0,"evening":0,"night":1},"bk24":{"morning":0,"afternoon":0,"evening":0,"night":2},"recent":[{"d":"2026-02-09","day":"Mon","time":"00:10","desc":"BURGLARY- MOTOR VEHICLE","res":"unsolved"},{"d":"2025-08-11","day":"Mon","time":"03:00","desc":"VEHICLE THEFT","res":"unsolved"}]}},{"type":"Feature","geometry":{"type":"Polygon","coordinates":[[[-86.73467248668842,36.11785049363172],[-86.73321422713295,36.1191166814279],[-86.73385931033472,36.120883695266286],[-86.7359627323067,36.12138453993473],[-86.73742103077856,36.12011833569761],[-86.73677586836288,36.11835130323346],[-86.73467248668842,36.11785049363172],[-86.73467248668842,36.11785049363172]]]},"properties":{"h3":"89264d10c43ffff","count":2,"c3":0,"c6":0,"c12":2,"c24":2,"score":1.3,"risk":1,"peakDay":"Tuesday","peakTime":"night","hood":"","bk12":{"morning":0,"afternoon":0,"evening":0,"night":2},"bk24":{"morning":0,"afternoon":0,"evening":0,"night":2},"sv12":1,"recent":[{"d":"2026-02-10","day":"Tue","time":"22:25","desc":"VEHICLE THEFT","res":"closed"},{"d":"2026-02-10","day":"Tue","time":"22:25","desc":"BURGLARY- MOTOR VEHICLE","res":"closed"}]}},{"type":"Feature","geometry":{"type":"Polygon","coordinates":[[[-86.680254142057,36.058085670235364],[-86.67879686286842,36.059351757337396],[-86.67944029179814,36.06111902986473],[-86.68154107904864,36.06162023401166],[-86.6829983972387,36.060354130465015],[-86.68235488917756,36.05858683921654],[-86.680254142057,36.058085670235364],[-86.680254142057,36.058085670235364]]]},"properties":{"h3":"89264d155dbffff","count":3,"c3":0,"c6":0,"c12":2,"c24":3,"score":1.6,"risk":2,"peakDay":"Friday","peakTime":"evening","hood":"","bk12":{"morning":0,"afternoon":0,"evening":2,"night":0},"bk24":{"morning":0,"afternoon":0,"evening":3,"night":0},"sv12":1,"recent":[{"d":"2026-02-13","day":"Fri","time":"19:20","desc":"BURGLARY- MOTOR VEHICLE","res":"unsolved"},{"d":"2025-11-09","day":"Sun","time":"19:30","desc":"VEHICLE THEFT","res":"unsolved"},{"d":"2025-08-05","day":"Tue","time":"19:50","desc":"VEHICLE THEFT","res":"unsolved"}]}},{"type":"Feature","geometry":{"type":"Polygon","coordinates":[[[-86.92258565751791,36.105928302331264],[-86.92112710024134,36.10719814957228],[-86.92177653713118,36.10896591797148],[-86.92388461046052,36.10946385744316],[-86.92534320619274,36.10819399360296],[-86.92469369014081,36.10642620689077],[-86.92258565751791,36.105928302331264],[-86.92258565751791,36.105928302331264]]]},"properties":{"h3":"89264d181d3ffff","count":1,"c3":0,"c6":0,"c12":1,"c24":1,"score":0.6,"risk":1,"peakDay":"Sunday","peakTime":"afternoon","hood":"","bk12":{"morning":0,"afternoon":1,"evening":0,"night":0},"bk24":{"morning":0,"afternoon":1,"evening":0,"night":0},"recent":[{"d":"2026-02-15","day":"Sun","time":"14:59","desc":"BURGLARY- MOTOR VEHICLE","res":"closed"}]}},{"type":"Feature","geometry":{"type":"Polygon","coordinates":[[[-86.67955504066606,35.998198073145666],[-86.67809860395384,35.99946505461848],[-86.67874164524764,36.00123277645467],[-86.68084120229472,36.001733535545334],[-86.68229767796514,36.00046653758106],[-86.68165455763108,35.998698797018086],[-86.67955504066606,35.998198073145666],[-86.67955504066606,35.998198073145666]]]},"properties":{"h3":"89264d15e23ffff","count":1,"c3":0,"c6":0,"c12":1,"c24":1,"score":0.6,"risk":1,"peakDay":"Tuesday","peakTime":"afternoon","hood":"","bk12":{"morning":0,"afternoon":1,"evening":0,"night":0},"bk24":{"morning":0,"afternoon":1,"evening":0,"night":0},"recent":[{"d":"2026-02-17","day":"Tue","time":"16:00","desc":"BURGLARY- MOTOR VEHICLE","res":"unsolved"}]}},{"type":"Feature","geometry":{"type":"Polygon","coordinates":[[[-86.70924333981854,36.23758695026232],[-86.70778345843449,36.23885084056547],[-86.70842868760953,36.24061683973618],[-86.71053387757091,36.24111896726214],[-86.71199379802245,36.23985506063214],[-86.71134848944592,36.23808904280351],[-86.70924333981854,36.23758695026232],[-86.70924333981854,36.23758695026232]]]},"properties":{"h3":"89264d88aabffff","count":2,"c3":0,"c6":0,"c12":2,"c24":2,"score":1.3,"risk":1,"peakDay":"Sunday","peakTime":"evening","hood":"","bk12":{"morning":0,"afternoon":0,"evening":2,"night":0},"bk24":{"morning":0,"afternoon":0,"evening":2,"night":0},"recent":[{"d":"2026-02-22","day":"Sun","time":"21:00","desc":"BURGLARY- MOTOR VEHICLE","res":"unsolved"},{"d":"2026-02-22","day":"Sun","time":"21:00","desc":"BURGLARY- MOTOR VEHICLE","res":"unsolved"}]}},{"type":"Feature","geometry":{"type":"Polygon","coordinates":[[[-86.66349199754812,36.033105179631704],[-86.66203511289882,36.03437133485332],[-86.66267799184835,36.03613873523233],[-86.66477783454386,36.036639999141194],[-86.66623475821581,36.03537382746858],[-86.66559180017038,36.0336064083386],[-86.66349199754812,36.033105179631704],[-86.66349199754812,36.033105179631704]]]},"properties":{"h3":"89264d14243ffff","count":1,"c3":0,"c6":0,"c12":1,"c24":1,"score":0.7,"risk":1,"peakDay":"Wednesday","peakTime":"night","hood":"","bk12":{"morning":0,"afternoon":0,"evening":0,"night":1},"bk24":{"morning":0,"afternoon":0,"evening":0,"night":1},"recent":[{"d":"2026-02-25","day":"Wed","time":"22:37","desc":"BURGLARY- MOTOR VEHICLE","res":"closed"}]}},{"type":"Feature","geometry":{"type":"Polygon","coordinates":[[[-86.74891949980675,36.11478785039486],[-86.74746124703628,36.11605434873314],[-86.74810664708322,36.11782143703928],[-86.7502103791083,36.11832204560987],[-86.75166867075876,36.117055530816884],[-86.75102319150496,36.11528842390848],[-86.74891949980675,36.11478785039486],[-86.74891949980675,36.11478785039486]]]},"properties":{"h3":"89264d10e13ffff","count":1,"c3":0,"c6":0,"c12":1,"c24":1,"score":0.7,"risk":1,"peakDay":"Wednesday","peakTime":"afternoon","hood":"","bk12":{"morning":0,"afternoon":1,"evening":0,"night":0},"bk24":{"morning":0,"afternoon":1,"evening":0,"night":0},"recent":[{"d":"2026-03-04","day":"Wed","time":"12:50","desc":"BURGLARY- MOTOR VEHICLE","res":"closed"}]}},{"type":"Feature","geometry":{"type":"Polygon","coordinates":[[[-86.858228637599,36.20850417694285],[-86.85676879268594,36.20977127248475],[-86.85741735506048,36.211538023803996],[-86.85952584167985,36.21203769799395],[-86.86098572528026,36.21077058598387],[-86.8603370835747,36.20900381625252],[-86.858228637599,36.20850417694285],[-86.858228637599,36.20850417694285]]]},"properties":{"h3":"89264dc48bbffff","count":1,"c3":0,"c6":0,"c12":1,"c24":1,"score":0.7,"risk":1,"peakDay":"Wednesday","peakTime":"evening","hood":"","bk12":{"morning":0,"afternoon":0,"evening":1,"night":0},"bk24":{"morning":0,"afternoon":0,"evening":1,"night":0},"recent":[{"d":"2026-03-04","day":"Wed","time":"21:00","desc":"BURGLARY- MOTOR VEHICLE","res":"unsolved"}]}},{"type":"Feature","geometry":{"type":"Polygon","coordinates":[[[-86.60095321915183,36.10366735880761],[-86.59949550790924,36.10493128282535],[-86.60013734913464,36.10669791963746],[-86.60223698081647,36.10720065128193],[-86.60369473128375,36.10593671091913],[-86.60305281084533,36.10417005525741],[-86.60095321915183,36.10366735880761],[-86.60095321915183,36.10366735880761]]]},"properties":{"h3":"89264d166b3ffff","count":1,"c3":0,"c6":0,"c12":0,"c24":1,"score":0.3,"risk":0,"peakDay":"Monday","peakTime":"afternoon","hood":"","bk12":{"morning":0,"afternoon":0,"evening":0,"night":0},"bk24":{"morning":0,"afternoon":1,"evening":0,"night":0},"recent":[{"d":"2024-11-25","day":"Mon","time":"13:00","desc":"VEHICLE THEFT","res":"closed"}]}},{"type":"Feature","geometry":{"type":"Polygon","coordinates":[[[-86.81886864938437,36.1168854198901],[-86.81741019133602,36.1181531817879],[-86.81805725325775,36.11992050273778],[-86.82016285242665,36.12042008027573],[-86.8216213491887,36.11915230186928],[-86.82097420806896,36.11738496243401],[-86.81886864938437,36.1168854198901],[-86.81886864938437,36.1168854198901]]]},"properties":{"h3":"89264d11e03ffff","count":1,"c3":0,"c6":0,"c12":0,"c24":1,"score":0.3,"risk":0,"peakDay":"Saturday","peakTime":"night","hood":"","bk12":{"morning":0,"afternoon":0,"evening":0,"night":0},"bk24":{"morning":0,"afternoon":0,"evening":0,"night":1},"recent":[{"d":"2024-12-14","day":"Sat","time":"04:00","desc":"VEHICLE THEFT","res":"unsolved"}]}},{"type":"Feature","geometry":{"type":"Polygon","coordinates":[[[-86.87963300760265,36.14096772785885],[-86.87817406142763,36.142236248286785],[-86.87882270569783,36.14400359739849],[-86.88093037536754,36.144502444464756],[-86.8823893601279,36.14323390749894],[-86.88174063663396,36.14146654000523],[-86.87963300760265,36.14096772785885],[-86.87963300760265,36.14096772785885]]]},"properties":{"h3":"89264d1a107ffff","count":1,"c3":0,"c6":0,"c12":0,"c24":1,"score":0.3,"risk":0,"peakDay":"Sunday","peakTime":"night","hood":"","bk12":{"morning":0,"afternoon":0,"evening":0,"night":0},"bk24":{"morning":0,"afternoon":0,"evening":0,"night":1},"recent":[{"d":"2024-12-15","day":"Sun","time":"22:00","desc":"VEHICLE THEFT","res":"closed"}]}},{"type":"Feature","geometry":{"type":"Polygon","coordinates":[[[-86.73788076397766,36.26859427955361],[-86.73642037169742,36.26985822649671],[-86.7370664704472,36.27162408594877],[-86.73917304092241,36.27212601706564],[-86.74063347222479,36.270862053796954],[-86.73998729403064,36.26909617573749],[-86.73788076397766,36.26859427955361],[-86.73788076397766,36.26859427955361]]]},"properties":{"h3":"89264d8836bffff","count":6,"c3":0,"c6":0,"c12":0,"c24":6,"score":1.9,"risk":2,"peakDay":"Friday","peakTime":"night","hood":"","bk12":{"morning":0,"afternoon":0,"evening":0,"night":0},"bk24":{"morning":0,"afternoon":0,"evening":0,"night":6},"recent":[{"d":"2025-07-13","day":"Sun","time":"00:00","desc":"VEHICLE THEFT","res":"unsolved"},{"d":"2025-01-31","day":"Fri","time":"22:20","desc":"VEHICLE THEFT","res":"unsolved"},{"d":"2025-01-31","day":"Fri","time":"22:20","desc":"VEHICLE THEFT","res":"unsolved"},{"d":"2024-12-21","day":"Sat","time":"02:00","desc":"VEHICLE THEFT","res":"unsolved"},{"d":"2024-12-20","day":"Fri","time":"22:45","desc":"VEHICLE THEFT","res":"unsolved"},{"d":"2024-12-20","day":"Fri","time":"22:45","desc":"VEHICLE THEFT","res":"unsolved"}]}},{"type":"Feature","geometry":{"type":"Polygon","coordinates":[[[-86.81579802498158,36.10324584148392],[-86.81433976634,36.10451375375441],[-86.81498667082415,36.10628116838854],[-86.81709191312842,36.106780689244246],[-86.8185502104809,36.10551276045682],[-86.81790322681901,36.10374532733109],[-86.81579802498158,36.10324584148392],[-86.81579802498158,36.10324584148392]]]},"properties":{"h3":"89264d11a97ffff","count":1,"c3":0,"c6":0,"c12":0,"c24":1,"score":0.3,"risk":0,"peakDay":"Tuesday","peakTime":"morning","hood":"","bk12":{"morning":0,"afternoon":0,"evening":0,"night":0},"bk24":{"morning":1,"afternoon":0,"evening":0,"night":0},"recent":[{"d":"2025-01-07","day":"Tue","time":"10:00","desc":"THEFT OF VEHICLE-2,500 OR > BUT<$10,000","res":"closed"}]}},{"type":"Feature","geometry":{"type":"Polygon","coordinates":[[[-86.82208539991812,36.16766934258494],[-86.82062621928068,36.16893639138447],[-86.8212736740794,36.170703332660054],[-86.82338038879146,36.171203243612474],[-86.82483960817282,36.169936178341544],[-86.82419207409902,36.16816921859009],[-86.82208539991812,36.16766934258494],[-86.82208539991812,36.16766934258494]]]},"properties":{"h3":"89264d11423ffff","count":1,"c3":0,"c6":0,"c12":0,"c24":1,"score":0.3,"risk":0,"peakDay":"Friday","peakTime":"afternoon","hood":"","bk12":{"morning":0,"afternoon":0,"evening":0,"night":0},"bk24":{"morning":0,"afternoon":1,"evening":0,"night":0},"recent":[{"d":"2025-01-17","day":"Fri","time":"13:00","desc":"THEFT OF VEHICLE-2,500 OR > BUT<$10,000","res":"closed"}]}},{"type":"Feature","geometry":{"type":"Polygon","coordinates":[[[-86.83942504631953,36.17823574527096],[-86.83796567402557,36.17950295416627],[-86.83861360366832,36.18126987463043],[-86.84072098489396,36.181769604645844],[-86.84218039589803,36.180502379273655],[-86.84153238696712,36.17873544036342],[-86.83942504631953,36.17823574527096],[-86.83942504631953,36.17823574527096]]]},"properties":{"h3":"89264d1145bffff","count":2,"c3":0,"c6":0,"c12":0,"c24":2,"score":0.8,"risk":1,"peakDay":"Friday","peakTime":"afternoon","hood":"","bk12":{"morning":0,"afternoon":0,"evening":0,"night":0},"bk24":{"morning":0,"afternoon":1,"evening":0,"night":1},"recent":[{"d":"2025-09-29","day":"Mon","time":"01:00","desc":"VEHICLE THEFT","res":"closed"},{"d":"2025-01-17","day":"Fri","time":"14:00","desc":"VEHICLE THEFT","res":"unsolved"}]}},{"type":"Feature","geometry":{"type":"Polygon","coordinates":[[[-86.7005865822575,36.08229926461122],[-86.69912891012864,36.083565361009924],[-86.69977296867593,36.085332523394904],[-86.70187477851802,36.08583360806705],[-86.70333248961806,36.084567495226594],[-86.7026883519056,36.08280031415623],[-86.7005865822575,36.08229926461122],[-86.7005865822575,36.08229926461122]]]},"properties":{"h3":"89264d109b3ffff","count":3,"c3":0,"c6":0,"c12":0,"c24":3,"score":1.2,"risk":1,"peakDay":"Tuesday","peakTime":"morning","hood":"","bk12":{"morning":0,"afternoon":0,"evening":0,"night":0},"bk24":{"morning":2,"afternoon":1,"evening":0,"night":0},"recent":[{"d":"2025-09-02","day":"Tue","time":"09:04","desc":"VEHICLE THEFT","res":"closed"},{"d":"2025-09-02","day":"Tue","time":"09:04","desc":"VEHICLE THEFT","res":"closed"},{"d":"2025-01-24","day":"Fri","time":"16:50","desc":"VEHICLE THEFT","res":"closed"}]}},{"type":"Feature","geometry":{"type":"Polygon","coordinates":[[[-86.70994444238039,36.09743850334348],[-86.70848653329172,36.09870454318942],[-86.70913090651916,36.100471624050705],[-86.71123326802284,36.10097268373514],[-86.7126912160717,36.099706627451916],[-86.7120467636575,36.09793952792202],[-86.70994444238039,36.09743850334348],[-86.70994444238039,36.09743850334348]]]},"properties":{"h3":"89264d10d73ffff","count":2,"c3":0,"c6":0,"c12":1,"c24":2,"score":0.9,"risk":1,"peakDay":"Tuesday","peakTime":"morning","hood":"","bk12":{"morning":0,"afternoon":0,"evening":0,"night":1},"bk24":{"morning":1,"afternoon":0,"evening":0,"night":1},"sv12":1,"recent":[{"d":"2025-12-08","day":"Mon","time":"02:00","desc":"VEHICLE THEFT","res":"unsolved"},{"d":"2025-02-04","day":"Tue","time":"10:37","desc":"VEHICLE THEFT","res":"unsolved"}]}},{"type":"Feature","geometry":{"type":"Polygon","coordinates":[[[-86.66294181085259,36.14752418196417],[-86.66148331888368,36.14878858827218],[-86.66212689472891,36.150555116242444],[-86.66422904181466,36.151057256647974],[-86.66568757289377,36.14979283397967],[-86.66504391777772,36.1480262872666],[-86.66294181085259,36.14752418196417],[-86.66294181085259,36.14752418196417]]]},"properties":{"h3":"89264d12dabffff","count":1,"c3":0,"c6":0,"c12":0,"c24":1,"score":0.3,"risk":0,"peakDay":"Tuesday","peakTime":"night","hood":"","bk12":{"morning":0,"afternoon":0,"evening":0,"night":0},"bk24":{"morning":0,"afternoon":0,"evening":0,"night":1},"recent":[{"d":"2025-02-11","day":"Tue","time":"23:15","desc":"VEHICLE THEFT","res":"closed"}]}},{"type":"Feature","geometry":{"type":"Polygon","coordinates":[[[-86.81721443145487,36.18587196941107],[-86.81575500653653,36.18713865061453],[-86.81640246022442,36.18890543393095],[-86.81850941813532,36.189405554526886],[-86.81996888182292,36.18813885687012],[-86.81932134883121,36.186372055071224],[-86.81721443145487,36.18587196941107],[-86.81721443145487,36.18587196941107]]]},"properties":{"h3":"89264d1322fffff","count":1,"c3":0,"c6":0,"c12":0,"c24":1,"score":0.3,"risk":0,"peakDay":"Wednesday","peakTime":"afternoon","hood":"","bk12":{"morning":0,"afternoon":0,"evening":0,"night":0},"bk24":{"morning":0,"afternoon":1,"evening":0,"night":0},"recent":[{"d":"2025-03-12","day":"Wed","time":"12:00","desc":"VEHICLE THEFT","res":"closed"}]}},{"type":"Feature","geometry":{"type":"Polygon","coordinates":[[[-86.58766288476797,36.177887233621234],[-86.58620416384863,36.17914977991412],[-86.58684615145566,36.180915800612446],[-86.58894693931134,36.181419293883835],[-86.59040569954325,36.18015673131501],[-86.58976363260767,36.17839069175121],[-86.58766288476797,36.177887233621234],[-86.58766288476797,36.177887233621234]]]},"properties":{"h3":"89264d8c02bffff","count":1,"c3":0,"c6":0,"c12":0,"c24":1,"score":0.3,"risk":0,"peakDay":"Sunday","peakTime":"night","hood":"","bk12":{"morning":0,"afternoon":0,"evening":0,"night":0},"bk24":{"morning":0,"afternoon":0,"evening":0,"night":1},"recent":[{"d":"2025-03-23","day":"Sun","time":"04:36","desc":"VEHICLE THEFT","res":"unsolved"}]}},{"type":"Feature","geometry":{"type":"Polygon","coordinates":[[[-86.72572529729122,36.151210905816626],[-86.7242665911266,36.152476420070236],[-86.72491167097553,36.154243145960734],[-86.72701553625629,36.15474437623603],[-86.7284742813838,36.153478845574796],[-86.72782912226845,36.15171210104638],[-86.72572529729122,36.151210905816626],[-86.72572529729122,36.151210905816626]]]},"properties":{"h3":"89264d105a7ffff","count":1,"c3":0,"c6":0,"c12":0,"c24":1,"score":0.3,"risk":0,"peakDay":"Thursday","peakTime":"morning","hood":"","bk12":{"morning":0,"afternoon":0,"evening":0,"night":0},"bk24":{"morning":1,"afternoon":0,"evening":0,"night":0},"recent":[{"d":"2025-03-27","day":"Thu","time":"08:00","desc":"VEHICLE THEFT","res":"closed"}]}},{"type":"Feature","geometry":{"type":"Polygon","coordinates":[[[-86.66379273759476,36.04447426142391],[-86.6623356925167,36.04574024986666],[-86.66297864899933,36.04750756547772],[-86.665078729674,36.04800891139617],[-86.66653581378253,36.04674290651122],[-86.6658927781867,36.04497557215052],[-86.66379273759476,36.04447426142391],[-86.66379273759476,36.04447426142391]]]},"properties":{"h3":"89264d155afffff","count":1,"c3":0,"c6":0,"c12":0,"c24":1,"score":0.4,"risk":0,"peakDay":"Friday","peakTime":"morning","hood":"","bk12":{"morning":0,"afternoon":0,"evening":0,"night":0},"bk24":{"morning":1,"afternoon":0,"evening":0,"night":0},"recent":[{"d":"2025-04-04","day":"Fri","time":"10:00","desc":"VEHICLE THEFT","res":"closed"}]}},{"type":"Feature","geometry":{"type":"Polygon","coordinates":[[[-86.58992735335553,36.0574712759567],[-86.58847032105281,36.05873569743971],[-86.58911161625745,36.06050264387029],[-86.5912100229096,36.061005187689965],[-86.59266709442822,36.05974074983423],[-86.59202572007958,36.05797378453206],[-86.58992735335553,36.0574712759567],[-86.58992735335553,36.0574712759567]]]},"properties":{"h3":"89264d16337ffff","count":2,"c3":0,"c6":0,"c12":1,"c24":2,"score":1,"risk":1,"peakDay":"Sunday","peakTime":"night","hood":"","bk12":{"morning":0,"afternoon":0,"evening":1,"night":0},"bk24":{"morning":0,"afternoon":0,"evening":1,"night":1},"sv12":1,"recent":[{"d":"2026-02-18","day":"Wed","time":"18:00","desc":"VEHICLE THEFT","res":"unsolved"},{"d":"2025-04-06","day":"Sun","time":"01:52","desc":"VEHICLE THEFT","res":"unsolved"}]}},{"type":"Feature","geometry":{"type":"Polygon","coordinates":[[[-86.70780962693368,36.11790409688463],[-86.7063514355074,36.119169786025196],[-86.70699588560618,36.1209367029076],[-86.70909860635044,36.12143794932042],[-86.71055683675743,36.12017224376038],[-86.70991230744026,36.118405308207464],[-86.70780962693368,36.11790409688463],[-86.70780962693368,36.11790409688463]]]},"properties":{"h3":"89264d12b7bffff","count":3,"c3":0,"c6":0,"c12":0,"c24":3,"score":1.3,"risk":1,"peakDay":"Wednesday","peakTime":"afternoon","hood":"","bk12":{"morning":0,"afternoon":0,"evening":0,"night":0},"bk24":{"morning":0,"afternoon":2,"evening":0,"night":1},"recent":[{"d":"2025-08-23","day":"Sat","time":"13:00","desc":"VEHICLE THEFT","res":"unsolved"},{"d":"2025-07-16","day":"Wed","time":"02:15","desc":"VEHICLE THEFT","res":"unsolved"},{"d":"2025-04-30","day":"Wed","time":"16:00","desc":"VEHICLE THEFT","res":"unsolved"}]}},{"type":"Feature","geometry":{"type":"Polygon","coordinates":[[[-86.9969530170457,36.04110481104592],[-86.99549519361902,36.042377014619596],[-86.99614597526362,36.04414553659948],[-86.99825465938437,36.04464187319956],[-86.999712521039,36.043369652917434],[-86.99906166034576,36.04160111274418],[-86.9969530170457,36.04110481104592],[-86.9969530170457,36.04110481104592]]]},"properties":{"h3":"89264d0b487ffff","count":1,"c3":0,"c6":0,"c12":0,"c24":1,"score":0.4,"risk":0,"peakDay":"Wednesday","peakTime":"morning","hood":"","bk12":{"morning":0,"afternoon":0,"evening":0,"night":0},"bk24":{"morning":1,"afternoon":0,"evening":0,"night":0},"recent":[{"d":"2025-05-14","day":"Wed","time":"08:00","desc":"VEHICLE OFFENSE, CRIMINAL ATTEMPT","res":"closed"}]}},{"type":"Feature","geometry":{"type":"Polygon","coordinates":[[[-86.73293293348591,36.08677823974764],[-86.73147511528872,36.088044867499846],[-86.73211996421459,36.089812112381935],[-86.73422271050518,36.09031274814343],[-86.73568056759962,36.08904610392721],[-86.735035639507,36.08727884041401],[-86.73293293348591,36.08677823974764],[-86.73293293348591,36.08677823974764]]]},"properties":{"h3":"89264d10867ffff","count":1,"c3":0,"c6":0,"c12":0,"c24":1,"score":0.4,"risk":0,"peakDay":"Saturday","peakTime":"afternoon","hood":"","bk12":{"morning":0,"afternoon":0,"evening":0,"night":0},"bk24":{"morning":0,"afternoon":1,"evening":0,"night":0},"recent":[{"d":"2025-05-24","day":"Sat","time":"13:00","desc":"VEHICLE THEFT","res":"closed"}]}},{"type":"Feature","geometry":{"type":"Polygon","coordinates":[[[-86.78958444350785,36.28896050419299],[-86.78812363319894,36.290225097896304],[-86.78877107984269,36.291990980349595],[-86.79087941626301,36.29249228761948],[-86.79234026548512,36.29122767756515],[-86.79169273937453,36.28946177659246],[-86.78958444350785,36.28896050419299],[-86.78958444350785,36.28896050419299]]]},"properties":{"h3":"89264d89397ffff","count":1,"c3":0,"c6":0,"c12":0,"c24":1,"score":0.4,"risk":0,"peakDay":"Sunday","peakTime":"night","hood":"","bk12":{"morning":0,"afternoon":0,"evening":0,"night":0},"bk24":{"morning":0,"afternoon":0,"evening":0,"night":1},"recent":[{"d":"2025-06-01","day":"Sun","time":"00:00","desc":"VEHICLE THEFT","res":"unsolved"}]}},{"type":"Feature","geometry":{"type":"Polygon","coordinates":[[[-86.73800417685807,36.042794384481155],[-86.73654696357744,36.0440617734015],[-86.7371916586962,36.045829370681346],[-86.73929364619528,36.04632959766735],[-86.74075089832807,36.04506219224424],[-86.74010612411047,36.04329457633837],[-86.73800417685807,36.042794384481155],[-86.73800417685807,36.042794384481155]]]},"properties":{"h3":"89264d0252fffff","count":2,"c3":0,"c6":0,"c12":0,"c24":2,"score":0.8,"risk":1,"peakDay":"Sunday","peakTime":"afternoon","hood":"","bk12":{"morning":0,"afternoon":0,"evening":0,"night":0},"bk24":{"morning":0,"afternoon":2,"evening":0,"night":0},"recent":[{"d":"2025-06-08","day":"Sun","time":"12:12","desc":"VEHICLE THEFT","res":"closed"},{"d":"2025-06-08","day":"Sun","time":"12:12","desc":"VEHICLE THEFT","res":"closed"}]}},{"type":"Feature","geometry":{"type":"Polygon","coordinates":[[[-86.64217712718079,36.17481426878906],[-86.64071830517469,36.17607787379607],[-86.6413615605727,36.17784411687925],[-86.64346371729339,36.17834677373098],[-86.64492257847988,36.177083152401785],[-86.64427924376608,36.175316890543534],[-86.64217712718079,36.17481426878906],[-86.64217712718079,36.17481426878906]]]},"properties":{"h3":"89264d8d10bffff","count":1,"c3":0,"c6":0,"c12":0,"c24":1,"score":0.4,"risk":0,"peakDay":"Friday","peakTime":"night","hood":"","bk12":{"morning":0,"afternoon":0,"evening":0,"night":0},"bk24":{"morning":0,"afternoon":0,"evening":0,"night":1},"recent":[{"d":"2025-07-11","day":"Fri","time":"00:30","desc":"VEHICLE THEFT","res":"closed"}]}},{"type":"Feature","geometry":{"type":"Polygon","coordinates":[[[-86.62051682677563,36.16802030393292],[-86.61905815758777,36.169283610646936],[-86.61970085954351,36.17104982716778],[-86.62180230999648,36.17155275578675],[-86.62326101841118,36.170289432762594],[-86.62261823714682,36.16852319743009],[-86.62051682677563,36.16802030393292],[-86.62051682677563,36.16802030393292]]]},"properties":{"h3":"89264d8dcd7ffff","count":1,"c3":0,"c6":0,"c12":0,"c24":1,"score":0.4,"risk":0,"peakDay":"Saturday","peakTime":"morning","hood":"","bk12":{"morning":0,"afternoon":0,"evening":0,"night":0},"bk24":{"morning":1,"afternoon":0,"evening":0,"night":0},"recent":[{"d":"2025-07-12","day":"Sat","time":"09:20","desc":"VEHICLE THEFT","res":"unsolved"}]}},{"type":"Feature","geometry":{"type":"Polygon","coordinates":[[[-86.67923153866344,36.086887145356044],[-86.67777385738468,36.08815277624969],[-86.67841744090461,36.08991982639903],[-86.68051878487965,36.09042126437581],[-86.68197650518404,36.089155617061095],[-86.68133284248854,36.08738854819113],[-86.67923153866344,36.086887145356044],[-86.67923153866344,36.086887145356044]]]},"properties":{"h3":"89264d172bbffff","count":1,"c3":0,"c6":0,"c12":0,"c24":1,"score":0.4,"risk":0,"peakDay":"Saturday","peakTime":"afternoon","hood":"","bk12":{"morning":0,"afternoon":0,"evening":0,"night":0},"bk24":{"morning":0,"afternoon":1,"evening":0,"night":0},"recent":[{"d":"2025-07-12","day":"Sat","time":"14:00","desc":"VEHICLE THEFT","res":"unsolved"}]}},{"type":"Feature","geometry":{"type":"Polygon","coordinates":[[[-86.6890715609386,36.2875748756353],[-86.68761102565483,36.28883762624146],[-86.68825609039003,36.29060316348797],[-86.69036176989131,36.29110596881567],[-86.69182234432873,36.28984320193779],[-86.69117720011198,36.288077646004396],[-86.6890715609386,36.2875748756353],[-86.6890715609386,36.2875748756353]]]},"properties":{"h3":"89264d8aa43ffff","count":2,"c3":0,"c6":0,"c12":1,"c24":2,"score":1,"risk":1,"peakDay":"Saturday","peakTime":"evening","hood":"","bk12":{"morning":0,"afternoon":0,"evening":0,"night":1},"bk24":{"morning":0,"afternoon":0,"evening":1,"night":1},"sv12":1,"recent":[{"d":"2026-01-07","day":"Wed","time":"22:48","desc":"THEFT OF VEHICLE-2,500 OR > BUT<$10,000","res":"unsolved"},{"d":"2025-07-12","day":"Sat","time":"20:00","desc":"VEHICLE THEFT","res":"unsolved"}]}},{"type":"Feature","geometry":{"type":"Polygon","coordinates":[[[-86.64875075250895,36.05056483829081],[-86.64729366130922,36.05183045551472],[-86.64793630090938,36.05359767016312],[-86.65003611083485,36.054099286362316],[-86.65149324110544,36.05283365271303],[-86.65085052238048,36.05106641929043],[-86.64875075250895,36.05056483829081],[-86.64875075250895,36.05056483829081]]]},"properties":{"h3":"89264d1460fffff","count":1,"c3":0,"c6":0,"c12":0,"c24":1,"score":0.4,"risk":0,"peakDay":"Sunday","peakTime":"afternoon","hood":"","bk12":{"morning":0,"afternoon":0,"evening":0,"night":0},"bk24":{"morning":0,"afternoon":1,"evening":0,"night":0},"recent":[{"d":"2025-07-13","day":"Sun","time":"14:00","desc":"VEHICLE THEFT","res":"closed"}]}},{"type":"Feature","geometry":{"type":"Polygon","coordinates":[[[-86.6311206726797,36.128628536477486],[-86.62966253022988,36.12989264031377],[-86.63030523796358,36.13165919723652],[-86.6324061673946,36.13216166912084],[-86.63386434901624,36.13089754893494],[-86.6332215620358,36.12913097321482],[-86.6311206726797,36.128628536477486],[-86.6311206726797,36.128628536477486]]]},"properties":{"h3":"89264d8d86fffff","count":1,"c3":0,"c6":0,"c12":0,"c24":1,"score":0.4,"risk":0,"peakDay":"Monday","peakTime":"night","hood":"","bk12":{"morning":0,"afternoon":0,"evening":0,"night":0},"bk24":{"morning":0,"afternoon":0,"evening":0,"night":1},"recent":[{"d":"2025-07-14","day":"Mon","time":"04:10","desc":"VEHICLE THEFT","res":"unsolved"}]}},{"type":"Feature","geometry":{"type":"Polygon","coordinates":[[[-86.64163726219869,36.052092656945156],[-86.64018016824386,36.053358119104054],[-86.64082264958931,36.05512529618643],[-86.64292230401857,36.05562702989637],[-86.64437943706234,36.05436155131901],[-86.64373687658868,36.052594355450694],[-86.64163726219869,36.052092656945156],[-86.64163726219869,36.052092656945156]]]},"properties":{"h3":"89264d146abffff","count":1,"c3":0,"c6":0,"c12":0,"c24":1,"score":0.4,"risk":0,"peakDay":"Monday","peakTime":"afternoon","hood":"","bk12":{"morning":0,"afternoon":0,"evening":0,"night":0},"bk24":{"morning":0,"afternoon":1,"evening":0,"night":0},"recent":[{"d":"2025-07-14","day":"Mon","time":"15:30","desc":"VEHICLE THEFT","res":"closed"}]}},{"type":"Feature","geometry":{"type":"Polygon","coordinates":[[[-86.7899481742438,36.237456037791596],[-86.78848809008765,36.23872142640119],[-86.78913522307965,36.240487712942155],[-86.79124251961628,36.24098862939746],[-86.792702642646,36.23972322439647],[-86.79205543026632,36.23795691933205],[-86.7899481742438,36.237456037791596],[-86.7899481742438,36.237456037791596]]]},"properties":{"h3":"89264d89a63ffff","count":1,"c3":0,"c6":0,"c12":0,"c24":1,"score":0.4,"risk":0,"peakDay":"Monday","peakTime":"afternoon","hood":"","bk12":{"morning":0,"afternoon":0,"evening":0,"night":0},"bk24":{"morning":0,"afternoon":1,"evening":0,"night":0},"recent":[{"d":"2025-07-14","day":"Mon","time":"15:33","desc":"VEHICLE THEFT","res":"unsolved"}]}},{"type":"Feature","geometry":{"type":"Polygon","coordinates":[[[-86.74415897463275,36.17011812148021],[-86.74269995519,36.171383689304115],[-86.74334558761178,36.173150335536754],[-86.74545031876943,36.1736514325516],[-86.7469093771451,36.17238584832018],[-86.746263665431,36.170619183481925],[-86.74415897463275,36.17011812148021],[-86.74415897463275,36.17011812148021]]]},"properties":{"h3":"89264d104b7ffff","count":1,"c3":0,"c6":0,"c12":0,"c24":1,"score":0.4,"risk":0,"peakDay":"Monday","peakTime":"night","hood":"","bk12":{"morning":0,"afternoon":0,"evening":0,"night":0},"bk24":{"morning":0,"afternoon":0,"evening":0,"night":1},"recent":[{"d":"2025-07-14","day":"Mon","time":"22:00","desc":"VEHICLE THEFT","res":"closed"}]}},{"type":"Feature","geometry":{"type":"Polygon","coordinates":[[[-86.5885269269779,36.03777418554635],[-86.58707017513436,36.0390388799428],[-86.58771131552568,36.04080596980286],[-86.58980928687542,36.041308384142404],[-86.59126607792328,36.04004367335879],[-86.59062485841785,36.03827656462326],[-86.5885269269779,36.03777418554635],[-86.5885269269779,36.03777418554635]]]},"properties":{"h3":"89264d16ad3ffff","count":2,"c3":0,"c6":0,"c12":0,"c24":2,"score":0.9,"risk":1,"peakDay":"Tuesday","peakTime":"evening","hood":"","bk12":{"morning":0,"afternoon":0,"evening":0,"night":0},"bk24":{"morning":0,"afternoon":0,"evening":1,"night":1},"recent":[{"d":"2025-08-04","day":"Mon","time":"02:23","desc":"VEHICLE THEFT","res":"unsolved"},{"d":"2025-07-15","day":"Tue","time":"20:30","desc":"VEHICLE THEFT","res":"unsolved"}]}},{"type":"Feature","geometry":{"type":"Polygon","coordinates":[[[-86.75891543390011,36.15266013262119],[-86.75745662285111,36.153926239891554],[-86.75810249449059,36.1556930732206],[-86.760207256443,36.156193817862246],[-86.76166610637645,36.15492769415894],[-86.76102015547386,36.15316084224741],[-86.75891543390011,36.15266013262119],[-86.75891543390011,36.15266013262119]]]},"properties":{"h3":"89264d1008fffff","count":1,"c3":0,"c6":0,"c12":0,"c24":1,"score":0.4,"risk":0,"peakDay":"Tuesday","peakTime":"night","hood":"","bk12":{"morning":0,"afternoon":0,"evening":0,"night":0},"bk24":{"morning":0,"afternoon":0,"evening":0,"night":1},"recent":[{"d":"2025-07-15","day":"Tue","time":"22:00","desc":"VEHICLE THEFT","res":"closed"}]}},{"type":"Feature","geometry":{"type":"Polygon","coordinates":[[[-86.7652297939954,36.15416217830193],[-86.76377094583063,36.15542837969294],[-86.76441697573708,36.157195223940825],[-86.76652193307348,36.157695885370046],[-86.76798082010866,36.156429667542234],[-86.76733471093786,36.15466280472253],[-86.7652297939954,36.15416217830193],[-86.7652297939954,36.15416217830193]]]},"properties":{"h3":"89264d100c7ffff","count":1,"c3":0,"c6":0,"c12":0,"c24":1,"score":0.4,"risk":0,"peakDay":"Thursday","peakTime":"afternoon","hood":"","bk12":{"morning":0,"afternoon":0,"evening":0,"night":0},"bk24":{"morning":0,"afternoon":1,"evening":0,"night":0},"recent":[{"d":"2025-07-17","day":"Thu","time":"13:00","desc":"VEHICLE THEFT","res":"closed"}]}},{"type":"Feature","geometry":{"type":"Polygon","coordinates":[[[-86.63988986946434,36.25809260663457],[-86.63842987869279,36.259354896130354],[-86.63907359805874,36.26112048669435],[-86.64117738764097,36.2616238065345],[-86.64263741766148,36.26036150078353],[-86.64199361885159,36.25859589144809],[-86.63988986946434,36.25809260663457],[-86.63988986946434,36.25809260663457]]]},"properties":{"h3":"89264d8f613ffff","count":1,"c3":0,"c6":0,"c12":0,"c24":1,"score":0.4,"risk":0,"peakDay":"Thursday","peakTime":"night","hood":"","bk12":{"morning":0,"afternoon":0,"evening":0,"night":0},"bk24":{"morning":0,"afternoon":0,"evening":0,"night":1},"recent":[{"d":"2025-07-17","day":"Thu","time":"23:00","desc":"VEHICLE THEFT","res":"unsolved"}]}},{"type":"Feature","geometry":{"type":"Polygon","coordinates":[[[-86.68036839526512,35.99516328309267],[-86.67891199900124,35.99643032554602],[-86.67955504066606,35.998198073145666],[-86.68165455763108,35.998698797018086],[-86.68311099284892,35.99743173807022],[-86.6824678721486,35.99566397174493],[-86.68036839526512,35.99516328309267],[-86.68036839526512,35.99516328309267]]]},"properties":{"h3":"89264d15e2fffff","count":2,"c3":0,"c6":0,"c12":0,"c24":2,"score":0.9,"risk":1,"peakDay":"Friday","peakTime":"evening","hood":"","bk12":{"morning":0,"afternoon":0,"evening":0,"night":0},"bk24":{"morning":0,"afternoon":0,"evening":2,"night":0},"recent":[{"d":"2025-07-18","day":"Fri","time":"19:00","desc":"VEHICLE THEFT","res":"closed"},{"d":"2025-07-18","day":"Fri","time":"19:00","desc":"VEHICLE THEFT","res":"closed"}]}},{"type":"Feature","geometry":{"type":"Polygon","coordinates":[[[-86.58841828687657,36.1377588318394],[-86.58696012926364,36.13902200418456],[-86.58760188590477,36.140788335082235],[-86.58970187942658,36.141291512502846],[-86.59116007631981,36.14002832384955],[-86.59051824041173,36.13826197408425],[-86.58841828687657,36.1377588318394],[-86.58841828687657,36.1377588318394]]]},"properties":{"h3":"89264d8cadbffff","count":1,"c3":0,"c6":0,"c12":0,"c24":1,"score":0.4,"risk":0,"peakDay":"Saturday","peakTime":"afternoon","hood":"","bk12":{"morning":0,"afternoon":0,"evening":0,"night":0},"bk24":{"morning":0,"afternoon":1,"evening":0,"night":0},"recent":[{"d":"2025-07-19","day":"Sat","time":"16:10","desc":"VEHICLE THEFT","res":"unsolved"}]}},{"type":"Feature","geometry":{"type":"Polygon","coordinates":[[[-86.62977970731497,36.008912463563945],[-86.628323250901,36.01017836037452],[-86.62896518545155,36.01194581941953],[-86.63106365548101,36.012447400463365],[-86.6325201509796,36.011181487209626],[-86.63187813736491,36.00941400935567],[-86.62977970731497,36.008912463563945],[-86.62977970731497,36.008912463563945]]]},"properties":{"h3":"89264d14323ffff","count":1,"c3":0,"c6":0,"c12":0,"c24":1,"score":0.4,"risk":0,"peakDay":"Sunday","peakTime":"night","hood":"","bk12":{"morning":0,"afternoon":0,"evening":0,"night":0},"bk24":{"morning":0,"afternoon":0,"evening":0,"night":1},"recent":[{"d":"2025-07-20","day":"Sun","time":"03:00","desc":"VEHICLE THEFT","res":"unsolved"}]}},{"type":"Feature","geometry":{"type":"Polygon","coordinates":[[[-86.71827669778088,36.041326087651086],[-86.71681955565927,36.04259313341826],[-86.71746377679086,36.04436067064415],[-86.71956521914467,36.04486118076238],[-86.72102240016447,36.04359411850704],[-86.72037809993307,36.04182656262211],[-86.71827669778088,36.041326087651086],[-86.71827669778088,36.041326087651086]]]},"properties":{"h3":"89264d1528fffff","count":1,"c3":0,"c6":0,"c12":0,"c24":1,"score":0.4,"risk":0,"peakDay":"Sunday","peakTime":"morning","hood":"","bk12":{"morning":0,"afternoon":0,"evening":0,"night":0},"bk24":{"morning":1,"afternoon":0,"evening":0,"night":0},"recent":[{"d":"2025-07-20","day":"Sun","time":"07:00","desc":"VEHICLE THEFT","res":"closed"}]}},{"type":"Feature","geometry":{"type":"Polygon","coordinates":[[[-86.79437362612133,36.170769108823734],[-86.79291447084898,36.172035597150746],[-86.79356129160162,36.173802416713066],[-86.79566734691211,36.1743027664707],[-86.79712654099733,36.17303626169672],[-86.79647964096,36.171269423612536],[-86.79437362612133,36.170769108823734],[-86.79437362612133,36.170769108823734]]]},"properties":{"h3":"89264d13327ffff","count":1,"c3":0,"c6":0,"c12":0,"c24":1,"score":0.4,"risk":0,"peakDay":"Monday","peakTime":"evening","hood":"","bk12":{"morning":0,"afternoon":0,"evening":0,"night":0},"bk24":{"morning":0,"afternoon":0,"evening":1,"night":0},"recent":[{"d":"2025-07-21","day":"Mon","time":"17:00","desc":"THEFT OF VEHICLE-2,500 OR > BUT<$10,000","res":"closed"}]}},{"type":"Feature","geometry":{"type":"Polygon","coordinates":[[[-86.63615350195792,36.047554776249925],[-86.63469648619548,36.0488202055731],[-86.63533881014126,36.050587396877546],[-86.63743822897237,36.05108917765473],[-86.63889528383339,36.049823731913904],[-86.6382528807655,36.04805652181403],[-86.63615350195792,36.047554776249925],[-86.63615350195792,36.047554776249925]]]},"properties":{"h3":"89264d140dbffff","count":1,"c3":0,"c6":0,"c12":0,"c24":1,"score":0.4,"risk":0,"peakDay":"Tuesday","peakTime":"afternoon","hood":"","bk12":{"morning":0,"afternoon":0,"evening":0,"night":0},"bk24":{"morning":0,"afternoon":1,"evening":0,"night":0},"recent":[{"d":"2025-07-22","day":"Tue","time":"12:00","desc":"VEHICLE THEFT","res":"closed"}]}},{"type":"Feature","geometry":{"type":"Polygon","coordinates":[[[-86.73122346235691,36.1557467537422],[-86.7297646782714,36.15701230081146],[-86.73040991604651,36.158779011511825],[-86.73251401718039,36.1592801937718],[-86.73397284021905,36.1580146302941],[-86.7333275231715,36.156247900965354],[-86.73122346235691,36.1557467537422],[-86.73122346235691,36.1557467537422]]]},"properties":{"h3":"89264d105bbffff","count":1,"c3":0,"c6":0,"c12":0,"c24":1,"score":0.4,"risk":0,"peakDay":"Tuesday","peakTime":"afternoon","hood":"","bk12":{"morning":0,"afternoon":0,"evening":0,"night":0},"bk24":{"morning":0,"afternoon":1,"evening":0,"night":0},"recent":[{"d":"2025-07-22","day":"Tue","time":"12:25","desc":"VEHICLE THEFT","res":"closed"}]}},{"type":"Feature","geometry":{"type":"Polygon","coordinates":[[[-86.81930125711573,36.22830298715998],[-86.81784122895996,36.229569059506765],[-86.81848899718928,36.23133552054984],[-86.82059687294363,36.23183592772195],[-86.82205693989542,36.2305698389533],[-86.82140909229763,36.22880335943491],[-86.81930125711573,36.22830298715998],[-86.81930125711573,36.22830298715998]]]},"properties":{"h3":"89264d136d3ffff","count":2,"c3":0,"c6":0,"c12":0,"c24":2,"score":0.9,"risk":1,"peakDay":"Tuesday","peakTime":"evening","hood":"","bk12":{"morning":0,"afternoon":0,"evening":0,"night":0},"bk24":{"morning":0,"afternoon":1,"evening":1,"night":0},"recent":[{"d":"2025-08-05","day":"Tue","time":"16:00","desc":"VEHICLE THEFT","res":"unsolved"},{"d":"2025-07-22","day":"Tue","time":"18:00","desc":"VEHICLE THEFT","res":"unsolved"}]}},{"type":"Feature","geometry":{"type":"Polygon","coordinates":[[[-86.6294137792807,36.09757310013644],[-86.62795607828232,36.09883764484001],[-86.62859855316458,36.10060443228482],[-86.63069880824547,36.10110669382927],[-86.63215654839621,36.09984213275295],[-86.63151399431447,36.098075326505416],[-86.6294137792807,36.09757310013644],[-86.6294137792807,36.09757310013644]]]},"properties":{"h3":"89264d175bbffff","count":1,"c3":0,"c6":0,"c12":0,"c24":1,"score":0.4,"risk":0,"peakDay":"Tuesday","peakTime":"night","hood":"","bk12":{"morning":0,"afternoon":0,"evening":0,"night":0},"bk24":{"morning":0,"afternoon":0,"evening":0,"night":1},"recent":[{"d":"2025-07-22","day":"Tue","time":"22:30","desc":"VEHICLE THEFT","res":"unsolved"}]}},{"type":"Feature","geometry":{"type":"Polygon","coordinates":[[[-86.60902084331163,36.17333019122134],[-86.60756212975521,36.174593203553314],[-86.60820459330834,36.176359337356615],[-86.61030584973716,36.17686247765877],[-86.61176460255186,36.175599449030074],[-86.61112205968026,36.17383329639642],[-86.60902084331163,36.17333019122134],[-86.60902084331163,36.17333019122134]]]},"properties":{"h3":"89264d8c223ffff","count":1,"c3":0,"c6":0,"c12":0,"c24":1,"score":0.4,"risk":0,"peakDay":"Wednesday","peakTime":"afternoon","hood":"","bk12":{"morning":0,"afternoon":0,"evening":0,"night":0},"bk24":{"morning":0,"afternoon":1,"evening":0,"night":0},"recent":[{"d":"2025-07-23","day":"Wed","time":"12:00","desc":"VEHICLE THEFT","res":"closed"}]}},{"type":"Feature","geometry":{"type":"Polygon","coordinates":[[[-86.71811027554051,36.26710545392006],[-86.7166499547328,36.26836905695458],[-86.7172955774251,36.27013485776527],[-86.71940160037131,36.270637074182396],[-86.72086196024752,36.269373454836966],[-86.72021625810984,36.26760763538581],[-86.71811027554051,36.26710545392006],[-86.71811027554051,36.26710545392006]]]},"properties":{"h3":"89264d88ecbffff","count":1,"c3":0,"c6":0,"c12":0,"c24":1,"score":0.4,"risk":0,"peakDay":"Thursday","peakTime":"morning","hood":"","bk12":{"morning":0,"afternoon":0,"evening":0,"night":0},"bk24":{"morning":1,"afternoon":0,"evening":0,"night":0},"recent":[{"d":"2025-07-24","day":"Thu","time":"05:00","desc":"VEHICLE THEFT","res":"unsolved"}]}},{"type":"Feature","geometry":{"type":"Polygon","coordinates":[[[-86.6774644045976,36.2557929702301],[-86.67600434826095,36.25705599235572],[-86.67664894066536,36.25882173608097],[-86.67875366884174,36.25932447639024],[-86.68021376433573,36.25806143797743],[-86.6795690924968,36.256295675543036],[-86.6774644045976,36.2557929702301],[-86.6774644045976,36.2557929702301]]]},"properties":{"h3":"89264d88c27ffff","count":1,"c3":0,"c6":0,"c12":0,"c24":1,"score":0.4,"risk":0,"peakDay":"Thursday","peakTime":"morning","hood":"","bk12":{"morning":0,"afternoon":0,"evening":0,"night":0},"bk24":{"morning":1,"afternoon":0,"evening":0,"night":0},"recent":[{"d":"2025-07-24","day":"Thu","time":"07:00","desc":"VEHICLE THEFT","res":"closed"}]}},{"type":"Feature","geometry":{"type":"Polygon","coordinates":[[[-86.78818905375145,36.20639792399388],[-86.78672941196949,36.207663754388],[-86.78737630935665,36.20943027625808],[-86.78948292786696,36.20993098626364],[-86.79094260850341,36.20866513945531],[-86.79029563177589,36.2068985990561],[-86.78818905375145,36.20639792399388],[-86.78818905375145,36.20639792399388]]]},"properties":{"h3":"89264d13087ffff","count":1,"c3":0,"c6":0,"c12":0,"c24":1,"score":0.4,"risk":0,"peakDay":"Thursday","peakTime":"morning","hood":"","bk12":{"morning":0,"afternoon":0,"evening":0,"night":0},"bk24":{"morning":1,"afternoon":0,"evening":0,"night":0},"recent":[{"d":"2025-07-24","day":"Thu","time":"11:00","desc":"THEFT OF VEHICLE-2,500 OR > BUT<$10,000","res":"closed"}]}},{"type":"Feature","geometry":{"type":"Polygon","coordinates":[[[-86.7558534929731,36.139025620620735],[-86.7543948815967,36.14029187873346],[-86.7550405960709,36.142058805975836],[-86.75714500116507,36.142559493694705],[-86.75860365142304,36.14129321914078],[-86.75795785770607,36.13952627330967],[-86.7558534929731,36.139025620620735],[-86.7558534929731,36.139025620620735]]]},"properties":{"h3":"89264d10027ffff","count":1,"c3":0,"c6":0,"c12":0,"c24":1,"score":0.4,"risk":0,"peakDay":"Thursday","peakTime":"evening","hood":"","bk12":{"morning":0,"afternoon":0,"evening":0,"night":0},"bk24":{"morning":0,"afternoon":0,"evening":1,"night":0},"recent":[{"d":"2025-07-24","day":"Thu","time":"19:05","desc":"VEHICLE THEFT","res":"closed"}]}},{"type":"Feature","geometry":{"type":"Polygon","coordinates":[[[-86.73018549599934,36.08451034429928],[-86.72872771670427,36.08577695558786],[-86.72937248676669,36.08754420786996],[-86.73147511528872,36.088044867499846],[-86.73293293348591,36.08677823974764],[-86.73228808425974,36.08501096882966],[-86.73018549599934,36.08451034429928],[-86.73018549599934,36.08451034429928]]]},"properties":{"h3":"89264d10b93ffff","count":1,"c3":0,"c6":0,"c12":0,"c24":1,"score":0.4,"risk":0,"peakDay":"Thursday","peakTime":"evening","hood":"","bk12":{"morning":0,"afternoon":0,"evening":0,"night":0},"bk24":{"morning":0,"afternoon":0,"evening":1,"night":0},"recent":[{"d":"2025-07-24","day":"Thu","time":"20:00","desc":"VEHICLE THEFT","res":"closed"}]}},{"type":"Feature","geometry":{"type":"Polygon","coordinates":[[[-86.70527301745079,36.289830668045575],[-86.70381240855676,36.291093684713694],[-86.70445787000615,36.29285926212101],[-86.70656401983275,36.29336184152042],[-86.70802466784329,36.29209880856933],[-86.70737912691146,36.2903332125023],[-86.70527301745079,36.289830668045575],[-86.70527301745079,36.289830668045575]]]},"properties":{"h3":"89264d881d7ffff","count":1,"c3":0,"c6":0,"c12":0,"c24":1,"score":0.4,"risk":0,"peakDay":"Friday","peakTime":"night","hood":"","bk12":{"morning":0,"afternoon":0,"evening":0,"night":0},"bk24":{"morning":0,"afternoon":0,"evening":0,"night":1},"recent":[{"d":"2025-07-25","day":"Fri","time":"00:00","desc":"VEHICLE THEFT","res":"closed"}]}},{"type":"Feature","geometry":{"type":"Polygon","coordinates":[[[-86.66756141329347,36.0179360981323],[-86.66610473093384,36.01920255858973],[-86.66674761183572,36.020970088181244],[-86.66884725417019,36.02147117606113],[-86.67030397553138,36.020204699137444],[-86.66966101555732,36.01843715080064],[-86.66756141329347,36.0179360981323],[-86.66756141329347,36.0179360981323]]]},"properties":{"h3":"89264d15ccbffff","count":2,"c3":0,"c6":0,"c12":0,"c24":2,"score":0.9,"risk":1,"peakDay":"Friday","peakTime":"night","hood":"","bk12":{"morning":0,"afternoon":0,"evening":0,"night":0},"bk24":{"morning":0,"afternoon":0,"evening":1,"night":1},"recent":[{"d":"2025-08-03","day":"Sun","time":"20:00","desc":"VEHICLE THEFT","res":"unsolved"},{"d":"2025-07-25","day":"Fri","time":"04:00","desc":"VEHICLE THEFT","res":"unsolved"}]}},{"type":"Feature","geometry":{"type":"Polygon","coordinates":[[[-86.62185225172736,36.150602258805705],[-86.62039382437435,36.151865855911105],[-86.62103644973854,36.15363221090757],[-86.62313758173823,36.154134987610064],[-86.62459604830175,36.15287137417976],[-86.62395334365583,36.151105000372354],[-86.62185225172736,36.150602258805705],[-86.62185225172736,36.150602258805705]]]},"properties":{"h3":"89264d8dc67ffff","count":1,"c3":0,"c6":0,"c12":0,"c24":1,"score":0.4,"risk":0,"peakDay":"Friday","peakTime":"morning","hood":"","bk12":{"morning":0,"afternoon":0,"evening":0,"night":0},"bk24":{"morning":1,"afternoon":0,"evening":0,"night":0},"recent":[{"d":"2025-07-25","day":"Fri","time":"10:00","desc":"VEHICLE THEFT","res":"closed"}]}},{"type":"Feature","geometry":{"type":"Polygon","coordinates":[[[-86.82483960817282,36.169936178341544],[-86.82338038879146,36.171203243612474],[-86.82402792268768,36.172970177059746],[-86.82613475524415,36.173470063707654],[-86.82759401336449,36.172202981964894],[-86.82694640019022,36.17043603004653],[-86.82483960817282,36.169936178341544],[-86.82483960817282,36.169936178341544]]]},"properties":{"h3":"89264d1143bffff","count":1,"c3":0,"c6":0,"c12":0,"c24":1,"score":0.4,"risk":0,"peakDay":"Friday","peakTime":"afternoon","hood":"","bk12":{"morning":0,"afternoon":0,"evening":0,"night":0},"bk24":{"morning":0,"afternoon":1,"evening":0,"night":0},"recent":[{"d":"2025-07-25","day":"Fri","time":"15:00","desc":"VEHICLE THEFT","res":"closed"}]}},{"type":"Feature","geometry":{"type":"Polygon","coordinates":[[[-86.77385468856983,36.10942296287458],[-86.77239644812262,36.110690004657194],[-86.77304240258054,36.11245722305561],[-86.77514667668098,36.11295741823297],[-86.77660495594439,36.11169035997158],[-86.77595892229198,36.109923123012095],[-86.77385468856983,36.10942296287458],[-86.77385468856983,36.10942296287458]]]},"properties":{"h3":"89264d11d13ffff","count":1,"c3":0,"c6":0,"c12":0,"c24":1,"score":0.4,"risk":0,"peakDay":"Friday","peakTime":"evening","hood":"","bk12":{"morning":0,"afternoon":0,"evening":0,"night":0},"bk24":{"morning":0,"afternoon":0,"evening":1,"night":0},"recent":[{"d":"2025-07-25","day":"Fri","time":"17:45","desc":"VEHICLE THEFT","res":"closed"}]}},{"type":"Feature","geometry":{"type":"Polygon","coordinates":[[[-86.66075871261515,36.26791805524332],[-86.65929852849278,36.269180581622386],[-86.65994280195065,36.27094617087259],[-86.66204733898748,36.271449252480046],[-86.66350756231634,36.27018670983668],[-86.66286320940269,36.26842110185065],[-86.66075871261515,36.26791805524332],[-86.66075871261515,36.26791805524332]]]},"properties":{"h3":"89264d8ab0fffff","count":3,"c3":0,"c6":0,"c12":0,"c24":3,"score":1.3,"risk":1,"peakDay":"Friday","peakTime":"evening","hood":"","bk12":{"morning":0,"afternoon":0,"evening":0,"night":0},"bk24":{"morning":1,"afternoon":0,"evening":1,"night":1},"recent":[{"d":"2025-08-23","day":"Sat","time":"10:44","desc":"VEHICLE THEFT","res":"unsolved"},{"d":"2025-07-25","day":"Fri","time":"22:00","desc":"VEHICLE THEFT","res":"unsolved"},{"d":"2025-07-25","day":"Fri","time":"21:00","desc":"VEHICLE THEFT","res":"unsolved"}]}},{"type":"Feature","geometry":{"type":"Polygon","coordinates":[[[-86.807999943442,36.1449653159208],[-86.80654111741362,36.14623244955541],[-86.80718809837424,36.147999516277245],[-86.80929398460694,36.14849946786621],[-86.81075284939615,36.147232317753584],[-86.81010578919265,36.1454652325305],[-86.807999943442,36.1449653159208],[-86.807999943442,36.1449653159208]]]},"properties":{"h3":"89264d11183ffff","count":1,"c3":0,"c6":0,"c12":0,"c24":1,"score":0.4,"risk":0,"peakDay":"Saturday","peakTime":"morning","hood":"","bk12":{"morning":0,"afternoon":0,"evening":0,"night":0},"bk24":{"morning":1,"afternoon":0,"evening":0,"night":0},"recent":[{"d":"2025-07-26","day":"Sat","time":"11:10","desc":"THEFT OF VEHICLE-2,500 OR > BUT<$10,000","res":"closed"}]}},{"type":"Feature","geometry":{"type":"Polygon","coordinates":[[[-86.6382388101605,36.127104910577735],[-86.63678067040087,36.12836916966187],[-86.63742353662632,36.130135764173474],[-86.63952462185551,36.13063811838705],[-86.64098280076881,36.12937384294637],[-86.64033985530003,36.12760722964914],[-86.6382388101605,36.127104910577735],[-86.6382388101605,36.127104910577735]]]},"properties":{"h3":"89264d8dbdbffff","count":2,"c3":0,"c6":0,"c12":0,"c24":2,"score":0.9,"risk":1,"peakDay":"Saturday","peakTime":"evening","hood":"","bk12":{"morning":0,"afternoon":0,"evening":0,"night":0},"bk24":{"morning":0,"afternoon":0,"evening":2,"night":0},"recent":[{"d":"2025-09-28","day":"Sun","time":"20:00","desc":"VEHICLE THEFT","res":"unsolved"},{"d":"2025-07-26","day":"Sat","time":"21:44","desc":"VEHICLE OFFENSE, CRIMINAL ATTEMPT","res":"unsolved"}]}},{"type":"Feature","geometry":{"type":"Polygon","coordinates":[[[-86.61696652982455,36.03167123095696],[-86.61550978788682,36.032936545367804],[-86.61615156114448,36.03470378606743],[-86.61825015544137,36.03520573118531],[-86.61970693651128,36.03394040035964],[-86.61906508415291,36.032173140831425],[-86.61696652982455,36.03167123095696],[-86.61696652982455,36.03167123095696]]]},"properties":{"h3":"89264d141dbffff","count":1,"c3":0,"c6":0,"c12":0,"c24":1,"score":0.4,"risk":0,"peakDay":"Saturday","peakTime":"night","hood":"","bk12":{"morning":0,"afternoon":0,"evening":0,"night":0},"bk24":{"morning":0,"afternoon":0,"evening":0,"night":1},"recent":[{"d":"2025-07-26","day":"Sat","time":"23:00","desc":"VEHICLE THEFT","res":"closed"}]}},{"type":"Feature","geometry":{"type":"Polygon","coordinates":[[[-86.58982004299871,36.15744451641386],[-86.58836160438486,36.15870741468066],[-86.58900351613734,36.16047360011519],[-86.5911039458014,36.160976906147006],[-86.59256242370716,36.15971399158646],[-86.59192043265774,36.1579477872883],[-86.58982004299871,36.15744451641386],[-86.58982004299871,36.15744451641386]]]},"properties":{"h3":"89264d8c323ffff","count":2,"c3":0,"c6":0,"c12":0,"c24":2,"score":0.9,"risk":1,"peakDay":"Sunday","peakTime":"night","hood":"","bk12":{"morning":0,"afternoon":0,"evening":0,"night":0},"bk24":{"morning":0,"afternoon":0,"evening":0,"night":2},"recent":[{"d":"2025-08-02","day":"Sat","time":"22:38","desc":"VEHICLE THEFT","res":"unsolved"},{"d":"2025-07-27","day":"Sun","time":"00:00","desc":"VEHICLE THEFT","res":"unsolved"}]}},{"type":"Feature","geometry":{"type":"Polygon","coordinates":[[[-86.79956317836925,36.16393578666158],[-86.79810410634823,36.165202475219516],[-86.79875100681187,36.16696936588726],[-86.80085705857066,36.16746958651134],[-86.80231616938696,36.16620288149696],[-86.80166918964999,36.164435972315424],[-86.79956317836925,36.16393578666158],[-86.79956317836925,36.16393578666158]]]},"properties":{"h3":"89264d11587ffff","count":1,"c3":0,"c6":0,"c12":0,"c24":1,"score":0.4,"risk":0,"peakDay":"Sunday","peakTime":"evening","hood":"","bk12":{"morning":0,"afternoon":0,"evening":0,"night":0},"bk24":{"morning":0,"afternoon":0,"evening":1,"night":0},"recent":[{"d":"2025-07-27","day":"Sun","time":"18:00","desc":"VEHICLE THEFT","res":"closed"}]}},{"type":"Feature","geometry":{"type":"Polygon","coordinates":[[[-86.77979947007773,36.162466129453854],[-86.77834046827753,36.16373247429588],[-86.77898689354261,36.16549930632034],[-86.78109239988319,36.165999812050146],[-86.7825514405251,36.16473345076624],[-86.78190493598548,36.16296660019492],[-86.77979947007773,36.162466129453854],[-86.77979947007773,36.162466129453854]]]},"properties":{"h3":"89264d10607ffff","count":1,"c3":0,"c6":0,"c12":0,"c24":1,"score":0.4,"risk":0,"peakDay":"Sunday","peakTime":"evening","hood":"","bk12":{"morning":0,"afternoon":0,"evening":0,"night":0},"bk24":{"morning":0,"afternoon":0,"evening":1,"night":0},"recent":[{"d":"2025-07-27","day":"Sun","time":"21:30","desc":"VEHICLE THEFT","res":"closed"}]}},{"type":"Feature","geometry":{"type":"Polygon","coordinates":[[[-86.82547837358707,36.192672535152006],[-86.82401883237574,36.193939265716644],[-86.8246665234425,36.195706025378605],[-86.82677383503416,36.196206072944506],[-86.82823341499994,36.194939325925304],[-86.82758564462046,36.19317254779524],[-86.82547837358707,36.192672535152006],[-86.82547837358707,36.192672535152006]]]},"properties":{"h3":"89264d13273ffff","count":1,"c3":0,"c6":0,"c12":0,"c24":1,"score":0.4,"risk":0,"peakDay":"Monday","peakTime":"night","hood":"","bk12":{"morning":0,"afternoon":0,"evening":0,"night":0},"bk24":{"morning":0,"afternoon":0,"evening":0,"night":1},"recent":[{"d":"2025-07-28","day":"Mon","time":"00:00","desc":"VEHICLE THEFT","res":"closed"}]}},{"type":"Feature","geometry":{"type":"Polygon","coordinates":[[[-86.85385822400609,36.14938759054542],[-86.85239922234263,36.15065550589913],[-86.85304731185654,36.15242269991788],[-86.8551544822761,36.15292199700776],[-86.8566135225933,36.15165406514316],[-86.85596535383799,36.14988685270005],[-86.85385822400609,36.14938759054542],[-86.85385822400609,36.14938759054542]]]},"properties":{"h3":"89264d11217ffff","count":1,"c3":0,"c6":0,"c12":0,"c24":1,"score":0.4,"risk":0,"peakDay":"Monday","peakTime":"afternoon","hood":"","bk12":{"morning":0,"afternoon":0,"evening":0,"night":0},"bk24":{"morning":0,"afternoon":1,"evening":0,"night":0},"recent":[{"d":"2025-07-28","day":"Mon","time":"12:30","desc":"VEHICLE THEFT","res":"closed"}]}},{"type":"Feature","geometry":{"type":"Polygon","coordinates":[[[-86.67879214596898,36.23837936419303],[-86.67733233199715,36.2396426774551],[-86.6779768472312,36.24140856137769],[-86.6800812558455,36.24191115074724],[-86.68154110895833,36.24064782118335],[-86.68089651431667,36.23888191855224],[-86.67879214596898,36.23837936419303],[-86.67879214596898,36.23837936419303]]]},"properties":{"h3":"89264d889dbffff","count":2,"c3":0,"c6":0,"c12":1,"c24":2,"score":1,"risk":1,"peakDay":"Monday","peakTime":"night","hood":"","bk12":{"morning":1,"afternoon":0,"evening":0,"night":0},"bk24":{"morning":1,"afternoon":0,"evening":0,"night":1},"sv12":1,"recent":[{"d":"2025-10-22","day":"Wed","time":"07:40","desc":"THEFT OF VEHICLE-2,500 OR > BUT<$10,000","res":"unsolved"},{"d":"2025-07-28","day":"Mon","time":"23:30","desc":"VEHICLE THEFT","res":"unsolved"}]}},{"type":"Feature","geometry":{"type":"Polygon","coordinates":[[[-86.76210197009401,36.20341958593153],[-86.760642435929,36.204684978349306],[-86.76128869932124,36.20645143096893],[-86.76339457621955,36.20695250974416],[-86.76485414929951,36.20568710093062],[-86.764207806567,36.20392062973811],[-86.76210197009401,36.20341958593153],[-86.76210197009401,36.20341958593153]]]},"properties":{"h3":"89264d135afffff","count":1,"c3":0,"c6":0,"c12":0,"c24":1,"score":0.4,"risk":0,"peakDay":"Tuesday","peakTime":"afternoon","hood":"","bk12":{"morning":0,"afternoon":0,"evening":0,"night":0},"bk24":{"morning":0,"afternoon":1,"evening":0,"night":0},"recent":[{"d":"2025-07-29","day":"Tue","time":"12:00","desc":"VEHICLE THEFT","res":"closed"}]}},{"type":"Feature","geometry":{"type":"Polygon","coordinates":[[[-86.65037953308841,36.04449891353277],[-86.64892252281035,36.045764652958034],[-86.64956516323437,36.04753191940899],[-86.65166489305253,36.048033465207105],[-86.65312194239303,36.046767709350355],[-86.65247922285373,36.04500042412746],[-86.65037953308841,36.04449891353277],[-86.65037953308841,36.04449891353277]]]},"properties":{"h3":"89264d14667ffff","count":3,"c3":0,"c6":0,"c12":0,"c24":3,"score":1.3,"risk":1,"peakDay":"Wednesday","peakTime":"night","hood":"","bk12":{"morning":0,"afternoon":0,"evening":0,"night":0},"bk24":{"morning":0,"afternoon":0,"evening":0,"night":3},"recent":[{"d":"2025-07-30","day":"Wed","time":"02:40","desc":"VEHICLE THEFT","res":"closed"},{"d":"2025-07-30","day":"Wed","time":"02:40","desc":"VEHICLE THEFT","res":"closed"},{"d":"2025-07-30","day":"Wed","time":"02:40","desc":"VEHICLE THEFT","res":"closed"}]}},{"type":"Feature","geometry":{"type":"Polygon","coordinates":[[[-86.92857911716503,36.09604262396067],[-86.92712068443123,36.097312732017166],[-86.9277702006043,36.09908059715024],[-86.92987822865788,36.099578372531035],[-86.93133669982552,36.09830824786285],[-86.93068710450657,36.09654036442607],[-86.92857911716503,36.09604262396067],[-86.92857911716503,36.09604262396067]]]},"properties":{"h3":"89264d18143ffff","count":2,"c3":0,"c6":0,"c12":0,"c24":2,"score":0.9,"risk":1,"peakDay":"Wednesday","peakTime":"evening","hood":"","bk12":{"morning":0,"afternoon":0,"evening":0,"night":0},"bk24":{"morning":0,"afternoon":0,"evening":2,"night":0},"recent":[{"d":"2025-07-30","day":"Wed","time":"19:30","desc":"VEHICLE THEFT","res":"closed"},{"d":"2025-07-30","day":"Wed","time":"19:30","desc":"VEHICLE THEFT","res":"closed"}]}},{"type":"Feature","geometry":{"type":"Polygon","coordinates":[[[-86.78173890418853,36.167766636345405],[-86.7802798228747,36.16903293636338],[-86.78092632694462,36.17079973437408],[-86.78303199161151,36.17130025091043],[-86.7844911117663,36.170033934453166],[-86.78384452841406,36.1682671178993],[-86.78173890418853,36.167766636345405],[-86.78173890418853,36.167766636345405]]]},"properties":{"h3":"89264d10613ffff","count":2,"c3":0,"c6":0,"c12":0,"c24":2,"score":0.9,"risk":1,"peakDay":"Thursday","peakTime":"night","hood":"","bk12":{"morning":0,"afternoon":0,"evening":0,"night":0},"bk24":{"morning":1,"afternoon":0,"evening":0,"night":1},"recent":[{"d":"2025-08-29","day":"Fri","time":"09:00","desc":"VEHICLE THEFT","res":"closed"},{"d":"2025-07-31","day":"Thu","time":"04:45","desc":"VEHICLE THEFT","res":"closed"}]}},{"type":"Feature","geometry":{"type":"Polygon","coordinates":[[[-86.70099314838185,36.23078242765858],[-86.6995333842295,36.23204626898378],[-86.70017837622812,36.23381229151891],[-86.70228321177233,36.23431449140158],[-86.70374301500682,36.2330506337508],[-86.70309794361579,36.23128459254342],[-86.70099314838185,36.23078242765858],[-86.70099314838185,36.23078242765858]]]},"properties":{"h3":"89264d88bc3ffff","count":1,"c3":0,"c6":0,"c12":0,"c24":1,"score":0.4,"risk":0,"peakDay":"Thursday","peakTime":"afternoon","hood":"","bk12":{"morning":0,"afternoon":0,"evening":0,"night":0},"bk24":{"morning":0,"afternoon":1,"evening":0,"night":0},"recent":[{"d":"2025-07-31","day":"Thu","time":"14:30","desc":"VEHICLE THEFT","res":"closed"}]}},{"type":"Feature","geometry":{"type":"Polygon","coordinates":[[[-86.72979281513338,36.13604839314435],[-86.72833431199768,36.13731421365223],[-86.72897939338725,36.13908107055553],[-86.73108305715583,36.13958212558383],[-86.73254159923327,36.13831628865321],[-86.73189643860117,36.1365494131175],[-86.72979281513338,36.13604839314435],[-86.72979281513338,36.13604839314435]]]},"properties":{"h3":"89264d12a4fffff","count":1,"c3":0,"c6":0,"c12":0,"c24":1,"score":0.4,"risk":0,"peakDay":"Thursday","peakTime":"afternoon","hood":"","bk12":{"morning":0,"afternoon":0,"evening":0,"night":0},"bk24":{"morning":0,"afternoon":1,"evening":0,"night":0},"recent":[{"d":"2025-07-31","day":"Thu","time":"15:00","desc":"VEHICLE THEFT","res":"closed"}]}},{"type":"Feature","geometry":{"type":"Polygon","coordinates":[[[-86.74714602338385,36.24662036666628],[-86.74568591776611,36.24788482171923],[-86.74633209796657,36.24965088552019],[-86.74843846319469,36.25015251286265],[-86.7498986077958,36.24888804145958],[-86.74925234818626,36.24712195906465],[-86.74714602338385,36.24662036666628],[-86.74714602338385,36.24662036666628]]]},"properties":{"h3":"89264d898a7ffff","count":1,"c3":0,"c6":0,"c12":0,"c24":1,"score":0.4,"risk":0,"peakDay":"Thursday","peakTime":"afternoon","hood":"","bk12":{"morning":0,"afternoon":0,"evening":0,"night":0},"bk24":{"morning":0,"afternoon":1,"evening":0,"night":0},"recent":[{"d":"2025-07-31","day":"Thu","time":"16:29","desc":"VEHICLE OFFENSE, CRIMINAL ATTEMPT","res":"closed"}]}},{"type":"Feature","geometry":{"type":"Polygon","coordinates":[[[-86.7724262277371,36.252637638309274],[-86.770965973328,36.25390247000713],[-86.77161278776487,36.255668576342735],[-86.77371993602569,36.256169869532336],[-86.77518022936192,36.2549050214689],[-86.77453333551104,36.25313889658195],[-86.7724262277371,36.252637638309274],[-86.7724262277371,36.252637638309274]]]},"properties":{"h3":"89264d8985bffff","count":1,"c3":0,"c6":0,"c12":0,"c24":1,"score":0.4,"risk":0,"peakDay":"Friday","peakTime":"morning","hood":"","bk12":{"morning":0,"afternoon":0,"evening":0,"night":0},"bk24":{"morning":1,"afternoon":0,"evening":0,"night":0},"recent":[{"d":"2025-08-01","day":"Fri","time":"08:00","desc":"VEHICLE THEFT","res":"closed"}]}},{"type":"Feature","geometry":{"type":"Polygon","coordinates":[[[-86.7627912164973,36.16326105269435],[-86.76133224638286,36.16452707030261],[-86.76197827551034,36.166293835778845],[-86.76408335403175,36.166794602222424],[-86.76554236302933,36.165528568186424],[-86.76489625462315,36.16376178413506],[-86.7627912164973,36.16326105269435],[-86.7627912164973,36.16326105269435]]]},"properties":{"h3":"89264d10463ffff","count":1,"c3":0,"c6":0,"c12":0,"c24":1,"score":0.4,"risk":0,"peakDay":"Saturday","peakTime":"afternoon","hood":"","bk12":{"morning":0,"afternoon":0,"evening":0,"night":0},"bk24":{"morning":0,"afternoon":1,"evening":0,"night":0},"recent":[{"d":"2025-08-02","day":"Sat","time":"14:18","desc":"VEHICLE THEFT","res":"closed"}]}},{"type":"Feature","geometry":{"type":"Polygon","coordinates":[[[-86.59837583281848,36.03851867205108],[-86.59691904419545,36.03978353784564],[-86.59756042144468,36.04155065845907],[-86.59965866643161,36.04205293213743],[-86.60111549423617,36.04078804994837],[-86.60047403787306,36.03902091047592],[-86.59837583281848,36.03851867205108],[-86.59837583281848,36.03851867205108]]]},"properties":{"h3":"89264d14533ffff","count":1,"c3":0,"c6":0,"c12":0,"c24":1,"score":0.4,"risk":0,"peakDay":"Saturday","peakTime":"evening","hood":"","bk12":{"morning":0,"afternoon":0,"evening":0,"night":0},"bk24":{"morning":0,"afternoon":0,"evening":1,"night":0},"recent":[{"d":"2025-08-02","day":"Sat","time":"21:00","desc":"VEHICLE THEFT","res":"unsolved"}]}},{"type":"Feature","geometry":{"type":"Polygon","coordinates":[[[-86.6387750177601,36.24976767368576],[-86.63731514746458,36.2510300699662],[-86.63795878867391,36.252795721232054],[-86.64006237961088,36.25329899499202],[-86.64152228915168,36.252036582450806],[-86.64087856851107,36.25027091241089],[-86.6387750177601,36.24976767368576],[-86.6387750177601,36.24976767368576]]]},"properties":{"h3":"89264d8f63bffff","count":1,"c3":0,"c6":0,"c12":0,"c24":1,"score":0.4,"risk":0,"peakDay":"Sunday","peakTime":"night","hood":"","bk12":{"morning":0,"afternoon":0,"evening":0,"night":0},"bk24":{"morning":0,"afternoon":0,"evening":0,"night":1},"recent":[{"d":"2025-08-03","day":"Sun","time":"22:30","desc":"VEHICLE THEFT","res":"closed"}]}},{"type":"Feature","geometry":{"type":"Polygon","coordinates":[[[-86.69234154447682,36.17550866160086],[-86.69088258196395,36.17677318656363],[-86.6915270255042,36.17853960559108],[-86.69363051086712,36.17904151834773],[-86.69508951244109,36.17777697702309],[-86.69444498959182,36.17601053930414],[-86.69234154447682,36.17550866160086],[-86.69234154447682,36.17550866160086]]]},"properties":{"h3":"89264d12cd3ffff","count":1,"c3":0,"c6":0,"c12":0,"c24":1,"score":0.4,"risk":0,"peakDay":"Monday","peakTime":"afternoon","hood":"","bk12":{"morning":0,"afternoon":0,"evening":0,"night":0},"bk24":{"morning":0,"afternoon":1,"evening":0,"night":0},"recent":[{"d":"2025-08-04","day":"Mon","time":"15:07","desc":"THEFT OF VEHICLE-2,500 OR > BUT<$10,000","res":"closed"}]}},{"type":"Feature","geometry":{"type":"Polygon","coordinates":[[[-86.5677265552761,36.027950272223215],[-86.56626999725556,36.029214729720145],[-86.56691058641906,36.03098181649376],[-86.56900781270598,36.03148446468175],[-86.57046440997271,36.03021999080658],[-86.5698237417071,36.02845288512215],[-86.5677265552761,36.027950272223215],[-86.5677265552761,36.027950272223215]]]},"properties":{"h3":"89264d1687bffff","count":2,"c3":0,"c6":0,"c12":0,"c24":2,"score":0.9,"risk":1,"peakDay":"Tuesday","peakTime":"afternoon","hood":"","bk12":{"morning":0,"afternoon":0,"evening":0,"night":0},"bk24":{"morning":0,"afternoon":1,"evening":1,"night":0},"recent":[{"d":"2025-09-12","day":"Fri","time":"18:00","desc":"VEHICLE THEFT","res":"unsolved"},{"d":"2025-08-05","day":"Tue","time":"14:09","desc":"VEHICLE THEFT","res":"unsolved"}]}},{"type":"Feature","geometry":{"type":"Polygon","coordinates":[[[-86.89977902073834,36.27963055692709],[-86.8983180716432,36.28089733501018],[-86.89896805994817,36.28266367403469],[-86.9010790767814,36.283163253313056],[-86.90254006451659,36.2818964587842],[-86.90188999677929,36.280130101423225],[-86.89977902073834,36.27963055692709],[-86.89977902073834,36.27963055692709]]]},"properties":{"h3":"89264dc4447ffff","count":1,"c3":0,"c6":0,"c12":0,"c24":1,"score":0.4,"risk":0,"peakDay":"Thursday","peakTime":"evening","hood":"","bk12":{"morning":0,"afternoon":0,"evening":0,"night":0},"bk24":{"morning":0,"afternoon":0,"evening":1,"night":0},"recent":[{"d":"2025-08-07","day":"Thu","time":"17:30","desc":"THEFT OF VEHICLE-2,500 OR > BUT<$10,000","res":"unsolved"}]}},{"type":"Feature","geometry":{"type":"Polygon","coordinates":[[[-86.81431767580848,36.14646498234952],[-86.81285881294917,36.147732210151744],[-86.81350595220209,36.14949928763694],[-86.81561203355918,36.14999915581098],[-86.81707093516529,36.148731911526916],[-86.81642371666831,36.14696481555113],[-86.81431767580848,36.14646498234952],[-86.81431767580848,36.14646498234952]]]},"properties":{"h3":"89264d111d7ffff","count":1,"c3":0,"c6":0,"c12":0,"c24":1,"score":0.4,"risk":0,"peakDay":"Saturday","peakTime":"morning","hood":"","bk12":{"morning":0,"afternoon":0,"evening":0,"night":0},"bk24":{"morning":1,"afternoon":0,"evening":0,"night":0},"recent":[{"d":"2025-08-09","day":"Sat","time":"06:00","desc":"VEHICLE THEFT","res":"closed"}]}},{"type":"Feature","geometry":{"type":"Polygon","coordinates":[[[-86.94979275297734,36.26887568982511],[-86.94833183615678,36.270143558121234],[-86.94898293634377,36.2719101533199],[-86.95109503275813,36.27240889847687],[-86.95255598808947,36.27114101368714],[-86.95190480849647,36.26937440023454],[-86.94979275297734,36.26887568982511],[-86.94979275297734,36.26887568982511]]]},"properties":{"h3":"89264dc5547ffff","count":1,"c3":0,"c6":0,"c12":0,"c24":1,"score":0.4,"risk":0,"peakDay":"Monday","peakTime":"morning","hood":"","bk12":{"morning":0,"afternoon":0,"evening":0,"night":0},"bk24":{"morning":1,"afternoon":0,"evening":0,"night":0},"recent":[{"d":"2025-08-11","day":"Mon","time":"11:30","desc":"VEHICLE THEFT","res":"unsolved"}]}},{"type":"Feature","geometry":{"type":"Polygon","coordinates":[[[-86.66804209568555,36.10357691719064],[-86.6665842088649,36.104842086979744],[-86.66722763210394,36.10660896943289],[-86.66932902136722,36.107110700835314],[-86.67078694725272,36.10584551464724],[-86.67014344481088,36.10407861345619],[-86.66804209568555,36.10357691719064],[-86.66804209568555,36.10357691719064]]]},"properties":{"h3":"89264d176a7ffff","count":1,"c3":0,"c6":0,"c12":0,"c24":1,"score":0.4,"risk":0,"peakDay":"Monday","peakTime":"afternoon","hood":"","bk12":{"morning":0,"afternoon":0,"evening":0,"night":0},"bk24":{"morning":0,"afternoon":1,"evening":0,"night":0},"recent":[{"d":"2025-08-11","day":"Mon","time":"16:23","desc":"VEHICLE THEFT","res":"closed"}]}},{"type":"Feature","geometry":{"type":"Polygon","coordinates":[[[-86.66967090012909,36.09751255092706],[-86.66821309434742,36.09877784311008],[-86.66885651835966,36.100544777683666],[-86.67095782734764,36.10104643881041],[-86.67241567218575,36.09978113022233],[-86.67177216898023,36.09801417691306],[-86.66967090012909,36.09751255092706],[-86.66967090012909,36.09751255092706]]]},"properties":{"h3":"89264d170cbffff","count":1,"c3":0,"c6":0,"c12":0,"c24":1,"score":0.4,"risk":0,"peakDay":"Monday","peakTime":"afternoon","hood":"","bk12":{"morning":0,"afternoon":0,"evening":0,"night":0},"bk24":{"morning":0,"afternoon":1,"evening":0,"night":0},"recent":[{"d":"2025-08-11","day":"Mon","time":"16:51","desc":"THEFT OF VEHICLE-2,500 OR > BUT<$10,000","res":"unsolved"}]}},{"type":"Feature","geometry":{"type":"Polygon","coordinates":[[[-86.7231746043277,36.12317895409936],[-86.72171629922119,36.12444484777895],[-86.72236114445703,36.12621177956691],[-86.7244643740242,36.12671283632023],[-86.72592271807864,36.12544692621305],[-86.72527779361882,36.12367997578062],[-86.7231746043277,36.12317895409936],[-86.7231746043277,36.12317895409936]]]},"properties":{"h3":"89264d10c8bffff","count":1,"c3":0,"c6":0,"c12":0,"c24":1,"score":0.4,"risk":0,"peakDay":"Monday","peakTime":"evening","hood":"","bk12":{"morning":0,"afternoon":0,"evening":0,"night":0},"bk24":{"morning":0,"afternoon":0,"evening":1,"night":0},"recent":[{"d":"2025-08-11","day":"Mon","time":"18:30","desc":"VEHICLE THEFT","res":"closed"}]}},{"type":"Feature","geometry":{"type":"Polygon","coordinates":[[[-86.59645177778069,36.03321719981285],[-86.59499506874687,36.03448211031806],[-86.59563636784797,36.03624926377118],[-86.59773445508972,36.03675152558224],[-86.59919120330564,36.03548659867987],[-86.59854982509846,36.033719426364115],[-86.59645177778069,36.03321719981285],[-86.59645177778069,36.03321719981285]]]},"properties":{"h3":"89264d14527ffff","count":2,"c3":0,"c6":0,"c12":0,"c24":2,"score":0.9,"risk":1,"peakDay":"Monday","peakTime":"evening","hood":"","bk12":{"morning":0,"afternoon":0,"evening":0,"night":0},"bk24":{"morning":0,"afternoon":0,"evening":2,"night":0},"recent":[{"d":"2025-08-11","day":"Mon","time":"18:45","desc":"VEHICLE THEFT","res":"closed"},{"d":"2025-08-11","day":"Mon","time":"18:45","desc":"VEHICLE THEFT","res":"closed"}]}},{"type":"Feature","geometry":{"type":"Polygon","coordinates":[[[-86.58112634153026,36.027933697312896],[-86.57966974771348,36.02919840365281],[-86.58031065277305,36.03096554021494],[-86.58240823075039,36.031467989326146],[-86.58386486378164,36.03020326659718],[-86.58322387962187,36.02843611114653],[-86.58112634153026,36.027933697312896],[-86.58112634153026,36.027933697312896]]]},"properties":{"h3":"89264d16a17ffff","count":2,"c3":0,"c6":0,"c12":1,"c24":2,"score":1,"risk":1,"peakDay":"Monday","peakTime":"evening","hood":"","bk12":{"morning":0,"afternoon":0,"evening":0,"night":1},"bk24":{"morning":0,"afternoon":0,"evening":1,"night":1},"sv12":1,"recent":[{"d":"2025-12-21","day":"Sun","time":"23:06","desc":"VEHICLE THEFT","res":"unsolved"},{"d":"2025-08-11","day":"Mon","time":"21:00","desc":"VEHICLE THEFT","res":"unsolved"}]}},{"type":"Feature","geometry":{"type":"Polygon","coordinates":[[[-86.76648048767882,36.19962313048999],[-86.76502099597062,36.20088866200034],[-86.76566733896024,36.202655159572885],[-86.7677732529926,36.203156144201465],[-86.76923278360235,36.2018905962889],[-86.768586361279,36.20012408015046],[-86.76648048767882,36.19962313048999],[-86.76648048767882,36.19962313048999]]]},"properties":{"h3":"89264d13523ffff","count":1,"c3":0,"c6":0,"c12":0,"c24":1,"score":0.4,"risk":0,"peakDay":"Monday","peakTime":"night","hood":"","bk12":{"morning":0,"afternoon":0,"evening":0,"night":0},"bk24":{"morning":0,"afternoon":0,"evening":0,"night":1},"recent":[{"d":"2025-08-11","day":"Mon","time":"22:00","desc":"VEHICLE THEFT","res":"closed"}]}},{"type":"Feature","geometry":{"type":"Polygon","coordinates":[[[-86.65869377851776,36.08843792375427],[-86.65723612901007,36.08970315032122],[-86.65787923784124,36.09147011405009],[-86.65998007536196,36.0919718699672],[-86.6614377639454,36.09070662699685],[-86.66079457593314,36.08893964451329],[-86.65869377851776,36.08843792375427],[-86.65869377851776,36.08843792375427]]]},"properties":{"h3":"89264d17007ffff","count":1,"c3":0,"c6":0,"c12":0,"c24":1,"score":0.4,"risk":0,"peakDay":"Wednesday","peakTime":"night","hood":"","bk12":{"morning":0,"afternoon":0,"evening":0,"night":0},"bk24":{"morning":0,"afternoon":0,"evening":0,"night":1},"recent":[{"d":"2025-08-13","day":"Wed","time":"04:00","desc":"VEHICLE THEFT","res":"unsolved"}]}},{"type":"Feature","geometry":{"type":"Polygon","coordinates":[[[-86.80619859987998,36.1768040980319],[-86.80473933008798,36.17807071342626],[-86.80538646736414,36.17983752811157],[-86.80749295372495,36.18033774590462],[-86.80895226230592,36.17907111405863],[-86.80830504573788,36.1773042808717],[-86.80619859987998,36.1768040980319],[-86.80619859987998,36.1768040980319]]]},"properties":{"h3":"89264d13373ffff","count":1,"c3":0,"c6":0,"c12":0,"c24":1,"score":0.5,"risk":0,"peakDay":"Wednesday","peakTime":"afternoon","hood":"","bk12":{"morning":0,"afternoon":0,"evening":0,"night":0},"bk24":{"morning":0,"afternoon":1,"evening":0,"night":0},"recent":[{"d":"2025-08-13","day":"Wed","time":"14:00","desc":"VEHICLE THEFT","res":"closed"}]}},{"type":"Feature","geometry":{"type":"Polygon","coordinates":[[[-86.80905651280555,36.27907995599091],[-86.80759579351336,36.28034506195585],[-86.80824363787492,36.282111090199166],[-86.81035228097771,36.282612030965915],[-86.81181303912872,36.28134690862677],[-86.81116511531894,36.279580861895575],[-86.80905651280555,36.27907995599091],[-86.80905651280555,36.27907995599091]]]},"properties":{"h3":"89264d8934fffff","count":1,"c3":0,"c6":0,"c12":0,"c24":1,"score":0.5,"risk":0,"peakDay":"Friday","peakTime":"evening","hood":"","bk12":{"morning":0,"afternoon":0,"evening":0,"night":0},"bk24":{"morning":0,"afternoon":0,"evening":1,"night":0},"recent":[{"d":"2025-08-15","day":"Fri","time":"18:00","desc":"VEHICLE THEFT","res":"unsolved"}]}},{"type":"Feature","geometry":{"type":"Polygon","coordinates":[[[-86.62852291489872,36.06348015245616],[-86.62706569554251,36.064745198612435],[-86.62770793817778,36.06651224151731],[-86.62980747931756,36.06701425707329],[-86.63126473780251,36.065749194518084],[-86.6306224160197,36.0639821328063],[-86.62852291489872,36.06348015245616],[-86.62852291489872,36.06348015245616]]]},"properties":{"h3":"89264d144cfffff","count":1,"c3":0,"c6":0,"c12":0,"c24":1,"score":0.5,"risk":0,"peakDay":"Friday","peakTime":"night","hood":"","bk12":{"morning":0,"afternoon":0,"evening":0,"night":0},"bk24":{"morning":0,"afternoon":0,"evening":0,"night":1},"recent":[{"d":"2025-08-15","day":"Fri","time":"22:00","desc":"VEHICLE THEFT","res":"closed"}]}},{"type":"Feature","geometry":{"type":"Polygon","coordinates":[[[-86.7634159284971,36.18599154120667],[-86.76195663662654,36.18725722389185],[-86.76260282226016,36.18902381609897],[-86.76470837907856,36.18952474419357],[-86.76616770984782,36.18825904509796],[-86.7655214449008,36.186492434318666],[-86.7634159284971,36.18599154120667],[-86.7634159284971,36.18599154120667]]]},"properties":{"h3":"89264d131b7ffff","count":1,"c3":0,"c6":0,"c12":0,"c24":1,"score":0.5,"risk":0,"peakDay":"Saturday","peakTime":"morning","hood":"","bk12":{"morning":0,"afternoon":0,"evening":0,"night":0},"bk24":{"morning":1,"afternoon":0,"evening":0,"night":0},"recent":[{"d":"2025-08-16","day":"Sat","time":"05:22","desc":"VEHICLE THEFT","res":"closed"}]}},{"type":"Feature","geometry":{"type":"Polygon","coordinates":[[[-86.68930118726436,36.061857483883294],[-86.68784383159412,36.06312368143104],[-86.68848749719713,36.064890958211656],[-86.6905885976069,36.06539205615083],[-86.69204599225989,36.064125842154226],[-86.69140224752115,36.06235854666782],[-86.68930118726436,36.061857483883294],[-86.68930118726436,36.061857483883294]]]},"properties":{"h3":"89264d15407ffff","count":1,"c3":0,"c6":0,"c12":0,"c24":1,"score":0.5,"risk":0,"peakDay":"Saturday","peakTime":"night","hood":"","bk12":{"morning":0,"afternoon":0,"evening":0,"night":0},"bk24":{"morning":0,"afternoon":0,"evening":0,"night":1},"recent":[{"d":"2025-08-16","day":"Sat","time":"23:00","desc":"VEHICLE THEFT","res":"closed"}]}},{"type":"Feature","geometry":{"type":"Polygon","coordinates":[[[-86.74032339853878,36.259504332105486],[-86.73886312838998,36.260768463507546],[-86.73950922802067,36.26253440261702],[-86.7416156772309,36.2630362289291],[-86.7430759863891,36.26177208119245],[-86.74242980732845,36.260006123478796],[-86.74032339853878,36.259504332105486],[-86.74032339853878,36.259504332105486]]]},"properties":{"h3":"89264d89dcfffff","count":1,"c3":0,"c6":0,"c12":0,"c24":1,"score":0.5,"risk":0,"peakDay":"Saturday","peakTime":"night","hood":"","bk12":{"morning":0,"afternoon":0,"evening":0,"night":0},"bk24":{"morning":0,"afternoon":0,"evening":0,"night":1},"recent":[{"d":"2025-08-16","day":"Sat","time":"23:00","desc":"VEHICLE THEFT","res":"unsolved"}]}},{"type":"Feature","geometry":{"type":"Polygon","coordinates":[[[-86.85904589253148,36.14254818634935],[-86.85758697438621,36.14381630176765],[-86.85823514340802,36.14558356670799],[-86.8603423098059,36.14608273464682],[-86.86180126658735,36.14481460270817],[-86.86115301833556,36.14304731935156],[-86.85904589253148,36.14254818634935],[-86.85904589253148,36.14254818634935]]]},"properties":{"h3":"89264d11277ffff","count":2,"c3":0,"c6":0,"c12":1,"c24":2,"score":1.1,"risk":1,"peakDay":"Sunday","peakTime":"night","hood":"","bk12":{"morning":0,"afternoon":1,"evening":0,"night":0},"bk24":{"morning":0,"afternoon":1,"evening":0,"night":1},"sv12":1,"recent":[{"d":"2026-03-03","day":"Tue","time":"16:43","desc":"VEHICLE THEFT","res":"closed"},{"d":"2025-08-17","day":"Sun","time":"00:00","desc":"VEHICLE THEFT","res":"closed"}]}},{"type":"Feature","geometry":{"type":"Polygon","coordinates":[[[-86.6505813158419,36.25581494882833],[-86.64912132921982,36.2570774716766],[-86.6497652869124,36.25884311853736],[-86.65186931066663,36.2593462613042],[-86.65332933651041,36.25808372219037],[-86.65268529937904,36.25631805657575],[-86.6505813158419,36.25581494882833],[-86.6505813158419,36.25581494882833]]]},"properties":{"h3":"89264d8f643ffff","count":1,"c3":0,"c6":0,"c12":0,"c24":1,"score":0.5,"risk":0,"peakDay":"Monday","peakTime":"afternoon","hood":"","bk12":{"morning":0,"afternoon":0,"evening":0,"night":0},"bk24":{"morning":0,"afternoon":1,"evening":0,"night":0},"recent":[{"d":"2025-08-18","day":"Mon","time":"12:54","desc":"VEHICLE OFFENSE, CRIMINAL ATTEMPT","res":"closed"}]}},{"type":"Feature","geometry":{"type":"Polygon","coordinates":[[[-86.7742961199101,36.15793139121148],[-86.77283719580798,36.15919770317095],[-86.77348346301257,36.16096455061739],[-86.77558873358862,36.16146510466123],[-86.77704769654221,36.16019877626069],[-86.77640135006908,36.15843191025785],[-86.7742961199101,36.15793139121148],[-86.7742961199101,36.15793139121148]]]},"properties":{"h3":"89264d10637ffff","count":1,"c3":0,"c6":0,"c12":0,"c24":1,"score":0.5,"risk":0,"peakDay":"Thursday","peakTime":"evening","hood":"","bk12":{"morning":0,"afternoon":0,"evening":0,"night":0},"bk24":{"morning":0,"afternoon":0,"evening":1,"night":0},"recent":[{"d":"2025-08-21","day":"Thu","time":"20:41","desc":"VEHICLE THEFT","res":"closed"}]}},{"type":"Feature","geometry":{"type":"Polygon","coordinates":[[[-86.65067882915095,36.05586649387201],[-86.64922165841284,36.057132066407675],[-86.64986437631899,36.05889924799594],[-86.65196434409667,36.05940087581962],[-86.65342155390508,36.05813528686124],[-86.65277875686631,36.05636808650238],[-86.65067882915095,36.05586649387201],[-86.65067882915095,36.05586649387201]]]},"properties":{"h3":"89264d1461bffff","count":1,"c3":0,"c6":0,"c12":0,"c24":1,"score":0.5,"risk":0,"peakDay":"Friday","peakTime":"morning","hood":"","bk12":{"morning":0,"afternoon":0,"evening":0,"night":0},"bk24":{"morning":1,"afternoon":0,"evening":0,"night":0},"recent":[{"d":"2025-08-22","day":"Fri","time":"07:00","desc":"VEHICLE THEFT","res":"closed"}]}},{"type":"Feature","geometry":{"type":"Polygon","coordinates":[[[-86.72073410200942,36.13227716840116],[-86.71927567513843,36.13354287841459],[-86.71992051942694,36.135309731737756],[-86.72202386982546,36.13581089369578],[-86.72348233565702,36.134545167263866],[-86.7228374121303,36.13277829529289],[-86.72073410200942,36.13227716840116],[-86.72073410200942,36.13227716840116]]]},"properties":{"h3":"89264d12a77ffff","count":2,"c3":0,"c6":0,"c12":0,"c24":2,"score":0.9,"risk":1,"peakDay":"Friday","peakTime":"afternoon","hood":"","bk12":{"morning":0,"afternoon":0,"evening":0,"night":0},"bk24":{"morning":0,"afternoon":2,"evening":0,"night":0},"recent":[{"d":"2025-08-22","day":"Fri","time":"14:26","desc":"VEHICLE THEFT","res":"closed"},{"d":"2025-08-22","day":"Fri","time":"14:26","desc":"VEHICLE THEFT","res":"closed"}]}},{"type":"Feature","geometry":{"type":"Polygon","coordinates":[[[-86.77167186358999,36.192793957009506],[-86.77021245503808,36.19405968892722],[-86.77085887786276,36.19582625779814],[-86.77296478856252,36.196327113309664],[-86.77442423599838,36.195061364980255],[-86.77377773385133,36.19329477755149],[-86.77167186358999,36.192793957009506],[-86.77167186358999,36.192793957009506]]]},"properties":{"h3":"89264d13183ffff","count":1,"c3":0,"c6":0,"c12":0,"c24":1,"score":0.5,"risk":0,"peakDay":"Friday","peakTime":"night","hood":"","bk12":{"morning":0,"afternoon":0,"evening":0,"night":0},"bk24":{"morning":0,"afternoon":0,"evening":0,"night":1},"recent":[{"d":"2025-08-22","day":"Fri","time":"23:24","desc":"VEHICLE THEFT","res":"closed"}]}},{"type":"Feature","geometry":{"type":"Polygon","coordinates":[[[-86.71798606516212,36.13000913809353],[-86.71652767725662,36.13127483168886],[-86.71717244262675,36.133041692522866],[-86.71927567513843,36.13354287841459],[-86.72073410200942,36.13227716840116],[-86.72008925740404,36.13051028891457],[-86.71798606516212,36.13000913809353],[-86.71798606516212,36.13000913809353]]]},"properties":{"h3":"89264d12a2bffff","count":1,"c3":0,"c6":0,"c12":0,"c24":1,"score":0.5,"risk":0,"peakDay":"Saturday","peakTime":"night","hood":"","bk12":{"morning":0,"afternoon":0,"evening":0,"night":0},"bk24":{"morning":0,"afternoon":0,"evening":0,"night":1},"recent":[{"d":"2025-08-23","day":"Sat","time":"04:00","desc":"VEHICLE THEFT","res":"closed"}]}},{"type":"Feature","geometry":{"type":"Polygon","coordinates":[[[-86.71167687942801,36.12850551982186],[-86.71021852888927,36.12977111935618],[-86.71086313611377,36.13153796902568],[-86.71296617311175,36.13203923782456],[-86.71442456262993,36.130773621876],[-86.71377987617149,36.1290067535433],[-86.71167687942801,36.12850551982186],[-86.71167687942801,36.12850551982186]]]},"properties":{"h3":"89264d12a27ffff","count":1,"c3":0,"c6":0,"c12":0,"c24":1,"score":0.5,"risk":0,"peakDay":"Saturday","peakTime":"afternoon","hood":"","bk12":{"morning":0,"afternoon":0,"evening":0,"night":0},"bk24":{"morning":0,"afternoon":1,"evening":0,"night":0},"recent":[{"d":"2025-08-23","day":"Sat","time":"14:00","desc":"VEHICLE THEFT","res":"closed"}]}},{"type":"Feature","geometry":{"type":"Polygon","coordinates":[[[-86.74458662665818,36.21860123437309],[-86.74312692281788,36.21986607028376],[-86.74377286769604,36.22163234292648],[-86.7458785957818,36.22213379825975],[-86.7473383385905,36.22086894597914],[-86.74669231434584,36.219102654735686],[-86.74458662665818,36.21860123437309],[-86.74458662665818,36.21860123437309]]]},"properties":{"h3":"89264d1268bffff","count":1,"c3":0,"c6":0,"c12":0,"c24":1,"score":0.5,"risk":0,"peakDay":"Saturday","peakTime":"evening","hood":"","bk12":{"morning":0,"afternoon":0,"evening":0,"night":0},"bk24":{"morning":0,"afternoon":0,"evening":1,"night":0},"recent":[{"d":"2025-08-23","day":"Sat","time":"17:00","desc":"VEHICLE OFFENSE, CRIMINAL ATTEMPT","res":"closed"}]}},{"type":"Feature","geometry":{"type":"Polygon","coordinates":[[[-86.82953701075823,36.1775037693993],[-86.82807767318184,36.17877080635568],[-86.82872536512167,36.18053769778229],[-86.83083247392756,36.181037570715645],[-86.83229185023733,36.17977051728965],[-86.83164407900864,36.178003607400406],[-86.82953701075823,36.1775037693993],[-86.82953701075823,36.1775037693993]]]},"properties":{"h3":"89264d1141bffff","count":1,"c3":0,"c6":0,"c12":0,"c24":1,"score":0.5,"risk":0,"peakDay":"Sunday","peakTime":"night","hood":"","bk12":{"morning":0,"afternoon":0,"evening":0,"night":0},"bk24":{"morning":0,"afternoon":0,"evening":0,"night":1},"recent":[{"d":"2025-08-24","day":"Sun","time":"01:29","desc":"THEFT OF VEHICLE-2,500 OR > BUT<$10,000","res":"unsolved"}]}},{"type":"Feature","geometry":{"type":"Polygon","coordinates":[[[-86.74276566411271,36.25041359257758],[-86.74130551608049,36.251677908379925],[-86.74195161658203,36.25344392707081],[-86.74405794453226,36.25394564856074],[-86.7455181315612,36.25268131641473],[-86.74487195164403,36.250915279122935],[-86.74276566411271,36.25041359257758],[-86.74276566411271,36.25041359257758]]]},"properties":{"h3":"89264d89d7bffff","count":1,"c3":0,"c6":0,"c12":0,"c24":1,"score":0.5,"risk":0,"peakDay":"Monday","peakTime":"night","hood":"","bk12":{"morning":0,"afternoon":0,"evening":0,"night":0},"bk24":{"morning":0,"afternoon":0,"evening":0,"night":1},"recent":[{"d":"2025-08-25","day":"Mon","time":"03:04","desc":"THEFT OF VEHICLE-2,500 OR > BUT<$10,000","res":"closed"}]}},{"type":"Feature","geometry":{"type":"Polygon","coordinates":[[[-86.80506935732916,36.168469944325324],[-86.80361020772249,36.16973666579656],[-86.80425726632389,36.1715035409068],[-86.8063635538121,36.17200371305047],[-86.80782274220427,36.170736975121955],[-86.80717560432353,36.16897008150752],[-86.80506935732916,36.168469944325324],[-86.80506935732916,36.168469944325324]]]},"properties":{"h3":"89264d1159bffff","count":1,"c3":0,"c6":0,"c12":0,"c24":1,"score":0.5,"risk":0,"peakDay":"Tuesday","peakTime":"evening","hood":"","bk12":{"morning":0,"afternoon":0,"evening":0,"night":0},"bk24":{"morning":0,"afternoon":0,"evening":1,"night":0},"recent":[{"d":"2025-08-26","day":"Tue","time":"20:10","desc":"VEHICLE THEFT","res":"closed"}]}},{"type":"Feature","geometry":{"type":"Polygon","coordinates":[[[-86.66819006264413,36.27775206431787],[-86.66672972025974,36.279014577941524],[-86.66737423053353,36.280780117169975],[-86.66947916266223,36.28128316149782],[-86.67093954424283,36.28002063161155],[-86.6702949544993,36.278255073660546],[-86.66819006264413,36.27775206431787],[-86.66819006264413,36.27775206431787]]]},"properties":{"h3":"89264d8abcbffff","count":1,"c3":0,"c6":0,"c12":0,"c24":1,"score":0.5,"risk":0,"peakDay":"Thursday","peakTime":"night","hood":"","bk12":{"morning":0,"afternoon":0,"evening":0,"night":0},"bk24":{"morning":0,"afternoon":0,"evening":0,"night":1},"recent":[{"d":"2025-08-28","day":"Thu","time":"00:01","desc":"VEHICLE THEFT","res":"unsolved"}]}},{"type":"Feature","geometry":{"type":"Polygon","coordinates":[[[-86.78242043968035,36.127594986907575],[-86.7809619220796,36.12886191107398],[-86.7816081916878,36.13062902067736],[-86.78371305811828,36.131129224660164],[-86.78517161452828,36.12986228402245],[-86.78452526569934,36.12809515587374],[-86.78242043968035,36.127594986907575],[-86.78242043968035,36.127594986907575]]]},"properties":{"h3":"89264d1034bffff","count":1,"c3":0,"c6":0,"c12":0,"c24":1,"score":0.5,"risk":0,"peakDay":"Thursday","peakTime":"night","hood":"","bk12":{"morning":0,"afternoon":0,"evening":0,"night":0},"bk24":{"morning":0,"afternoon":0,"evening":0,"night":1},"recent":[{"d":"2025-08-28","day":"Thu","time":"04:20","desc":"VEHICLE THEFT","res":"closed"}]}},{"type":"Feature","geometry":{"type":"Polygon","coordinates":[[[-86.9233947371105,36.10289059948011],[-86.92193622058184,36.10416050778211],[-86.92258565751791,36.105928302331264],[-86.92469369014081,36.10642620689077],[-86.92615224512093,36.105156281986545],[-86.92550272902753,36.103388469125534],[-86.9233947371105,36.10289059948011],[-86.9233947371105,36.10289059948011]]]},"properties":{"h3":"89264d181c3ffff","count":1,"c3":0,"c6":0,"c12":0,"c24":1,"score":0.5,"risk":0,"peakDay":"Thursday","peakTime":"afternoon","hood":"","bk12":{"morning":0,"afternoon":0,"evening":0,"night":0},"bk24":{"morning":0,"afternoon":1,"evening":0,"night":0},"recent":[{"d":"2025-08-28","day":"Thu","time":"15:23","desc":"VEHICLE THEFT","res":"closed"}]}},{"type":"Feature","geometry":{"type":"Polygon","coordinates":[[[-86.61977340672479,36.20814782249148],[-86.61831417381302,36.20941050268684],[-86.61895710745618,36.21117640748398],[-86.62105935338222,36.21167965089566],[-86.62251862555308,36.21041695442222],[-86.62187561253964,36.20865103081568],[-86.61977340672479,36.20814782249148],[-86.61977340672479,36.20814782249148]]]},"properties":{"h3":"89264d8f327ffff","count":1,"c3":0,"c6":0,"c12":0,"c24":1,"score":0.5,"risk":0,"peakDay":"Friday","peakTime":"night","hood":"","bk12":{"morning":0,"afternoon":0,"evening":0,"night":0},"bk24":{"morning":0,"afternoon":0,"evening":0,"night":1},"recent":[{"d":"2025-08-29","day":"Fri","time":"00:43","desc":"VEHICLE THEFT","res":"unsolved"}]}},{"type":"Feature","geometry":{"type":"Polygon","coordinates":[[[-86.59808247499889,36.027152811098254],[-86.596625846766,36.02841784379319],[-86.59726714683006,36.03018504891684],[-86.5993651542244,36.03068724020641],[-86.60082182163092,36.0294221911082],[-86.60018044247026,36.02765496712421],[-86.59808247499889,36.027152811098254],[-86.59808247499889,36.027152811098254]]]},"properties":{"h3":"89264d16a4bffff","count":1,"c3":0,"c6":0,"c12":0,"c24":1,"score":0.5,"risk":0,"peakDay":"Saturday","peakTime":"afternoon","hood":"","bk12":{"morning":0,"afternoon":0,"evening":0,"night":0},"bk24":{"morning":0,"afternoon":1,"evening":0,"night":0},"recent":[{"d":"2025-08-30","day":"Sat","time":"14:55","desc":"VEHICLE THEFT","res":"unsolved"}]}},{"type":"Feature","geometry":{"type":"Polygon","coordinates":[[[-86.5882346797339,36.02640882123295],[-86.58677808827507,36.02767368254906],[-86.58741915153338,36.02944085688235],[-86.58951688534816,36.02994318877683],[-86.59097351600343,36.028678311064745],[-86.59033237364828,36.026911117854645],[-86.5882346797339,36.02640882123295],[-86.5882346797339,36.02640882123295]]]},"properties":{"h3":"89264d16a0bffff","count":1,"c3":0,"c6":0,"c12":0,"c24":1,"score":0.5,"risk":0,"peakDay":"Monday","peakTime":"evening","hood":"","bk12":{"morning":0,"afternoon":0,"evening":0,"night":0},"bk24":{"morning":0,"afternoon":0,"evening":1,"night":0},"recent":[{"d":"2025-09-01","day":"Mon","time":"21:00","desc":"VEHICLE THEFT","res":"closed"}]}},{"type":"Feature","geometry":{"type":"Polygon","coordinates":[[[-86.75384661485589,36.19661684898834],[-86.75238719746504,36.1978821922214],[-86.75303322365117,36.19964866821497],[-86.75513874656019,36.200149819563194],[-86.75659820288068,36.19888445993564],[-86.75595209736328,36.19711796535486],[-86.75384661485589,36.19661684898834],[-86.75384661485589,36.19661684898834]]]},"properties":{"h3":"89264d122c7ffff","count":1,"c3":0,"c6":0,"c12":0,"c24":1,"score":0.5,"risk":0,"peakDay":"Thursday","peakTime":"night","hood":"","bk12":{"morning":0,"afternoon":0,"evening":0,"night":0},"bk24":{"morning":0,"afternoon":0,"evening":0,"night":1},"recent":[{"d":"2025-09-04","day":"Thu","time":"03:00","desc":"VEHICLE THEFT","res":"closed"}]}},{"type":"Feature","geometry":{"type":"Polygon","coordinates":[[[-86.86893373804556,36.14327626375521],[-86.86747478547153,36.14454455109006],[-86.86812319205943,36.14631184502041],[-86.87023063045142,36.14681087001611],[-86.87168962163831,36.145542566153665],[-86.87104113582113,36.14377525382362],[-86.86893373804556,36.14327626375521],[-86.86893373804556,36.14327626375521]]]},"properties":{"h3":"89264d1a1b7ffff","count":1,"c3":0,"c6":0,"c12":0,"c24":1,"score":0.5,"risk":0,"peakDay":"Thursday","peakTime":"evening","hood":"","bk12":{"morning":0,"afternoon":0,"evening":0,"night":0},"bk24":{"morning":0,"afternoon":0,"evening":1,"night":0},"recent":[{"d":"2025-09-04","day":"Thu","time":"20:00","desc":"VEHICLE THEFT","res":"closed"}]}},{"type":"Feature","geometry":{"type":"Polygon","coordinates":[[[-86.601901216383,36.17484975134668],[-86.60044250032566,36.17611260833238],[-86.60108480523684,36.17787870445744],[-86.60318590552795,36.178381962439325],[-86.6046446608617,36.17711908916382],[-86.60400227662868,36.1753529741967],[-86.601901216383,36.17484975134668],[-86.601901216383,36.17484975134668]]]},"properties":{"h3":"89264d8c3dbffff","count":1,"c3":0,"c6":0,"c12":0,"c24":1,"score":0.5,"risk":0,"peakDay":"Friday","peakTime":"evening","hood":"","bk12":{"morning":0,"afternoon":0,"evening":0,"night":0},"bk24":{"morning":0,"afternoon":0,"evening":1,"night":0},"recent":[{"d":"2025-09-05","day":"Fri","time":"17:00","desc":"VEHICLE OFFENSE, CRIMINAL ATTEMPT","res":"closed"}]}},{"type":"Feature","geometry":{"type":"Polygon","coordinates":[[[-86.7176949357278,36.218643313792484],[-86.71623529990647,36.219907650433164],[-86.71688061043534,36.22167382690631],[-86.71898563615738,36.22217568538479],[-86.72044531101162,36.22091133239571],[-86.71979992111171,36.21914513727703],[-86.7176949357278,36.218643313792484],[-86.7176949357278,36.218643313792484]]]},"properties":{"h3":"89264d12417ffff","count":1,"c3":0,"c6":0,"c12":0,"c24":1,"score":0.5,"risk":0,"peakDay":"Friday","peakTime":"evening","hood":"","bk12":{"morning":0,"afternoon":0,"evening":0,"night":0},"bk24":{"morning":0,"afternoon":0,"evening":1,"night":0},"recent":[{"d":"2025-09-05","day":"Fri","time":"19:00","desc":"VEHICLE THEFT","res":"unsolved"}]}},{"type":"Feature","geometry":{"type":"Polygon","coordinates":[[[-86.69083047760084,36.018644080064796],[-86.68937372472794,36.01991096097166],[-86.69001715838786,36.02167857001357],[-86.6921174239911,36.0221793168556],[-86.69357421581067,36.020912419464494],[-86.69293070308113,36.01914479171608],[-86.69083047760084,36.018644080064796],[-86.69083047760084,36.018644080064796]]]},"properties":{"h3":"89264d153a7ffff","count":3,"c3":0,"c6":0,"c12":1,"c24":3,"score":1.5,"risk":2,"peakDay":"Sunday","peakTime":"night","hood":"","bk12":{"morning":0,"afternoon":0,"evening":0,"night":1},"bk24":{"morning":0,"afternoon":1,"evening":0,"night":2},"sv12":1,"recent":[{"d":"2026-01-05","day":"Mon","time":"02:00","desc":"VEHICLE THEFT","res":"unsolved"},{"d":"2025-09-07","day":"Sun","time":"23:30","desc":"VEHICLE THEFT","res":"unsolved"},{"d":"2025-09-07","day":"Sun","time":"12:11","desc":"VEHICLE THEFT","res":"unsolved"}]}},{"type":"Feature","geometry":{"type":"Polygon","coordinates":[[[-86.76735525620806,36.13369459959326],[-86.7658966907479,36.1349611519178],[-86.76654264320067,36.13672816109909],[-86.7686472403471,36.137228636526324],[-86.77010584465727,36.13596206774724],[-86.76945981297182,36.13419503999597],[-86.76735525620806,36.13369459959326],[-86.76735525620806,36.13369459959326]]]},"properties":{"h3":"89264d1038bffff","count":1,"c3":0,"c6":0,"c12":0,"c24":1,"score":0.5,"risk":0,"peakDay":"Sunday","peakTime":"evening","hood":"","bk12":{"morning":0,"afternoon":0,"evening":0,"night":0},"bk24":{"morning":0,"afternoon":0,"evening":1,"night":0},"recent":[{"d":"2025-09-07","day":"Sun","time":"19:00","desc":"VEHICLE THEFT","res":"closed"}]}},{"type":"Feature","geometry":{"type":"Polygon","coordinates":[[[-86.70068855861656,36.01937970943436],[-86.6992317698905,36.02064676183819],[-86.69987544041116,36.02241440115077],[-86.70197597872786,36.02291500674999],[-86.70343280637763,36.021647937854624],[-86.7027890567878,36.01988027985205],[-86.70068855861656,36.01937970943436],[-86.70068855861656,36.01937970943436]]]},"properties":{"h3":"89264d15307ffff","count":1,"c3":0,"c6":0,"c12":0,"c24":1,"score":0.5,"risk":0,"peakDay":"Sunday","peakTime":"night","hood":"","bk12":{"morning":0,"afternoon":0,"evening":0,"night":0},"bk24":{"morning":0,"afternoon":0,"evening":0,"night":1},"recent":[{"d":"2025-09-07","day":"Sun","time":"22:15","desc":"VEHICLE THEFT","res":"unsolved"}]}},{"type":"Feature","geometry":{"type":"Polygon","coordinates":[[[-86.62022599584063,36.01954014141798],[-86.61876941556699,36.02080570012348],[-86.61941119063674,36.02257304413706],[-86.62150962506271,36.02307484826968],[-86.6229662444517,36.02180927313708],[-86.62232439030016,36.02004191029945],[-86.62022599584063,36.01954014141798],[-86.62022599584063,36.01954014141798]]]},"properties":{"h3":"89264d1414fffff","count":1,"c3":0,"c6":0,"c12":0,"c24":1,"score":0.5,"risk":0,"peakDay":"Monday","peakTime":"afternoon","hood":"","bk12":{"morning":0,"afternoon":0,"evening":0,"night":0},"bk24":{"morning":0,"afternoon":1,"evening":0,"night":0},"recent":[{"d":"2025-09-08","day":"Mon","time":"16:00","desc":"VEHICLE THEFT","res":"unsolved"}]}},{"type":"Feature","geometry":{"type":"Polygon","coordinates":[[[-86.65059530352775,36.01872788537263],[-86.64913865450417,36.01999401939045],[-86.64978114043036,36.02176148098988],[-86.65188035445692,36.0222628273455],[-86.653337042523,36.020996676875654],[-86.65269447752085,36.01922919650267],[-86.65059530352775,36.01872788537263],[-86.65059530352775,36.01872788537263]]]},"properties":{"h3":"89264d15c97ffff","count":1,"c3":0,"c6":0,"c12":0,"c24":1,"score":0.5,"risk":0,"peakDay":"Tuesday","peakTime":"night","hood":"","bk12":{"morning":0,"afternoon":0,"evening":0,"night":0},"bk24":{"morning":0,"afternoon":0,"evening":0,"night":1},"recent":[{"d":"2025-09-09","day":"Tue","time":"02:13","desc":"VEHICLE THEFT","res":"unsolved"}]}},{"type":"Feature","geometry":{"type":"Polygon","coordinates":[[[-86.64076443094746,36.15512594203708],[-86.63930589002229,36.15638982109506],[-86.6399489897828,36.15815621028063],[-86.64205070975511,36.15865873918779],[-86.64350928984913,36.15739484379326],[-86.6428661108028,36.1556284358286],[-86.64076443094746,36.15512594203708],[-86.64076443094746,36.15512594203708]]]},"properties":{"h3":"89264d8de17ffff","count":1,"c3":0,"c6":0,"c12":0,"c24":1,"score":0.5,"risk":0,"peakDay":"Tuesday","peakTime":"evening","hood":"","bk12":{"morning":0,"afternoon":0,"evening":0,"night":0},"bk24":{"morning":0,"afternoon":0,"evening":1,"night":0},"recent":[{"d":"2025-09-09","day":"Tue","time":"20:00","desc":"THEFT OF VEHICLE-2,500 OR > BUT<$10,000","res":"closed"}]}},{"type":"Feature","geometry":{"type":"Polygon","coordinates":[[[-86.76485414929951,36.20568710093062],[-86.76339457621955,36.20695250974416],[-86.7640409186939,36.20871895454816],[-86.76614691359222,36.2092200091072],[-86.7676065255822,36.20795458389749],[-86.76696010376459,36.20618812052539],[-86.76485414929951,36.20568710093062],[-86.76485414929951,36.20568710093062]]]},"properties":{"h3":"89264d135abffff","count":1,"c3":0,"c6":0,"c12":0,"c24":1,"score":0.5,"risk":0,"peakDay":"Wednesday","peakTime":"morning","hood":"","bk12":{"morning":0,"afternoon":0,"evening":0,"night":0},"bk24":{"morning":1,"afternoon":0,"evening":0,"night":0},"recent":[{"d":"2025-09-10","day":"Wed","time":"09:00","desc":"THEFT OF VEHICLE-2,500 OR > BUT<$10,000","res":"closed"}]}},{"type":"Feature","geometry":{"type":"Polygon","coordinates":[[[-86.75915006475581,36.38967966875328],[-86.75768790619283,36.39094215117648],[-86.75833526514944,36.39270713136916],[-86.76044486229702,36.39320964769942],[-86.76190705992254,36.39194714902747],[-86.76125962133874,36.39018215027448],[-86.75915006475581,36.38967966875328],[-86.75915006475581,36.38967966875328]]]},"properties":{"h3":"89264dd69b3ffff","count":1,"c3":0,"c6":0,"c12":0,"c24":1,"score":0.5,"risk":0,"peakDay":"Thursday","peakTime":"afternoon","hood":"","bk12":{"morning":0,"afternoon":0,"evening":0,"night":0},"bk24":{"morning":0,"afternoon":1,"evening":0,"night":0},"recent":[{"d":"2025-09-11","day":"Thu","time":"13:00","desc":"VEHICLE THEFT","res":"unsolved"}]}},{"type":"Feature","geometry":{"type":"Polygon","coordinates":[[[-86.75490223953354,36.26781255468456],[-86.7534418151149,36.26907682925236],[-86.754088310797,36.270842755118764],[-86.75619531033884,36.271344424997],[-86.75765577373818,36.27008013408941],[-86.75700919861576,36.26831418964387],[-86.75490223953354,36.26781255468456],[-86.75490223953354,36.26781255468456]]]},"properties":{"h3":"89264d89c0fffff","count":1,"c3":0,"c6":0,"c12":0,"c24":1,"score":0.5,"risk":0,"peakDay":"Friday","peakTime":"evening","hood":"","bk12":{"morning":0,"afternoon":0,"evening":0,"night":0},"bk24":{"morning":0,"afternoon":0,"evening":1,"night":0},"recent":[{"d":"2025-09-12","day":"Fri","time":"17:00","desc":"VEHICLE THEFT","res":"closed"}]}},{"type":"Feature","geometry":{"type":"Polygon","coordinates":[[[-86.96084687731121,36.27793678560087],[-86.95938580647773,36.27920471987401],[-86.96003722430466,36.28097128147284],[-86.96214979238364,36.28146992703367],[-86.96361090170784,36.280201976265225],[-86.96295940446315,36.27843539643175],[-86.96084687731121,36.27793678560087],[-86.96084687731121,36.27793678560087]]]},"properties":{"h3":"89264dc542bffff","count":1,"c3":0,"c6":0,"c12":0,"c24":1,"score":0.5,"risk":0,"peakDay":"Sunday","peakTime":"evening","hood":"","bk12":{"morning":0,"afternoon":0,"evening":0,"night":0},"bk24":{"morning":0,"afternoon":0,"evening":1,"night":0},"recent":[{"d":"2025-09-14","day":"Sun","time":"21:05","desc":"VEHICLE THEFT","res":"unsolved"}]}},{"type":"Feature","geometry":{"type":"Polygon","coordinates":[[[-86.60196737160847,36.2119435211837],[-86.60050813235127,36.21320581278741],[-86.60115066911776,36.214971623449685],[-86.60325252452097,36.21547516134738],[-86.60471180308255,36.2142128534829],[-86.60406918693732,36.21244702398194],[-86.60196737160847,36.2119435211837],[-86.60196737160847,36.2119435211837]]]},"properties":{"h3":"89264d8c693ffff","count":1,"c3":0,"c6":0,"c12":0,"c24":1,"score":0.5,"risk":0,"peakDay":"Monday","peakTime":"evening","hood":"","bk12":{"morning":0,"afternoon":0,"evening":0,"night":0},"bk24":{"morning":0,"afternoon":0,"evening":1,"night":0},"recent":[{"d":"2025-09-15","day":"Mon","time":"18:15","desc":"VEHICLE THEFT","res":"closed"}]}},{"type":"Feature","geometry":{"type":"Polygon","coordinates":[[[-86.64674077674098,36.00812279677894],[-86.64528428667533,36.009389019952046],[-86.64592661611483,36.011156547200876],[-86.6480255146812,36.01165787005785],[-86.64948204379058,36.0103916304274],[-86.64883963529064,36.00862408439782],[-86.64674077674098,36.00812279677894],[-86.64674077674098,36.00812279677894]]]},"properties":{"h3":"89264d15ca7ffff","count":1,"c3":0,"c6":0,"c12":0,"c24":1,"score":0.5,"risk":0,"peakDay":"Wednesday","peakTime":"morning","hood":"","bk12":{"morning":0,"afternoon":0,"evening":0,"night":0},"bk24":{"morning":1,"afternoon":0,"evening":0,"night":0},"recent":[{"d":"2025-09-17","day":"Wed","time":"11:30","desc":"VEHICLE OFFENSE, CRIMINAL ATTEMPT","res":"closed"}]}},{"type":"Feature","geometry":{"type":"Polygon","coordinates":[[[-86.62948289909495,35.997542849668946],[-86.6280266029895,35.99880891309868],[-86.62866846023626,36.00057645639959],[-86.6307666926361,36.00107795508151],[-86.63222302781833,35.99981187519986],[-86.63158109152472,35.99804431308866],[-86.62948289909495,35.997542849668946],[-86.62948289909495,35.997542849668946]]]},"properties":{"h3":"89264d15db3ffff","count":3,"c3":0,"c6":0,"c12":0,"c24":3,"score":1.5,"risk":1,"peakDay":"Saturday","peakTime":"morning","hood":"","bk12":{"morning":0,"afternoon":0,"evening":0,"night":0},"bk24":{"morning":2,"afternoon":0,"evening":0,"night":1},"recent":[{"d":"2025-10-02","day":"Thu","time":"00:00","desc":"VEHICLE THEFT","res":"unsolved"},{"d":"2025-09-20","day":"Sat","time":"06:57","desc":"VEHICLE THEFT","res":"unsolved"},{"d":"2025-09-20","day":"Sat","time":"06:57","desc":"VEHICLE THEFT","res":"unsolved"}]}},{"type":"Feature","geometry":{"type":"Polygon","coordinates":[[[-86.7751087359047,36.15489814430136],[-86.77364985246017,36.15616451751113],[-86.7742961199101,36.15793139121148],[-86.77640135006908,36.15843191025785],[-86.77786027236087,36.157165520604],[-86.77721392564719,36.15539862834835],[-86.7751087359047,36.15489814430136],[-86.7751087359047,36.15489814430136]]]},"properties":{"h3":"89264d10627ffff","count":1,"c3":0,"c6":0,"c12":0,"c24":1,"score":0.5,"risk":0,"peakDay":"Sunday","peakTime":"night","hood":"","bk12":{"morning":0,"afternoon":0,"evening":0,"night":0},"bk24":{"morning":0,"afternoon":0,"evening":0,"night":1},"recent":[{"d":"2025-09-21","day":"Sun","time":"01:00","desc":"VEHICLE THEFT","res":"closed"}]}},{"type":"Feature","geometry":{"type":"Polygon","coordinates":[[[-86.79681038426762,36.161668659843954],[-86.79535135104685,36.16293533194586],[-86.79599817245155,36.164702230374125],[-86.79810410634823,36.165202475219516],[-86.79956317836925,36.16393578666158],[-86.79891627769415,36.162168869714776],[-86.79681038426762,36.161668659843954],[-86.79681038426762,36.161668659843954]]]},"properties":{"h3":"89264d115b3ffff","count":1,"c3":0,"c6":0,"c12":0,"c24":1,"score":0.5,"risk":0,"peakDay":"Tuesday","peakTime":"evening","hood":"","bk12":{"morning":0,"afternoon":0,"evening":0,"night":0},"bk24":{"morning":0,"afternoon":0,"evening":1,"night":0},"recent":[{"d":"2025-09-23","day":"Tue","time":"20:00","desc":"THEFT OF VEHICLE-2,500 OR > BUT<$10,000","res":"closed"}]}},{"type":"Feature","geometry":{"type":"Polygon","coordinates":[[[-86.73254159923327,36.13831628865321],[-86.73108305715583,36.13958212558383],[-86.7317282174868,36.14134897493508],[-86.73383199914159,36.141850005983784],[-86.7352905801559,36.14058415262998],[-86.73464534057935,36.138817284651104],[-86.73254159923327,36.13831628865321],[-86.73254159923327,36.13831628865321]]]},"properties":{"h3":"89264d12a4bffff","count":2,"c3":0,"c6":0,"c12":0,"c24":2,"score":1,"risk":1,"peakDay":"Wednesday","peakTime":"morning","hood":"","bk12":{"morning":0,"afternoon":0,"evening":0,"night":0},"bk24":{"morning":2,"afternoon":0,"evening":0,"night":0},"recent":[{"d":"2025-09-24","day":"Wed","time":"07:46","desc":"VEHICLE THEFT","res":"closed"},{"d":"2025-09-24","day":"Wed","time":"07:46","desc":"VEHICLE THEFT","res":"closed"}]}},{"type":"Feature","geometry":{"type":"Polygon","coordinates":[[[-86.71586620074913,36.25045092748439],[-86.71440612082252,36.25171474383844],[-86.7150515865871,36.253480666539865],[-86.71715721169925,36.25398279153347],[-86.71861733068718,36.25271895885732],[-86.71797178550246,36.25095301751016],[-86.71586620074913,36.25045092748439],[-86.71586620074913,36.25045092748439]]]},"properties":{"h3":"89264d88e6fffff","count":1,"c3":0,"c6":0,"c12":0,"c24":1,"score":0.5,"risk":0,"peakDay":"Thursday","peakTime":"evening","hood":"","bk12":{"morning":0,"afternoon":0,"evening":0,"night":0},"bk24":{"morning":0,"afternoon":0,"evening":1,"night":0},"recent":[{"d":"2025-09-25","day":"Thu","time":"20:30","desc":"VEHICLE THEFT","res":"closed"}]}},{"type":"Feature","geometry":{"type":"Polygon","coordinates":[[[-86.70038225826386,36.208064995081585],[-86.69892281611139,36.209329172248424],[-86.69956765211711,36.211095368729],[-86.7016720096337,36.2115974067185],[-86.70313149085257,36.21033321320884],[-86.70248657548923,36.20856699805298],[-86.70038225826386,36.208064995081585],[-86.70038225826386,36.208064995081585]]]},"properties":{"h3":"89264d1258bffff","count":1,"c3":0,"c6":0,"c12":0,"c24":1,"score":0.5,"risk":1,"peakDay":"Monday","peakTime":"evening","hood":"","bk12":{"morning":0,"afternoon":0,"evening":0,"night":0},"bk24":{"morning":0,"afternoon":0,"evening":1,"night":0},"recent":[{"d":"2025-09-29","day":"Mon","time":"17:20","desc":"VEHICLE THEFT","res":"unsolved"}]}},{"type":"Feature","geometry":{"type":"Polygon","coordinates":[[[-86.90409768741263,36.087029920139685],[-86.90263944018346,36.08829971223721],[-86.90328832349421,36.09006756130373],[-86.90539553317176,36.090565636618514],[-86.9068538188872,36.089295827921525],[-86.90620485643963,36.08752796050968],[-86.90409768741263,36.087029920139685],[-86.90409768741263,36.087029920139685]]]},"properties":{"h3":"89264d18cc3ffff","count":1,"c3":0,"c6":0,"c12":0,"c24":1,"score":0.5,"risk":1,"peakDay":"Wednesday","peakTime":"evening","hood":"","bk12":{"morning":0,"afternoon":0,"evening":0,"night":0},"bk24":{"morning":0,"afternoon":0,"evening":1,"night":0},"recent":[{"d":"2025-10-01","day":"Wed","time":"19:45","desc":"VEHICLE THEFT","res":"closed"}]}},{"type":"Feature","geometry":{"type":"Polygon","coordinates":[[[-86.7762350798201,36.16323194440277],[-86.77477607620301,36.164498211543446],[-86.77542242219175,36.166265025015186],[-86.7775278510747,36.16676558989947],[-86.77898689354261,36.16549930632034],[-86.77834046827753,36.16373247429588],[-86.7762350798201,36.16323194440277],[-86.7762350798201,36.16323194440277]]]},"properties":{"h3":"89264d106abffff","count":1,"c3":0,"c6":0,"c12":0,"c24":1,"score":0.5,"risk":1,"peakDay":"Thursday","peakTime":"afternoon","hood":"","bk12":{"morning":0,"afternoon":0,"evening":0,"night":0},"bk24":{"morning":0,"afternoon":1,"evening":0,"night":0},"recent":[{"d":"2025-10-02","day":"Thu","time":"15:30","desc":"VEHICLE THEFT","res":"closed"}]}},{"type":"Feature","geometry":{"type":"Polygon","coordinates":[[[-86.62644938338778,36.1210596885129],[-86.62499135979432,36.122323820916364],[-86.62563391036466,36.124090418584274],[-86.62773456376505,36.12459290265494],[-86.62919262653568,36.123328753899635],[-86.62854999672952,36.121562137425975],[-86.62644938338778,36.1210596885129],[-86.62644938338778,36.1210596885129]]]},"properties":{"h3":"89264d8db8fffff","count":1,"c3":0,"c6":0,"c12":1,"c24":1,"score":0.5,"risk":1,"peakDay":"Saturday","peakTime":"afternoon","hood":"","bk12":{"morning":0,"afternoon":1,"evening":0,"night":0},"bk24":{"morning":0,"afternoon":1,"evening":0,"night":0},"sv12":1,"recent":[{"d":"2025-10-11","day":"Sat","time":"16:05","desc":"VEHICLE THEFT","res":"closed"}]}},{"type":"Feature","geometry":{"type":"Polygon","coordinates":[[[-86.72836273240931,36.116347898946856],[-86.72690451011714,36.11761399267014],[-86.7275494351935,36.11938099536773],[-86.72965266177546,36.11988192297893],[-86.73111092299801,36.11861581281855],[-86.73046591870899,36.11684879148455],[-86.72836273240931,36.116347898946856],[-86.72836273240931,36.116347898946856]]]},"properties":{"h3":"89264d10c0bffff","count":1,"c3":0,"c6":0,"c12":1,"c24":1,"score":0.5,"risk":1,"peakDay":"Wednesday","peakTime":"evening","hood":"","bk12":{"morning":0,"afternoon":0,"evening":1,"night":0},"bk24":{"morning":0,"afternoon":0,"evening":1,"night":0},"sv12":1,"recent":[{"d":"2025-10-15","day":"Wed","time":"19:00","desc":"VEHICLE THEFT","res":"closed"}]}},{"type":"Feature","geometry":{"type":"Polygon","coordinates":[[[-86.83876490158072,36.218406433921615],[-86.83730496487739,36.219673017916044],[-86.83795313025223,36.221439624198645],[-86.84006131168098,36.22193966493103],[-86.841521287126,36.220673064491564],[-86.84087304240138,36.218906439765234],[-86.83876490158072,36.218406433921615],[-86.83876490158072,36.218406433921615]]]},"properties":{"h3":"89264dc4d8bffff","count":1,"c3":0,"c6":0,"c12":1,"c24":1,"score":0.5,"risk":1,"peakDay":"Saturday","peakTime":"afternoon","hood":"","bk12":{"morning":0,"afternoon":1,"evening":0,"night":0},"bk24":{"morning":0,"afternoon":1,"evening":0,"night":0},"sv12":1,"recent":[{"d":"2025-10-18","day":"Sat","time":"12:54","desc":"VEHICLE THEFT","res":"unsolved"}]}},{"type":"Feature","geometry":{"type":"Polygon","coordinates":[[[-86.87006993180081,36.27743289595516],[-86.86860908569595,36.27869915752292],[-86.86925835938474,36.28046541118776],[-86.87136855861374,36.280965421671546],[-86.87282944342887,36.27969914367982],[-86.87218009030553,36.27793287162874],[-86.87006993180081,36.27743289595516],[-86.87006993180081,36.27743289595516]]]},"properties":{"h3":"89264dc6367ffff","count":1,"c3":0,"c6":0,"c12":1,"c24":1,"score":0.5,"risk":1,"peakDay":"Thursday","peakTime":"evening","hood":"","bk12":{"morning":0,"afternoon":0,"evening":1,"night":0},"bk24":{"morning":0,"afternoon":0,"evening":1,"night":0},"sv12":1,"recent":[{"d":"2025-10-30","day":"Thu","time":"21:00","desc":"VEHICLE THEFT","res":"unsolved"}]}},{"type":"Feature","geometry":{"type":"Polygon","coordinates":[[[-86.93780623889444,36.07400125518046],[-86.93634809367693,36.07527186798699],[-86.93699768920696,36.07703993409938],[-86.93910550906574,36.07753740569571],[-86.9405636926785,36.07626677625297],[-86.93991401803801,36.07449869185062],[-86.93780623889444,36.07400125518046],[-86.93780623889444,36.07400125518046]]]},"properties":{"h3":"89264d18e4bffff","count":1,"c3":0,"c6":0,"c12":1,"c24":1,"score":0.5,"risk":1,"peakDay":"Monday","peakTime":"afternoon","hood":"","bk12":{"morning":0,"afternoon":1,"evening":0,"night":0},"bk24":{"morning":0,"afternoon":1,"evening":0,"night":0},"sv12":1,"recent":[{"d":"2025-11-24","day":"Mon","time":"12:00","desc":"VEHICLE THEFT","res":"closed"}]}},{"type":"Feature","geometry":{"type":"Polygon","coordinates":[[[-86.72774634569598,36.09361167348483],[-86.72628844470849,36.09487810135325],[-86.72693321385238,36.096645275498815],[-86.72903596316254,36.09714604041566],[-86.7304939030648,36.09587959609273],[-86.72984905474287,36.094112403307925],[-86.72774634569598,36.09361167348483],[-86.72774634569598,36.09361167348483]]]},"properties":{"h3":"89264d10807ffff","count":1,"c3":0,"c6":0,"c12":1,"c24":1,"score":0.6,"risk":1,"peakDay":"Monday","peakTime":"morning","hood":"","bk12":{"morning":1,"afternoon":0,"evening":0,"night":0},"bk24":{"morning":1,"afternoon":0,"evening":0,"night":0},"sv12":1,"recent":[{"d":"2025-12-01","day":"Mon","time":"07:00","desc":"VEHICLE THEFT","res":"closed"}]}},{"type":"Feature","geometry":{"type":"Polygon","coordinates":[[[-86.67063731271543,36.26866737713003],[-86.66917709229715,36.269930075383115],[-86.66982160373232,36.27169569428297],[-86.67192641504197,36.272198633649516],[-86.67338667464372,36.27093591912475],[-86.67274208375312,36.26917028150559],[-86.67063731271543,36.26866737713003],[-86.67063731271543,36.26866737713003]]]},"properties":{"h3":"89264d8ab4fffff","count":1,"c3":0,"c6":0,"c12":1,"c24":1,"score":0.6,"risk":1,"peakDay":"Thursday","peakTime":"morning","hood":"","bk12":{"morning":1,"afternoon":0,"evening":0,"night":0},"bk24":{"morning":1,"afternoon":0,"evening":0,"night":0},"sv12":1,"recent":[{"d":"2025-12-04","day":"Thu","time":"07:00","desc":"VEHICLE THEFT","res":"unsolved"}]}},{"type":"Feature","geometry":{"type":"Polygon","coordinates":[[[-86.9214465052273,36.09758710345769],[-86.91998806789712,36.09885705620922],[-86.92063742577285,36.10062488471714],[-86.92274530012924,36.10112277878954],[-86.92420377591165,36.09985280943317],[-86.92355433888629,36.098084962609725],[-86.9214465052273,36.09758710345769],[-86.9214465052273,36.09758710345769]]]},"properties":{"h3":"89264d1811bffff","count":1,"c3":0,"c6":0,"c12":1,"c24":1,"score":0.6,"risk":1,"peakDay":"Sunday","peakTime":"morning","hood":"","bk12":{"morning":1,"afternoon":0,"evening":0,"night":0},"bk24":{"morning":1,"afternoon":0,"evening":0,"night":0},"sv12":1,"recent":[{"d":"2025-12-07","day":"Sun","time":"11:50","desc":"VEHICLE THEFT","res":"closed"}]}},{"type":"Feature","geometry":{"type":"Polygon","coordinates":[[[-86.81492112994373,36.23210106503506],[-86.81346105908666,36.2333669982135],[-86.8141087477546,36.23513341429529],[-86.81621658665547,36.23563391568141],[-86.81767669632197,36.23436796608753],[-86.817028928279,36.23260153152344],[-86.81492112994373,36.23210106503506],[-86.81492112994373,36.23210106503506]]]},"properties":{"h3":"89264dc6963ffff","count":1,"c3":0,"c6":0,"c12":1,"c24":1,"score":0.6,"risk":1,"peakDay":"Monday","peakTime":"night","hood":"","bk12":{"morning":0,"afternoon":0,"evening":0,"night":1},"bk24":{"morning":0,"afternoon":0,"evening":0,"night":1},"sv12":1,"recent":[{"d":"2025-12-08","day":"Mon","time":"01:32","desc":"VEHICLE THEFT","res":"closed"}]}},{"type":"Feature","geometry":{"type":"Polygon","coordinates":[[[-86.61615156114448,36.03470378606743],[-86.61469477878667,36.0359690393881],[-86.6153365515885,36.03773625423797],[-86.61743518585442,36.03823823459734],[-86.61889200734866,36.03697296486487],[-86.61825015544137,36.03520573118531],[-86.61615156114448,36.03470378606743],[-86.61615156114448,36.03470378606743]]]},"properties":{"h3":"89264d140a7ffff","count":1,"c3":0,"c6":0,"c12":1,"c24":1,"score":0.6,"risk":1,"peakDay":"Monday","peakTime":"evening","hood":"","bk12":{"morning":0,"afternoon":0,"evening":1,"night":0},"bk24":{"morning":0,"afternoon":0,"evening":1,"night":0},"sv12":1,"recent":[{"d":"2025-12-08","day":"Mon","time":"19:00","desc":"VEHICLE THEFT","res":"closed"}]}},{"type":"Feature","geometry":{"type":"Polygon","coordinates":[[[-86.7388530187149,36.139819193622436],[-86.73739443938207,36.14108512464008],[-86.73803975790973,36.14285198504995],[-86.74014373501782,36.143352933059674],[-86.74160235327352,36.142086985614995],[-86.74095695549904,36.140320106588135],[-86.7388530187149,36.139819193622436],[-86.7388530187149,36.139819193622436]]]},"properties":{"h3":"89264d10183ffff","count":1,"c3":0,"c6":0,"c12":1,"c24":1,"score":0.6,"risk":1,"peakDay":"Monday","peakTime":"evening","hood":"","bk12":{"morning":0,"afternoon":0,"evening":1,"night":0},"bk24":{"morning":0,"afternoon":0,"evening":1,"night":0},"sv12":1,"recent":[{"d":"2025-12-15","day":"Mon","time":"21:21","desc":"THEFT OF VEHICLE-2,500 OR > BUT<$10,000","res":"closed"}]}},{"type":"Feature","geometry":{"type":"Polygon","coordinates":[[[-86.60555324759642,36.07411908547375],[-86.60409593962872,36.07538354402342],[-86.60473770640372,36.07715042205151],[-86.60683686031433,36.07765286037471],[-86.6082942074734,36.07638838545296],[-86.60765236153125,36.07462148858054],[-86.60555324759642,36.07411908547375],[-86.60555324759642,36.07411908547375]]]},"properties":{"h3":"89264d163dbffff","count":1,"c3":0,"c6":0,"c12":1,"c24":1,"score":0.6,"risk":1,"peakDay":"Tuesday","peakTime":"night","hood":"","bk12":{"morning":0,"afternoon":0,"evening":0,"night":1},"bk24":{"morning":0,"afternoon":0,"evening":0,"night":1},"sv12":1,"recent":[{"d":"2025-12-16","day":"Tue","time":"22:30","desc":"VEHICLE THEFT","res":"closed"}]}},{"type":"Feature","geometry":{"type":"Polygon","coordinates":[[[-86.83327438443892,36.15096247966447],[-86.83181541129632,36.15222999001236],[-86.83246302549098,36.1539970996219],[-86.83456969207658,36.15449671734267],[-86.8360287039237,36.15322919050142],[-86.83538101048151,36.15146206243328],[-86.83327438443892,36.15096247966447],[-86.83327438443892,36.15096247966447]]]},"properties":{"h3":"89264d1100fffff","count":1,"c3":0,"c6":0,"c12":1,"c24":1,"score":0.6,"risk":1,"peakDay":"Wednesday","peakTime":"night","hood":"","bk12":{"morning":0,"afternoon":0,"evening":0,"night":1},"bk24":{"morning":0,"afternoon":0,"evening":0,"night":1},"sv12":1,"recent":[{"d":"2025-12-17","day":"Wed","time":"02:15","desc":"VEHICLE THEFT","res":"closed"}]}},{"type":"Feature","geometry":{"type":"Polygon","coordinates":[[[-86.82852868059882,36.269193698323555],[-86.82706805266173,36.270459316451415],[-86.82771629459548,36.27222549028247],[-86.82982524389668,36.272726064442445],[-86.83128591063823,36.271460429917205],[-86.83063758927493,36.26969423762987],[-86.82852868059882,36.269193698323555],[-86.82852868059882,36.269193698323555]]]},"properties":{"h3":"89264dc6c63ffff","count":1,"c3":0,"c6":0,"c12":1,"c24":1,"score":0.6,"risk":1,"peakDay":"Wednesday","peakTime":"night","hood":"","bk12":{"morning":0,"afternoon":0,"evening":0,"night":1},"bk24":{"morning":0,"afternoon":0,"evening":0,"night":1},"sv12":1,"recent":[{"d":"2025-12-31","day":"Wed","time":"23:30","desc":"VEHICLE THEFT","res":"unsolved"}]}},{"type":"Feature","geometry":{"type":"Polygon","coordinates":[[[-86.7224911533171,36.26331436618937],[-86.72103087483433,36.26457810853595],[-86.7216765772885,36.266343954536524],[-86.72378263766501,36.266846076824535],[-86.72524295520287,36.26558231816056],[-86.72459717330992,36.26381645352646],[-86.7224911533171,36.26331436618937],[-86.7224911533171,36.26331436618937]]]},"properties":{"h3":"89264d88e5bffff","count":1,"c3":0,"c6":0,"c12":1,"c24":1,"score":0.6,"risk":1,"peakDay":"Friday","peakTime":"evening","hood":"","bk12":{"morning":0,"afternoon":0,"evening":1,"night":0},"bk24":{"morning":0,"afternoon":0,"evening":1,"night":0},"sv12":1,"recent":[{"d":"2026-01-02","day":"Fri","time":"19:00","desc":"VEHICLE THEFT","res":"closed"}]}},{"type":"Feature","geometry":{"type":"Polygon","coordinates":[[[-86.79274891617516,36.17683563702535],[-86.79128967952683,36.178102002802945],[-86.79193649983922,36.17986876974552],[-86.79404263609506,36.18036918943506],[-86.79550191156474,36.179102807216545],[-86.79485501195805,36.17733602174991],[-86.79274891617516,36.17683563702535],[-86.79274891617516,36.17683563702535]]]},"properties":{"h3":"89264d133afffff","count":1,"c3":0,"c6":0,"c12":1,"c24":1,"score":0.6,"risk":1,"peakDay":"Saturday","peakTime":"evening","hood":"","bk12":{"morning":0,"afternoon":0,"evening":1,"night":0},"bk24":{"morning":0,"afternoon":0,"evening":1,"night":0},"sv12":1,"recent":[{"d":"2026-01-03","day":"Sat","time":"20:00","desc":"THEFT OF VEHICLE->$1,000 BUT <$2,500","res":"closed"}]}},{"type":"Feature","geometry":{"type":"Polygon","coordinates":[[[-86.75784553726777,36.24433113429729],[-86.75638543685717,36.24559582274047],[-86.75703185527956,36.247361942305744],[-86.75913845351714,36.247863392004646],[-86.76059859288368,36.24659868720104],[-86.75995209505753,36.24483254905943],[-86.75784553726777,36.24433113429729],[-86.75784553726777,36.24433113429729]]]},"properties":{"h3":"89264d8983bffff","count":1,"c3":0,"c6":0,"c12":1,"c24":1,"score":0.6,"risk":1,"peakDay":"Sunday","peakTime":"evening","hood":"","bk12":{"morning":0,"afternoon":0,"evening":1,"night":0},"bk24":{"morning":0,"afternoon":0,"evening":1,"night":0},"sv12":1,"recent":[{"d":"2026-01-04","day":"Sun","time":"18:40","desc":"THEFT OF VEHICLE-2,500 OR > BUT<$10,000","res":"closed"}]}},{"type":"Feature","geometry":{"type":"Polygon","coordinates":[[[-86.87364093427983,36.276666532197254],[-86.87218009030553,36.27793287162874],[-86.87282944342887,36.27969914367982],[-86.87493971996003,36.280199094680256],[-86.8764006026354,36.27893273882139],[-86.87575117007937,36.27716644838993],[-86.87364093427983,36.276666532197254],[-86.87364093427983,36.276666532197254]]]},"properties":{"h3":"89264dc636fffff","count":1,"c3":0,"c6":0,"c12":1,"c24":1,"score":0.6,"risk":1,"peakDay":"Friday","peakTime":"afternoon","hood":"","bk12":{"morning":0,"afternoon":1,"evening":0,"night":0},"bk24":{"morning":0,"afternoon":1,"evening":0,"night":0},"sv12":1,"recent":[{"d":"2026-01-09","day":"Fri","time":"15:25","desc":"VEHICLE THEFT","res":"closed"}]}},{"type":"Feature","geometry":{"type":"Polygon","coordinates":[[[-86.79893044075108,36.14119829302451],[-86.79747169036835,36.14246531602489],[-86.7981184340174,36.14423237965977],[-86.80022400728866,36.14473243881144],[-86.80168279645119,36.143465399337295],[-86.80103597356347,36.14169831718573],[-86.79893044075108,36.14119829302451],[-86.79893044075108,36.14119829302451]]]},"properties":{"h3":"89264d1024fffff","count":1,"c3":0,"c6":0,"c12":1,"c24":1,"score":0.6,"risk":1,"peakDay":"Monday","peakTime":"morning","hood":"","bk12":{"morning":1,"afternoon":0,"evening":0,"night":0},"bk24":{"morning":1,"afternoon":0,"evening":0,"night":0},"sv12":1,"recent":[{"d":"2026-01-12","day":"Mon","time":"10:00","desc":"VEHICLE OFFENSE, CRIMINAL ATTEMPT","res":"closed"}]}},{"type":"Feature","geometry":{"type":"Polygon","coordinates":[[[-86.77723247449066,36.13442947074263],[-86.77577387378375,36.135696194854205],[-86.77642006368791,36.137463233540736],[-86.77852493353191,36.1379635666696],[-86.77998357306568,36.1366968260962],[-86.77933730392938,36.13492976885624],[-86.77723247449066,36.13442947074263],[-86.77723247449066,36.13442947074263]]]},"properties":{"h3":"89264d103cbffff","count":1,"c3":0,"c6":0,"c12":1,"c24":1,"score":0.6,"risk":1,"peakDay":"Friday","peakTime":"morning","hood":"","bk12":{"morning":1,"afternoon":0,"evening":0,"night":0},"bk24":{"morning":1,"afternoon":0,"evening":0,"night":0},"sv12":1,"recent":[{"d":"2026-01-16","day":"Fri","time":"08:00","desc":"VEHICLE OFFENSE, CRIMINAL ATTEMPT","res":"closed"}]}},{"type":"Feature","geometry":{"type":"Polygon","coordinates":[[[-86.75734377976264,36.25872142516701],[-86.75588347751916,36.25998588416071],[-86.7565299740136,36.26175188969371],[-86.75863685217826,36.26225345480937],[-86.76009719338971,36.260988979466845],[-86.75945061746934,36.25922295535796],[-86.75734377976264,36.25872142516701],[-86.75734377976264,36.25872142516701]]]},"properties":{"h3":"89264d8989bffff","count":1,"c3":0,"c6":0,"c12":1,"c24":1,"score":0.6,"risk":1,"peakDay":"Friday","peakTime":"afternoon","hood":"","bk12":{"morning":0,"afternoon":1,"evening":0,"night":0},"bk24":{"morning":0,"afternoon":1,"evening":0,"night":0},"sv12":1,"recent":[{"d":"2026-01-16","day":"Fri","time":"16:15","desc":"VEHICLE THEFT","res":"closed"}]}},{"type":"Feature","geometry":{"type":"Polygon","coordinates":[[[-86.67781246867091,36.06718548794788],[-86.67635506798548,36.06845139170585],[-86.67699849579704,36.07021858637147],[-86.67909940344047,36.07071989600417],[-86.68055684314008,36.06945397581073],[-86.67991333618284,36.067686762420564],[-86.67781246867091,36.06718548794788],[-86.67781246867091,36.06718548794788]]]},"properties":{"h3":"89264d1734fffff","count":1,"c3":0,"c6":0,"c12":1,"c24":1,"score":0.6,"risk":1,"peakDay":"Friday","peakTime":"evening","hood":"","bk12":{"morning":0,"afternoon":0,"evening":1,"night":0},"bk24":{"morning":0,"afternoon":0,"evening":1,"night":0},"sv12":1,"recent":[{"d":"2026-01-30","day":"Fri","time":"17:30","desc":"VEHICLE THEFT","res":"closed"}]}},{"type":"Feature","geometry":{"type":"Polygon","coordinates":[[[-86.7014001549628,36.07926591867549],[-86.69994252336667,36.080532076213224],[-86.7005865822575,36.08229926461122],[-86.7026883519056,36.08280031415623],[-86.70414602246868,36.081534140173716],[-86.70350188441749,36.079766933091435],[-86.7014001549628,36.07926591867549],[-86.7014001549628,36.07926591867549]]]},"properties":{"h3":"89264d109a3ffff","count":1,"c3":0,"c6":0,"c12":1,"c24":1,"score":0.6,"risk":1,"peakDay":"Thursday","peakTime":"morning","hood":"","bk12":{"morning":1,"afternoon":0,"evening":0,"night":0},"bk24":{"morning":1,"afternoon":0,"evening":0,"night":0},"sv12":1,"recent":[{"d":"2026-02-05","day":"Thu","time":"09:30","desc":"VEHICLE THEFT","res":"closed"}]}},{"type":"Feature","geometry":{"type":"Polygon","coordinates":[[[-86.73680257885148,36.09738163106407],[-86.73534460171274,36.098648169452964],[-86.73598960779617,36.100415347371715],[-86.73809267020147,36.10091600552589],[-86.73955068623617,36.09964945067823],[-86.73890560097041,36.09788225413565],[-86.73680257885148,36.09738163106407],[-86.73680257885148,36.09738163106407]]]},"properties":{"h3":"89264d10857ffff","count":2,"c3":0,"c6":0,"c12":2,"c24":2,"score":1.3,"risk":1,"peakDay":"Monday","peakTime":"morning","hood":"","bk12":{"morning":2,"afternoon":0,"evening":0,"night":0},"bk24":{"morning":2,"afternoon":0,"evening":0,"night":0},"sv12":2,"recent":[{"d":"2026-02-09","day":"Mon","time":"09:00","desc":"VEHICLE THEFT","res":"closed"},{"d":"2026-02-09","day":"Mon","time":"09:00","desc":"VEHICLE THEFT","res":"closed"}]}},{"type":"Feature","geometry":{"type":"Polygon","coordinates":[[[-86.68898579400849,36.15051618187638],[-86.68752719219714,36.15178102559228],[-86.68817140108533,36.1535476247476],[-86.69027429105697,36.15404939888669],[-86.69173293191858,36.15278453879198],[-86.69108864375912,36.15101792093747],[-86.68898579400849,36.15051618187638],[-86.68898579400849,36.15051618187638]]]},"properties":{"h3":"89264d12883ffff","count":1,"c3":0,"c6":0,"c12":1,"c24":1,"score":0.6,"risk":1,"peakDay":"Thursday","peakTime":"afternoon","hood":"","bk12":{"morning":0,"afternoon":1,"evening":0,"night":0},"bk24":{"morning":0,"afternoon":1,"evening":0,"night":0},"sv12":1,"recent":[{"d":"2026-02-12","day":"Thu","time":"12:26","desc":"VEHICLE THEFT","res":"closed"}]}},{"type":"Feature","geometry":{"type":"Polygon","coordinates":[[[-86.68330141417263,36.07172243274239],[-86.6818439354637,36.0729883693717],[-86.68248752083294,36.07475554953463],[-86.68458866406365,36.07525681178376],[-86.68604618177707,36.07399085871817],[-86.68540251725608,36.072223659840205],[-86.68330141417263,36.07172243274239],[-86.68330141417263,36.07172243274239]]]},"properties":{"h3":"89264d15497ffff","count":1,"c3":0,"c6":0,"c12":1,"c24":1,"score":0.6,"risk":1,"peakDay":"Friday","peakTime":"afternoon","hood":"","bk12":{"morning":0,"afternoon":1,"evening":0,"night":0},"bk24":{"morning":0,"afternoon":1,"evening":0,"night":0},"sv12":1,"recent":[{"d":"2026-02-13","day":"Fri","time":"14:08","desc":"THEFT OF VEHICLE->$1,000 BUT <$2,500","res":"closed"}]}},{"type":"Feature","geometry":{"type":"Polygon","coordinates":[[[-86.65625003377838,36.09753423300286],[-86.65479226276052,36.0987992760056],[-86.6554353703865,36.10056616162968],[-86.65753632822646,36.10106802300954],[-86.65899413833273,36.09980296361253],[-86.6583509515114,36.0980360592304],[-86.65625003377838,36.09753423300286],[-86.65625003377838,36.09753423300286]]]},"properties":{"h3":"89264d17083ffff","count":1,"c3":0,"c6":0,"c12":1,"c24":1,"score":0.6,"risk":1,"peakDay":"Sunday","peakTime":"evening","hood":"","bk12":{"morning":0,"afternoon":0,"evening":1,"night":0},"bk24":{"morning":0,"afternoon":0,"evening":1,"night":0},"sv12":1,"recent":[{"d":"2026-02-15","day":"Sun","time":"20:00","desc":"VEHICLE THEFT","res":"closed"}]}},{"type":"Feature","geometry":{"type":"Polygon","coordinates":[[[-86.6673498218207,36.04370950617929],[-86.6658927781867,36.04497557215052],[-86.66653581378253,36.04674290651122],[-86.66863597212462,36.04724419364492],[-86.67009305478003,36.04597811122803],[-86.66944994007271,36.0442107581236],[-86.6673498218207,36.04370950617929],[-86.6673498218207,36.04370950617929]]]},"properties":{"h3":"89264d15533ffff","count":1,"c3":0,"c6":0,"c12":1,"c24":1,"score":0.6,"risk":1,"peakDay":"Sunday","peakTime":"evening","hood":"","bk12":{"morning":0,"afternoon":0,"evening":1,"night":0},"bk24":{"morning":0,"afternoon":0,"evening":1,"night":0},"sv12":1,"recent":[{"d":"2026-02-15","day":"Sun","time":"21:00","desc":"VEHICLE THEFT","res":"closed"}]}},{"type":"Feature","geometry":{"type":"Polygon","coordinates":[[[-86.77898689354261,36.16549930632034],[-86.7775278510747,36.16676558989947],[-86.7781742761007,36.16853239564677],[-86.7802798228747,36.16903293636338],[-86.78173890418853,36.167766636345405],[-86.78109239988319,36.165999812050146],[-86.77898689354261,36.16549930632034],[-86.77898689354261,36.16549930632034]]]},"properties":{"h3":"89264d10617ffff","count":1,"c3":0,"c6":0,"c12":1,"c24":1,"score":0.6,"risk":1,"peakDay":"Monday","peakTime":"night","hood":"","bk12":{"morning":0,"afternoon":0,"evening":0,"night":1},"bk24":{"morning":0,"afternoon":0,"evening":0,"night":1},"sv12":1,"recent":[{"d":"2026-02-16","day":"Mon","time":"00:20","desc":"VEHICLE THEFT","res":"closed"}]}},{"type":"Feature","geometry":{"type":"Polygon","coordinates":[[[-86.76335583958517,36.085947770551456],[-86.76189795567481,36.08721497445651],[-86.76254351651994,36.08898233472989],[-86.76464704043663,36.08948250967917],[-86.76610496317078,36.08821528928523],[-86.76545932316525,36.0864479104314],[-86.76335583958517,36.085947770551456],[-86.76335583958517,36.085947770551456]]]},"properties":{"h3":"89264d10a7bffff","count":1,"c3":0,"c6":0,"c12":1,"c24":1,"score":0.6,"risk":1,"peakDay":"Tuesday","peakTime":"afternoon","hood":"","bk12":{"morning":0,"afternoon":1,"evening":0,"night":0},"bk24":{"morning":0,"afternoon":1,"evening":0,"night":0},"sv12":1,"recent":[{"d":"2026-02-17","day":"Tue","time":"13:00","desc":"THEFT OF VEHICLE-2,500 OR > BUT<$10,000","res":"closed"}]}},{"type":"Feature","geometry":{"type":"Polygon","coordinates":[[[-86.79983770869552,36.23819383606684],[-86.79837758942521,36.2394593966663],[-86.79902496036341,36.24122571226713],[-86.80113252995984,36.241726485775935],[-86.80259268808045,36.24046090877781],[-86.80194523775518,36.23869457467005],[-86.79983770869552,36.23819383606684],[-86.79983770869552,36.23819383606684]]]},"properties":{"h3":"89264dc69a3ffff","count":1,"c3":0,"c6":0,"c12":1,"c24":1,"score":0.6,"risk":1,"peakDay":"Wednesday","peakTime":"evening","hood":"","bk12":{"morning":0,"afternoon":0,"evening":1,"night":0},"bk24":{"morning":0,"afternoon":0,"evening":1,"night":0},"sv12":1,"recent":[{"d":"2026-02-18","day":"Wed","time":"18:30","desc":"VEHICLE THEFT","res":"unsolved"}]}},{"type":"Feature","geometry":{"type":"Polygon","coordinates":[[[-86.72035512421404,36.28375857750323],[-86.7188945624504,36.28502196706763],[-86.71954034213834,36.286787645686054],[-86.7216467630613,36.28728995337576],[-86.72310736390065,36.28602654751158],[-86.72246150474213,36.28426085025798],[-86.72035512421404,36.28375857750323],[-86.72035512421404,36.28375857750323]]]},"properties":{"h3":"89264d88397ffff","count":1,"c3":0,"c6":0,"c12":1,"c24":1,"score":0.6,"risk":1,"peakDay":"Thursday","peakTime":"night","hood":"","bk12":{"morning":0,"afternoon":0,"evening":0,"night":1},"bk24":{"morning":0,"afternoon":0,"evening":0,"night":1},"sv12":1,"recent":[{"d":"2026-02-19","day":"Thu","time":"01:00","desc":"VEHICLE THEFT","res":"closed"}]}},{"type":"Feature","geometry":{"type":"Polygon","coordinates":[[[-86.67939834030867,36.26109021231186],[-86.67793820416067,36.26235318921448],[-86.67858287525452,36.26411889861488],[-86.68068776193948,36.26462164981859],[-86.68214793724421,36.26335865663138],[-86.681503186708,36.26159292852554],[-86.67939834030867,36.26109021231186],[-86.67939834030867,36.26109021231186]]]},"properties":{"h3":"89264d88c33ffff","count":1,"c3":0,"c6":0,"c12":1,"c24":1,"score":0.6,"risk":1,"peakDay":"Thursday","peakTime":"evening","hood":"","bk12":{"morning":0,"afternoon":0,"evening":1,"night":0},"bk24":{"morning":0,"afternoon":0,"evening":1,"night":0},"sv12":1,"recent":[{"d":"2026-02-19","day":"Thu","time":"20:00","desc":"VEHICLE THEFT","res":"closed"}]}},{"type":"Feature","geometry":{"type":"Polygon","coordinates":[[[-86.754088310797,36.270842755118764],[-86.75262784565,36.272106968198244],[-86.75327434105911,36.273872867492244],[-86.75538138106114,36.27437457228746],[-86.75684188519308,36.273110342871206],[-86.75619531033884,36.271344424997],[-86.754088310797,36.270842755118764],[-86.754088310797,36.270842755118764]]]},"properties":{"h3":"89264d89c03ffff","count":1,"c3":0,"c6":0,"c12":1,"c24":1,"score":0.6,"risk":1,"peakDay":"Sunday","peakTime":"morning","hood":"","bk12":{"morning":1,"afternoon":0,"evening":0,"night":0},"bk24":{"morning":1,"afternoon":0,"evening":0,"night":0},"sv12":1,"recent":[{"d":"2026-02-22","day":"Sun","time":"10:40","desc":"THEFT OF VEHICLE-2,500 OR > BUT<$10,000","res":"closed"}]}},{"type":"Feature","geometry":{"type":"Polygon","coordinates":[[[-86.71809389838532,36.16713500975162],[-86.71663498752463,36.16840013989458],[-86.71727998651322,36.17016671591079],[-86.71938397565535,36.170668180433864],[-86.72084292550917,36.16940303390187],[-86.72019784722855,36.16763643923635],[-86.71809389838532,36.16713500975162],[-86.71809389838532,36.16713500975162]]]},"properties":{"h3":"89264d12ec3ffff","count":1,"c3":0,"c6":0,"c12":1,"c24":1,"score":0.6,"risk":1,"peakDay":"Sunday","peakTime":"evening","hood":"","bk12":{"morning":0,"afternoon":0,"evening":1,"night":0},"bk24":{"morning":0,"afternoon":0,"evening":1,"night":0},"sv12":1,"recent":[{"d":"2026-02-22","day":"Sun","time":"20:00","desc":"VEHICLE THEFT","res":"unsolved"}]}},{"type":"Feature","geometry":{"type":"Polygon","coordinates":[[[-86.79356129160162,36.173802416713066],[-86.79210209564212,36.175068843768656],[-86.79274891617516,36.17683563702535],[-86.79485501195805,36.17733602174991],[-86.79631424673468,36.17606957825035],[-86.79566734691211,36.1743027664707],[-86.79356129160162,36.173802416713066],[-86.79356129160162,36.173802416713066]]]},"properties":{"h3":"89264d13337ffff","count":1,"c3":0,"c6":0,"c12":1,"c24":1,"score":0.7,"risk":1,"peakDay":"Friday","peakTime":"afternoon","hood":"","bk12":{"morning":0,"afternoon":1,"evening":0,"night":0},"bk24":{"morning":0,"afternoon":1,"evening":0,"night":0},"sv12":1,"recent":[{"d":"2026-02-27","day":"Fri","time":"16:20","desc":"THEFT OF VEHICLE-$1,000 OR LESS","res":"closed"}]}},{"type":"Feature","geometry":{"type":"Polygon","coordinates":[[[-86.76766800335722,36.1450625165173],[-86.76620927712717,36.146328901631954],[-86.76685530780269,36.14809582457511],[-86.76896014395902,36.148596380972656],[-86.77041890904678,36.14732997941214],[-86.76977279912128,36.14556303790046],[-86.76766800335722,36.1450625165173],[-86.76766800335722,36.1450625165173]]]},"properties":{"h3":"89264d10073ffff","count":1,"c3":0,"c6":0,"c12":1,"c24":1,"score":0.7,"risk":1,"peakDay":"Saturday","peakTime":"afternoon","hood":"","bk12":{"morning":0,"afternoon":1,"evening":0,"night":0},"bk24":{"morning":0,"afternoon":1,"evening":0,"night":0},"sv12":1,"recent":[{"d":"2026-02-28","day":"Sat","time":"16:45","desc":"VEHICLE THEFT","res":"closed"}]}},{"type":"Feature","geometry":{"type":"Polygon","coordinates":[[[-86.74059534197677,36.170882568208114],[-86.73913632083408,36.17214805832969],[-86.73978187396182,36.17391468595082],[-86.74188652752709,36.174415842062366],[-86.74334558761178,36.173150335536754],[-86.74269995519,36.171383689304115],[-86.74059534197677,36.170882568208114],[-86.74059534197677,36.170882568208114]]]},"properties":{"h3":"89264d1237bffff","count":1,"c3":0,"c6":0,"c12":1,"c24":1,"score":0.7,"risk":1,"peakDay":"Saturday","peakTime":"evening","hood":"","bk12":{"morning":0,"afternoon":0,"evening":1,"night":0},"bk24":{"morning":0,"afternoon":0,"evening":1,"night":0},"sv12":1,"recent":[{"d":"2026-02-28","day":"Sat","time":"18:30","desc":"VEHICLE OFFENSE, CRIMINAL ATTEMPT","res":"closed"}]}},{"type":"Feature","geometry":{"type":"Polygon","coordinates":[[[-86.75779079461576,36.144326413324706],[-86.75633210372555,36.1455926266465],[-86.7569778969089,36.14735952006691],[-86.75908246023377,36.14786021875105],[-86.76054119000487,36.14659398899067],[-86.75989531757101,36.14482707698521],[-86.75779079461576,36.144326413324706],[-86.75779079461576,36.144326413324706]]]},"properties":{"h3":"89264d10033ffff","count":1,"c3":0,"c6":0,"c12":1,"c24":1,"score":0.7,"risk":1,"peakDay":"Sunday","peakTime":"afternoon","hood":"","bk12":{"morning":0,"afternoon":1,"evening":0,"night":0},"bk24":{"morning":0,"afternoon":1,"evening":0,"night":0},"sv12":1,"recent":[{"d":"2026-03-01","day":"Sun","time":"14:00","desc":"VEHICLE THEFT","res":"closed"}]}},{"type":"Feature","geometry":{"type":"Polygon","coordinates":[[[-86.75966203493152,36.21251485779434],[-86.75820237870914,36.21378006612685],[-86.75884864130906,36.215546439552284],[-86.7609546394868,36.21604762322183],[-86.76241433463682,36.21478239850261],[-86.76176799268225,36.21301600650103],[-86.75966203493152,36.21251485779434],[-86.75966203493152,36.21251485779434]]]},"properties":{"h3":"89264d1264bffff","count":1,"c3":0,"c6":0,"c12":1,"c24":1,"score":0.7,"risk":1,"peakDay":"Monday","peakTime":"afternoon","hood":"","bk12":{"morning":0,"afternoon":1,"evening":0,"night":0},"bk24":{"morning":0,"afternoon":1,"evening":0,"night":0},"sv12":1,"recent":[{"d":"2026-03-02","day":"Mon","time":"16:00","desc":"VEHICLE THEFT","res":"closed"}]}},{"type":"Feature","geometry":{"type":"Polygon","coordinates":[[[-86.72357049872566,36.071638536612674],[-86.72211291726086,36.07290522074173],[-86.72275745140182,36.074672547155046],[-86.72485964615355,36.07517320808772],[-86.72631726652664,36.07390650749018],[-86.72567265324051,36.07213916242894],[-86.72357049872566,36.071638536612674],[-86.72357049872566,36.071638536612674]]]},"properties":{"h3":"89264d10ba7ffff","count":1,"c3":0,"c6":0,"c12":1,"c24":1,"score":0.7,"risk":1,"peakDay":"Tuesday","peakTime":"afternoon","hood":"","bk12":{"morning":0,"afternoon":1,"evening":0,"night":0},"bk24":{"morning":0,"afternoon":1,"evening":0,"night":0},"sv12":1,"recent":[{"d":"2026-03-03","day":"Tue","time":"13:00","desc":"VEHICLE THEFT","res":"closed"}]}},{"type":"Feature","geometry":{"type":"Polygon","coordinates":[[[-86.82095479829086,36.15933424930617],[-86.8194957378075,36.160601404108085],[-86.82014311388421,36.16236840577018],[-86.8222496297077,36.16286827110929],[-86.82370872893149,36.161601099830335],[-86.82306127359222,36.15983407968979],[-86.82095479829086,36.15933424930617],[-86.82095479829086,36.15933424930617]]]},"properties":{"h3":"89264d1154bffff","count":1,"c3":0,"c6":0,"c12":1,"c24":1,"score":0.7,"risk":1,"peakDay":"Wednesday","peakTime":"night","hood":"","bk12":{"morning":0,"afternoon":0,"evening":0,"night":1},"bk24":{"morning":0,"afternoon":0,"evening":0,"night":1},"sv12":1,"recent":[{"d":"2026-03-04","day":"Wed","time":"04:00","desc":"VEHICLE THEFT","res":"closed"}]}},{"type":"Feature","geometry":{"type":"Polygon","coordinates":[[[-86.6505465308157,36.118755900547356],[-86.6490884762167,36.12002051500372],[-86.64973158099163,36.121787218085885],[-86.65183281959499,36.12228932547799],[-86.653290913312,36.12102469464863],[-86.65264772930841,36.11925797280066],[-86.6505465308157,36.118755900547356],[-86.6505465308157,36.118755900547356]]]},"properties":{"h3":"89264d17483ffff","count":1,"c3":0,"c6":0,"c12":1,"c24":1,"score":0.7,"risk":1,"peakDay":"Wednesday","peakTime":"afternoon","hood":"","bk12":{"morning":0,"afternoon":1,"evening":0,"night":0},"bk24":{"morning":0,"afternoon":1,"evening":0,"night":0},"sv12":1,"recent":[{"d":"2026-03-04","day":"Wed","time":"14:01","desc":"VEHICLE THEFT","res":"unsolved"}]}},{"type":"Feature","geometry":{"type":"Polygon","coordinates":[[[-86.77804484441036,36.131395620556255],[-86.7765862843452,36.13266240586905],[-86.77723247449066,36.13442947074263],[-86.77933730392938,36.13492976885624],[-86.78079590281716,36.13366296707859],[-86.78014963344437,36.13189588365267],[-86.77804484441036,36.131395620556255],[-86.77804484441036,36.131395620556255]]]},"properties":{"h3":"89264d10353ffff","count":2,"c3":0,"c6":0,"c12":2,"c24":2,"score":1.3,"risk":1,"peakDay":"Thursday","peakTime":"afternoon","hood":"","bk12":{"morning":0,"afternoon":2,"evening":0,"night":0},"bk24":{"morning":0,"afternoon":2,"evening":0,"night":0},"sv12":2,"recent":[{"d":"2026-03-05","day":"Thu","time":"12:00","desc":"THEFT OF VEHICLE-2,500 OR > BUT<$10,000","res":"closed"},{"d":"2026-03-05","day":"Thu","time":"12:00","desc":"THEFT OF VEHICLE-2,500 OR > BUT<$10,000","res":"closed"}]}},{"type":"Feature","geometry":{"type":"Polygon","coordinates":[[[-86.85466042395701,36.20927157381343],[-86.85320057696707,36.2105385915791],[-86.85384906000868,36.21230532448036],[-86.85595746937399,36.21280505803442],[-86.85741735506048,36.211538023803996],[-86.85676879268594,36.20977127248475],[-86.85466042395701,36.20927157381343],[-86.85466042395701,36.20927157381343]]]},"properties":{"h3":"89264dc48b3ffff","count":1,"c3":0,"c6":0,"c12":1,"c24":1,"score":0.7,"risk":1,"peakDay":"Thursday","peakTime":"afternoon","hood":"","bk12":{"morning":0,"afternoon":1,"evening":0,"night":0},"bk24":{"morning":0,"afternoon":1,"evening":0,"night":0},"sv12":1,"recent":[{"d":"2026-03-05","day":"Thu","time":"13:00","desc":"VEHICLE THEFT","res":"closed"}]}},{"type":"Feature","geometry":{"type":"Polygon","coordinates":[[[-86.70780320520291,36.01784645412401],[-86.70634641961685,36.019113661540096],[-86.70699024827415,36.02088133822679],[-86.70909094158402,36.021381826176146],[-86.71054776607568,36.02011460226165],[-86.70990385835262,36.01834690689671],[-86.70780320520291,36.01784645412401],[-86.70780320520291,36.01784645412401]]]},"properties":{"h3":"89264d15373ffff","count":1,"c3":0,"c6":0,"c12":1,"c24":1,"score":0.7,"risk":1,"peakDay":"Thursday","peakTime":"evening","hood":"","bk12":{"morning":0,"afternoon":0,"evening":1,"night":0},"bk24":{"morning":0,"afternoon":0,"evening":1,"night":0},"sv12":1,"recent":[{"d":"2026-03-05","day":"Thu","time":"18:30","desc":"VEHICLE THEFT","res":"closed"}]}}]}