{"type":"FeatureCollection","generated_at":"2026-10-07T18:06:28.325Z","city":"nsh","res":9,"months":24,"layer":"walk","what":"robberies & aggravated assaults","cells":710,"incidents":1406,"monthly":{"2024-10":9,"2024-11":18,"2024-12":17,"2025-01":13,"2025-02":19,"2025-03":24,"2025-04":16,"2025-05":19,"2025-06":9,"2025-07":289,"2025-08":374,"2025-09":249,"2025-10":98,"2025-11":32,"2025-12":47,"2026-01":71,"2026-02":74,"2026-03":28},"features":[{"type":"Feature","geometry":{"type":"Polygon","coordinates":[[[-86.69212703019114,36.30119614515528],[-86.69066629451919,36.302458743575066],[-86.69131151644523,36.30422418507269],[-86.69341755354607,36.30472704683152],[-86.69487832837463,36.303464432148154],[-86.69423302694658,36.30169897197002],[-86.69212703019114,36.30119614515528],[-86.69212703019114,36.30119614515528]]]},"properties":{"h3":"89264d885abffff","count":1,"c3":0,"c6":0,"c12":0,"c24":1,"score":0.3,"risk":1,"peakDay":"Saturday","peakTime":"evening","hood":"","bk12":{"morning":0,"afternoon":0,"evening":0,"night":0},"bk24":{"morning":0,"afternoon":0,"evening":1,"night":0},"recent":[{"d":"2024-10-19","day":"Sat","time":"18:01","desc":"INTENTIONAL AGGRAVATED ASSAULT","res":"closed"}]}},{"type":"Feature","geometry":{"type":"Polygon","coordinates":[[[-86.66988202967177,36.07174739830246],[-86.6684245855429,36.07301308580557],[-86.66906785467346,36.0747802170314],[-86.67116864708755,36.07528167949199],[-86.67262613025295,36.07401597556335],[-86.6719827819685,36.07224882560013],[-86.66988202967177,36.07174739830246],[-86.66988202967177,36.07174739830246]]]},"properties":{"h3":"89264d1731bffff","count":2,"c3":0,"c6":0,"c12":0,"c24":2,"score":0.7,"risk":3,"peakDay":"Thursday","peakTime":"night","hood":"","bk12":{"morning":0,"afternoon":0,"evening":0,"night":0},"bk24":{"morning":0,"afternoon":0,"evening":1,"night":1},"recent":[{"d":"2025-07-11","day":"Fri","time":"18:00","desc":"INTENTIONAL AGGRAVATED ASSAULT","res":"closed"},{"d":"2024-10-24","day":"Thu","time":"00:00","desc":"INTENTIONAL AGGRAVATED ASSAULT","res":"closed"}]}},{"type":"Feature","geometry":{"type":"Polygon","coordinates":[[[-86.79094260850341,36.20866513945531],[-86.78948292786696,36.20993098626364],[-86.79012990437127,36.211697500257664],[-86.7922366408562,36.21219818596817],[-86.79369636034221,36.21093232274521],[-86.79304930449455,36.209165790226855],[-86.79094260850341,36.20866513945531],[-86.79094260850341,36.20866513945531]]]},"properties":{"h3":"89264d13083ffff","count":2,"c3":0,"c6":0,"c12":0,"c24":2,"score":0.6,"risk":3,"peakDay":"Thursday","peakTime":"afternoon","hood":"","bk12":{"morning":0,"afternoon":0,"evening":0,"night":0},"bk24":{"morning":0,"afternoon":1,"evening":0,"night":1},"recent":[{"d":"2025-05-17","day":"Sat","time":"02:30","desc":"ROBBERY- CARJACKING","res":"unsolved"},{"d":"2024-10-24","day":"Thu","time":"16:20","desc":"INTENTIONAL AGGRAVATED ASSAULT","res":"unsolved"}]}},{"type":"Feature","geometry":{"type":"Polygon","coordinates":[[[-86.7014001549628,36.07926591867549],[-86.69994252336667,36.080532076213224],[-86.7005865822575,36.08229926461122],[-86.7026883519056,36.08280031415623],[-86.70414602246868,36.081534140173716],[-86.70350188441749,36.079766933091435],[-86.7014001549628,36.07926591867549],[-86.7014001549628,36.07926591867549]]]},"properties":{"h3":"89264d109a3ffff","count":5,"c3":0,"c6":0,"c12":1,"c24":5,"score":2.1,"risk":11,"peakDay":"Saturday","peakTime":"afternoon","hood":"","bk12":{"morning":0,"afternoon":0,"evening":1,"night":0},"bk24":{"morning":0,"afternoon":2,"evening":1,"night":2},"recent":[{"d":"2025-11-05","day":"Wed","time":"21:54","desc":"Assault, Aggravated - Deadly Weapon - Int/Kn","res":"closed"},{"d":"2025-09-20","day":"Sat","time":"16:40","desc":"INTENTIONAL AGGRAVATED ASSAULT","res":"closed"},{"d":"2025-08-03","day":"Sun","time":"02:00","desc":"Assault, Aggravated - Strangulation - Int/Kn","res":"closed"},{"d":"2025-07-28","day":"Mon","time":"00:10","desc":"Assault, Aggravated - Deadly Weapon - Int/Kn","res":"closed"},{"d":"2024-10-26","day":"Sat","time":"12:30","desc":"INTENTIONAL AGGRAVATED ASSAULT","res":"closed"}]}},{"type":"Feature","geometry":{"type":"Polygon","coordinates":[[[-86.63126473780251,36.065749194518084],[-86.62980747931756,36.06701425707329],[-86.63044980066444,36.06878129284101],[-86.63254945964765,36.06928328485615],[-86.63400675725654,36.06801820590159],[-86.63336435675906,36.066251151331706],[-86.63126473780251,36.065749194518084],[-86.63126473780251,36.065749194518084]]]},"properties":{"h3":"89264d144cbffff","count":1,"c3":0,"c6":0,"c12":0,"c24":1,"score":0.3,"risk":1,"peakDay":"Saturday","peakTime":"night","hood":"","bk12":{"morning":0,"afternoon":0,"evening":0,"night":0},"bk24":{"morning":0,"afternoon":0,"evening":0,"night":1},"recent":[{"d":"2024-10-26","day":"Sat","time":"23:45","desc":"INTENTIONAL AGGRAVATED ASSAULT","res":"closed"}]}},{"type":"Feature","geometry":{"type":"Polygon","coordinates":[[[-86.76054119000487,36.14659398899067],[-86.75908246023377,36.14786021875105],[-86.75972833240394,36.14962710453954],[-86.7618330135996,36.15012777914839],[-86.7632917822467,36.14886153294901],[-86.76264583082296,36.147094628580255],[-86.76054119000487,36.14659398899067],[-86.76054119000487,36.14659398899067]]]},"properties":{"h3":"89264d10007ffff","count":4,"c3":0,"c6":0,"c12":1,"c24":4,"score":1.7,"risk":8,"peakDay":"Tuesday","peakTime":"evening","hood":"","bk12":{"morning":0,"afternoon":0,"evening":1,"night":0},"bk24":{"morning":0,"afternoon":0,"evening":3,"night":1},"recent":[{"d":"2025-11-04","day":"Tue","time":"17:30","desc":"INTENTIONAL AGGRAVATED ASSAULT","res":"closed"},{"d":"2025-09-30","day":"Tue","time":"20:00","desc":"INTENTIONAL AGGRAVATED ASSAULT","res":"closed"},{"d":"2025-05-10","day":"Sat","time":"20:12","desc":"Assault, Aggravated - Deadly Weapon - Int/Kn","res":"closed"},{"d":"2024-10-27","day":"Sun","time":"01:34","desc":"Assault, Aggravated - Deadly Weapon - Int/Kn","res":"closed"}]}},{"type":"Feature","geometry":{"type":"Polygon","coordinates":[[[-86.8182010645472,36.15706736672178],[-86.81674204280917,36.15833450504708],[-86.81738933980913,36.16010151449838],[-86.8194957378075,36.160601404108085],[-86.82095479829086,36.15933424930617],[-86.82030742203135,36.157567221371636],[-86.8182010645472,36.15706736672178],[-86.8182010645472,36.15706736672178]]]},"properties":{"h3":"89264d1154fffff","count":4,"c3":0,"c6":0,"c12":0,"c24":4,"score":1.6,"risk":8,"peakDay":"Friday","peakTime":"night","hood":"","bk12":{"morning":0,"afternoon":0,"evening":0,"night":0},"bk24":{"morning":1,"afternoon":1,"evening":0,"night":2},"recent":[{"d":"2025-09-19","day":"Fri","time":"23:00","desc":"Assault, Aggravated - Deadly Weapon - Int/Kn","res":"unsolved"},{"d":"2025-08-15","day":"Fri","time":"16:00","desc":"INTENTIONAL AGGRAVATED ASSAULT","res":"unsolved"},{"d":"2025-04-26","day":"Sat","time":"10:00","desc":"INTENTIONAL AGGRAVATED ASSAULT","res":"unsolved"},{"d":"2024-10-27","day":"Sun","time":"01:50","desc":"ROBBERY, AGGRAVATED, HANDGUN","res":"unsolved"}]}},{"type":"Feature","geometry":{"type":"Polygon","coordinates":[[[-86.81851962241126,36.168436456140114],[-86.81706043981757,36.16970342722207],[-86.8177078153394,36.171470350015895],[-86.81981445273264,36.17197032021],[-86.8212736740794,36.170703332660054],[-86.82062621928068,36.16893639138447],[-86.81851962241126,36.168436456140114],[-86.81851962241126,36.168436456140114]]]},"properties":{"h3":"89264d11437ffff","count":4,"c3":0,"c6":0,"c12":2,"c24":4,"score":1.8,"risk":9,"peakDay":"Sunday","peakTime":"night","hood":"","bk12":{"morning":0,"afternoon":1,"evening":0,"night":1},"bk24":{"morning":0,"afternoon":1,"evening":0,"night":3},"recent":[{"d":"2026-02-01","day":"Sun","time":"14:00","desc":"INTENTIONAL AGGRAVATED ASSAULT","res":"unsolved"},{"d":"2025-10-17","day":"Fri","time":"03:00","desc":"ROBBERY- CARJACKING","res":"unsolved"},{"d":"2025-07-06","day":"Sun","time":"00:01","desc":"INTENTIONAL AGGRAVATED ASSAULT","res":"unsolved"},{"d":"2024-10-31","day":"Thu","time":"04:04","desc":"ROBBERY","res":"unsolved"}]}},{"type":"Feature","geometry":{"type":"Polygon","coordinates":[[[-86.72825126344956,36.079208475966574],[-86.7267935636181,36.08047513191576],[-86.72743825513142,36.08224241760683],[-86.72954072563294,36.08274306598869],[-86.73099846436716,36.08147639357324],[-86.7303536936979,36.07970908924266],[-86.72825126344956,36.079208475966574],[-86.72825126344956,36.079208475966574]]]},"properties":{"h3":"89264d10b87ffff","count":11,"c3":0,"c6":0,"c12":3,"c24":11,"score":5.2,"risk":26,"peakDay":"Thursday","peakTime":"evening","hood":"","bk12":{"morning":1,"afternoon":1,"evening":1,"night":0},"bk24":{"morning":2,"afternoon":2,"evening":5,"night":2},"recent":[{"d":"2026-03-03","day":"Tue","time":"11:00","desc":"ASSAULT","res":"unsolved"},{"d":"2026-02-26","day":"Thu","time":"18:10","desc":"AGGRAV ASSLT - NONFAMILY-GUN","res":"unsolved"},{"d":"2025-10-21","day":"Tue","time":"16:35","desc":"Assault, Aggravated - Deadly Weapon - Int/Kn","res":"unsolved"},{"d":"2025-09-19","day":"Fri","time":"17:45","desc":"AGGRAV ASSLT - NONFAMILY-WEAPON","res":"unsolved"},{"d":"2025-09-19","day":"Fri","time":"11:55","desc":"ROBBERY","res":"unsolved"},{"d":"2025-08-25","day":"Mon","time":"20:30","desc":"ROBBERY","res":"unsolved"},{"d":"2025-08-03","day":"Sun","time":"16:03","desc":"INTENTIONAL AGGRAVATED ASSAULT","res":"unsolved"},{"d":"2025-07-28","day":"Mon","time":"22:00","desc":"ROBBERY, AGGRAVATED, HANDGUN","res":"unsolved"},{"d":"2025-07-18","day":"Fri","time":"20:35","desc":"INTENTIONAL AGGRAVATED ASSAULT","res":"unsolved"},{"d":"2025-07-10","day":"Thu","time":"03:00","desc":"Assault, Aggravated - Deadly Weapon - Int/Kn","res":"unsolved"}]}},{"type":"Feature","geometry":{"type":"Polygon","coordinates":[[[-86.81802636177979,36.18283841726101],[-86.81656697757907,36.184105159746906],[-86.81721443145487,36.18587196941107],[-86.81932134883121,36.186372055071224],[-86.82078077179695,36.18510529612901],[-86.82013323862213,36.18333846798344],[-86.81802636177979,36.18283841726101],[-86.81802636177979,36.18283841726101]]]},"properties":{"h3":"89264d11497ffff","count":1,"c3":0,"c6":0,"c12":0,"c24":1,"score":0.3,"risk":1,"peakDay":"Friday","peakTime":"morning","hood":"","bk12":{"morning":0,"afternoon":0,"evening":0,"night":0},"bk24":{"morning":1,"afternoon":0,"evening":0,"night":0},"recent":[{"d":"2024-11-01","day":"Fri","time":"08:00","desc":"AGGRAV ASSLT - NONFAMILY-GUN","res":"closed"}]}},{"type":"Feature","geometry":{"type":"Polygon","coordinates":[[[-86.76135400670563,36.14356078598966],[-86.75989531757101,36.14482707698521],[-86.76054119000487,36.14659398899067],[-86.76264583082296,36.147094628580255],[-86.76410455882937,36.14582832114269],[-86.76345860714672,36.14406139055805],[-86.76135400670563,36.14356078598966],[-86.76135400670563,36.14356078598966]]]},"properties":{"h3":"89264d1003bffff","count":1,"c3":0,"c6":0,"c12":0,"c24":1,"score":0.3,"risk":1,"peakDay":"Friday","peakTime":"evening","hood":"","bk12":{"morning":0,"afternoon":0,"evening":0,"night":0},"bk24":{"morning":0,"afternoon":0,"evening":1,"night":0},"recent":[{"d":"2024-11-01","day":"Fri","time":"17:00","desc":"Assault, Aggravated - Deadly Weapon - Int/Kn","res":"closed"}]}},{"type":"Feature","geometry":{"type":"Polygon","coordinates":[[[-86.81785157239285,36.208605286850684],[-86.81639182554937,36.20987163309254],[-86.81703943637702,36.2116382422983],[-86.81914687338747,36.21213852374216],[-86.8206066590157,36.21087216106424],[-86.81995896884955,36.209105533378995],[-86.81785157239285,36.208605286850684],[-86.81785157239285,36.208605286850684]]]},"properties":{"h3":"89264d13667ffff","count":3,"c3":0,"c6":0,"c12":0,"c24":3,"score":1.2,"risk":6,"peakDay":"Thursday","peakTime":"evening","hood":"","bk12":{"morning":0,"afternoon":0,"evening":0,"night":0},"bk24":{"morning":0,"afternoon":0,"evening":3,"night":0},"recent":[{"d":"2025-10-02","day":"Thu","time":"21:01","desc":"Assault, Aggravated - Deadly Weapon - Int/Kn","res":"closed"},{"d":"2025-07-03","day":"Thu","time":"20:00","desc":"ASSAULT, AGGRAVATED-STRANGULATION AND VICTIM PREGNANT","res":"closed"},{"d":"2024-11-01","day":"Fri","time":"17:30","desc":"Assault, Aggravated - Deadly Weapon - Int/Kn","res":"unsolved"}]}},{"type":"Feature","geometry":{"type":"Polygon","coordinates":[[[-86.69509535736219,36.077762710128376],[-86.69363776319028,36.079028773644794],[-86.694281664107,36.08079595066339],[-86.69638323835555,36.08129708286094],[-86.69784087150836,36.08003100290358],[-86.69719689143251,36.078263807190105],[-86.69509535736219,36.077762710128376],[-86.69509535736219,36.077762710128376]]]},"properties":{"h3":"89264d1726bffff","count":1,"c3":0,"c6":0,"c12":0,"c24":1,"score":0.3,"risk":1,"peakDay":"Friday","peakTime":"evening","hood":"","bk12":{"morning":0,"afternoon":0,"evening":0,"night":0},"bk24":{"morning":0,"afternoon":0,"evening":1,"night":0},"recent":[{"d":"2024-11-01","day":"Fri","time":"20:35","desc":"ROBBERY, AGGRAVATED, HANDGUN","res":"closed"}]}},{"type":"Feature","geometry":{"type":"Polygon","coordinates":[[[-86.5964149183114,36.17031098243691],[-86.59495628082125,36.17157380684429],[-86.5955984280538,36.173339917762725],[-86.59769929209298,36.173843223125814],[-86.59915796886912,36.17258038242948],[-86.59851574232088,36.17081425265948],[-86.5964149183114,36.17031098243691],[-86.5964149183114,36.17031098243691]]]},"properties":{"h3":"89264d8c3c7ffff","count":2,"c3":0,"c6":0,"c12":0,"c24":2,"score":0.7,"risk":4,"peakDay":"Friday","peakTime":"evening","hood":"","bk12":{"morning":0,"afternoon":0,"evening":0,"night":0},"bk24":{"morning":0,"afternoon":0,"evening":1,"night":1},"recent":[{"d":"2025-09-13","day":"Sat","time":"01:10","desc":"INTENTIONAL AGGRAVATED ASSAULT","res":"closed"},{"d":"2024-11-01","day":"Fri","time":"21:30","desc":"Assault, Aggravated - Deadly Weapon - Int/Kn","res":"closed"}]}},{"type":"Feature","geometry":{"type":"Polygon","coordinates":[[[-86.7742961199101,36.15793139121148],[-86.77283719580798,36.15919770317095],[-86.77348346301257,36.16096455061739],[-86.77558873358862,36.16146510466123],[-86.77704769654221,36.16019877626069],[-86.77640135006908,36.15843191025785],[-86.7742961199101,36.15793139121148],[-86.7742961199101,36.15793139121148]]]},"properties":{"h3":"89264d10637ffff","count":6,"c3":0,"c6":0,"c12":1,"c24":6,"score":2.7,"risk":14,"peakDay":"Sunday","peakTime":"night","hood":"","bk12":{"morning":0,"afternoon":0,"evening":0,"night":1},"bk24":{"morning":0,"afternoon":0,"evening":0,"night":6},"recent":[{"d":"2026-02-09","day":"Mon","time":"00:35","desc":"INTENTIONAL AGGRAVATED ASSAULT","res":"closed"},{"d":"2025-08-31","day":"Sun","time":"01:15","desc":"AGGRAV ASSLT - NONFAMILY-GUN","res":"closed"},{"d":"2025-08-24","day":"Sun","time":"03:30","desc":"INTENTIONAL AGGRAVATED ASSAULT","res":"closed"},{"d":"2025-08-09","day":"Sat","time":"03:00","desc":"INTENTIONAL AGGRAVATED ASSAULT","res":"closed"},{"d":"2025-08-08","day":"Fri","time":"22:00","desc":"INTENTIONAL AGGRAVATED ASSAULT","res":"closed"},{"d":"2024-11-03","day":"Sun","time":"02:00","desc":"INTENTIONAL AGGRAVATED ASSAULT","res":"closed"}]}},{"type":"Feature","geometry":{"type":"Polygon","coordinates":[[[-86.62897136431353,36.14908025594155],[-86.62751293959109,36.15034400834399],[-86.62815572351704,36.15211040095649],[-86.6302570114446,36.15261305996623],[-86.63171547535943,36.15134929123195],[-86.63107261215511,36.14958287982026],[-86.62897136431353,36.14908025594155],[-86.62897136431353,36.14908025594155]]]},"properties":{"h3":"89264d8d8d3ffff","count":2,"c3":0,"c6":0,"c12":0,"c24":2,"score":0.7,"risk":3,"peakDay":"Friday","peakTime":"evening","hood":"","bk12":{"morning":0,"afternoon":0,"evening":0,"night":0},"bk24":{"morning":1,"afternoon":0,"evening":1,"night":0},"recent":[{"d":"2025-07-23","day":"Wed","time":"11:20","desc":"INTENTIONAL AGGRAVATED ASSAULT","res":"unsolved"},{"d":"2024-11-08","day":"Fri","time":"21:00","desc":"ROBBERY- CARJACKING","res":"unsolved"}]}},{"type":"Feature","geometry":{"type":"Polygon","coordinates":[[[-86.70811560978053,36.129269826656945],[-86.70665725764991,36.13053534854781],[-86.70730178563869,36.13230217954822],[-86.70940474499461,36.13280350732732],[-86.71086313611377,36.13153796902568],[-86.71021852888927,36.12977111935618],[-86.70811560978053,36.129269826656945],[-86.70811560978053,36.129269826656945]]]},"properties":{"h3":"89264d12bcbffff","count":26,"c3":0,"c6":0,"c12":7,"c24":26,"score":12,"risk":60,"peakDay":"Sunday","peakTime":"night","hood":"","bk12":{"morning":0,"afternoon":1,"evening":4,"night":2},"bk24":{"morning":0,"afternoon":7,"evening":9,"night":10},"recent":[{"d":"2026-02-20","day":"Fri","time":"19:30","desc":"INTENTIONAL AGGRAVATED ASSAULT","res":"unsolved"},{"d":"2026-01-29","day":"Thu","time":"21:50","desc":"INTENTIONAL AGGRAVATED ASSAULT","res":"unsolved"},{"d":"2025-12-22","day":"Mon","time":"17:00","desc":"ROBBERY","res":"unsolved"},{"d":"2025-12-20","day":"Sat","time":"03:50","desc":"ROBBERY, AGGRAVATED, HANDGUN","res":"unsolved"},{"d":"2025-11-10","day":"Mon","time":"13:00","desc":"Assault, Aggravated - Deadly Weapon - Int/Kn","res":"unsolved"},{"d":"2025-10-16","day":"Thu","time":"23:42","desc":"INTENTIONAL AGGRAVATED ASSAULT","res":"unsolved"},{"d":"2025-10-12","day":"Sun","time":"20:30","desc":"INTENTIONAL AGGRAVATED ASSAULT","res":"unsolved"},{"d":"2025-09-21","day":"Sun","time":"03:20","desc":"ROBBERY","res":"unsolved"},{"d":"2025-09-20","day":"Sat","time":"00:45","desc":"ROBBERY, AGGRAVATED, KNIFE","res":"unsolved"},{"d":"2025-09-14","day":"Sun","time":"22:30","desc":"INTENTIONAL AGGRAVATED ASSAULT","res":"unsolved"}]}},{"type":"Feature","geometry":{"type":"Polygon","coordinates":[[[-86.90978686621054,36.12873206520337],[-86.9083280191294,36.13000132945453],[-86.90897729726805,36.13176887790623],[-86.91108550168802,36.132267180439875],[-86.91254438727263,36.13099789961747],[-86.91189502993463,36.12923033283318],[-86.90978686621054,36.12873206520337],[-86.90978686621054,36.12873206520337]]]},"properties":{"h3":"89264d1a367ffff","count":2,"c3":0,"c6":0,"c12":0,"c24":2,"score":0.7,"risk":4,"peakDay":"Sunday","peakTime":"morning","hood":"","bk12":{"morning":0,"afternoon":0,"evening":0,"night":0},"bk24":{"morning":1,"afternoon":1,"evening":0,"night":0},"recent":[{"d":"2025-07-30","day":"Wed","time":"12:30","desc":"Assault, Aggravated - Deadly Weapon - Int/Kn","res":"unsolved"},{"d":"2024-11-10","day":"Sun","time":"10:31","desc":"INTENTIONAL AGGRAVATED ASSAULT","res":"unsolved"}]}},{"type":"Feature","geometry":{"type":"Polygon","coordinates":[[[-86.77073204311158,36.15869712498897],[-86.76927311721084,36.15996335925399],[-86.76991930514508,36.16173018813813],[-86.77202449825123,36.16223080132002],[-86.77348346301257,36.16096455061739],[-86.77283719580798,36.15919770317095],[-86.77073204311158,36.15869712498897],[-86.77073204311158,36.15869712498897]]]},"properties":{"h3":"89264d100dbffff","count":15,"c3":0,"c6":0,"c12":1,"c24":15,"score":6.3,"risk":32,"peakDay":"Saturday","peakTime":"night","hood":"","bk12":{"morning":0,"afternoon":0,"evening":0,"night":1},"bk24":{"morning":1,"afternoon":3,"evening":5,"night":6},"recent":[{"d":"2025-10-08","day":"Wed","time":"04:00","desc":"ROBBERY","res":"unsolved"},{"d":"2025-09-27","day":"Sat","time":"17:10","desc":"INTENTIONAL AGGRAVATED ASSAULT","res":"unsolved"},{"d":"2025-09-03","day":"Wed","time":"12:00","desc":"INTENTIONAL AGGRAVATED ASSAULT","res":"unsolved"},{"d":"2025-08-17","day":"Sun","time":"13:00","desc":"INTENTIONAL AGGRAVATED ASSAULT","res":"unsolved"},{"d":"2025-08-15","day":"Fri","time":"17:50","desc":"INTENTIONAL AGGRAVATED ASSAULT","res":"unsolved"},{"d":"2025-08-01","day":"Fri","time":"20:25","desc":"INTENTIONAL AGGRAVATED ASSAULT","res":"unsolved"},{"d":"2025-07-31","day":"Thu","time":"22:00","desc":"Assault, Aggravated - Strangulation - Int/Kn","res":"closed"},{"d":"2025-07-24","day":"Thu","time":"05:40","desc":"INTENTIONAL AGGRAVATED ASSAULT","res":"unsolved"},{"d":"2025-07-19","day":"Sat","time":"13:10","desc":"INTENTIONAL AGGRAVATED ASSAULT","res":"unsolved"},{"d":"2025-07-17","day":"Thu","time":"22:00","desc":"INTENTIONAL AGGRAVATED ASSAULT","res":"unsolved"}]}},{"type":"Feature","geometry":{"type":"Polygon","coordinates":[[[-86.73970345832466,36.236786568044124],[-86.73824351037676,36.238051035484006],[-86.73888945351887,36.23981714943285],[-86.74099542400496,36.24031881454957],[-86.74245541094668,36.23905433075785],[-86.7418093884093,36.23728819820174],[-86.73970345832466,36.236786568044124],[-86.73970345832466,36.236786568044124]]]},"properties":{"h3":"89264d89913ffff","count":2,"c3":0,"c6":0,"c12":0,"c24":2,"score":0.7,"risk":4,"peakDay":"Saturday","peakTime":"night","hood":"","bk12":{"morning":0,"afternoon":0,"evening":0,"night":0},"bk24":{"morning":0,"afternoon":1,"evening":0,"night":1},"recent":[{"d":"2025-09-10","day":"Wed","time":"12:00","desc":"AGGRAV ASSLT - NONFAMILY-GUN","res":"unsolved"},{"d":"2024-11-16","day":"Sat","time":"23:46","desc":"ROBBERY- ESP. AGG.","res":"unsolved"}]}},{"type":"Feature","geometry":{"type":"Polygon","coordinates":[[[-86.68797733220254,36.07929238882732],[-86.68651973497033,36.080558297189555],[-86.68716347756366,36.08232543680075],[-86.68926489655254,36.08282668675683],[-86.69072253278378,36.08156076196054],[-86.69007871102787,36.07979360364272],[-86.68797733220254,36.07929238882732],[-86.68797733220254,36.07929238882732]]]},"properties":{"h3":"89264d17277ffff","count":3,"c3":0,"c6":0,"c12":0,"c24":3,"score":1.2,"risk":6,"peakDay":"Saturday","peakTime":"evening","hood":"","bk12":{"morning":0,"afternoon":0,"evening":0,"night":0},"bk24":{"morning":0,"afternoon":1,"evening":1,"night":1},"recent":[{"d":"2025-09-13","day":"Sat","time":"00:00","desc":"INTENTIONAL AGGRAVATED ASSAULT","res":"unsolved"},{"d":"2025-07-26","day":"Sat","time":"12:14","desc":"INTENTIONAL AGGRAVATED ASSAULT","res":"unsolved"},{"d":"2024-11-18","day":"Mon","time":"17:45","desc":"ASSAULT, AGGRAVATED - DEADLY WEAPON - RECK FROM MOT VEH IN CONC","res":"unsolved"}]}},{"type":"Feature","geometry":{"type":"Polygon","coordinates":[[[-86.65513540935152,36.089201370737875],[-86.6536777584269,36.09046651972336],[-86.65432078807524,36.09223346469167],[-86.65642154783183,36.09273527943554],[-86.65787923784124,36.09147011405009],[-86.65723612901007,36.08970315032122],[-86.65513540935152,36.089201370737875],[-86.65513540935152,36.089201370737875]]]},"properties":{"h3":"89264d170abffff","count":1,"c3":0,"c6":0,"c12":0,"c24":1,"score":0.3,"risk":1,"peakDay":"Thursday","peakTime":"morning","hood":"","bk12":{"morning":0,"afternoon":0,"evening":0,"night":0},"bk24":{"morning":1,"afternoon":0,"evening":0,"night":0},"recent":[{"d":"2024-11-21","day":"Thu","time":"06:00","desc":"AGGRAV ASSLT - FAMILY-WEAPON","res":"closed"}]}},{"type":"Feature","geometry":{"type":"Polygon","coordinates":[[[-86.62964189197575,36.2088976383836],[-86.62818262244288,36.21016049030047],[-86.62882579375243,36.2119264251523],[-86.63092831396557,36.212429526880705],[-86.63238762273456,36.211166658678444],[-86.63174437205507,36.209400705033666],[-86.62964189197575,36.2088976383836],[-86.62964189197575,36.2088976383836]]]},"properties":{"h3":"89264d8f367ffff","count":1,"c3":0,"c6":0,"c12":0,"c24":1,"score":0.3,"risk":1,"peakDay":"Friday","peakTime":"evening","hood":"","bk12":{"morning":0,"afternoon":0,"evening":0,"night":0},"bk24":{"morning":0,"afternoon":0,"evening":1,"night":0},"recent":[{"d":"2024-11-22","day":"Fri","time":"19:59","desc":"INTENTIONAL AGGRAVATED ASSAULT","res":"closed"}]}},{"type":"Feature","geometry":{"type":"Polygon","coordinates":[[[-86.63786170831044,36.07862030147559],[-86.63640425152212,36.07988529090315],[-86.63704680819065,36.08165225322862],[-86.63914690081755,36.0821542449172],[-86.64060439672383,36.080889239095185],[-86.63996176088602,36.079122257979535],[-86.63786170831044,36.07862030147559],[-86.63786170831044,36.07862030147559]]]},"properties":{"h3":"89264d1718fffff","count":3,"c3":0,"c6":0,"c12":0,"c24":3,"score":1.2,"risk":6,"peakDay":"Tuesday","peakTime":"night","hood":"","bk12":{"morning":0,"afternoon":0,"evening":0,"night":0},"bk24":{"morning":0,"afternoon":0,"evening":1,"night":2},"recent":[{"d":"2025-09-24","day":"Wed","time":"21:30","desc":"Assault, Aggravated - Deadly Weapon - Reckless","res":"unsolved"},{"d":"2025-07-15","day":"Tue","time":"22:30","desc":"INTENTIONAL AGGRAVATED ASSAULT","res":"unsolved"},{"d":"2024-11-26","day":"Tue","time":"00:00","desc":"INTENTIONAL AGGRAVATED ASSAULT","res":"unsolved"}]}},{"type":"Feature","geometry":{"type":"Polygon","coordinates":[[[-86.67786087108422,36.3042341728653],[-86.6764001293513,36.30549645988552],[-86.67704503325191,36.30726182660243],[-86.6791507583952,36.307764925003596],[-86.68061153932125,36.30650262173363],[-86.67996655591163,36.30473723631274],[-86.67786087108422,36.3042341728653],[-86.67786087108422,36.3042341728653]]]},"properties":{"h3":"89264d8ae73ffff","count":1,"c3":0,"c6":0,"c12":0,"c24":1,"score":0.3,"risk":1,"peakDay":"Wednesday","peakTime":"morning","hood":"","bk12":{"morning":0,"afternoon":0,"evening":0,"night":0},"bk24":{"morning":1,"afternoon":0,"evening":0,"night":0},"recent":[{"d":"2024-11-27","day":"Wed","time":"05:00","desc":"ASSAULT","res":"closed"}]}},{"type":"Feature","geometry":{"type":"Polygon","coordinates":[[[-86.80114625549831,36.22076607417563],[-86.79968637876233,36.222031925283325],[-86.80033367159238,36.223798381208255],[-86.80244092051932,36.22429900453223],[-86.80390083608935,36.22303313701122],[-86.80325346389921,36.22126666258003],[-86.80114625549831,36.22076607417563],[-86.80114625549831,36.22076607417563]]]},"properties":{"h3":"89264d1344fffff","count":1,"c3":0,"c6":0,"c12":0,"c24":1,"score":0.3,"risk":1,"peakDay":"Thursday","peakTime":"night","hood":"","bk12":{"morning":0,"afternoon":0,"evening":0,"night":0},"bk24":{"morning":0,"afternoon":0,"evening":0,"night":1},"recent":[{"d":"2024-11-28","day":"Thu","time":"22:04","desc":"INTENTIONAL AGGRAVATED ASSAULT","res":"closed"}]}},{"type":"Feature","geometry":{"type":"Polygon","coordinates":[[[-86.77917120243059,36.13973059771511],[-86.77771252224919,36.140997277077666],[-86.77835879090917,36.14276428192022],[-86.78046381899122,36.143264625950465],[-86.78192253799878,36.14199793012869],[-86.78127619009892,36.14023090673636],[-86.77917120243059,36.13973059771511],[-86.77917120243059,36.13973059771511]]]},"properties":{"h3":"89264d102afffff","count":6,"c3":0,"c6":0,"c12":2,"c24":6,"score":2.9,"risk":15,"peakDay":"Saturday","peakTime":"night","hood":"","bk12":{"morning":0,"afternoon":0,"evening":1,"night":1},"bk24":{"morning":0,"afternoon":0,"evening":3,"night":3},"recent":[{"d":"2026-02-09","day":"Mon","time":"17:15","desc":"INTENTIONAL AGGRAVATED ASSAULT","res":"unsolved"},{"d":"2026-01-12","day":"Mon","time":"04:00","desc":"Assault, Aggravated - Deadly Weapon - Int/Kn","res":"unsolved"},{"d":"2025-09-27","day":"Sat","time":"20:00","desc":"Assault, Aggravated - Deadly Weapon - Int/Kn","res":"unsolved"},{"d":"2025-09-06","day":"Sat","time":"00:56","desc":"ROBBERY, AGGRAVATED, OTHER","res":"unsolved"},{"d":"2025-07-25","day":"Fri","time":"17:00","desc":"INTENTIONAL AGGRAVATED ASSAULT","res":"unsolved"},{"d":"2024-11-30","day":"Sat","time":"02:00","desc":"Assault, Aggravated - Deadly Weapon - Int/Kn","res":"unsolved"}]}},{"type":"Feature","geometry":{"type":"Polygon","coordinates":[[[-86.80895226230592,36.17907111405863],[-86.80749295372495,36.18033774590462],[-86.80814017009402,36.18210455276598],[-86.81024677433975,36.182604746278635],[-86.81170612170477,36.181338097980564],[-86.81105882604082,36.179571272622375],[-86.80895226230592,36.17907111405863],[-86.80895226230592,36.17907111405863]]]},"properties":{"h3":"89264d13347ffff","count":4,"c3":0,"c6":0,"c12":1,"c24":4,"score":1.8,"risk":9,"peakDay":"Sunday","peakTime":"morning","hood":"","bk12":{"morning":0,"afternoon":0,"evening":0,"night":1},"bk24":{"morning":2,"afternoon":0,"evening":1,"night":1},"recent":[{"d":"2026-02-17","day":"Tue","time":"23:00","desc":"ROBBERY","res":"closed"},{"d":"2025-08-10","day":"Sun","time":"17:56","desc":"AGGRAV ASSLT - NONFAMILY-GUN","res":"unsolved"},{"d":"2025-06-13","day":"Fri","time":"11:00","desc":"INTENTIONAL AGGRAVATED ASSAULT","res":"unsolved"},{"d":"2024-12-01","day":"Sun","time":"10:30","desc":"INTENTIONAL AGGRAVATED ASSAULT","res":"unsolved"}]}},{"type":"Feature","geometry":{"type":"Polygon","coordinates":[[[-86.77041890904678,36.14732997941214],[-86.76896014395902,36.148596380972656],[-86.76960625363407,36.150363296262185],[-86.77171120765067,36.150863828555444],[-86.77317001159129,36.149597410548665],[-86.77252382266325,36.14783047669539],[-86.77041890904678,36.14732997941214],[-86.77041890904678,36.14732997941214]]]},"properties":{"h3":"89264d10047ffff","count":6,"c3":0,"c6":0,"c12":2,"c24":6,"score":2.7,"risk":14,"peakDay":"Saturday","peakTime":"afternoon","hood":"","bk12":{"morning":0,"afternoon":0,"evening":1,"night":1},"bk24":{"morning":1,"afternoon":3,"evening":1,"night":1},"recent":[{"d":"2026-01-31","day":"Sat","time":"01:20","desc":"Assault, Aggravated - Deadly Weapon - Int/Kn","res":"unsolved"},{"d":"2025-10-25","day":"Sat","time":"20:09","desc":"INTENTIONAL AGGRAVATED ASSAULT","res":"unsolved"},{"d":"2025-07-24","day":"Thu","time":"15:24","desc":"ROBBERY","res":"unsolved"},{"d":"2025-07-22","day":"Tue","time":"14:15","desc":"ROBBERY","res":"unsolved"},{"d":"2025-07-14","day":"Mon","time":"08:00","desc":"AGGRAV ASSLT - NONFAMILY-GUN","res":"unsolved"},{"d":"2024-12-06","day":"Fri","time":"15:30","desc":"INTENTIONAL AGGRAVATED ASSAULT","res":"unsolved"}]}},{"type":"Feature","geometry":{"type":"Polygon","coordinates":[[[-86.76860666251147,36.179161668621646],[-86.76714745375978,36.18042755164531],[-86.76779371921619,36.18219421507669],[-86.76989927272713,36.182695014049],[-86.77135852035991,36.181429114605436],[-86.77071217560147,36.179662432609945],[-86.76860666251147,36.179161668621646],[-86.76860666251147,36.179161668621646]]]},"properties":{"h3":"89264d13137ffff","count":6,"c3":0,"c6":0,"c12":0,"c24":6,"score":2.6,"risk":13,"peakDay":"Friday","peakTime":"evening","hood":"","bk12":{"morning":0,"afternoon":0,"evening":0,"night":0},"bk24":{"morning":1,"afternoon":1,"evening":3,"night":1},"recent":[{"d":"2025-10-01","day":"Wed","time":"17:10","desc":"INTENTIONAL AGGRAVATED ASSAULT","res":"unsolved"},{"d":"2025-09-26","day":"Fri","time":"17:11","desc":"INTENTIONAL AGGRAVATED ASSAULT","res":"unsolved"},{"d":"2025-08-12","day":"Tue","time":"19:21","desc":"AGGRAV ASSLT - NONFAMILY-GUN","res":"unsolved"},{"d":"2025-07-28","day":"Mon","time":"03:00","desc":"INTENTIONAL AGGRAVATED ASSAULT","res":"unsolved"},{"d":"2025-07-14","day":"Mon","time":"09:00","desc":"ROBBERY","res":"unsolved"},{"d":"2024-12-06","day":"Fri","time":"16:30","desc":"AGGRAV ASSLT - NONFAMILY-GUN","res":"unsolved"}]}},{"type":"Feature","geometry":{"type":"Polygon","coordinates":[[[-86.82919305158826,36.22903806440367],[-86.82773298858875,36.23030430876206],[-86.82838099474603,36.23207079873776],[-86.83048914327146,36.23257106281434],[-86.83194924504372,36.23130480202679],[-86.83130115951862,36.22953829359233],[-86.82919305158826,36.22903806440367],[-86.82919305158826,36.22903806440367]]]},"properties":{"h3":"89264dc6b33ffff","count":3,"c3":0,"c6":0,"c12":0,"c24":3,"score":1.2,"risk":6,"peakDay":"Friday","peakTime":"evening","hood":"","bk12":{"morning":0,"afternoon":0,"evening":0,"night":0},"bk24":{"morning":0,"afternoon":1,"evening":1,"night":1},"recent":[{"d":"2025-10-04","day":"Sat","time":"13:30","desc":"INTENTIONAL AGGRAVATED ASSAULT","res":"unsolved"},{"d":"2025-07-24","day":"Thu","time":"23:00","desc":"INTENTIONAL AGGRAVATED ASSAULT","res":"unsolved"},{"d":"2024-12-06","day":"Fri","time":"20:58","desc":"ASSAULT, AGGRAVATED - DEADLY WEAPON - INT/KN FROM MOT VEH","res":"unsolved"}]}},{"type":"Feature","geometry":{"type":"Polygon","coordinates":[[[-86.65869377851776,36.08843792375427],[-86.65723612901007,36.08970315032122],[-86.65787923784124,36.09147011405009],[-86.65998007536196,36.0919718699672],[-86.6614377639454,36.09070662699685],[-86.66079457593314,36.08893964451329],[-86.65869377851776,36.08843792375427],[-86.65869377851776,36.08843792375427]]]},"properties":{"h3":"89264d17007ffff","count":1,"c3":0,"c6":0,"c12":0,"c24":1,"score":0.3,"risk":1,"peakDay":"Saturday","peakTime":"evening","hood":"","bk12":{"morning":0,"afternoon":0,"evening":0,"night":0},"bk24":{"morning":0,"afternoon":0,"evening":1,"night":0},"recent":[{"d":"2024-12-07","day":"Sat","time":"20:50","desc":"AGGRAV ASSLT - NONFAMILY-GUN","res":"unsolved"}]}},{"type":"Feature","geometry":{"type":"Polygon","coordinates":[[[-86.66453618708032,36.241421342652075],[-86.66307636723019,36.24268434483395],[-86.66372056481659,36.24445015386382],[-86.66582466166841,36.24495297944428],[-86.66728452069593,36.2436899609744],[-86.66664024369501,36.24192413321254],[-86.66453618708032,36.241421342652075],[-86.66453618708032,36.241421342652075]]]},"properties":{"h3":"89264d88d2bffff","count":1,"c3":0,"c6":0,"c12":0,"c24":1,"score":0.3,"risk":1,"peakDay":"Thursday","peakTime":"night","hood":"","bk12":{"morning":0,"afternoon":0,"evening":0,"night":0},"bk24":{"morning":0,"afternoon":0,"evening":0,"night":1},"recent":[{"d":"2024-12-12","day":"Thu","time":"22:53","desc":"INTENTIONAL AGGRAVATED ASSAULT","res":"closed"}]}},{"type":"Feature","geometry":{"type":"Polygon","coordinates":[[[-86.67913774082234,36.04975021727351],[-86.67768058162135,36.05101641012167],[-86.6783239325404,36.052783741710385],[-86.68042452178004,36.05328489917509],[-86.68188171997892,36.05201868987665],[-86.68123828994104,36.05025133956426],[-86.67913774082234,36.04975021727351],[-86.67913774082234,36.04975021727351]]]},"properties":{"h3":"89264d15557ffff","count":3,"c3":0,"c6":0,"c12":0,"c24":3,"score":1.2,"risk":6,"peakDay":"Monday","peakTime":"afternoon","hood":"","bk12":{"morning":0,"afternoon":0,"evening":0,"night":0},"bk24":{"morning":0,"afternoon":1,"evening":1,"night":1},"recent":[{"d":"2025-08-04","day":"Mon","time":"20:40","desc":"INTENTIONAL AGGRAVATED ASSAULT","res":"unsolved"},{"d":"2025-07-21","day":"Mon","time":"22:00","desc":"Assault, Aggravated - Strangulation - Int/Kn","res":"unsolved"},{"d":"2024-12-13","day":"Fri","time":"15:45","desc":"INTENTIONAL AGGRAVATED ASSAULT","res":"unsolved"}]}},{"type":"Feature","geometry":{"type":"Polygon","coordinates":[[[-86.83133162026502,36.14566103805392],[-86.82987272653209,36.14692859310881],[-86.83052026181831,36.14869573675186],[-86.83262677007806,36.14919534380278],[-86.8340857025162,36.14792777225193],[-86.83343808799023,36.14616061014662],[-86.83133162026502,36.14566103805392],[-86.83133162026502,36.14566103805392]]]},"properties":{"h3":"89264d1102bffff","count":1,"c3":0,"c6":0,"c12":0,"c24":1,"score":0.3,"risk":1,"peakDay":"Wednesday","peakTime":"night","hood":"","bk12":{"morning":0,"afternoon":0,"evening":0,"night":0},"bk24":{"morning":0,"afternoon":0,"evening":0,"night":1},"recent":[{"d":"2024-12-18","day":"Wed","time":"22:50","desc":"AGGRAV ASSLT - FAMILY-WEAPON","res":"closed"}]}},{"type":"Feature","geometry":{"type":"Polygon","coordinates":[[[-86.77411057519281,36.183696528650955],[-86.77265128868386,36.18496244451483],[-86.77329771225224,36.186729092420876],[-86.77540350163844,36.18722984301805],[-86.77686282701868,36.18596391073343],[-86.77621632414227,36.18419724427284],[-86.77411057519281,36.183696528650955],[-86.77411057519281,36.183696528650955]]]},"properties":{"h3":"89264d13107ffff","count":2,"c3":0,"c6":0,"c12":0,"c24":2,"score":0.8,"risk":4,"peakDay":"Friday","peakTime":"morning","hood":"","bk12":{"morning":0,"afternoon":0,"evening":0,"night":0},"bk24":{"morning":1,"afternoon":1,"evening":0,"night":0},"recent":[{"d":"2025-08-28","day":"Thu","time":"15:55","desc":"AGGRAV ASSLT - NONFAMILY-GUN","res":"closed"},{"d":"2024-12-20","day":"Fri","time":"10:00","desc":"AGGRAV ASSLT - NONFAMILY-WEAPON","res":"closed"}]}},{"type":"Feature","geometry":{"type":"Polygon","coordinates":[[[-86.67939834030867,36.26109021231186],[-86.67793820416067,36.26235318921448],[-86.67858287525452,36.26411889861488],[-86.68068776193948,36.26462164981859],[-86.68214793724421,36.26335865663138],[-86.681503186708,36.26159292852554],[-86.67939834030867,36.26109021231186],[-86.67939834030867,36.26109021231186]]]},"properties":{"h3":"89264d88c33ffff","count":1,"c3":0,"c6":0,"c12":0,"c24":1,"score":0.3,"risk":1,"peakDay":"Friday","peakTime":"afternoon","hood":"","bk12":{"morning":0,"afternoon":0,"evening":0,"night":0},"bk24":{"morning":0,"afternoon":1,"evening":0,"night":0},"recent":[{"d":"2024-12-20","day":"Fri","time":"12:30","desc":"INTENTIONAL AGGRAVATED ASSAULT","res":"closed"}]}},{"type":"Feature","geometry":{"type":"Polygon","coordinates":[[[-86.71563804881053,36.07620421696663],[-86.71418042355766,36.0774706848249],[-86.71482479907965,36.079237947924746],[-86.71692687900872,36.07973876182758],[-86.71838454319227,36.07847227751075],[-86.71774008851686,36.07670499575011],[-86.71563804881053,36.07620421696663],[-86.71563804881053,36.07620421696663]]]},"properties":{"h3":"89264d10973ffff","count":1,"c3":0,"c6":0,"c12":0,"c24":1,"score":0.3,"risk":1,"peakDay":"Saturday","peakTime":"night","hood":"","bk12":{"morning":0,"afternoon":0,"evening":0,"night":0},"bk24":{"morning":0,"afternoon":0,"evening":0,"night":1},"recent":[{"d":"2024-12-21","day":"Sat","time":"03:00","desc":"INTENTIONAL AGGRAVATED ASSAULT","res":"closed"}]}},{"type":"Feature","geometry":{"type":"Polygon","coordinates":[[[-86.81721443145487,36.18587196941107],[-86.81575500653653,36.18713865061453],[-86.81640246022442,36.18890543393095],[-86.81850941813532,36.189405554526886],[-86.81996888182292,36.18813885687012],[-86.81932134883121,36.186372055071224],[-86.81721443145487,36.18587196941107],[-86.81721443145487,36.18587196941107]]]},"properties":{"h3":"89264d1322fffff","count":2,"c3":0,"c6":0,"c12":0,"c24":2,"score":0.6,"risk":3,"peakDay":"Monday","peakTime":"evening","hood":"","bk12":{"morning":0,"afternoon":0,"evening":0,"night":0},"bk24":{"morning":0,"afternoon":0,"evening":2,"night":0},"recent":[{"d":"2024-12-27","day":"Fri","time":"19:25","desc":"INTENTIONAL AGGRAVATED ASSAULT","res":"closed"},{"d":"2024-12-23","day":"Mon","time":"17:00","desc":"ROBBERY","res":"closed"}]}},{"type":"Feature","geometry":{"type":"Polygon","coordinates":[[[-86.6399489897828,36.15815621028063],[-86.63849040831977,36.15942002801287],[-86.63913350765519,36.16118639098527],[-86.641235267745,36.161688955006106],[-86.64269388838112,36.160425120940374],[-86.64205070975511,36.15865873918779],[-86.6399489897828,36.15815621028063],[-86.6399489897828,36.15815621028063]]]},"properties":{"h3":"89264d8de8fffff","count":2,"c3":0,"c6":0,"c12":0,"c24":2,"score":0.7,"risk":4,"peakDay":"Thursday","peakTime":"evening","hood":"","bk12":{"morning":0,"afternoon":0,"evening":0,"night":0},"bk24":{"morning":0,"afternoon":0,"evening":2,"night":0},"recent":[{"d":"2025-08-07","day":"Thu","time":"17:21","desc":"Assault, Aggravated - Deadly Weapon - Int/Kn - In Concert","res":"unsolved"},{"d":"2024-12-26","day":"Thu","time":"19:00","desc":"INTENTIONAL AGGRAVATED ASSAULT","res":"unsolved"}]}},{"type":"Feature","geometry":{"type":"Polygon","coordinates":[[[-86.69793831688544,36.21715585266055],[-86.69647875282988,36.218419845611045],[-86.69712358779502,36.220185962914705],[-86.69922806618851,36.22068810594693],[-86.7006876693232,36.21942409666269],[-86.7000427549861,36.21765796068046],[-86.69793831688544,36.21715585266055],[-86.69793831688544,36.21715585266055]]]},"properties":{"h3":"89264d88b77ffff","count":3,"c3":0,"c6":0,"c12":0,"c24":3,"score":1.2,"risk":6,"peakDay":"Friday","peakTime":"evening","hood":"","bk12":{"morning":0,"afternoon":0,"evening":0,"night":0},"bk24":{"morning":1,"afternoon":0,"evening":1,"night":1},"recent":[{"d":"2025-08-22","day":"Fri","time":"00:54","desc":"ROBBERY","res":"unsolved"},{"d":"2025-08-05","day":"Tue","time":"07:42","desc":"INTENTIONAL AGGRAVATED ASSAULT","res":"unsolved"},{"d":"2024-12-27","day":"Fri","time":"18:29","desc":"INTENTIONAL AGGRAVATED ASSAULT","res":"unsolved"}]}},{"type":"Feature","geometry":{"type":"Polygon","coordinates":[[[-86.72216284376967,36.151975165806135],[-86.72070413596632,36.153240602385026],[-86.72134913654706,36.15500730963172],[-86.72345292420017,36.15550859894379],[-86.72491167097553,36.154243145960734],[-86.7242665911266,36.152476420070236],[-86.72216284376967,36.151975165806135],[-86.72216284376967,36.151975165806135]]]},"properties":{"h3":"89264d12e6bffff","count":1,"c3":0,"c6":0,"c12":0,"c24":1,"score":0.3,"risk":1,"peakDay":"Thursday","peakTime":"evening","hood":"","bk12":{"morning":0,"afternoon":0,"evening":0,"night":0},"bk24":{"morning":0,"afternoon":0,"evening":1,"night":0},"recent":[{"d":"2025-01-02","day":"Thu","time":"21:10","desc":"ASSAULT, AGG., FIRST RESPONDER, DEADLY WEAPON","res":"closed"}]}},{"type":"Feature","geometry":{"type":"Polygon","coordinates":[[[-86.77885717344975,36.12836168299666],[-86.77739865402472,36.12962852950411],[-86.77804484441036,36.131395620556255],[-86.78014963344437,36.13189588365267],[-86.7816081916878,36.13062902067736],[-86.7809619220796,36.12886191107398],[-86.77885717344975,36.12836168299666],[-86.77885717344975,36.12836168299666]]]},"properties":{"h3":"89264d10343ffff","count":1,"c3":0,"c6":0,"c12":0,"c24":1,"score":0.3,"risk":1,"peakDay":"Saturday","peakTime":"night","hood":"","bk12":{"morning":0,"afternoon":0,"evening":0,"night":0},"bk24":{"morning":0,"afternoon":0,"evening":0,"night":1},"recent":[{"d":"2025-01-04","day":"Sat","time":"01:00","desc":"INTENTIONAL AGGRAVATED ASSAULT","res":"unsolved"}]}},{"type":"Feature","geometry":{"type":"Polygon","coordinates":[[[-86.71838454319227,36.07847227751075],[-86.71692687900872,36.07973876182758],[-86.71757133336446,36.08150601758078],[-86.71967353106093,36.08200680767364],[-86.72113123417026,36.08074030689785],[-86.7204867006581,36.07897303248862],[-86.71838454319227,36.07847227751075],[-86.71838454319227,36.07847227751075]]]},"properties":{"h3":"89264d10947ffff","count":5,"c3":0,"c6":0,"c12":0,"c24":5,"score":2,"risk":10,"peakDay":"Tuesday","peakTime":"night","hood":"","bk12":{"morning":0,"afternoon":0,"evening":0,"night":0},"bk24":{"morning":1,"afternoon":0,"evening":1,"night":3},"recent":[{"d":"2025-09-07","day":"Sun","time":"01:45","desc":"ASSAULT, AGG., FIRST RESPONDER, DEADLY WEAPON","res":"closed"},{"d":"2025-08-26","day":"Tue","time":"21:30","desc":"INTENTIONAL AGGRAVATED ASSAULT","res":"unsolved"},{"d":"2025-07-01","day":"Tue","time":"22:15","desc":"Assault, Aggravated - Deadly Weapon - Int/Kn","res":"unsolved"},{"d":"2025-05-14","day":"Wed","time":"07:30","desc":"INTENTIONAL AGGRAVATED ASSAULT","res":"unsolved"},{"d":"2025-01-04","day":"Sat","time":"04:25","desc":"ROBBERY","res":"unsolved"}]}},{"type":"Feature","geometry":{"type":"Polygon","coordinates":[[[-86.7279431587469,36.067838206868274],[-86.72648561947037,36.06910502967442],[-86.72713023306447,36.0708724007238],[-86.72923246507462,36.07137296760845],[-86.7306900432461,36.07010612832735],[-86.73004535051331,36.06833873863703],[-86.7279431587469,36.067838206868274],[-86.7279431587469,36.067838206868274]]]},"properties":{"h3":"89264d10b37ffff","count":2,"c3":0,"c6":0,"c12":0,"c24":2,"score":0.8,"risk":4,"peakDay":"Monday","peakTime":"evening","hood":"","bk12":{"morning":0,"afternoon":0,"evening":0,"night":0},"bk24":{"morning":0,"afternoon":0,"evening":2,"night":0},"recent":[{"d":"2025-08-28","day":"Thu","time":"19:30","desc":"INTENTIONAL AGGRAVATED ASSAULT","res":"closed"},{"d":"2025-01-06","day":"Mon","time":"18:51","desc":"INTENTIONAL AGGRAVATED ASSAULT","res":"unsolved"}]}},{"type":"Feature","geometry":{"type":"Polygon","coordinates":[[[-86.65312194239303,36.046767709350355],[-86.65166489305253,36.048033465207105],[-86.65230761218524,36.049800724534116],[-86.65440745977756,36.05030224677211],[-86.6558645481757,36.0490364744835],[-86.65522174992466,36.04726919638926],[-86.65312194239303,36.046767709350355],[-86.65312194239303,36.046767709350355]]]},"properties":{"h3":"89264d14663ffff","count":1,"c3":0,"c6":0,"c12":0,"c24":1,"score":0.3,"risk":1,"peakDay":"Friday","peakTime":"afternoon","hood":"","bk12":{"morning":0,"afternoon":0,"evening":0,"night":0},"bk24":{"morning":0,"afternoon":1,"evening":0,"night":0},"recent":[{"d":"2025-01-10","day":"Fri","time":"12:10","desc":"INTENTIONAL AGGRAVATED ASSAULT","res":"closed"}]}},{"type":"Feature","geometry":{"type":"Polygon","coordinates":[[[-86.84590112785806,36.216872984925054],[-86.84444119521622,36.218139724487045],[-86.8450895192888,36.21990636765121],[-86.84719785535015,36.22040628968585],[-86.84865782671531,36.21913953367198],[-86.84800942329665,36.21737287207584],[-86.84590112785806,36.216872984925054],[-86.84590112785806,36.216872984925054]]]},"properties":{"h3":"89264dc4dcfffff","count":1,"c3":0,"c6":0,"c12":0,"c24":1,"score":0.3,"risk":2,"peakDay":"Friday","peakTime":"afternoon","hood":"","bk12":{"morning":0,"afternoon":0,"evening":0,"night":0},"bk24":{"morning":0,"afternoon":1,"evening":0,"night":0},"recent":[{"d":"2025-01-17","day":"Fri","time":"15:15","desc":"Assault, Aggravated - Deadly Weapon - Int/Kn","res":"closed"}]}},{"type":"Feature","geometry":{"type":"Polygon","coordinates":[[[-86.7676065255822,36.20795458389749],[-86.76614691359222,36.2092200091072],[-86.7667933351553,36.21098644608341],[-86.76889944805544,36.21148747641369],[-86.77035909895054,36.21022203480737],[-86.76971259804115,36.208455579267856],[-86.7676065255822,36.20795458389749],[-86.7676065255822,36.20795458389749]]]},"properties":{"h3":"89264d13517ffff","count":4,"c3":0,"c6":0,"c12":1,"c24":4,"score":1.8,"risk":9,"peakDay":"Friday","peakTime":"afternoon","hood":"","bk12":{"morning":0,"afternoon":1,"evening":0,"night":0},"bk24":{"morning":0,"afternoon":3,"evening":0,"night":1},"recent":[{"d":"2025-10-27","day":"Mon","time":"15:24","desc":"INTENTIONAL AGGRAVATED ASSAULT","res":"closed"},{"d":"2025-09-27","day":"Sat","time":"13:00","desc":"INTENTIONAL AGGRAVATED ASSAULT","res":"unsolved"},{"d":"2025-08-28","day":"Thu","time":"22:00","desc":"INTENTIONAL AGGRAVATED ASSAULT","res":"unsolved"},{"d":"2025-01-17","day":"Fri","time":"16:35","desc":"INTENTIONAL AGGRAVATED ASSAULT","res":"unsolved"}]}},{"type":"Feature","geometry":{"type":"Polygon","coordinates":[[[-86.84040565401935,36.14942633216423],[-86.83894668489678,36.15069399791066],[-86.83959445758468,36.15246114443151],[-86.84170127863985,36.15296064365321],[-86.84316028644864,36.15169296140656],[-86.84251243451685,36.14992579643891],[-86.84040565401935,36.14942633216423],[-86.84040565401935,36.14942633216423]]]},"properties":{"h3":"89264d1107bffff","count":2,"c3":0,"c6":0,"c12":0,"c24":2,"score":0.7,"risk":4,"peakDay":"Friday","peakTime":"evening","hood":"","bk12":{"morning":0,"afternoon":0,"evening":0,"night":0},"bk24":{"morning":1,"afternoon":0,"evening":1,"night":0},"recent":[{"d":"2025-07-22","day":"Tue","time":"11:20","desc":"INTENTIONAL AGGRAVATED ASSAULT","res":"unsolved"},{"d":"2025-01-17","day":"Fri","time":"19:30","desc":"INTENTIONAL AGGRAVATED ASSAULT","res":"unsolved"}]}},{"type":"Feature","geometry":{"type":"Polygon","coordinates":[[[-86.9214465052273,36.09758710345769],[-86.91998806789712,36.09885705620922],[-86.92063742577285,36.10062488471714],[-86.92274530012924,36.10112277878954],[-86.92420377591165,36.09985280943317],[-86.92355433888629,36.098084962609725],[-86.9214465052273,36.09758710345769],[-86.9214465052273,36.09758710345769]]]},"properties":{"h3":"89264d1811bffff","count":1,"c3":0,"c6":0,"c12":0,"c24":1,"score":0.3,"risk":2,"peakDay":"Friday","peakTime":"evening","hood":"","bk12":{"morning":0,"afternoon":0,"evening":0,"night":0},"bk24":{"morning":0,"afternoon":0,"evening":1,"night":0},"recent":[{"d":"2025-01-17","day":"Fri","time":"21:00","desc":"INTENTIONAL AGGRAVATED ASSAULT","res":"closed"}]}},{"type":"Feature","geometry":{"type":"Polygon","coordinates":[[[-86.70333248961806,36.084567495226594],[-86.70187477851802,36.08583360806705],[-86.70251891589062,36.08760076311698],[-86.70462084353221,36.0881018240076],[-86.70607859359859,36.086835694725],[-86.70543437705784,36.085068520994426],[-86.70333248961806,36.084567495226594],[-86.70333248961806,36.084567495226594]]]},"properties":{"h3":"89264d10987ffff","count":1,"c3":0,"c6":0,"c12":0,"c24":1,"score":0.3,"risk":2,"peakDay":"Friday","peakTime":"evening","hood":"","bk12":{"morning":0,"afternoon":0,"evening":0,"night":0},"bk24":{"morning":0,"afternoon":0,"evening":1,"night":0},"recent":[{"d":"2025-01-17","day":"Fri","time":"21:00","desc":"ROBBERY, AGGRAVATED, HANDGUN","res":"closed"}]}},{"type":"Feature","geometry":{"type":"Polygon","coordinates":[[[-86.68055684314008,36.06945397581073],[-86.67909940344047,36.07071989600417],[-86.67974291002756,36.07248708342452],[-86.6818439354637,36.0729883693717],[-86.68330141417263,36.07172243274239],[-86.68265782843685,36.069955226602275],[-86.68055684314008,36.06945397581073],[-86.68055684314008,36.06945397581073]]]},"properties":{"h3":"89264d1734bffff","count":7,"c3":0,"c6":0,"c12":3,"c24":7,"score":3.2,"risk":16,"peakDay":"Sunday","peakTime":"night","hood":"","bk12":{"morning":1,"afternoon":0,"evening":1,"night":1},"bk24":{"morning":1,"afternoon":0,"evening":2,"night":4},"recent":[{"d":"2026-02-08","day":"Sun","time":"21:00","desc":"INTENTIONAL AGGRAVATED ASSAULT","res":"unsolved"},{"d":"2025-12-29","day":"Mon","time":"04:00","desc":"ROBBERY- CARJACKING","res":"unsolved"},{"d":"2025-10-19","day":"Sun","time":"10:58","desc":"INTENTIONAL AGGRAVATED ASSAULT","res":"unsolved"},{"d":"2025-09-20","day":"Sat","time":"22:00","desc":"ROBBERY","res":"unsolved"},{"d":"2025-07-08","day":"Tue","time":"20:23","desc":"INTENTIONAL AGGRAVATED ASSAULT","res":"unsolved"},{"d":"2025-02-02","day":"Sun","time":"03:00","desc":"INTENTIONAL AGGRAVATED ASSAULT","res":"unsolved"},{"d":"2025-01-18","day":"Sat","time":"01:40","desc":"ROBBERY","res":"unsolved"}]}},{"type":"Feature","geometry":{"type":"Polygon","coordinates":[[[-86.65594998972598,36.08616918958658],[-86.65449237929889,36.08743439975052],[-86.65513540935152,36.089201370737875],[-86.65723612901007,36.08970315032122],[-86.65869377851776,36.08843792375427],[-86.65805066928706,36.08667093400748],[-86.65594998972598,36.08616918958658],[-86.65594998972598,36.08616918958658]]]},"properties":{"h3":"89264d17033ffff","count":1,"c3":0,"c6":0,"c12":0,"c24":1,"score":0.3,"risk":2,"peakDay":"Saturday","peakTime":"afternoon","hood":"","bk12":{"morning":0,"afternoon":0,"evening":0,"night":0},"bk24":{"morning":0,"afternoon":1,"evening":0,"night":0},"recent":[{"d":"2025-01-18","day":"Sat","time":"14:20","desc":"Assault, Aggravated - Strangulation - Int/Kn","res":"closed"}]}},{"type":"Feature","geometry":{"type":"Polygon","coordinates":[[[-86.76935913165747,36.239009483771866],[-86.76789907727807,36.240274467027184],[-86.76854573415983,36.24204066879808],[-86.77065252481543,36.2425419058718],[-86.77211261811907,36.2412769062427],[-86.77146588184368,36.23951068591417],[-86.76935913165747,36.239009483771866],[-86.76935913165747,36.239009483771866]]]},"properties":{"h3":"89264d89bd3ffff","count":4,"c3":0,"c6":0,"c12":0,"c24":4,"score":1.6,"risk":8,"peakDay":"Friday","peakTime":"morning","hood":"","bk12":{"morning":0,"afternoon":0,"evening":0,"night":0},"bk24":{"morning":2,"afternoon":1,"evening":1,"night":0},"recent":[{"d":"2025-08-04","day":"Mon","time":"08:30","desc":"Assault, Agg - Deadly Weapon- Int/Kn- Acting in Concert","res":"unsolved"},{"d":"2025-08-01","day":"Fri","time":"17:00","desc":"Assault, Aggravated - Deadly Weapon - Int/Kn","res":"unsolved"},{"d":"2025-08-01","day":"Fri","time":"10:00","desc":"Assault, Aggravated - Deadly Weapon - Int/Kn","res":"unsolved"},{"d":"2025-01-19","day":"Sun","time":"13:55","desc":"AGGRAV ASSLT - NONFAMILY-GUN","res":"unsolved"}]}},{"type":"Feature","geometry":{"type":"Polygon","coordinates":[[[-86.70211164927952,36.03908881849421],[-86.7006545802256,36.04035559869388],[-86.70129840651774,36.04212309433925],[-86.70339938096357,36.04262382847161],[-86.70485648895259,36.041357031794874],[-86.70421258356146,36.03958951746332],[-86.70211164927952,36.03908881849421],[-86.70211164927952,36.03908881849421]]]},"properties":{"h3":"89264d15073ffff","count":1,"c3":0,"c6":0,"c12":0,"c24":1,"score":0.3,"risk":2,"peakDay":"Sunday","peakTime":"night","hood":"","bk12":{"morning":0,"afternoon":0,"evening":0,"night":0},"bk24":{"morning":0,"afternoon":0,"evening":0,"night":1},"recent":[{"d":"2025-02-02","day":"Sun","time":"22:55","desc":"INTENTIONAL AGGRAVATED ASSAULT","res":"closed"}]}},{"type":"Feature","geometry":{"type":"Polygon","coordinates":[[[-86.67979574143297,36.309530283772645],[-86.67833491981449,36.310792525435986],[-86.67897990247931,36.31255785754475],[-86.68108578628025,36.31306096669094],[-86.68254664709123,36.31179870878039],[-86.6819015849096,36.31003335797138],[-86.67979574143297,36.309530283772645],[-86.67979574143297,36.309530283772645]]]},"properties":{"h3":"89264d8ae57ffff","count":2,"c3":0,"c6":0,"c12":0,"c24":2,"score":0.8,"risk":4,"peakDay":"Monday","peakTime":"night","hood":"","bk12":{"morning":0,"afternoon":0,"evening":0,"night":0},"bk24":{"morning":0,"afternoon":0,"evening":0,"night":2},"recent":[{"d":"2025-08-04","day":"Mon","time":"22:00","desc":"Assault, Aggravated - Deadly Weapon - Int/Kn","res":"unsolved"},{"d":"2025-02-03","day":"Mon","time":"23:10","desc":"INTENTIONAL AGGRAVATED ASSAULT","res":"unsolved"}]}},{"type":"Feature","geometry":{"type":"Polygon","coordinates":[[[-86.8658485544068,36.31834991942545],[-86.864387140615,36.31961547601891],[-86.86503657155043,36.321381392806096],[-86.86714749577672,36.321881771389826],[-86.86860894831966,36.32061619840747],[-86.867959437886,36.318850263230786],[-86.8658485544068,36.31834991942545],[-86.8658485544068,36.31834991942545]]]},"properties":{"h3":"89264dc60d3ffff","count":1,"c3":0,"c6":0,"c12":0,"c24":1,"score":0.3,"risk":2,"peakDay":"Friday","peakTime":"afternoon","hood":"","bk12":{"morning":0,"afternoon":0,"evening":0,"night":0},"bk24":{"morning":0,"afternoon":1,"evening":0,"night":0},"recent":[{"d":"2025-02-07","day":"Fri","time":"12:00","desc":"INTENTIONAL AGGRAVATED ASSAULT","res":"closed"}]}},{"type":"Feature","geometry":{"type":"Polygon","coordinates":[[[-86.71067118247846,36.257271791896585],[-86.70921101958622,36.25853540749269],[-86.70985640526767,36.26030125851107],[-86.71196203327366,36.26080351258757],[-86.71342223524486,36.25953988067883],[-86.71277677013194,36.25777401100669],[-86.71067118247846,36.257271791896585],[-86.71067118247846,36.257271791896585]]]},"properties":{"h3":"89264d88e0fffff","count":6,"c3":0,"c6":0,"c12":0,"c24":6,"score":2.5,"risk":13,"peakDay":"Friday","peakTime":"afternoon","hood":"","bk12":{"morning":0,"afternoon":0,"evening":0,"night":0},"bk24":{"morning":2,"afternoon":4,"evening":0,"night":0},"recent":[{"d":"2025-09-12","day":"Fri","time":"14:06","desc":"INTENTIONAL AGGRAVATED ASSAULT","res":"closed"},{"d":"2025-09-01","day":"Mon","time":"10:20","desc":"INTENTIONAL AGGRAVATED ASSAULT","res":"unsolved"},{"d":"2025-08-22","day":"Fri","time":"05:58","desc":"ROBBERY","res":"unsolved"},{"d":"2025-07-15","day":"Tue","time":"12:30","desc":"ROBBERY","res":"unsolved"},{"d":"2025-06-05","day":"Thu","time":"12:30","desc":"INTENTIONAL AGGRAVATED ASSAULT","res":"unsolved"},{"d":"2025-02-09","day":"Sun","time":"12:00","desc":"Assault, Aggravated - Deadly Weapon - Int/Kn","res":"unsolved"}]}},{"type":"Feature","geometry":{"type":"Polygon","coordinates":[[[-86.75972833240394,36.14962710453954],[-86.75826956199472,36.150893273058195],[-86.75891543390011,36.15266013262119],[-86.76102015547386,36.15316084224741],[-86.76247896476332,36.15189465729278],[-86.7618330135996,36.15012777914839],[-86.75972833240394,36.14962710453954],[-86.75972833240394,36.14962710453954]]]},"properties":{"h3":"89264d10017ffff","count":30,"c3":0,"c6":0,"c12":1,"c24":30,"score":13.4,"risk":67,"peakDay":"Saturday","peakTime":"night","hood":"","bk12":{"morning":0,"afternoon":0,"evening":0,"night":1},"bk24":{"morning":3,"afternoon":7,"evening":4,"night":16},"recent":[{"d":"2025-10-18","day":"Sat","time":"03:55","desc":"Assault, Aggravated - Deadly Weapon - Int/Kn","res":"unsolved"},{"d":"2025-10-02","day":"Thu","time":"22:30","desc":"INTENTIONAL AGGRAVATED ASSAULT","res":"unsolved"},{"d":"2025-10-02","day":"Thu","time":"21:10","desc":"Assault, Aggravated - Deadly Weapon - Int/Kn","res":"unsolved"},{"d":"2025-09-27","day":"Sat","time":"15:42","desc":"INTENTIONAL AGGRAVATED ASSAULT","res":"unsolved"},{"d":"2025-09-21","day":"Sun","time":"03:35","desc":"Assault, Aggravated - Deadly Weapon - Int/Kn","res":"unsolved"},{"d":"2025-09-19","day":"Fri","time":"16:00","desc":"ASSAULT","res":"unsolved"},{"d":"2025-09-12","day":"Fri","time":"22:33","desc":"Assault, Aggravated - Deadly Weapon - Int/Kn","res":"unsolved"},{"d":"2025-09-06","day":"Sat","time":"23:26","desc":"Assault, Aggravated - Deadly Weapon - Int/Kn","res":"unsolved"},{"d":"2025-09-04","day":"Thu","time":"04:50","desc":"AGGRAV ASSLT - NONFAMILY-WEAPON","res":"unsolved"},{"d":"2025-08-31","day":"Sun","time":"07:50","desc":"INTENTIONAL AGGRAVATED ASSAULT","res":"unsolved"}]}},{"type":"Feature","geometry":{"type":"Polygon","coordinates":[[[-86.62029862540301,36.05667284244645],[-86.6188415234619,36.05793783940834],[-86.61948353000247,36.05970490365194],[-86.62158271762326,36.060206989755294],[-86.62303985870756,36.058941976395694],[-86.62239777302862,36.057174893330945],[-86.62029862540301,36.05667284244645],[-86.62029862540301,36.05667284244645]]]},"properties":{"h3":"89264d14407ffff","count":1,"c3":0,"c6":0,"c12":0,"c24":1,"score":0.3,"risk":2,"peakDay":"Thursday","peakTime":"afternoon","hood":"","bk12":{"morning":0,"afternoon":0,"evening":0,"night":0},"bk24":{"morning":0,"afternoon":1,"evening":0,"night":0},"recent":[{"d":"2025-02-13","day":"Thu","time":"14:00","desc":"INTENTIONAL AGGRAVATED ASSAULT","res":"closed"}]}},{"type":"Feature","geometry":{"type":"Polygon","coordinates":[[[-86.74714602338385,36.24662036666628],[-86.74568591776611,36.24788482171923],[-86.74633209796657,36.24965088552019],[-86.74843846319469,36.25015251286265],[-86.7498986077958,36.24888804145958],[-86.74925234818626,36.24712195906465],[-86.74714602338385,36.24662036666628],[-86.74714602338385,36.24662036666628]]]},"properties":{"h3":"89264d898a7ffff","count":5,"c3":0,"c6":0,"c12":0,"c24":5,"score":2.1,"risk":11,"peakDay":"Saturday","peakTime":"afternoon","hood":"","bk12":{"morning":0,"afternoon":0,"evening":0,"night":0},"bk24":{"morning":1,"afternoon":2,"evening":1,"night":1},"recent":[{"d":"2025-09-14","day":"Sun","time":"22:30","desc":"INTENTIONAL AGGRAVATED ASSAULT","res":"closed"},{"d":"2025-09-05","day":"Fri","time":"06:00","desc":"AGGRAV ASSLT - FAMILY-WEAPON","res":"closed"},{"d":"2025-07-26","day":"Sat","time":"15:00","desc":"INTENTIONAL AGGRAVATED ASSAULT","res":"closed"},{"d":"2025-07-26","day":"Sat","time":"12:00","desc":"INTENTIONAL AGGRAVATED ASSAULT","res":"closed"},{"d":"2025-02-13","day":"Thu","time":"18:35","desc":"INTENTIONAL AGGRAVATED ASSAULT","res":"closed"}]}},{"type":"Feature","geometry":{"type":"Polygon","coordinates":[[[-86.68767376626201,36.06792434547034],[-86.68621632957345,36.06919042079017],[-86.68685999445626,36.07095764564419],[-86.68896117517363,36.071458813886885],[-86.69041865085336,36.07019272212427],[-86.6897749068253,36.06842547856221],[-86.68767376626201,36.06792434547034],[-86.68767376626201,36.06792434547034]]]},"properties":{"h3":"89264d1548fffff","count":7,"c3":0,"c6":0,"c12":3,"c24":7,"score":3.5,"risk":17,"peakDay":"Thursday","peakTime":"evening","hood":"","bk12":{"morning":0,"afternoon":0,"evening":2,"night":1},"bk24":{"morning":0,"afternoon":0,"evening":4,"night":3},"recent":[{"d":"2026-02-23","day":"Mon","time":"19:03","desc":"INTENTIONAL AGGRAVATED ASSAULT","res":"unsolved"},{"d":"2026-02-14","day":"Sat","time":"03:55","desc":"ROBBERY, AGGRAVATED, HANDGUN","res":"unsolved"},{"d":"2026-01-25","day":"Sun","time":"21:45","desc":"ROBBERY","res":"unsolved"},{"d":"2025-07-25","day":"Fri","time":"22:00","desc":"INTENTIONAL AGGRAVATED ASSAULT","res":"unsolved"},{"d":"2025-07-17","day":"Thu","time":"17:30","desc":"AGGRAV ASSLT - NONFAMILY-GUN","res":"unsolved"},{"d":"2025-04-26","day":"Sat","time":"03:30","desc":"ROBBERY","res":"unsolved"},{"d":"2025-02-13","day":"Thu","time":"19:42","desc":"Assault, Aggravated - Deadly Weapon - Reckless","res":"unsolved"}]}},{"type":"Feature","geometry":{"type":"Polygon","coordinates":[[[-86.632376921272,36.07408233393352],[-86.63091954273406,36.07534729057335],[-86.63156194193132,36.07711426726335],[-86.63366179883047,36.07761630611364],[-86.63511921649602,36.07635133308015],[-86.63447673813559,36.07458433759049],[-86.632376921272,36.07408233393352],[-86.632376921272,36.07408233393352]]]},"properties":{"h3":"89264d171a3ffff","count":1,"c3":0,"c6":0,"c12":0,"c24":1,"score":0.3,"risk":2,"peakDay":"Friday","peakTime":"night","hood":"","bk12":{"morning":0,"afternoon":0,"evening":0,"night":0},"bk24":{"morning":0,"afternoon":0,"evening":0,"night":1},"recent":[{"d":"2025-02-14","day":"Fri","time":"22:30","desc":"ROBBERY","res":"closed"}]}},{"type":"Feature","geometry":{"type":"Polygon","coordinates":[[[-86.75978495107915,36.249629503641444],[-86.75832477099587,36.250894147002384],[-86.75897126829267,36.2526602321259],[-86.7610780250851,36.25316169246164],[-86.76253824412365,36.251897032742875],[-86.76189166741528,36.250130929046705],[-86.75978495107915,36.249629503641444],[-86.75978495107915,36.249629503641444]]]},"properties":{"h3":"89264d89803ffff","count":3,"c3":0,"c6":0,"c12":0,"c24":3,"score":1.2,"risk":6,"peakDay":"Saturday","peakTime":"evening","hood":"","bk12":{"morning":0,"afternoon":0,"evening":0,"night":0},"bk24":{"morning":1,"afternoon":0,"evening":2,"night":0},"recent":[{"d":"2025-09-09","day":"Tue","time":"21:45","desc":"ROBBERY","res":"unsolved"},{"d":"2025-08-01","day":"Fri","time":"19:00","desc":"AGGRAV ASSLT - NONFAMILY-WEAPON","res":"unsolved"},{"d":"2025-02-15","day":"Sat","time":"05:00","desc":"ROBBERY","res":"unsolved"}]}},{"type":"Feature","geometry":{"type":"Polygon","coordinates":[[[-86.83052026181831,36.14869573675186],[-86.82906132738516,36.14996323060677],[-86.82970886250146,36.15173034800509],[-86.83181541129632,36.15222999001236],[-86.83327438443892,36.15096247966447],[-86.83262677007806,36.14919534380278],[-86.83052026181831,36.14869573675186],[-86.83052026181831,36.14869573675186]]]},"properties":{"h3":"89264d1103bffff","count":2,"c3":0,"c6":0,"c12":0,"c24":2,"score":0.8,"risk":4,"peakDay":"Thursday","peakTime":"afternoon","hood":"","bk12":{"morning":0,"afternoon":0,"evening":0,"night":0},"bk24":{"morning":0,"afternoon":1,"evening":0,"night":1},"recent":[{"d":"2025-08-26","day":"Tue","time":"22:30","desc":"INTENTIONAL AGGRAVATED ASSAULT","res":"unsolved"},{"d":"2025-02-20","day":"Thu","time":"14:00","desc":"Assault, Aggravated - Deadly Weapon - Int/Kn","res":"unsolved"}]}},{"type":"Feature","geometry":{"type":"Polygon","coordinates":[[[-86.67634612671661,36.247466691924366],[-86.67488619082819,36.24872982075204],[-86.67553070493429,36.25049562525647],[-86.67763523435154,36.25099831964546],[-86.67909520939372,36.24973517452501],[-86.67845061586569,36.247969351308804],[-86.67634612671661,36.247466691924366],[-86.67634612671661,36.247466691924366]]]},"properties":{"h3":"89264d88d4fffff","count":1,"c3":0,"c6":0,"c12":0,"c24":1,"score":0.3,"risk":2,"peakDay":"Friday","peakTime":"morning","hood":"","bk12":{"morning":0,"afternoon":0,"evening":0,"night":0},"bk24":{"morning":1,"afternoon":0,"evening":0,"night":0},"recent":[{"d":"2025-02-21","day":"Fri","time":"11:30","desc":"Assault, Aggravated - Strangulation - Int/Kn","res":"closed"}]}},{"type":"Feature","geometry":{"type":"Polygon","coordinates":[[[-86.68856037572554,36.30195585759339],[-86.68709963852076,36.30321837816333],[-86.68774478094308,36.30498380097457],[-86.68985074007469,36.305486721902746],[-86.69131151644523,36.30422418507269],[-86.69066629451919,36.302458743575066],[-86.68856037572554,36.30195585759339],[-86.68856037572554,36.30195585759339]]]},"properties":{"h3":"89264d885a3ffff","count":1,"c3":0,"c6":0,"c12":0,"c24":1,"score":0.3,"risk":2,"peakDay":"Friday","peakTime":"afternoon","hood":"","bk12":{"morning":0,"afternoon":0,"evening":0,"night":0},"bk24":{"morning":0,"afternoon":1,"evening":0,"night":0},"recent":[{"d":"2025-02-21","day":"Fri","time":"14:00","desc":"INTENTIONAL AGGRAVATED ASSAULT","res":"closed"}]}},{"type":"Feature","geometry":{"type":"Polygon","coordinates":[[[-86.91788031109976,36.09835913772241],[-86.91642187148895,36.099629012821175],[-86.91707115021322,36.10139682300766],[-86.91917894770062,36.10189477641733],[-86.92063742577285,36.10062488471714],[-86.91998806789712,36.09885705620922],[-86.91788031109976,36.09835913772241],[-86.91788031109976,36.09835913772241]]]},"properties":{"h3":"89264d18113ffff","count":2,"c3":0,"c6":0,"c12":1,"c24":2,"score":0.8,"risk":4,"peakDay":"Saturday","peakTime":"night","hood":"","bk12":{"morning":1,"afternoon":0,"evening":0,"night":0},"bk24":{"morning":1,"afternoon":0,"evening":0,"night":1},"recent":[{"d":"2025-10-09","day":"Thu","time":"07:30","desc":"INTENTIONAL AGGRAVATED ASSAULT","res":"unsolved"},{"d":"2025-02-22","day":"Sat","time":"00:38","desc":"INTENTIONAL AGGRAVATED ASSAULT","res":"closed"}]}},{"type":"Feature","geometry":{"type":"Polygon","coordinates":[[[-86.72055412381033,36.258016714136375],[-86.71909392507762,36.2592805016538],[-86.71973954873033,36.26104638209066],[-86.72184545054758,36.26154849364782],[-86.7233056883361,36.260284689810426],[-86.72265998525236,36.25851879073633],[-86.72055412381033,36.258016714136375],[-86.72055412381033,36.258016714136375]]]},"properties":{"h3":"89264d88e4fffff","count":2,"c3":0,"c6":0,"c12":0,"c24":2,"score":0.8,"risk":4,"peakDay":"Saturday","peakTime":"night","hood":"","bk12":{"morning":0,"afternoon":0,"evening":0,"night":0},"bk24":{"morning":1,"afternoon":0,"evening":0,"night":1},"recent":[{"d":"2025-09-04","day":"Thu","time":"07:30","desc":"ASSAULT, VEHICULAR, AGGRAVATED","res":"unsolved"},{"d":"2025-02-22","day":"Sat","time":"22:19","desc":"INTENTIONAL AGGRAVATED ASSAULT","res":"unsolved"}]}},{"type":"Feature","geometry":{"type":"Polygon","coordinates":[[[-86.64875075250895,36.05056483829081],[-86.64729366130922,36.05183045551472],[-86.64793630090938,36.05359767016312],[-86.65003611083485,36.054099286362316],[-86.65149324110544,36.05283365271303],[-86.65085052238048,36.05106641929043],[-86.64875075250895,36.05056483829081],[-86.64875075250895,36.05056483829081]]]},"properties":{"h3":"89264d1460fffff","count":3,"c3":0,"c6":0,"c12":0,"c24":3,"score":1.2,"risk":6,"peakDay":"Sunday","peakTime":"evening","hood":"","bk12":{"morning":0,"afternoon":0,"evening":0,"night":0},"bk24":{"morning":0,"afternoon":0,"evening":2,"night":1},"recent":[{"d":"2025-09-17","day":"Wed","time":"17:00","desc":"INTENTIONAL AGGRAVATED ASSAULT","res":"closed"},{"d":"2025-07-27","day":"Sun","time":"00:40","desc":"ASSAULT","res":"closed"},{"d":"2025-02-23","day":"Sun","time":"20:00","desc":"Assault, Aggravated - Deadly Weapon - Int/Kn","res":"closed"}]}},{"type":"Feature","geometry":{"type":"Polygon","coordinates":[[[-86.64986437631899,36.05889924799594],[-86.64840716511173,36.0601647594114],[-86.64904988260682,36.06193191506973],[-86.65114989044731,36.06243357808478],[-86.65260714072912,36.061168050249655],[-86.65196434409667,36.05940087581962],[-86.64986437631899,36.05889924799594],[-86.64986437631899,36.05889924799594]]]},"properties":{"h3":"89264d146c7ffff","count":1,"c3":0,"c6":0,"c12":0,"c24":1,"score":0.3,"risk":2,"peakDay":"Tuesday","peakTime":"afternoon","hood":"","bk12":{"morning":0,"afternoon":0,"evening":0,"night":0},"bk24":{"morning":0,"afternoon":1,"evening":0,"night":0},"recent":[{"d":"2025-02-25","day":"Tue","time":"12:45","desc":"AGGRAV ASSLT - FAMILY-GUN","res":"closed"}]}},{"type":"Feature","geometry":{"type":"Polygon","coordinates":[[[-86.86455683748149,36.147080986887396],[-86.86309784206884,36.148349135346805],[-86.86374616930142,36.15011638462092],[-86.86585357118335,36.150615503842815],[-86.86731260522225,36.14934733886224],[-86.8666641987538,36.14758007118142],[-86.86455683748149,36.147080986887396],[-86.86455683748149,36.147080986887396]]]},"properties":{"h3":"89264d11247ffff","count":1,"c3":0,"c6":0,"c12":0,"c24":1,"score":0.3,"risk":2,"peakDay":"Friday","peakTime":"evening","hood":"","bk12":{"morning":0,"afternoon":0,"evening":0,"night":0},"bk24":{"morning":0,"afternoon":0,"evening":1,"night":0},"recent":[{"d":"2025-02-28","day":"Fri","time":"20:55","desc":"ROBBERY","res":"closed"}]}},{"type":"Feature","geometry":{"type":"Polygon","coordinates":[[[-86.68574284894925,36.06262255979866],[-86.6842854917625,36.06388867979032],[-86.68492907822802,36.0656559378593],[-86.68703010101856,36.066157094648744],[-86.68848749719713,36.064890958211656],[-86.68784383159412,36.06312368143104],[-86.68574284894925,36.06262255979866],[-86.68574284894925,36.06262255979866]]]},"properties":{"h3":"89264d154abffff","count":2,"c3":0,"c6":0,"c12":0,"c24":2,"score":0.8,"risk":4,"peakDay":"Saturday","peakTime":"night","hood":"","bk12":{"morning":0,"afternoon":0,"evening":0,"night":0},"bk24":{"morning":0,"afternoon":0,"evening":1,"night":1},"recent":[{"d":"2025-07-22","day":"Tue","time":"18:05","desc":"INTENTIONAL AGGRAVATED ASSAULT","res":"closed"},{"d":"2025-03-01","day":"Sat","time":"00:00","desc":"Assault, Aggravated - Strangulation - Int/Kn","res":"closed"}]}},{"type":"Feature","geometry":{"type":"Polygon","coordinates":[[[-86.67069616378858,36.0687144924654],[-86.66923876015679,36.069980241103465],[-86.66988202967177,36.07174739830246],[-86.6719827819685,36.07224882560013],[-86.6734402246326,36.0709830605335],[-86.67279687596846,36.06921588459824],[-86.67069616378858,36.0687144924654],[-86.67069616378858,36.0687144924654]]]},"properties":{"h3":"89264d1730bffff","count":4,"c3":0,"c6":0,"c12":1,"c24":4,"score":1.8,"risk":9,"peakDay":"Saturday","peakTime":"night","hood":"","bk12":{"morning":0,"afternoon":0,"evening":0,"night":1},"bk24":{"morning":0,"afternoon":1,"evening":1,"night":2},"recent":[{"d":"2025-10-24","day":"Fri","time":"22:31","desc":"INTENTIONAL AGGRAVATED ASSAULT","res":"unsolved"},{"d":"2025-09-27","day":"Sat","time":"01:00","desc":"INTENTIONAL AGGRAVATED ASSAULT","res":"unsolved"},{"d":"2025-09-18","day":"Thu","time":"13:00","desc":"ASSAULT","res":"unsolved"},{"d":"2025-03-01","day":"Sat","time":"20:56","desc":"INTENTIONAL AGGRAVATED ASSAULT","res":"unsolved"}]}},{"type":"Feature","geometry":{"type":"Polygon","coordinates":[[[-86.62830161551499,36.08924112898996],[-86.62684403462576,36.09050577972795],[-86.62748643163374,36.092272626448086],[-86.62958648871866,36.09277484123597],[-86.63104410875661,36.09151017411957],[-86.6304016325617,36.08974330859419],[-86.62830161551499,36.08924112898996],[-86.62830161551499,36.08924112898996]]]},"properties":{"h3":"89264d17537ffff","count":4,"c3":0,"c6":0,"c12":1,"c24":4,"score":1.8,"risk":9,"peakDay":"Sunday","peakTime":"morning","hood":"","bk12":{"morning":0,"afternoon":0,"evening":0,"night":1},"bk24":{"morning":2,"afternoon":0,"evening":1,"night":1},"recent":[{"d":"2026-01-10","day":"Sat","time":"23:05","desc":"Assault, Aggravated - Deadly Weapon - Int/Kn","res":"unsolved"},{"d":"2025-09-15","day":"Mon","time":"17:13","desc":"INTENTIONAL AGGRAVATED ASSAULT","res":"unsolved"},{"d":"2025-07-31","day":"Thu","time":"05:05","desc":"ROBBERY","res":"closed"},{"d":"2025-03-02","day":"Sun","time":"05:08","desc":"ROBBERY, AGGRAVATED, HANDGUN","res":"unsolved"}]}},{"type":"Feature","geometry":{"type":"Polygon","coordinates":[[[-86.59756042144468,36.04155065845907],[-86.59610359241287,36.04281546313925],[-86.59674496918147,36.04458255788875],[-86.59884325410127,36.04508486681869],[-86.60030012231881,36.04382004574706],[-86.59965866643161,36.04205293213743],[-86.59756042144468,36.04155065845907],[-86.59756042144468,36.04155065845907]]]},"properties":{"h3":"89264d145abffff","count":1,"c3":0,"c6":0,"c12":0,"c24":1,"score":0.3,"risk":2,"peakDay":"Thursday","peakTime":"evening","hood":"","bk12":{"morning":0,"afternoon":0,"evening":0,"night":0},"bk24":{"morning":0,"afternoon":0,"evening":1,"night":0},"recent":[{"d":"2025-03-06","day":"Thu","time":"19:40","desc":"INTENTIONAL AGGRAVATED ASSAULT","res":"closed"}]}},{"type":"Feature","geometry":{"type":"Polygon","coordinates":[[[-86.66924832743031,36.14903041514054],[-86.66778979780445,36.15029491546722],[-86.66843353180367,36.152061454721355],[-86.6705358747017,36.152563512381484],[-86.67199444342386,36.15129899569062],[-86.6713506301525,36.1495324377043],[-86.66924832743031,36.14903041514054],[-86.66924832743031,36.14903041514054]]]},"properties":{"h3":"89264d12d03ffff","count":3,"c3":0,"c6":0,"c12":0,"c24":3,"score":1.3,"risk":6,"peakDay":"Thursday","peakTime":"evening","hood":"","bk12":{"morning":0,"afternoon":0,"evening":0,"night":0},"bk24":{"morning":1,"afternoon":0,"evening":2,"night":0},"recent":[{"d":"2025-09-19","day":"Fri","time":"05:50","desc":"INTENTIONAL AGGRAVATED ASSAULT","res":"unsolved"},{"d":"2025-09-17","day":"Wed","time":"19:03","desc":"INTENTIONAL AGGRAVATED ASSAULT","res":"unsolved"},{"d":"2025-03-06","day":"Thu","time":"20:00","desc":"ROBBERY, AGGRAVATED, LONG GUN","res":"unsolved"}]}},{"type":"Feature","geometry":{"type":"Polygon","coordinates":[[[-86.81170612170477,36.181338097980564],[-86.81024677433975,36.182604746278635],[-86.81089406980844,36.18437154530384],[-86.81300079194081,36.18487171452352],[-86.81446017808494,36.18360504977297],[-86.81381280331841,36.1818382322557],[-86.81170612170477,36.181338097980564],[-86.81170612170477,36.181338097980564]]]},"properties":{"h3":"89264d13343ffff","count":3,"c3":0,"c6":0,"c12":1,"c24":3,"score":1.3,"risk":6,"peakDay":"Monday","peakTime":"morning","hood":"","bk12":{"morning":1,"afternoon":0,"evening":0,"night":0},"bk24":{"morning":2,"afternoon":0,"evening":0,"night":1},"recent":[{"d":"2025-10-20","day":"Mon","time":"07:30","desc":"INTENTIONAL AGGRAVATED ASSAULT","res":"closed"},{"d":"2025-07-28","day":"Mon","time":"08:30","desc":"Assault, Aggravated - Deadly Weapon - Int/Kn","res":"closed"},{"d":"2025-03-06","day":"Thu","time":"23:22","desc":"INTENTIONAL AGGRAVATED ASSAULT","res":"closed"}]}},{"type":"Feature","geometry":{"type":"Polygon","coordinates":[[[-86.84785906672808,36.15926096178834],[-86.84639994083787,36.16052861582516],[-86.84704795067185,36.16229571259738],[-86.84915516565444,36.16279517376679],[-86.85061433022025,36.16152750323154],[-86.8499662411287,36.15976038802579],[-86.84785906672808,36.15926096178834],[-86.84785906672808,36.15926096178834]]]},"properties":{"h3":"89264d1162fffff","count":2,"c3":0,"c6":0,"c12":1,"c24":2,"score":0.8,"risk":4,"peakDay":"Friday","peakTime":"evening","hood":"","bk12":{"morning":0,"afternoon":0,"evening":0,"night":1},"bk24":{"morning":0,"afternoon":0,"evening":1,"night":1},"recent":[{"d":"2025-10-14","day":"Tue","time":"22:53","desc":"INTENTIONAL AGGRAVATED ASSAULT","res":"closed"},{"d":"2025-03-07","day":"Fri","time":"20:55","desc":"INTENTIONAL AGGRAVATED ASSAULT","res":"unsolved"}]}},{"type":"Feature","geometry":{"type":"Polygon","coordinates":[[[-86.63674897326939,36.070287186581986],[-86.63529163654138,36.07155228193632],[-86.63593411533157,36.07331930339332],[-86.63803401000727,36.07382124828914],[-86.63949138584962,36.072556136534665],[-86.63884882790273,36.070789096285004],[-86.63674897326939,36.070287186581986],[-86.63674897326939,36.070287186581986]]]},"properties":{"h3":"89264d17133ffff","count":1,"c3":0,"c6":0,"c12":0,"c24":1,"score":0.3,"risk":2,"peakDay":"Sunday","peakTime":"night","hood":"","bk12":{"morning":0,"afternoon":0,"evening":0,"night":0},"bk24":{"morning":0,"afternoon":0,"evening":0,"night":1},"recent":[{"d":"2025-03-09","day":"Sun","time":"04:30","desc":"INTENTIONAL AGGRAVATED ASSAULT","res":"closed"}]}},{"type":"Feature","geometry":{"type":"Polygon","coordinates":[[[-86.78061200570885,36.159432865062364],[-86.7791530445747,36.160699271160695],[-86.77979947007773,36.162466129453854],[-86.78190493598548,36.16296660019492],[-86.7833639359571,36.16170017765166],[-86.7827174311843,36.159933300812746],[-86.78061200570885,36.159432865062364],[-86.78061200570885,36.159432865062364]]]},"properties":{"h3":"89264d1063bffff","count":43,"c3":0,"c6":0,"c12":6,"c24":43,"score":20,"risk":100,"peakDay":"Saturday","peakTime":"night","hood":"","bk12":{"morning":0,"afternoon":1,"evening":0,"night":5},"bk24":{"morning":3,"afternoon":2,"evening":3,"night":35},"recent":[{"d":"2026-02-23","day":"Mon","time":"23:00","desc":"INTENTIONAL AGGRAVATED ASSAULT","res":"unsolved"},{"d":"2026-02-10","day":"Tue","time":"23:30","desc":"ROBBERY","res":"unsolved"},{"d":"2026-01-21","day":"Wed","time":"02:30","desc":"ROBBERY","res":"unsolved"},{"d":"2026-01-16","day":"Fri","time":"14:00","desc":"INTENTIONAL AGGRAVATED ASSAULT","res":"unsolved"},{"d":"2025-12-11","day":"Thu","time":"22:00","desc":"ROBBERY","res":"unsolved"},{"d":"2025-11-22","day":"Sat","time":"00:10","desc":"INTENTIONAL AGGRAVATED ASSAULT","res":"unsolved"},{"d":"2025-09-29","day":"Mon","time":"02:50","desc":"ROBBERY","res":"unsolved"},{"d":"2025-09-27","day":"Sat","time":"02:16","desc":"ASSAULT, OFFICER/RESPONDER-AGG-DEAD WPN-INT/KN FROM MOT VEH","res":"unsolved"},{"d":"2025-09-26","day":"Fri","time":"02:12","desc":"INTENTIONAL AGGRAVATED ASSAULT","res":"unsolved"},{"d":"2025-09-23","day":"Tue","time":"17:22","desc":"AGGRAV ASSLT - NONFAMILY-WEAPON","res":"closed"}]}},{"type":"Feature","geometry":{"type":"Polygon","coordinates":[[[-86.74040145541716,36.19664117702662],[-86.73894207182532,36.19790627066407],[-86.73958778096076,36.19967269861338],[-86.74169295302241,36.20017405153534],[-86.74315237557616,36.19890894151416],[-86.74250658710716,36.19714249495523],[-86.74040145541716,36.19664117702662],[-86.74040145541716,36.19664117702662]]]},"properties":{"h3":"89264d1204bffff","count":1,"c3":0,"c6":0,"c12":0,"c24":1,"score":0.3,"risk":2,"peakDay":"Thursday","peakTime":"evening","hood":"","bk12":{"morning":0,"afternoon":0,"evening":0,"night":0},"bk24":{"morning":0,"afternoon":0,"evening":1,"night":0},"recent":[{"d":"2025-03-13","day":"Thu","time":"20:50","desc":"ASSAULT, VEHICULAR","res":"closed"}]}},{"type":"Feature","geometry":{"type":"Polygon","coordinates":[[[-86.75916067506206,36.22690823286866],[-86.75770081712874,36.22817321203721],[-86.7583471577646,36.229939471884556],[-86.76045343571134,36.23044077113954],[-86.7619133325843,36.22917577559592],[-86.76126691257166,36.22740949717288],[-86.75916067506206,36.22690823286866],[-86.75916067506206,36.22690823286866]]]},"properties":{"h3":"89264d89babffff","count":4,"c3":0,"c6":0,"c12":0,"c24":4,"score":1.7,"risk":9,"peakDay":"Friday","peakTime":"afternoon","hood":"","bk12":{"morning":0,"afternoon":0,"evening":0,"night":0},"bk24":{"morning":0,"afternoon":2,"evening":2,"night":0},"recent":[{"d":"2025-09-15","day":"Mon","time":"15:20","desc":"ASSAULT, VEHICULAR, AGGRAVATED","res":"unsolved"},{"d":"2025-09-09","day":"Tue","time":"21:45","desc":"ROBBERY, AGGRAVATED, KNIFE","res":"unsolved"},{"d":"2025-08-01","day":"Fri","time":"21:50","desc":"INTENTIONAL AGGRAVATED ASSAULT","res":"unsolved"},{"d":"2025-03-14","day":"Fri","time":"12:10","desc":"INTENTIONAL AGGRAVATED ASSAULT","res":"unsolved"}]}},{"type":"Feature","geometry":{"type":"Polygon","coordinates":[[[-86.70953363442757,36.048927669277084],[-86.70807640806825,36.05019443784268],[-86.7087204703334,36.051961885902685],[-86.71082183807148,36.05246258407061],[-86.71227910335556,36.05119579902978],[-86.7116349619776,36.049428332296735],[-86.70953363442757,36.048927669277084],[-86.70953363442757,36.048927669277084]]]},"properties":{"h3":"89264d15627ffff","count":3,"c3":0,"c6":0,"c12":0,"c24":3,"score":1.3,"risk":6,"peakDay":"Friday","peakTime":"evening","hood":"","bk12":{"morning":0,"afternoon":0,"evening":0,"night":0},"bk24":{"morning":0,"afternoon":1,"evening":2,"night":0},"recent":[{"d":"2025-09-21","day":"Sun","time":"15:00","desc":"INTENTIONAL AGGRAVATED ASSAULT","res":"unsolved"},{"d":"2025-08-19","day":"Tue","time":"20:05","desc":"ROBBERY","res":"unsolved"},{"d":"2025-03-14","day":"Fri","time":"18:05","desc":"INTENTIONAL AGGRAVATED ASSAULT","res":"unsolved"}]}},{"type":"Feature","geometry":{"type":"Polygon","coordinates":[[[-86.78029775442363,36.14806522869692],[-86.77883895410734,36.149331802071245],[-86.77948530129882,36.151098746807044],[-86.78159052805977,36.15159913671622],[-86.78304936720572,36.15033254688834],[-86.78240294076186,36.14856558360531],[-86.78029775442363,36.14806522869692],[-86.78029775442363,36.14806522869692]]]},"properties":{"h3":"89264d10287ffff","count":9,"c3":0,"c6":0,"c12":2,"c24":9,"score":4.1,"risk":21,"peakDay":"Thursday","peakTime":"evening","hood":"","bk12":{"morning":0,"afternoon":0,"evening":2,"night":0},"bk24":{"morning":2,"afternoon":0,"evening":6,"night":1},"recent":[{"d":"2025-12-25","day":"Thu","time":"17:50","desc":"INTENTIONAL AGGRAVATED ASSAULT","res":"unsolved"},{"d":"2025-10-16","day":"Thu","time":"20:25","desc":"INTENTIONAL AGGRAVATED ASSAULT","res":"unsolved"},{"d":"2025-08-27","day":"Wed","time":"23:16","desc":"ROBBERY","res":"closed"},{"d":"2025-08-25","day":"Mon","time":"21:40","desc":"INTENTIONAL AGGRAVATED ASSAULT","res":"unsolved"},{"d":"2025-08-20","day":"Wed","time":"10:50","desc":"Assault, Aggravated - Deadly Weapon - Int/Kn","res":"unsolved"},{"d":"2025-08-05","day":"Tue","time":"06:00","desc":"INTENTIONAL AGGRAVATED ASSAULT","res":"unsolved"},{"d":"2025-07-26","day":"Sat","time":"20:00","desc":"INTENTIONAL AGGRAVATED ASSAULT","res":"unsolved"},{"d":"2025-07-17","day":"Thu","time":"17:04","desc":"INTENTIONAL AGGRAVATED ASSAULT","res":"unsolved"},{"d":"2025-03-15","day":"Sat","time":"18:54","desc":"INTENTIONAL AGGRAVATED ASSAULT","res":"unsolved"}]}},{"type":"Feature","geometry":{"type":"Polygon","coordinates":[[[-86.79906739883018,36.17833670775837],[-86.79760812524135,36.17960316770229],[-86.79825510392833,36.18136994536671],[-86.8003614355004,36.18187028160108],[-86.80182074789653,36.180603805212364],[-86.80117368991407,36.178837009034574],[-86.79906739883018,36.17833670775837],[-86.79906739883018,36.17833670775837]]]},"properties":{"h3":"89264d13307ffff","count":15,"c3":0,"c6":0,"c12":4,"c24":15,"score":7.1,"risk":35,"peakDay":"Friday","peakTime":"morning","hood":"","bk12":{"morning":2,"afternoon":1,"evening":1,"night":0},"bk24":{"morning":5,"afternoon":4,"evening":2,"night":4},"recent":[{"d":"2026-02-23","day":"Mon","time":"08:00","desc":"INTENTIONAL AGGRAVATED ASSAULT","res":"unsolved"},{"d":"2026-01-09","day":"Fri","time":"17:45","desc":"INTENTIONAL AGGRAVATED ASSAULT","res":"closed"},{"d":"2025-11-12","day":"Wed","time":"16:30","desc":"INTENTIONAL AGGRAVATED ASSAULT","res":"unsolved"},{"d":"2025-10-18","day":"Sat","time":"07:20","desc":"INTENTIONAL AGGRAVATED ASSAULT","res":"unsolved"},{"d":"2025-09-30","day":"Tue","time":"23:11","desc":"INTENTIONAL AGGRAVATED ASSAULT","res":"unsolved"},{"d":"2025-08-30","day":"Sat","time":"09:00","desc":"ROBBERY","res":"unsolved"},{"d":"2025-08-23","day":"Sat","time":"23:30","desc":"INTENTIONAL AGGRAVATED ASSAULT","res":"closed"},{"d":"2025-08-22","day":"Fri","time":"11:00","desc":"INTENTIONAL AGGRAVATED ASSAULT","res":"unsolved"},{"d":"2025-08-02","day":"Sat","time":"21:10","desc":"ASSAULT, AGG - DEADLY WEAPON - RECKLESS-IN CONCERT","res":"unsolved"},{"d":"2025-08-01","day":"Fri","time":"12:00","desc":"INTENTIONAL AGGRAVATED ASSAULT","res":"unsolved"}]}},{"type":"Feature","geometry":{"type":"Polygon","coordinates":[[[-86.71766302929375,36.01858072129693],[-86.71620620800675,36.01984810023006],[-86.71685027353568,36.02161580709982],[-86.71895123941765,36.02211615369869],[-86.72040809958727,36.02084875825985],[-86.71976395499307,36.019081032728344],[-86.71766302929375,36.01858072129693],[-86.71766302929375,36.01858072129693]]]},"properties":{"h3":"89264d02cb3ffff","count":1,"c3":0,"c6":0,"c12":0,"c24":1,"score":0.3,"risk":2,"peakDay":"Thursday","peakTime":"night","hood":"","bk12":{"morning":0,"afternoon":0,"evening":0,"night":0},"bk24":{"morning":0,"afternoon":0,"evening":0,"night":1},"recent":[{"d":"2025-03-20","day":"Thu","time":"00:01","desc":"INTENTIONAL AGGRAVATED ASSAULT","res":"unsolved"}]}},{"type":"Feature","geometry":{"type":"Polygon","coordinates":[[[-86.59837583281848,36.03851867205108],[-86.59691904419545,36.03978353784564],[-86.59756042144468,36.04155065845907],[-86.59965866643161,36.04205293213743],[-86.60111549423617,36.04078804994837],[-86.60047403787306,36.03902091047592],[-86.59837583281848,36.03851867205108],[-86.59837583281848,36.03851867205108]]]},"properties":{"h3":"89264d14533ffff","count":2,"c3":0,"c6":0,"c12":0,"c24":2,"score":0.8,"risk":4,"peakDay":"Friday","peakTime":"evening","hood":"","bk12":{"morning":0,"afternoon":0,"evening":0,"night":0},"bk24":{"morning":0,"afternoon":1,"evening":1,"night":0},"recent":[{"d":"2025-08-27","day":"Wed","time":"12:30","desc":"AGGRAV ASSLT - NONFAMILY-WEAPON","res":"unsolved"},{"d":"2025-03-21","day":"Fri","time":"21:03","desc":"ASSAULT, AGGRAVATED - DEADLY WEAPON - INT/KN FROM MOT VEH","res":"unsolved"}]}},{"type":"Feature","geometry":{"type":"Polygon","coordinates":[[[-86.69621352378168,36.08609741507726],[-86.69475580956693,36.08736337274285],[-86.69539978859792,36.0891304904139],[-86.69750156101613,36.08963166911224],[-86.69895931421539,36.08836569501139],[-86.6983152560127,36.08659855864796],[-86.69621352378168,36.08609741507726],[-86.69621352378168,36.08609741507726]]]},"properties":{"h3":"89264d17243ffff","count":2,"c3":0,"c6":0,"c12":0,"c24":2,"score":0.8,"risk":4,"peakDay":"Saturday","peakTime":"afternoon","hood":"","bk12":{"morning":0,"afternoon":0,"evening":0,"night":0},"bk24":{"morning":1,"afternoon":1,"evening":0,"night":0},"recent":[{"d":"2025-07-23","day":"Wed","time":"07:40","desc":"ROBBERY","res":"closed"},{"d":"2025-03-22","day":"Sat","time":"15:20","desc":"ROBBERY","res":"closed"}]}},{"type":"Feature","geometry":{"type":"Polygon","coordinates":[[[-86.72194436321762,36.07770647058847],[-86.7204867006581,36.07897303248862],[-86.72113123417026,36.08074030689785],[-86.72323350939743,36.08124103805754],[-86.72469121087366,36.07997445969499],[-86.7240465982068,36.078207166635615],[-86.72194436321762,36.07770647058847],[-86.72194436321762,36.07770647058847]]]},"properties":{"h3":"89264d1094fffff","count":2,"c3":0,"c6":0,"c12":1,"c24":2,"score":0.9,"risk":4,"peakDay":"Saturday","peakTime":"evening","hood":"","bk12":{"morning":1,"afternoon":0,"evening":0,"night":0},"bk24":{"morning":1,"afternoon":0,"evening":1,"night":0},"recent":[{"d":"2025-12-02","day":"Tue","time":"06:38","desc":"INTENTIONAL AGGRAVATED ASSAULT","res":"closed"},{"d":"2025-03-22","day":"Sat","time":"18:23","desc":"Assault, Aggravated - Deadly Weapon - Int/Kn","res":"closed"}]}},{"type":"Feature","geometry":{"type":"Polygon","coordinates":[[[-86.77786027236087,36.157165520604],[-86.77640135006908,36.15843191025785],[-86.77704769654221,36.16019877626069],[-86.7791530445747,36.160699271160695],[-86.78061200570885,36.159432865062364],[-86.77996557996893,36.15766598050898],[-86.77786027236087,36.157165520604],[-86.77786027236087,36.157165520604]]]},"properties":{"h3":"89264d10623ffff","count":4,"c3":0,"c6":0,"c12":0,"c24":4,"score":1.7,"risk":8,"peakDay":"Sunday","peakTime":"morning","hood":"","bk12":{"morning":0,"afternoon":0,"evening":0,"night":0},"bk24":{"morning":2,"afternoon":1,"evening":0,"night":1},"recent":[{"d":"2025-09-16","day":"Tue","time":"07:45","desc":"Assault, Aggravated - Deadly Weapon - Int/Kn","res":"closed"},{"d":"2025-08-11","day":"Mon","time":"09:50","desc":"Assault, Aggravated - Deadly Weapon - Int/Kn","res":"closed"},{"d":"2025-07-16","day":"Wed","time":"14:00","desc":"AGGRAV ASSLT - NONFAMILY-GUN","res":"closed"},{"d":"2025-03-23","day":"Sun","time":"01:30","desc":"INTENTIONAL AGGRAVATED ASSAULT","res":"closed"}]}},{"type":"Feature","geometry":{"type":"Polygon","coordinates":[[[-86.86698859691299,36.137974269178706],[-86.86552972368253,36.139242601150556],[-86.8661780512845,36.141009929151174],[-86.86828533133927,36.14150894358379],[-86.86974424318335,36.140240595081714],[-86.86909583635982,36.13847324867775],[-86.86698859691299,36.137974269178706],[-86.86698859691299,36.137974269178706]]]},"properties":{"h3":"89264d1acd3ffff","count":1,"c3":0,"c6":0,"c12":0,"c24":1,"score":0.3,"risk":2,"peakDay":"Wednesday","peakTime":"afternoon","hood":"","bk12":{"morning":0,"afternoon":0,"evening":0,"night":0},"bk24":{"morning":0,"afternoon":1,"evening":0,"night":0},"recent":[{"d":"2025-03-26","day":"Wed","time":"15:58","desc":"INTENTIONAL AGGRAVATED ASSAULT","res":"closed"}]}},{"type":"Feature","geometry":{"type":"Polygon","coordinates":[[[-86.60963033994061,36.058961095844985],[-86.60817323416325,36.06022586020737],[-86.60881500327852,36.06199286795248],[-86.61091395731539,36.06249513017437],[-86.61237110226301,36.06123034942462],[-86.6117292540043,36.05946332284083],[-86.60963033994061,36.058961095844985],[-86.60963033994061,36.058961095844985]]]},"properties":{"h3":"89264d144b7ffff","count":1,"c3":0,"c6":0,"c12":0,"c24":1,"score":0.3,"risk":2,"peakDay":"Friday","peakTime":"evening","hood":"","bk12":{"morning":0,"afternoon":0,"evening":0,"night":0},"bk24":{"morning":0,"afternoon":0,"evening":1,"night":0},"recent":[{"d":"2025-03-28","day":"Fri","time":"20:06","desc":"INTENTIONAL AGGRAVATED ASSAULT","res":"unsolved"}]}},{"type":"Feature","geometry":{"type":"Polygon","coordinates":[[[-86.64956516323437,36.04753191940899],[-86.64810811249629,36.04879759773687],[-86.64875075250895,36.05056483829081],[-86.65085052238048,36.05106641929043],[-86.65230761218524,36.049800724534116],[-86.65166489305253,36.048033465207105],[-86.64956516323437,36.04753191940899],[-86.64956516323437,36.04753191940899]]]},"properties":{"h3":"89264d14677ffff","count":9,"c3":0,"c6":0,"c12":3,"c24":9,"score":4.2,"risk":21,"peakDay":"Sunday","peakTime":"evening","hood":"","bk12":{"morning":0,"afternoon":1,"evening":2,"night":0},"bk24":{"morning":0,"afternoon":3,"evening":5,"night":1},"recent":[{"d":"2026-01-18","day":"Sun","time":"16:00","desc":"INTENTIONAL AGGRAVATED ASSAULT","res":"unsolved"},{"d":"2025-10-25","day":"Sat","time":"18:58","desc":"ROBBERY","res":"closed"},{"d":"2025-10-14","day":"Tue","time":"18:55","desc":"INTENTIONAL AGGRAVATED ASSAULT","res":"unsolved"},{"d":"2025-10-03","day":"Fri","time":"14:14","desc":"ROBBERY, AGGRAVATED, HANDGUN","res":"unsolved"},{"d":"2025-08-17","day":"Sun","time":"19:29","desc":"ASSAULT, VEHICULAR, AGGRAVATED","res":"unsolved"},{"d":"2025-08-15","day":"Fri","time":"18:50","desc":"AGGRAV ASSLT - NONFAMILY-GUN","res":"unsolved"},{"d":"2025-07-17","day":"Thu","time":"21:18","desc":"INTENTIONAL AGGRAVATED ASSAULT","res":"unsolved"},{"d":"2025-07-13","day":"Sun","time":"00:00","desc":"INTENTIONAL AGGRAVATED ASSAULT","res":"unsolved"},{"d":"2025-03-29","day":"Sat","time":"15:10","desc":"INTENTIONAL AGGRAVATED ASSAULT","res":"unsolved"}]}},{"type":"Feature","geometry":{"type":"Polygon","coordinates":[[[-86.79676658266786,36.224563488351976],[-86.79530666331273,36.225829200309846],[-86.79595387656538,36.22759561126988],[-86.79806108854066,36.228096328785774],[-86.79952104674327,36.22683060042103],[-86.7988737541239,36.225064170947746],[-86.79676658266786,36.224563488351976],[-86.79676658266786,36.224563488351976]]]},"properties":{"h3":"89264d13457ffff","count":1,"c3":0,"c6":0,"c12":0,"c24":1,"score":0.3,"risk":2,"peakDay":"Sunday","peakTime":"night","hood":"","bk12":{"morning":0,"afternoon":0,"evening":0,"night":0},"bk24":{"morning":0,"afternoon":0,"evening":0,"night":1},"recent":[{"d":"2025-03-30","day":"Sun","time":"01:12","desc":"INTENTIONAL AGGRAVATED ASSAULT","res":"closed"}]}},{"type":"Feature","geometry":{"type":"Polygon","coordinates":[[[-86.70017931291211,36.13383019073472],[-86.69872091706,36.13509549609516],[-86.69936528622772,36.1368622635782],[-86.70146813049227,36.13736374438322],[-86.70292656535533,36.13609842262191],[-86.70228211694365,36.134331636456935],[-86.70017931291211,36.13383019073472],[-86.70017931291211,36.13383019073472]]]},"properties":{"h3":"89264d1286fffff","count":3,"c3":0,"c6":0,"c12":0,"c24":3,"score":1.2,"risk":6,"peakDay":"Tuesday","peakTime":"night","hood":"","bk12":{"morning":0,"afternoon":0,"evening":0,"night":0},"bk24":{"morning":0,"afternoon":1,"evening":0,"night":2},"recent":[{"d":"2025-07-30","day":"Wed","time":"04:53","desc":"ROBBERY, AGGRAVATED, LONG GUN","res":"closed"},{"d":"2025-07-28","day":"Mon","time":"04:00","desc":"AGGRAV ASSLT - NONFAMILY-GUN","res":"closed"},{"d":"2025-04-15","day":"Tue","time":"16:00","desc":"INTENTIONAL AGGRAVATED ASSAULT","res":"closed"}]}},{"type":"Feature","geometry":{"type":"Polygon","coordinates":[[[-86.6598087211084,36.096770938635714],[-86.6583509515114,36.0980360592304],[-86.65899413833273,36.09980296361253],[-86.66109517394553,36.10030476615261],[-86.6625529826219,36.099039629160174],[-86.66190971660693,36.0972727060259],[-86.6598087211084,36.096770938635714],[-86.6598087211084,36.096770938635714]]]},"properties":{"h3":"89264d1708bffff","count":1,"c3":0,"c6":0,"c12":0,"c24":1,"score":0.4,"risk":2,"peakDay":"Friday","peakTime":"morning","hood":"","bk12":{"morning":0,"afternoon":0,"evening":0,"night":0},"bk24":{"morning":1,"afternoon":0,"evening":0,"night":0},"recent":[{"d":"2025-04-18","day":"Fri","time":"06:30","desc":"Assault, Aggravated - Deadly Weapon - Int/Kn","res":"closed"}]}},{"type":"Feature","geometry":{"type":"Polygon","coordinates":[[[-86.5955984280538,36.173339917762725],[-86.59413975005374,36.17460268078934],[-86.5947818968018,36.176368765464495],[-86.59688280087117,36.176872105966154],[-86.59834151816149,36.175609326653614],[-86.59769929209298,36.173843223125814],[-86.5955984280538,36.173339917762725],[-86.5955984280538,36.173339917762725]]]},"properties":{"h3":"89264d8c3d7ffff","count":2,"c3":0,"c6":0,"c12":0,"c24":2,"score":0.8,"risk":4,"peakDay":"Friday","peakTime":"afternoon","hood":"","bk12":{"morning":0,"afternoon":0,"evening":0,"night":0},"bk24":{"morning":1,"afternoon":1,"evening":0,"night":0},"recent":[{"d":"2025-08-16","day":"Sat","time":"11:29","desc":"ASSAULT, AGGRAVATED - DEADLY WEAPON - INT/KN FROM MOT VEH","res":"closed"},{"d":"2025-04-18","day":"Fri","time":"16:12","desc":"Assault, Aggravated - Deadly Weapon - Int/Kn","res":"closed"}]}},{"type":"Feature","geometry":{"type":"Polygon","coordinates":[[[-86.67911649563374,36.14977366784212],[-86.67765792987119,36.15103833985644],[-86.67830190130891,36.15280490908851],[-86.6804045177817,36.15330682502241],[-86.68186312261751,36.15204213663659],[-86.68121907190807,36.150275548688846],[-86.67911649563374,36.14977366784212],[-86.67911649563374,36.14977366784212]]]},"properties":{"h3":"89264d12d43ffff","count":5,"c3":0,"c6":0,"c12":0,"c24":5,"score":2.2,"risk":11,"peakDay":"Saturday","peakTime":"evening","hood":"","bk12":{"morning":0,"afternoon":0,"evening":0,"night":0},"bk24":{"morning":0,"afternoon":1,"evening":4,"night":0},"recent":[{"d":"2025-09-19","day":"Fri","time":"21:00","desc":"ROBBERY, AGGRAVATED, OTHER","res":"unsolved"},{"d":"2025-09-09","day":"Tue","time":"12:45","desc":"AGGRAV ASSLT - FAMILY-WEAPON","res":"closed"},{"d":"2025-08-28","day":"Thu","time":"21:54","desc":"ASSAULT","res":"closed"},{"d":"2025-08-17","day":"Sun","time":"20:34","desc":"Assault, Aggravated - Strangulation - Int/Kn","res":"closed"},{"d":"2025-04-19","day":"Sat","time":"17:38","desc":"ROBBERY","res":"unsolved"}]}},{"type":"Feature","geometry":{"type":"Polygon","coordinates":[[[-86.81594100039679,36.14039610947615],[-86.81448221890406,36.141663459681006],[-86.81512935853914,36.14343058962423],[-86.81723535890224,36.143930387851476],[-86.81869417913332,36.14266302115875],[-86.81804696026377,36.14089587272713],[-86.81594100039679,36.14039610947615],[-86.81594100039679,36.14039610947615]]]},"properties":{"h3":"89264d1111bffff","count":1,"c3":0,"c6":0,"c12":0,"c24":1,"score":0.4,"risk":2,"peakDay":"Saturday","peakTime":"evening","hood":"","bk12":{"morning":0,"afternoon":0,"evening":0,"night":0},"bk24":{"morning":0,"afternoon":0,"evening":1,"night":0},"recent":[{"d":"2025-04-19","day":"Sat","time":"17:43","desc":"INTENTIONAL AGGRAVATED ASSAULT","res":"closed"}]}},{"type":"Feature","geometry":{"type":"Polygon","coordinates":[[[-86.69865448405682,36.076997666096744],[-86.69719689143251,36.078263807190105],[-86.69784087150836,36.08003100290358],[-86.69994252336667,36.080532076213224],[-86.7014001549628,36.07926591867549],[-86.70075609572957,36.077498704272976],[-86.69865448405682,36.076997666096744],[-86.69865448405682,36.076997666096744]]]},"properties":{"h3":"89264d109a7ffff","count":9,"c3":0,"c6":0,"c12":3,"c24":9,"score":4.5,"risk":22,"peakDay":"Tuesday","peakTime":"evening","hood":"","bk12":{"morning":2,"afternoon":0,"evening":1,"night":0},"bk24":{"morning":3,"afternoon":0,"evening":4,"night":2},"recent":[{"d":"2026-02-07","day":"Sat","time":"10:00","desc":"ROBBERY, AGGRAVATED, HANDGUN","res":"unsolved"},{"d":"2025-12-27","day":"Sat","time":"11:00","desc":"INTENTIONAL AGGRAVATED ASSAULT","res":"unsolved"},{"d":"2025-10-25","day":"Sat","time":"17:00","desc":"Assault, Aggravated - Deadly Weapon - Int/Kn","res":"unsolved"},{"d":"2025-10-07","day":"Tue","time":"20:00","desc":"ROBBERY","res":"unsolved"},{"d":"2025-09-16","day":"Tue","time":"18:30","desc":"INTENTIONAL AGGRAVATED ASSAULT","res":"unsolved"},{"d":"2025-09-14","day":"Sun","time":"06:00","desc":"INTENTIONAL AGGRAVATED ASSAULT","res":"unsolved"},{"d":"2025-08-25","day":"Mon","time":"18:02","desc":"AGGRAV ASSLT - NONFAMILY-GUN","res":"unsolved"},{"d":"2025-08-12","day":"Tue","time":"23:41","desc":"INTENTIONAL AGGRAVATED ASSAULT","res":"unsolved"},{"d":"2025-04-20","day":"Sun","time":"01:55","desc":"ROBBERY- CARJACKING","res":"unsolved"}]}},{"type":"Feature","geometry":{"type":"Polygon","coordinates":[[[-86.77893227251593,36.228386968469565],[-86.77747234390326,36.22965229151792],[-86.77811916029542,36.23141860982354],[-86.78022598467673,36.23191962362395],[-86.78168595218266,36.23065428418592],[-86.78103905641481,36.228887947337654],[-86.77893227251593,36.228386968469565],[-86.77893227251593,36.228386968469565]]]},"properties":{"h3":"89264d89b4bffff","count":4,"c3":0,"c6":0,"c12":0,"c24":4,"score":1.7,"risk":8,"peakDay":"Monday","peakTime":"afternoon","hood":"","bk12":{"morning":0,"afternoon":0,"evening":0,"night":0},"bk24":{"morning":0,"afternoon":3,"evening":1,"night":0},"recent":[{"d":"2025-08-03","day":"Sun","time":"16:01","desc":"Assault, Aggravated - Strangulation - Int/Kn","res":"unsolved"},{"d":"2025-08-02","day":"Sat","time":"15:00","desc":"ROBBERY","res":"unsolved"},{"d":"2025-07-21","day":"Mon","time":"20:06","desc":"INTENTIONAL AGGRAVATED ASSAULT","res":"unsolved"},{"d":"2025-04-21","day":"Mon","time":"15:34","desc":"ROBBERY","res":"unsolved"}]}},{"type":"Feature","geometry":{"type":"Polygon","coordinates":[[[-86.69966894409282,36.24819911661231],[-86.69820893756503,36.249462666962216],[-86.69885400689763,36.251228549353385],[-86.70095916217812,36.251730900068004],[-86.70241920780434,36.2504673334072],[-86.70177405905243,36.24870143234314],[-86.69966894409282,36.24819911661231],[-86.69966894409282,36.24819911661231]]]},"properties":{"h3":"89264d88853ffff","count":1,"c3":0,"c6":0,"c12":0,"c24":1,"score":0.4,"risk":2,"peakDay":"Monday","peakTime":"night","hood":"","bk12":{"morning":0,"afternoon":0,"evening":0,"night":0},"bk24":{"morning":0,"afternoon":0,"evening":0,"night":1},"recent":[{"d":"2025-04-21","day":"Mon","time":"23:30","desc":"ROBBERY- CARJACKING","res":"unsolved"}]}},{"type":"Feature","geometry":{"type":"Polygon","coordinates":[[[-86.74067316731234,36.10798462029499],[-86.73921503121115,36.10925106927158],[-86.73986019450372,36.11101818008521],[-86.74196357309617,36.11151886053927],[-86.743421748092,36.1102523951092],[-86.74277650560155,36.10848526567902],[-86.74067316731234,36.10798462029499],[-86.74067316731234,36.10798462029499]]]},"properties":{"h3":"89264d10eafffff","count":4,"c3":0,"c6":0,"c12":2,"c24":4,"score":2,"risk":10,"peakDay":"Tuesday","peakTime":"evening","hood":"","bk12":{"morning":0,"afternoon":1,"evening":1,"night":0},"bk24":{"morning":0,"afternoon":1,"evening":2,"night":1},"recent":[{"d":"2026-03-01","day":"Sun","time":"19:53","desc":"ROBBERY, AGGRAVATED, KNIFE","res":"closed"},{"d":"2025-11-08","day":"Sat","time":"16:51","desc":"INTENTIONAL AGGRAVATED ASSAULT","res":"unsolved"},{"d":"2025-08-08","day":"Fri","time":"23:22","desc":"Assault, Aggravated - Deadly Weapon - Int/Kn","res":"unsolved"},{"d":"2025-04-22","day":"Tue","time":"18:05","desc":"Assault, Aggravated - Deadly Weapon - Int/Kn","res":"unsolved"}]}},{"type":"Feature","geometry":{"type":"Polygon","coordinates":[[[-86.66731720276896,36.14373068515106],[-86.66585875279691,36.1449952304021],[-86.66650240830248,36.146761803303654],[-86.66860459304517,36.147263849690525],[-86.67006308211411,36.145999288072694],[-86.66941934734425,36.144232696435296],[-86.66731720276896,36.14373068515106],[-86.66731720276896,36.14373068515106]]]},"properties":{"h3":"89264d12d3bffff","count":1,"c3":0,"c6":0,"c12":0,"c24":1,"score":0.4,"risk":2,"peakDay":"Thursday","peakTime":"night","hood":"","bk12":{"morning":0,"afternoon":0,"evening":0,"night":0},"bk24":{"morning":0,"afternoon":0,"evening":0,"night":1},"recent":[{"d":"2025-04-24","day":"Thu","time":"01:00","desc":"INTENTIONAL AGGRAVATED ASSAULT","res":"closed"}]}},{"type":"Feature","geometry":{"type":"Polygon","coordinates":[[[-86.66002227816772,36.0710069763954],[-86.65856487020365,36.07227249235295],[-86.65920790226095,36.07403959330797],[-86.66130842143743,36.07454119705979],[-86.66276586846097,36.07327566468402],[-86.66212275724938,36.07150854497514],[-86.66002227816772,36.0710069763954],[-86.66002227816772,36.0710069763954]]]},"properties":{"h3":"89264d173bbffff","count":1,"c3":0,"c6":0,"c12":0,"c24":1,"score":0.4,"risk":2,"peakDay":"Wednesday","peakTime":"afternoon","hood":"","bk12":{"morning":0,"afternoon":0,"evening":0,"night":0},"bk24":{"morning":0,"afternoon":1,"evening":0,"night":0},"recent":[{"d":"2025-04-30","day":"Wed","time":"16:00","desc":"INTENTIONAL AGGRAVATED ASSAULT","res":"closed"}]}},{"type":"Feature","geometry":{"type":"Polygon","coordinates":[[[-86.6912227683372,36.167178181436654],[-86.68976392607682,36.16844281268836],[-86.69040829138282,36.170209291834006],[-86.69251157824642,36.17071115842249],[-86.69397045956428,36.16944651080326],[-86.69332601496183,36.167680012963565],[-86.6912227683372,36.167178181436654],[-86.6912227683372,36.167178181436654]]]},"properties":{"h3":"89264d12c1bffff","count":1,"c3":0,"c6":0,"c12":0,"c24":1,"score":0.4,"risk":2,"peakDay":"Thursday","peakTime":"night","hood":"","bk12":{"morning":0,"afternoon":0,"evening":0,"night":0},"bk24":{"morning":0,"afternoon":0,"evening":0,"night":1},"recent":[{"d":"2025-05-01","day":"Thu","time":"00:00","desc":"AGGRAV ASSLT - FAMILY-WEAPON","res":"closed"}]}},{"type":"Feature","geometry":{"type":"Polygon","coordinates":[[[-86.78498880411847,36.155633368876465],[-86.78352988548241,36.156899913918714],[-86.78417639048729,36.15866681701672],[-86.78628189339223,36.15916719361176],[-86.78774085085236,36.15790063211814],[-86.78709426658429,36.15613371048137],[-86.78498880411847,36.155633368876465],[-86.78498880411847,36.155633368876465]]]},"properties":{"h3":"89264d10667ffff","count":3,"c3":0,"c6":0,"c12":0,"c24":3,"score":1.3,"risk":6,"peakDay":"Wednesday","peakTime":"evening","hood":"","bk12":{"morning":0,"afternoon":0,"evening":0,"night":0},"bk24":{"morning":1,"afternoon":0,"evening":2,"night":0},"recent":[{"d":"2025-09-01","day":"Mon","time":"19:30","desc":"Assault, Aggravated - Deadly Weapon - Int/Kn","res":"closed"},{"d":"2025-07-27","day":"Sun","time":"19:00","desc":"INTENTIONAL AGGRAVATED ASSAULT","res":"closed"},{"d":"2025-05-14","day":"Wed","time":"06:15","desc":"INTENTIONAL AGGRAVATED ASSAULT","res":"closed"}]}},{"type":"Feature","geometry":{"type":"Polygon","coordinates":[[[-86.73080237872341,36.10724808587229],[-86.72934427817866,36.10851436315247],[-86.72998920417152,36.110281444184054],[-86.73209230990824,36.11078226656899],[-86.73355044937067,36.10951597284261],[-86.73290544417947,36.10774887317796],[-86.73080237872341,36.10724808587229],[-86.73080237872341,36.10724808587229]]]},"properties":{"h3":"89264d10c6fffff","count":2,"c3":0,"c6":0,"c12":0,"c24":2,"score":0.8,"risk":4,"peakDay":"Wednesday","peakTime":"afternoon","hood":"","bk12":{"morning":0,"afternoon":0,"evening":0,"night":0},"bk24":{"morning":0,"afternoon":2,"evening":0,"night":0},"recent":[{"d":"2025-08-28","day":"Thu","time":"14:45","desc":"INTENTIONAL AGGRAVATED ASSAULT","res":"unsolved"},{"d":"2025-05-14","day":"Wed","time":"15:49","desc":"ROBBERY, AGGRAVATED, HANDGUN","res":"unsolved"}]}},{"type":"Feature","geometry":{"type":"Polygon","coordinates":[[[-86.79839187203939,36.2184989790577],[-86.79693203414244,36.21976481375253],[-86.79757924782494,36.22153127760957],[-86.79968637876233,36.222031925283325],[-86.80114625549831,36.22076607417563],[-86.80049896245868,36.218999591807524],[-86.79839187203939,36.2184989790577],[-86.79839187203939,36.2184989790577]]]},"properties":{"h3":"89264d1347bffff","count":3,"c3":0,"c6":0,"c12":1,"c24":3,"score":1.3,"risk":7,"peakDay":"Saturday","peakTime":"morning","hood":"","bk12":{"morning":0,"afternoon":0,"evening":0,"night":1},"bk24":{"morning":1,"afternoon":0,"evening":1,"night":1},"recent":[{"d":"2025-11-09","day":"Sun","time":"00:58","desc":"Assault, Aggravated - Deadly Weapon - Int/Kn","res":"unsolved"},{"d":"2025-07-21","day":"Mon","time":"18:42","desc":"INTENTIONAL AGGRAVATED ASSAULT","res":"unsolved"},{"d":"2025-05-17","day":"Sat","time":"08:30","desc":"INTENTIONAL AGGRAVATED ASSAULT","res":"unsolved"}]}},{"type":"Feature","geometry":{"type":"Polygon","coordinates":[[[-86.79938386129386,36.189703281043556],[-86.79792442678826,36.1909695735514],[-86.79857148393002,36.19273626436716],[-86.80067805489105,36.193236681187486],[-86.8021375282117,36.19197037224348],[-86.8014903917571,36.1902036629158],[-86.79938386129386,36.189703281043556],[-86.79938386129386,36.189703281043556]]]},"properties":{"h3":"89264d1339bffff","count":2,"c3":0,"c6":0,"c12":0,"c24":2,"score":0.9,"risk":4,"peakDay":"Saturday","peakTime":"morning","hood":"","bk12":{"morning":0,"afternoon":0,"evening":0,"night":0},"bk24":{"morning":1,"afternoon":0,"evening":0,"night":1},"recent":[{"d":"2025-09-22","day":"Mon","time":"02:30","desc":"INTENTIONAL AGGRAVATED ASSAULT","res":"unsolved"},{"d":"2025-05-17","day":"Sat","time":"08:30","desc":"ROBBERY","res":"unsolved"}]}},{"type":"Feature","geometry":{"type":"Polygon","coordinates":[[[-86.76929327178172,36.13899563808832],[-86.76783462683328,36.14026214565248],[-86.76848065801595,36.14202912101669],[-86.77058541338833,36.14252960738354],[-86.77204409718613,36.141263083367434],[-86.77139798676298,36.13949608943691],[-86.76929327178172,36.13899563808832],[-86.76929327178172,36.13899563808832]]]},"properties":{"h3":"89264d1006fffff","count":2,"c3":0,"c6":0,"c12":0,"c24":2,"score":0.8,"risk":4,"peakDay":"Saturday","peakTime":"evening","hood":"","bk12":{"morning":0,"afternoon":0,"evening":0,"night":0},"bk24":{"morning":0,"afternoon":0,"evening":1,"night":1},"recent":[{"d":"2025-07-18","day":"Fri","time":"00:08","desc":"INTENTIONAL AGGRAVATED ASSAULT","res":"unsolved"},{"d":"2025-05-17","day":"Sat","time":"18:22","desc":"Assault, Aggravated - Deadly Weapon - Int/Kn","res":"unsolved"}]}},{"type":"Feature","geometry":{"type":"Polygon","coordinates":[[[-86.71943186380794,36.24968912336226],[-86.71797178550246,36.25095301751016],[-86.71861733068718,36.25271895885732],[-86.7207230335966,36.25322102469691],[-86.72218315095427,36.25195711422345],[-86.72153752635114,36.25019115423644],[-86.71943186380794,36.24968912336226],[-86.71943186380794,36.24968912336226]]]},"properties":{"h3":"89264d88ad3ffff","count":6,"c3":0,"c6":0,"c12":2,"c24":6,"score":3.1,"risk":15,"peakDay":"Friday","peakTime":"evening","hood":"","bk12":{"morning":1,"afternoon":0,"evening":1,"night":0},"bk24":{"morning":2,"afternoon":2,"evening":2,"night":0},"recent":[{"d":"2026-03-04","day":"Wed","time":"11:30","desc":"INTENTIONAL AGGRAVATED ASSAULT","res":"unsolved"},{"d":"2026-02-11","day":"Wed","time":"21:00","desc":"INTENTIONAL AGGRAVATED ASSAULT","res":"unsolved"},{"d":"2025-09-19","day":"Fri","time":"12:00","desc":"ROBBERY, AGGRAVATED, HANDGUN","res":"unsolved"},{"d":"2025-08-22","day":"Fri","time":"14:50","desc":"INTENTIONAL AGGRAVATED ASSAULT","res":"unsolved"},{"d":"2025-08-03","day":"Sun","time":"05:41","desc":"ROBBERY","res":"unsolved"},{"d":"2025-05-17","day":"Sat","time":"21:50","desc":"INTENTIONAL AGGRAVATED ASSAULT","res":"unsolved"}]}},{"type":"Feature","geometry":{"type":"Polygon","coordinates":[[[-86.6101508698483,36.04456389019273],[-86.60869396495193,36.045828882687736],[-86.60933565725824,36.04759600109821],[-86.61143433358315,36.04809814585309],[-86.61289127763769,36.04683313695891],[-86.61224950620996,36.0450659997095],[-86.6101508698483,36.04456389019273],[-86.6101508698483,36.04456389019273]]]},"properties":{"h3":"89264d14557ffff","count":2,"c3":0,"c6":0,"c12":1,"c24":2,"score":0.9,"risk":5,"peakDay":"Saturday","peakTime":"night","hood":"","bk12":{"morning":1,"afternoon":0,"evening":0,"night":0},"bk24":{"morning":1,"afternoon":0,"evening":0,"night":1},"recent":[{"d":"2025-12-03","day":"Wed","time":"10:00","desc":"Assault, Aggravated - Deadly Weapon - Int/Kn","res":"closed"},{"d":"2025-05-17","day":"Sat","time":"22:00","desc":"ROBBERY, AGGRAVATED, HANDGUN","res":"closed"}]}},{"type":"Feature","geometry":{"type":"Polygon","coordinates":[[[-86.74640650359868,36.18678194366833],[-86.7449472436832,36.18804729905099],[-86.74559303300735,36.18981382464592],[-86.74769816156525,36.19031501345911],[-86.74915746042083,36.18904964168021],[-86.74851159177922,36.18728309748482],[-86.74640650359868,36.18678194366833],[-86.74640650359868,36.18678194366833]]]},"properties":{"h3":"89264d12233ffff","count":2,"c3":0,"c6":0,"c12":0,"c24":2,"score":0.8,"risk":4,"peakDay":"Saturday","peakTime":"night","hood":"","bk12":{"morning":0,"afternoon":0,"evening":0,"night":0},"bk24":{"morning":0,"afternoon":0,"evening":1,"night":1},"recent":[{"d":"2025-07-28","day":"Mon","time":"21:52","desc":"Assault, Aggravated - Deadly Weapon - Int/Kn","res":"closed"},{"d":"2025-05-17","day":"Sat","time":"22:53","desc":"AGGRAV ASSLT - NONFAMILY-GUN","res":"closed"}]}},{"type":"Feature","geometry":{"type":"Polygon","coordinates":[[[-86.74024781831667,36.059469465391665],[-86.73879036514562,36.06073664307552],[-86.73943521673455,36.062504121974044],[-86.74153760061922,36.063004441810214],[-86.74299509264956,36.06173724763498],[-86.74235016193676,36.05996975011543],[-86.74024781831667,36.059469465391665],[-86.74024781831667,36.059469465391665]]]},"properties":{"h3":"89264d0258bffff","count":3,"c3":0,"c6":0,"c12":1,"c24":3,"score":1.4,"risk":7,"peakDay":"Sunday","peakTime":"morning","hood":"","bk12":{"morning":1,"afternoon":0,"evening":0,"night":0},"bk24":{"morning":2,"afternoon":0,"evening":1,"night":0},"recent":[{"d":"2025-12-11","day":"Thu","time":"05:30","desc":"ROBBERY","res":"unsolved"},{"d":"2025-09-09","day":"Tue","time":"19:59","desc":"AGGRAV ASSLT - NONFAMILY-GUN","res":"unsolved"},{"d":"2025-05-18","day":"Sun","time":"10:20","desc":"ASSAULT, VEHICULAR, AGGRAVATED","res":"unsolved"}]}},{"type":"Feature","geometry":{"type":"Polygon","coordinates":[[[-86.79875100681187,36.16696936588726],[-86.79729189410445,36.16823599319046],[-86.79793879435549,36.17000285757066],[-86.80004488659289,36.170503113163036],[-86.80150403809984,36.16923646940641],[-86.80085705857066,36.16746958651134],[-86.79875100681187,36.16696936588726],[-86.79875100681187,36.16696936588726]]]},"properties":{"h3":"89264d11597ffff","count":11,"c3":0,"c6":0,"c12":2,"c24":11,"score":5.2,"risk":26,"peakDay":"Sunday","peakTime":"evening","hood":"","bk12":{"morning":0,"afternoon":0,"evening":2,"night":0},"bk24":{"morning":0,"afternoon":1,"evening":7,"night":3},"recent":[{"d":"2026-02-23","day":"Mon","time":"20:35","desc":"Assault, Aggravated - Deadly Weapon - Int/Kn","res":"unsolved"},{"d":"2025-10-12","day":"Sun","time":"18:30","desc":"Assault, Aggravated - Deadly Weapon - Int/Kn","res":"closed"},{"d":"2025-09-22","day":"Mon","time":"01:25","desc":"Assault, Aggravated - Deadly Weapon - Int/Kn","res":"unsolved"},{"d":"2025-09-04","day":"Thu","time":"19:43","desc":"Assault, Aggravated - Deadly Weapon - Int/Kn","res":"closed"},{"d":"2025-09-01","day":"Mon","time":"01:30","desc":"Assault, Aggravated - Deadly Weapon - Int/Kn","res":"unsolved"},{"d":"2025-08-30","day":"Sat","time":"01:00","desc":"ROBBERY, AGGRAVATED, HANDGUN","res":"unsolved"},{"d":"2025-08-24","day":"Sun","time":"20:15","desc":"INTENTIONAL AGGRAVATED ASSAULT","res":"unsolved"},{"d":"2025-08-14","day":"Thu","time":"20:00","desc":"INTENTIONAL AGGRAVATED ASSAULT","res":"unsolved"},{"d":"2025-07-30","day":"Wed","time":"17:00","desc":"Assault, Aggravated - Deadly Weapon - Int/Kn","res":"closed"},{"d":"2025-07-20","day":"Sun","time":"15:00","desc":"ASSAULT","res":"unsolved"}]}},{"type":"Feature","geometry":{"type":"Polygon","coordinates":[[[-86.69794141504384,36.1171645393069],[-86.69648325947517,36.118430056776255],[-86.69712747225674,36.120196943733184],[-86.6992299198266,36.1206983319083],[-86.70068811439899,36.11943279802678],[-86.70004382239858,36.11766589238282],[-86.69794141504384,36.1171645393069],[-86.69794141504384,36.1171645393069]]]},"properties":{"h3":"89264d12b3bffff","count":7,"c3":0,"c6":0,"c12":2,"c24":7,"score":3.4,"risk":17,"peakDay":"Tuesday","peakTime":"night","hood":"","bk12":{"morning":0,"afternoon":0,"evening":0,"night":2},"bk24":{"morning":0,"afternoon":2,"evening":1,"night":4},"recent":[{"d":"2025-12-25","day":"Thu","time":"00:35","desc":"INTENTIONAL AGGRAVATED ASSAULT","res":"unsolved"},{"d":"2025-10-23","day":"Thu","time":"01:00","desc":"INTENTIONAL AGGRAVATED ASSAULT","res":"unsolved"},{"d":"2025-09-30","day":"Tue","time":"22:00","desc":"INTENTIONAL AGGRAVATED ASSAULT","res":"unsolved"},{"d":"2025-09-03","day":"Wed","time":"16:00","desc":"INTENTIONAL AGGRAVATED ASSAULT","res":"unsolved"},{"d":"2025-09-03","day":"Wed","time":"14:27","desc":"INTENTIONAL AGGRAVATED ASSAULT","res":"unsolved"},{"d":"2025-09-02","day":"Tue","time":"02:13","desc":"Assault, Aggravated - Deadly Weapon - Int/Kn","res":"unsolved"},{"d":"2025-05-23","day":"Fri","time":"20:00","desc":"Assault, Aggravated - Deadly Weapon - Int/Kn","res":"unsolved"}]}},{"type":"Feature","geometry":{"type":"Polygon","coordinates":[[[-86.77704769654221,36.16019877626069],[-86.77558873358862,36.16146510466123],[-86.7762350798201,36.16323194440277],[-86.77834046827753,36.16373247429588],[-86.77979947007773,36.162466129453854],[-86.7791530445747,36.160699271160695],[-86.77704769654221,36.16019877626069],[-86.77704769654221,36.16019877626069]]]},"properties":{"h3":"89264d10633ffff","count":5,"c3":0,"c6":0,"c12":1,"c24":5,"score":2.4,"risk":12,"peakDay":"Sunday","peakTime":"night","hood":"","bk12":{"morning":0,"afternoon":0,"evening":0,"night":1},"bk24":{"morning":0,"afternoon":0,"evening":0,"night":5},"recent":[{"d":"2026-03-01","day":"Sun","time":"23:30","desc":"ROBBERY, AGGRAVATED, HANDGUN","res":"closed"},{"d":"2025-09-18","day":"Thu","time":"22:05","desc":"Assault, Aggravated - Deadly Weapon - Int/Kn","res":"closed"},{"d":"2025-09-07","day":"Sun","time":"00:00","desc":"INTENTIONAL AGGRAVATED ASSAULT","res":"closed"},{"d":"2025-07-29","day":"Tue","time":"03:00","desc":"ROBBERY, AGGRAVATED, HANDGUN","res":"closed"},{"d":"2025-05-31","day":"Sat","time":"02:44","desc":"Assault, Officer Agg - Weapon- Int/Kn- Acting in Concert","res":"closed"}]}},{"type":"Feature","geometry":{"type":"Polygon","coordinates":[[[-86.61094839214587,36.17862860403769],[-86.60948959880332,36.17989157128349],[-86.61013214074798,36.181657671399215],[-86.61223355536228,36.18216082309628],[-86.61369238796254,36.18089783955636],[-86.61304976669156,36.17913172061396],[-86.61094839214587,36.17862860403769],[-86.61094839214587,36.17862860403769]]]},"properties":{"h3":"89264d8c207ffff","count":3,"c3":0,"c6":0,"c12":1,"c24":3,"score":1.5,"risk":7,"peakDay":"Saturday","peakTime":"evening","hood":"","bk12":{"morning":0,"afternoon":0,"evening":0,"night":1},"bk24":{"morning":1,"afternoon":0,"evening":1,"night":1},"recent":[{"d":"2026-01-31","day":"Sat","time":"23:30","desc":"ROBBERY, AGGRAVATED, HANDGUN","res":"unsolved"},{"d":"2025-09-13","day":"Sat","time":"11:40","desc":"INTENTIONAL AGGRAVATED ASSAULT","res":"unsolved"},{"d":"2025-06-01","day":"Sun","time":"19:27","desc":"INTENTIONAL AGGRAVATED ASSAULT","res":"unsolved"}]}},{"type":"Feature","geometry":{"type":"Polygon","coordinates":[[[-86.77798966983963,36.194296335237595],[-86.77653022421582,36.195562161307095],[-86.7771768054429,36.197328740928],[-86.77928291161822,36.19782951302709],[-86.78074239611192,36.196563670542055],[-86.78009573556125,36.19479707237397],[-86.77798966983963,36.194296335237595],[-86.77798966983963,36.194296335237595]]]},"properties":{"h3":"89264d131d7ffff","count":1,"c3":0,"c6":0,"c12":0,"c24":1,"score":0.4,"risk":2,"peakDay":"Monday","peakTime":"night","hood":"","bk12":{"morning":0,"afternoon":0,"evening":0,"night":0},"bk24":{"morning":0,"afternoon":0,"evening":0,"night":1},"recent":[{"d":"2025-06-02","day":"Mon","time":"04:56","desc":"ROBBERY- ESP. AGG.","res":"closed"}]}},{"type":"Feature","geometry":{"type":"Polygon","coordinates":[[[-86.7005865822575,36.08229926461122],[-86.69912891012864,36.083565361009924],[-86.69977296867593,36.085332523394904],[-86.70187477851802,36.08583360806705],[-86.70333248961806,36.084567495226594],[-86.7026883519056,36.08280031415623],[-86.7005865822575,36.08229926461122],[-86.7005865822575,36.08229926461122]]]},"properties":{"h3":"89264d109b3ffff","count":7,"c3":0,"c6":0,"c12":1,"c24":7,"score":3.3,"risk":16,"peakDay":"Wednesday","peakTime":"evening","hood":"","bk12":{"morning":0,"afternoon":0,"evening":1,"night":0},"bk24":{"morning":0,"afternoon":2,"evening":3,"night":2},"recent":[{"d":"2026-01-29","day":"Thu","time":"21:30","desc":"INTENTIONAL AGGRAVATED ASSAULT","res":"closed"},{"d":"2025-09-23","day":"Tue","time":"03:15","desc":"INTENTIONAL AGGRAVATED ASSAULT","res":"closed"},{"d":"2025-08-13","day":"Wed","time":"14:00","desc":"INTENTIONAL AGGRAVATED ASSAULT","res":"closed"},{"d":"2025-08-10","day":"Sun","time":"23:40","desc":"Assault, Aggravated - Deadly Weapon - Int/Kn","res":"closed"},{"d":"2025-08-06","day":"Wed","time":"15:10","desc":"Assault, Aggravated - Deadly Weapon - Int/Kn","res":"closed"},{"d":"2025-07-30","day":"Wed","time":"17:20","desc":"INTENTIONAL AGGRAVATED ASSAULT","res":"closed"},{"d":"2025-06-02","day":"Mon","time":"21:00","desc":"INTENTIONAL AGGRAVATED ASSAULT","res":"closed"}]}},{"type":"Feature","geometry":{"type":"Polygon","coordinates":[[[-86.82063599347839,36.14796439851922],[-86.81917709382303,36.149231720496196],[-86.81982439137909,36.150998808717134],[-86.82193066783648,36.1514985934415],[-86.82338960622451,36.15023125497884],[-86.82274222942328,36.14846414827799],[-86.82063599347839,36.14796439851922],[-86.82063599347839,36.14796439851922]]]},"properties":{"h3":"89264d111dbffff","count":1,"c3":0,"c6":0,"c12":0,"c24":1,"score":0.4,"risk":2,"peakDay":"Monday","peakTime":"night","hood":"","bk12":{"morning":0,"afternoon":0,"evening":0,"night":0},"bk24":{"morning":0,"afternoon":0,"evening":0,"night":1},"recent":[{"d":"2025-06-09","day":"Mon","time":"01:30","desc":"ROBBERY","res":"unsolved"}]}},{"type":"Feature","geometry":{"type":"Polygon","coordinates":[[[-86.72897939338725,36.13908107055553],[-86.72752084964907,36.14034682982568],[-86.72816593073271,36.1421136605434],[-86.73026963480264,36.14261475062495],[-86.7317282174868,36.14134897493508],[-86.73108305715583,36.13958212558383],[-86.72897939338725,36.13908107055553],[-86.72897939338725,36.13908107055553]]]},"properties":{"h3":"89264d12a43ffff","count":2,"c3":0,"c6":0,"c12":0,"c24":2,"score":0.8,"risk":4,"peakDay":"Saturday","peakTime":"night","hood":"","bk12":{"morning":0,"afternoon":0,"evening":0,"night":0},"bk24":{"morning":0,"afternoon":0,"evening":1,"night":1},"recent":[{"d":"2025-07-23","day":"Wed","time":"19:00","desc":"ROBBERY","res":"unsolved"},{"d":"2025-06-28","day":"Sat","time":"23:00","desc":"ROBBERY","res":"unsolved"}]}},{"type":"Feature","geometry":{"type":"Polygon","coordinates":[[[-86.58881923914521,36.0491387933653],[-86.58736232688173,36.05040332076489],[-86.58800354442447,36.05217032601867],[-86.5901017533629,36.052672822747425],[-86.59155870483858,36.05140827896941],[-86.59091740816442,36.04964125484153],[-86.58881923914521,36.0491387933653],[-86.58881923914521,36.0491387933653]]]},"properties":{"h3":"89264d16e43ffff","count":3,"c3":0,"c6":0,"c12":1,"c24":3,"score":1.5,"risk":8,"peakDay":"Sunday","peakTime":"afternoon","hood":"","bk12":{"morning":0,"afternoon":0,"evening":0,"night":1},"bk24":{"morning":0,"afternoon":1,"evening":1,"night":1},"recent":[{"d":"2026-01-30","day":"Fri","time":"04:40","desc":"INTENTIONAL AGGRAVATED ASSAULT","res":"unsolved"},{"d":"2025-10-01","day":"Wed","time":"20:03","desc":"Assault, Aggravated - Deadly Weapon - Reckless","res":"unsolved"},{"d":"2025-06-29","day":"Sun","time":"15:54","desc":"Assault, Aggravated - Serious Bodily Injury - Reckless","res":"unsolved"}]}},{"type":"Feature","geometry":{"type":"Polygon","coordinates":[[[-86.65942779779911,36.28532644917773],[-86.6579673712111,36.28658868403811],[-86.65861172174118,36.288354132643164],[-86.66071657834284,36.28885736512476],[-86.66217704415376,36.28759511401473],[-86.66153261414091,36.28582964667324],[-86.65942779779911,36.28532644917773],[-86.65942779779911,36.28532644917773]]]},"properties":{"h3":"89264d8a863ffff","count":1,"c3":0,"c6":0,"c12":0,"c24":1,"score":0.4,"risk":2,"peakDay":"Tuesday","peakTime":"night","hood":"","bk12":{"morning":0,"afternoon":0,"evening":0,"night":0},"bk24":{"morning":0,"afternoon":0,"evening":0,"night":1},"recent":[{"d":"2025-07-01","day":"Tue","time":"03:00","desc":"ASSAULT, AGG., FIRST RESPONDER, DEADLY WEAPON","res":"closed"}]}},{"type":"Feature","geometry":{"type":"Polygon","coordinates":[[[-86.79983770869552,36.23819383606684],[-86.79837758942521,36.2394593966663],[-86.79902496036341,36.24122571226713],[-86.80113252995984,36.241726485775935],[-86.80259268808045,36.24046090877781],[-86.80194523775518,36.23869457467005],[-86.79983770869552,36.23819383606684],[-86.79983770869552,36.23819383606684]]]},"properties":{"h3":"89264dc69a3ffff","count":2,"c3":0,"c6":0,"c12":1,"c24":2,"score":1,"risk":5,"peakDay":"Wednesday","peakTime":"morning","hood":"","bk12":{"morning":0,"afternoon":0,"evening":0,"night":1},"bk24":{"morning":1,"afternoon":0,"evening":0,"night":1},"recent":[{"d":"2025-12-18","day":"Thu","time":"23:15","desc":"Assault, Aggravated - Deadly Weapon - Int/Kn","res":"unsolved"},{"d":"2025-07-02","day":"Wed","time":"11:55","desc":"INTENTIONAL AGGRAVATED ASSAULT","res":"unsolved"}]}},{"type":"Feature","geometry":{"type":"Polygon","coordinates":[[[-86.7781742761007,36.16853239564677],[-86.77671519296342,36.16979861795643],[-86.77736161774925,36.171565397418064],[-86.77946720495723,36.17206597311957],[-86.78092632694462,36.17079973437408],[-86.7802798228747,36.16903293636338],[-86.7781742761007,36.16853239564677],[-86.7781742761007,36.16853239564677]]]},"properties":{"h3":"89264d1068fffff","count":7,"c3":0,"c6":0,"c12":1,"c24":7,"score":3.3,"risk":16,"peakDay":"Wednesday","peakTime":"evening","hood":"","bk12":{"morning":0,"afternoon":1,"evening":0,"night":0},"bk24":{"morning":1,"afternoon":1,"evening":3,"night":2},"recent":[{"d":"2026-02-04","day":"Wed","time":"12:11","desc":"ASSAULT, AGG., FIRST RESPONDER, SERIOUS BODILY INJURY","res":"unsolved"},{"d":"2025-09-15","day":"Mon","time":"07:40","desc":"INTENTIONAL AGGRAVATED ASSAULT","res":"unsolved"},{"d":"2025-08-11","day":"Mon","time":"19:42","desc":"ROBBERY","res":"unsolved"},{"d":"2025-08-09","day":"Sat","time":"01:15","desc":"INTENTIONAL AGGRAVATED ASSAULT","res":"unsolved"},{"d":"2025-07-25","day":"Fri","time":"18:40","desc":"ROBBERY","res":"unsolved"},{"d":"2025-07-19","day":"Sat","time":"22:10","desc":"Assault, Aggravated - Deadly Weapon - Int/Kn","res":"closed"},{"d":"2025-07-02","day":"Wed","time":"18:35","desc":"INTENTIONAL AGGRAVATED ASSAULT","res":"unsolved"}]}},{"type":"Feature","geometry":{"type":"Polygon","coordinates":[[[-86.60688977414284,36.05669181172438],[-86.60543270754052,36.05795655969981],[-86.60607439798015,36.05972357451935],[-86.60817323416325,36.06022586020737],[-86.60963033994061,36.058961095844985],[-86.60898857036062,36.05719406218201],[-86.60688977414284,36.05669181172438],[-86.60688977414284,36.05669181172438]]]},"properties":{"h3":"89264d1636bffff","count":2,"c3":0,"c6":0,"c12":0,"c24":2,"score":0.9,"risk":4,"peakDay":"Friday","peakTime":"night","hood":"","bk12":{"morning":0,"afternoon":0,"evening":0,"night":0},"bk24":{"morning":0,"afternoon":1,"evening":0,"night":1},"recent":[{"d":"2025-09-18","day":"Thu","time":"16:10","desc":"INTENTIONAL AGGRAVATED ASSAULT","res":"closed"},{"d":"2025-07-04","day":"Fri","time":"04:30","desc":"INTENTIONAL AGGRAVATED ASSAULT","res":"closed"}]}},{"type":"Feature","geometry":{"type":"Polygon","coordinates":[[[-86.65972188593538,36.05963991163354],[-86.65826463848101,36.06090559456131],[-86.65890759298513,36.06267278058209],[-86.66100787408136,36.06317430243082],[-86.66246516058733,36.06190860307607],[-86.66182212694625,36.060141398300054],[-86.65972188593538,36.05963991163354],[-86.65972188593538,36.05963991163354]]]},"properties":{"h3":"89264d17327ffff","count":1,"c3":0,"c6":0,"c12":0,"c24":1,"score":0.4,"risk":2,"peakDay":"Sunday","peakTime":"night","hood":"","bk12":{"morning":0,"afternoon":0,"evening":0,"night":0},"bk24":{"morning":0,"afternoon":0,"evening":0,"night":1},"recent":[{"d":"2025-07-06","day":"Sun","time":"04:20","desc":"ROBBERY- CARJACKING","res":"unsolved"}]}},{"type":"Feature","geometry":{"type":"Polygon","coordinates":[[[-86.70038151711077,36.308000909500414],[-86.69892066398357,36.30926355671227],[-86.69956612337788,36.31102897427228],[-86.70167251541135,36.31153176328705],[-86.7031334076805,36.31026909981027],[-86.70248786877507,36.30850366358413],[-86.70038151711077,36.308000909500414],[-86.70038151711077,36.308000909500414]]]},"properties":{"h3":"89264d885c7ffff","count":1,"c3":0,"c6":0,"c12":0,"c24":1,"score":0.4,"risk":2,"peakDay":"Tuesday","peakTime":"night","hood":"","bk12":{"morning":0,"afternoon":0,"evening":0,"night":0},"bk24":{"morning":0,"afternoon":0,"evening":0,"night":1},"recent":[{"d":"2025-07-08","day":"Tue","time":"02:31","desc":"INTENTIONAL AGGRAVATED ASSAULT","res":"unsolved"}]}},{"type":"Feature","geometry":{"type":"Polygon","coordinates":[[[-86.69834431158273,36.26561365950231],[-86.69688406260069,36.26687691868435],[-86.69752920928282,36.268642660634576],[-86.6996346843941,36.26914516207672],[-86.70109497249095,36.267881886598396],[-86.70044974636251,36.266116125974676],[-86.69834431158273,36.26561365950231],[-86.69834431158273,36.26561365950231]]]},"properties":{"h3":"89264d88c4bffff","count":3,"c3":0,"c6":0,"c12":0,"c24":3,"score":1.3,"risk":6,"peakDay":"Wednesday","peakTime":"afternoon","hood":"","bk12":{"morning":0,"afternoon":0,"evening":0,"night":0},"bk24":{"morning":0,"afternoon":2,"evening":1,"night":0},"recent":[{"d":"2025-07-22","day":"Tue","time":"19:00","desc":"Assault, Aggravated - Deadly Weapon - Int/Kn - In Concert","res":"closed"},{"d":"2025-07-21","day":"Mon","time":"15:45","desc":"Assault, Aggravated - Deadly Weapon - Int/Kn","res":"closed"},{"d":"2025-07-09","day":"Wed","time":"12:00","desc":"Assault, Aggravated - Deadly Weapon - Int/Kn","res":"closed"}]}},{"type":"Feature","geometry":{"type":"Polygon","coordinates":[[[-86.60607439798015,36.05972357451935],[-86.60461729094725,36.060988261348434],[-86.60525898091741,36.062755250248976],[-86.60735785706635,36.06325757116547],[-86.60881500327852,36.06199286795248],[-86.60817323416325,36.06022586020737],[-86.60607439798015,36.05972357451935],[-86.60607439798015,36.05972357451935]]]},"properties":{"h3":"89264d1637bffff","count":1,"c3":0,"c6":0,"c12":0,"c24":1,"score":0.4,"risk":2,"peakDay":"Thursday","peakTime":"afternoon","hood":"","bk12":{"morning":0,"afternoon":0,"evening":0,"night":0},"bk24":{"morning":0,"afternoon":1,"evening":0,"night":0},"recent":[{"d":"2025-07-10","day":"Thu","time":"12:20","desc":"INTENTIONAL AGGRAVATED ASSAULT","res":"closed"}]}},{"type":"Feature","geometry":{"type":"Polygon","coordinates":[[[-86.76091091795485,36.25795841855016],[-86.75945061746934,36.25922295535796],[-86.76009719338971,36.260988979466845],[-86.76220414922052,36.26149048533842],[-86.76366448866483,36.260225932178365],[-86.76301783332032,36.25845988949946],[-86.76091091795485,36.25795841855016],[-86.76091091795485,36.25795841855016]]]},"properties":{"h3":"89264d898d7ffff","count":3,"c3":0,"c6":0,"c12":0,"c24":3,"score":1.3,"risk":7,"peakDay":"Tuesday","peakTime":"evening","hood":"","bk12":{"morning":0,"afternoon":0,"evening":0,"night":0},"bk24":{"morning":0,"afternoon":0,"evening":2,"night":1},"recent":[{"d":"2025-08-19","day":"Tue","time":"21:01","desc":"INTENTIONAL AGGRAVATED ASSAULT","res":"unsolved"},{"d":"2025-08-05","day":"Tue","time":"00:00","desc":"INTENTIONAL AGGRAVATED ASSAULT","res":"unsolved"},{"d":"2025-07-11","day":"Fri","time":"19:00","desc":"ASSAULT, AGGRAVATED - DEADLY WEAPON - INT/KN FROM MOT VEH","res":"unsolved"}]}},{"type":"Feature","geometry":{"type":"Polygon","coordinates":[[[-86.62977970731497,36.008912463563945],[-86.628323250901,36.01017836037452],[-86.62896518545155,36.01194581941953],[-86.63106365548101,36.012447400463365],[-86.6325201509796,36.011181487209626],[-86.63187813736491,36.00941400935567],[-86.62977970731497,36.008912463563945],[-86.62977970731497,36.008912463563945]]]},"properties":{"h3":"89264d14323ffff","count":1,"c3":0,"c6":0,"c12":0,"c24":1,"score":0.4,"risk":2,"peakDay":"Saturday","peakTime":"night","hood":"","bk12":{"morning":0,"afternoon":0,"evening":0,"night":0},"bk24":{"morning":0,"afternoon":0,"evening":0,"night":1},"recent":[{"d":"2025-07-12","day":"Sat","time":"01:30","desc":"Assault, Aggravated - Deadly Weapon - Reckless","res":"unsolved"}]}},{"type":"Feature","geometry":{"type":"Polygon","coordinates":[[[-86.7224911533171,36.26331436618937],[-86.72103087483433,36.26457810853595],[-86.7216765772885,36.266343954536524],[-86.72378263766501,36.266846076824535],[-86.72524295520287,36.26558231816056],[-86.72459717330992,36.26381645352646],[-86.7224911533171,36.26331436618937],[-86.7224911533171,36.26331436618937]]]},"properties":{"h3":"89264d88e5bffff","count":2,"c3":0,"c6":0,"c12":0,"c24":2,"score":0.9,"risk":4,"peakDay":"Saturday","peakTime":"night","hood":"","bk12":{"morning":0,"afternoon":0,"evening":0,"night":0},"bk24":{"morning":0,"afternoon":0,"evening":1,"night":1},"recent":[{"d":"2025-09-03","day":"Wed","time":"20:37","desc":"INTENTIONAL AGGRAVATED ASSAULT","res":"closed"},{"d":"2025-07-12","day":"Sat","time":"04:00","desc":"AGGRAV ASSLT - FAMILY-WEAPON","res":"closed"}]}},{"type":"Feature","geometry":{"type":"Polygon","coordinates":[[[-86.63593411533157,36.07331930339332],[-86.63447673813559,36.07458433759049],[-86.63511921649602,36.07635133308015],[-86.63721915121467,36.076853313166886],[-86.63867656752919,36.07558826257259],[-86.63803401000727,36.07382124828914],[-86.63593411533157,36.07331930339332],[-86.63593411533157,36.07331930339332]]]},"properties":{"h3":"89264d171abffff","count":2,"c3":0,"c6":0,"c12":0,"c24":2,"score":0.8,"risk":4,"peakDay":"Saturday","peakTime":"night","hood":"","bk12":{"morning":0,"afternoon":0,"evening":0,"night":0},"bk24":{"morning":0,"afternoon":0,"evening":0,"night":2},"recent":[{"d":"2025-07-12","day":"Sat","time":"04:14","desc":"ROBBERY","res":"closed"},{"d":"2025-07-12","day":"Sat","time":"04:14","desc":"INTENTIONAL AGGRAVATED ASSAULT","res":"closed"}]}},{"type":"Feature","geometry":{"type":"Polygon","coordinates":[[[-86.70853319687355,36.277715410242784],[-86.70707275076852,36.27897867308519],[-86.70771821356568,36.28074435688875],[-86.70982420193192,36.281246796505826],[-86.71128468713644,36.27998351736843],[-86.71063914487603,36.278217814909425],[-86.70853319687355,36.277715410242784],[-86.70853319687355,36.277715410242784]]]},"properties":{"h3":"89264d88173ffff","count":1,"c3":0,"c6":0,"c12":0,"c24":1,"score":0.4,"risk":2,"peakDay":"Saturday","peakTime":"morning","hood":"","bk12":{"morning":0,"afternoon":0,"evening":0,"night":0},"bk24":{"morning":1,"afternoon":0,"evening":0,"night":0},"recent":[{"d":"2025-07-12","day":"Sat","time":"09:00","desc":"Assault, Aggravated - Strangulation - Int/Kn","res":"unsolved"}]}},{"type":"Feature","geometry":{"type":"Polygon","coordinates":[[[-86.95045388488467,36.07698545635843],[-86.9489956676205,36.0782562577045],[-86.94964557956462,36.08002434479992],[-86.95175378788625,36.08052164881833],[-86.95321204351734,36.07925083082844],[-86.95256205246068,36.077482725464456],[-86.95045388488467,36.07698545635843],[-86.95045388488467,36.07698545635843]]]},"properties":{"h3":"89264d19dd7ffff","count":1,"c3":0,"c6":0,"c12":0,"c24":1,"score":0.4,"risk":2,"peakDay":"Saturday","peakTime":"morning","hood":"","bk12":{"morning":0,"afternoon":0,"evening":0,"night":0},"bk24":{"morning":1,"afternoon":0,"evening":0,"night":0},"recent":[{"d":"2025-07-12","day":"Sat","time":"09:15","desc":"INTENTIONAL AGGRAVATED ASSAULT","res":"unsolved"}]}},{"type":"Feature","geometry":{"type":"Polygon","coordinates":[[[-86.75841426373897,36.1670589665463],[-86.75695525121294,36.16832484517866],[-86.75760120079332,36.17009156579856],[-86.7597062421858,36.17059242636871],[-86.76116529360829,36.16932653131509],[-86.76051926474268,36.16755979211307],[-86.75841426373897,36.1670589665463],[-86.75841426373897,36.1670589665463]]]},"properties":{"h3":"89264d1040fffff","count":20,"c3":0,"c6":0,"c12":6,"c24":20,"score":10,"risk":50,"peakDay":"Saturday","peakTime":"night","hood":"","bk12":{"morning":2,"afternoon":2,"evening":1,"night":1},"bk24":{"morning":6,"afternoon":4,"evening":4,"night":6},"recent":[{"d":"2026-03-05","day":"Thu","time":"11:00","desc":"INTENTIONAL AGGRAVATED ASSAULT","res":"unsolved"},{"d":"2026-03-05","day":"Thu","time":"10:00","desc":"AGGRAV ASSLT - NONFAMILY-WEAPON","res":"unsolved"},{"d":"2026-02-17","day":"Tue","time":"16:53","desc":"INTENTIONAL AGGRAVATED ASSAULT","res":"unsolved"},{"d":"2025-11-09","day":"Sun","time":"00:00","desc":"INTENTIONAL AGGRAVATED ASSAULT","res":"closed"},{"d":"2025-11-06","day":"Thu","time":"21:00","desc":"INTENTIONAL AGGRAVATED ASSAULT","res":"closed"},{"d":"2025-10-10","day":"Fri","time":"12:44","desc":"INTENTIONAL AGGRAVATED ASSAULT","res":"closed"},{"d":"2025-09-28","day":"Sun","time":"01:20","desc":"ROBBERY, AGGRAVATED, KNIFE","res":"unsolved"},{"d":"2025-09-27","day":"Sat","time":"05:27","desc":"AGGRAV ASSLT - FAMILY-GUN","res":"closed"},{"d":"2025-09-12","day":"Fri","time":"23:00","desc":"ROBBERY","res":"unsolved"},{"d":"2025-09-12","day":"Fri","time":"18:30","desc":"INTENTIONAL AGGRAVATED ASSAULT","res":"unsolved"}]}},{"type":"Feature","geometry":{"type":"Polygon","coordinates":[[[-86.7776201826876,36.24581165440993],[-86.7761600115502,36.247076686787835],[-86.77680690588697,36.248842864715854],[-86.77891405076457,36.24934402880974],[-86.78037426081148,36.24807898005679],[-86.77972728707208,36.24631278358549],[-86.7776201826876,36.24581165440993],[-86.7776201826876,36.24581165440993]]]},"properties":{"h3":"89264d89abbffff","count":1,"c3":0,"c6":0,"c12":0,"c24":1,"score":0.4,"risk":2,"peakDay":"Saturday","peakTime":"night","hood":"","bk12":{"morning":0,"afternoon":0,"evening":0,"night":0},"bk24":{"morning":0,"afternoon":0,"evening":0,"night":1},"recent":[{"d":"2025-07-12","day":"Sat","time":"22:50","desc":"ROBBERY","res":"closed"}]}},{"type":"Feature","geometry":{"type":"Polygon","coordinates":[[[-86.74276566411271,36.25041359257758],[-86.74130551608049,36.251677908379925],[-86.74195161658203,36.25344392707081],[-86.74405794453226,36.25394564856074],[-86.7455181315612,36.25268131641473],[-86.74487195164403,36.250915279122935],[-86.74276566411271,36.25041359257758],[-86.74276566411271,36.25041359257758]]]},"properties":{"h3":"89264d89d7bffff","count":1,"c3":0,"c6":0,"c12":0,"c24":1,"score":0.4,"risk":2,"peakDay":"Sunday","peakTime":"afternoon","hood":"","bk12":{"morning":0,"afternoon":0,"evening":0,"night":0},"bk24":{"morning":0,"afternoon":1,"evening":0,"night":0},"recent":[{"d":"2025-07-13","day":"Sun","time":"13:30","desc":"INTENTIONAL AGGRAVATED ASSAULT","res":"closed"}]}},{"type":"Feature","geometry":{"type":"Polygon","coordinates":[[[-86.62800474386003,36.07787706512788],[-86.62654732352735,36.07914188303953],[-86.62718964311937,36.08090881494593],[-86.62928946221447,36.08141094774779],[-86.63074692168802,36.08014611344898],[-86.6301045229264,36.07837916273595],[-86.62800474386003,36.07787706512788],[-86.62800474386003,36.07787706512788]]]},"properties":{"h3":"89264d1624fffff","count":1,"c3":0,"c6":0,"c12":0,"c24":1,"score":0.4,"risk":2,"peakDay":"Sunday","peakTime":"afternoon","hood":"","bk12":{"morning":0,"afternoon":0,"evening":0,"night":0},"bk24":{"morning":0,"afternoon":1,"evening":0,"night":0},"recent":[{"d":"2025-07-13","day":"Sun","time":"13:48","desc":"Assault, Aggravated - Deadly Weapon - Reckless","res":"unsolved"}]}},{"type":"Feature","geometry":{"type":"Polygon","coordinates":[[[-86.81640246022442,36.18890543393095],[-86.81494299458677,36.19017205384541],[-86.81559044808571,36.1919388108056],[-86.8176974465317,36.19243896633542],[-86.81915695094284,36.191172329970655],[-86.81850941813532,36.189405554526886],[-86.81640246022442,36.18890543393095],[-86.81640246022442,36.18890543393095]]]},"properties":{"h3":"89264d13223ffff","count":3,"c3":0,"c6":0,"c12":1,"c24":3,"score":1.5,"risk":7,"peakDay":"Sunday","peakTime":"afternoon","hood":"","bk12":{"morning":0,"afternoon":0,"evening":1,"night":0},"bk24":{"morning":0,"afternoon":1,"evening":1,"night":1},"recent":[{"d":"2026-02-13","day":"Fri","time":"21:32","desc":"Assault, Aggravated - Deadly Weapon - Int/Kn","res":"closed"},{"d":"2025-07-23","day":"Wed","time":"04:00","desc":"INTENTIONAL AGGRAVATED ASSAULT","res":"closed"},{"d":"2025-07-13","day":"Sun","time":"16:13","desc":"Assault, Aggravated - Deadly Weapon - Int/Kn","res":"closed"}]}},{"type":"Feature","geometry":{"type":"Polygon","coordinates":[[[-86.63645120453252,36.0589213606493],[-86.6349940283049,36.0601866230266],[-86.63563642966362,36.06195372947386],[-86.63773608639016,36.062455592338324],[-86.63919330172422,36.0611903135521],[-86.63855082122608,36.05942318831081],[-86.63645120453252,36.0589213606493],[-86.63645120453252,36.0589213606493]]]},"properties":{"h3":"89264d1444bffff","count":2,"c3":0,"c6":0,"c12":1,"c24":2,"score":1,"risk":5,"peakDay":"Sunday","peakTime":"evening","hood":"","bk12":{"morning":0,"afternoon":0,"evening":1,"night":0},"bk24":{"morning":0,"afternoon":0,"evening":2,"night":0},"recent":[{"d":"2025-12-25","day":"Thu","time":"20:40","desc":"INTENTIONAL AGGRAVATED ASSAULT","res":"closed"},{"d":"2025-07-13","day":"Sun","time":"17:40","desc":"INTENTIONAL AGGRAVATED ASSAULT","res":"closed"}]}},{"type":"Feature","geometry":{"type":"Polygon","coordinates":[[[-86.69052676770939,36.007271747280235],[-86.68907017519341,36.00853879472124],[-86.68971353121879,36.01030648830834],[-86.6918135588133,36.01080715316275],[-86.69327019026814,36.00954008922875],[-86.6926267551904,36.00777237693382],[-86.69052676770939,36.007271747280235],[-86.69052676770939,36.007271747280235]]]},"properties":{"h3":"89264d15e57ffff","count":1,"c3":0,"c6":0,"c12":0,"c24":1,"score":0.4,"risk":2,"peakDay":"Sunday","peakTime":"evening","hood":"","bk12":{"morning":0,"afternoon":0,"evening":0,"night":0},"bk24":{"morning":0,"afternoon":0,"evening":1,"night":0},"recent":[{"d":"2025-07-13","day":"Sun","time":"18:00","desc":"INTENTIONAL AGGRAVATED ASSAULT","res":"unsolved"}]}},{"type":"Feature","geometry":{"type":"Polygon","coordinates":[[[-86.66927908644797,36.04901152085059],[-86.66782196331376,36.050277542178165],[-86.66846507725201,36.05204484347653],[-86.67056539344453,36.05254614218795],[-86.6720225555996,36.05128010441735],[-86.67137936254205,36.04951278437887],[-86.66927908644797,36.04901152085059],[-86.66927908644797,36.04901152085059]]]},"properties":{"h3":"89264d15517ffff","count":1,"c3":0,"c6":0,"c12":0,"c24":1,"score":0.4,"risk":2,"peakDay":"Sunday","peakTime":"evening","hood":"","bk12":{"morning":0,"afternoon":0,"evening":0,"night":0},"bk24":{"morning":0,"afternoon":0,"evening":1,"night":0},"recent":[{"d":"2025-07-13","day":"Sun","time":"19:55","desc":"Assault, Aggravated - Deadly Weapon - Int/Kn","res":"unsolved"}]}},{"type":"Feature","geometry":{"type":"Polygon","coordinates":[[[-86.68350913445816,36.045951361485315],[-86.68205201724241,36.04721769295381],[-86.68269544764749,36.04898506917749],[-86.68479607438152,36.04948613264981],[-86.68625323058191,36.04821978472452],[-86.68560972106441,36.04645238978418],[-86.68350913445816,36.045951361485315],[-86.68350913445816,36.045951361485315]]]},"properties":{"h3":"89264d1554fffff","count":1,"c3":0,"c6":0,"c12":0,"c24":1,"score":0.4,"risk":2,"peakDay":"Sunday","peakTime":"night","hood":"","bk12":{"morning":0,"afternoon":0,"evening":0,"night":0},"bk24":{"morning":0,"afternoon":0,"evening":0,"night":1},"recent":[{"d":"2025-07-13","day":"Sun","time":"22:40","desc":"Assault, Aggravated - Deadly Weapon - Int/Kn","res":"closed"}]}},{"type":"Feature","geometry":{"type":"Polygon","coordinates":[[[-86.71097790064456,36.26862804173285],[-86.7095175766139,36.26989148913772],[-86.71016304041021,36.27165725264989],[-86.71226890768686,36.27215958740988],[-86.71372927080428,36.27089612370099],[-86.7130837275591,36.26913034153662],[-86.71097790064456,36.26862804173285],[-86.71097790064456,36.26862804173285]]]},"properties":{"h3":"89264d88ed7ffff","count":6,"c3":0,"c6":0,"c12":2,"c24":6,"score":2.9,"risk":15,"peakDay":"Sunday","peakTime":"evening","hood":"","bk12":{"morning":1,"afternoon":0,"evening":1,"night":0},"bk24":{"morning":1,"afternoon":0,"evening":3,"night":2},"recent":[{"d":"2026-01-01","day":"Thu","time":"20:45","desc":"INTENTIONAL AGGRAVATED ASSAULT","res":"unsolved"},{"d":"2025-11-10","day":"Mon","time":"09:47","desc":"ROBBERY, AGGRAVATED, HANDGUN","res":"unsolved"},{"d":"2025-09-24","day":"Wed","time":"19:10","desc":"INTENTIONAL AGGRAVATED ASSAULT","res":"unsolved"},{"d":"2025-08-15","day":"Fri","time":"18:14","desc":"Assault, Aggravated - Deadly Weapon - Int/Kn","res":"unsolved"},{"d":"2025-07-29","day":"Tue","time":"01:00","desc":"ROBBERY","res":"unsolved"},{"d":"2025-07-13","day":"Sun","time":"23:20","desc":"Assault, Aggravated - Deadly Weapon - Int/Kn","res":"unsolved"}]}},{"type":"Feature","geometry":{"type":"Polygon","coordinates":[[[-86.6993635630782,36.23684206748579],[-86.69790371762197,36.23810578591623],[-86.69854870892931,36.23987175554426],[-86.70065362509571,36.240374025416735],[-86.70211350964254,36.23911029066676],[-86.70146843893322,36.23734430236432],[-86.6993635630782,36.23684206748579],[-86.6993635630782,36.23684206748579]]]},"properties":{"h3":"89264d8886bffff","count":1,"c3":0,"c6":0,"c12":0,"c24":1,"score":0.4,"risk":2,"peakDay":"Monday","peakTime":"night","hood":"","bk12":{"morning":0,"afternoon":0,"evening":0,"night":0},"bk24":{"morning":0,"afternoon":0,"evening":0,"night":1},"recent":[{"d":"2025-07-14","day":"Mon","time":"00:00","desc":"INTENTIONAL AGGRAVATED ASSAULT","res":"unsolved"}]}},{"type":"Feature","geometry":{"type":"Polygon","coordinates":[[[-86.85953346512679,36.12813937740425],[-86.85807474847834,36.129407720936406],[-86.85872283893941,36.13117509855449],[-86.86082972525764,36.13167415105751],[-86.86228848053034,36.13040579099331],[-86.86164031086142,36.128638394958635],[-86.85953346512679,36.12813937740425],[-86.85953346512679,36.12813937740425]]]},"properties":{"h3":"89264d1ac17ffff","count":1,"c3":0,"c6":0,"c12":0,"c24":1,"score":0.4,"risk":2,"peakDay":"Monday","peakTime":"night","hood":"","bk12":{"morning":0,"afternoon":0,"evening":0,"night":0},"bk24":{"morning":0,"afternoon":0,"evening":0,"night":1},"recent":[{"d":"2025-07-14","day":"Mon","time":"02:44","desc":"INTENTIONAL AGGRAVATED ASSAULT","res":"unsolved"}]}},{"type":"Feature","geometry":{"type":"Polygon","coordinates":[[[-86.92372500594959,36.11426915515652],[-86.92226632870809,36.11553889684883],[-86.92291584462907,36.11730660506338],[-86.925024116967,36.11780458989657],[-86.92648283266759,36.11653483161073],[-86.925833237572,36.11476710508574],[-86.92372500594959,36.11426915515652],[-86.92372500594959,36.11426915515652]]]},"properties":{"h3":"89264d1854fffff","count":1,"c3":0,"c6":0,"c12":0,"c24":1,"score":0.4,"risk":2,"peakDay":"Monday","peakTime":"morning","hood":"","bk12":{"morning":0,"afternoon":0,"evening":0,"night":0},"bk24":{"morning":1,"afternoon":0,"evening":0,"night":0},"recent":[{"d":"2025-07-14","day":"Mon","time":"07:15","desc":"INTENTIONAL AGGRAVATED ASSAULT","res":"closed"}]}},{"type":"Feature","geometry":{"type":"Polygon","coordinates":[[[-86.77129926084216,36.24430809970723],[-86.76983912681571,36.24557303791072],[-86.7704858625927,36.247339205244586],[-86.77259281179835,36.2478404529294],[-86.77405298474838,36.246575498354744],[-86.77340616956998,36.244809312466934],[-86.77129926084216,36.24430809970723],[-86.77129926084216,36.24430809970723]]]},"properties":{"h3":"89264d89ab7ffff","count":2,"c3":0,"c6":0,"c12":1,"c24":2,"score":1,"risk":5,"peakDay":"Monday","peakTime":"morning","hood":"","bk12":{"morning":0,"afternoon":1,"evening":0,"night":0},"bk24":{"morning":1,"afternoon":1,"evening":0,"night":0},"recent":[{"d":"2026-01-21","day":"Wed","time":"12:00","desc":"Assault, Aggravated - Strangulation - Int/Kn","res":"closed"},{"d":"2025-07-14","day":"Mon","time":"08:00","desc":"INTENTIONAL AGGRAVATED ASSAULT","res":"closed"}]}},{"type":"Feature","geometry":{"type":"Polygon","coordinates":[[[-86.823854632388,36.198739427928764],[-86.82239500971103,36.20000603589075],[-86.82304270042083,36.201772742787455],[-86.82515009313079,36.20227286019295],[-86.82660975457068,36.201006235782444],[-86.82596198453852,36.19923951041544],[-86.823854632388,36.198739427928764],[-86.823854632388,36.198739427928764]]]},"properties":{"h3":"89264d1321bffff","count":2,"c3":0,"c6":0,"c12":0,"c24":2,"score":0.9,"risk":4,"peakDay":"Monday","peakTime":"afternoon","hood":"","bk12":{"morning":0,"afternoon":0,"evening":0,"night":0},"bk24":{"morning":0,"afternoon":1,"evening":1,"night":0},"recent":[{"d":"2025-08-30","day":"Sat","time":"20:15","desc":"AGGRAV ASSLT - FAMILY-GUN","res":"closed"},{"d":"2025-07-14","day":"Mon","time":"12:00","desc":"INTENTIONAL AGGRAVATED ASSAULT","res":"closed"}]}},{"type":"Feature","geometry":{"type":"Polygon","coordinates":[[[-86.7898624271803,36.13743084326738],[-86.78840375251114,36.138697755648764],[-86.78905025888538,36.14046481612301],[-86.79115551916412,36.14096498274846],[-86.79261423263206,36.13969805389756],[-86.79196764702328,36.13793097489119],[-86.7898624271803,36.13743084326738],[-86.7898624271803,36.13743084326738]]]},"properties":{"h3":"89264d10277ffff","count":8,"c3":0,"c6":0,"c12":2,"c24":8,"score":3.8,"risk":19,"peakDay":"Monday","peakTime":"evening","hood":"","bk12":{"morning":0,"afternoon":0,"evening":1,"night":1},"bk24":{"morning":0,"afternoon":2,"evening":3,"night":3},"recent":[{"d":"2026-03-07","day":"Sat","time":"00:50","desc":"INTENTIONAL AGGRAVATED ASSAULT","res":"unsolved"},{"d":"2025-10-11","day":"Sat","time":"20:45","desc":"INTENTIONAL AGGRAVATED ASSAULT","res":"unsolved"},{"d":"2025-09-22","day":"Mon","time":"23:00","desc":"Assault, Aggravated - Deadly Weapon - Int/Kn","res":"unsolved"},{"d":"2025-08-14","day":"Thu","time":"17:30","desc":"INTENTIONAL AGGRAVATED ASSAULT","res":"unsolved"},{"d":"2025-08-06","day":"Wed","time":"22:51","desc":"INTENTIONAL AGGRAVATED ASSAULT","res":"unsolved"},{"d":"2025-08-03","day":"Sun","time":"20:00","desc":"ROBBERY","res":"unsolved"},{"d":"2025-07-16","day":"Wed","time":"16:45","desc":"AGGRAV ASSLT - FAMILY-GUN","res":"unsolved"},{"d":"2025-07-14","day":"Mon","time":"15:06","desc":"INTENTIONAL AGGRAVATED ASSAULT","res":"unsolved"}]}},{"type":"Feature","geometry":{"type":"Polygon","coordinates":[[[-86.66572176488107,36.049776219856966],[-86.66426464029631,36.05104216364906],[-86.66490767511357,36.05280944620144],[-86.66700791363736,36.0533108037082],[-86.66846507725201,36.05204484347653],[-86.66782196331376,36.050277542178165],[-86.66572176488107,36.049776219856966],[-86.66572176488107,36.049776219856966]]]},"properties":{"h3":"89264d155bbffff","count":1,"c3":0,"c6":0,"c12":0,"c24":1,"score":0.4,"risk":2,"peakDay":"Monday","peakTime":"afternoon","hood":"","bk12":{"morning":0,"afternoon":0,"evening":0,"night":0},"bk24":{"morning":0,"afternoon":1,"evening":0,"night":0},"recent":[{"d":"2025-07-14","day":"Mon","time":"16:20","desc":"INTENTIONAL AGGRAVATED ASSAULT","res":"closed"}]}},{"type":"Feature","geometry":{"type":"Polygon","coordinates":[[[-86.6320796340468,36.06271700910664],[-86.6306224160197,36.0639821328063],[-86.63126473780251,36.065749194518084],[-86.63336435675906,36.066251151331706],[-86.6348216139059,36.06498601122966],[-86.63417921297723,36.063218930716836],[-86.6320796340468,36.06271700910664],[-86.6320796340468,36.06271700910664]]]},"properties":{"h3":"89264d14453ffff","count":1,"c3":0,"c6":0,"c12":0,"c24":1,"score":0.4,"risk":2,"peakDay":"Monday","peakTime":"afternoon","hood":"","bk12":{"morning":0,"afternoon":0,"evening":0,"night":0},"bk24":{"morning":0,"afternoon":1,"evening":0,"night":0},"recent":[{"d":"2025-07-14","day":"Mon","time":"16:54","desc":"INTENTIONAL AGGRAVATED ASSAULT","res":"closed"}]}},{"type":"Feature","geometry":{"type":"Polygon","coordinates":[[[-86.63889528383339,36.049823731913904],[-86.63743822897237,36.05108917765473],[-86.63808063161464,36.05285636185422],[-86.64018016824386,36.053358119104054],[-86.64163726219869,36.052092656945156],[-86.64099478043126,36.05032545395499],[-86.63889528383339,36.049823731913904],[-86.63889528383339,36.049823731913904]]]},"properties":{"h3":"89264d146afffff","count":1,"c3":0,"c6":0,"c12":0,"c24":1,"score":0.4,"risk":2,"peakDay":"Monday","peakTime":"evening","hood":"","bk12":{"morning":0,"afternoon":0,"evening":0,"night":0},"bk24":{"morning":0,"afternoon":0,"evening":1,"night":0},"recent":[{"d":"2025-07-14","day":"Mon","time":"18:12","desc":"INTENTIONAL AGGRAVATED ASSAULT","res":"closed"}]}},{"type":"Feature","geometry":{"type":"Polygon","coordinates":[[[-86.69895931421539,36.08836569501139],[-86.69750156101613,36.08963166911224],[-86.69814561887308,36.091398779445626],[-86.70024750910474,36.091899934366275],[-86.70170530128362,36.09063394382977],[-86.701061164252,36.088866814808746],[-86.69895931421539,36.08836569501139],[-86.69895931421539,36.08836569501139]]]},"properties":{"h3":"89264d1725bffff","count":9,"c3":0,"c6":0,"c12":3,"c24":9,"score":4.5,"risk":23,"peakDay":"Tuesday","peakTime":"evening","hood":"","bk12":{"morning":1,"afternoon":1,"evening":1,"night":0},"bk24":{"morning":3,"afternoon":1,"evening":4,"night":1},"recent":[{"d":"2026-01-13","day":"Tue","time":"13:42","desc":"INTENTIONAL AGGRAVATED ASSAULT","res":"unsolved"},{"d":"2026-01-07","day":"Wed","time":"07:22","desc":"AGGRAV ASSLT - NONFAMILY-GUN","res":"unsolved"},{"d":"2025-12-30","day":"Tue","time":"19:08","desc":"Assault, Aggravated - Deadly Weapon - Reckless","res":"unsolved"},{"d":"2025-09-24","day":"Wed","time":"06:50","desc":"Assault, Aggravated - Deadly Weapon - Int/Kn","res":"unsolved"},{"d":"2025-09-12","day":"Fri","time":"21:15","desc":"INTENTIONAL AGGRAVATED ASSAULT","res":"unsolved"},{"d":"2025-08-28","day":"Thu","time":"20:30","desc":"INTENTIONAL AGGRAVATED ASSAULT","res":"unsolved"},{"d":"2025-08-19","day":"Tue","time":"22:55","desc":"Assault, Aggravated - Deadly Weapon - Reckless","res":"unsolved"},{"d":"2025-08-18","day":"Mon","time":"11:51","desc":"INTENTIONAL AGGRAVATED ASSAULT","res":"unsolved"},{"d":"2025-07-14","day":"Mon","time":"21:30","desc":"ROBBERY, AGGRAVATED, HANDGUN","res":"unsolved"}]}},{"type":"Feature","geometry":{"type":"Polygon","coordinates":[[[-86.74311184047747,36.09888341737736],[-86.74165382613694,36.10015004983941],[-86.74229899029649,36.101917238925964],[-86.74440224798087,36.102417814164184],[-86.74586030120338,36.101151165239536],[-86.7452150578603,36.09938395753977],[-86.74311184047747,36.09888341737736],[-86.74311184047747,36.09888341737736]]]},"properties":{"h3":"89264d1085bffff","count":1,"c3":0,"c6":0,"c12":0,"c24":1,"score":0.4,"risk":2,"peakDay":"Tuesday","peakTime":"morning","hood":"","bk12":{"morning":0,"afternoon":0,"evening":0,"night":0},"bk24":{"morning":1,"afternoon":0,"evening":0,"night":0},"recent":[{"d":"2025-07-15","day":"Tue","time":"05:00","desc":"INTENTIONAL AGGRAVATED ASSAULT","res":"closed"}]}},{"type":"Feature","geometry":{"type":"Polygon","coordinates":[[[-86.78774085085236,36.15790063211814],[-86.78628189339223,36.15916719361176],[-86.78692847743298,36.16093408899053],[-86.7890340982009,36.16143444141019],[-86.79049309448021,36.160167863464814],[-86.78984643117326,36.15840094955203],[-86.78774085085236,36.15790063211814],[-86.78774085085236,36.15790063211814]]]},"properties":{"h3":"89264d10663ffff","count":9,"c3":0,"c6":0,"c12":2,"c24":9,"score":4.4,"risk":22,"peakDay":"Friday","peakTime":"morning","hood":"","bk12":{"morning":1,"afternoon":0,"evening":0,"night":1},"bk24":{"morning":4,"afternoon":2,"evening":0,"night":3},"recent":[{"d":"2026-02-07","day":"Sat","time":"00:00","desc":"INTENTIONAL AGGRAVATED ASSAULT","res":"unsolved"},{"d":"2026-01-19","day":"Mon","time":"11:00","desc":"INTENTIONAL AGGRAVATED ASSAULT","res":"unsolved"},{"d":"2025-09-05","day":"Fri","time":"10:00","desc":"Assault, Aggravated - Deadly Weapon - Int/Kn","res":"unsolved"},{"d":"2025-08-25","day":"Mon","time":"15:40","desc":"INTENTIONAL AGGRAVATED ASSAULT","res":"unsolved"},{"d":"2025-08-17","day":"Sun","time":"03:50","desc":"ROBBERY","res":"unsolved"},{"d":"2025-08-13","day":"Wed","time":"16:19","desc":"INTENTIONAL AGGRAVATED ASSAULT","res":"unsolved"},{"d":"2025-07-18","day":"Fri","time":"06:40","desc":"ASSAULT, AGGRAVATED - DEADLY WEAPON - INT/KN FROM MOT VEH","res":"unsolved"},{"d":"2025-07-17","day":"Thu","time":"01:30","desc":"INTENTIONAL AGGRAVATED ASSAULT","res":"unsolved"},{"d":"2025-07-15","day":"Tue","time":"05:45","desc":"INTENTIONAL AGGRAVATED ASSAULT","res":"unsolved"}]}},{"type":"Feature","geometry":{"type":"Polygon","coordinates":[[[-86.75784553726777,36.24433113429729],[-86.75638543685717,36.24559582274047],[-86.75703185527956,36.247361942305744],[-86.75913845351714,36.247863392004646],[-86.76059859288368,36.24659868720104],[-86.75995209505753,36.24483254905943],[-86.75784553726777,36.24433113429729],[-86.75784553726777,36.24433113429729]]]},"properties":{"h3":"89264d8983bffff","count":2,"c3":0,"c6":0,"c12":0,"c24":2,"score":0.9,"risk":4,"peakDay":"Tuesday","peakTime":"morning","hood":"","bk12":{"morning":0,"afternoon":0,"evening":0,"night":0},"bk24":{"morning":1,"afternoon":1,"evening":0,"night":0},"recent":[{"d":"2025-07-30","day":"Wed","time":"13:45","desc":"INTENTIONAL AGGRAVATED ASSAULT","res":"closed"},{"d":"2025-07-15","day":"Tue","time":"10:45","desc":"Assault, Officer/Responder -Agg -Deadly Weapon - Int/Kn","res":"closed"}]}},{"type":"Feature","geometry":{"type":"Polygon","coordinates":[[[-86.66897771531812,36.03764244461742],[-86.66752075262836,36.03890863274138],[-86.66816378899829,36.04067601887633],[-86.67026386716081,36.041177235629284],[-86.67172086886359,36.039911031053556],[-86.67107775339164,36.03814362617711],[-86.66897771531812,36.03764244461742],[-86.66897771531812,36.03764244461742]]]},"properties":{"h3":"89264d1552fffff","count":2,"c3":0,"c6":0,"c12":1,"c24":2,"score":1.1,"risk":5,"peakDay":"Tuesday","peakTime":"afternoon","hood":"","bk12":{"morning":0,"afternoon":0,"evening":0,"night":1},"bk24":{"morning":0,"afternoon":1,"evening":0,"night":1},"recent":[{"d":"2026-02-08","day":"Sun","time":"01:00","desc":"ROBBERY, AGGRAVATED, HANDGUN","res":"unsolved"},{"d":"2025-07-15","day":"Tue","time":"13:50","desc":"Assault, Aggravated - Deadly Weapon - Int/Kn","res":"unsolved"}]}},{"type":"Feature","geometry":{"type":"Polygon","coordinates":[[[-86.83844390295008,36.20703969882555],[-86.83698412726274,36.208306450354044],[-86.83763221393481,36.21007314393304],[-86.83974015562748,36.210573104429265],[-86.84119997004875,36.20930633644711],[-86.84055180404428,36.20753962442286],[-86.83844390295008,36.20703969882555],[-86.83844390295008,36.20703969882555]]]},"properties":{"h3":"89264dc4d3bffff","count":5,"c3":0,"c6":0,"c12":2,"c24":5,"score":2.6,"risk":13,"peakDay":"Sunday","peakTime":"evening","hood":"","bk12":{"morning":1,"afternoon":0,"evening":0,"night":1},"bk24":{"morning":1,"afternoon":1,"evening":2,"night":1},"recent":[{"d":"2026-02-15","day":"Sun","time":"10:20","desc":"INTENTIONAL AGGRAVATED ASSAULT","res":"closed"},{"d":"2026-01-24","day":"Sat","time":"22:32","desc":"INTENTIONAL AGGRAVATED ASSAULT","res":"unsolved"},{"d":"2025-08-17","day":"Sun","time":"20:00","desc":"Assault, Aggravated - Deadly Weapon - Int/Kn","res":"closed"},{"d":"2025-08-04","day":"Mon","time":"21:21","desc":"INTENTIONAL AGGRAVATED ASSAULT","res":"closed"},{"d":"2025-07-15","day":"Tue","time":"15:30","desc":"ROBBERY, AGGRAVATED, OTHER","res":"closed"}]}},{"type":"Feature","geometry":{"type":"Polygon","coordinates":[[[-86.7569778969089,36.14735952006691],[-86.75551916538478,36.14862567215001],[-86.75616495829962,36.15039253935232],[-86.75826956199472,36.150893273058195],[-86.75972833240394,36.14962710453954],[-86.75908246023377,36.14786021875105],[-86.7569778969089,36.14735952006691],[-86.7569778969089,36.14735952006691]]]},"properties":{"h3":"89264d100abffff","count":4,"c3":0,"c6":0,"c12":1,"c24":4,"score":1.9,"risk":10,"peakDay":"Tuesday","peakTime":"night","hood":"","bk12":{"morning":0,"afternoon":0,"evening":0,"night":1},"bk24":{"morning":0,"afternoon":1,"evening":1,"night":2},"recent":[{"d":"2026-03-05","day":"Thu","time":"22:30","desc":"INTENTIONAL AGGRAVATED ASSAULT","res":"closed"},{"d":"2025-07-20","day":"Sun","time":"22:32","desc":"Assault, Aggravated - Deadly Weapon - Int/Kn","res":"closed"},{"d":"2025-07-19","day":"Sat","time":"18:45","desc":"Assault, Aggravated - Deadly Weapon - Int/Kn","res":"closed"},{"d":"2025-07-15","day":"Tue","time":"16:15","desc":"Assault, Aggravated - Deadly Weapon - Reckless","res":"closed"}]}},{"type":"Feature","geometry":{"type":"Polygon","coordinates":[[[-86.72051668913238,36.05800000226254],[-86.7190593071031,36.059266836731425],[-86.7197036845487,36.06103425570376],[-86.72180552314929,36.061534858861734],[-86.7232629440839,36.06026800791603],[-86.7226184875134,36.05850057028964],[-86.72051668913238,36.05800000226254],[-86.72051668913238,36.05800000226254]]]},"properties":{"h3":"89264d1560bffff","count":4,"c3":0,"c6":0,"c12":1,"c24":4,"score":1.9,"risk":10,"peakDay":"Tuesday","peakTime":"morning","hood":"","bk12":{"morning":1,"afternoon":0,"evening":0,"night":0},"bk24":{"morning":2,"afternoon":1,"evening":0,"night":1},"recent":[{"d":"2026-01-09","day":"Fri","time":"08:30","desc":"INTENTIONAL AGGRAVATED ASSAULT","res":"unsolved"},{"d":"2025-08-18","day":"Mon","time":"01:30","desc":"INTENTIONAL AGGRAVATED ASSAULT","res":"unsolved"},{"d":"2025-08-17","day":"Sun","time":"06:00","desc":"INTENTIONAL AGGRAVATED ASSAULT","res":"closed"},{"d":"2025-07-15","day":"Tue","time":"16:30","desc":"INTENTIONAL AGGRAVATED ASSAULT","res":"unsolved"}]}},{"type":"Feature","geometry":{"type":"Polygon","coordinates":[[[-87.01810269761059,36.088075848967144],[-87.01664416563612,36.089347732070806],[-87.01729573932386,36.09111596671854],[-87.01940592410268,36.09161233641762],[-87.02086449428839,36.090340436625816],[-87.02021284148488,36.088572183823565],[-87.01810269761059,36.088075848967144],[-87.01810269761059,36.088075848967144]]]},"properties":{"h3":"89264d19363ffff","count":1,"c3":0,"c6":0,"c12":0,"c24":1,"score":0.4,"risk":2,"peakDay":"Tuesday","peakTime":"evening","hood":"","bk12":{"morning":0,"afternoon":0,"evening":0,"night":0},"bk24":{"morning":0,"afternoon":0,"evening":1,"night":0},"recent":[{"d":"2025-07-15","day":"Tue","time":"18:00","desc":"INTENTIONAL AGGRAVATED ASSAULT","res":"unsolved"}]}},{"type":"Feature","geometry":{"type":"Polygon","coordinates":[[[-86.84299175723561,36.177468153733685],[-86.84153238696712,36.17873544036342],[-86.84218039589803,36.180502379273655],[-86.8442878543845,36.18100204999479],[-86.84574726335387,36.179734746884726],[-86.84509917513668,36.177967789534335],[-86.84299175723561,36.177468153733685],[-86.84299175723561,36.177468153733685]]]},"properties":{"h3":"89264d11697ffff","count":1,"c3":0,"c6":0,"c12":0,"c24":1,"score":0.4,"risk":2,"peakDay":"Tuesday","peakTime":"night","hood":"","bk12":{"morning":0,"afternoon":0,"evening":0,"night":0},"bk24":{"morning":0,"afternoon":0,"evening":0,"night":1},"recent":[{"d":"2025-07-15","day":"Tue","time":"22:00","desc":"INTENTIONAL AGGRAVATED ASSAULT","res":"closed"}]}},{"type":"Feature","geometry":{"type":"Polygon","coordinates":[[[-86.89601864067988,36.180345992430034],[-86.89455910051522,36.181614216723425],[-86.8952083774078,36.18338131827229],[-86.8973172737467,36.18388021387964],[-86.89877685248645,36.1826119730662],[-86.89812749631301,36.18084485316595],[-86.89601864067988,36.180345992430034],[-86.89601864067988,36.180345992430034]]]},"properties":{"h3":"89264d1a403ffff","count":1,"c3":0,"c6":0,"c12":0,"c24":1,"score":0.4,"risk":2,"peakDay":"Tuesday","peakTime":"night","hood":"","bk12":{"morning":0,"afternoon":0,"evening":0,"night":0},"bk24":{"morning":0,"afternoon":0,"evening":0,"night":1},"recent":[{"d":"2025-07-15","day":"Tue","time":"22:00","desc":"ASSAULT, AGG - DEATH -INT/KN- VEH/MINOR VIC-ACT IN CONCERT","res":"closed"}]}},{"type":"Feature","geometry":{"type":"Polygon","coordinates":[[[-86.75966203493152,36.21251485779434],[-86.75820237870914,36.21378006612685],[-86.75884864130906,36.215546439552284],[-86.7609546394868,36.21604762322183],[-86.76241433463682,36.21478239850261],[-86.76176799268225,36.21301600650103],[-86.75966203493152,36.21251485779434],[-86.75966203493152,36.21251485779434]]]},"properties":{"h3":"89264d1264bffff","count":2,"c3":0,"c6":0,"c12":0,"c24":2,"score":0.9,"risk":4,"peakDay":"Wednesday","peakTime":"night","hood":"","bk12":{"morning":0,"afternoon":0,"evening":0,"night":0},"bk24":{"morning":0,"afternoon":1,"evening":0,"night":1},"recent":[{"d":"2025-08-10","day":"Sun","time":"15:23","desc":"Assault, Aggravated - Deadly Weapon - Int/Kn","res":"closed"},{"d":"2025-07-16","day":"Wed","time":"00:53","desc":"Assault, Aggravated - Strangulation - Int/Kn","res":"closed"}]}},{"type":"Feature","geometry":{"type":"Polygon","coordinates":[[[-86.84997008085848,36.138784098650966],[-86.84851123794175,36.140052103341695],[-86.84915916955352,36.14181936546787],[-86.85126602330877,36.14231864133551],[-86.85272490488073,36.141050620128645],[-86.85207689404307,36.13928333957078],[-86.84997008085848,36.138784098650966],[-86.84997008085848,36.138784098650966]]]},"properties":{"h3":"89264d11227ffff","count":1,"c3":0,"c6":0,"c12":0,"c24":1,"score":0.4,"risk":2,"peakDay":"Wednesday","peakTime":"night","hood":"","bk12":{"morning":0,"afternoon":0,"evening":0,"night":0},"bk24":{"morning":0,"afternoon":0,"evening":0,"night":1},"recent":[{"d":"2025-07-16","day":"Wed","time":"02:00","desc":"Assault, Aggravated - Strangulation - Int/Kn","res":"unsolved"}]}},{"type":"Feature","geometry":{"type":"Polygon","coordinates":[[[-86.73924124679651,36.08827995890039],[-86.73778339138316,36.089546680717],[-86.7384283983489,36.09131393681331],[-86.74053133989673,36.091814489713954],[-86.74198923419335,36.09054775142946],[-86.74134414805964,36.088780476712685],[-86.73924124679651,36.08827995890039],[-86.73924124679651,36.08827995890039]]]},"properties":{"h3":"89264d1086bffff","count":2,"c3":0,"c6":0,"c12":0,"c24":2,"score":0.9,"risk":4,"peakDay":"Wednesday","peakTime":"morning","hood":"","bk12":{"morning":0,"afternoon":0,"evening":0,"night":0},"bk24":{"morning":2,"afternoon":0,"evening":0,"night":0},"recent":[{"d":"2025-08-24","day":"Sun","time":"08:58","desc":"Assault, Aggravated - Deadly Weapon - Int/Kn","res":"unsolved"},{"d":"2025-07-16","day":"Wed","time":"05:20","desc":"ROBBERY","res":"unsolved"}]}},{"type":"Feature","geometry":{"type":"Polygon","coordinates":[[[-86.77235739633191,36.15263073617919],[-86.77089855173958,36.15389709294528],[-86.77154474017293,36.15566397433097],[-86.77364985246017,36.15616451751113],[-86.7751087359047,36.15489814430136],[-86.77446246821057,36.1531312443556],[-86.77235739633191,36.15263073617919],[-86.77235739633191,36.15263073617919]]]},"properties":{"h3":"89264d10053ffff","count":5,"c3":0,"c6":0,"c12":1,"c24":5,"score":2.3,"risk":12,"peakDay":"Wednesday","peakTime":"night","hood":"","bk12":{"morning":0,"afternoon":1,"evening":0,"night":0},"bk24":{"morning":1,"afternoon":1,"evening":1,"night":2},"recent":[{"d":"2025-10-13","day":"Mon","time":"16:10","desc":"AGGRAV ASSLT - NONFAMILY-GUN","res":"closed"},{"d":"2025-10-05","day":"Sun","time":"03:00","desc":"INTENTIONAL AGGRAVATED ASSAULT","res":"closed"},{"d":"2025-09-03","day":"Wed","time":"20:50","desc":"Assault, Aggravated - Deadly Weapon - Int/Kn","res":"closed"},{"d":"2025-07-28","day":"Mon","time":"04:45","desc":"ROBBERY","res":"closed"},{"d":"2025-07-16","day":"Wed","time":"08:26","desc":"ROBBERY","res":"closed"}]}},{"type":"Feature","geometry":{"type":"Polygon","coordinates":[[[-86.80863475201826,36.16770328232177],[-86.80717560432353,36.16897008150752],[-86.80782274220427,36.170736975121955],[-86.80992910705807,36.171237088049445],[-86.8113882935291,36.16997027240298],[-86.81074107637085,36.16820336029022],[-86.80863475201826,36.16770328232177],[-86.80863475201826,36.16770328232177]]]},"properties":{"h3":"89264d115d7ffff","count":7,"c3":0,"c6":0,"c12":2,"c24":7,"score":3.4,"risk":17,"peakDay":"Monday","peakTime":"afternoon","hood":"","bk12":{"morning":1,"afternoon":0,"evening":0,"night":1},"bk24":{"morning":2,"afternoon":3,"evening":0,"night":2},"recent":[{"d":"2026-01-14","day":"Wed","time":"01:30","desc":"ROBBERY, AGGRAVATED, OTHER","res":"unsolved"},{"d":"2025-11-03","day":"Mon","time":"08:00","desc":"INTENTIONAL AGGRAVATED ASSAULT","res":"unsolved"},{"d":"2025-09-09","day":"Tue","time":"16:44","desc":"INTENTIONAL AGGRAVATED ASSAULT","res":"unsolved"},{"d":"2025-08-25","day":"Mon","time":"02:45","desc":"INTENTIONAL AGGRAVATED ASSAULT","res":"unsolved"},{"d":"2025-08-04","day":"Mon","time":"11:00","desc":"ROBBERY","res":"unsolved"},{"d":"2025-07-26","day":"Sat","time":"16:00","desc":"INTENTIONAL AGGRAVATED ASSAULT","res":"unsolved"},{"d":"2025-07-16","day":"Wed","time":"12:00","desc":"Assault, Aggravated - Serious Bodily Injury - Reckless","res":"unsolved"}]}},{"type":"Feature","geometry":{"type":"Polygon","coordinates":[[[-86.79956317836925,36.16393578666158],[-86.79810410634823,36.165202475219516],[-86.79875100681187,36.16696936588726],[-86.80085705857066,36.16746958651134],[-86.80231616938696,36.16620288149696],[-86.80166918964999,36.164435972315424],[-86.79956317836925,36.16393578666158],[-86.79956317836925,36.16393578666158]]]},"properties":{"h3":"89264d11587ffff","count":4,"c3":0,"c6":0,"c12":1,"c24":4,"score":1.9,"risk":9,"peakDay":"Wednesday","peakTime":"evening","hood":"","bk12":{"morning":0,"afternoon":0,"evening":0,"night":1},"bk24":{"morning":0,"afternoon":1,"evening":2,"night":1},"recent":[{"d":"2025-11-13","day":"Thu","time":"01:05","desc":"ASSAULT, AGG - SERIOUS BODILY INJURY - RECKLESS-IN CONCERT","res":"closed"},{"d":"2025-09-22","day":"Mon","time":"20:30","desc":"Assault, Aggravated - Deadly Weapon - Int/Kn","res":"closed"},{"d":"2025-08-16","day":"Sat","time":"21:16","desc":"INTENTIONAL AGGRAVATED ASSAULT","res":"closed"},{"d":"2025-07-16","day":"Wed","time":"12:00","desc":"INTENTIONAL AGGRAVATED ASSAULT","res":"closed"}]}},{"type":"Feature","geometry":{"type":"Polygon","coordinates":[[[-86.66267799184835,36.03613873523233],[-86.66122106673622,36.03740482938699],[-86.66186394529194,36.039172203897934],[-86.66396382806127,36.0396735030068],[-86.66542079220025,36.038407392404224],[-86.66477783454386,36.036639999141194],[-86.66267799184835,36.03613873523233],[-86.66267799184835,36.03613873523233]]]},"properties":{"h3":"89264d14253ffff","count":2,"c3":0,"c6":0,"c12":0,"c24":2,"score":0.9,"risk":4,"peakDay":"Wednesday","peakTime":"afternoon","hood":"","bk12":{"morning":0,"afternoon":0,"evening":0,"night":0},"bk24":{"morning":0,"afternoon":1,"evening":0,"night":1},"recent":[{"d":"2025-07-19","day":"Sat","time":"02:45","desc":"Assault, Aggravated - Deadly Weapon - Int/Kn","res":"closed"},{"d":"2025-07-16","day":"Wed","time":"12:00","desc":"ASSAULT, VEHICULAR - 1ST OFFENSE","res":"closed"}]}},{"type":"Feature","geometry":{"type":"Polygon","coordinates":[[[-86.63897463483532,36.08695307381376],[-86.6375170579681,36.08821795727645],[-86.63815969253176,36.08998486039473],[-86.6402599831453,36.090486898838435],[-86.64171759913413,36.08922199898694],[-86.64107488538862,36.087455077081025],[-86.63897463483532,36.08695307381376],[-86.63897463483532,36.08695307381376]]]},"properties":{"h3":"89264d17567ffff","count":3,"c3":0,"c6":0,"c12":0,"c24":3,"score":1.4,"risk":7,"peakDay":"Sunday","peakTime":"evening","hood":"","bk12":{"morning":0,"afternoon":0,"evening":0,"night":0},"bk24":{"morning":0,"afternoon":1,"evening":2,"night":0},"recent":[{"d":"2025-09-14","day":"Sun","time":"21:20","desc":"INTENTIONAL AGGRAVATED ASSAULT","res":"unsolved"},{"d":"2025-08-17","day":"Sun","time":"20:20","desc":"INTENTIONAL AGGRAVATED ASSAULT","res":"unsolved"},{"d":"2025-07-16","day":"Wed","time":"15:00","desc":"INTENTIONAL AGGRAVATED ASSAULT","res":"unsolved"}]}},{"type":"Feature","geometry":{"type":"Polygon","coordinates":[[[-86.74071134960106,36.20800326897025],[-86.73925180505123,36.20926819490162],[-86.7398975923645,36.21103453596063],[-86.7420030035793,36.2115359696969],[-86.74346258709886,36.21027102739042],[-86.74281672043467,36.20850466772328],[-86.74071134960106,36.20800326897025],[-86.74071134960106,36.20800326897025]]]},"properties":{"h3":"89264d12633ffff","count":1,"c3":0,"c6":0,"c12":0,"c24":1,"score":0.4,"risk":2,"peakDay":"Wednesday","peakTime":"afternoon","hood":"","bk12":{"morning":0,"afternoon":0,"evening":0,"night":0},"bk24":{"morning":0,"afternoon":1,"evening":0,"night":0},"recent":[{"d":"2025-07-16","day":"Wed","time":"15:10","desc":"ASSAULT, AGGRAVATED - STRANGULATION-INT/KN","res":"closed"}]}},{"type":"Feature","geometry":{"type":"Polygon","coordinates":[[[-86.82985691179856,36.188872065381034],[-86.82839741330015,36.19013893498267],[-86.8290451838517,36.19190573948153],[-86.83115253220858,36.19240569284039],[-86.83261206944803,36.191138806777744],[-86.83196421959035,36.18937198381774],[-86.82985691179856,36.188872065381034],[-86.82985691179856,36.188872065381034]]]},"properties":{"h3":"89264d1326bffff","count":2,"c3":0,"c6":0,"c12":0,"c24":2,"score":0.9,"risk":5,"peakDay":"Wednesday","peakTime":"afternoon","hood":"","bk12":{"morning":0,"afternoon":0,"evening":0,"night":0},"bk24":{"morning":0,"afternoon":1,"evening":1,"night":0},"recent":[{"d":"2025-09-19","day":"Fri","time":"21:05","desc":"ROBBERY, AGGRAVATED, KNIFE","res":"unsolved"},{"d":"2025-07-16","day":"Wed","time":"16:00","desc":"INTENTIONAL AGGRAVATED ASSAULT","res":"unsolved"}]}},{"type":"Feature","geometry":{"type":"Polygon","coordinates":[[[-86.7825514405251,36.16473345076624],[-86.78109239988319,36.165999812050146],[-86.78173890418853,36.167766636345405],[-86.78384452841406,36.1682671178993],[-86.7853036078927,36.16700074017311],[-86.78465702430987,36.165233897335774],[-86.7825514405251,36.16473345076624],[-86.7825514405251,36.16473345076624]]]},"properties":{"h3":"89264d10603ffff","count":2,"c3":0,"c6":0,"c12":0,"c24":2,"score":0.9,"risk":4,"peakDay":"Wednesday","peakTime":"evening","hood":"","bk12":{"morning":0,"afternoon":0,"evening":0,"night":0},"bk24":{"morning":0,"afternoon":0,"evening":1,"night":1},"recent":[{"d":"2025-07-29","day":"Tue","time":"03:00","desc":"ROBBERY- CARJACKING","res":"closed"},{"d":"2025-07-16","day":"Wed","time":"20:01","desc":"INTENTIONAL AGGRAVATED ASSAULT","res":"closed"}]}},{"type":"Feature","geometry":{"type":"Polygon","coordinates":[[[-86.59804777585438,36.16425284897309],[-86.59658921937915,36.16551579612243],[-86.59723136757735,36.16728195950203],[-86.59933215155768,36.16778519458215],[-86.60079074731038,36.166522231137805],[-86.60014851980607,36.16475604890883],[-86.59804777585438,36.16425284897309],[-86.59804777585438,36.16425284897309]]]},"properties":{"h3":"89264d8c30bffff","count":4,"c3":0,"c6":0,"c12":0,"c24":4,"score":1.8,"risk":9,"peakDay":"Monday","peakTime":"evening","hood":"","bk12":{"morning":0,"afternoon":0,"evening":0,"night":0},"bk24":{"morning":0,"afternoon":0,"evening":4,"night":0},"recent":[{"d":"2025-09-22","day":"Mon","time":"21:00","desc":"INTENTIONAL AGGRAVATED ASSAULT","res":"closed"},{"d":"2025-08-04","day":"Mon","time":"18:00","desc":"Assault, Aggravated - Deadly Weapon - Int/Kn","res":"closed"},{"d":"2025-07-18","day":"Fri","time":"21:00","desc":"Assault, Aggravated - Deadly Weapon - Int/Kn","res":"closed"},{"d":"2025-07-16","day":"Wed","time":"21:00","desc":"Assault, Aggravated - Deadly Weapon - Int/Kn","res":"closed"}]}},{"type":"Feature","geometry":{"type":"Polygon","coordinates":[[[-86.80005882260258,36.14953350270584],[-86.79859995209395,36.15080041974889],[-86.7992467743527,36.152567423212865],[-86.80135254637217,36.15306752814841],[-86.80281145566414,36.15180059463725],[-86.80216455415413,36.15003357265915],[-86.80005882260258,36.14953350270584],[-86.80005882260258,36.14953350270584]]]},"properties":{"h3":"89264d11527ffff","count":5,"c3":0,"c6":0,"c12":1,"c24":5,"score":2.3,"risk":12,"peakDay":"Wednesday","peakTime":"night","hood":"","bk12":{"morning":0,"afternoon":0,"evening":1,"night":0},"bk24":{"morning":1,"afternoon":1,"evening":1,"night":2},"recent":[{"d":"2025-11-07","day":"Fri","time":"20:00","desc":"ASSAULT","res":"unsolved"},{"d":"2025-09-28","day":"Sun","time":"02:00","desc":"ROBBERY","res":"unsolved"},{"d":"2025-08-05","day":"Tue","time":"12:45","desc":"INTENTIONAL AGGRAVATED ASSAULT","res":"unsolved"},{"d":"2025-08-04","day":"Mon","time":"11:54","desc":"INTENTIONAL AGGRAVATED ASSAULT","res":"unsolved"},{"d":"2025-07-16","day":"Wed","time":"22:15","desc":"INTENTIONAL AGGRAVATED ASSAULT","res":"unsolved"}]}},{"type":"Feature","geometry":{"type":"Polygon","coordinates":[[[-86.79631424673468,36.17606957825035],[-86.79485501195805,36.17733602174991],[-86.79550191156474,36.179102807216545],[-86.79760812524135,36.17960316770229],[-86.79906739883018,36.17833670775837],[-86.79842041993099,36.17656990377356],[-86.79631424673468,36.17606957825035],[-86.79631424673468,36.17606957825035]]]},"properties":{"h3":"89264d13333ffff","count":2,"c3":0,"c6":0,"c12":0,"c24":2,"score":0.9,"risk":4,"peakDay":"Thursday","peakTime":"night","hood":"","bk12":{"morning":0,"afternoon":0,"evening":0,"night":0},"bk24":{"morning":1,"afternoon":0,"evening":0,"night":1},"recent":[{"d":"2025-08-04","day":"Mon","time":"09:00","desc":"Assault, Aggravated - Strangulation - Int/Kn","res":"closed"},{"d":"2025-07-17","day":"Thu","time":"01:30","desc":"INTENTIONAL AGGRAVATED ASSAULT","res":"closed"}]}},{"type":"Feature","geometry":{"type":"Polygon","coordinates":[[[-86.60822586972486,36.03926242443812],[-86.6067690444096,36.04052746164476],[-86.607410658529,36.042294612957086],[-86.60950917707807,36.04279674590579],[-86.61096604155206,36.041531692297326],[-86.61032434831905,36.03976452214246],[-86.60822586972486,36.03926242443812],[-86.60822586972486,36.03926242443812]]]},"properties":{"h3":"89264d14573ffff","count":3,"c3":0,"c6":0,"c12":0,"c24":3,"score":1.3,"risk":7,"peakDay":"Thursday","peakTime":"morning","hood":"","bk12":{"morning":0,"afternoon":0,"evening":0,"night":0},"bk24":{"morning":1,"afternoon":0,"evening":1,"night":1},"recent":[{"d":"2025-08-21","day":"Thu","time":"18:20","desc":"INTENTIONAL AGGRAVATED ASSAULT","res":"closed"},{"d":"2025-07-18","day":"Fri","time":"02:07","desc":"ROBBERY, AGGRAVATED, HANDGUN","res":"unsolved"},{"d":"2025-07-17","day":"Thu","time":"05:30","desc":"INTENTIONAL AGGRAVATED ASSAULT","res":"unsolved"}]}},{"type":"Feature","geometry":{"type":"Polygon","coordinates":[[[-86.75779079461576,36.144326413324706],[-86.75633210372555,36.1455926266465],[-86.7569778969089,36.14735952006691],[-86.75908246023377,36.14786021875105],[-86.76054119000487,36.14659398899067],[-86.75989531757101,36.14482707698521],[-86.75779079461576,36.144326413324706],[-86.75779079461576,36.144326413324706]]]},"properties":{"h3":"89264d10033ffff","count":3,"c3":0,"c6":0,"c12":0,"c24":3,"score":1.4,"risk":7,"peakDay":"Thursday","peakTime":"morning","hood":"","bk12":{"morning":0,"afternoon":0,"evening":0,"night":0},"bk24":{"morning":1,"afternoon":0,"evening":1,"night":1},"recent":[{"d":"2025-10-01","day":"Wed","time":"17:15","desc":"INTENTIONAL AGGRAVATED ASSAULT","res":"closed"},{"d":"2025-09-09","day":"Tue","time":"22:45","desc":"Assault, Aggravated - Deadly Weapon - Int/Kn","res":"closed"},{"d":"2025-07-17","day":"Thu","time":"08:30","desc":"INTENTIONAL AGGRAVATED ASSAULT","res":"closed"}]}},{"type":"Feature","geometry":{"type":"Polygon","coordinates":[[[-86.7505450826157,36.10872041522358],[-86.749086911046,36.109987035910294],[-86.74973231165,36.11175417645126],[-86.75183596302185,36.11225471490601],[-86.75329417346309,36.11098807775852],[-86.75264869366175,36.109220918617545],[-86.7505450826157,36.10872041522358],[-86.7505450826157,36.10872041522358]]]},"properties":{"h3":"89264d10e0fffff","count":2,"c3":0,"c6":0,"c12":1,"c24":2,"score":1,"risk":5,"peakDay":"Thursday","peakTime":"afternoon","hood":"","bk12":{"morning":0,"afternoon":0,"evening":0,"night":1},"bk24":{"morning":0,"afternoon":1,"evening":0,"night":1},"recent":[{"d":"2026-01-27","day":"Tue","time":"22:30","desc":"INTENTIONAL AGGRAVATED ASSAULT","res":"unsolved"},{"d":"2025-07-17","day":"Thu","time":"12:20","desc":"Assault, Aggravated - Deadly Weapon - Int/Kn","res":"unsolved"}]}},{"type":"Feature","geometry":{"type":"Polygon","coordinates":[[[-86.74954078948006,36.137523496328356],[-86.74808221526187,36.13878966033687],[-86.7487277715247,36.14055657658011],[-86.75083198124806,36.14105734741467],[-86.75229059436181,36.13979116696882],[-86.75164495885744,36.13802423212621],[-86.74954078948006,36.137523496328356],[-86.74954078948006,36.137523496328356]]]},"properties":{"h3":"89264d101cfffff","count":3,"c3":0,"c6":0,"c12":1,"c24":3,"score":1.4,"risk":7,"peakDay":"Thursday","peakTime":"afternoon","hood":"","bk12":{"morning":0,"afternoon":0,"evening":1,"night":0},"bk24":{"morning":1,"afternoon":1,"evening":1,"night":0},"recent":[{"d":"2025-10-20","day":"Mon","time":"18:00","desc":"Assault, Aggravated - Deadly Weapon - Int/Kn","res":"unsolved"},{"d":"2025-08-29","day":"Fri","time":"10:00","desc":"ROBBERY","res":"unsolved"},{"d":"2025-07-17","day":"Thu","time":"12:30","desc":"INTENTIONAL AGGRAVATED ASSAULT","res":"unsolved"}]}},{"type":"Feature","geometry":{"type":"Polygon","coordinates":[[[-86.81901274840291,36.154033131456345],[-86.81755376736076,36.15530033100545],[-86.8182010645472,36.15706736672178],[-86.82030742203135,36.157567221371636],[-86.8217664418146,36.15630000534289],[-86.82111906537341,36.154532951144425],[-86.81901274840291,36.154033131456345],[-86.81901274840291,36.154033131456345]]]},"properties":{"h3":"89264d110b7ffff","count":2,"c3":0,"c6":0,"c12":0,"c24":2,"score":0.9,"risk":4,"peakDay":"Thursday","peakTime":"afternoon","hood":"","bk12":{"morning":0,"afternoon":0,"evening":0,"night":0},"bk24":{"morning":0,"afternoon":2,"evening":0,"night":0},"recent":[{"d":"2025-09-01","day":"Mon","time":"15:20","desc":"AGGRAV ASSLT - FAMILY-WEAPON","res":"closed"},{"d":"2025-07-17","day":"Thu","time":"16:26","desc":"Assault, Aggravated - Deadly Weapon - Int/Kn","res":"closed"}]}},{"type":"Feature","geometry":{"type":"Polygon","coordinates":[[[-86.68960491884464,36.073226031473986],[-86.68814740264904,36.074492062109734],[-86.68879114596194,36.076259253713395],[-86.69089248462429,36.076760433386156],[-86.69235003981044,36.07549438631028],[-86.69170621734449,36.073727176002244],[-86.68960491884464,36.073226031473986],[-86.68960491884464,36.073226031473986]]]},"properties":{"h3":"89264d1549bffff","count":2,"c3":0,"c6":0,"c12":1,"c24":2,"score":1,"risk":5,"peakDay":"Thursday","peakTime":"night","hood":"","bk12":{"morning":0,"afternoon":0,"evening":0,"night":1},"bk24":{"morning":0,"afternoon":0,"evening":0,"night":2},"recent":[{"d":"2025-11-04","day":"Tue","time":"23:30","desc":"Assault, Aggravated - Strangulation - Int/Kn","res":"closed"},{"d":"2025-07-17","day":"Thu","time":"22:30","desc":"Assault, Aggravated - Deadly Weapon - Int/Kn","res":"closed"}]}},{"type":"Feature","geometry":{"type":"Polygon","coordinates":[[[-86.75734377976264,36.25872142516701],[-86.75588347751916,36.25998588416071],[-86.7565299740136,36.26175188969371],[-86.75863685217826,36.26225345480937],[-86.76009719338971,36.260988979466845],[-86.75945061746934,36.25922295535796],[-86.75734377976264,36.25872142516701],[-86.75734377976264,36.25872142516701]]]},"properties":{"h3":"89264d8989bffff","count":1,"c3":0,"c6":0,"c12":0,"c24":1,"score":0.4,"risk":2,"peakDay":"Thursday","peakTime":"night","hood":"","bk12":{"morning":0,"afternoon":0,"evening":0,"night":0},"bk24":{"morning":0,"afternoon":0,"evening":0,"night":1},"recent":[{"d":"2025-07-17","day":"Thu","time":"23:00","desc":"INTENTIONAL AGGRAVATED ASSAULT","res":"closed"}]}},{"type":"Feature","geometry":{"type":"Polygon","coordinates":[[[-86.76310353773418,36.17462668093822],[-86.76164440675937,36.175892531123324],[-86.76229051413053,36.17765921003138],[-86.76439583177334,36.1781600573285],[-86.76585500163905,36.17689419072433],[-86.76520881497187,36.1751274932426],[-86.76310353773418,36.17462668093822],[-86.76310353773418,36.17462668093822]]]},"properties":{"h3":"89264d104cfffff","count":1,"c3":0,"c6":0,"c12":0,"c24":1,"score":0.4,"risk":2,"peakDay":"Friday","peakTime":"night","hood":"","bk12":{"morning":0,"afternoon":0,"evening":0,"night":0},"bk24":{"morning":0,"afternoon":0,"evening":0,"night":1},"recent":[{"d":"2025-07-18","day":"Fri","time":"01:00","desc":"INTENTIONAL AGGRAVATED ASSAULT","res":"closed"}]}},{"type":"Feature","geometry":{"type":"Polygon","coordinates":[[[-86.7854863606659,36.14123144153149],[-86.78402764349319,36.14249821502976],[-86.78467407040088,36.14426523075675],[-86.78677929372317,36.14476549152507],[-86.788238049708,36.14349870156376],[-86.78759154355922,36.14173166729765],[-86.7854863606659,36.14123144153149],[-86.7854863606659,36.14123144153149]]]},"properties":{"h3":"89264d10207ffff","count":1,"c3":0,"c6":0,"c12":0,"c24":1,"score":0.4,"risk":2,"peakDay":"Friday","peakTime":"morning","hood":"","bk12":{"morning":0,"afternoon":0,"evening":0,"night":0},"bk24":{"morning":1,"afternoon":0,"evening":0,"night":0},"recent":[{"d":"2025-07-18","day":"Fri","time":"11:00","desc":"AGGRAV ASSLT - FAMILY-GUN","res":"closed"}]}},{"type":"Feature","geometry":{"type":"Polygon","coordinates":[[[-86.83797194210561,36.15853050656847],[-86.83651285084437,36.15979798868788],[-86.83716062305572,36.16156505640798],[-86.8392675657874,36.162064660459286],[-86.8407266957475,36.160797161848706],[-86.84007884427788,36.15903007567849],[-86.83797194210561,36.15853050656847],[-86.83797194210561,36.15853050656847]]]},"properties":{"h3":"89264d110cfffff","count":7,"c3":0,"c6":0,"c12":2,"c24":7,"score":3.4,"risk":17,"peakDay":"Sunday","peakTime":"afternoon","hood":"","bk12":{"morning":0,"afternoon":2,"evening":0,"night":0},"bk24":{"morning":0,"afternoon":4,"evening":0,"night":3},"recent":[{"d":"2026-03-04","day":"Wed","time":"14:55","desc":"INTENTIONAL AGGRAVATED ASSAULT","res":"closed"},{"d":"2025-10-13","day":"Mon","time":"15:10","desc":"AGGRAV ASSLT - NONFAMILY-WEAPON","res":"unsolved"},{"d":"2025-09-14","day":"Sun","time":"12:30","desc":"INTENTIONAL AGGRAVATED ASSAULT","res":"closed"},{"d":"2025-08-17","day":"Sun","time":"02:00","desc":"INTENTIONAL AGGRAVATED ASSAULT","res":"unsolved"},{"d":"2025-08-10","day":"Sun","time":"00:10","desc":"INTENTIONAL AGGRAVATED ASSAULT","res":"unsolved"},{"d":"2025-08-08","day":"Fri","time":"00:22","desc":"INTENTIONAL AGGRAVATED ASSAULT","res":"unsolved"},{"d":"2025-07-18","day":"Fri","time":"13:36","desc":"Assault, Aggravated - Strangulation - Int/Kn","res":"closed"}]}},{"type":"Feature","geometry":{"type":"Polygon","coordinates":[[[-86.6254117696994,36.149841325618404],[-86.62395334365583,36.151105000372354],[-86.62459604830175,36.15287137417976],[-86.62669725827206,36.153374092038796],[-86.62815572351704,36.15211040095649],[-86.62751293959109,36.15034400834399],[-86.6254117696994,36.149841325618404],[-86.6254117696994,36.149841325618404]]]},"properties":{"h3":"89264d8dc6fffff","count":2,"c3":0,"c6":0,"c12":0,"c24":2,"score":0.9,"risk":5,"peakDay":"Friday","peakTime":"afternoon","hood":"","bk12":{"morning":0,"afternoon":0,"evening":0,"night":0},"bk24":{"morning":0,"afternoon":1,"evening":1,"night":0},"recent":[{"d":"2025-09-20","day":"Sat","time":"19:41","desc":"Assault, Aggravated - Deadly Weapon - Int/Kn","res":"closed"},{"d":"2025-07-18","day":"Fri","time":"15:00","desc":"INTENTIONAL AGGRAVATED ASSAULT","res":"closed"}]}},{"type":"Feature","geometry":{"type":"Polygon","coordinates":[[[-86.62933785072649,36.06044797631693],[-86.6278806718239,36.061713083614606],[-86.62852291489872,36.06348015245616],[-86.6306224160197,36.0639821328063],[-86.6320796340468,36.06271700910664],[-86.6314373118292,36.060949921459304],[-86.62933785072649,36.06044797631693],[-86.62933785072649,36.06044797631693]]]},"properties":{"h3":"89264d14457ffff","count":1,"c3":0,"c6":0,"c12":0,"c24":1,"score":0.4,"risk":2,"peakDay":"Friday","peakTime":"evening","hood":"","bk12":{"morning":0,"afternoon":0,"evening":0,"night":0},"bk24":{"morning":0,"afternoon":0,"evening":1,"night":0},"recent":[{"d":"2025-07-18","day":"Fri","time":"17:20","desc":"INTENTIONAL AGGRAVATED ASSAULT","res":"closed"}]}},{"type":"Feature","geometry":{"type":"Polygon","coordinates":[[[-86.61807703730956,36.040005442419734],[-86.61662017538933,36.04127065105241],[-86.61726202639119,36.0430378330091],[-86.6193608184273,36.04353982515972],[-86.62081771948337,36.04227460011792],[-86.62017578936826,36.04050739933512],[-86.61807703730956,36.040005442419734],[-86.61807703730956,36.040005442419734]]]},"properties":{"h3":"89264d140b3ffff","count":1,"c3":0,"c6":0,"c12":0,"c24":1,"score":0.4,"risk":2,"peakDay":"Saturday","peakTime":"night","hood":"","bk12":{"morning":0,"afternoon":0,"evening":0,"night":0},"bk24":{"morning":0,"afternoon":0,"evening":0,"night":1},"recent":[{"d":"2025-07-19","day":"Sat","time":"04:30","desc":"Assault, Aggravated - Strangulation - Int/Kn","res":"closed"}]}},{"type":"Feature","geometry":{"type":"Polygon","coordinates":[[[-86.74915746042083,36.18904964168021],[-86.74769816156525,36.19031501345911],[-86.7483440299277,36.19208153131874],[-86.750449276467,36.192582695995625],[-86.75190861425774,36.19131730782005],[-86.75126266657483,36.18955077136474],[-86.74915746042083,36.18904964168021],[-86.74915746042083,36.18904964168021]]]},"properties":{"h3":"89264d12207ffff","count":3,"c3":0,"c6":0,"c12":2,"c24":3,"score":1.6,"risk":8,"peakDay":"Saturday","peakTime":"morning","hood":"","bk12":{"morning":1,"afternoon":1,"evening":0,"night":0},"bk24":{"morning":2,"afternoon":1,"evening":0,"night":0},"recent":[{"d":"2025-12-10","day":"Wed","time":"10:49","desc":"Assault, Aggravated - Deadly Weapon - Int/Kn","res":"unsolved"},{"d":"2025-12-09","day":"Tue","time":"15:00","desc":"ASSAULT","res":"unsolved"},{"d":"2025-07-19","day":"Sat","time":"10:41","desc":"INTENTIONAL AGGRAVATED ASSAULT","res":"closed"}]}},{"type":"Feature","geometry":{"type":"Polygon","coordinates":[[[-86.71910689593497,36.13834220766722],[-86.71764838787945,36.13960779520371],[-86.71829323153081,36.14137459617456],[-86.72039666248631,36.14187582825941],[-86.72185520951089,36.1406102243105],[-86.72121028661172,36.138843404689645],[-86.71910689593497,36.13834220766722],[-86.71910689593497,36.13834220766722]]]},"properties":{"h3":"89264d12a03ffff","count":1,"c3":0,"c6":0,"c12":0,"c24":1,"score":0.4,"risk":2,"peakDay":"Saturday","peakTime":"afternoon","hood":"","bk12":{"morning":0,"afternoon":0,"evening":0,"night":0},"bk24":{"morning":0,"afternoon":1,"evening":0,"night":0},"recent":[{"d":"2025-07-19","day":"Sat","time":"13:10","desc":"INTENTIONAL AGGRAVATED ASSAULT","res":"unsolved"}]}},{"type":"Feature","geometry":{"type":"Polygon","coordinates":[[[-86.71879964679134,36.12697649628252],[-86.71734129947141,36.12824225110347],[-86.71798606516212,36.13000913809353],[-86.72008925740404,36.13051028891457],[-86.7215476436852,36.12924451767253],[-86.72090279876403,36.127477612031015],[-86.71879964679134,36.12697649628252],[-86.71879964679134,36.12697649628252]]]},"properties":{"h3":"89264d10c93ffff","count":8,"c3":0,"c6":0,"c12":2,"c24":8,"score":3.9,"risk":20,"peakDay":"Saturday","peakTime":"night","hood":"","bk12":{"morning":0,"afternoon":0,"evening":1,"night":1},"bk24":{"morning":2,"afternoon":2,"evening":1,"night":3},"recent":[{"d":"2026-01-25","day":"Sun","time":"21:23","desc":"ROBBERY","res":"unsolved"},{"d":"2026-01-04","day":"Sun","time":"03:56","desc":"Assault, Aggravated - Deadly Weapon - Int/Kn","res":"unsolved"},{"d":"2025-09-28","day":"Sun","time":"07:00","desc":"Assault, Aggravated - Deadly Weapon - Int/Kn","res":"unsolved"},{"d":"2025-08-30","day":"Sat","time":"16:10","desc":"INTENTIONAL AGGRAVATED ASSAULT","res":"unsolved"},{"d":"2025-08-23","day":"Sat","time":"06:00","desc":"INTENTIONAL AGGRAVATED ASSAULT","res":"unsolved"},{"d":"2025-08-09","day":"Sat","time":"04:55","desc":"ROBBERY, AGGRAVATED, HANDGUN","res":"unsolved"},{"d":"2025-07-27","day":"Sun","time":"03:15","desc":"AGGRAV ASSLT - NONFAMILY-GUN","res":"unsolved"},{"d":"2025-07-19","day":"Sat","time":"13:45","desc":"INTENTIONAL AGGRAVATED ASSAULT","res":"unsolved"}]}},{"type":"Feature","geometry":{"type":"Polygon","coordinates":[[[-86.76041812424016,36.109455470370605],[-86.75895991728996,36.11072226278115],[-86.75960555521702,36.11248943299472],[-86.76170947929188,36.11298982938173],[-86.76316772509055,36.11172302050313],[-86.7625220079667,36.10995583170605],[-86.76041812424016,36.109455470370605],[-86.76041812424016,36.109455470370605]]]},"properties":{"h3":"89264d10e4fffff","count":1,"c3":0,"c6":0,"c12":0,"c24":1,"score":0.4,"risk":2,"peakDay":"Saturday","peakTime":"afternoon","hood":"","bk12":{"morning":0,"afternoon":0,"evening":0,"night":0},"bk24":{"morning":0,"afternoon":1,"evening":0,"night":0},"recent":[{"d":"2025-07-19","day":"Sat","time":"14:23","desc":"INTENTIONAL AGGRAVATED ASSAULT","res":"unsolved"}]}},{"type":"Feature","geometry":{"type":"Polygon","coordinates":[[[-86.81996888182292,36.18813885687012],[-86.81850941813532,36.189405554526886],[-86.81915695094284,36.191172329970655],[-86.8212640267456,36.191672426235854],[-86.82272352919755,36.19040571212536],[-86.8220759170832,36.1886389182039],[-86.81996888182292,36.18813885687012],[-86.81996888182292,36.18813885687012]]]},"properties":{"h3":"89264d1322bffff","count":8,"c3":0,"c6":0,"c12":3,"c24":8,"score":4,"risk":20,"peakDay":"Wednesday","peakTime":"afternoon","hood":"","bk12":{"morning":1,"afternoon":1,"evening":1,"night":0},"bk24":{"morning":1,"afternoon":3,"evening":3,"night":1},"recent":[{"d":"2026-02-13","day":"Fri","time":"08:40","desc":"AGGRAV ASSLT - NONFAMILY-STGARM","res":"unsolved"},{"d":"2026-01-12","day":"Mon","time":"19:00","desc":"INTENTIONAL AGGRAVATED ASSAULT","res":"unsolved"},{"d":"2025-10-12","day":"Sun","time":"16:00","desc":"Assault, Aggravated - Deadly Weapon - Int/Kn","res":"unsolved"},{"d":"2025-10-01","day":"Wed","time":"14:45","desc":"ROBBERY","res":"unsolved"},{"d":"2025-09-24","day":"Wed","time":"19:40","desc":"Assault, Aggravated - Deadly Weapon - Int/Kn","res":"unsolved"},{"d":"2025-07-31","day":"Thu","time":"18:00","desc":"ROBBERY","res":"unsolved"},{"d":"2025-07-23","day":"Wed","time":"04:03","desc":"INTENTIONAL AGGRAVATED ASSAULT","res":"unsolved"},{"d":"2025-07-19","day":"Sat","time":"15:07","desc":"Assault, Aggravated - Deadly Weapon - Int/Kn - In Concert","res":"unsolved"}]}},{"type":"Feature","geometry":{"type":"Polygon","coordinates":[[[-86.68214793724421,36.26335865663138],[-86.68068776193948,36.26462164981859],[-86.68133251210624,36.26638735139585],[-86.68343751702396,36.26689007848703],[-86.68489773148055,36.2656270690148],[-86.68425290186836,36.26386134873689],[-86.68214793724421,36.26335865663138],[-86.68214793724421,36.26335865663138]]]},"properties":{"h3":"89264d88c07ffff","count":1,"c3":0,"c6":0,"c12":0,"c24":1,"score":0.4,"risk":2,"peakDay":"Saturday","peakTime":"evening","hood":"","bk12":{"morning":0,"afternoon":0,"evening":0,"night":0},"bk24":{"morning":0,"afternoon":0,"evening":1,"night":0},"recent":[{"d":"2025-07-19","day":"Sat","time":"19:30","desc":"INTENTIONAL AGGRAVATED ASSAULT","res":"closed"}]}},{"type":"Feature","geometry":{"type":"Polygon","coordinates":[[[-86.74985153800294,36.14889017192685],[-86.74839280300789,36.150156168655066],[-86.7490384374068,36.15192299866744],[-86.7511428860604,36.15242385054997],[-86.75260165995886,36.15115783739307],[-86.75195594630108,36.14939098878278],[-86.74985153800294,36.14889017192685],[-86.74985153800294,36.14889017192685]]]},"properties":{"h3":"89264d100b7ffff","count":1,"c3":0,"c6":0,"c12":0,"c24":1,"score":0.4,"risk":2,"peakDay":"Saturday","peakTime":"evening","hood":"","bk12":{"morning":0,"afternoon":0,"evening":0,"night":0},"bk24":{"morning":0,"afternoon":0,"evening":1,"night":0},"recent":[{"d":"2025-07-19","day":"Sat","time":"20:00","desc":"Assault, Aggravated - Deadly Weapon - Int/Kn","res":"closed"}]}},{"type":"Feature","geometry":{"type":"Polygon","coordinates":[[[-86.7054757522761,36.26409178152086],[-86.70401550643363,36.265355196318964],[-86.70466081200664,36.26712097561031],[-86.70676644286567,36.26762335876583],[-86.70822672780467,36.26635992766457],[-86.70758134278888,36.26459412971144],[-86.7054757522761,36.26409178152086],[-86.7054757522761,36.26409178152086]]]},"properties":{"h3":"89264d88e8fffff","count":4,"c3":0,"c6":0,"c12":1,"c24":4,"score":1.9,"risk":10,"peakDay":"Saturday","peakTime":"evening","hood":"","bk12":{"morning":0,"afternoon":0,"evening":1,"night":0},"bk24":{"morning":0,"afternoon":1,"evening":2,"night":1},"recent":[{"d":"2026-01-03","day":"Sat","time":"20:08","desc":"INTENTIONAL AGGRAVATED ASSAULT","res":"closed"},{"d":"2025-08-20","day":"Wed","time":"12:16","desc":"INTENTIONAL AGGRAVATED ASSAULT","res":"closed"},{"d":"2025-08-03","day":"Sun","time":"00:00","desc":"ROBBERY- CARJACKING","res":"closed"},{"d":"2025-07-19","day":"Sat","time":"20:24","desc":"INTENTIONAL AGGRAVATED ASSAULT","res":"closed"}]}},{"type":"Feature","geometry":{"type":"Polygon","coordinates":[[[-86.71115984008071,36.04285897508347],[-86.70970269474901,36.044125865775456],[-86.71034675767577,36.04589336566563],[-86.71244804503827,36.0463939935351],[-86.71390522928631,36.04512708636179],[-86.71326108725626,36.04335956780082],[-86.71115984008071,36.04285897508347],[-86.71115984008071,36.04285897508347]]]},"properties":{"h3":"89264d1504bffff","count":1,"c3":0,"c6":0,"c12":0,"c24":1,"score":0.4,"risk":2,"peakDay":"Saturday","peakTime":"evening","hood":"","bk12":{"morning":0,"afternoon":0,"evening":0,"night":0},"bk24":{"morning":0,"afternoon":0,"evening":1,"night":0},"recent":[{"d":"2025-07-19","day":"Sat","time":"21:11","desc":"INTENTIONAL AGGRAVATED ASSAULT","res":"closed"}]}},{"type":"Feature","geometry":{"type":"Polygon","coordinates":[[[-86.93780623889444,36.07400125518046],[-86.93634809367693,36.07527186798699],[-86.93699768920696,36.07703993409938],[-86.93910550906574,36.07753740569571],[-86.9405636926785,36.07626677625297],[-86.93991401803801,36.07449869185062],[-86.93780623889444,36.07400125518046],[-86.93780623889444,36.07400125518046]]]},"properties":{"h3":"89264d18e4bffff","count":1,"c3":0,"c6":0,"c12":0,"c24":1,"score":0.4,"risk":2,"peakDay":"Saturday","peakTime":"night","hood":"","bk12":{"morning":0,"afternoon":0,"evening":0,"night":0},"bk24":{"morning":0,"afternoon":0,"evening":0,"night":1},"recent":[{"d":"2025-07-19","day":"Sat","time":"23:00","desc":"Assault, Aggravated - Strangulation - Int/Kn","res":"closed"}]}},{"type":"Feature","geometry":{"type":"Polygon","coordinates":[[[-86.70780962693368,36.11790409688463],[-86.7063514355074,36.119169786025196],[-86.70699588560618,36.1209367029076],[-86.70909860635044,36.12143794932042],[-86.71055683675743,36.12017224376038],[-86.70991230744026,36.118405308207464],[-86.70780962693368,36.11790409688463],[-86.70780962693368,36.11790409688463]]]},"properties":{"h3":"89264d12b7bffff","count":2,"c3":0,"c6":0,"c12":0,"c24":2,"score":0.9,"risk":4,"peakDay":"Saturday","peakTime":"night","hood":"","bk12":{"morning":0,"afternoon":0,"evening":0,"night":0},"bk24":{"morning":1,"afternoon":0,"evening":0,"night":1},"recent":[{"d":"2025-08-05","day":"Tue","time":"08:00","desc":"INTENTIONAL AGGRAVATED ASSAULT","res":"closed"},{"d":"2025-07-19","day":"Sat","time":"23:11","desc":"Assault, Aggravated - Deadly Weapon - Int/Kn","res":"closed"}]}},{"type":"Feature","geometry":{"type":"Polygon","coordinates":[[[-86.72937248676669,36.08754420786996],[-86.72791466690916,36.088810758025076],[-86.72855943666649,36.090577984270176],[-86.73066210545069,36.09107867899763],[-86.73211996421459,36.089812112381935],[-86.73147511528872,36.088044867499846],[-86.72937248676669,36.08754420786996],[-86.72937248676669,36.08754420786996]]]},"properties":{"h3":"89264d1082bffff","count":3,"c3":0,"c6":0,"c12":1,"c24":3,"score":1.5,"risk":8,"peakDay":"Sunday","peakTime":"night","hood":"","bk12":{"morning":0,"afternoon":0,"evening":1,"night":0},"bk24":{"morning":0,"afternoon":0,"evening":1,"night":2},"recent":[{"d":"2026-02-20","day":"Fri","time":"18:00","desc":"INTENTIONAL AGGRAVATED ASSAULT","res":"unsolved"},{"d":"2025-07-21","day":"Mon","time":"04:22","desc":"INTENTIONAL AGGRAVATED ASSAULT","res":"closed"},{"d":"2025-07-20","day":"Sun","time":"02:56","desc":"Assault, Aggravated - Deadly Weapon - Int/Kn - In Concert","res":"unsolved"}]}},{"type":"Feature","geometry":{"type":"Polygon","coordinates":[[[-86.57757228755317,36.028695931221876],[-86.5761156925748,36.02996056007362],[-86.5767565185325,36.03172767774138],[-86.57885401857123,36.03223018545225],[-86.58031065277305,36.03096554021494],[-86.57966974771348,36.02919840365281],[-86.57757228755317,36.028695931221876],[-86.57757228755317,36.028695931221876]]]},"properties":{"h3":"89264d16abbffff","count":1,"c3":0,"c6":0,"c12":0,"c24":1,"score":0.4,"risk":2,"peakDay":"Sunday","peakTime":"morning","hood":"","bk12":{"morning":0,"afternoon":0,"evening":0,"night":0},"bk24":{"morning":1,"afternoon":0,"evening":0,"night":0},"recent":[{"d":"2025-07-20","day":"Sun","time":"05:00","desc":"Assault, Aggravated - Deadly Weapon - Int/Kn","res":"closed"}]}},{"type":"Feature","geometry":{"type":"Polygon","coordinates":[[[-86.74001339391306,36.24814583658296],[-86.73855328488246,36.2494101360421],[-86.73919930625945,36.25117616263748],[-86.74130551608049,36.251677908379925],[-86.74276566411271,36.25041359257758],[-86.74211956332309,36.24864754737648],[-86.74001339391306,36.24814583658296],[-86.74001339391306,36.24814583658296]]]},"properties":{"h3":"89264d89d63ffff","count":1,"c3":0,"c6":0,"c12":0,"c24":1,"score":0.4,"risk":2,"peakDay":"Sunday","peakTime":"morning","hood":"","bk12":{"morning":0,"afternoon":0,"evening":0,"night":0},"bk24":{"morning":1,"afternoon":0,"evening":0,"night":0},"recent":[{"d":"2025-07-20","day":"Sun","time":"11:20","desc":"ROBBERY","res":"unsolved"}]}},{"type":"Feature","geometry":{"type":"Polygon","coordinates":[[[-86.81735803086359,36.22300349017365],[-86.81589808225745,36.224269607462624],[-86.81654577149548,36.22603610295922],[-86.81865348870114,36.22653649964639],[-86.82011347610401,36.22527036593298],[-86.81946570750532,36.22350385195733],[-86.81735803086359,36.22300349017365],[-86.81735803086359,36.22300349017365]]]},"properties":{"h3":"89264d136c7ffff","count":3,"c3":0,"c6":0,"c12":0,"c24":3,"score":1.3,"risk":6,"peakDay":"Sunday","peakTime":"afternoon","hood":"","bk12":{"morning":0,"afternoon":0,"evening":0,"night":0},"bk24":{"morning":0,"afternoon":3,"evening":0,"night":0},"recent":[{"d":"2025-07-20","day":"Sun","time":"15:47","desc":"Assault, Aggravated - Deadly Weapon - Int/Kn","res":"closed"},{"d":"2025-07-20","day":"Sun","time":"13:26","desc":"Assault, Aggravated - Deadly Weapon - Int/Kn","res":"closed"},{"d":"2025-07-20","day":"Sun","time":"12:15","desc":"AGGRAV ASSLT - FAMILY-WEAPON","res":"closed"}]}},{"type":"Feature","geometry":{"type":"Polygon","coordinates":[[[-86.77804484441036,36.131395620556255],[-86.7765862843452,36.13266240586905],[-86.77723247449066,36.13442947074263],[-86.77933730392938,36.13492976885624],[-86.78079590281716,36.13366296707859],[-86.78014963344437,36.13189588365267],[-86.77804484441036,36.131395620556255],[-86.77804484441036,36.131395620556255]]]},"properties":{"h3":"89264d10353ffff","count":1,"c3":0,"c6":0,"c12":0,"c24":1,"score":0.4,"risk":2,"peakDay":"Sunday","peakTime":"afternoon","hood":"","bk12":{"morning":0,"afternoon":0,"evening":0,"night":0},"bk24":{"morning":0,"afternoon":1,"evening":0,"night":0},"recent":[{"d":"2025-07-20","day":"Sun","time":"16:00","desc":"INTENTIONAL AGGRAVATED ASSAULT","res":"closed"}]}},{"type":"Feature","geometry":{"type":"Polygon","coordinates":[[[-86.83118310223531,36.10850911407121],[-86.82972473143195,36.10977723118685],[-86.8303720312834,36.11154465985866],[-86.83247778112205,36.11204398988084],[-86.83393619060328,36.11077585624021],[-86.83328881156882,36.10900840910289],[-86.83118310223531,36.10850911407121],[-86.83118310223531,36.10850911407121]]]},"properties":{"h3":"89264d1ada7ffff","count":1,"c3":0,"c6":0,"c12":0,"c24":1,"score":0.4,"risk":2,"peakDay":"Sunday","peakTime":"evening","hood":"","bk12":{"morning":0,"afternoon":0,"evening":0,"night":0},"bk24":{"morning":0,"afternoon":0,"evening":1,"night":0},"recent":[{"d":"2025-07-20","day":"Sun","time":"19:00","desc":"INTENTIONAL AGGRAVATED ASSAULT","res":"closed"}]}},{"type":"Feature","geometry":{"type":"Polygon","coordinates":[[[-86.66079770050018,36.167977180185886],[-86.6593389260604,36.1692412349489],[-86.65998257841864,36.17100759810507],[-86.66208508451982,36.17150992524339],[-86.66354389809037,36.170245854137875],[-86.6629001664297,36.16847947223703],[-86.66079770050018,36.167977180185886],[-86.66079770050018,36.167977180185886]]]},"properties":{"h3":"89264d8d307ffff","count":1,"c3":0,"c6":0,"c12":0,"c24":1,"score":0.4,"risk":2,"peakDay":"Sunday","peakTime":"night","hood":"","bk12":{"morning":0,"afternoon":0,"evening":0,"night":0},"bk24":{"morning":0,"afternoon":0,"evening":0,"night":1},"recent":[{"d":"2025-07-20","day":"Sun","time":"22:00","desc":"INTENTIONAL AGGRAVATED ASSAULT","res":"unsolved"}]}},{"type":"Feature","geometry":{"type":"Polygon","coordinates":[[[-86.71065281403861,36.057264163712645],[-86.7091954677119,36.05853082659459],[-86.70983960810342,36.06029821552184],[-86.71194117394782,36.06079896023818],[-86.7133985592029,36.05953228088669],[-86.71275433968601,36.0577648732889],[-86.71065281403861,36.057264163712645],[-86.71065281403861,36.057264163712645]]]},"properties":{"h3":"89264d156abffff","count":3,"c3":0,"c6":0,"c12":1,"c24":3,"score":1.5,"risk":8,"peakDay":"Sunday","peakTime":"night","hood":"","bk12":{"morning":0,"afternoon":1,"evening":0,"night":0},"bk24":{"morning":0,"afternoon":1,"evening":1,"night":1},"recent":[{"d":"2026-01-28","day":"Wed","time":"16:35","desc":"INTENTIONAL AGGRAVATED ASSAULT","res":"unsolved"},{"d":"2025-09-08","day":"Mon","time":"19:50","desc":"INTENTIONAL AGGRAVATED ASSAULT","res":"unsolved"},{"d":"2025-07-20","day":"Sun","time":"22:55","desc":"INTENTIONAL AGGRAVATED ASSAULT","res":"unsolved"}]}},{"type":"Feature","geometry":{"type":"Polygon","coordinates":[[[-86.74884666975409,36.17768577488146],[-86.7473875317999,36.17895131421645],[-86.74803332196929,36.18071791877109],[-86.75013832939676,36.181219002588364],[-86.75159750627834,36.17995344684807],[-86.75095163680587,36.17818682369627],[-86.74884666975409,36.17768577488146],[-86.74884666975409,36.17768577488146]]]},"properties":{"h3":"89264d10497ffff","count":8,"c3":0,"c6":0,"c12":1,"c24":8,"score":3.7,"risk":18,"peakDay":"Sunday","peakTime":"evening","hood":"","bk12":{"morning":0,"afternoon":1,"evening":0,"night":0},"bk24":{"morning":1,"afternoon":2,"evening":3,"night":2},"recent":[{"d":"2025-10-12","day":"Sun","time":"15:26","desc":"ROBBERY","res":"unsolved"},{"d":"2025-09-10","day":"Wed","time":"21:40","desc":"INTENTIONAL AGGRAVATED ASSAULT","res":"unsolved"},{"d":"2025-09-01","day":"Mon","time":"14:00","desc":"ROBBERY, AGGRAVATED, HANDGUN","res":"unsolved"},{"d":"2025-08-20","day":"Wed","time":"19:30","desc":"ROBBERY- CARJACKING","res":"unsolved"},{"d":"2025-08-03","day":"Sun","time":"03:00","desc":"INTENTIONAL AGGRAVATED ASSAULT","res":"unsolved"},{"d":"2025-08-02","day":"Sat","time":"21:00","desc":"INTENTIONAL AGGRAVATED ASSAULT","res":"closed"},{"d":"2025-07-31","day":"Thu","time":"09:35","desc":"INTENTIONAL AGGRAVATED ASSAULT","res":"unsolved"},{"d":"2025-07-20","day":"Sun","time":"23:58","desc":"ROBBERY, AGGRAVATED, OTHER","res":"unsolved"}]}},{"type":"Feature","geometry":{"type":"Polygon","coordinates":[[[-86.66379273759476,36.04447426142391],[-86.6623356925167,36.04574024986666],[-86.66297864899933,36.04750756547772],[-86.665078729674,36.04800891139617],[-86.66653581378253,36.04674290651122],[-86.6658927781867,36.04497557215052],[-86.66379273759476,36.04447426142391],[-86.66379273759476,36.04447426142391]]]},"properties":{"h3":"89264d155afffff","count":1,"c3":0,"c6":0,"c12":0,"c24":1,"score":0.4,"risk":2,"peakDay":"Monday","peakTime":"morning","hood":"","bk12":{"morning":0,"afternoon":0,"evening":0,"night":0},"bk24":{"morning":1,"afternoon":0,"evening":0,"night":0},"recent":[{"d":"2025-07-21","day":"Mon","time":"08:07","desc":"INTENTIONAL AGGRAVATED ASSAULT","res":"closed"}]}},{"type":"Feature","geometry":{"type":"Polygon","coordinates":[[[-86.74214522686789,36.22769429654837],[-86.74068540098126,36.22895894825305],[-86.74133134499638,36.23072514158691],[-86.74343719427984,36.23122670182057],[-86.74489705914758,36.22996203375502],[-86.74425103575157,36.22819582181717],[-86.74214522686789,36.22769429654837],[-86.74214522686789,36.22769429654837]]]},"properties":{"h3":"89264d89977ffff","count":1,"c3":0,"c6":0,"c12":0,"c24":1,"score":0.4,"risk":2,"peakDay":"Monday","peakTime":"morning","hood":"","bk12":{"morning":0,"afternoon":0,"evening":0,"night":0},"bk24":{"morning":1,"afternoon":0,"evening":0,"night":0},"recent":[{"d":"2025-07-21","day":"Mon","time":"09:00","desc":"INTENTIONAL AGGRAVATED ASSAULT","res":"closed"}]}},{"type":"Feature","geometry":{"type":"Polygon","coordinates":[[[-86.77004585120115,36.19885847089627],[-86.768586361279,36.20012408015046],[-86.76923278360235,36.2018905962889],[-86.7713387751806,36.2023915217337],[-86.77279830399517,36.20112589607389],[-86.77215180233986,36.1993593613754],[-86.77004585120115,36.19885847089627],[-86.77004585120115,36.19885847089627]]]},"properties":{"h3":"89264d1352bffff","count":3,"c3":0,"c6":0,"c12":0,"c24":3,"score":1.4,"risk":7,"peakDay":"Monday","peakTime":"morning","hood":"","bk12":{"morning":0,"afternoon":0,"evening":0,"night":0},"bk24":{"morning":1,"afternoon":0,"evening":1,"night":1},"recent":[{"d":"2025-10-02","day":"Thu","time":"00:11","desc":"Assault, Aggravated - Deadly Weapon - Int/Kn","res":"unsolved"},{"d":"2025-09-12","day":"Fri","time":"20:05","desc":"AGGRAV ASSLT - NONFAMILY-WEAPON","res":"unsolved"},{"d":"2025-07-21","day":"Mon","time":"11:26","desc":"INTENTIONAL AGGRAVATED ASSAULT","res":"unsolved"}]}},{"type":"Feature","geometry":{"type":"Polygon","coordinates":[[[-86.79681038426762,36.161668659843954],[-86.79535135104685,36.16293533194586],[-86.79599817245155,36.164702230374125],[-86.79810410634823,36.165202475219516],[-86.79956317836925,36.16393578666158],[-86.79891627769415,36.162168869714776],[-86.79681038426762,36.161668659843954],[-86.79681038426762,36.161668659843954]]]},"properties":{"h3":"89264d115b3ffff","count":1,"c3":0,"c6":0,"c12":0,"c24":1,"score":0.4,"risk":2,"peakDay":"Monday","peakTime":"afternoon","hood":"","bk12":{"morning":0,"afternoon":0,"evening":0,"night":0},"bk24":{"morning":0,"afternoon":1,"evening":0,"night":0},"recent":[{"d":"2025-07-21","day":"Mon","time":"12:00","desc":"Assault, Aggravated - Deadly Weapon - Int/Kn","res":"closed"}]}},{"type":"Feature","geometry":{"type":"Polygon","coordinates":[[[-86.81075284939615,36.147232317753584],[-86.80929398460694,36.14849946786621],[-86.80994104461402,36.15026652685492],[-86.81204704865698,36.150766454227984],[-86.81350595220209,36.14949928763694],[-86.81285881294917,36.147732210151744],[-86.81075284939615,36.147232317753584],[-86.81075284939615,36.147232317753584]]]},"properties":{"h3":"89264d1119bffff","count":4,"c3":0,"c6":0,"c12":1,"c24":4,"score":1.8,"risk":9,"peakDay":"Monday","peakTime":"afternoon","hood":"","bk12":{"morning":0,"afternoon":0,"evening":0,"night":1},"bk24":{"morning":1,"afternoon":1,"evening":1,"night":1},"recent":[{"d":"2025-10-31","day":"Fri","time":"22:28","desc":"AGGRAV ASSLT - NONFAMILY-WEAPON","res":"unsolved"},{"d":"2025-08-05","day":"Tue","time":"08:00","desc":"INTENTIONAL AGGRAVATED ASSAULT","res":"unsolved"},{"d":"2025-08-02","day":"Sat","time":"21:45","desc":"Assault, Aggravated - Deadly Weapon - Int/Kn","res":"unsolved"},{"d":"2025-07-21","day":"Mon","time":"12:00","desc":"INTENTIONAL AGGRAVATED ASSAULT","res":"unsolved"}]}},{"type":"Feature","geometry":{"type":"Polygon","coordinates":[[[-86.65964183813043,36.25959289031091],[-86.65818177449454,36.260855523481766],[-86.6588259697003,36.26262117357337],[-86.66093030798584,36.263124209233034],[-86.66239041082461,36.26186155979226],[-86.6617461361757,36.26009589096222],[-86.65964183813043,36.25959289031091],[-86.65964183813043,36.25959289031091]]]},"properties":{"h3":"89264d88d93ffff","count":3,"c3":0,"c6":0,"c12":0,"c24":3,"score":1.3,"risk":7,"peakDay":"Sunday","peakTime":"afternoon","hood":"","bk12":{"morning":0,"afternoon":0,"evening":0,"night":0},"bk24":{"morning":0,"afternoon":2,"evening":0,"night":1},"recent":[{"d":"2025-08-17","day":"Sun","time":"12:50","desc":"AGGRAV ASSLT - NONFAMILY-GUN","res":"unsolved"},{"d":"2025-08-17","day":"Sun","time":"00:00","desc":"AGGRAV ASSLT - NONFAMILY-GUN","res":"unsolved"},{"d":"2025-07-21","day":"Mon","time":"13:39","desc":"INTENTIONAL AGGRAVATED ASSAULT","res":"unsolved"}]}},{"type":"Feature","geometry":{"type":"Polygon","coordinates":[[[-86.68937592945258,36.298927825984215],[-86.68791523294212,36.300190408140864],[-86.68856037572554,36.30195585759339],[-86.69066629451919,36.302458743575066],[-86.69212703019114,36.30119614515528],[-86.69148180790876,36.29943067701744],[-86.68937592945258,36.298927825984215],[-86.68937592945258,36.298927825984215]]]},"properties":{"h3":"89264d885afffff","count":4,"c3":0,"c6":0,"c12":0,"c24":4,"score":1.8,"risk":9,"peakDay":"Monday","peakTime":"afternoon","hood":"","bk12":{"morning":0,"afternoon":0,"evening":0,"night":0},"bk24":{"morning":0,"afternoon":2,"evening":2,"night":0},"recent":[{"d":"2025-08-19","day":"Tue","time":"21:30","desc":"ROBBERY","res":"unsolved"},{"d":"2025-08-07","day":"Thu","time":"13:35","desc":"INTENTIONAL AGGRAVATED ASSAULT","res":"unsolved"},{"d":"2025-07-25","day":"Fri","time":"21:25","desc":"ASSAULT, VEHICULAR, AGGRAVATED","res":"unsolved"},{"d":"2025-07-21","day":"Mon","time":"16:40","desc":"INTENTIONAL AGGRAVATED ASSAULT","res":"unsolved"}]}},{"type":"Feature","geometry":{"type":"Polygon","coordinates":[[[-86.70954983841136,36.24894449077709],[-86.70808979595066,36.250208213018986],[-86.7087351032034,36.25197412491552],[-86.71084053233652,36.252476333227015],[-86.71230061387257,36.25121259466689],[-86.71165522720095,36.24944666411398],[-86.70954983841136,36.24894449077709],[-86.70954983841136,36.24894449077709]]]},"properties":{"h3":"89264d88a93ffff","count":4,"c3":0,"c6":0,"c12":1,"c24":4,"score":1.9,"risk":9,"peakDay":"Sunday","peakTime":"night","hood":"","bk12":{"morning":0,"afternoon":0,"evening":0,"night":1},"bk24":{"morning":1,"afternoon":0,"evening":0,"night":3},"recent":[{"d":"2025-10-26","day":"Sun","time":"00:07","desc":"AGGRAV ASSLT - NONFAMILY-GUN","res":"unsolved"},{"d":"2025-09-21","day":"Sun","time":"22:15","desc":"INTENTIONAL AGGRAVATED ASSAULT","res":"unsolved"},{"d":"2025-07-24","day":"Thu","time":"23:00","desc":"ROBBERY, AGGRAVATED, HANDGUN","res":"unsolved"},{"d":"2025-07-22","day":"Tue","time":"11:15","desc":"INTENTIONAL AGGRAVATED ASSAULT","res":"closed"}]}},{"type":"Feature","geometry":{"type":"Polygon","coordinates":[[[-86.72258002707608,36.20045839151643],[-86.721120635159,36.20172309648304],[-86.72176594760023,36.20348943129614],[-86.72387073130172,36.203991079782114],[-86.7253301622263,36.202726358448984],[-86.7246847704427,36.2009600049969],[-86.72258002707608,36.20045839151643],[-86.72258002707608,36.20045839151643]]]},"properties":{"h3":"89264d1208fffff","count":1,"c3":0,"c6":0,"c12":0,"c24":1,"score":0.4,"risk":2,"peakDay":"Tuesday","peakTime":"afternoon","hood":"","bk12":{"morning":0,"afternoon":0,"evening":0,"night":0},"bk24":{"morning":0,"afternoon":1,"evening":0,"night":0},"recent":[{"d":"2025-07-22","day":"Tue","time":"14:00","desc":"AGGRAV ASSLT - FAMILY-GUN","res":"closed"}]}},{"type":"Feature","geometry":{"type":"Polygon","coordinates":[[[-86.92953505687933,36.06720449900456],[-86.9280770268775,36.068475061904756],[-86.9287263851821,36.07024315128346],[-86.93083385259106,36.07074069606674],[-86.93229192100308,36.06947011653149],[-86.93164248359678,36.06770200884849],[-86.92953505687933,36.06720449900456],[-86.92953505687933,36.06720449900456]]]},"properties":{"h3":"89264d18e63ffff","count":1,"c3":0,"c6":0,"c12":0,"c24":1,"score":0.4,"risk":2,"peakDay":"Tuesday","peakTime":"afternoon","hood":"","bk12":{"morning":0,"afternoon":0,"evening":0,"night":0},"bk24":{"morning":0,"afternoon":1,"evening":0,"night":0},"recent":[{"d":"2025-07-22","day":"Tue","time":"14:10","desc":"INTENTIONAL AGGRAVATED ASSAULT","res":"unsolved"}]}},{"type":"Feature","geometry":{"type":"Polygon","coordinates":[[[-86.69936528622772,36.1368622635782],[-86.69790684980127,36.138127507688836],[-86.69855121862345,36.13989424900181],[-86.7006541031216,36.14039576488769],[-86.7021125785632,36.139130504379246],[-86.70146813049227,36.13736374438322],[-86.69936528622772,36.1368622635782],[-86.69936528622772,36.1368622635782]]]},"properties":{"h3":"89264d12863ffff","count":2,"c3":0,"c6":0,"c12":0,"c24":2,"score":0.9,"risk":4,"peakDay":"Tuesday","peakTime":"evening","hood":"","bk12":{"morning":0,"afternoon":0,"evening":0,"night":0},"bk24":{"morning":0,"afternoon":0,"evening":2,"night":0},"recent":[{"d":"2025-08-17","day":"Sun","time":"21:00","desc":"Assault, Aggravated - Deadly Weapon - Int/Kn","res":"unsolved"},{"d":"2025-07-22","day":"Tue","time":"17:40","desc":"INTENTIONAL AGGRAVATED ASSAULT","res":"unsolved"}]}},{"type":"Feature","geometry":{"type":"Polygon","coordinates":[[[-86.6992605683489,36.29967630922294],[-86.69779983577776,36.30093906334236],[-86.6984452167061,36.30270454219516],[-86.7005514097049,36.303207285597814],[-86.70201218141443,36.301944515207914],[-86.70136672098756,36.300179017686304],[-86.6992605683489,36.29967630922294],[-86.6992605683489,36.29967630922294]]]},"properties":{"h3":"89264d8850fffff","count":2,"c3":0,"c6":0,"c12":0,"c24":2,"score":0.9,"risk":4,"peakDay":"Tuesday","peakTime":"evening","hood":"","bk12":{"morning":0,"afternoon":0,"evening":0,"night":0},"bk24":{"morning":0,"afternoon":1,"evening":1,"night":0},"recent":[{"d":"2025-08-16","day":"Sat","time":"15:30","desc":"INTENTIONAL AGGRAVATED ASSAULT","res":"unsolved"},{"d":"2025-07-22","day":"Tue","time":"19:25","desc":"INTENTIONAL AGGRAVATED ASSAULT","res":"unsolved"}]}},{"type":"Feature","geometry":{"type":"Polygon","coordinates":[[[-86.7891836611709,36.17760155888281],[-86.78772442266254,36.178867846938346],[-86.78837116367886,36.180634595350995],[-86.7904772225004,36.18113507423855],[-86.79193649983922,36.17986876974552],[-86.79128967952683,36.178102002802945],[-86.7891836611709,36.17760155888281],[-86.7891836611709,36.17760155888281]]]},"properties":{"h3":"89264d133a7ffff","count":2,"c3":0,"c6":0,"c12":1,"c24":2,"score":1.1,"risk":5,"peakDay":"Tuesday","peakTime":"evening","hood":"","bk12":{"morning":1,"afternoon":0,"evening":0,"night":0},"bk24":{"morning":1,"afternoon":0,"evening":1,"night":0},"recent":[{"d":"2026-02-07","day":"Sat","time":"10:20","desc":"INTENTIONAL AGGRAVATED ASSAULT","res":"unsolved"},{"d":"2025-07-22","day":"Tue","time":"19:30","desc":"Assault, Aggravated - Deadly Weapon - Int/Kn","res":"unsolved"}]}},{"type":"Feature","geometry":{"type":"Polygon","coordinates":[[[-86.59974581642447,36.19529154594949],[-86.59828681793027,36.19655405078798],[-86.5989291988327,36.19831998177895],[-86.60103065758364,36.19882342677575],[-86.60248969537489,36.197560905665235],[-86.60184723511894,36.195794955830415],[-86.59974581642447,36.19529154594949],[-86.59974581642447,36.19529154594949]]]},"properties":{"h3":"89264d8c637ffff","count":1,"c3":0,"c6":0,"c12":0,"c24":1,"score":0.4,"risk":2,"peakDay":"Tuesday","peakTime":"night","hood":"","bk12":{"morning":0,"afternoon":0,"evening":0,"night":0},"bk24":{"morning":0,"afternoon":0,"evening":0,"night":1},"recent":[{"d":"2025-07-22","day":"Tue","time":"23:30","desc":"Assault, Aggravated - Strangulation - Int/Kn","res":"closed"}]}},{"type":"Feature","geometry":{"type":"Polygon","coordinates":[[[-86.79062704133737,36.19730034083428],[-86.78916752167444,36.198566355228884],[-86.78981441973906,36.200332956266955],[-86.79192091679337,36.200833561436745],[-86.79338047529811,36.199567530618886],[-86.79273349790748,36.197800911054976],[-86.79062704133737,36.19730034083428],[-86.79062704133737,36.19730034083428]]]},"properties":{"h3":"89264d13033ffff","count":1,"c3":0,"c6":0,"c12":0,"c24":1,"score":0.4,"risk":2,"peakDay":"Wednesday","peakTime":"night","hood":"","bk12":{"morning":0,"afternoon":0,"evening":0,"night":0},"bk24":{"morning":0,"afternoon":0,"evening":0,"night":1},"recent":[{"d":"2025-07-23","day":"Wed","time":"00:15","desc":"ROBBERY, AGGRAVATED, HANDGUN","res":"unsolved"}]}},{"type":"Feature","geometry":{"type":"Polygon","coordinates":[[[-86.69457332512043,36.29211149612195],[-86.69311271153427,36.293374279272],[-86.69375793452596,36.295139800664984],[-86.69586385059225,36.29564255758571],[-86.6973245033223,36.294379758163046],[-86.69667920084296,36.29261421809275],[-86.69457332512043,36.29211149612195],[-86.69457332512043,36.29211149612195]]]},"properties":{"h3":"89264d8852fffff","count":2,"c3":0,"c6":0,"c12":0,"c24":2,"score":0.9,"risk":4,"peakDay":"Wednesday","peakTime":"morning","hood":"","bk12":{"morning":0,"afternoon":0,"evening":0,"night":0},"bk24":{"morning":1,"afternoon":0,"evening":0,"night":1},"recent":[{"d":"2025-08-31","day":"Sun","time":"22:45","desc":"ROBBERY","res":"closed"},{"d":"2025-07-23","day":"Wed","time":"09:50","desc":"INTENTIONAL AGGRAVATED ASSAULT","res":"closed"}]}},{"type":"Feature","geometry":{"type":"Polygon","coordinates":[[[-86.90832005309451,36.109015013653796],[-86.90686148674925,36.110284550240024],[-86.90751060697205,36.11205224532831],[-86.9096183727105,36.11255042216743],[-86.91107697754818,36.11128086899566],[-86.9104277781558,36.109513155570795],[-86.90832005309451,36.109015013653796],[-86.90832005309451,36.109015013653796]]]},"properties":{"h3":"89264d18523ffff","count":1,"c3":0,"c6":0,"c12":0,"c24":1,"score":0.4,"risk":2,"peakDay":"Wednesday","peakTime":"morning","hood":"","bk12":{"morning":0,"afternoon":0,"evening":0,"night":0},"bk24":{"morning":1,"afternoon":0,"evening":0,"night":0},"recent":[{"d":"2025-07-23","day":"Wed","time":"10:55","desc":"INTENTIONAL AGGRAVATED ASSAULT","res":"unsolved"}]}},{"type":"Feature","geometry":{"type":"Polygon","coordinates":[[[-86.75384661485589,36.19661684898834],[-86.75238719746504,36.1978821922214],[-86.75303322365117,36.19964866821497],[-86.75513874656019,36.200149819563194],[-86.75659820288068,36.19888445993564],[-86.75595209736328,36.19711796535486],[-86.75384661485589,36.19661684898834],[-86.75384661485589,36.19661684898834]]]},"properties":{"h3":"89264d122c7ffff","count":1,"c3":0,"c6":0,"c12":0,"c24":1,"score":0.4,"risk":2,"peakDay":"Wednesday","peakTime":"afternoon","hood":"","bk12":{"morning":0,"afternoon":0,"evening":0,"night":0},"bk24":{"morning":0,"afternoon":1,"evening":0,"night":0},"recent":[{"d":"2025-07-23","day":"Wed","time":"15:45","desc":"INTENTIONAL AGGRAVATED ASSAULT","res":"closed"}]}},{"type":"Feature","geometry":{"type":"Polygon","coordinates":[[[-86.65157711653849,36.08996468132147],[-86.65011946420856,36.091229752725425],[-86.6507624146724,36.09299667892731],[-86.65286309665147,36.093498552492136],[-86.65432078807524,36.09223346469167],[-86.6536777584269,36.09046651972336],[-86.65157711653849,36.08996468132147],[-86.65157711653849,36.08996468132147]]]},"properties":{"h3":"89264d170a3ffff","count":1,"c3":0,"c6":0,"c12":0,"c24":1,"score":0.4,"risk":2,"peakDay":"Wednesday","peakTime":"afternoon","hood":"","bk12":{"morning":0,"afternoon":0,"evening":0,"night":0},"bk24":{"morning":0,"afternoon":1,"evening":0,"night":0},"recent":[{"d":"2025-07-23","day":"Wed","time":"16:00","desc":"ASSAULT","res":"closed"}]}},{"type":"Feature","geometry":{"type":"Polygon","coordinates":[[[-86.6689155624744,36.23763205761211],[-86.66745578470407,36.238895199039646],[-86.66810006209309,36.24066105326058],[-86.6702041966612,36.24116378477946],[-86.67166401359555,36.23990062705743],[-86.67101965679855,36.23813475411148],[-86.6689155624744,36.23763205761211],[-86.6689155624744,36.23763205761211]]]},"properties":{"h3":"89264d8899bffff","count":2,"c3":0,"c6":0,"c12":0,"c24":2,"score":0.9,"risk":4,"peakDay":"Wednesday","peakTime":"evening","hood":"","bk12":{"morning":0,"afternoon":0,"evening":0,"night":0},"bk24":{"morning":1,"afternoon":0,"evening":1,"night":0},"recent":[{"d":"2025-08-17","day":"Sun","time":"09:00","desc":"INTENTIONAL AGGRAVATED ASSAULT","res":"unsolved"},{"d":"2025-07-23","day":"Wed","time":"19:30","desc":"ASSAULT","res":"unsolved"}]}},{"type":"Feature","geometry":{"type":"Polygon","coordinates":[[[-86.71811027554051,36.26710545392006],[-86.7166499547328,36.26836905695458],[-86.7172955774251,36.27013485776527],[-86.71940160037131,36.270637074182396],[-86.72086196024752,36.269373454836966],[-86.72021625810984,36.26760763538581],[-86.71811027554051,36.26710545392006],[-86.71811027554051,36.26710545392006]]]},"properties":{"h3":"89264d88ecbffff","count":1,"c3":0,"c6":0,"c12":0,"c24":1,"score":0.4,"risk":2,"peakDay":"Wednesday","peakTime":"evening","hood":"","bk12":{"morning":0,"afternoon":0,"evening":0,"night":0},"bk24":{"morning":0,"afternoon":0,"evening":1,"night":0},"recent":[{"d":"2025-07-23","day":"Wed","time":"21:42","desc":"INTENTIONAL AGGRAVATED ASSAULT","res":"unsolved"}]}},{"type":"Feature","geometry":{"type":"Polygon","coordinates":[[[-86.76829370648568,36.16779605184969],[-86.76683465860991,36.169062102313816],[-86.76748084578723,36.17082885238197],[-86.7695861601258,36.17132957055208],[-86.77104524687486,36.17006350365939],[-86.77039898041288,36.16829673502564],[-86.76829370648568,36.16779605184969],[-86.76829370648568,36.16779605184969]]]},"properties":{"h3":"89264d1044fffff","count":4,"c3":0,"c6":0,"c12":0,"c24":4,"score":1.8,"risk":9,"peakDay":"Thursday","peakTime":"night","hood":"","bk12":{"morning":0,"afternoon":0,"evening":0,"night":0},"bk24":{"morning":1,"afternoon":0,"evening":1,"night":2},"recent":[{"d":"2025-08-11","day":"Mon","time":"01:20","desc":"ROBBERY- AGG.- SERIOUS BODILY INJURY","res":"unsolved"},{"d":"2025-07-30","day":"Wed","time":"08:30","desc":"INTENTIONAL AGGRAVATED ASSAULT","res":"closed"},{"d":"2025-07-27","day":"Sun","time":"21:22","desc":"INTENTIONAL AGGRAVATED ASSAULT","res":"unsolved"},{"d":"2025-07-24","day":"Thu","time":"01:30","desc":"ROBBERY","res":"unsolved"}]}},{"type":"Feature","geometry":{"type":"Polygon","coordinates":[[[-86.71881669948759,36.22697228793366],[-86.71735694331022,36.22823651808914],[-86.71800233225328,36.230002633926865],[-86.72010755675817,36.230504538252525],[-86.72156735197207,36.22924029175425],[-86.72092188364535,36.227474157273605],[-86.71881669948759,36.22697228793366],[-86.71881669948759,36.22697228793366]]]},"properties":{"h3":"89264d1249bffff","count":2,"c3":0,"c6":0,"c12":0,"c24":2,"score":0.9,"risk":4,"peakDay":"Thursday","peakTime":"morning","hood":"","bk12":{"morning":0,"afternoon":0,"evening":0,"night":0},"bk24":{"morning":1,"afternoon":0,"evening":0,"night":1},"recent":[{"d":"2025-08-09","day":"Sat","time":"22:10","desc":"ASSAULT, AGGRAVATED - DEADLY WEAPON - INT/KN FROM MOT VEH","res":"unsolved"},{"d":"2025-07-24","day":"Thu","time":"10:55","desc":"INTENTIONAL AGGRAVATED ASSAULT","res":"unsolved"}]}},{"type":"Feature","geometry":{"type":"Polygon","coordinates":[[[-86.68980014599644,36.14748465151582],[-86.68834158476082,36.14874955651484],[-86.68898579400849,36.15051618187638],[-86.69108864375912,36.15101792093747],[-86.69254724404075,36.14975299955661],[-86.69190295552653,36.14798635549699],[-86.68980014599644,36.14748465151582],[-86.68980014599644,36.14748465151582]]]},"properties":{"h3":"89264d1288fffff","count":3,"c3":0,"c6":0,"c12":1,"c24":3,"score":1.4,"risk":7,"peakDay":"Thursday","peakTime":"afternoon","hood":"","bk12":{"morning":0,"afternoon":0,"evening":1,"night":0},"bk24":{"morning":0,"afternoon":2,"evening":1,"night":0},"recent":[{"d":"2025-11-08","day":"Sat","time":"19:28","desc":"Assault, Aggravated - Strangulation - Int/Kn","res":"unsolved"},{"d":"2025-08-25","day":"Mon","time":"15:30","desc":"INTENTIONAL AGGRAVATED ASSAULT","res":"unsolved"},{"d":"2025-07-24","day":"Thu","time":"15:15","desc":"ROBBERY- CARJACKING","res":"unsolved"}]}},{"type":"Feature","geometry":{"type":"Polygon","coordinates":[[[-86.78105684476697,36.20792797922871],[-86.7795971993046,36.20919365410799],[-86.78024393800568,36.210960138902166],[-86.78235040151385,36.21146096735843],[-86.783810085849,36.2101952760718],[-86.78316326780397,36.20842877273674],[-86.78105684476697,36.20792797922871],[-86.78105684476697,36.20792797922871]]]},"properties":{"h3":"89264d13543ffff","count":8,"c3":0,"c6":0,"c12":2,"c24":8,"score":3.9,"risk":20,"peakDay":"Saturday","peakTime":"afternoon","hood":"","bk12":{"morning":1,"afternoon":1,"evening":0,"night":0},"bk24":{"morning":2,"afternoon":4,"evening":1,"night":1},"recent":[{"d":"2026-02-25","day":"Wed","time":"06:23","desc":"Assault, Aggravated - Deadly Weapon - Int/Kn","res":"unsolved"},{"d":"2025-11-08","day":"Sat","time":"15:30","desc":"INTENTIONAL AGGRAVATED ASSAULT","res":"unsolved"},{"d":"2025-09-19","day":"Fri","time":"12:30","desc":"Assault, Aggravated - Deadly Weapon - Int/Kn","res":"unsolved"},{"d":"2025-09-02","day":"Tue","time":"10:40","desc":"AGGRAV ASSLT - FAMILY-GUN","res":"unsolved"},{"d":"2025-08-31","day":"Sun","time":"16:00","desc":"ROBBERY","res":"unsolved"},{"d":"2025-08-20","day":"Wed","time":"16:50","desc":"INTENTIONAL AGGRAVATED ASSAULT","res":"unsolved"},{"d":"2025-08-02","day":"Sat","time":"02:15","desc":"Assault, Aggravated - Deadly Weapon - Int/Kn","res":"unsolved"},{"d":"2025-07-24","day":"Thu","time":"21:00","desc":"ROBBERY","res":"unsolved"}]}},{"type":"Feature","geometry":{"type":"Polygon","coordinates":[[[-86.78905025888538,36.14046481612301],[-86.78759154355922,36.14173166729765],[-86.788238049708,36.14349870156376],[-86.79034335042302,36.14399890318893],[-86.79180210455218,36.142732035547795],[-86.79115551916412,36.14096498274846],[-86.78905025888538,36.14046481612301],[-86.78905025888538,36.14046481612301]]]},"properties":{"h3":"89264d1020fffff","count":2,"c3":0,"c6":0,"c12":1,"c24":2,"score":0.9,"risk":5,"peakDay":"Thursday","peakTime":"evening","hood":"","bk12":{"morning":1,"afternoon":0,"evening":0,"night":0},"bk24":{"morning":1,"afternoon":0,"evening":1,"night":0},"recent":[{"d":"2025-10-08","day":"Wed","time":"06:00","desc":"INTENTIONAL AGGRAVATED ASSAULT","res":"closed"},{"d":"2025-07-24","day":"Thu","time":"21:44","desc":"AGGRAV ASSLT - NONFAMILY-WEAPON","res":"closed"}]}},{"type":"Feature","geometry":{"type":"Polygon","coordinates":[[[-86.79762255518798,36.15863500179699],[-86.79616356264773,36.159901735144025],[-86.79681038426762,36.161668659843954],[-86.79891627769415,36.162168869714776],[-86.80037530903041,36.16090211990866],[-86.79972840814494,36.1591351766913],[-86.79762255518798,36.15863500179699],[-86.79762255518798,36.15863500179699]]]},"properties":{"h3":"89264d115a3ffff","count":5,"c3":0,"c6":0,"c12":1,"c24":5,"score":2.3,"risk":12,"peakDay":"Friday","peakTime":"afternoon","hood":"","bk12":{"morning":0,"afternoon":1,"evening":0,"night":0},"bk24":{"morning":2,"afternoon":3,"evening":0,"night":0},"recent":[{"d":"2025-10-22","day":"Wed","time":"15:42","desc":"Assault, Aggravated - Deadly Weapon - Int/Kn - In Concert","res":"closed"},{"d":"2025-09-17","day":"Wed","time":"10:00","desc":"INTENTIONAL AGGRAVATED ASSAULT","res":"unsolved"},{"d":"2025-08-22","day":"Fri","time":"14:30","desc":"INTENTIONAL AGGRAVATED ASSAULT","res":"unsolved"},{"d":"2025-07-26","day":"Sat","time":"14:00","desc":"Assault, Aggravated - Deadly Weapon - Reckless","res":"unsolved"},{"d":"2025-07-25","day":"Fri","time":"10:00","desc":"ROBBERY","res":"unsolved"}]}},{"type":"Feature","geometry":{"type":"Polygon","coordinates":[[[-86.76247896476332,36.15189465729278],[-86.76102015547386,36.15316084224741],[-86.76166610637645,36.15492769415894],[-86.76377094583063,36.15542837969294],[-86.7652297939954,36.15416217830193],[-86.76458376383148,36.152395307813784],[-86.76247896476332,36.15189465729278],[-86.76247896476332,36.15189465729278]]]},"properties":{"h3":"89264d10013ffff","count":1,"c3":0,"c6":0,"c12":0,"c24":1,"score":0.4,"risk":2,"peakDay":"Friday","peakTime":"morning","hood":"","bk12":{"morning":0,"afternoon":0,"evening":0,"night":0},"bk24":{"morning":1,"afternoon":0,"evening":0,"night":0},"recent":[{"d":"2025-07-25","day":"Fri","time":"10:00","desc":"INTENTIONAL AGGRAVATED ASSAULT","res":"closed"}]}},{"type":"Feature","geometry":{"type":"Polygon","coordinates":[[[-86.64883364164352,36.087695867052034],[-86.6473760284123,36.088960922059904],[-86.6480189001037,36.09072785551077],[-86.65011946420856,36.091229752725425],[-86.65157711653849,36.08996468132147],[-86.65093416566562,36.08819772909943],[-86.64883364164352,36.087695867052034],[-86.64883364164352,36.087695867052034]]]},"properties":{"h3":"89264d170a7ffff","count":4,"c3":0,"c6":0,"c12":0,"c24":4,"score":1.8,"risk":9,"peakDay":"Friday","peakTime":"night","hood":"","bk12":{"morning":0,"afternoon":0,"evening":0,"night":0},"bk24":{"morning":1,"afternoon":0,"evening":1,"night":2},"recent":[{"d":"2025-10-02","day":"Thu","time":"00:10","desc":"INTENTIONAL AGGRAVATED ASSAULT","res":"unsolved"},{"d":"2025-08-02","day":"Sat","time":"23:30","desc":"INTENTIONAL AGGRAVATED ASSAULT","res":"unsolved"},{"d":"2025-07-29","day":"Tue","time":"17:30","desc":"INTENTIONAL AGGRAVATED ASSAULT","res":"unsolved"},{"d":"2025-07-25","day":"Fri","time":"11:33","desc":"ROBBERY, AGGRAVATED, KNIFE","res":"unsolved"}]}},{"type":"Feature","geometry":{"type":"Polygon","coordinates":[[[-86.58112634153026,36.027933697312896],[-86.57966974771348,36.02919840365281],[-86.58031065277305,36.03096554021494],[-86.58240823075039,36.031467989326146],[-86.58386486378164,36.03020326659718],[-86.58322387962187,36.02843611114653],[-86.58112634153026,36.027933697312896],[-86.58112634153026,36.027933697312896]]]},"properties":{"h3":"89264d16a17ffff","count":2,"c3":0,"c6":0,"c12":0,"c24":2,"score":0.9,"risk":4,"peakDay":"Friday","peakTime":"afternoon","hood":"","bk12":{"morning":0,"afternoon":0,"evening":0,"night":0},"bk24":{"morning":0,"afternoon":1,"evening":1,"night":0},"recent":[{"d":"2025-08-31","day":"Sun","time":"21:00","desc":"ASSAULT, AGG - DEADLY WEAPON - RECKLESS-IN CONCERT","res":"unsolved"},{"d":"2025-07-25","day":"Fri","time":"12:05","desc":"INTENTIONAL AGGRAVATED ASSAULT","res":"unsolved"}]}},{"type":"Feature","geometry":{"type":"Polygon","coordinates":[[[-86.70985640526767,36.26030125851107],[-86.70839620169481,36.26156481261541],[-86.70904158704398,36.26333063710539],[-86.71114725540309,36.26383292614633],[-86.71260749805913,36.262569355732374],[-86.71196203327366,36.26080351258757],[-86.70985640526767,36.26030125851107],[-86.70985640526767,36.26030125851107]]]},"properties":{"h3":"89264d88e03ffff","count":1,"c3":0,"c6":0,"c12":0,"c24":1,"score":0.4,"risk":2,"peakDay":"Friday","peakTime":"afternoon","hood":"","bk12":{"morning":0,"afternoon":0,"evening":0,"night":0},"bk24":{"morning":0,"afternoon":1,"evening":0,"night":0},"recent":[{"d":"2025-07-25","day":"Fri","time":"13:35","desc":"INTENTIONAL AGGRAVATED ASSAULT","res":"closed"}]}},{"type":"Feature","geometry":{"type":"Polygon","coordinates":[[[-86.89989606124344,36.128007853956966],[-86.89843724821371,36.12927694626594],[-86.899086288821,36.13104446589963],[-86.90119422165894,36.13154291157402],[-86.90265307321549,36.13027380270104],[-86.9020039534081,36.12850626471817],[-86.89989606124344,36.128007853956966],[-86.89989606124344,36.128007853956966]]]},"properties":{"h3":"89264d1a327ffff","count":1,"c3":0,"c6":0,"c12":0,"c24":1,"score":0.4,"risk":2,"peakDay":"Friday","peakTime":"afternoon","hood":"","bk12":{"morning":0,"afternoon":0,"evening":0,"night":0},"bk24":{"morning":0,"afternoon":1,"evening":0,"night":0},"recent":[{"d":"2025-07-25","day":"Fri","time":"15:45","desc":"Assault, Aggravated - Deadly Weapon - Int/Kn","res":"unsolved"}]}},{"type":"Feature","geometry":{"type":"Polygon","coordinates":[[[-86.75867054461457,36.07837800564384],[-86.75721277894952,36.0796452376773],[-86.75785818227266,36.08141263888185],[-86.75996143041134,36.08191282664229],[-86.76141923490574,36.08064557811771],[-86.76077375243294,36.07887815832431],[-86.75867054461457,36.07837800564384],[-86.75867054461457,36.07837800564384]]]},"properties":{"h3":"89264d0249bffff","count":2,"c3":0,"c6":0,"c12":0,"c24":2,"score":0.9,"risk":4,"peakDay":"Friday","peakTime":"evening","hood":"","bk12":{"morning":0,"afternoon":0,"evening":0,"night":0},"bk24":{"morning":0,"afternoon":0,"evening":1,"night":1},"recent":[{"d":"2025-08-19","day":"Tue","time":"23:35","desc":"INTENTIONAL AGGRAVATED ASSAULT","res":"unsolved"},{"d":"2025-07-25","day":"Fri","time":"20:00","desc":"INTENTIONAL AGGRAVATED ASSAULT","res":"unsolved"}]}},{"type":"Feature","geometry":{"type":"Polygon","coordinates":[[[-86.63541688523698,36.08771589522441],[-86.63395930701746,36.08898070111227],[-86.63460186239759,36.09074758543703],[-86.63670207518159,36.091249682667915],[-86.63815969253176,36.08998486039473],[-86.6375170579681,36.08821795727645],[-86.63541688523698,36.08771589522441],[-86.63541688523698,36.08771589522441]]]},"properties":{"h3":"89264d1752bffff","count":2,"c3":0,"c6":0,"c12":1,"c24":2,"score":1,"risk":5,"peakDay":"Friday","peakTime":"evening","hood":"","bk12":{"morning":0,"afternoon":0,"evening":0,"night":1},"bk24":{"morning":0,"afternoon":0,"evening":1,"night":1},"recent":[{"d":"2025-11-27","day":"Thu","time":"22:15","desc":"INTENTIONAL AGGRAVATED ASSAULT","res":"closed"},{"d":"2025-07-25","day":"Fri","time":"20:00","desc":"INTENTIONAL AGGRAVATED ASSAULT","res":"closed"}]}},{"type":"Feature","geometry":{"type":"Polygon","coordinates":[[[-86.75872610238412,36.17842409248391],[-86.75726692898708,36.17968980365634],[-86.75791295679417,36.18145643767673],[-86.76001823730168,36.181957379105825],[-86.76147744960295,36.18069165152078],[-86.76083134249329,36.17892499891973],[-86.75872610238412,36.17842409248391],[-86.75872610238412,36.17842409248391]]]},"properties":{"h3":"89264d104d7ffff","count":4,"c3":0,"c6":0,"c12":1,"c24":4,"score":1.9,"risk":10,"peakDay":"Friday","peakTime":"evening","hood":"","bk12":{"morning":0,"afternoon":0,"evening":1,"night":0},"bk24":{"morning":0,"afternoon":0,"evening":2,"night":2},"recent":[{"d":"2025-12-18","day":"Thu","time":"19:50","desc":"AGGRAV ASSLT - NONFAMILY-GUN","res":"unsolved"},{"d":"2025-08-18","day":"Mon","time":"23:30","desc":"AGGRAV ASSLT - NONFAMILY-WEAPON","res":"unsolved"},{"d":"2025-08-02","day":"Sat","time":"22:00","desc":"INTENTIONAL AGGRAVATED ASSAULT","res":"unsolved"},{"d":"2025-07-25","day":"Fri","time":"20:25","desc":"Assault, Aggravated - Deadly Weapon - Int/Kn","res":"unsolved"}]}},{"type":"Feature","geometry":{"type":"Polygon","coordinates":[[[-86.65226047692373,36.149810498580486],[-86.65080198069232,36.15107467192335],[-86.65144531871492,36.15284114362999],[-86.65354723224563,36.15334346075464],[-86.65500576761445,36.15207927106185],[-86.65436235031594,36.15031278059482],[-86.65226047692373,36.149810498580486],[-86.65226047692373,36.149810498580486]]]},"properties":{"h3":"89264d8de7bffff","count":1,"c3":0,"c6":0,"c12":0,"c24":1,"score":0.4,"risk":2,"peakDay":"Friday","peakTime":"evening","hood":"","bk12":{"morning":0,"afternoon":0,"evening":0,"night":0},"bk24":{"morning":0,"afternoon":0,"evening":1,"night":0},"recent":[{"d":"2025-07-25","day":"Fri","time":"21:14","desc":"INTENTIONAL AGGRAVATED ASSAULT","res":"closed"}]}},{"type":"Feature","geometry":{"type":"Polygon","coordinates":[[[-86.73007340667323,36.0473633181655],[-86.72861614952134,36.04863049094617],[-86.72926068613332,36.05039802503521],[-86.73136255900502,36.05089840498295],[-86.73281985503145,36.04963121570945],[-86.73217523931241,36.0478636629815],[-86.73007340667323,36.0473633181655],[-86.73007340667323,36.0473633181655]]]},"properties":{"h3":"89264d152dbffff","count":1,"c3":0,"c6":0,"c12":0,"c24":1,"score":0.4,"risk":2,"peakDay":"Friday","peakTime":"evening","hood":"","bk12":{"morning":0,"afternoon":0,"evening":0,"night":0},"bk24":{"morning":0,"afternoon":0,"evening":1,"night":0},"recent":[{"d":"2025-07-25","day":"Fri","time":"21:48","desc":"ROBBERY, AGGRAVATED, HANDGUN","res":"unsolved"}]}},{"type":"Feature","geometry":{"type":"Polygon","coordinates":[[[-86.6577930995641,36.05433824267114],[-86.65633593164048,36.05560397028548],[-86.65697880781015,36.057371189409075],[-86.65907893103336,36.057872699677674],[-86.6605361380092,36.05660695563372],[-86.65989318271036,36.05483971775128],[-86.6577930995641,36.05433824267114],[-86.6577930995641,36.05433824267114]]]},"properties":{"h3":"89264d14643ffff","count":1,"c3":0,"c6":0,"c12":0,"c24":1,"score":0.4,"risk":2,"peakDay":"Friday","peakTime":"night","hood":"","bk12":{"morning":0,"afternoon":0,"evening":0,"night":0},"bk24":{"morning":0,"afternoon":0,"evening":0,"night":1},"recent":[{"d":"2025-07-25","day":"Fri","time":"23:00","desc":"AGGRAV ASSLT - FAMILY-GUN","res":"closed"}]}},{"type":"Feature","geometry":{"type":"Polygon","coordinates":[[[-86.7498986077958,36.24888804145958],[-86.74843846319469,36.25015251286265],[-86.74908472252574,36.25191856874951],[-86.75119120587082,36.25242017182296],[-86.75265138945039,36.25115568406937],[-86.75200505070723,36.24938960959332],[-86.7498986077958,36.24888804145958],[-86.7498986077958,36.24888804145958]]]},"properties":{"h3":"89264d898a3ffff","count":1,"c3":0,"c6":0,"c12":0,"c24":1,"score":0.4,"risk":2,"peakDay":"Saturday","peakTime":"night","hood":"","bk12":{"morning":0,"afternoon":0,"evening":0,"night":0},"bk24":{"morning":0,"afternoon":0,"evening":0,"night":1},"recent":[{"d":"2025-07-26","day":"Sat","time":"02:05","desc":"Assault, Aggravated - Deadly Weapon - Int/Kn","res":"unsolved"}]}},{"type":"Feature","geometry":{"type":"Polygon","coordinates":[[[-86.7464502591151,36.28675443791784],[-86.74498958857826,36.28801826561222],[-86.74563600313492,36.289784013326006],[-86.74774316770007,36.290285951937356],[-86.74920387725219,36.28902210792467],[-86.74855738322468,36.28725634161943],[-86.7464502591151,36.28675443791784],[-86.7464502591151,36.28675443791784]]]},"properties":{"h3":"89264d8823bffff","count":1,"c3":0,"c6":0,"c12":0,"c24":1,"score":0.4,"risk":2,"peakDay":"Saturday","peakTime":"night","hood":"","bk12":{"morning":0,"afternoon":0,"evening":0,"night":0},"bk24":{"morning":0,"afternoon":0,"evening":0,"night":1},"recent":[{"d":"2025-07-26","day":"Sat","time":"02:20","desc":"ASSAULT","res":"closed"}]}},{"type":"Feature","geometry":{"type":"Polygon","coordinates":[[[-86.807999943442,36.1449653159208],[-86.80654111741362,36.14623244955541],[-86.80718809837424,36.147999516277245],[-86.80929398460694,36.14849946786621],[-86.81075284939615,36.147232317753584],[-86.81010578919265,36.1454652325305],[-86.807999943442,36.1449653159208],[-86.807999943442,36.1449653159208]]]},"properties":{"h3":"89264d11183ffff","count":2,"c3":0,"c6":0,"c12":0,"c24":2,"score":0.9,"risk":4,"peakDay":"Saturday","peakTime":"morning","hood":"","bk12":{"morning":0,"afternoon":0,"evening":0,"night":0},"bk24":{"morning":1,"afternoon":0,"evening":1,"night":0},"recent":[{"d":"2025-08-21","day":"Thu","time":"21:30","desc":"INTENTIONAL AGGRAVATED ASSAULT","res":"closed"},{"d":"2025-07-26","day":"Sat","time":"11:10","desc":"Assault, Aggravated - Strangulation - Int/Kn","res":"closed"}]}},{"type":"Feature","geometry":{"type":"Polygon","coordinates":[[[-86.72348233565702,36.134545167263866],[-86.72202386982546,36.13581089369578],[-86.72266879303898,36.137577739495946],[-86.72477226132618,36.138078877507716],[-86.72623076611349,36.13681313465688],[-86.72558576365869,36.13504627021368],[-86.72348233565702,36.134545167263866],[-86.72348233565702,36.134545167263866]]]},"properties":{"h3":"89264d12a73ffff","count":2,"c3":0,"c6":0,"c12":0,"c24":2,"score":0.9,"risk":5,"peakDay":"Saturday","peakTime":"morning","hood":"","bk12":{"morning":0,"afternoon":0,"evening":0,"night":0},"bk24":{"morning":1,"afternoon":0,"evening":0,"night":1},"recent":[{"d":"2025-09-12","day":"Fri","time":"22:44","desc":"Assault, Aggravated - Deadly Weapon - Int/Kn","res":"closed"},{"d":"2025-07-26","day":"Sat","time":"11:50","desc":"ASSAULT","res":"closed"}]}},{"type":"Feature","geometry":{"type":"Polygon","coordinates":[[[-86.71482479907965,36.079237947924746],[-86.71336713328375,36.080504354658174],[-86.71401150848126,36.08227159174945],[-86.71611362863366,36.08277244076972],[-86.71757133336446,36.08150601758078],[-86.71692687900872,36.07973876182758],[-86.71482479907965,36.079237947924746],[-86.71482479907965,36.079237947924746]]]},"properties":{"h3":"89264d1090bffff","count":1,"c3":0,"c6":0,"c12":0,"c24":1,"score":0.4,"risk":2,"peakDay":"Saturday","peakTime":"afternoon","hood":"","bk12":{"morning":0,"afternoon":0,"evening":0,"night":0},"bk24":{"morning":0,"afternoon":1,"evening":0,"night":0},"recent":[{"d":"2025-07-26","day":"Sat","time":"13:00","desc":"AGGRAV ASSLT - FAMILY-WEAPON","res":"closed"}]}},{"type":"Feature","geometry":{"type":"Polygon","coordinates":[[[-86.70648277229989,36.035288200736005],[-86.70502574531834,36.03655511951374],[-86.7056696510459,36.03832265973279],[-86.70777066284833,36.03882329985375],[-86.7092277287517,36.03755636459244],[-86.70858374393161,36.035788805694224],[-86.70648277229989,36.035288200736005],[-86.70648277229989,36.035288200736005]]]},"properties":{"h3":"89264d1506bffff","count":1,"c3":0,"c6":0,"c12":0,"c24":1,"score":0.4,"risk":2,"peakDay":"Saturday","peakTime":"evening","hood":"","bk12":{"morning":0,"afternoon":0,"evening":0,"night":0},"bk24":{"morning":0,"afternoon":0,"evening":1,"night":0},"recent":[{"d":"2025-07-26","day":"Sat","time":"21:00","desc":"AGGRAV ASSLT - FAMILY-WEAPON","res":"closed"}]}},{"type":"Feature","geometry":{"type":"Polygon","coordinates":[[[-86.64981487943344,36.15890217118372],[-86.64835626156508,36.1601661605809],[-86.64899959835526,36.16193255365793],[-86.65110163230473,36.16243497610201],[-86.65256028932315,36.16117097036401],[-86.6519168732428,36.159404558523256],[-86.64981487943344,36.15890217118372],[-86.64981487943344,36.15890217118372]]]},"properties":{"h3":"89264d8decfffff","count":1,"c3":0,"c6":0,"c12":0,"c24":1,"score":0.4,"risk":2,"peakDay":"Saturday","peakTime":"evening","hood":"","bk12":{"morning":0,"afternoon":0,"evening":0,"night":0},"bk24":{"morning":0,"afternoon":0,"evening":1,"night":0},"recent":[{"d":"2025-07-26","day":"Sat","time":"21:05","desc":"INTENTIONAL AGGRAVATED ASSAULT","res":"unsolved"}]}},{"type":"Feature","geometry":{"type":"Polygon","coordinates":[[[-86.77867280727882,36.154132177447764],[-86.77721392564719,36.15539862834835],[-86.77786027236087,36.157165520604],[-86.77996557996893,36.15766598050898],[-86.78142450043872,36.15639951316088],[-86.78077807446304,36.15463260235581],[-86.77867280727882,36.154132177447764],[-86.77867280727882,36.154132177447764]]]},"properties":{"h3":"89264d1062fffff","count":1,"c3":0,"c6":0,"c12":0,"c24":1,"score":0.4,"risk":2,"peakDay":"Saturday","peakTime":"evening","hood":"","bk12":{"morning":0,"afternoon":0,"evening":0,"night":0},"bk24":{"morning":0,"afternoon":0,"evening":1,"night":0},"recent":[{"d":"2025-07-26","day":"Sat","time":"21:25","desc":"Assault, Aggravated - Deadly Weapon - Int/Kn","res":"closed"}]}},{"type":"Feature","geometry":{"type":"Polygon","coordinates":[[[-86.75941646733344,36.138259937530194],[-86.75795785770607,36.13952627330967],[-86.75860365142304,36.14129321914078],[-86.76070813400916,36.14179384777572],[-86.76216678250897,36.140527495551595],[-86.76152090955104,36.13876053113765],[-86.75941646733344,36.138259937530194],[-86.75941646733344,36.138259937530194]]]},"properties":{"h3":"89264d1002fffff","count":3,"c3":0,"c6":0,"c12":1,"c24":3,"score":1.5,"risk":7,"peakDay":"Saturday","peakTime":"night","hood":"","bk12":{"morning":1,"afternoon":0,"evening":0,"night":0},"bk24":{"morning":1,"afternoon":1,"evening":0,"night":1},"recent":[{"d":"2025-12-11","day":"Thu","time":"08:10","desc":"INTENTIONAL AGGRAVATED ASSAULT","res":"unsolved"},{"d":"2025-08-18","day":"Mon","time":"15:00","desc":"AGGRAV ASSLT - NONFAMILY-WEAPON","res":"unsolved"},{"d":"2025-07-26","day":"Sat","time":"22:35","desc":"Assault, Aggravated - Deadly Weapon - Int/Kn","res":"unsolved"}]}},{"type":"Feature","geometry":{"type":"Polygon","coordinates":[[[-86.69967179845858,36.04819138515069],[-86.69821460789376,36.049457982158486],[-86.6988584331557,36.05122540008683],[-86.70095952809646,36.0517262396974],[-86.702416757609,36.05045962622166],[-86.70177285323383,36.048692189603784],[-86.69967179845858,36.04819138515069],[-86.69967179845858,36.04819138515069]]]},"properties":{"h3":"89264d150c7ffff","count":2,"c3":0,"c6":0,"c12":0,"c24":2,"score":0.9,"risk":5,"peakDay":"Sunday","peakTime":"night","hood":"","bk12":{"morning":0,"afternoon":0,"evening":0,"night":0},"bk24":{"morning":1,"afternoon":0,"evening":0,"night":1},"recent":[{"d":"2025-09-22","day":"Mon","time":"06:02","desc":"ASSAULT, AGGRAVATED - DEADLY WEAPON - INT/KN FROM MOT VEH","res":"unsolved"},{"d":"2025-07-27","day":"Sun","time":"00:00","desc":"AGGRAV ASSLT - NONFAMILY-WEAPON","res":"unsolved"}]}},{"type":"Feature","geometry":{"type":"Polygon","coordinates":[[[-86.71939659711633,36.04966321600094],[-86.71793933505018,36.05093015613807],[-86.71858363433036,36.05269763427509],[-86.72068527478982,36.053198190932015],[-86.72214257575772,36.05193123431239],[-86.72149819736521,36.050163737518815],[-86.71939659711633,36.04966321600094],[-86.71939659711633,36.04966321600094]]]},"properties":{"h3":"89264d15667ffff","count":4,"c3":0,"c6":0,"c12":1,"c24":4,"score":2.1,"risk":10,"peakDay":"Sunday","peakTime":"night","hood":"","bk12":{"morning":0,"afternoon":1,"evening":0,"night":0},"bk24":{"morning":1,"afternoon":1,"evening":1,"night":1},"recent":[{"d":"2026-02-15","day":"Sun","time":"12:00","desc":"ASSAULT, AGGRAVATED","res":"closed"},{"d":"2025-09-27","day":"Sat","time":"18:30","desc":"INTENTIONAL AGGRAVATED ASSAULT","res":"unsolved"},{"d":"2025-09-21","day":"Sun","time":"09:27","desc":"ROBBERY","res":"unsolved"},{"d":"2025-07-27","day":"Sun","time":"01:09","desc":"ASSAULT, AGG - DEADLY WEAPON - RECKLESS-IN CONCERT","res":"unsolved"}]}},{"type":"Feature","geometry":{"type":"Polygon","coordinates":[[[-86.6591213017055,36.03690350671463],[-86.6576643751648,36.03816952335124],[-86.65830717461813,36.03993687910421],[-86.66040697971535,36.04043823697902],[-86.66186394529194,36.039172203897934],[-86.66122106673622,36.03740482938699],[-86.6591213017055,36.03690350671463],[-86.6591213017055,36.03690350671463]]]},"properties":{"h3":"89264d142cfffff","count":3,"c3":0,"c6":0,"c12":0,"c24":3,"score":1.3,"risk":7,"peakDay":"Sunday","peakTime":"evening","hood":"","bk12":{"morning":0,"afternoon":0,"evening":0,"night":0},"bk24":{"morning":0,"afternoon":0,"evening":2,"night":1},"recent":[{"d":"2025-08-18","day":"Mon","time":"17:30","desc":"INTENTIONAL AGGRAVATED ASSAULT","res":"unsolved"},{"d":"2025-08-01","day":"Fri","time":"20:55","desc":"ROBBERY","res":"unsolved"},{"d":"2025-07-27","day":"Sun","time":"02:10","desc":"Assault, Aggravated - Deadly Weapon - Int/Kn","res":"unsolved"}]}},{"type":"Feature","geometry":{"type":"Polygon","coordinates":[[[-86.5912846730367,36.21421930120449],[-86.58982543011228,36.21548135965305],[-86.59046772873255,36.21724711376415],[-86.59256934966176,36.21775082828341],[-86.59402863191774,36.216488753584485],[-86.59338625391374,36.21472298061714],[-86.5912846730367,36.21421930120449],[-86.5912846730367,36.21421930120449]]]},"properties":{"h3":"89264d8c4cbffff","count":1,"c3":0,"c6":0,"c12":0,"c24":1,"score":0.4,"risk":2,"peakDay":"Sunday","peakTime":"morning","hood":"","bk12":{"morning":0,"afternoon":0,"evening":0,"night":0},"bk24":{"morning":1,"afternoon":0,"evening":0,"night":0},"recent":[{"d":"2025-07-27","day":"Sun","time":"11:10","desc":"INTENTIONAL AGGRAVATED ASSAULT","res":"closed"}]}},{"type":"Feature","geometry":{"type":"Polygon","coordinates":[[[-86.74477952147501,36.19284561795609],[-86.7433201802437,36.194110850671116],[-86.74396596899885,36.195877323583844],[-86.74607117831312,36.1963785823847],[-86.74753055849298,36.19511333327947],[-86.74688469041082,36.193346841764075],[-86.74477952147501,36.19284561795609],[-86.74477952147501,36.19284561795609]]]},"properties":{"h3":"89264d122bbffff","count":1,"c3":0,"c6":0,"c12":0,"c24":1,"score":0.4,"risk":2,"peakDay":"Sunday","peakTime":"afternoon","hood":"","bk12":{"morning":0,"afternoon":0,"evening":0,"night":0},"bk24":{"morning":0,"afternoon":1,"evening":0,"night":0},"recent":[{"d":"2025-07-27","day":"Sun","time":"14:20","desc":"INTENTIONAL AGGRAVATED ASSAULT","res":"closed"}]}},{"type":"Feature","geometry":{"type":"Polygon","coordinates":[[[-86.60904104003775,36.03623014895482],[-86.60758425513903,36.037495247265255],[-86.60822586972486,36.03926242443812],[-86.61032434831905,36.03976452214246],[-86.61178117237226,36.038499407427146],[-86.6111394786776,36.03673221141285],[-86.60904104003775,36.03623014895482],[-86.60904104003775,36.03623014895482]]]},"properties":{"h3":"89264d14563ffff","count":1,"c3":0,"c6":0,"c12":0,"c24":1,"score":0.4,"risk":2,"peakDay":"Sunday","peakTime":"night","hood":"","bk12":{"morning":0,"afternoon":0,"evening":0,"night":0},"bk24":{"morning":0,"afternoon":0,"evening":0,"night":1},"recent":[{"d":"2025-07-27","day":"Sun","time":"22:18","desc":"INTENTIONAL AGGRAVATED ASSAULT","res":"closed"}]}},{"type":"Feature","geometry":{"type":"Polygon","coordinates":[[[-86.70974313533715,36.12320485874796],[-86.70828486435727,36.12447050309151],[-86.70892939301245,36.12623738638517],[-86.71103227187453,36.12673864400261],[-86.7124905818345,36.125472983242204],[-86.71184597395312,36.12370608128168],[-86.70974313533715,36.12320485874796],[-86.70974313533715,36.12320485874796]]]},"properties":{"h3":"89264d12b43ffff","count":2,"c3":0,"c6":0,"c12":0,"c24":2,"score":0.9,"risk":4,"peakDay":"Monday","peakTime":"afternoon","hood":"","bk12":{"morning":0,"afternoon":0,"evening":0,"night":0},"bk24":{"morning":0,"afternoon":2,"evening":0,"night":0},"recent":[{"d":"2025-08-12","day":"Tue","time":"16:00","desc":"INTENTIONAL AGGRAVATED ASSAULT","res":"closed"},{"d":"2025-07-28","day":"Mon","time":"13:50","desc":"Assault, Aggravated - Deadly Weapon - Int/Kn","res":"closed"}]}},{"type":"Feature","geometry":{"type":"Polygon","coordinates":[[[-86.74911113317194,36.089014970887916],[-86.74765324229077,36.09028186437975],[-86.74829848647653,36.09204915027254],[-86.75040170071176,36.092549561277956],[-86.75185963045317,36.091282651311005],[-86.75121430709989,36.089515346814245],[-86.74911113317194,36.089014970887916],[-86.74911113317194,36.089014970887916]]]},"properties":{"h3":"89264d10aabffff","count":2,"c3":0,"c6":0,"c12":0,"c24":2,"score":0.9,"risk":5,"peakDay":"Monday","peakTime":"evening","hood":"","bk12":{"morning":0,"afternoon":0,"evening":0,"night":0},"bk24":{"morning":1,"afternoon":0,"evening":1,"night":0},"recent":[{"d":"2025-09-09","day":"Tue","time":"10:00","desc":"INTENTIONAL AGGRAVATED ASSAULT","res":"unsolved"},{"d":"2025-07-28","day":"Mon","time":"17:38","desc":"INTENTIONAL AGGRAVATED ASSAULT","res":"closed"}]}},{"type":"Feature","geometry":{"type":"Polygon","coordinates":[[[-86.68053696374893,36.16946599363922],[-86.67907811694592,36.17073039183276],[-86.6797222443522,36.172496814861006],[-86.68182529786395,36.17299885840784],[-86.68328418375171,36.17173444385713],[-86.68263997704378,36.16996800211723],[-86.68053696374893,36.16946599363922],[-86.68053696374893,36.16946599363922]]]},"properties":{"h3":"89264d12c87ffff","count":3,"c3":0,"c6":0,"c12":0,"c24":3,"score":1.3,"risk":7,"peakDay":"Monday","peakTime":"evening","hood":"","bk12":{"morning":0,"afternoon":0,"evening":0,"night":0},"bk24":{"morning":0,"afternoon":1,"evening":2,"night":0},"recent":[{"d":"2025-08-24","day":"Sun","time":"14:20","desc":"Assault, Aggravated - Deadly Weapon - Int/Kn","res":"unsolved"},{"d":"2025-08-14","day":"Thu","time":"17:43","desc":"INTENTIONAL AGGRAVATED ASSAULT","res":"unsolved"},{"d":"2025-07-28","day":"Mon","time":"19:00","desc":"INTENTIONAL AGGRAVATED ASSAULT","res":"closed"}]}},{"type":"Feature","geometry":{"type":"Polygon","coordinates":[[[-86.73958778096076,36.19967269861338],[-86.73812835670944,36.2009377308971],[-86.73877406555283,36.20270413248305],[-86.74087927798668,36.203205520396466],[-86.74233874120412,36.201940471732],[-86.74169295302241,36.20017405153534],[-86.73958778096076,36.19967269861338],[-86.73958778096076,36.19967269861338]]]},"properties":{"h3":"89264d1205bffff","count":3,"c3":0,"c6":0,"c12":1,"c24":3,"score":1.5,"risk":8,"peakDay":"Tuesday","peakTime":"evening","hood":"","bk12":{"morning":0,"afternoon":0,"evening":1,"night":0},"bk24":{"morning":0,"afternoon":0,"evening":2,"night":1},"recent":[{"d":"2026-01-23","day":"Fri","time":"19:23","desc":"ROBBERY, AGGRAVATED, HANDGUN","res":"unsolved"},{"d":"2025-08-24","day":"Sun","time":"20:30","desc":"ROBBERY, AGGRAVATED, KNIFE","res":"closed"},{"d":"2025-07-29","day":"Tue","time":"01:00","desc":"INTENTIONAL AGGRAVATED ASSAULT","res":"unsolved"}]}},{"type":"Feature","geometry":{"type":"Polygon","coordinates":[[[-86.81579802498158,36.10324584148392],[-86.81433976634,36.10451375375441],[-86.81498667082415,36.10628116838854],[-86.81709191312842,36.106780689244246],[-86.8185502104809,36.10551276045682],[-86.81790322681901,36.10374532733109],[-86.81579802498158,36.10324584148392],[-86.81579802498158,36.10324584148392]]]},"properties":{"h3":"89264d11a97ffff","count":1,"c3":0,"c6":0,"c12":0,"c24":1,"score":0.4,"risk":2,"peakDay":"Tuesday","peakTime":"night","hood":"","bk12":{"morning":0,"afternoon":0,"evening":0,"night":0},"bk24":{"morning":0,"afternoon":0,"evening":0,"night":1},"recent":[{"d":"2025-07-29","day":"Tue","time":"02:10","desc":"ROBBERY","res":"closed"}]}},{"type":"Feature","geometry":{"type":"Polygon","coordinates":[[[-86.75685611100155,36.110221842400186],[-86.75539790229993,36.11148855717926],[-86.75604346102844,36.11325570880346],[-86.75814730765788,36.11375616423843],[-86.75960555521702,36.11248943299472],[-86.75895991728996,36.11072226278115],[-86.75685611100155,36.110221842400186],[-86.75685611100155,36.110221842400186]]]},"properties":{"h3":"89264d10e47ffff","count":1,"c3":0,"c6":0,"c12":0,"c24":1,"score":0.4,"risk":2,"peakDay":"Tuesday","peakTime":"night","hood":"","bk12":{"morning":0,"afternoon":0,"evening":0,"night":0},"bk24":{"morning":0,"afternoon":0,"evening":0,"night":1},"recent":[{"d":"2025-07-29","day":"Tue","time":"02:50","desc":"ROBBERY, AGGRAVATED, LONG GUN","res":"closed"}]}},{"type":"Feature","geometry":{"type":"Polygon","coordinates":[[[-86.7620431396765,36.10338728332724],[-86.76058501393912,36.10465419805171],[-86.76123065239241,36.10642142047641],[-86.76333449577112,36.106921746758374],[-86.7647926603485,36.105654815559774],[-86.76414694270794,36.103887574553816],[-86.7620431396765,36.10338728332724],[-86.7620431396765,36.10338728332724]]]},"properties":{"h3":"89264d11da7ffff","count":1,"c3":0,"c6":0,"c12":0,"c24":1,"score":0.4,"risk":2,"peakDay":"Tuesday","peakTime":"night","hood":"","bk12":{"morning":0,"afternoon":0,"evening":0,"night":0},"bk24":{"morning":0,"afternoon":0,"evening":0,"night":1},"recent":[{"d":"2025-07-29","day":"Tue","time":"02:50","desc":"ROBBERY","res":"closed"}]}},{"type":"Feature","geometry":{"type":"Polygon","coordinates":[[[-86.78417639048729,36.15866681701672],[-86.7827174311843,36.159933300812746],[-86.7833639359571,36.16170017765166],[-86.78546947930165,36.16220058923491],[-86.78692847743298,36.16093408899053],[-86.78628189339223,36.15916719361176],[-86.78417639048729,36.15866681701672],[-86.78417639048729,36.15866681701672]]]},"properties":{"h3":"89264d10677ffff","count":1,"c3":0,"c6":0,"c12":0,"c24":1,"score":0.4,"risk":2,"peakDay":"Tuesday","peakTime":"night","hood":"","bk12":{"morning":0,"afternoon":0,"evening":0,"night":0},"bk24":{"morning":0,"afternoon":0,"evening":0,"night":1},"recent":[{"d":"2025-07-29","day":"Tue","time":"03:00","desc":"ROBBERY","res":"closed"}]}},{"type":"Feature","geometry":{"type":"Polygon","coordinates":[[[-86.90346276421515,36.12723709472345],[-86.9020039534081,36.12850626471817],[-86.90265307321549,36.13027380270104],[-86.90476108302906,36.13077218903296],[-86.90621993235378,36.129503002470805],[-86.90557073334809,36.12773544614466],[-86.90346276421515,36.12723709472345],[-86.90346276421515,36.12723709472345]]]},"properties":{"h3":"89264d1a32fffff","count":2,"c3":0,"c6":0,"c12":1,"c24":2,"score":0.9,"risk":5,"peakDay":"Tuesday","peakTime":"morning","hood":"","bk12":{"morning":0,"afternoon":1,"evening":0,"night":0},"bk24":{"morning":1,"afternoon":1,"evening":0,"night":0},"recent":[{"d":"2025-10-08","day":"Wed","time":"15:10","desc":"ROBBERY- CARJACKING","res":"closed"},{"d":"2025-07-29","day":"Tue","time":"06:10","desc":"AGGRAV ASSLT - NONFAMILY-WEAPON","res":"closed"}]}},{"type":"Feature","geometry":{"type":"Polygon","coordinates":[[[-86.59997437858449,36.16955135058587],[-86.59851574232088,36.17081425265948],[-86.59915796886912,36.17258038242948],[-86.60125891099574,36.17308362897206],[-86.60271758653631,36.17182071060603],[-86.60207528067409,36.17005456199033],[-86.59997437858449,36.16955135058587],[-86.59997437858449,36.16955135058587]]]},"properties":{"h3":"89264d8c3cfffff","count":4,"c3":0,"c6":0,"c12":1,"c24":4,"score":2,"risk":10,"peakDay":"Tuesday","peakTime":"afternoon","hood":"","bk12":{"morning":0,"afternoon":1,"evening":0,"night":0},"bk24":{"morning":1,"afternoon":2,"evening":1,"night":0},"recent":[{"d":"2026-02-03","day":"Tue","time":"16:00","desc":"Assault, Aggravated - Deadly Weapon - Int/Kn","res":"unsolved"},{"d":"2025-09-01","day":"Mon","time":"16:00","desc":"INTENTIONAL AGGRAVATED ASSAULT","res":"unsolved"},{"d":"2025-08-03","day":"Sun","time":"18:50","desc":"ROBBERY","res":"unsolved"},{"d":"2025-07-29","day":"Tue","time":"11:00","desc":"AGGRAV ASSLT - NONFAMILY-WEAPON","res":"closed"}]}},{"type":"Feature","geometry":{"type":"Polygon","coordinates":[[[-86.68021376433573,36.25806143797743],[-86.67875366884174,36.25932447639024],[-86.67939834030867,36.26109021231186],[-86.681503186708,36.26159292852554],[-86.6829633213545,36.26032987382512],[-86.68231857044998,36.25856411919914],[-86.68021376433573,36.25806143797743],[-86.68021376433573,36.25806143797743]]]},"properties":{"h3":"89264d88c23ffff","count":2,"c3":0,"c6":0,"c12":0,"c24":2,"score":0.9,"risk":4,"peakDay":"Tuesday","peakTime":"afternoon","hood":"","bk12":{"morning":0,"afternoon":0,"evening":0,"night":0},"bk24":{"morning":0,"afternoon":1,"evening":1,"night":0},"recent":[{"d":"2025-08-28","day":"Thu","time":"19:07","desc":"INTENTIONAL AGGRAVATED ASSAULT","res":"unsolved"},{"d":"2025-07-29","day":"Tue","time":"15:30","desc":"Assault, Aggravated - Deadly Weapon - Int/Kn","res":"unsolved"}]}},{"type":"Feature","geometry":{"type":"Polygon","coordinates":[[[-86.79387711849193,36.18516900232632],[-86.79241776163117,36.18643526196313],[-86.79306466058358,36.18820196843981],[-86.79517099570444,36.18870243380169],[-86.7966303913901,36.18743615772957],[-86.79598341313083,36.185669432731395],[-86.79387711849193,36.18516900232632],[-86.79387711849193,36.18516900232632]]]},"properties":{"h3":"89264d13387ffff","count":1,"c3":0,"c6":0,"c12":0,"c24":1,"score":0.4,"risk":2,"peakDay":"Tuesday","peakTime":"evening","hood":"","bk12":{"morning":0,"afternoon":0,"evening":0,"night":0},"bk24":{"morning":0,"afternoon":0,"evening":1,"night":0},"recent":[{"d":"2025-07-29","day":"Tue","time":"19:30","desc":"INTENTIONAL AGGRAVATED ASSAULT","res":"closed"}]}},{"type":"Feature","geometry":{"type":"Polygon","coordinates":[[[-86.7691065262707,36.16476316376338],[-86.76764751905496,36.166029275501046],[-86.76829370648568,36.16779605184969],[-86.77039898041288,36.16829673502564],[-86.77185802649771,36.16703060685642],[-86.77121175978709,36.165263811943284],[-86.7691065262707,36.16476316376338],[-86.7691065262707,36.16476316376338]]]},"properties":{"h3":"89264d106b7ffff","count":1,"c3":0,"c6":0,"c12":0,"c24":1,"score":0.4,"risk":2,"peakDay":"Tuesday","peakTime":"evening","hood":"","bk12":{"morning":0,"afternoon":0,"evening":0,"night":0},"bk24":{"morning":0,"afternoon":0,"evening":1,"night":0},"recent":[{"d":"2025-07-29","day":"Tue","time":"20:08","desc":"Assault, Aggravated - Deadly Weapon - Int/Kn","res":"closed"}]}},{"type":"Feature","geometry":{"type":"Polygon","coordinates":[[[-86.75647649294342,36.16175869191239],[-86.75501755996514,36.163024615398456],[-86.75566343080027,36.16479136997467],[-86.75776831389196,36.16529221965111],[-86.75922728576735,36.16402627974116],[-86.75858133565481,36.16225950657915],[-86.75647649294342,36.16175869191239],[-86.75647649294342,36.16175869191239]]]},"properties":{"h3":"89264d1042bffff","count":4,"c3":0,"c6":0,"c12":1,"c24":4,"score":1.9,"risk":10,"peakDay":"Sunday","peakTime":"afternoon","hood":"","bk12":{"morning":0,"afternoon":1,"evening":0,"night":0},"bk24":{"morning":1,"afternoon":2,"evening":1,"night":0},"recent":[{"d":"2025-10-12","day":"Sun","time":"12:00","desc":"INTENTIONAL AGGRAVATED ASSAULT","res":"closed"},{"d":"2025-09-25","day":"Thu","time":"09:00","desc":"Assault, Aggravated - Deadly Weapon - Int/Kn","res":"closed"},{"d":"2025-09-21","day":"Sun","time":"12:50","desc":"INTENTIONAL AGGRAVATED ASSAULT","res":"closed"},{"d":"2025-07-29","day":"Tue","time":"20:16","desc":"INTENTIONAL AGGRAVATED ASSAULT","res":"closed"}]}},{"type":"Feature","geometry":{"type":"Polygon","coordinates":[[[-86.71523822510665,36.127741076365616],[-86.71377987617149,36.1290067535433],[-86.71442456262993,36.130773621876],[-86.71652767725662,36.13127483168886],[-86.71798606516212,36.13000913809353],[-86.71734129947141,36.12824225110347],[-86.71523822510665,36.127741076365616],[-86.71523822510665,36.127741076365616]]]},"properties":{"h3":"89264d12a2fffff","count":1,"c3":0,"c6":0,"c12":0,"c24":1,"score":0.4,"risk":2,"peakDay":"Wednesday","peakTime":"morning","hood":"","bk12":{"morning":0,"afternoon":0,"evening":0,"night":0},"bk24":{"morning":1,"afternoon":0,"evening":0,"night":0},"recent":[{"d":"2025-07-30","day":"Wed","time":"08:00","desc":"INTENTIONAL AGGRAVATED ASSAULT","res":"closed"}]}},{"type":"Feature","geometry":{"type":"Polygon","coordinates":[[[-86.90902595139946,36.25762828731752],[-86.90756529056785,36.258895573082874],[-86.90821535878837,36.26066211676178],[-86.91032616723811,36.26116139299884],[-86.91178686667094,36.25989409076332],[-86.91113671905364,36.258127528761406],[-86.90902595139946,36.25762828731752],[-86.90902595139946,36.25762828731752]]]},"properties":{"h3":"89264dc404fffff","count":1,"c3":0,"c6":0,"c12":0,"c24":1,"score":0.4,"risk":2,"peakDay":"Wednesday","peakTime":"morning","hood":"","bk12":{"morning":0,"afternoon":0,"evening":0,"night":0},"bk24":{"morning":1,"afternoon":0,"evening":0,"night":0},"recent":[{"d":"2025-07-30","day":"Wed","time":"09:00","desc":"INTENTIONAL AGGRAVATED ASSAULT","res":"unsolved"}]}},{"type":"Feature","geometry":{"type":"Polygon","coordinates":[[[-86.61947715569237,36.19679240384482],[-86.61801808370356,36.19805525204542],[-86.61866093979714,36.19982124338406],[-86.62076294723319,36.20032440533346],[-86.62222205847316,36.19906154084614],[-86.6215791230267,36.197295530696586],[-86.61947715569237,36.19679240384482],[-86.61947715569237,36.19679240384482]]]},"properties":{"h3":"89264d8d5b7ffff","count":1,"c3":0,"c6":0,"c12":0,"c24":1,"score":0.4,"risk":2,"peakDay":"Wednesday","peakTime":"morning","hood":"","bk12":{"morning":0,"afternoon":0,"evening":0,"night":0},"bk24":{"morning":1,"afternoon":0,"evening":0,"night":0},"recent":[{"d":"2025-07-30","day":"Wed","time":"11:20","desc":"INTENTIONAL AGGRAVATED ASSAULT","res":"unsolved"}]}},{"type":"Feature","geometry":{"type":"Polygon","coordinates":[[[-86.65968190066391,36.159647394039744],[-86.65822324647809,36.16091155511586],[-86.65886682073504,36.162677978242925],[-86.66096912846848,36.16318025904156],[-86.66242782178144,36.161916081617285],[-86.66178416823463,36.160149639743004],[-86.65968190066391,36.159647394039744],[-86.65968190066391,36.159647394039744]]]},"properties":{"h3":"89264d8d32fffff","count":1,"c3":0,"c6":0,"c12":0,"c24":1,"score":0.4,"risk":2,"peakDay":"Wednesday","peakTime":"afternoon","hood":"","bk12":{"morning":0,"afternoon":0,"evening":0,"night":0},"bk24":{"morning":0,"afternoon":1,"evening":0,"night":0},"recent":[{"d":"2025-07-30","day":"Wed","time":"14:33","desc":"AGGRAV ASSLT - NONFAMILY-GUN","res":"unsolved"}]}},{"type":"Feature","geometry":{"type":"Polygon","coordinates":[[[-86.60858885470287,36.087751458466585],[-86.60713134699806,36.08901576617609],[-86.60777326978504,36.090782551968566],[-86.6098727794652,36.09128504889017],[-86.61133032636448,36.09002072481689],[-86.61068832438995,36.088253920186254],[-86.60858885470287,36.087751458466585],[-86.60858885470287,36.087751458466585]]]},"properties":{"h3":"89264d16297ffff","count":2,"c3":0,"c6":0,"c12":0,"c24":2,"score":0.9,"risk":4,"peakDay":"Wednesday","peakTime":"afternoon","hood":"","bk12":{"morning":0,"afternoon":0,"evening":0,"night":0},"bk24":{"morning":0,"afternoon":1,"evening":0,"night":1},"recent":[{"d":"2025-08-16","day":"Sat","time":"00:56","desc":"Assault, Agg - Serious Bodily Injury- Int/Kn- Acting in Concert","res":"unsolved"},{"d":"2025-07-30","day":"Wed","time":"16:22","desc":"INTENTIONAL AGGRAVATED ASSAULT","res":"unsolved"}]}},{"type":"Feature","geometry":{"type":"Polygon","coordinates":[[[-86.83066859884326,36.18583830363884],[-86.82920914107608,36.18710523452185],[-86.82985691179856,36.188872065381034],[-86.83196421959035,36.18937198381774],[-86.83342371609437,36.18810503647074],[-86.83277586607056,36.18633818715151],[-86.83066859884326,36.18583830363884],[-86.83066859884326,36.18583830363884]]]},"properties":{"h3":"89264d114d3ffff","count":1,"c3":0,"c6":0,"c12":0,"c24":1,"score":0.4,"risk":2,"peakDay":"Wednesday","peakTime":"evening","hood":"","bk12":{"morning":0,"afternoon":0,"evening":0,"night":0},"bk24":{"morning":0,"afternoon":0,"evening":1,"night":0},"recent":[{"d":"2025-07-30","day":"Wed","time":"18:00","desc":"INTENTIONAL AGGRAVATED ASSAULT","res":"closed"}]}},{"type":"Feature","geometry":{"type":"Polygon","coordinates":[[[-86.69265415496032,36.086862170279396],[-86.6911964392057,36.0881280503574],[-86.69184033906332,36.089895149330204],[-86.69394203384972,36.090396386923736],[-86.69539978859792,36.0891304904139],[-86.69475580956693,36.08736337274285],[-86.69265415496032,36.086862170279396],[-86.69265415496032,36.086862170279396]]]},"properties":{"h3":"89264d17257ffff","count":4,"c3":0,"c6":0,"c12":1,"c24":4,"score":2,"risk":10,"peakDay":"Wednesday","peakTime":"evening","hood":"","bk12":{"morning":0,"afternoon":0,"evening":0,"night":1},"bk24":{"morning":0,"afternoon":0,"evening":3,"night":1},"recent":[{"d":"2026-02-14","day":"Sat","time":"02:05","desc":"ROBBERY","res":"closed"},{"d":"2025-08-24","day":"Sun","time":"19:22","desc":"INTENTIONAL AGGRAVATED ASSAULT","res":"closed"},{"d":"2025-08-01","day":"Fri","time":"19:12","desc":"Assault, Aggravated - Deadly Weapon - Int/Kn","res":"closed"},{"d":"2025-07-30","day":"Wed","time":"19:43","desc":"ROBBERY- CARJACKING","res":"closed"}]}},{"type":"Feature","geometry":{"type":"Polygon","coordinates":[[[-86.70099329867946,36.13079803048639],[-86.69953494340002,36.13206339709008],[-86.70017931291211,36.13383019073472],[-86.70228211694365,36.134331636456935],[-86.70374051122978,36.13306625344932],[-86.70309606247848,36.131299441123886],[-86.70099329867946,36.13079803048639],[-86.70099329867946,36.13079803048639]]]},"properties":{"h3":"89264d12bd7ffff","count":2,"c3":0,"c6":0,"c12":1,"c24":2,"score":1.1,"risk":5,"peakDay":"Wednesday","peakTime":"night","hood":"","bk12":{"morning":0,"afternoon":0,"evening":0,"night":1},"bk24":{"morning":0,"afternoon":0,"evening":0,"night":2},"recent":[{"d":"2026-02-12","day":"Thu","time":"22:00","desc":"Assault, Aggravated - Deadly Weapon - Int/Kn","res":"closed"},{"d":"2025-07-30","day":"Wed","time":"22:29","desc":"INTENTIONAL AGGRAVATED ASSAULT","res":"closed"}]}},{"type":"Feature","geometry":{"type":"Polygon","coordinates":[[[-86.75616495829962,36.15039253935232],[-86.75470618613994,36.151658630190155],[-86.75535197878524,36.153425471165896],[-86.75745662285111,36.153926239891554],[-86.75891543390011,36.15266013262119],[-86.75826956199472,36.150893273058195],[-86.75616495829962,36.15039253935232],[-86.75616495829962,36.15039253935232]]]},"properties":{"h3":"89264d100bbffff","count":2,"c3":0,"c6":0,"c12":0,"c24":2,"score":0.9,"risk":4,"peakDay":"Thursday","peakTime":"morning","hood":"","bk12":{"morning":0,"afternoon":0,"evening":0,"night":0},"bk24":{"morning":1,"afternoon":0,"evening":1,"night":0},"recent":[{"d":"2025-07-31","day":"Thu","time":"20:13","desc":"ROBBERY, AGGRAVATED, HANDGUN","res":"closed"},{"d":"2025-07-31","day":"Thu","time":"07:20","desc":"AGGRAV ASSLT - NONFAMILY-WEAPON","res":"closed"}]}},{"type":"Feature","geometry":{"type":"Polygon","coordinates":[[[-86.91883914060062,36.069523069486976],[-86.91738110371614,36.07079339953665],[-86.91803022470437,36.07256143396701],[-86.92013746168521,36.07305915667022],[-86.92159553700746,36.07178880999571],[-86.92094633691191,36.07002075724334],[-86.91883914060062,36.069523069486976],[-86.91883914060062,36.069523069486976]]]},"properties":{"h3":"89264d18e33ffff","count":3,"c3":0,"c6":0,"c12":1,"c24":3,"score":1.5,"risk":8,"peakDay":"Thursday","peakTime":"afternoon","hood":"","bk12":{"morning":0,"afternoon":1,"evening":0,"night":0},"bk24":{"morning":1,"afternoon":2,"evening":0,"night":0},"recent":[{"d":"2026-02-24","day":"Tue","time":"15:50","desc":"INTENTIONAL AGGRAVATED ASSAULT","res":"unsolved"},{"d":"2025-07-31","day":"Thu","time":"16:14","desc":"INTENTIONAL AGGRAVATED ASSAULT","res":"unsolved"},{"d":"2025-07-31","day":"Thu","time":"11:15","desc":"INTENTIONAL AGGRAVATED ASSAULT","res":"unsolved"}]}},{"type":"Feature","geometry":{"type":"Polygon","coordinates":[[[-86.7627912164973,36.16326105269435],[-86.76133224638286,36.16452707030261],[-86.76197827551034,36.166293835778845],[-86.76408335403175,36.166794602222424],[-86.76554236302933,36.165528568186424],[-86.76489625462315,36.16376178413506],[-86.7627912164973,36.16326105269435],[-86.7627912164973,36.16326105269435]]]},"properties":{"h3":"89264d10463ffff","count":1,"c3":0,"c6":0,"c12":0,"c24":1,"score":0.4,"risk":2,"peakDay":"Thursday","peakTime":"afternoon","hood":"","bk12":{"morning":0,"afternoon":0,"evening":0,"night":0},"bk24":{"morning":0,"afternoon":1,"evening":0,"night":0},"recent":[{"d":"2025-07-31","day":"Thu","time":"12:30","desc":"AGGRAV ASSLT - FAMILY-GUN","res":"closed"}]}},{"type":"Feature","geometry":{"type":"Polygon","coordinates":[[[-86.68655657880313,36.05958909467877],[-86.68509926212053,36.060855275778046],[-86.68574284894925,36.06262255979866],[-86.68784383159412,36.06312368143104],[-86.68930118726436,36.061857483883294],[-86.68865752130289,36.06009018115215],[-86.68655657880313,36.05958909467877],[-86.68655657880313,36.05958909467877]]]},"properties":{"h3":"89264d15433ffff","count":1,"c3":0,"c6":0,"c12":0,"c24":1,"score":0.4,"risk":2,"peakDay":"Thursday","peakTime":"afternoon","hood":"","bk12":{"morning":0,"afternoon":0,"evening":0,"night":0},"bk24":{"morning":0,"afternoon":1,"evening":0,"night":0},"recent":[{"d":"2025-07-31","day":"Thu","time":"16:40","desc":"INTENTIONAL AGGRAVATED ASSAULT","res":"closed"}]}},{"type":"Feature","geometry":{"type":"Polygon","coordinates":[[[-86.79369636034221,36.21093232274521],[-86.7922366408562,36.21219818596817],[-86.79288369648432,36.213964692073965],[-86.79499055094558,36.21446535347683],[-86.79645030927625,36.21319947383883],[-86.79580317430178,36.21143294921348],[-86.79369636034221,36.21093232274521],[-86.79369636034221,36.21093232274521]]]},"properties":{"h3":"89264d1309bffff","count":3,"c3":0,"c6":0,"c12":0,"c24":3,"score":1.4,"risk":7,"peakDay":"Thursday","peakTime":"night","hood":"","bk12":{"morning":0,"afternoon":0,"evening":0,"night":0},"bk24":{"morning":0,"afternoon":0,"evening":1,"night":2},"recent":[{"d":"2025-09-22","day":"Mon","time":"03:05","desc":"ROBBERY","res":"closed"},{"d":"2025-08-08","day":"Fri","time":"23:00","desc":"Assault, Aggravated - Deadly Weapon - Int/Kn","res":"closed"},{"d":"2025-07-31","day":"Thu","time":"20:54","desc":"Assault, Aggravated - Deadly Weapon - Int/Kn","res":"closed"}]}},{"type":"Feature","geometry":{"type":"Polygon","coordinates":[[[-86.68981108960051,36.04745436390892],[-86.68835393491791,36.048720789372645],[-86.6889975231884,36.050488177114694],[-86.69109834525602,36.05098915809955],[-86.69255553890933,36.04972271617517],[-86.69191187152514,36.04795530972708],[-86.68981108960051,36.04745436390892],[-86.68981108960051,36.04745436390892]]]},"properties":{"h3":"89264d15087ffff","count":3,"c3":0,"c6":0,"c12":1,"c24":3,"score":1.6,"risk":8,"peakDay":"Thursday","peakTime":"evening","hood":"","bk12":{"morning":0,"afternoon":0,"evening":0,"night":1},"bk24":{"morning":0,"afternoon":1,"evening":1,"night":1},"recent":[{"d":"2026-03-03","day":"Tue","time":"22:05","desc":"Assault, Aggravated - Deadly Weapon - Int/Kn","res":"unsolved"},{"d":"2025-09-18","day":"Thu","time":"15:00","desc":"INTENTIONAL AGGRAVATED ASSAULT","res":"unsolved"},{"d":"2025-07-31","day":"Thu","time":"21:14","desc":"Assault, Aggravated - Deadly Weapon - Int/Kn","res":"unsolved"}]}},{"type":"Feature","geometry":{"type":"Polygon","coordinates":[[[-86.81025864896375,36.16163563410631],[-86.80879958265888,36.16290255578681],[-86.80944672093717,36.1646695019782],[-86.8115530047891,36.165169544985716],[-86.81301210986184,36.163902606838484],[-86.8123648923156,36.16213564215096],[-86.81025864896375,36.16163563410631],[-86.81025864896375,36.16163563410631]]]},"properties":{"h3":"89264d1151bffff","count":1,"c3":0,"c6":0,"c12":0,"c24":1,"score":0.4,"risk":2,"peakDay":"Thursday","peakTime":"night","hood":"","bk12":{"morning":0,"afternoon":0,"evening":0,"night":0},"bk24":{"morning":0,"afternoon":0,"evening":0,"night":1},"recent":[{"d":"2025-07-31","day":"Thu","time":"23:31","desc":"Assault, Aggravated - Deadly Weapon - Int/Kn","res":"closed"}]}},{"type":"Feature","geometry":{"type":"Polygon","coordinates":[[[-86.7583471577646,36.229939471884556],[-86.7568872591313,36.23120438964911],[-86.75753359950009,36.23297062304021],[-86.75963991788454,36.23347195724406],[-86.76109985546172,36.23220702310746],[-86.76045343571134,36.23044077113954],[-86.7583471577646,36.229939471884556],[-86.7583471577646,36.229939471884556]]]},"properties":{"h3":"89264d89bbbffff","count":2,"c3":0,"c6":0,"c12":1,"c24":2,"score":1.1,"risk":5,"peakDay":"Friday","peakTime":"night","hood":"","bk12":{"morning":1,"afternoon":0,"evening":0,"night":0},"bk24":{"morning":1,"afternoon":0,"evening":0,"night":1},"recent":[{"d":"2026-03-02","day":"Mon","time":"11:52","desc":"INTENTIONAL AGGRAVATED ASSAULT","res":"closed"},{"d":"2025-08-01","day":"Fri","time":"02:00","desc":"ROBBERY","res":"closed"}]}},{"type":"Feature","geometry":{"type":"Polygon","coordinates":[[[-86.71908957793477,36.038291417711854],[-86.71763247632964,36.03955852452518],[-86.71827669778088,36.041326087651086],[-86.72037809993307,36.04182656262211],[-86.72183524043217,36.04055943931755],[-86.72119093988587,36.03879185753371],[-86.71908957793477,36.038291417711854],[-86.71908957793477,36.038291417711854]]]},"properties":{"h3":"89264d15217ffff","count":3,"c3":0,"c6":0,"c12":1,"c24":3,"score":1.5,"risk":8,"peakDay":"Friday","peakTime":"afternoon","hood":"","bk12":{"morning":0,"afternoon":1,"evening":0,"night":0},"bk24":{"morning":1,"afternoon":2,"evening":0,"night":0},"recent":[{"d":"2026-01-25","day":"Sun","time":"12:00","desc":"INTENTIONAL AGGRAVATED ASSAULT","res":"unsolved"},{"d":"2025-08-30","day":"Sat","time":"16:00","desc":"INTENTIONAL AGGRAVATED ASSAULT","res":"unsolved"},{"d":"2025-08-01","day":"Fri","time":"05:53","desc":"INTENTIONAL AGGRAVATED ASSAULT","res":"unsolved"}]}},{"type":"Feature","geometry":{"type":"Polygon","coordinates":[[[-86.67450493448091,36.27926100913582],[-86.6730445543745,36.280523616840796],[-86.67368922320627,36.282289166936664],[-86.6757943516163,36.282792128039894],[-86.67725477090494,36.281529504068416],[-86.67661002260213,36.27976393526066],[-86.67450493448091,36.27926100913582],[-86.67450493448091,36.27926100913582]]]},"properties":{"h3":"89264d8aa23ffff","count":1,"c3":0,"c6":0,"c12":0,"c24":1,"score":0.4,"risk":2,"peakDay":"Friday","peakTime":"evening","hood":"","bk12":{"morning":0,"afternoon":0,"evening":0,"night":0},"bk24":{"morning":0,"afternoon":0,"evening":1,"night":0},"recent":[{"d":"2025-08-01","day":"Fri","time":"20:00","desc":"ASSAULT, VEHICULAR, AGGRAVATED","res":"closed"}]}},{"type":"Feature","geometry":{"type":"Polygon","coordinates":[[[-86.73955068623617,36.09964945067823],[-86.73809267020147,36.10091600552589],[-86.73873775517568,36.10268317599338],[-86.74084093537068,36.103183810232785],[-86.74229899029649,36.101917238925964],[-86.74165382613694,36.10015004983941],[-86.73955068623617,36.09964945067823],[-86.73955068623617,36.09964945067823]]]},"properties":{"h3":"89264d10853ffff","count":1,"c3":0,"c6":0,"c12":0,"c24":1,"score":0.4,"risk":2,"peakDay":"Friday","peakTime":"evening","hood":"","bk12":{"morning":0,"afternoon":0,"evening":0,"night":0},"bk24":{"morning":0,"afternoon":0,"evening":1,"night":0},"recent":[{"d":"2025-08-01","day":"Fri","time":"20:07","desc":"ROBBERY","res":"unsolved"}]}},{"type":"Feature","geometry":{"type":"Polygon","coordinates":[[[-86.81382395669168,36.160868642763205],[-86.8123648923156,36.16213564215096],[-86.81301210986184,36.163902606838484],[-86.81511847105114,36.164402590628946],[-86.81657757418593,36.16313557477102],[-86.81593027737352,36.161368591593266],[-86.81382395669168,36.160868642763205],[-86.81382395669168,36.160868642763205]]]},"properties":{"h3":"89264d11557ffff","count":1,"c3":0,"c6":0,"c12":0,"c24":1,"score":0.4,"risk":2,"peakDay":"Saturday","peakTime":"night","hood":"","bk12":{"morning":0,"afternoon":0,"evening":0,"night":0},"bk24":{"morning":0,"afternoon":0,"evening":0,"night":1},"recent":[{"d":"2025-08-02","day":"Sat","time":"00:00","desc":"INTENTIONAL AGGRAVATED ASSAULT","res":"closed"}]}},{"type":"Feature","geometry":{"type":"Polygon","coordinates":[[[-86.75229059436181,36.13979116696882],[-86.75083198124806,36.14105734741467],[-86.7514776164777,36.142824256062475],[-86.75358194406648,36.14332500285946],[-86.7550405960709,36.142058805975836],[-86.7543948815967,36.14029187873346],[-86.75229059436181,36.13979116696882],[-86.75229059436181,36.13979116696882]]]},"properties":{"h3":"89264d101cbffff","count":2,"c3":0,"c6":0,"c12":0,"c24":2,"score":0.9,"risk":5,"peakDay":"Saturday","peakTime":"night","hood":"","bk12":{"morning":0,"afternoon":0,"evening":0,"night":0},"bk24":{"morning":0,"afternoon":0,"evening":0,"night":2},"recent":[{"d":"2025-09-03","day":"Wed","time":"03:28","desc":"Assault, Aggravated - Deadly Weapon - Int/Kn","res":"closed"},{"d":"2025-08-02","day":"Sat","time":"02:32","desc":"Assault, Aggravated - Deadly Weapon - Int/Kn","res":"closed"}]}},{"type":"Feature","geometry":{"type":"Polygon","coordinates":[[[-86.59922313724046,36.209674157593405],[-86.59776393729247,36.21093643293682],[-86.59840639515966,36.21270225111186],[-86.60050813235127,36.21320581278741],[-86.60196737160847,36.2119435211837],[-86.60132483436561,36.2101776841652],[-86.59922313724046,36.209674157593405],[-86.59922313724046,36.209674157593405]]]},"properties":{"h3":"89264d8c697ffff","count":1,"c3":0,"c6":0,"c12":0,"c24":1,"score":0.4,"risk":2,"peakDay":"Saturday","peakTime":"morning","hood":"","bk12":{"morning":0,"afternoon":0,"evening":0,"night":0},"bk24":{"morning":1,"afternoon":0,"evening":0,"night":0},"recent":[{"d":"2025-08-02","day":"Sat","time":"10:30","desc":"INTENTIONAL AGGRAVATED ASSAULT","res":"unsolved"}]}},{"type":"Feature","geometry":{"type":"Polygon","coordinates":[[[-86.8475372243722,36.14788963686795],[-86.84607825931651,36.14915745801238],[-86.84672619049037,36.150924641420964],[-86.84883316596098,36.151424022120615],[-86.85029216968458,36.15015618446912],[-86.84964415927047,36.14838898262551],[-86.8475372243722,36.14788963686795],[-86.8475372243722,36.14788963686795]]]},"properties":{"h3":"89264d112a3ffff","count":1,"c3":0,"c6":0,"c12":0,"c24":1,"score":0.4,"risk":2,"peakDay":"Saturday","peakTime":"afternoon","hood":"","bk12":{"morning":0,"afternoon":0,"evening":0,"night":0},"bk24":{"morning":0,"afternoon":1,"evening":0,"night":0},"recent":[{"d":"2025-08-02","day":"Sat","time":"12:00","desc":"Assault, Aggravated - Deadly Weapon - Int/Kn","res":"unsolved"}]}},{"type":"Feature","geometry":{"type":"Polygon","coordinates":[[[-86.81107053610079,36.15860167872116],[-86.80961151048834,36.159868661639166],[-86.81025864896375,36.16163563410631],[-86.8123648923156,36.16213564215096],[-86.81382395669168,36.160868642763205],[-86.81317673895309,36.159101651801045],[-86.81107053610079,36.15860167872116],[-86.81107053610079,36.15860167872116]]]},"properties":{"h3":"89264d1150bffff","count":2,"c3":0,"c6":0,"c12":1,"c24":2,"score":1,"risk":5,"peakDay":"Saturday","peakTime":"evening","hood":"","bk12":{"morning":1,"afternoon":0,"evening":0,"night":0},"bk24":{"morning":1,"afternoon":0,"evening":1,"night":0},"recent":[{"d":"2026-01-05","day":"Mon","time":"08:15","desc":"INTENTIONAL AGGRAVATED ASSAULT","res":"unsolved"},{"d":"2025-08-02","day":"Sat","time":"18:00","desc":"ASSAULT, AGGRAVATED - DEADLY WEAPON - INT/KN FROM MOT VEH","res":"unsolved"}]}},{"type":"Feature","geometry":{"type":"Polygon","coordinates":[[[-86.75566343080027,36.16479136997467],[-86.75420445717556,36.16605723218618],[-86.75485032774037,36.16782396049448],[-86.75695525121294,36.16832484517866],[-86.75841426373897,36.1670589665463],[-86.75776831389196,36.16529221965111],[-86.75566343080027,36.16479136997467],[-86.75566343080027,36.16479136997467]]]},"properties":{"h3":"89264d1043bffff","count":3,"c3":0,"c6":0,"c12":0,"c24":3,"score":1.4,"risk":7,"peakDay":"Wednesday","peakTime":"night","hood":"","bk12":{"morning":0,"afternoon":0,"evening":0,"night":0},"bk24":{"morning":0,"afternoon":0,"evening":1,"night":2},"recent":[{"d":"2025-09-03","day":"Wed","time":"22:30","desc":"Assault, Aggravated - Deadly Weapon - Int/Kn","res":"closed"},{"d":"2025-08-06","day":"Wed","time":"22:00","desc":"AGGRAV ASSLT - NONFAMILY-WEAPON","res":"closed"},{"d":"2025-08-02","day":"Sat","time":"18:01","desc":"ROBBERY, AGGRAVATED, HANDGUN","res":"closed"}]}},{"type":"Feature","geometry":{"type":"Polygon","coordinates":[[[-86.80909287794526,36.21620266876929],[-86.80763304575893,36.21746873678745],[-86.80828049750741,36.21923525616004],[-86.81038786079476,36.21973572600838],[-86.81184773179262,36.21846964156704],[-86.81120020069245,36.21670310370102],[-86.80909287794526,36.21620266876929],[-86.80909287794526,36.21620266876929]]]},"properties":{"h3":"89264d136abffff","count":2,"c3":0,"c6":0,"c12":0,"c24":2,"score":0.9,"risk":5,"peakDay":"Saturday","peakTime":"evening","hood":"","bk12":{"morning":0,"afternoon":0,"evening":0,"night":0},"bk24":{"morning":0,"afternoon":1,"evening":1,"night":0},"recent":[{"d":"2025-09-27","day":"Sat","time":"12:00","desc":"INTENTIONAL AGGRAVATED ASSAULT","res":"closed"},{"d":"2025-08-02","day":"Sat","time":"19:15","desc":"INTENTIONAL AGGRAVATED ASSAULT","res":"closed"}]}},{"type":"Feature","geometry":{"type":"Polygon","coordinates":[[[-86.74671704611391,36.19814504754738],[-86.74525762526943,36.19941023530595],[-86.74590349278772,36.201176674107444],[-86.7480088604861,36.201677943749836],[-86.74946832027845,36.200412739603664],[-86.74882237342537,36.1986462822032],[-86.74671704611391,36.19814504754738],[-86.74671704611391,36.19814504754738]]]},"properties":{"h3":"89264d12283ffff","count":1,"c3":0,"c6":0,"c12":0,"c24":1,"score":0.4,"risk":2,"peakDay":"Saturday","peakTime":"evening","hood":"","bk12":{"morning":0,"afternoon":0,"evening":0,"night":0},"bk24":{"morning":0,"afternoon":0,"evening":1,"night":0},"recent":[{"d":"2025-08-02","day":"Sat","time":"20:29","desc":"AGGRAV ASSLT - FAMILY-WEAPON","res":"closed"}]}},{"type":"Feature","geometry":{"type":"Polygon","coordinates":[[[-86.78111016665602,36.14503162313244],[-86.77965140699496,36.14629825773378],[-86.78029775442363,36.14806522869692],[-86.78240294076186,36.14856558360531],[-86.78386173924841,36.147298932547386],[-86.78321531257207,36.14553194303814],[-86.78111016665602,36.14503162313244],[-86.78111016665602,36.14503162313244]]]},"properties":{"h3":"89264d102bbffff","count":1,"c3":0,"c6":0,"c12":0,"c24":1,"score":0.4,"risk":2,"peakDay":"Saturday","peakTime":"evening","hood":"","bk12":{"morning":0,"afternoon":0,"evening":0,"night":0},"bk24":{"morning":0,"afternoon":0,"evening":1,"night":0},"recent":[{"d":"2025-08-02","day":"Sat","time":"21:21","desc":"ASSAULT","res":"closed"}]}},{"type":"Feature","geometry":{"type":"Polygon","coordinates":[[[-86.65432078807524,36.09223346469167],[-86.65286309665147,36.093498552492136],[-86.65350612589444,36.0952654714329],[-86.65560692574957,36.09576732133536],[-86.65706465626238,36.09450221713798],[-86.65642154783183,36.09273527943554],[-86.65432078807524,36.09223346469167],[-86.65432078807524,36.09223346469167]]]},"properties":{"h3":"89264d170bbffff","count":1,"c3":0,"c6":0,"c12":0,"c24":1,"score":0.4,"risk":2,"peakDay":"Saturday","peakTime":"evening","hood":"","bk12":{"morning":0,"afternoon":0,"evening":0,"night":0},"bk24":{"morning":0,"afternoon":0,"evening":1,"night":0},"recent":[{"d":"2025-08-02","day":"Sat","time":"21:50","desc":"INTENTIONAL AGGRAVATED ASSAULT","res":"closed"}]}},{"type":"Feature","geometry":{"type":"Polygon","coordinates":[[[-86.75059280435323,36.208743599553046],[-86.74913322426673,36.21000869736221],[-86.7497792493501,36.21177506783509],[-86.75188493387117,36.212276359090886],[-86.75334455290422,36.21101124489932],[-86.75269844847045,36.20924485583483],[-86.75059280435323,36.208743599553046],[-86.75059280435323,36.208743599553046]]]},"properties":{"h3":"89264d12673ffff","count":4,"c3":0,"c6":0,"c12":0,"c24":4,"score":1.8,"risk":9,"peakDay":"Saturday","peakTime":"night","hood":"","bk12":{"morning":0,"afternoon":0,"evening":0,"night":0},"bk24":{"morning":1,"afternoon":0,"evening":0,"night":3},"recent":[{"d":"2025-09-19","day":"Fri","time":"05:00","desc":"INTENTIONAL AGGRAVATED ASSAULT","res":"unsolved"},{"d":"2025-08-02","day":"Sat","time":"23:30","desc":"INTENTIONAL AGGRAVATED ASSAULT","res":"unsolved"},{"d":"2025-08-02","day":"Sat","time":"23:15","desc":"INTENTIONAL AGGRAVATED ASSAULT","res":"unsolved"},{"d":"2025-08-02","day":"Sat","time":"23:00","desc":"Assault, Aggravated - Deadly Weapon - Int/Kn","res":"unsolved"}]}},{"type":"Feature","geometry":{"type":"Polygon","coordinates":[[[-86.71586620074913,36.25045092748439],[-86.71440612082252,36.25171474383844],[-86.7150515865871,36.253480666539865],[-86.71715721169925,36.25398279153347],[-86.71861733068718,36.25271895885732],[-86.71797178550246,36.25095301751016],[-86.71586620074913,36.25045092748439],[-86.71586620074913,36.25045092748439]]]},"properties":{"h3":"89264d88e6fffff","count":2,"c3":0,"c6":0,"c12":1,"c24":2,"score":1.1,"risk":5,"peakDay":"Sunday","peakTime":"night","hood":"","bk12":{"morning":0,"afternoon":1,"evening":0,"night":0},"bk24":{"morning":0,"afternoon":1,"evening":0,"night":1},"recent":[{"d":"2026-02-04","day":"Wed","time":"14:20","desc":"INTENTIONAL AGGRAVATED ASSAULT","res":"closed"},{"d":"2025-08-03","day":"Sun","time":"00:05","desc":"Assault, Aggravated - Deadly Weapon - Int/Kn","res":"closed"}]}},{"type":"Feature","geometry":{"type":"Polygon","coordinates":[[[-86.77555095384851,36.20339328920498],[-86.77409138614642,36.20465893127087],[-86.77473796664526,36.2064254317615],[-86.77684419418495,36.206926308737216],[-86.7783038007696,36.205660650264846],[-86.77765714093282,36.20389413122374],[-86.77555095384851,36.20339328920498],[-86.77555095384851,36.20339328920498]]]},"properties":{"h3":"89264d13573ffff","count":1,"c3":0,"c6":0,"c12":0,"c24":1,"score":0.4,"risk":2,"peakDay":"Sunday","peakTime":"night","hood":"","bk12":{"morning":0,"afternoon":0,"evening":0,"night":0},"bk24":{"morning":0,"afternoon":0,"evening":0,"night":1},"recent":[{"d":"2025-08-03","day":"Sun","time":"02:40","desc":"INTENTIONAL AGGRAVATED ASSAULT","res":"closed"}]}},{"type":"Feature","geometry":{"type":"Polygon","coordinates":[[[-86.75803520673118,36.21857793352038],[-86.75657546912893,36.21984301909667],[-86.75722173119512,36.221609339683624],[-86.75932781022856,36.2221105932731],[-86.76078758676691,36.22084549131612],[-86.76014124533651,36.219079152150854],[-86.75803520673118,36.21857793352038],[-86.75803520673118,36.21857793352038]]]},"properties":{"h3":"89264d89b27ffff","count":3,"c3":0,"c6":0,"c12":1,"c24":3,"score":1.5,"risk":8,"peakDay":"Sunday","peakTime":"morning","hood":"","bk12":{"morning":1,"afternoon":0,"evening":0,"night":0},"bk24":{"morning":2,"afternoon":1,"evening":0,"night":0},"recent":[{"d":"2025-12-20","day":"Sat","time":"08:35","desc":"ROBBERY","res":"unsolved"},{"d":"2025-10-02","day":"Thu","time":"16:00","desc":"Assault, Aggravated - Deadly Weapon - Int/Kn","res":"unsolved"},{"d":"2025-08-03","day":"Sun","time":"05:45","desc":"INTENTIONAL AGGRAVATED ASSAULT","res":"unsolved"}]}},{"type":"Feature","geometry":{"type":"Polygon","coordinates":[[[-86.58036897193682,36.0680881123286],[-86.5789118160265,36.06935219524541],[-86.57955295143007,36.07111902613466],[-86.5816513219063,36.07162179299426],[-86.58310851706324,36.07035769372083],[-86.58246730249807,36.0685908439449],[-86.58036897193682,36.0680881123286],[-86.58036897193682,36.0680881123286]]]},"properties":{"h3":"89264d16147ffff","count":1,"c3":0,"c6":0,"c12":0,"c24":1,"score":0.4,"risk":2,"peakDay":"Sunday","peakTime":"morning","hood":"","bk12":{"morning":0,"afternoon":0,"evening":0,"night":0},"bk24":{"morning":1,"afternoon":0,"evening":0,"night":0},"recent":[{"d":"2025-08-03","day":"Sun","time":"09:50","desc":"INTENTIONAL AGGRAVATED ASSAULT","res":"unsolved"}]}},{"type":"Feature","geometry":{"type":"Polygon","coordinates":[[[-86.74846284925493,36.229198788972994],[-86.74700298610324,36.2304635348144],[-86.74764908859804,36.23222973889934],[-86.74975513362746,36.23273121573669],[-86.75121503574626,36.23146645353055],[-86.75056885386932,36.22970023085227],[-86.74846284925493,36.229198788972994],[-86.74846284925493,36.229198788972994]]]},"properties":{"h3":"89264d8997bffff","count":3,"c3":0,"c6":0,"c12":1,"c24":3,"score":1.6,"risk":8,"peakDay":"Sunday","peakTime":"afternoon","hood":"","bk12":{"morning":0,"afternoon":0,"evening":1,"night":0},"bk24":{"morning":0,"afternoon":2,"evening":1,"night":0},"recent":[{"d":"2026-03-04","day":"Wed","time":"21:00","desc":"INTENTIONAL AGGRAVATED ASSAULT","res":"unsolved"},{"d":"2025-09-22","day":"Mon","time":"14:37","desc":"Assault, Aggravated - Deadly Weapon - Int/Kn","res":"unsolved"},{"d":"2025-08-03","day":"Sun","time":"13:00","desc":"Assault, Aggravated - Deadly Weapon - Int/Kn","res":"unsolved"}]}},{"type":"Feature","geometry":{"type":"Polygon","coordinates":[[[-86.70710550976433,36.25803312923778],[-86.70564534527954,36.259296667032935],[-86.70629065152777,36.261062499391706],[-86.70839620169481,36.26156481261541],[-86.70985640526767,36.26030125851107],[-86.70921101958622,36.25853540749269],[-86.70710550976433,36.25803312923778],[-86.70710550976433,36.25803312923778]]]},"properties":{"h3":"89264d88e07ffff","count":1,"c3":0,"c6":0,"c12":0,"c24":1,"score":0.4,"risk":2,"peakDay":"Sunday","peakTime":"evening","hood":"","bk12":{"morning":0,"afternoon":0,"evening":0,"night":0},"bk24":{"morning":0,"afternoon":0,"evening":1,"night":0},"recent":[{"d":"2025-08-03","day":"Sun","time":"18:25","desc":"Assault, Aggravated - Deadly Weapon - Int/Kn","res":"closed"}]}},{"type":"Feature","geometry":{"type":"Polygon","coordinates":[[[-86.81933138859196,36.16540247471985],[-86.81787224670337,36.166669507048375],[-86.81851962241126,36.168436456140114],[-86.82062621928068,36.16893639138447],[-86.82208539991812,36.16766934258494],[-86.82143794493811,36.16590237501254],[-86.81933138859196,36.16540247471985],[-86.81933138859196,36.16540247471985]]]},"properties":{"h3":"89264d11427ffff","count":1,"c3":0,"c6":0,"c12":0,"c24":1,"score":0.4,"risk":2,"peakDay":"Monday","peakTime":"morning","hood":"","bk12":{"morning":0,"afternoon":0,"evening":0,"night":0},"bk24":{"morning":1,"afternoon":0,"evening":0,"night":0},"recent":[{"d":"2025-08-04","day":"Mon","time":"11:30","desc":"INTENTIONAL AGGRAVATED ASSAULT","res":"closed"}]}},{"type":"Feature","geometry":{"type":"Polygon","coordinates":[[[-86.82742160524053,36.19797282469729],[-86.82596198453852,36.19923951041544],[-86.82660975457068,36.201006235782444],[-86.82871722462616,36.2015062938962],[-86.83017688408192,36.20023959172608],[-86.82952903472923,36.19847284789468],[-86.82742160524053,36.19797282469729],[-86.82742160524053,36.19797282469729]]]},"properties":{"h3":"89264d13257ffff","count":1,"c3":0,"c6":0,"c12":0,"c24":1,"score":0.4,"risk":2,"peakDay":"Monday","peakTime":"afternoon","hood":"","bk12":{"morning":0,"afternoon":0,"evening":0,"night":0},"bk24":{"morning":0,"afternoon":1,"evening":0,"night":0},"recent":[{"d":"2025-08-04","day":"Mon","time":"13:50","desc":"Assault, Aggravated - Deadly Weapon - Int/Kn","res":"unsolved"}]}},{"type":"Feature","geometry":{"type":"Polygon","coordinates":[[[-86.88952289366233,36.14169411662801],[-86.88806391324493,36.14296280899525],[-86.88871279509011,36.14473018699232],[-86.89082073657653,36.14522889098807],[-86.89227975555593,36.143960182075716],[-86.89163079448775,36.14219278571321],[-86.88952289366233,36.14169411662801],[-86.88952289366233,36.14169411662801]]]},"properties":{"h3":"89264d1a147ffff","count":1,"c3":0,"c6":0,"c12":0,"c24":1,"score":0.4,"risk":2,"peakDay":"Monday","peakTime":"afternoon","hood":"","bk12":{"morning":0,"afternoon":0,"evening":0,"night":0},"bk24":{"morning":0,"afternoon":1,"evening":0,"night":0},"recent":[{"d":"2025-08-04","day":"Mon","time":"14:40","desc":"INTENTIONAL AGGRAVATED ASSAULT","res":"closed"}]}},{"type":"Feature","geometry":{"type":"Polygon","coordinates":[[[-86.77379698420532,36.1723309235908],[-86.77233785858785,36.17359700691245],[-86.77298420384172,36.1753637415239],[-86.77508975400453,36.1758644113702],[-86.7765489184855,36.174598311619164],[-86.77590249394096,36.17283155845168],[-86.77379698420532,36.1723309235908],[-86.77379698420532,36.1723309235908]]]},"properties":{"h3":"89264d10697ffff","count":1,"c3":0,"c6":0,"c12":0,"c24":1,"score":0.4,"risk":2,"peakDay":"Monday","peakTime":"afternoon","hood":"","bk12":{"morning":0,"afternoon":0,"evening":0,"night":0},"bk24":{"morning":0,"afternoon":1,"evening":0,"night":0},"recent":[{"d":"2025-08-04","day":"Mon","time":"15:54","desc":"Assault, Aggravated - Deadly Weapon - Reckless","res":"closed"}]}},{"type":"Feature","geometry":{"type":"Polygon","coordinates":[[[-86.9233947371105,36.10289059948011],[-86.92193622058184,36.10416050778211],[-86.92258565751791,36.105928302331264],[-86.92469369014081,36.10642620689077],[-86.92615224512093,36.105156281986545],[-86.92550272902753,36.103388469125534],[-86.9233947371105,36.10289059948011],[-86.9233947371105,36.10289059948011]]]},"properties":{"h3":"89264d181c3ffff","count":1,"c3":0,"c6":0,"c12":0,"c24":1,"score":0.4,"risk":2,"peakDay":"Monday","peakTime":"afternoon","hood":"","bk12":{"morning":0,"afternoon":0,"evening":0,"night":0},"bk24":{"morning":0,"afternoon":1,"evening":0,"night":0},"recent":[{"d":"2025-08-04","day":"Mon","time":"16:00","desc":"INTENTIONAL AGGRAVATED ASSAULT","res":"closed"}]}},{"type":"Feature","geometry":{"type":"Polygon","coordinates":[[[-86.80750538497219,36.15936862935292],[-86.80604635744012,36.16063553456707],[-86.80669341665056,36.162402488533324],[-86.80879958265888,36.16290255578681],[-86.81025864896375,36.16163563410631],[-86.80961151048834,36.159868661639166],[-86.80750538497219,36.15936862935292],[-86.80750538497219,36.15936862935292]]]},"properties":{"h3":"89264d11503ffff","count":1,"c3":0,"c6":0,"c12":0,"c24":1,"score":0.4,"risk":2,"peakDay":"Monday","peakTime":"evening","hood":"","bk12":{"morning":0,"afternoon":0,"evening":0,"night":0},"bk24":{"morning":0,"afternoon":0,"evening":1,"night":0},"recent":[{"d":"2025-08-04","day":"Mon","time":"18:30","desc":"Assault, Aggravated - Deadly Weapon - Int/Kn","res":"closed"}]}},{"type":"Feature","geometry":{"type":"Polygon","coordinates":[[[-86.8373113690876,36.19870589243683],[-86.83585171363528,36.19997275012575],[-86.83649972146259,36.20173950447739],[-86.83860746406287,36.202239419588466],[-86.84006715824566,36.20097254544029],[-86.8394190710985,36.19920577264079],[-86.8373113690876,36.19870589243683],[-86.8373113690876,36.19870589243683]]]},"properties":{"h3":"89264dc4997ffff","count":1,"c3":0,"c6":0,"c12":0,"c24":1,"score":0.4,"risk":2,"peakDay":"Monday","peakTime":"evening","hood":"","bk12":{"morning":0,"afternoon":0,"evening":0,"night":0},"bk24":{"morning":0,"afternoon":0,"evening":1,"night":0},"recent":[{"d":"2025-08-04","day":"Mon","time":"18:55","desc":"ROBBERY- CARJACKING","res":"closed"}]}},{"type":"Feature","geometry":{"type":"Polygon","coordinates":[[[-86.9199777456884,36.07786546968933],[-86.91851958892062,36.07913569435944],[-86.91916878887024,36.080903668933466],[-86.92127622470825,36.08140143715734],[-86.92273441991715,36.08013119586807],[-86.92208514084774,36.078363202974565],[-86.9199777456884,36.07786546968933],[-86.9199777456884,36.07786546968933]]]},"properties":{"h3":"89264d18e8fffff","count":2,"c3":0,"c6":0,"c12":1,"c24":2,"score":1.1,"risk":6,"peakDay":"Tuesday","peakTime":"afternoon","hood":"","bk12":{"morning":0,"afternoon":0,"evening":1,"night":0},"bk24":{"morning":0,"afternoon":1,"evening":1,"night":0},"recent":[{"d":"2026-03-03","day":"Tue","time":"18:45","desc":"INTENTIONAL AGGRAVATED ASSAULT","res":"closed"},{"d":"2025-08-05","day":"Tue","time":"12:00","desc":"Assault, Aggravated - Deadly Weapon - Int/Kn","res":"closed"}]}},{"type":"Feature","geometry":{"type":"Polygon","coordinates":[[[-86.77961527584587,36.18823126082814],[-86.77815591159928,36.189497209533926],[-86.77880249330634,36.19126384186597],[-86.78090851857485,36.191764544037696],[-86.7823679216829,36.19049857891033],[-86.78172126066181,36.188731928033306],[-86.77961527584587,36.18823126082814],[-86.77961527584587,36.18823126082814]]]},"properties":{"h3":"89264d1311bffff","count":2,"c3":0,"c6":0,"c12":0,"c24":2,"score":0.9,"risk":5,"peakDay":"Tuesday","peakTime":"afternoon","hood":"","bk12":{"morning":0,"afternoon":0,"evening":0,"night":0},"bk24":{"morning":0,"afternoon":1,"evening":1,"night":0},"recent":[{"d":"2025-09-05","day":"Fri","time":"21:10","desc":"Assault, Aggravated - Deadly Weapon - Int/Kn","res":"unsolved"},{"d":"2025-08-05","day":"Tue","time":"13:59","desc":"AGGRAV ASSLT - NONFAMILY-GUN","res":"unsolved"}]}},{"type":"Feature","geometry":{"type":"Polygon","coordinates":[[[-86.76560461251692,36.265523991158986],[-86.76414419338423,36.26678849920045],[-86.76479092738192,36.268554480786634],[-86.76689815994806,36.26905597289336],[-86.76835861803399,36.26779144850176],[-86.7677118046013,36.266025448354064],[-86.76560461251692,36.265523991158986],[-86.76560461251692,36.265523991158986]]]},"properties":{"h3":"89264d89eb7ffff","count":1,"c3":0,"c6":0,"c12":0,"c24":1,"score":0.4,"risk":2,"peakDay":"Tuesday","peakTime":"night","hood":"","bk12":{"morning":0,"afternoon":0,"evening":0,"night":0},"bk24":{"morning":0,"afternoon":0,"evening":0,"night":1},"recent":[{"d":"2025-08-05","day":"Tue","time":"22:32","desc":"INTENTIONAL AGGRAVATED ASSAULT","res":"closed"}]}},{"type":"Feature","geometry":{"type":"Polygon","coordinates":[[[-86.76554236302933,36.165528568186424],[-86.76408335403175,36.166794602222424],[-86.76472946218081,36.16856136000069],[-86.76683465860991,36.169062102313816],[-86.76829370648568,36.16779605184969],[-86.76764751905496,36.166029275501046],[-86.76554236302933,36.165528568186424],[-86.76554236302933,36.165528568186424]]]},"properties":{"h3":"89264d1047bffff","count":1,"c3":0,"c6":0,"c12":0,"c24":1,"score":0.4,"risk":2,"peakDay":"Wednesday","peakTime":"morning","hood":"","bk12":{"morning":0,"afternoon":0,"evening":0,"night":0},"bk24":{"morning":1,"afternoon":0,"evening":0,"night":0},"recent":[{"d":"2025-08-06","day":"Wed","time":"05:30","desc":"INTENTIONAL AGGRAVATED ASSAULT","res":"closed"}]}},{"type":"Feature","geometry":{"type":"Polygon","coordinates":[[[-86.87558915240743,36.281965358477756],[-86.874128228887,36.28323165289387],[-86.87477766122473,36.28499789004896],[-86.87688809652413,36.285497851165054],[-86.87834905874489,36.28423154032414],[-86.8776995469667,36.28246528479242],[-86.87558915240743,36.281965358477756],[-86.87558915240743,36.281965358477756]]]},"properties":{"h3":"89264dc637bffff","count":1,"c3":0,"c6":0,"c12":0,"c24":1,"score":0.4,"risk":2,"peakDay":"Wednesday","peakTime":"morning","hood":"","bk12":{"morning":0,"afternoon":0,"evening":0,"night":0},"bk24":{"morning":1,"afternoon":0,"evening":0,"night":0},"recent":[{"d":"2025-08-06","day":"Wed","time":"08:00","desc":"Assault, Agg - Serious Bodily Injury- Int/Kn- Acting in Concert","res":"closed"}]}},{"type":"Feature","geometry":{"type":"Polygon","coordinates":[[[-86.69895508138856,36.28832286786941],[-86.69749451004925,36.28958579041915],[-86.69813981287679,36.29135135710331],[-86.70024576652553,36.291854019908584],[-86.7017063769953,36.29059108107978],[-86.70106099468667,36.28882549572526],[-86.69895508138856,36.28832286786941],[-86.69895508138856,36.28832286786941]]]},"properties":{"h3":"89264d88183ffff","count":1,"c3":0,"c6":0,"c12":0,"c24":1,"score":0.4,"risk":2,"peakDay":"Wednesday","peakTime":"afternoon","hood":"","bk12":{"morning":0,"afternoon":0,"evening":0,"night":0},"bk24":{"morning":0,"afternoon":1,"evening":0,"night":0},"recent":[{"d":"2025-08-06","day":"Wed","time":"15:00","desc":"ROBBERY","res":"unsolved"}]}},{"type":"Feature","geometry":{"type":"Polygon","coordinates":[[[-86.6604490754782,36.01946665997258],[-86.65899239024206,36.02073296543644],[-86.65963511299445,36.02250045751968],[-86.66173460005932,36.023001662896625],[-86.66319132431506,36.021735340973436],[-86.6625485224871,36.019967830133126],[-86.6604490754782,36.01946665997258],[-86.6604490754782,36.01946665997258]]]},"properties":{"h3":"89264d15cd7ffff","count":1,"c3":0,"c6":0,"c12":0,"c24":1,"score":0.4,"risk":2,"peakDay":"Wednesday","peakTime":"afternoon","hood":"","bk12":{"morning":0,"afternoon":0,"evening":0,"night":0},"bk24":{"morning":0,"afternoon":1,"evening":0,"night":0},"recent":[{"d":"2025-08-06","day":"Wed","time":"15:40","desc":"INTENTIONAL AGGRAVATED ASSAULT","res":"unsolved"}]}},{"type":"Feature","geometry":{"type":"Polygon","coordinates":[[[-86.8113882935291,36.16997027240298],[-86.80992910705807,36.171237088049445],[-86.81057632402069,36.17300397386207],[-86.81268280673568,36.173504062522255],[-86.81414203197808,36.17223723041469],[-86.81349473573496,36.17047032610852],[-86.8113882935291,36.16997027240298],[-86.8113882935291,36.16997027240298]]]},"properties":{"h3":"89264d115d3ffff","count":1,"c3":0,"c6":0,"c12":0,"c24":1,"score":0.4,"risk":2,"peakDay":"Wednesday","peakTime":"afternoon","hood":"","bk12":{"morning":0,"afternoon":0,"evening":0,"night":0},"bk24":{"morning":0,"afternoon":1,"evening":0,"night":0},"recent":[{"d":"2025-08-06","day":"Wed","time":"15:47","desc":"AGGRAV ASSLT - NONFAMILY-GUN","res":"closed"}]}},{"type":"Feature","geometry":{"type":"Polygon","coordinates":[[[-86.80051281314334,36.198036268386765],[-86.79905325839957,36.19930245470469],[-86.79970039422643,36.20106908492509],[-86.80180716412329,36.20156954733734],[-86.80326675768562,36.200303344588875],[-86.80261954253335,36.198536695859175],[-86.80051281314334,36.198036268386765],[-86.80051281314334,36.198036268386765]]]},"properties":{"h3":"89264d13073ffff","count":1,"c3":0,"c6":0,"c12":0,"c24":1,"score":0.4,"risk":2,"peakDay":"Wednesday","peakTime":"evening","hood":"","bk12":{"morning":0,"afternoon":0,"evening":0,"night":0},"bk24":{"morning":0,"afternoon":0,"evening":1,"night":0},"recent":[{"d":"2025-08-06","day":"Wed","time":"18:40","desc":"Assault, Aggravated - Deadly Weapon - Int/Kn","res":"unsolved"}]}},{"type":"Feature","geometry":{"type":"Polygon","coordinates":[[[-86.76798082010866,36.156429667542234],[-86.76652193307348,36.157695885370046],[-86.76716804199049,36.15946272194214],[-86.76927311721084,36.15996335925399],[-86.77073204311158,36.15869712498897],[-86.77008585492723,36.15693026984981],[-86.76798082010866,36.156429667542234],[-86.76798082010866,36.156429667542234]]]},"properties":{"h3":"89264d100c3ffff","count":3,"c3":0,"c6":0,"c12":0,"c24":3,"score":1.4,"risk":7,"peakDay":"Wednesday","peakTime":"evening","hood":"","bk12":{"morning":0,"afternoon":0,"evening":0,"night":0},"bk24":{"morning":0,"afternoon":0,"evening":2,"night":1},"recent":[{"d":"2025-10-03","day":"Fri","time":"02:10","desc":"Assault, Aggravated - Strangulation - Int/Kn","res":"closed"},{"d":"2025-08-27","day":"Wed","time":"18:20","desc":"ASSAULT, AGGRAVATED - STRANGULATION-INT/KN","res":"closed"},{"d":"2025-08-06","day":"Wed","time":"19:30","desc":"Assault, Aggravated - Deadly Weapon - Int/Kn","res":"closed"}]}},{"type":"Feature","geometry":{"type":"Polygon","coordinates":[[[-86.6311206726797,36.128628536477486],[-86.62966253022988,36.12989264031377],[-86.63030523796358,36.13165919723652],[-86.6324061673946,36.13216166912084],[-86.63386434901624,36.13089754893494],[-86.6332215620358,36.12913097321482],[-86.6311206726797,36.128628536477486],[-86.6311206726797,36.128628536477486]]]},"properties":{"h3":"89264d8d86fffff","count":1,"c3":0,"c6":0,"c12":0,"c24":1,"score":0.4,"risk":2,"peakDay":"Wednesday","peakTime":"evening","hood":"","bk12":{"morning":0,"afternoon":0,"evening":0,"night":0},"bk24":{"morning":0,"afternoon":0,"evening":1,"night":0},"recent":[{"d":"2025-08-06","day":"Wed","time":"20:00","desc":"Assault, Aggravated - Strangulation - Int/Kn","res":"unsolved"}]}},{"type":"Feature","geometry":{"type":"Polygon","coordinates":[[[-86.68076523480867,36.04368290742177],[-86.6793081565824,36.04494922243385],[-86.67995150824417,36.04671660583894],[-86.68205201724241,36.04721769295381],[-86.68350913445816,36.045951361485315],[-86.682865703687,36.04418395935883],[-86.68076523480867,36.04368290742177],[-86.68076523480867,36.04368290742177]]]},"properties":{"h3":"89264d1557bffff","count":2,"c3":0,"c6":0,"c12":1,"c24":2,"score":1.1,"risk":5,"peakDay":"Wednesday","peakTime":"evening","hood":"","bk12":{"morning":0,"afternoon":0,"evening":0,"night":1},"bk24":{"morning":0,"afternoon":0,"evening":1,"night":1},"recent":[{"d":"2026-02-25","day":"Wed","time":"03:21","desc":"INTENTIONAL AGGRAVATED ASSAULT","res":"closed"},{"d":"2025-08-06","day":"Wed","time":"20:01","desc":"Assault, Aggravated - Deadly Weapon - Int/Kn","res":"closed"}]}},{"type":"Feature","geometry":{"type":"Polygon","coordinates":[[[-86.61013214074798,36.181657671399215],[-86.60867330687593,36.1829205772556],[-86.60931584835545,36.18468665109966],[-86.61141730303886,36.18518983791559],[-86.61287617617286,36.18392691576812],[-86.61223355536228,36.18216082309628],[-86.61013214074798,36.181657671399215],[-86.61013214074798,36.181657671399215]]]},"properties":{"h3":"89264d8c217ffff","count":2,"c3":0,"c6":0,"c12":0,"c24":2,"score":0.9,"risk":4,"peakDay":"Thursday","peakTime":"night","hood":"","bk12":{"morning":0,"afternoon":0,"evening":0,"night":0},"bk24":{"morning":0,"afternoon":0,"evening":0,"night":2},"recent":[{"d":"2025-08-08","day":"Fri","time":"04:56","desc":"ROBBERY","res":"closed"},{"d":"2025-08-07","day":"Thu","time":"03:42","desc":"ROBBERY","res":"closed"}]}},{"type":"Feature","geometry":{"type":"Polygon","coordinates":[[[-86.70404328601717,36.044391316907124],[-86.70258613752196,36.04565805252348],[-86.70323004223687,36.047425515054435],[-86.70533117455459,36.04792626065207],[-86.70678836198427,36.0466595085613],[-86.70614437816255,36.04489202734779],[-86.70404328601717,36.044391316907124],[-86.70404328601717,36.044391316907124]]]},"properties":{"h3":"89264d15057ffff","count":1,"c3":0,"c6":0,"c12":0,"c24":1,"score":0.4,"risk":2,"peakDay":"Thursday","peakTime":"morning","hood":"","bk12":{"morning":0,"afternoon":0,"evening":0,"night":0},"bk24":{"morning":1,"afternoon":0,"evening":0,"night":0},"recent":[{"d":"2025-08-07","day":"Thu","time":"09:00","desc":"Assault, Aggravated - Deadly Weapon - Int/Kn","res":"closed"}]}},{"type":"Feature","geometry":{"type":"Polygon","coordinates":[[[-86.7379163033056,36.36851115471039],[-86.73645449821257,36.36977356885869],[-86.73710122279499,36.37153864236117],[-86.73920983206942,36.37204132031365],[-86.74067167626005,36.370778889917254],[-86.74002487207949,36.369013797816976],[-86.7379163033056,36.36851115471039],[-86.7379163033056,36.36851115471039]]]},"properties":{"h3":"89264d8b4a7ffff","count":1,"c3":0,"c6":0,"c12":0,"c24":1,"score":0.4,"risk":2,"peakDay":"Thursday","peakTime":"afternoon","hood":"","bk12":{"morning":0,"afternoon":0,"evening":0,"night":0},"bk24":{"morning":0,"afternoon":1,"evening":0,"night":0},"recent":[{"d":"2025-08-07","day":"Thu","time":"13:20","desc":"AGGRAV ASSLT - NONFAMILY-GUN","res":"unsolved"}]}},{"type":"Feature","geometry":{"type":"Polygon","coordinates":[[[-86.74810664708322,36.11782143703928],[-86.7466483537099,36.11908787419348],[-86.74729375347663,36.12085493636946],[-86.74939752582917,36.1213555799951],[-86.75085585808671,36.120089126389225],[-86.7502103791083,36.11832204560987],[-86.74810664708322,36.11782143703928],[-86.74810664708322,36.11782143703928]]]},"properties":{"h3":"89264d10e8bffff","count":1,"c3":0,"c6":0,"c12":0,"c24":1,"score":0.4,"risk":2,"peakDay":"Thursday","peakTime":"evening","hood":"","bk12":{"morning":0,"afternoon":0,"evening":0,"night":0},"bk24":{"morning":0,"afternoon":0,"evening":1,"night":0},"recent":[{"d":"2025-08-07","day":"Thu","time":"21:45","desc":"ROBBERY","res":"unsolved"}]}},{"type":"Feature","geometry":{"type":"Polygon","coordinates":[[[-86.6992642121576,36.09973296275161],[-86.69780629834813,36.10099876978286],[-86.69845043400477,36.102765794603116],[-86.70055256266369,36.10326703107882],[-86.70201051546063,36.10200120762064],[-86.701366300612,36.100234164114156],[-86.6992642121576,36.09973296275161],[-86.6992642121576,36.09973296275161]]]},"properties":{"h3":"89264d10dabffff","count":1,"c3":0,"c6":0,"c12":0,"c24":1,"score":0.4,"risk":2,"peakDay":"Friday","peakTime":"morning","hood":"","bk12":{"morning":0,"afternoon":0,"evening":0,"night":0},"bk24":{"morning":1,"afternoon":0,"evening":0,"night":0},"recent":[{"d":"2025-08-08","day":"Fri","time":"11:00","desc":"ROBBERY","res":"unsolved"}]}},{"type":"Feature","geometry":{"type":"Polygon","coordinates":[[[-86.75234001770194,36.23979593192109],[-86.75087999521791,36.241060587644704],[-86.75152625538114,36.2428267230304],[-86.75363261742693,36.2433282212789],[-86.75509267887671,36.24206354919572],[-86.75444633931575,36.24029739522409],[-86.75234001770194,36.23979593192109],[-86.75234001770194,36.23979593192109]]]},"properties":{"h3":"89264d89827ffff","count":1,"c3":0,"c6":0,"c12":0,"c24":1,"score":0.4,"risk":2,"peakDay":"Friday","peakTime":"afternoon","hood":"","bk12":{"morning":0,"afternoon":0,"evening":0,"night":0},"bk24":{"morning":0,"afternoon":1,"evening":0,"night":0},"recent":[{"d":"2025-08-08","day":"Fri","time":"16:20","desc":"AGGRAV ASSLT - FAMILY-GUN","res":"closed"}]}},{"type":"Feature","geometry":{"type":"Polygon","coordinates":[[[-86.79568216851725,36.15333411491894],[-86.79422325545254,36.1546008930429],[-86.79486999824164,36.15636785173956],[-86.79697573335403,36.15686805083388],[-86.79843468521543,36.15560125624826],[-86.79778786316854,36.153834279030484],[-86.79568216851725,36.15333411491894],[-86.79568216851725,36.15333411491894]]]},"properties":{"h3":"89264d102dbffff","count":2,"c3":0,"c6":0,"c12":1,"c24":2,"score":1,"risk":5,"peakDay":"Friday","peakTime":"evening","hood":"","bk12":{"morning":0,"afternoon":0,"evening":0,"night":1},"bk24":{"morning":0,"afternoon":0,"evening":1,"night":1},"recent":[{"d":"2025-12-13","day":"Sat","time":"00:00","desc":"INTENTIONAL AGGRAVATED ASSAULT","res":"closed"},{"d":"2025-08-08","day":"Fri","time":"17:30","desc":"INTENTIONAL AGGRAVATED ASSAULT","res":"closed"}]}},{"type":"Feature","geometry":{"type":"Polygon","coordinates":[[[-86.79775906564674,36.19576916002236],[-86.79629954972647,36.197035329910165],[-86.79694660644127,36.19880196799404],[-86.79905325839957,36.19930245470469],[-86.80051281314334,36.198036268386765],[-86.79986567710613,36.19626961178879],[-86.79775906564674,36.19576916002236],[-86.79775906564674,36.19576916002236]]]},"properties":{"h3":"89264d13077ffff","count":1,"c3":0,"c6":0,"c12":0,"c24":1,"score":0.4,"risk":2,"peakDay":"Friday","peakTime":"evening","hood":"","bk12":{"morning":0,"afternoon":0,"evening":0,"night":0},"bk24":{"morning":0,"afternoon":0,"evening":1,"night":0},"recent":[{"d":"2025-08-08","day":"Fri","time":"18:05","desc":"Assault, Aggravated - Strangulation - Int/Kn","res":"closed"}]}},{"type":"Feature","geometry":{"type":"Polygon","coordinates":[[[-86.85936320032427,36.21683820884446],[-86.85790323516687,36.218105198219014],[-86.85855187648156,36.21987188862564],[-86.86066056229808,36.22037160806771],[-86.8621205661463,36.219104602230566],[-86.86147184548801,36.217337893414445],[-86.85936320032427,36.21683820884446],[-86.85936320032427,36.21683820884446]]]},"properties":{"h3":"89264dc4893ffff","count":1,"c3":0,"c6":0,"c12":0,"c24":1,"score":0.4,"risk":2,"peakDay":"Friday","peakTime":"evening","hood":"","bk12":{"morning":0,"afternoon":0,"evening":0,"night":0},"bk24":{"morning":0,"afternoon":0,"evening":1,"night":0},"recent":[{"d":"2025-08-08","day":"Fri","time":"20:28","desc":"ROBBERY, AGGRAVATED, LONG GUN","res":"unsolved"}]}},{"type":"Feature","geometry":{"type":"Polygon","coordinates":[[[-86.71981206309809,36.09817622459828],[-86.71835411827286,36.0994424360977],[-86.71899872873747,36.101209546882416],[-86.72110136321442,36.10171046482028],[-86.72255934697681,36.10044423687628],[-86.7219146573259,36.098677107439485],[-86.71981206309809,36.09817622459828],[-86.71981206309809,36.09817622459828]]]},"properties":{"h3":"89264d108b3ffff","count":4,"c3":0,"c6":0,"c12":1,"c24":4,"score":2,"risk":10,"peakDay":"Friday","peakTime":"evening","hood":"","bk12":{"morning":0,"afternoon":1,"evening":0,"night":0},"bk24":{"morning":0,"afternoon":2,"evening":2,"night":0},"recent":[{"d":"2026-03-05","day":"Thu","time":"16:30","desc":"INTENTIONAL AGGRAVATED ASSAULT","res":"unsolved"},{"d":"2025-08-17","day":"Sun","time":"17:15","desc":"INTENTIONAL AGGRAVATED ASSAULT","res":"unsolved"},{"d":"2025-08-12","day":"Tue","time":"14:00","desc":"INTENTIONAL AGGRAVATED ASSAULT","res":"unsolved"},{"d":"2025-08-08","day":"Fri","time":"20:45","desc":"AGGRAV ASSLT - NONFAMILY-GUN","res":"unsolved"}]}},{"type":"Feature","geometry":{"type":"Polygon","coordinates":[[[-86.68938729871739,36.198991805437544],[-86.68792801287923,36.20025591723736],[-86.68857253288532,36.2020221444263],[-86.69067641807581,36.20252427851031],[-86.69213574299985,36.201260150369365],[-86.69149114364828,36.199493904486026],[-86.68938729871739,36.198991805437544],[-86.68938729871739,36.198991805437544]]]},"properties":{"h3":"89264d125a7ffff","count":2,"c3":0,"c6":0,"c12":0,"c24":2,"score":0.9,"risk":5,"peakDay":"Friday","peakTime":"evening","hood":"","bk12":{"morning":0,"afternoon":0,"evening":0,"night":0},"bk24":{"morning":1,"afternoon":0,"evening":1,"night":0},"recent":[{"d":"2025-08-27","day":"Wed","time":"09:40","desc":"INTENTIONAL AGGRAVATED ASSAULT","res":"unsolved"},{"d":"2025-08-08","day":"Fri","time":"21:04","desc":"INTENTIONAL AGGRAVATED ASSAULT","res":"unsolved"}]}},{"type":"Feature","geometry":{"type":"Polygon","coordinates":[[[-86.89033295139694,36.13865795886844],[-86.88887401172644,36.13992671238801],[-86.88952289366233,36.14169411662801],[-86.89163079448775,36.14219278571321],[-86.89308977271607,36.14092401564551],[-86.892440811562,36.139156593041214],[-86.89033295139694,36.13865795886844],[-86.89033295139694,36.13865795886844]]]},"properties":{"h3":"89264d1a17bffff","count":3,"c3":0,"c6":0,"c12":0,"c24":3,"score":1.4,"risk":7,"peakDay":"Friday","peakTime":"evening","hood":"","bk12":{"morning":0,"afternoon":0,"evening":0,"night":0},"bk24":{"morning":0,"afternoon":0,"evening":3,"night":0},"recent":[{"d":"2025-10-07","day":"Tue","time":"17:15","desc":"Assault, Aggravated - Deadly Weapon - Reckless","res":"unsolved"},{"d":"2025-09-20","day":"Sat","time":"21:00","desc":"INTENTIONAL AGGRAVATED ASSAULT","res":"unsolved"},{"d":"2025-08-08","day":"Fri","time":"21:30","desc":"INTENTIONAL AGGRAVATED ASSAULT","res":"unsolved"}]}},{"type":"Feature","geometry":{"type":"Polygon","coordinates":[[[-86.87087911615394,36.14857815609769],[-86.86942008423122,36.1498463987833],[-86.87006856981799,36.15161365860793],[-86.87217616656531,36.152112694143426],[-86.87363523710013,36.15084443493285],[-86.87298667227637,36.149077156712224],[-86.87087911615394,36.14857815609769],[-86.87087911615394,36.14857815609769]]]},"properties":{"h3":"89264d1124bffff","count":2,"c3":0,"c6":0,"c12":0,"c24":2,"score":0.9,"risk":5,"peakDay":"Friday","peakTime":"night","hood":"","bk12":{"morning":0,"afternoon":0,"evening":0,"night":0},"bk24":{"morning":0,"afternoon":1,"evening":0,"night":1},"recent":[{"d":"2025-09-19","day":"Fri","time":"15:15","desc":"INTENTIONAL AGGRAVATED ASSAULT","res":"unsolved"},{"d":"2025-08-08","day":"Fri","time":"22:23","desc":"INTENTIONAL AGGRAVATED ASSAULT","res":"unsolved"}]}},{"type":"Feature","geometry":{"type":"Polygon","coordinates":[[[-86.70720370724626,36.195179985422435],[-86.70574442918742,36.19644448584384],[-86.70638934590349,36.198210806446056],[-86.70849362001597,36.19871264529242],[-86.70995293711519,36.19744812851265],[-86.70930794106235,36.19568178924538],[-86.70720370724626,36.195179985422435],[-86.70720370724626,36.195179985422435]]]},"properties":{"h3":"89264d12563ffff","count":1,"c3":0,"c6":0,"c12":0,"c24":1,"score":0.4,"risk":2,"peakDay":"Friday","peakTime":"night","hood":"","bk12":{"morning":0,"afternoon":0,"evening":0,"night":0},"bk24":{"morning":0,"afternoon":0,"evening":0,"night":1},"recent":[{"d":"2025-08-08","day":"Fri","time":"23:00","desc":"INTENTIONAL AGGRAVATED ASSAULT","res":"closed"}]}},{"type":"Feature","geometry":{"type":"Polygon","coordinates":[[[-86.80602089928202,36.202570388603924],[-86.80456126690603,36.203836607783344],[-86.80520856097708,36.20560322224027],[-86.80731556675623,36.20610363601796],[-86.80877523794095,36.20483740040714],[-86.80812786453852,36.203070767450505],[-86.80602089928202,36.202570388603924],[-86.80602089928202,36.202570388603924]]]},"properties":{"h3":"89264d13043ffff","count":1,"c3":0,"c6":0,"c12":0,"c24":1,"score":0.4,"risk":2,"peakDay":"Saturday","peakTime":"night","hood":"","bk12":{"morning":0,"afternoon":0,"evening":0,"night":0},"bk24":{"morning":0,"afternoon":0,"evening":0,"night":1},"recent":[{"d":"2025-08-09","day":"Sat","time":"02:44","desc":"Assault, Aggravated - Deadly Weapon - Int/Kn","res":"closed"}]}},{"type":"Feature","geometry":{"type":"Polygon","coordinates":[[[-86.65689346272327,36.257324189019705],[-86.65543343829515,36.2585868059211],[-86.65607755446032,36.260352463780286],[-86.65818177449454,36.260855523481766],[-86.65964183813043,36.25959289031091],[-86.65899764252511,36.25782721370849],[-86.65689346272327,36.257324189019705],[-86.65689346272327,36.257324189019705]]]},"properties":{"h3":"89264d88d97ffff","count":1,"c3":0,"c6":0,"c12":0,"c24":1,"score":0.4,"risk":2,"peakDay":"Saturday","peakTime":"night","hood":"","bk12":{"morning":0,"afternoon":0,"evening":0,"night":0},"bk24":{"morning":0,"afternoon":0,"evening":0,"night":1},"recent":[{"d":"2025-08-09","day":"Sat","time":"04:10","desc":"ROBBERY","res":"closed"}]}},{"type":"Feature","geometry":{"type":"Polygon","coordinates":[[[-86.72011934104623,36.10954396903534],[-86.71866123557442,36.11081001344977],[-86.71930592396164,36.11257703854695],[-86.72140879702509,36.11307803788086],[-86.7228669414419,36.11181197703056],[-86.72222217385105,36.11004493328271],[-86.72011934104623,36.10954396903534],[-86.72011934104623,36.10954396903534]]]},"properties":{"h3":"89264d10c23ffff","count":2,"c3":0,"c6":0,"c12":0,"c24":2,"score":0.9,"risk":5,"peakDay":"Saturday","peakTime":"morning","hood":"","bk12":{"morning":0,"afternoon":0,"evening":0,"night":0},"bk24":{"morning":1,"afternoon":1,"evening":0,"night":0},"recent":[{"d":"2025-08-30","day":"Sat","time":"15:30","desc":"INTENTIONAL AGGRAVATED ASSAULT","res":"unsolved"},{"d":"2025-08-09","day":"Sat","time":"07:02","desc":"ASSAULT, VEHICULAR - 1ST OFFENSE","res":"closed"}]}},{"type":"Feature","geometry":{"type":"Polygon","coordinates":[[[-86.77979947007773,36.162466129453854],[-86.77834046827753,36.16373247429588],[-86.77898689354261,36.16549930632034],[-86.78109239988319,36.165999812050146],[-86.7825514405251,36.16473345076624],[-86.78190493598548,36.16296660019492],[-86.77979947007773,36.162466129453854],[-86.77979947007773,36.162466129453854]]]},"properties":{"h3":"89264d10607ffff","count":4,"c3":0,"c6":0,"c12":2,"c24":4,"score":2,"risk":10,"peakDay":"Saturday","peakTime":"morning","hood":"","bk12":{"morning":1,"afternoon":0,"evening":1,"night":0},"bk24":{"morning":2,"afternoon":0,"evening":1,"night":1},"recent":[{"d":"2026-01-27","day":"Tue","time":"09:50","desc":"AGGRAV ASSLT - NONFAMILY-GUN","res":"closed"},{"d":"2025-10-11","day":"Sat","time":"19:55","desc":"ASSAULT, AGGRAVATED - DEADLY WEAPON - RECKLESS FROM MOT VEH","res":"closed"},{"d":"2025-09-05","day":"Fri","time":"05:27","desc":"INTENTIONAL AGGRAVATED ASSAULT","res":"closed"},{"d":"2025-08-09","day":"Sat","time":"23:40","desc":"ASSAULT, AGGRAVATED - STRANGULATION-INT/KN","res":"closed"}]}},{"type":"Feature","geometry":{"type":"Polygon","coordinates":[[[-86.63511921649602,36.07635133308015],[-86.63366179883047,36.07761630611364],[-86.63430427676003,36.079383275627436],[-86.63640425152212,36.07988529090315],[-86.63786170831044,36.07862030147559],[-86.63721915121467,36.076853313166886],[-86.63511921649602,36.07635133308015],[-86.63511921649602,36.07635133308015]]]},"properties":{"h3":"89264d171bbffff","count":1,"c3":0,"c6":0,"c12":0,"c24":1,"score":0.4,"risk":2,"peakDay":"Sunday","peakTime":"night","hood":"","bk12":{"morning":0,"afternoon":0,"evening":0,"night":0},"bk24":{"morning":0,"afternoon":0,"evening":0,"night":1},"recent":[{"d":"2025-08-10","day":"Sun","time":"03:15","desc":"ROBBERY, AGGRAVATED, KNIFE","res":"closed"}]}},{"type":"Feature","geometry":{"type":"Polygon","coordinates":[[[-86.6646067853275,36.04144087039437],[-86.6631497807198,36.04270691992033],[-86.66379273759476,36.04447426142391],[-86.6658927781867,36.04497557215052],[-86.6673498218207,36.04370950617929],[-86.66670678583723,36.04194214592722],[-86.6646067853275,36.04144087039437],[-86.6646067853275,36.04144087039437]]]},"properties":{"h3":"89264d15537ffff","count":1,"c3":0,"c6":0,"c12":0,"c24":1,"score":0.4,"risk":2,"peakDay":"Sunday","peakTime":"morning","hood":"","bk12":{"morning":0,"afternoon":0,"evening":0,"night":0},"bk24":{"morning":1,"afternoon":0,"evening":0,"night":0},"recent":[{"d":"2025-08-10","day":"Sun","time":"06:14","desc":"INTENTIONAL AGGRAVATED ASSAULT","res":"closed"}]}},{"type":"Feature","geometry":{"type":"Polygon","coordinates":[[[-86.88044326866587,36.137931770924986],[-86.87898436322847,36.13920035250941],[-86.87963300760265,36.14096772785885],[-86.88174063663396,36.14146654000523],[-86.88319958065252,36.14019794187991],[-86.88255085705941,36.13843054814959],[-86.88044326866587,36.137931770924986],[-86.88044326866587,36.137931770924986]]]},"properties":{"h3":"89264d1a13bffff","count":3,"c3":0,"c6":0,"c12":1,"c24":3,"score":1.5,"risk":8,"peakDay":"Sunday","peakTime":"morning","hood":"","bk12":{"morning":0,"afternoon":0,"evening":1,"night":0},"bk24":{"morning":1,"afternoon":1,"evening":1,"night":0},"recent":[{"d":"2026-02-12","day":"Thu","time":"20:30","desc":"ROBBERY- ESP. AGG.","res":"unsolved"},{"d":"2025-08-26","day":"Tue","time":"12:00","desc":"Assault, Aggravated - Deadly Weapon - Int/Kn","res":"unsolved"},{"d":"2025-08-10","day":"Sun","time":"09:40","desc":"ASSAULT, VEHICULAR, AGGRAVATED","res":"unsolved"}]}},{"type":"Feature","geometry":{"type":"Polygon","coordinates":[[[-86.73893187616179,36.07690970557145],[-86.73747418133455,36.078176594279874],[-86.73811911031048,36.079943935871846],[-86.74022181326518,36.08044440737777],[-86.7416795469679,36.07917750219277],[-86.74103453884125,36.077410141978916],[-86.73893187616179,36.07690970557145],[-86.73893187616179,36.07690970557145]]]},"properties":{"h3":"89264d10b1bffff","count":2,"c3":0,"c6":0,"c12":1,"c24":2,"score":1,"risk":5,"peakDay":"Sunday","peakTime":"afternoon","hood":"","bk12":{"morning":0,"afternoon":0,"evening":1,"night":0},"bk24":{"morning":0,"afternoon":1,"evening":1,"night":0},"recent":[{"d":"2026-01-04","day":"Sun","time":"17:00","desc":"INTENTIONAL AGGRAVATED ASSAULT","res":"unsolved"},{"d":"2025-08-10","day":"Sun","time":"14:00","desc":"AGGRAV ASSLT - FAMILY-WEAPON","res":"unsolved"}]}},{"type":"Feature","geometry":{"type":"Polygon","coordinates":[[[-86.89000637678757,36.127282898418564],[-86.88854759789781,36.128551818798734],[-86.8891964009847,36.13031930955951],[-86.89130406216304,36.13081789830637],[-86.89276287960293,36.129548961369444],[-86.89211399731516,36.12778145224291],[-86.89000637678757,36.127282898418564],[-86.89000637678757,36.127282898418564]]]},"properties":{"h3":"89264d1aec7ffff","count":1,"c3":0,"c6":0,"c12":0,"c24":1,"score":0.4,"risk":2,"peakDay":"Sunday","peakTime":"afternoon","hood":"","bk12":{"morning":0,"afternoon":0,"evening":0,"night":0},"bk24":{"morning":0,"afternoon":1,"evening":0,"night":0},"recent":[{"d":"2025-08-10","day":"Sun","time":"16:20","desc":"INTENTIONAL AGGRAVATED ASSAULT","res":"unsolved"}]}},{"type":"Feature","geometry":{"type":"Polygon","coordinates":[[[-86.68137073537763,36.06642078110282],[-86.67991333618284,36.067686762420564],[-86.68055684314008,36.06945397581073],[-86.68265782843685,36.069955226602275],[-86.68411526663674,36.06868922884558],[-86.68347168053553,36.06692199673677],[-86.68137073537763,36.06642078110282],[-86.68137073537763,36.06642078110282]]]},"properties":{"h3":"89264d154b3ffff","count":1,"c3":0,"c6":0,"c12":0,"c24":1,"score":0.4,"risk":2,"peakDay":"Sunday","peakTime":"afternoon","hood":"","bk12":{"morning":0,"afternoon":0,"evening":0,"night":0},"bk24":{"morning":0,"afternoon":1,"evening":0,"night":0},"recent":[{"d":"2025-08-10","day":"Sun","time":"16:25","desc":"INTENTIONAL AGGRAVATED ASSAULT","res":"closed"}]}},{"type":"Feature","geometry":{"type":"Polygon","coordinates":[[[-86.67471524213155,36.25352447060781],[-86.67325522495713,36.2547874764467],[-86.67389973830568,36.256553227963444],[-86.67600434826095,36.25705599235572],[-86.6774644045976,36.2557929702301],[-86.67681981181755,36.25402719999941],[-86.67471524213155,36.25352447060781],[-86.67471524213155,36.25352447060781]]]},"properties":{"h3":"89264d88d53ffff","count":1,"c3":0,"c6":0,"c12":0,"c24":1,"score":0.4,"risk":2,"peakDay":"Sunday","peakTime":"night","hood":"","bk12":{"morning":0,"afternoon":0,"evening":0,"night":0},"bk24":{"morning":0,"afternoon":0,"evening":0,"night":1},"recent":[{"d":"2025-08-10","day":"Sun","time":"22:49","desc":"INTENTIONAL AGGRAVATED ASSAULT","res":"closed"}]}},{"type":"Feature","geometry":{"type":"Polygon","coordinates":[[[-86.8189824267982,36.21693800118233],[-86.81752255968433,36.218204241178874],[-86.81817024929693,36.21997078957635],[-86.82027788537526,36.22047111645462],[-86.82173779127739,36.219204860027595],[-86.82109002231373,36.21743829315325],[-86.8189824267982,36.21693800118233],[-86.8189824267982,36.21693800118233]]]},"properties":{"h3":"89264d1360bffff","count":1,"c3":0,"c6":0,"c12":0,"c24":1,"score":0.4,"risk":2,"peakDay":"Monday","peakTime":"night","hood":"","bk12":{"morning":0,"afternoon":0,"evening":0,"night":0},"bk24":{"morning":0,"afternoon":0,"evening":0,"night":1},"recent":[{"d":"2025-08-11","day":"Mon","time":"01:17","desc":"Assault, Aggravated - Deadly Weapon - Reckless","res":"unsolved"}]}},{"type":"Feature","geometry":{"type":"Polygon","coordinates":[[[-86.87997183697892,36.278166196606776],[-86.87851095645506,36.279432630332686],[-86.87916046833816,36.28119891250573],[-86.8812709401797,36.28169877932303],[-86.88273185939043,36.2804323291659],[-86.88208226807355,36.278666028623185],[-86.87997183697892,36.278166196606776],[-86.87997183697892,36.278166196606776]]]},"properties":{"h3":"89264dc44a7ffff","count":1,"c3":0,"c6":0,"c12":0,"c24":1,"score":0.4,"risk":2,"peakDay":"Monday","peakTime":"night","hood":"","bk12":{"morning":0,"afternoon":0,"evening":0,"night":0},"bk24":{"morning":0,"afternoon":0,"evening":0,"night":1},"recent":[{"d":"2025-08-11","day":"Mon","time":"03:00","desc":"INTENTIONAL AGGRAVATED ASSAULT","res":"unsolved"}]}},{"type":"Feature","geometry":{"type":"Polygon","coordinates":[[[-86.76685530780269,36.14809582457511],[-86.76539654092943,36.149362148455104],[-86.76604257134967,36.15112904517499],[-86.76814744789881,36.15162963658502],[-86.76960625363407,36.150363296262185],[-86.76896014395902,36.148596380972656],[-86.76685530780269,36.14809582457511],[-86.76685530780269,36.14809582457511]]]},"properties":{"h3":"89264d1000bffff","count":1,"c3":0,"c6":0,"c12":0,"c24":1,"score":0.4,"risk":2,"peakDay":"Monday","peakTime":"morning","hood":"","bk12":{"morning":0,"afternoon":0,"evening":0,"night":0},"bk24":{"morning":1,"afternoon":0,"evening":0,"night":0},"recent":[{"d":"2025-08-11","day":"Mon","time":"07:40","desc":"INTENTIONAL AGGRAVATED ASSAULT","res":"closed"}]}},{"type":"Feature","geometry":{"type":"Polygon","coordinates":[[[-86.71746377679086,36.04436067064415],[-86.71600659415115,36.04562765535854],[-86.71665081496201,36.04739516667585],[-86.718752297518,36.04789571193943],[-86.7202095190601,36.046628710739874],[-86.71956521914467,36.04486118076238],[-86.71746377679086,36.04436067064415],[-86.71746377679086,36.04436067064415]]]},"properties":{"h3":"89264d15283ffff","count":3,"c3":0,"c6":0,"c12":2,"c24":3,"score":1.6,"risk":8,"peakDay":"Monday","peakTime":"afternoon","hood":"","bk12":{"morning":0,"afternoon":0,"evening":1,"night":1},"bk24":{"morning":0,"afternoon":1,"evening":1,"night":1},"recent":[{"d":"2025-12-25","day":"Thu","time":"01:45","desc":"ASSAULT","res":"closed"},{"d":"2025-12-22","day":"Mon","time":"19:15","desc":"ROBBERY","res":"closed"},{"d":"2025-08-11","day":"Mon","time":"14:48","desc":"INTENTIONAL AGGRAVATED ASSAULT","res":"closed"}]}},{"type":"Feature","geometry":{"type":"Polygon","coordinates":[[[-86.5677265552761,36.027950272223215],[-86.56626999725556,36.029214729720145],[-86.56691058641906,36.03098181649376],[-86.56900781270598,36.03148446468175],[-86.57046440997271,36.03021999080658],[-86.5698237417071,36.02845288512215],[-86.5677265552761,36.027950272223215],[-86.5677265552761,36.027950272223215]]]},"properties":{"h3":"89264d1687bffff","count":1,"c3":0,"c6":0,"c12":0,"c24":1,"score":0.4,"risk":2,"peakDay":"Monday","peakTime":"evening","hood":"","bk12":{"morning":0,"afternoon":0,"evening":0,"night":0},"bk24":{"morning":0,"afternoon":0,"evening":1,"night":0},"recent":[{"d":"2025-08-11","day":"Mon","time":"17:00","desc":"INTENTIONAL AGGRAVATED ASSAULT","res":"unsolved"}]}},{"type":"Feature","geometry":{"type":"Polygon","coordinates":[[[-86.70455441618934,36.130033996876556],[-86.70309606247848,36.131299441123886],[-86.70374051122978,36.13306625344932],[-86.70584339293022,36.13356764020289],[-86.70730178563869,36.13230217954822],[-86.70665725764991,36.13053534854781],[-86.70455441618934,36.130033996876556],[-86.70455441618934,36.130033996876556]]]},"properties":{"h3":"89264d12bc3ffff","count":1,"c3":0,"c6":0,"c12":0,"c24":1,"score":0.4,"risk":2,"peakDay":"Monday","peakTime":"evening","hood":"","bk12":{"morning":0,"afternoon":0,"evening":0,"night":0},"bk24":{"morning":0,"afternoon":0,"evening":1,"night":0},"recent":[{"d":"2025-08-11","day":"Mon","time":"20:43","desc":"INTENTIONAL AGGRAVATED ASSAULT","res":"closed"}]}},{"type":"Feature","geometry":{"type":"Polygon","coordinates":[[[-86.69009351267698,36.25880878616515],[-86.68863338106848,36.26007199646104],[-86.68927829048425,36.2618377619602],[-86.69138341094643,36.262340335851796],[-86.6928435816843,36.26107710926094],[-86.69219859283137,36.25931132507393],[-86.69009351267698,36.25880878616515],[-86.69009351267698,36.25880878616515]]]},"properties":{"h3":"89264d88c63ffff","count":3,"c3":0,"c6":0,"c12":0,"c24":3,"score":1.4,"risk":7,"peakDay":"Tuesday","peakTime":"morning","hood":"","bk12":{"morning":0,"afternoon":0,"evening":0,"night":0},"bk24":{"morning":1,"afternoon":0,"evening":1,"night":1},"recent":[{"d":"2025-09-15","day":"Mon","time":"19:30","desc":"Assault, Aggravated - Deadly Weapon - Int/Kn","res":"unsolved"},{"d":"2025-09-04","day":"Thu","time":"22:25","desc":"ROBBERY, AGGRAVATED, HANDGUN","res":"unsolved"},{"d":"2025-08-12","day":"Tue","time":"08:54","desc":"AGGRAV ASSLT - NONFAMILY-WEAPON","res":"unsolved"}]}},{"type":"Feature","geometry":{"type":"Polygon","coordinates":[[[-86.79437362612133,36.170769108823734],[-86.79291447084898,36.172035597150746],[-86.79356129160162,36.173802416713066],[-86.79566734691211,36.1743027664707],[-86.79712654099733,36.17303626169672],[-86.79647964096,36.171269423612536],[-86.79437362612133,36.170769108823734],[-86.79437362612133,36.170769108823734]]]},"properties":{"h3":"89264d13327ffff","count":2,"c3":0,"c6":0,"c12":0,"c24":2,"score":0.9,"risk":5,"peakDay":"Tuesday","peakTime":"morning","hood":"","bk12":{"morning":0,"afternoon":0,"evening":0,"night":0},"bk24":{"morning":1,"afternoon":0,"evening":1,"night":0},"recent":[{"d":"2025-08-21","day":"Thu","time":"20:05","desc":"INTENTIONAL AGGRAVATED ASSAULT","res":"closed"},{"d":"2025-08-12","day":"Tue","time":"11:00","desc":"INTENTIONAL AGGRAVATED ASSAULT","res":"closed"}]}},{"type":"Feature","geometry":{"type":"Polygon","coordinates":[[[-86.64000799609875,36.05815784839378],[-86.63855082122608,36.05942318831081],[-86.63919330172422,36.0611903135521],[-86.64129303623352,36.061692117665054],[-86.64275025020359,36.06042676133567],[-86.64210769056776,36.058659617306176],[-86.64000799609875,36.05815784839378],[-86.64000799609875,36.05815784839378]]]},"properties":{"h3":"89264d14687ffff","count":1,"c3":0,"c6":0,"c12":0,"c24":1,"score":0.4,"risk":2,"peakDay":"Tuesday","peakTime":"evening","hood":"","bk12":{"morning":0,"afternoon":0,"evening":0,"night":0},"bk24":{"morning":0,"afternoon":0,"evening":1,"night":0},"recent":[{"d":"2025-08-12","day":"Tue","time":"17:38","desc":"INTENTIONAL AGGRAVATED ASSAULT","res":"closed"}]}},{"type":"Feature","geometry":{"type":"Polygon","coordinates":[[[-86.68239256537659,36.03761524970015],[-86.68093556811846,36.0388816868498],[-86.68157892051856,36.04064912203714],[-86.68367934927748,36.041150138794485],[-86.68513638551669,36.03988368518233],[-86.68449295401669,36.03811623127584],[-86.68239256537659,36.03761524970015],[-86.68239256537659,36.03761524970015]]]},"properties":{"h3":"89264d151d3ffff","count":3,"c3":0,"c6":0,"c12":0,"c24":3,"score":1.4,"risk":7,"peakDay":"Thursday","peakTime":"evening","hood":"","bk12":{"morning":0,"afternoon":0,"evening":0,"night":0},"bk24":{"morning":0,"afternoon":0,"evening":3,"night":0},"recent":[{"d":"2025-09-25","day":"Thu","time":"21:42","desc":"INTENTIONAL AGGRAVATED ASSAULT","res":"closed"},{"d":"2025-09-04","day":"Thu","time":"19:45","desc":"AGGRAV ASSLT - FAMILY-WEAPON","res":"closed"},{"d":"2025-08-12","day":"Tue","time":"17:45","desc":"ASSAULT, AGGRAVATED - STRANGULATION-INT/KN","res":"closed"}]}},{"type":"Feature","geometry":{"type":"Polygon","coordinates":[[[-86.6774644045976,36.2557929702301],[-86.67600434826095,36.25705599235572],[-86.67664894066536,36.25882173608097],[-86.67875366884174,36.25932447639024],[-86.68021376433573,36.25806143797743],[-86.6795690924968,36.256295675543036],[-86.6774644045976,36.2557929702301],[-86.6774644045976,36.2557929702301]]]},"properties":{"h3":"89264d88c27ffff","count":1,"c3":0,"c6":0,"c12":0,"c24":1,"score":0.4,"risk":2,"peakDay":"Tuesday","peakTime":"evening","hood":"","bk12":{"morning":0,"afternoon":0,"evening":0,"night":0},"bk24":{"morning":0,"afternoon":0,"evening":1,"night":0},"recent":[{"d":"2025-08-12","day":"Tue","time":"21:40","desc":"Assault, Aggravated - Deadly Weapon - Int/Kn","res":"closed"}]}},{"type":"Feature","geometry":{"type":"Polygon","coordinates":[[[-86.75922728576735,36.16402627974116],[-86.75776831389196,36.16529221965111],[-86.75841426373897,36.1670589665463],[-86.76051926474268,36.16755979211307],[-86.76197827551034,36.166293835778845],[-86.76133224638286,36.16452707030261],[-86.75922728576735,36.16402627974116],[-86.75922728576735,36.16402627974116]]]},"properties":{"h3":"89264d10477ffff","count":4,"c3":0,"c6":0,"c12":0,"c24":4,"score":1.9,"risk":9,"peakDay":"Wednesday","peakTime":"night","hood":"","bk12":{"morning":0,"afternoon":0,"evening":0,"night":0},"bk24":{"morning":0,"afternoon":0,"evening":2,"night":2},"recent":[{"d":"2025-10-07","day":"Tue","time":"18:00","desc":"Assault, Aggravated - Deadly Weapon - Int/Kn","res":"closed"},{"d":"2025-09-01","day":"Mon","time":"18:46","desc":"INTENTIONAL AGGRAVATED ASSAULT","res":"closed"},{"d":"2025-08-14","day":"Thu","time":"03:00","desc":"ROBBERY, AGGRAVATED, KNIFE","res":"closed"},{"d":"2025-08-13","day":"Wed","time":"02:00","desc":"INTENTIONAL AGGRAVATED ASSAULT","res":"closed"}]}},{"type":"Feature","geometry":{"type":"Polygon","coordinates":[[[-86.60852040377915,36.05062802499871],[-86.60706341803306,36.051892895247114],[-86.60770510940826,36.05365996187913],[-86.60980386566125,36.054162177104445],[-86.6112608905739,36.052897290462994],[-86.61061912006782,36.05113020498979],[-86.60852040377915,36.05062802499871],[-86.60852040377915,36.05062802499871]]]},"properties":{"h3":"89264d145c3ffff","count":1,"c3":0,"c6":0,"c12":0,"c24":1,"score":0.4,"risk":2,"peakDay":"Wednesday","peakTime":"morning","hood":"","bk12":{"morning":0,"afternoon":0,"evening":0,"night":0},"bk24":{"morning":1,"afternoon":0,"evening":0,"night":0},"recent":[{"d":"2025-08-13","day":"Wed","time":"07:25","desc":"Assault, Aggravated - Deadly Weapon - Int/Kn","res":"closed"}]}},{"type":"Feature","geometry":{"type":"Polygon","coordinates":[[[-86.70892939301245,36.12623738638517],[-86.70747108145801,36.12750296950567],[-86.70811560978053,36.129269826656945],[-86.71021852888927,36.12977111935618],[-86.71167687942801,36.12850551982186],[-86.71103227187453,36.12673864400261],[-86.70892939301245,36.12623738638517],[-86.70892939301245,36.12623738638517]]]},"properties":{"h3":"89264d12b53ffff","count":1,"c3":0,"c6":0,"c12":0,"c24":1,"score":0.4,"risk":2,"peakDay":"Wednesday","peakTime":"morning","hood":"","bk12":{"morning":0,"afternoon":0,"evening":0,"night":0},"bk24":{"morning":1,"afternoon":0,"evening":0,"night":0},"recent":[{"d":"2025-08-13","day":"Wed","time":"11:48","desc":"INTENTIONAL AGGRAVATED ASSAULT","res":"closed"}]}},{"type":"Feature","geometry":{"type":"Polygon","coordinates":[[[-86.63082337052526,36.11726701356214],[-86.62936538875493,36.11853128483427],[-86.63000801899918,36.120297927408984],[-86.63210871024394,36.12080031751082],[-86.63356673117818,36.119536029880344],[-86.63292402170455,36.117769368506856],[-86.63082337052526,36.11726701356214],[-86.63082337052526,36.11726701356214]]]},"properties":{"h3":"89264d8db03ffff","count":1,"c3":0,"c6":0,"c12":0,"c24":1,"score":0.5,"risk":2,"peakDay":"Wednesday","peakTime":"afternoon","hood":"","bk12":{"morning":0,"afternoon":0,"evening":0,"night":0},"bk24":{"morning":0,"afternoon":1,"evening":0,"night":0},"recent":[{"d":"2025-08-13","day":"Wed","time":"16:04","desc":"INTENTIONAL AGGRAVATED ASSAULT","res":"unsolved"}]}},{"type":"Feature","geometry":{"type":"Polygon","coordinates":[[[-86.72867102860376,36.12771486689229],[-86.72721264560624,36.12898079342748],[-86.72785764867692,36.1307477102016],[-86.72996111397586,36.13124871907597],[-86.7314195359115,36.12998277611237],[-86.73077445361089,36.12821584070329],[-86.72867102860376,36.12771486689229],[-86.72867102860376,36.12771486689229]]]},"properties":{"h3":"89264d10cd3ffff","count":2,"c3":0,"c6":0,"c12":0,"c24":2,"score":0.9,"risk":5,"peakDay":"Thursday","peakTime":"evening","hood":"","bk12":{"morning":0,"afternoon":0,"evening":0,"night":0},"bk24":{"morning":0,"afternoon":1,"evening":1,"night":0},"recent":[{"d":"2025-10-02","day":"Thu","time":"15:12","desc":"AGGRAV ASSLT - NONFAMILY-GUN","res":"unsolved"},{"d":"2025-08-14","day":"Thu","time":"18:45","desc":"Assault, Aggravated - Deadly Weapon - Int/Kn","res":"unsolved"}]}},{"type":"Feature","geometry":{"type":"Polygon","coordinates":[[[-86.66795229950539,36.06644589351668],[-86.6664949349107,36.06771162572657],[-86.66713812566294,36.06947879014921],[-86.66923876015679,36.069980241103465],[-86.67069616378858,36.0687144924654],[-86.67005289389023,36.06694730930175],[-86.66795229950539,36.06644589351668],[-86.66795229950539,36.06644589351668]]]},"properties":{"h3":"89264d1730fffff","count":1,"c3":0,"c6":0,"c12":0,"c24":1,"score":0.5,"risk":2,"peakDay":"Thursday","peakTime":"evening","hood":"","bk12":{"morning":0,"afternoon":0,"evening":0,"night":0},"bk24":{"morning":0,"afternoon":0,"evening":1,"night":0},"recent":[{"d":"2025-08-14","day":"Thu","time":"21:40","desc":"INTENTIONAL AGGRAVATED ASSAULT","res":"closed"}]}},{"type":"Feature","geometry":{"type":"Polygon","coordinates":[[[-86.84087872453149,36.197938837192645],[-86.8394190710985,36.19920577264079],[-86.84006715824566,36.20097254544029],[-86.84217497814466,36.20147240123409],[-86.84363467029895,36.20020544932327],[-86.84298650383376,36.198438658081805],[-86.84087872453149,36.197938837192645],[-86.84087872453149,36.197938837192645]]]},"properties":{"h3":"89264dc4983ffff","count":1,"c3":0,"c6":0,"c12":0,"c24":1,"score":0.5,"risk":2,"peakDay":"Friday","peakTime":"morning","hood":"","bk12":{"morning":0,"afternoon":0,"evening":0,"night":0},"bk24":{"morning":1,"afternoon":0,"evening":0,"night":0},"recent":[{"d":"2025-08-15","day":"Fri","time":"08:10","desc":"INTENTIONAL AGGRAVATED ASSAULT","res":"unsolved"}]}},{"type":"Feature","geometry":{"type":"Polygon","coordinates":[[[-86.7244935730556,36.10574555818586],[-86.7230355097885,36.10701174140186],[-86.72368027769217,36.10877881124625],[-86.72578318806083,36.109279716518834],[-86.72724129025958,36.10801351686046],[-86.72659644315883,36.10624642837237],[-86.7244935730556,36.10574555818586],[-86.7244935730556,36.10574555818586]]]},"properties":{"h3":"89264d10893ffff","count":1,"c3":0,"c6":0,"c12":0,"c24":1,"score":0.5,"risk":2,"peakDay":"Friday","peakTime":"morning","hood":"","bk12":{"morning":0,"afternoon":0,"evening":0,"night":0},"bk24":{"morning":1,"afternoon":0,"evening":0,"night":0},"recent":[{"d":"2025-08-15","day":"Fri","time":"09:00","desc":"Assault, Aggravated - Serious Bodily Injury - Reckless","res":"closed"}]}},{"type":"Feature","geometry":{"type":"Polygon","coordinates":[[[-86.76166610637645,36.15492769415894],[-86.760207256443,36.156193817862246],[-86.76085320708333,36.157960643532434],[-86.76295808692406,36.158461364077496],[-86.76441697573708,36.157195223940825],[-86.76377094583063,36.15542837969294],[-86.76166610637645,36.15492769415894],[-86.76166610637645,36.15492769415894]]]},"properties":{"h3":"89264d1008bffff","count":1,"c3":0,"c6":0,"c12":0,"c24":1,"score":0.5,"risk":2,"peakDay":"Friday","peakTime":"afternoon","hood":"","bk12":{"morning":0,"afternoon":0,"evening":0,"night":0},"bk24":{"morning":0,"afternoon":1,"evening":0,"night":0},"recent":[{"d":"2025-08-15","day":"Fri","time":"16:00","desc":"Assault, Aggravated - Strangulation - Int/Kn","res":"closed"}]}},{"type":"Feature","geometry":{"type":"Polygon","coordinates":[[[-86.86018512711675,36.087941542194834],[-86.85872697394741,36.089210508231616],[-86.85937482870814,36.090978196558666],[-86.86148091578542,36.09147693726809],[-86.86293910754753,36.09020795466722],[-86.86229117364039,36.08844024792151],[-86.86018512711675,36.087941542194834],[-86.86018512711675,36.087941542194834]]]},"properties":{"h3":"89264d1a94fffff","count":1,"c3":0,"c6":0,"c12":0,"c24":1,"score":0.5,"risk":2,"peakDay":"Friday","peakTime":"evening","hood":"","bk12":{"morning":0,"afternoon":0,"evening":0,"night":0},"bk24":{"morning":0,"afternoon":0,"evening":1,"night":0},"recent":[{"d":"2025-08-15","day":"Fri","time":"18:00","desc":"INTENTIONAL AGGRAVATED ASSAULT","res":"unsolved"}]}},{"type":"Feature","geometry":{"type":"Polygon","coordinates":[[[-86.63927276840347,36.09831712455087],[-86.63781503094822,36.09958184080497],[-86.63845774299833,36.10134865859987],[-86.64055827170363,36.101850778927385],[-86.64201604828834,36.10058604629323],[-86.64137325703908,36.0988192097121],[-86.63927276840347,36.09831712455087],[-86.63927276840347,36.09831712455087]]]},"properties":{"h3":"89264d1751bffff","count":1,"c3":0,"c6":0,"c12":0,"c24":1,"score":0.5,"risk":2,"peakDay":"Saturday","peakTime":"night","hood":"","bk12":{"morning":0,"afternoon":0,"evening":0,"night":0},"bk24":{"morning":0,"afternoon":0,"evening":0,"night":1},"recent":[{"d":"2025-08-16","day":"Sat","time":"00:56","desc":"Assault, Aggravated - Deadly Weapon - Int/Kn","res":"unsolved"}]}},{"type":"Feature","geometry":{"type":"Polygon","coordinates":[[[-86.60881500327852,36.06199286795248],[-86.60735785706635,36.06325757116547],[-86.6079996257158,36.06502455298416],[-86.61009861972639,36.06552685043018],[-86.61155580511304,36.06426213083289],[-86.61091395731539,36.06249513017437],[-86.60881500327852,36.06199286795248],[-86.60881500327852,36.06199286795248]]]},"properties":{"h3":"89264d1634fffff","count":1,"c3":0,"c6":0,"c12":0,"c24":1,"score":0.5,"risk":2,"peakDay":"Saturday","peakTime":"night","hood":"","bk12":{"morning":0,"afternoon":0,"evening":0,"night":0},"bk24":{"morning":0,"afternoon":0,"evening":0,"night":1},"recent":[{"d":"2025-08-16","day":"Sat","time":"01:00","desc":"INTENTIONAL AGGRAVATED ASSAULT","res":"closed"}]}},{"type":"Feature","geometry":{"type":"Polygon","coordinates":[[[-86.77405298474838,36.246575498354744],[-86.77259281179835,36.2478404529294],[-86.77323962673069,36.249606612308284],[-86.7753466940183,36.25010783566213],[-86.77680690588697,36.248842864715854],[-86.7761600115502,36.247076686787835],[-86.77405298474838,36.246575498354744],[-86.77405298474838,36.246575498354744]]]},"properties":{"h3":"89264d89ab3ffff","count":2,"c3":0,"c6":0,"c12":1,"c24":2,"score":1.1,"risk":5,"peakDay":"Saturday","peakTime":"morning","hood":"","bk12":{"morning":0,"afternoon":0,"evening":1,"night":0},"bk24":{"morning":1,"afternoon":0,"evening":1,"night":0},"recent":[{"d":"2026-01-22","day":"Thu","time":"18:44","desc":"Assault, Aggravated - Deadly Weapon - Int/Kn","res":"closed"},{"d":"2025-08-16","day":"Sat","time":"10:00","desc":"INTENTIONAL AGGRAVATED ASSAULT","res":"closed"}]}},{"type":"Feature","geometry":{"type":"Polygon","coordinates":[[[-86.78286599678712,36.17610006031558],[-86.78140679527502,36.177366254215265],[-86.78205337792879,36.17913299186782],[-86.78415924139038,36.179633554161754],[-86.78561848174702,36.17836734382841],[-86.78497181979834,36.176600587635264],[-86.78286599678712,36.17610006031558],[-86.78286599678712,36.17610006031558]]]},"properties":{"h3":"89264d1316fffff","count":1,"c3":0,"c6":0,"c12":0,"c24":1,"score":0.5,"risk":2,"peakDay":"Saturday","peakTime":"afternoon","hood":"","bk12":{"morning":0,"afternoon":0,"evening":0,"night":0},"bk24":{"morning":0,"afternoon":1,"evening":0,"night":0},"recent":[{"d":"2025-08-16","day":"Sat","time":"12:28","desc":"AGGRAV ASSLT - FAMILY-WEAPON","res":"closed"}]}},{"type":"Feature","geometry":{"type":"Polygon","coordinates":[[[-86.73916256823638,36.15118512407045],[-86.7377038281225,36.1524508877656],[-86.73834922473424,36.15421766194898],[-86.74045344072478,36.15471869105321],[-86.74191221976933,36.153452910939706],[-86.74126674389348,36.151686118140795],[-86.73916256823638,36.15118512407045],[-86.73916256823638,36.15118512407045]]]},"properties":{"h3":"89264d1050fffff","count":1,"c3":0,"c6":0,"c12":0,"c24":1,"score":0.5,"risk":2,"peakDay":"Saturday","peakTime":"afternoon","hood":"","bk12":{"morning":0,"afternoon":0,"evening":0,"night":0},"bk24":{"morning":0,"afternoon":1,"evening":0,"night":0},"recent":[{"d":"2025-08-16","day":"Sat","time":"15:00","desc":"ROBBERY, AGGRAVATED, KNIFE","res":"closed"}]}},{"type":"Feature","geometry":{"type":"Polygon","coordinates":[[[-86.75485032774037,36.16782396049448],[-86.75339131346762,36.16908976142488],[-86.75403718376103,36.17085646345678],[-86.75614214761497,36.17135738314677],[-86.75760120079332,36.17009156579856],[-86.75695525121294,36.16832484517866],[-86.75485032774037,36.16782396049448],[-86.75485032774037,36.16782396049448]]]},"properties":{"h3":"89264d10407ffff","count":1,"c3":0,"c6":0,"c12":0,"c24":1,"score":0.5,"risk":2,"peakDay":"Saturday","peakTime":"afternoon","hood":"","bk12":{"morning":0,"afternoon":0,"evening":0,"night":0},"bk24":{"morning":0,"afternoon":1,"evening":0,"night":0},"recent":[{"d":"2025-08-16","day":"Sat","time":"15:57","desc":"INTENTIONAL AGGRAVATED ASSAULT","res":"closed"}]}},{"type":"Feature","geometry":{"type":"Polygon","coordinates":[[[-86.77592131099915,36.151864809902115],[-86.77446246821057,36.1531312443556],[-86.7751087359047,36.15489814430136],[-86.77721392564719,36.15539862834835],[-86.77867280727882,36.154132177447764],[-86.7780264603257,36.1523652589478],[-86.77592131099915,36.151864809902115],[-86.77592131099915,36.151864809902115]]]},"properties":{"h3":"89264d1005bffff","count":6,"c3":0,"c6":0,"c12":1,"c24":6,"score":2.9,"risk":14,"peakDay":"Saturday","peakTime":"evening","hood":"","bk12":{"morning":1,"afternoon":0,"evening":0,"night":0},"bk24":{"morning":1,"afternoon":1,"evening":3,"night":1},"recent":[{"d":"2026-01-14","day":"Wed","time":"10:00","desc":"Assault, Aggravated - Strangulation - Int/Kn","res":"closed"},{"d":"2025-08-27","day":"Wed","time":"17:21","desc":"INTENTIONAL AGGRAVATED ASSAULT","res":"closed"},{"d":"2025-08-23","day":"Sat","time":"22:00","desc":"ROBBERY","res":"closed"},{"d":"2025-08-22","day":"Fri","time":"17:16","desc":"Assault, Aggravated - Deadly Weapon - Int/Kn","res":"closed"},{"d":"2025-08-21","day":"Thu","time":"16:29","desc":"Assault, Aggravated - Deadly Weapon - Int/Kn","res":"closed"},{"d":"2025-08-16","day":"Sat","time":"19:15","desc":"ASSAULT","res":"closed"}]}},{"type":"Feature","geometry":{"type":"Polygon","coordinates":[[[-86.60199690361121,36.07488108221242],[-86.60053959440098,36.076145463211205],[-86.6011812820071,36.07791232238914],[-86.60328035799309,36.07841481941893],[-86.60473770640372,36.07715042205151],[-86.60409593962872,36.07538354402342],[-86.60199690361121,36.07488108221242],[-86.60199690361121,36.07488108221242]]]},"properties":{"h3":"89264d163d3ffff","count":1,"c3":0,"c6":0,"c12":0,"c24":1,"score":0.5,"risk":2,"peakDay":"Saturday","peakTime":"night","hood":"","bk12":{"morning":0,"afternoon":0,"evening":0,"night":0},"bk24":{"morning":0,"afternoon":0,"evening":0,"night":1},"recent":[{"d":"2025-08-16","day":"Sat","time":"22:30","desc":"INTENTIONAL AGGRAVATED ASSAULT","res":"closed"}]}},{"type":"Feature","geometry":{"type":"Polygon","coordinates":[[[-86.68408234627037,36.268655772228996],[-86.68262209114965,36.26991872017853],[-86.68326692002921,36.271684387376105],[-86.68537208348349,36.272187125321594],[-86.68683237775547,36.270924161089624],[-86.68618746942266,36.26915847519509],[-86.68408234627037,36.268655772228996],[-86.68408234627037,36.268655772228996]]]},"properties":{"h3":"89264d88c13ffff","count":2,"c3":0,"c6":0,"c12":1,"c24":2,"score":1.1,"risk":6,"peakDay":"Sunday","peakTime":"night","hood":"","bk12":{"morning":0,"afternoon":0,"evening":1,"night":0},"bk24":{"morning":0,"afternoon":0,"evening":1,"night":1},"recent":[{"d":"2026-03-04","day":"Wed","time":"18:34","desc":"AGGRAV ASSLT - NONFAMILY-GUN","res":"closed"},{"d":"2025-08-17","day":"Sun","time":"00:00","desc":"INTENTIONAL AGGRAVATED ASSAULT","res":"closed"}]}},{"type":"Feature","geometry":{"type":"Polygon","coordinates":[[[-86.70119682343494,36.2050345336664],[-86.69973742191353,36.20629877222563],[-86.70038225826386,36.208064995081585],[-86.70248657548923,36.20856699805298],[-86.70394601607279,36.207302743147906],[-86.70330110036963,36.20553650161775],[-86.70119682343494,36.2050345336664],[-86.70119682343494,36.2050345336664]]]},"properties":{"h3":"89264d12513ffff","count":1,"c3":0,"c6":0,"c12":0,"c24":1,"score":0.5,"risk":2,"peakDay":"Sunday","peakTime":"night","hood":"","bk12":{"morning":0,"afternoon":0,"evening":0,"night":0},"bk24":{"morning":0,"afternoon":0,"evening":0,"night":1},"recent":[{"d":"2025-08-17","day":"Sun","time":"01:00","desc":"Assault, Aggravated - Deadly Weapon - Int/Kn","res":"closed"}]}},{"type":"Feature","geometry":{"type":"Polygon","coordinates":[[[-86.79730638640235,36.147266378863975],[-86.79584755468197,36.148533279439306],[-86.79649429790324,36.15030029062205],[-86.79859995209395,36.15080041974889],[-86.80005882260258,36.14953350270584],[-86.79941200013306,36.14776647300416],[-86.79730638640235,36.147266378863975],[-86.79730638640235,36.147266378863975]]]},"properties":{"h3":"89264d10253ffff","count":1,"c3":0,"c6":0,"c12":0,"c24":1,"score":0.5,"risk":2,"peakDay":"Sunday","peakTime":"night","hood":"","bk12":{"morning":0,"afternoon":0,"evening":0,"night":0},"bk24":{"morning":0,"afternoon":0,"evening":0,"night":1},"recent":[{"d":"2025-08-17","day":"Sun","time":"02:09","desc":"AGGRAV ASSLT - NONFAMILY-STGARM","res":"closed"}]}},{"type":"Feature","geometry":{"type":"Polygon","coordinates":[[[-86.71657336525074,36.21031399086173],[-86.71511384976677,36.21157843394983],[-86.71575908189836,36.213344670982934],[-86.71786390887317,36.21384648357652],[-86.71932346338649,36.21258202413439],[-86.71867815189644,36.21081576845318],[-86.71657336525074,36.21031399086173],[-86.71657336525074,36.21031399086173]]]},"properties":{"h3":"89264d12423ffff","count":1,"c3":0,"c6":0,"c12":0,"c24":1,"score":0.5,"risk":2,"peakDay":"Sunday","peakTime":"morning","hood":"","bk12":{"morning":0,"afternoon":0,"evening":0,"night":0},"bk24":{"morning":1,"afternoon":0,"evening":0,"night":0},"recent":[{"d":"2025-08-17","day":"Sun","time":"10:30","desc":"INTENTIONAL AGGRAVATED ASSAULT","res":"closed"}]}},{"type":"Feature","geometry":{"type":"Polygon","coordinates":[[[-86.59762493430848,36.07867408647156],[-86.59616758342959,36.07993832873009],[-86.59680919138427,36.081705143080875],[-86.5989082293939,36.08220773403072],[-86.6003656194865,36.080943475410045],[-86.59972393235653,36.079176642202135],[-86.59762493430848,36.07867408647156],[-86.59762493430848,36.07867408647156]]]},"properties":{"h3":"89264d16063ffff","count":1,"c3":0,"c6":0,"c12":0,"c24":1,"score":0.5,"risk":2,"peakDay":"Sunday","peakTime":"afternoon","hood":"","bk12":{"morning":0,"afternoon":0,"evening":0,"night":0},"bk24":{"morning":0,"afternoon":1,"evening":0,"night":0},"recent":[{"d":"2025-08-17","day":"Sun","time":"13:15","desc":"INTENTIONAL AGGRAVATED ASSAULT","res":"unsolved"}]}},{"type":"Feature","geometry":{"type":"Polygon","coordinates":[[[-86.76085320708333,36.157960643532434],[-86.75939431650421,36.15922670597785],[-86.76004026688125,36.16099350539819],[-86.76214518710907,36.161494260952416],[-86.76360411657197,36.16022818207667],[-86.76295808692406,36.158461364077496],[-86.76085320708333,36.157960643532434],[-86.76085320708333,36.157960643532434]]]},"properties":{"h3":"89264d1009bffff","count":2,"c3":0,"c6":0,"c12":1,"c24":2,"score":1,"risk":5,"peakDay":"Sunday","peakTime":"afternoon","hood":"","bk12":{"morning":1,"afternoon":0,"evening":0,"night":0},"bk24":{"morning":1,"afternoon":1,"evening":0,"night":0},"recent":[{"d":"2026-01-07","day":"Wed","time":"10:52","desc":"INTENTIONAL AGGRAVATED ASSAULT","res":"unsolved"},{"d":"2025-08-17","day":"Sun","time":"15:07","desc":"INTENTIONAL AGGRAVATED ASSAULT","res":"unsolved"}]}},{"type":"Feature","geometry":{"type":"Polygon","coordinates":[[[-86.68909486223693,36.087626789006954],[-86.68763714495405,36.088892591497284],[-86.68828096563654,36.09065967176597],[-86.69038258277781,36.09116096824891],[-86.69184033906332,36.089895149330204],[-86.6911964392057,36.0881280503574],[-86.68909486223693,36.087626789006954],[-86.68909486223693,36.087626789006954]]]},"properties":{"h3":"89264d1721bffff","count":2,"c3":0,"c6":0,"c12":0,"c24":2,"score":0.9,"risk":5,"peakDay":"Sunday","peakTime":"evening","hood":"","bk12":{"morning":0,"afternoon":0,"evening":0,"night":0},"bk24":{"morning":0,"afternoon":0,"evening":1,"night":1},"recent":[{"d":"2025-08-24","day":"Sun","time":"23:30","desc":"INTENTIONAL AGGRAVATED ASSAULT","res":"unsolved"},{"d":"2025-08-17","day":"Sun","time":"19:35","desc":"INTENTIONAL AGGRAVATED ASSAULT","res":"unsolved"}]}},{"type":"Feature","geometry":{"type":"Polygon","coordinates":[[[-86.7124905818345,36.125472983242204],[-86.71103227187453,36.12673864400261],[-86.71167687942801,36.12850551982186],[-86.71377987617149,36.1290067535433],[-86.71523822510665,36.127741076365616],[-86.71459353832395,36.12597418188427],[-86.7124905818345,36.125472983242204],[-86.7124905818345,36.125472983242204]]]},"properties":{"h3":"89264d12b5bffff","count":1,"c3":0,"c6":0,"c12":0,"c24":1,"score":0.5,"risk":2,"peakDay":"Sunday","peakTime":"night","hood":"","bk12":{"morning":0,"afternoon":0,"evening":0,"night":0},"bk24":{"morning":0,"afternoon":0,"evening":0,"night":1},"recent":[{"d":"2025-08-17","day":"Sun","time":"23:09","desc":"Assault, Aggravated - Deadly Weapon - Int/Kn","res":"closed"}]}},{"type":"Feature","geometry":{"type":"Polygon","coordinates":[[[-86.69508365622207,36.2777291355889],[-86.69362324452557,36.278992148670866],[-86.69426838980559,36.28075778437638],[-86.69637402624834,36.2812604256782],[-86.69783447707661,36.27999739631202],[-86.69718925233114,36.278231741928714],[-86.69508365622207,36.2777291355889],[-86.69508365622207,36.2777291355889]]]},"properties":{"h3":"89264d881afffff","count":1,"c3":0,"c6":0,"c12":0,"c24":1,"score":0.5,"risk":2,"peakDay":"Monday","peakTime":"night","hood":"","bk12":{"morning":0,"afternoon":0,"evening":0,"night":0},"bk24":{"morning":0,"afternoon":0,"evening":0,"night":1},"recent":[{"d":"2025-08-18","day":"Mon","time":"01:30","desc":"Assault, Aggravated - Deadly Weapon - Int/Kn","res":"closed"}]}},{"type":"Feature","geometry":{"type":"Polygon","coordinates":[[[-86.72102240016447,36.04359411850704],[-86.71956521914467,36.04486118076238],[-86.7202095190601,36.046628710739874],[-86.72231107909896,36.04712919711678],[-86.72376829901211,36.045862118372824],[-86.72312391999382,36.04409456974105],[-86.72102240016447,36.04359411850704],[-86.72102240016447,36.04359411850704]]]},"properties":{"h3":"89264d1528bffff","count":2,"c3":0,"c6":0,"c12":1,"c24":2,"score":1,"risk":5,"peakDay":"Monday","peakTime":"night","hood":"","bk12":{"morning":0,"afternoon":0,"evening":1,"night":0},"bk24":{"morning":0,"afternoon":0,"evening":1,"night":1},"recent":[{"d":"2025-12-19","day":"Fri","time":"19:41","desc":"AGGRAV ASSLT - NONFAMILY-GUN","res":"closed"},{"d":"2025-08-18","day":"Mon","time":"02:00","desc":"INTENTIONAL AGGRAVATED ASSAULT","res":"closed"}]}},{"type":"Feature","geometry":{"type":"Polygon","coordinates":[[[-86.81220022214191,36.166936483390096],[-86.81074107637085,36.16820336029022],[-86.8113882935291,36.16997027240298],[-86.81349473573496,36.17047032610852],[-86.81495392027318,36.16920343274424],[-86.8143066238392,36.167436502139054],[-86.81220022214191,36.166936483390096],[-86.81220022214191,36.166936483390096]]]},"properties":{"h3":"89264d115c3ffff","count":2,"c3":0,"c6":0,"c12":1,"c24":2,"score":1.1,"risk":5,"peakDay":"Monday","peakTime":"night","hood":"","bk12":{"morning":0,"afternoon":0,"evening":0,"night":1},"bk24":{"morning":0,"afternoon":0,"evening":0,"night":2},"recent":[{"d":"2026-02-14","day":"Sat","time":"03:24","desc":"Assault, Aggravated - Deadly Weapon - Int/Kn","res":"closed"},{"d":"2025-08-18","day":"Mon","time":"03:46","desc":"AGGRAV ASSLT - FAMILY-WEAPON","res":"closed"}]}},{"type":"Feature","geometry":{"type":"Polygon","coordinates":[[[-86.68167358661495,36.077788579207215],[-86.68021602688299,36.07905439356202],[-86.68085961151584,36.08082152174504],[-86.68296083504269,36.081322854290995],[-86.68441843378757,36.080057023506],[-86.68377476999343,36.078289876605716],[-86.68167358661495,36.077788579207215],[-86.68167358661495,36.077788579207215]]]},"properties":{"h3":"89264d17223ffff","count":2,"c3":0,"c6":0,"c12":1,"c24":2,"score":1.1,"risk":5,"peakDay":"Monday","peakTime":"evening","hood":"","bk12":{"morning":0,"afternoon":1,"evening":0,"night":0},"bk24":{"morning":0,"afternoon":1,"evening":1,"night":0},"recent":[{"d":"2026-01-30","day":"Fri","time":"15:00","desc":"Assault, Aggravated - Strangulation - Int/Kn","res":"closed"},{"d":"2025-08-18","day":"Mon","time":"19:00","desc":"INTENTIONAL AGGRAVATED ASSAULT","res":"closed"}]}},{"type":"Feature","geometry":{"type":"Polygon","coordinates":[[[-86.75672000026579,36.236001686320606],[-86.75526002022758,36.237266481257535],[-86.7559063600589,36.23903266171077],[-86.75801275932044,36.239534065806566],[-86.759472778311,36.238269254503614],[-86.75882635908852,36.23650305547139],[-86.75672000026579,36.236001686320606],[-86.75672000026579,36.236001686320606]]]},"properties":{"h3":"89264d89b97ffff","count":1,"c3":0,"c6":0,"c12":0,"c24":1,"score":0.5,"risk":2,"peakDay":"Monday","peakTime":"evening","hood":"","bk12":{"morning":0,"afternoon":0,"evening":0,"night":0},"bk24":{"morning":0,"afternoon":0,"evening":1,"night":0},"recent":[{"d":"2025-08-18","day":"Mon","time":"19:00","desc":"ROBBERY","res":"closed"}]}},{"type":"Feature","geometry":{"type":"Polygon","coordinates":[[[-86.76841967506363,36.20492263396097],[-86.76696010376459,36.20618812052539],[-86.7676065255822,36.20795458389749],[-86.76971259804115,36.208455579267856],[-86.77117220824107,36.20719007630382],[-86.77052570708194,36.205423594369535],[-86.76841967506363,36.20492263396097],[-86.76841967506363,36.20492263396097]]]},"properties":{"h3":"89264d13507ffff","count":1,"c3":0,"c6":0,"c12":0,"c24":1,"score":0.5,"risk":2,"peakDay":"Monday","peakTime":"evening","hood":"","bk12":{"morning":0,"afternoon":0,"evening":0,"night":0},"bk24":{"morning":0,"afternoon":0,"evening":1,"night":0},"recent":[{"d":"2025-08-18","day":"Mon","time":"19:27","desc":"INTENTIONAL AGGRAVATED ASSAULT","res":"closed"}]}},{"type":"Feature","geometry":{"type":"Polygon","coordinates":[[[-86.61065322035527,36.16727163610367],[-86.60919458784119,36.16853477117579],[-86.60983705232636,36.170300957465365],[-86.61193822863531,36.17080402751143],[-86.6133969003992,36.16954087613652],[-86.61275435660511,36.16777467101881],[-86.61065322035527,36.16727163610367],[-86.61065322035527,36.16727163610367]]]},"properties":{"h3":"89264d8dc97ffff","count":2,"c3":0,"c6":0,"c12":0,"c24":2,"score":0.9,"risk":5,"peakDay":"Tuesday","peakTime":"morning","hood":"","bk12":{"morning":0,"afternoon":0,"evening":0,"night":0},"bk24":{"morning":1,"afternoon":1,"evening":0,"night":0},"recent":[{"d":"2025-08-19","day":"Tue","time":"12:30","desc":"INTENTIONAL AGGRAVATED ASSAULT","res":"unsolved"},{"d":"2025-08-19","day":"Tue","time":"08:00","desc":"INTENTIONAL AGGRAVATED ASSAULT","res":"unsolved"}]}},{"type":"Feature","geometry":{"type":"Polygon","coordinates":[[[-86.71777063069948,36.0557319655472],[-86.71631328758042,36.056998783539676],[-86.71695758622089,36.05876620980215],[-86.7190593071031,36.059266836731425],[-86.72051668913238,36.05800000226254],[-86.71987231137001,36.05623255734127],[-86.71777063069948,36.0557319655472],[-86.71777063069948,36.0557319655472]]]},"properties":{"h3":"89264d1560fffff","count":1,"c3":0,"c6":0,"c12":0,"c24":1,"score":0.5,"risk":2,"peakDay":"Tuesday","peakTime":"morning","hood":"","bk12":{"morning":0,"afternoon":0,"evening":0,"night":0},"bk24":{"morning":1,"afternoon":0,"evening":0,"night":0},"recent":[{"d":"2025-08-19","day":"Tue","time":"10:17","desc":"INTENTIONAL AGGRAVATED ASSAULT","res":"closed"}]}},{"type":"Feature","geometry":{"type":"Polygon","coordinates":[[[-86.72106080705167,36.2436291884887],[-86.71960081010614,36.24489320556056],[-86.7202463559285,36.24665919990106],[-86.72235197810603,36.247161195807905],[-86.72381201409527,36.24589716240446],[-86.72316638886409,36.24413114942626],[-86.72106080705167,36.2436291884887],[-86.72106080705167,36.2436291884887]]]},"properties":{"h3":"89264d88acfffff","count":2,"c3":0,"c6":0,"c12":0,"c24":2,"score":0.9,"risk":5,"peakDay":"Tuesday","peakTime":"morning","hood":"","bk12":{"morning":0,"afternoon":0,"evening":0,"night":0},"bk24":{"morning":2,"afternoon":0,"evening":0,"night":0},"recent":[{"d":"2025-08-19","day":"Tue","time":"11:51","desc":"AGGRAV ASSLT - NONFAMILY-WEAPON","res":"closed"},{"d":"2025-08-19","day":"Tue","time":"11:50","desc":"INTENTIONAL AGGRAVATED ASSAULT","res":"closed"}]}},{"type":"Feature","geometry":{"type":"Polygon","coordinates":[[[-86.79952104674327,36.22683060042103],[-86.79806108854066,36.228096328785774],[-86.79870838094823,36.22986273179892],[-86.80081571092892,36.23036342495629],[-86.80227570797406,36.22909768018427],[-86.80162833619681,36.22733125866266],[-86.79952104674327,36.22683060042103],[-86.79952104674327,36.22683060042103]]]},"properties":{"h3":"89264d13453ffff","count":1,"c3":0,"c6":0,"c12":0,"c24":1,"score":0.5,"risk":2,"peakDay":"Tuesday","peakTime":"afternoon","hood":"","bk12":{"morning":0,"afternoon":0,"evening":0,"night":0},"bk24":{"morning":0,"afternoon":1,"evening":0,"night":0},"recent":[{"d":"2025-08-19","day":"Tue","time":"15:00","desc":"INTENTIONAL AGGRAVATED ASSAULT","res":"unsolved"}]}},{"type":"Feature","geometry":{"type":"Polygon","coordinates":[[[-86.73598960779617,36.100415347371715],[-86.73453159007897,36.10168182460486],[-86.7351765958661,36.10344897644741],[-86.7372796985583,36.10394966968225],[-86.73873775517568,36.10268317599338],[-86.73809267020147,36.10091600552589],[-86.73598960779617,36.100415347371715],[-86.73598960779617,36.100415347371715]]]},"properties":{"h3":"89264d108cfffff","count":1,"c3":0,"c6":0,"c12":0,"c24":1,"score":0.5,"risk":2,"peakDay":"Tuesday","peakTime":"evening","hood":"","bk12":{"morning":0,"afternoon":0,"evening":0,"night":0},"bk24":{"morning":0,"afternoon":0,"evening":1,"night":0},"recent":[{"d":"2025-08-19","day":"Tue","time":"18:00","desc":"Assault, Aggravated - Deadly Weapon - Int/Kn","res":"closed"}]}},{"type":"Feature","geometry":{"type":"Polygon","coordinates":[[[-86.78842003704402,36.11772524009427],[-86.78696164320503,36.11899242544256],[-86.78760799271923,36.120759632069316],[-86.7897128152779,36.12125967188437],[-86.79117124790437,36.119992470052246],[-86.7905248191855,36.11822524488939],[-86.78842003704402,36.11772524009427],[-86.78842003704402,36.11772524009427]]]},"properties":{"h3":"89264d11c33ffff","count":1,"c3":0,"c6":0,"c12":0,"c24":1,"score":0.5,"risk":2,"peakDay":"Wednesday","peakTime":"morning","hood":"","bk12":{"morning":0,"afternoon":0,"evening":0,"night":0},"bk24":{"morning":1,"afternoon":0,"evening":0,"night":0},"recent":[{"d":"2025-08-20","day":"Wed","time":"09:00","desc":"INTENTIONAL AGGRAVATED ASSAULT","res":"unsolved"}]}},{"type":"Feature","geometry":{"type":"Polygon","coordinates":[[[-86.74721993325174,36.18374997503838],[-86.74576071399167,36.18501539174505],[-86.74640650359868,36.18678194366833],[-86.74851159177922,36.18728309748482],[-86.74997084997514,36.18601766437888],[-86.74932498105548,36.184251093856226],[-86.74721993325174,36.18374997503838],[-86.74721993325174,36.18374997503838]]]},"properties":{"h3":"89264d12223ffff","count":1,"c3":0,"c6":0,"c12":0,"c24":1,"score":0.5,"risk":2,"peakDay":"Wednesday","peakTime":"afternoon","hood":"","bk12":{"morning":0,"afternoon":0,"evening":0,"night":0},"bk24":{"morning":0,"afternoon":1,"evening":0,"night":0},"recent":[{"d":"2025-08-20","day":"Wed","time":"13:45","desc":"INTENTIONAL AGGRAVATED ASSAULT","res":"closed"}]}},{"type":"Feature","geometry":{"type":"Polygon","coordinates":[[[-86.71952258067027,36.186828768689615],[-86.71806338868723,36.18809362498099],[-86.71870854404942,36.189860054226564],[-86.72081297071742,36.190361645826506],[-86.72227220170504,36.18909677316036],[-86.72162696702085,36.187330325269514],[-86.71952258067027,36.186828768689615],[-86.71952258067027,36.186828768689615]]]},"properties":{"h3":"89264d12027ffff","count":1,"c3":0,"c6":0,"c12":0,"c24":1,"score":0.5,"risk":2,"peakDay":"Wednesday","peakTime":"afternoon","hood":"","bk12":{"morning":0,"afternoon":0,"evening":0,"night":0},"bk24":{"morning":0,"afternoon":1,"evening":0,"night":0},"recent":[{"d":"2025-08-20","day":"Wed","time":"15:00","desc":"INTENTIONAL AGGRAVATED ASSAULT","res":"unsolved"}]}},{"type":"Feature","geometry":{"type":"Polygon","coordinates":[[[-86.66487269654009,36.15282377716406],[-86.66341412490497,36.15408813853117],[-86.66405777923862,36.155854632841816],[-86.66616008448679,36.15635678452495],[-86.66761869523148,36.155092406800165],[-86.6669749616192,36.15332589375038],[-86.66487269654009,36.15282377716406],[-86.66487269654009,36.15282377716406]]]},"properties":{"h3":"89264d12d8fffff","count":1,"c3":0,"c6":0,"c12":0,"c24":1,"score":0.5,"risk":2,"peakDay":"Wednesday","peakTime":"evening","hood":"","bk12":{"morning":0,"afternoon":0,"evening":0,"night":0},"bk24":{"morning":0,"afternoon":0,"evening":1,"night":0},"recent":[{"d":"2025-08-20","day":"Wed","time":"18:00","desc":"AGGRAV ASSLT - NONFAMILY-GUN","res":"closed"}]}},{"type":"Feature","geometry":{"type":"Polygon","coordinates":[[[-86.77749085378156,36.2086928013857],[-86.77603120649658,36.20995839850743],[-86.77667786585191,36.21172486475484],[-86.77878425183877,36.21222575242779],[-86.78024393800568,36.210960138902166],[-86.7795971993046,36.20919365410799],[-86.77749085378156,36.2086928013857],[-86.77749085378156,36.2086928013857]]]},"properties":{"h3":"89264d13557ffff","count":2,"c3":0,"c6":0,"c12":0,"c24":2,"score":0.9,"risk":5,"peakDay":"Wednesday","peakTime":"evening","hood":"","bk12":{"morning":0,"afternoon":0,"evening":0,"night":0},"bk24":{"morning":0,"afternoon":1,"evening":1,"night":0},"recent":[{"d":"2025-08-25","day":"Mon","time":"16:10","desc":"INTENTIONAL AGGRAVATED ASSAULT","res":"closed"},{"d":"2025-08-20","day":"Wed","time":"20:30","desc":"INTENTIONAL AGGRAVATED ASSAULT","res":"closed"}]}},{"type":"Feature","geometry":{"type":"Polygon","coordinates":[[[-86.60546099144138,36.17409003953785],[-86.60400227662868,36.1753529741967],[-86.6046446608617,36.17711908916382],[-86.60674583922831,36.17762228830874],[-86.60820459330834,36.176359337356615],[-86.60756212975521,36.174593203553314],[-86.60546099144138,36.17409003953785],[-86.60546099144138,36.17409003953785]]]},"properties":{"h3":"89264d8c237ffff","count":1,"c3":0,"c6":0,"c12":0,"c24":1,"score":0.5,"risk":2,"peakDay":"Wednesday","peakTime":"evening","hood":"","bk12":{"morning":0,"afternoon":0,"evening":0,"night":0},"bk24":{"morning":0,"afternoon":0,"evening":1,"night":0},"recent":[{"d":"2025-08-20","day":"Wed","time":"21:33","desc":"INTENTIONAL AGGRAVATED ASSAULT","res":"closed"}]}},{"type":"Feature","geometry":{"type":"Polygon","coordinates":[[[-86.680254142057,36.058085670235364],[-86.67879686286842,36.059351757337396],[-86.67944029179814,36.06111902986473],[-86.68154107904864,36.06162023401166],[-86.6829983972387,36.060354130465015],[-86.68235488917756,36.05858683921654],[-86.680254142057,36.058085670235364],[-86.680254142057,36.058085670235364]]]},"properties":{"h3":"89264d155dbffff","count":1,"c3":0,"c6":0,"c12":0,"c24":1,"score":0.5,"risk":2,"peakDay":"Wednesday","peakTime":"night","hood":"","bk12":{"morning":0,"afternoon":0,"evening":0,"night":0},"bk24":{"morning":0,"afternoon":0,"evening":0,"night":1},"recent":[{"d":"2025-08-20","day":"Wed","time":"22:30","desc":"INTENTIONAL AGGRAVATED ASSAULT","res":"unsolved"}]}},{"type":"Feature","geometry":{"type":"Polygon","coordinates":[[[-86.74206615529535,36.02761814955829],[-86.74060914467417,36.02888584360243],[-86.74125384124837,36.03065357034861],[-86.74335562751953,36.03115362167155],[-86.74481267697182,36.029885911109446],[-86.74416790132261,36.02811816574287],[-86.74206615529535,36.02761814955829],[-86.74206615529535,36.02761814955829]]]},"properties":{"h3":"89264d02133ffff","count":1,"c3":0,"c6":0,"c12":0,"c24":1,"score":0.5,"risk":2,"peakDay":"Thursday","peakTime":"morning","hood":"","bk12":{"morning":0,"afternoon":0,"evening":0,"night":0},"bk24":{"morning":1,"afternoon":0,"evening":0,"night":0},"recent":[{"d":"2025-08-21","day":"Thu","time":"08:52","desc":"Assault, Aggravated - Deadly Weapon - Int/Kn","res":"closed"}]}},{"type":"Feature","geometry":{"type":"Polygon","coordinates":[[[-86.76791952539173,36.219317383692044],[-86.76645975240119,36.22058264118595],[-86.76710625230054,36.22234899106159],[-86.76921260455485,36.2228501020056],[-86.77067241645828,36.221584828123724],[-86.77002583719529,36.219818459686294],[-86.76791952539173,36.219317383692044],[-86.76791952539173,36.219317383692044]]]},"properties":{"h3":"89264d89b67ffff","count":1,"c3":0,"c6":0,"c12":0,"c24":1,"score":0.5,"risk":2,"peakDay":"Thursday","peakTime":"afternoon","hood":"","bk12":{"morning":0,"afternoon":0,"evening":0,"night":0},"bk24":{"morning":0,"afternoon":1,"evening":0,"night":0},"recent":[{"d":"2025-08-21","day":"Thu","time":"13:25","desc":"INTENTIONAL AGGRAVATED ASSAULT","res":"closed"}]}},{"type":"Feature","geometry":{"type":"Polygon","coordinates":[[[-86.85855818681279,36.15695563425913],[-86.85709906711523,36.15822352143429],[-86.85774731471645,36.1599906734895],[-86.85985476126812,36.160489956785945],[-86.86131391961374,36.159222053102106],[-86.86066559276041,36.15745488263099],[-86.85855818681279,36.15695563425913],[-86.85855818681279,36.15695563425913]]]},"properties":{"h3":"89264d112d7ffff","count":2,"c3":0,"c6":0,"c12":1,"c24":2,"score":1.1,"risk":6,"peakDay":"Thursday","peakTime":"evening","hood":"","bk12":{"morning":0,"afternoon":0,"evening":1,"night":0},"bk24":{"morning":0,"afternoon":0,"evening":2,"night":0},"recent":[{"d":"2026-03-06","day":"Fri","time":"17:45","desc":"INTENTIONAL AGGRAVATED ASSAULT","res":"unsolved"},{"d":"2025-08-21","day":"Thu","time":"17:00","desc":"ROBBERY","res":"unsolved"}]}},{"type":"Feature","geometry":{"type":"Polygon","coordinates":[[[-86.7704858625927,36.247339205244586],[-86.76902568784176,36.24860408201593],[-86.7696724233679,36.250370222839784],[-86.77177941305195,36.2508715054478],[-86.77323962673069,36.249606612308284],[-86.77259281179835,36.2478404529294],[-86.7704858625927,36.247339205244586],[-86.7704858625927,36.247339205244586]]]},"properties":{"h3":"89264d8984fffff","count":1,"c3":0,"c6":0,"c12":0,"c24":1,"score":0.5,"risk":2,"peakDay":"Thursday","peakTime":"evening","hood":"","bk12":{"morning":0,"afternoon":0,"evening":0,"night":0},"bk24":{"morning":0,"afternoon":0,"evening":1,"night":0},"recent":[{"d":"2025-08-21","day":"Thu","time":"18:05","desc":"INTENTIONAL AGGRAVATED ASSAULT","res":"unsolved"}]}},{"type":"Feature","geometry":{"type":"Polygon","coordinates":[[[-86.70689208658304,36.083802330566705],[-86.70543437705784,36.085068520994426],[-86.70607859359859,36.086835694725],[-86.70818059883183,36.08733669670312],[-86.70963834731427,36.08607048982979],[-86.70899405160706,36.08430329742445],[-86.70689208658304,36.083802330566705],[-86.70689208658304,36.083802330566705]]]},"properties":{"h3":"89264d1098fffff","count":3,"c3":0,"c6":0,"c12":0,"c24":3,"score":1.4,"risk":7,"peakDay":"Thursday","peakTime":"evening","hood":"","bk12":{"morning":0,"afternoon":0,"evening":0,"night":0},"bk24":{"morning":1,"afternoon":0,"evening":1,"night":1},"recent":[{"d":"2025-09-03","day":"Wed","time":"11:19","desc":"Assault, Aggravated - Deadly Weapon - Int/Kn","res":"closed"},{"d":"2025-08-22","day":"Fri","time":"01:30","desc":"INTENTIONAL AGGRAVATED ASSAULT","res":"closed"},{"d":"2025-08-21","day":"Thu","time":"20:00","desc":"AGGRAV ASSLT - NONFAMILY-WEAPON","res":"closed"}]}},{"type":"Feature","geometry":{"type":"Polygon","coordinates":[[[-86.6715102570266,36.06568149953533],[-86.67005289389023,36.06694730930175],[-86.67069616378858,36.0687144924654],[-86.67279687596846,36.06921588459824],[-86.67425427813289,36.06795005840018],[-86.67361092909017,36.0661828565014],[-86.6715102570266,36.06568149953533],[-86.6715102570266,36.06568149953533]]]},"properties":{"h3":"89264d17373ffff","count":1,"c3":0,"c6":0,"c12":0,"c24":1,"score":0.5,"risk":2,"peakDay":"Thursday","peakTime":"evening","hood":"","bk12":{"morning":0,"afternoon":0,"evening":0,"night":0},"bk24":{"morning":0,"afternoon":0,"evening":1,"night":0},"recent":[{"d":"2025-08-21","day":"Thu","time":"21:00","desc":"ASSAULT, AGGRAVATED - STRANGULATION-INT/KN","res":"closed"}]}},{"type":"Feature","geometry":{"type":"Polygon","coordinates":[[[-86.79080853342255,36.171535223171254],[-86.78934937628509,36.172801633783315],[-86.7899961177512,36.174568434817886],[-86.79210209564212,36.175068843768656],[-86.79356129160162,36.173802416713066],[-86.79291447084898,36.172035597150746],[-86.79080853342255,36.171535223171254],[-86.79080853342255,36.171535223171254]]]},"properties":{"h3":"89264d106cbffff","count":2,"c3":0,"c6":0,"c12":0,"c24":2,"score":0.9,"risk":5,"peakDay":"Friday","peakTime":"evening","hood":"","bk12":{"morning":0,"afternoon":0,"evening":0,"night":0},"bk24":{"morning":0,"afternoon":0,"evening":2,"night":0},"recent":[{"d":"2025-09-16","day":"Tue","time":"21:00","desc":"Assault, Aggravated - Deadly Weapon - Int/Kn","res":"closed"},{"d":"2025-08-22","day":"Fri","time":"18:00","desc":"INTENTIONAL AGGRAVATED ASSAULT","res":"closed"}]}},{"type":"Feature","geometry":{"type":"Polygon","coordinates":[[[-86.75209965162115,36.165556323400565],[-86.75064067625887,36.16682210791357],[-86.75128646753973,36.16858881762907],[-86.75339131346762,36.16908976142488],[-86.75485032774037,36.16782396049448],[-86.75420445717556,36.16605723218618],[-86.75209965162115,36.165556323400565],[-86.75209965162115,36.165556323400565]]]},"properties":{"h3":"89264d10433ffff","count":1,"c3":0,"c6":0,"c12":0,"c24":1,"score":0.5,"risk":2,"peakDay":"Friday","peakTime":"night","hood":"","bk12":{"morning":0,"afternoon":0,"evening":0,"night":0},"bk24":{"morning":0,"afternoon":0,"evening":0,"night":1},"recent":[{"d":"2025-08-22","day":"Fri","time":"22:00","desc":"INTENTIONAL AGGRAVATED ASSAULT","res":"closed"}]}},{"type":"Feature","geometry":{"type":"Polygon","coordinates":[[[-86.81251813269665,36.178304563047895],[-86.81105882604082,36.179571272622375],[-86.81170612170477,36.181338097980564],[-86.81381280331841,36.1818382322557],[-86.81527214874916,36.18057150622572],[-86.81462477379213,36.17880466237659],[-86.81251813269665,36.178304563047895],[-86.81251813269665,36.178304563047895]]]},"properties":{"h3":"89264d1334fffff","count":1,"c3":0,"c6":0,"c12":0,"c24":1,"score":0.5,"risk":2,"peakDay":"Saturday","peakTime":"morning","hood":"","bk12":{"morning":0,"afternoon":0,"evening":0,"night":0},"bk24":{"morning":1,"afternoon":0,"evening":0,"night":0},"recent":[{"d":"2025-08-23","day":"Sat","time":"10:30","desc":"INTENTIONAL AGGRAVATED ASSAULT","res":"closed"}]}},{"type":"Feature","geometry":{"type":"Polygon","coordinates":[[[-86.87558108960769,36.1561462013128],[-86.87412193971971,36.15741441585932],[-86.8747705834536,36.159181633654796],[-86.87687845632394,36.159680655291744],[-86.8783376448183,36.15841242422242],[-86.87768892183675,36.15664518803942],[-86.87558108960769,36.1561462013128],[-86.87558108960769,36.1561462013128]]]},"properties":{"h3":"89264d1a52bffff","count":1,"c3":0,"c6":0,"c12":0,"c24":1,"score":0.5,"risk":2,"peakDay":"Saturday","peakTime":"morning","hood":"","bk12":{"morning":0,"afternoon":0,"evening":0,"night":0},"bk24":{"morning":1,"afternoon":0,"evening":0,"night":0},"recent":[{"d":"2025-08-23","day":"Sat","time":"11:00","desc":"Assault, Aggravated - Deadly Weapon - Int/Kn","res":"closed"}]}},{"type":"Feature","geometry":{"type":"Polygon","coordinates":[[[-86.89470968453311,36.1348514206286],[-86.89325078780197,36.136120312987174],[-86.8938997490409,36.137887761824764],[-86.89600768622334,36.138386336661554],[-86.89746662149892,36.1371174277484],[-86.89681758104845,36.13534996055351],[-86.89470968453311,36.1348514206286],[-86.89470968453311,36.1348514206286]]]},"properties":{"h3":"89264d1a3a7ffff","count":2,"c3":0,"c6":0,"c12":1,"c24":2,"score":1.1,"risk":5,"peakDay":"Saturday","peakTime":"evening","hood":"","bk12":{"morning":0,"afternoon":0,"evening":1,"night":0},"bk24":{"morning":0,"afternoon":0,"evening":2,"night":0},"recent":[{"d":"2026-02-02","day":"Mon","time":"20:35","desc":"INTENTIONAL AGGRAVATED ASSAULT","res":"closed"},{"d":"2025-08-23","day":"Sat","time":"18:01","desc":"INTENTIONAL AGGRAVATED ASSAULT","res":"closed"}]}},{"type":"Feature","geometry":{"type":"Polygon","coordinates":[[[-86.77373920976622,36.2352142555921],[-86.77227919790323,36.236479378052806],[-86.77292593442618,36.23824562486599],[-86.77503276219994,36.23874676776968],[-86.77649281297381,36.237481628928755],[-86.77584599706384,36.23571536356487],[-86.77373920976622,36.2352142555921],[-86.77373920976622,36.2352142555921]]]},"properties":{"h3":"89264d89bcbffff","count":1,"c3":0,"c6":0,"c12":0,"c24":1,"score":0.5,"risk":2,"peakDay":"Saturday","peakTime":"evening","hood":"","bk12":{"morning":0,"afternoon":0,"evening":0,"night":0},"bk24":{"morning":0,"afternoon":0,"evening":1,"night":0},"recent":[{"d":"2025-08-23","day":"Sat","time":"19:00","desc":"Assault, Aggravated - Deadly Weapon - Int/Kn","res":"closed"}]}},{"type":"Feature","geometry":{"type":"Polygon","coordinates":[[[-86.70109497249095,36.267881886598396],[-86.6996346843941,36.26914516207672],[-86.70027991017848,36.270910896153005],[-86.7023855035098,36.27141337342014],[-86.70384583071655,36.27015008164512],[-86.70320052548286,36.26838432890013],[-86.70109497249095,36.267881886598396],[-86.70109497249095,36.267881886598396]]]},"properties":{"h3":"89264d88e97ffff","count":2,"c3":0,"c6":0,"c12":0,"c24":2,"score":0.9,"risk":5,"peakDay":"Sunday","peakTime":"night","hood":"","bk12":{"morning":0,"afternoon":0,"evening":0,"night":0},"bk24":{"morning":0,"afternoon":0,"evening":1,"night":1},"recent":[{"d":"2025-09-26","day":"Fri","time":"19:13","desc":"INTENTIONAL AGGRAVATED ASSAULT","res":"unsolved"},{"d":"2025-08-24","day":"Sun","time":"00:00","desc":"INTENTIONAL AGGRAVATED ASSAULT","res":"unsolved"}]}},{"type":"Feature","geometry":{"type":"Polygon","coordinates":[[[-86.71474445343638,36.24212313904503],[-86.71328449392226,36.24338706200231],[-86.71392988124839,36.24515304553601],[-86.71603530749702,36.24565512476124],[-86.7174953060689,36.24439118547624],[-86.71684983933518,36.2426251832942],[-86.71474445343638,36.24212313904503],[-86.71474445343638,36.24212313904503]]]},"properties":{"h3":"89264d88a13ffff","count":1,"c3":0,"c6":0,"c12":0,"c24":1,"score":0.5,"risk":2,"peakDay":"Sunday","peakTime":"night","hood":"","bk12":{"morning":0,"afternoon":0,"evening":0,"night":0},"bk24":{"morning":0,"afternoon":0,"evening":0,"night":1},"recent":[{"d":"2025-08-24","day":"Sun","time":"01:56","desc":"INTENTIONAL AGGRAVATED ASSAULT","res":"closed"}]}},{"type":"Feature","geometry":{"type":"Polygon","coordinates":[[[-86.80037530903041,36.16090211990866],[-86.79891627769415,36.162168869714776],[-86.79956317836925,36.16393578666158],[-86.80166918964999,36.164435972315424],[-86.80312825977732,36.163169206049865],[-86.80248127983367,36.161402270590386],[-86.80037530903041,36.16090211990866],[-86.80037530903041,36.16090211990866]]]},"properties":{"h3":"89264d115bbffff","count":1,"c3":0,"c6":0,"c12":0,"c24":1,"score":0.5,"risk":2,"peakDay":"Sunday","peakTime":"night","hood":"","bk12":{"morning":0,"afternoon":0,"evening":0,"night":0},"bk24":{"morning":0,"afternoon":0,"evening":0,"night":1},"recent":[{"d":"2025-08-24","day":"Sun","time":"04:45","desc":"INTENTIONAL AGGRAVATED ASSAULT","res":"closed"}]}},{"type":"Feature","geometry":{"type":"Polygon","coordinates":[[[-86.78186971058888,36.20489573180812],[-86.78041010582939,36.20616146803454],[-86.78105684476697,36.20792797922871],[-86.78316326780397,36.20842877273674],[-86.78462291143201,36.207163020099976],[-86.78397609315529,36.20539649036603],[-86.78186971058888,36.20489573180812],[-86.78186971058888,36.20489573180812]]]},"properties":{"h3":"89264d1354fffff","count":3,"c3":0,"c6":0,"c12":1,"c24":3,"score":1.5,"risk":8,"peakDay":"Sunday","peakTime":"evening","hood":"","bk12":{"morning":1,"afternoon":0,"evening":0,"night":0},"bk24":{"morning":1,"afternoon":0,"evening":1,"night":1},"recent":[{"d":"2026-01-10","day":"Sat","time":"11:30","desc":"INTENTIONAL AGGRAVATED ASSAULT","res":"closed"},{"d":"2025-09-07","day":"Sun","time":"00:46","desc":"ROBBERY, AGGRAVATED, HANDGUN","res":"closed"},{"d":"2025-08-24","day":"Sun","time":"17:30","desc":"INTENTIONAL AGGRAVATED ASSAULT","res":"closed"}]}},{"type":"Feature","geometry":{"type":"Polygon","coordinates":[[[-86.63044980066444,36.06878129284101],[-86.62899250171998,36.070046294245195],[-86.62963482262984,36.07181330406034],[-86.63173452164023,36.07231533127505],[-86.63319185971284,36.071050313474565],[-86.63254945964765,36.06928328485615],[-86.63044980066444,36.06878129284101],[-86.63044980066444,36.06878129284101]]]},"properties":{"h3":"89264d144dbffff","count":3,"c3":0,"c6":0,"c12":1,"c24":3,"score":1.5,"risk":7,"peakDay":"Sunday","peakTime":"evening","hood":"","bk12":{"morning":0,"afternoon":1,"evening":0,"night":0},"bk24":{"morning":0,"afternoon":1,"evening":1,"night":1},"recent":[{"d":"2025-11-09","day":"Sun","time":"14:50","desc":"Assault, Aggravated - Deadly Weapon - Int/Kn","res":"unsolved"},{"d":"2025-09-19","day":"Fri","time":"23:15","desc":"INTENTIONAL AGGRAVATED ASSAULT","res":"closed"},{"d":"2025-08-24","day":"Sun","time":"20:33","desc":"Assault, Agg - Deadly Weapon- Int/Kn- Acting in Concert","res":"unsolved"}]}},{"type":"Feature","geometry":{"type":"Polygon","coordinates":[[[-86.56801649873181,36.0393143911673],[-86.56655978032848,36.04057868168321],[-86.56720044652093,36.04234568402462],[-86.5692979102369,36.04284841476005],[-86.57075466789436,36.041584107874684],[-86.57011392258251,36.03981708662381],[-86.56801649873181,36.0393143911673],[-86.56801649873181,36.0393143911673]]]},"properties":{"h3":"89264d168cbffff","count":1,"c3":0,"c6":0,"c12":0,"c24":1,"score":0.5,"risk":2,"peakDay":"Sunday","peakTime":"evening","hood":"","bk12":{"morning":0,"afternoon":0,"evening":0,"night":0},"bk24":{"morning":0,"afternoon":0,"evening":1,"night":0},"recent":[{"d":"2025-08-24","day":"Sun","time":"21:00","desc":"Assault, Aggravated - Deadly Weapon - Int/Kn","res":"unsolved"}]}},{"type":"Feature","geometry":{"type":"Polygon","coordinates":[[[-86.69255553890933,36.04972271617517],[-86.69109834525602,36.05098915809955],[-86.69174201228617,36.05275653863117],[-86.69384295208722,36.0532574959402],[-86.69530018470644,36.05199103755478],[-86.69465643855952,36.05022363832186],[-86.69255553890933,36.04972271617517],[-86.69255553890933,36.04972271617517]]]},"properties":{"h3":"89264d15083ffff","count":1,"c3":0,"c6":0,"c12":0,"c24":1,"score":0.5,"risk":2,"peakDay":"Sunday","peakTime":"evening","hood":"","bk12":{"morning":0,"afternoon":0,"evening":0,"night":0},"bk24":{"morning":0,"afternoon":0,"evening":1,"night":0},"recent":[{"d":"2025-08-24","day":"Sun","time":"21:34","desc":"ROBBERY- CARJACKING","res":"closed"}]}},{"type":"Feature","geometry":{"type":"Polygon","coordinates":[[[-87.01028555807788,36.066855970642855],[-87.00882734219223,36.06812803078866],[-87.00947859886408,36.06989640158157],[-87.01158815050756,36.07039273039837],[-87.01304640460783,36.06912065355391],[-87.01239506885086,36.06735226459181],[-87.01028555807788,36.066855970642855],[-87.01028555807788,36.066855970642855]]]},"properties":{"h3":"89264d56d37ffff","count":1,"c3":0,"c6":0,"c12":0,"c24":1,"score":0.5,"risk":2,"peakDay":"Monday","peakTime":"morning","hood":"","bk12":{"morning":0,"afternoon":0,"evening":0,"night":0},"bk24":{"morning":1,"afternoon":0,"evening":0,"night":0},"recent":[{"d":"2025-08-25","day":"Mon","time":"08:30","desc":"INTENTIONAL AGGRAVATED ASSAULT","res":"unsolved"}]}},{"type":"Feature","geometry":{"type":"Polygon","coordinates":[[[-86.93471756956461,36.060353610906695],[-86.9332596233311,36.06162437336611],[-86.93390906080056,36.06339253311855],[-86.93601652359466,36.06388994870821],[-86.93747450822082,36.06261916960427],[-86.93682499166108,36.06085099155568],[-86.93471756956461,36.060353610906695],[-86.93471756956461,36.060353610906695]]]},"properties":{"h3":"89264d18ac3ffff","count":1,"c3":0,"c6":0,"c12":0,"c24":1,"score":0.5,"risk":2,"peakDay":"Monday","peakTime":"morning","hood":"","bk12":{"morning":0,"afternoon":0,"evening":0,"night":0},"bk24":{"morning":1,"afternoon":0,"evening":0,"night":0},"recent":[{"d":"2025-08-25","day":"Mon","time":"11:10","desc":"INTENTIONAL AGGRAVATED ASSAULT","res":"closed"}]}},{"type":"Feature","geometry":{"type":"Polygon","coordinates":[[[-86.71095893844074,36.0686342027096],[-86.7095014315967,36.06990069876413],[-86.71014564980194,36.0716680025061],[-86.71224745399464,36.07216882886318],[-86.7137049997748,36.070902316347855],[-86.71306070242694,36.06913499393672],[-86.71095893844074,36.0686342027096],[-86.71095893844074,36.0686342027096]]]},"properties":{"h3":"89264d15693ffff","count":2,"c3":0,"c6":0,"c12":1,"c24":2,"score":1,"risk":5,"peakDay":"Tuesday","peakTime":"morning","hood":"","bk12":{"morning":0,"afternoon":0,"evening":0,"night":1},"bk24":{"morning":1,"afternoon":0,"evening":0,"night":1},"recent":[{"d":"2025-10-09","day":"Thu","time":"04:20","desc":"Assault, Aggravated - Deadly Weapon - Int/Kn","res":"unsolved"},{"d":"2025-08-26","day":"Tue","time":"09:10","desc":"AGGRAV ASSLT - NONFAMILY-GUN","res":"unsolved"}]}},{"type":"Feature","geometry":{"type":"Polygon","coordinates":[[[-86.72550425913062,36.07694052715229],[-86.7240465982068,36.078207166635615],[-86.72469121087366,36.07997445969499],[-86.7267935636181,36.08047513191576],[-86.72825126344956,36.079208475966574],[-86.72760657162974,36.07744116426293],[-86.72550425913062,36.07694052715229],[-86.72550425913062,36.07694052715229]]]},"properties":{"h3":"89264d10bb3ffff","count":2,"c3":0,"c6":0,"c12":0,"c24":2,"score":0.9,"risk":5,"peakDay":"Tuesday","peakTime":"evening","hood":"","bk12":{"morning":0,"afternoon":0,"evening":0,"night":0},"bk24":{"morning":0,"afternoon":0,"evening":1,"night":1},"recent":[{"d":"2025-08-26","day":"Tue","time":"23:20","desc":"INTENTIONAL AGGRAVATED ASSAULT","res":"closed"},{"d":"2025-08-26","day":"Tue","time":"18:00","desc":"INTENTIONAL AGGRAVATED ASSAULT","res":"closed"}]}},{"type":"Feature","geometry":{"type":"Polygon","coordinates":[[[-86.6297869641494,36.146050023429325],[-86.62832857994789,36.14731383714538],[-86.62897136431353,36.14908025594155],[-86.63107261215511,36.14958287982026],[-86.6325310355448,36.148319049769334],[-86.63188817190556,36.14655261217506],[-86.6297869641494,36.146050023429325],[-86.6297869641494,36.146050023429325]]]},"properties":{"h3":"89264d8d8c3ffff","count":1,"c3":0,"c6":0,"c12":0,"c24":1,"score":0.5,"risk":2,"peakDay":"Tuesday","peakTime":"evening","hood":"","bk12":{"morning":0,"afternoon":0,"evening":0,"night":0},"bk24":{"morning":0,"afternoon":0,"evening":1,"night":0},"recent":[{"d":"2025-08-26","day":"Tue","time":"19:00","desc":"AGGRAV ASSLT - NONFAMILY-WEAPON","res":"closed"}]}},{"type":"Feature","geometry":{"type":"Polygon","coordinates":[[[-86.6854244201924,36.1512792275678],[-86.68396581686298,36.1525439936187],[-86.68460994647815,36.15431057406895],[-86.68671275869656,36.15481240717384],[-86.68817140108533,36.1535476247476],[-86.68752719219714,36.15178102559228],[-86.6854244201924,36.1512792275678],[-86.6854244201924,36.1512792275678]]]},"properties":{"h3":"89264d12897ffff","count":1,"c3":0,"c6":0,"c12":0,"c24":1,"score":0.5,"risk":2,"peakDay":"Tuesday","peakTime":"night","hood":"","bk12":{"morning":0,"afternoon":0,"evening":0,"night":0},"bk24":{"morning":0,"afternoon":0,"evening":0,"night":1},"recent":[{"d":"2025-08-26","day":"Tue","time":"23:00","desc":"Assault, Aggravated - Deadly Weapon - Int/Kn","res":"closed"}]}},{"type":"Feature","geometry":{"type":"Polygon","coordinates":[[[-86.71502476877669,36.05346389779472],[-86.71356746457269,36.05473069931118],[-86.71421168441472,36.05649813285164],[-86.71631328758042,36.056998783539676],[-86.71777063069948,36.0557319655472],[-86.7171263317386,36.05396451334319],[-86.71502476877669,36.05346389779472],[-86.71502476877669,36.05346389779472]]]},"properties":{"h3":"89264d1563bffff","count":1,"c3":0,"c6":0,"c12":0,"c24":1,"score":0.5,"risk":2,"peakDay":"Wednesday","peakTime":"evening","hood":"","bk12":{"morning":0,"afternoon":0,"evening":0,"night":0},"bk24":{"morning":0,"afternoon":0,"evening":1,"night":0},"recent":[{"d":"2025-08-27","day":"Wed","time":"17:44","desc":"INTENTIONAL AGGRAVATED ASSAULT","res":"closed"}]}},{"type":"Feature","geometry":{"type":"Polygon","coordinates":[[[-86.8549917383364,36.157724213768155],[-86.85353261656292,36.158992023230674],[-86.8541807849102,36.16075915686411],[-86.8562881542857,36.16125849945728],[-86.85774731471645,36.1599906734895],[-86.85709906711523,36.15822352143429],[-86.8549917383364,36.157724213768155],[-86.8549917383364,36.157724213768155]]]},"properties":{"h3":"89264d1129bffff","count":1,"c3":0,"c6":0,"c12":0,"c24":1,"score":0.5,"risk":2,"peakDay":"Wednesday","peakTime":"evening","hood":"","bk12":{"morning":0,"afternoon":0,"evening":0,"night":0},"bk24":{"morning":0,"afternoon":0,"evening":1,"night":0},"recent":[{"d":"2025-08-27","day":"Wed","time":"18:52","desc":"ASSAULT","res":"closed"}]}},{"type":"Feature","geometry":{"type":"Polygon","coordinates":[[[-86.81156461330029,36.144198021209704],[-86.81010578919265,36.1454652325305],[-86.81075284939615,36.147232317753584],[-86.81285881294917,36.147732210151744],[-86.81431767580848,36.14646498234952],[-86.81367053636394,36.14469787863106],[-86.81156461330029,36.144198021209704],[-86.81156461330029,36.144198021209704]]]},"properties":{"h3":"89264d1118bffff","count":1,"c3":0,"c6":0,"c12":0,"c24":1,"score":0.5,"risk":2,"peakDay":"Wednesday","peakTime":"night","hood":"","bk12":{"morning":0,"afternoon":0,"evening":0,"night":0},"bk24":{"morning":0,"afternoon":0,"evening":0,"night":1},"recent":[{"d":"2025-08-27","day":"Wed","time":"22:00","desc":"Assault, Aggravated - Deadly Weapon - Int/Kn","res":"closed"}]}},{"type":"Feature","geometry":{"type":"Polygon","coordinates":[[[-86.6890715609386,36.2875748756353],[-86.68761102565483,36.28883762624146],[-86.68825609039003,36.29060316348797],[-86.69036176989131,36.29110596881567],[-86.69182234432873,36.28984320193779],[-86.69117720011198,36.288077646004396],[-86.6890715609386,36.2875748756353],[-86.6890715609386,36.2875748756353]]]},"properties":{"h3":"89264d8aa43ffff","count":1,"c3":0,"c6":0,"c12":0,"c24":1,"score":0.5,"risk":2,"peakDay":"Thursday","peakTime":"morning","hood":"","bk12":{"morning":0,"afternoon":0,"evening":0,"night":0},"bk24":{"morning":1,"afternoon":0,"evening":0,"night":0},"recent":[{"d":"2025-08-28","day":"Thu","time":"06:50","desc":"INTENTIONAL AGGRAVATED ASSAULT","res":"unsolved"}]}},{"type":"Feature","geometry":{"type":"Polygon","coordinates":[[[-86.69713134922857,36.02014613260663],[-86.69567455894992,36.021413107504166],[-86.69631815039966,36.02318072812087],[-86.69841861119974,36.023681392536396],[-86.69987544041116,36.02241440115077],[-86.6992317698905,36.02064676183819],[-86.69713134922857,36.02014613260663],[-86.69713134922857,36.02014613260663]]]},"properties":{"h3":"89264d153abffff","count":1,"c3":0,"c6":0,"c12":0,"c24":1,"score":0.5,"risk":2,"peakDay":"Thursday","peakTime":"afternoon","hood":"","bk12":{"morning":0,"afternoon":0,"evening":0,"night":0},"bk24":{"morning":0,"afternoon":1,"evening":0,"night":0},"recent":[{"d":"2025-08-28","day":"Thu","time":"12:00","desc":"Assault, Aggravated - Deadly Weapon - Int/Kn","res":"closed"}]}},{"type":"Feature","geometry":{"type":"Polygon","coordinates":[[[-86.66861368318314,36.22627596780414],[-86.66715406644248,36.22753927731621],[-86.6677982659821,36.22930521856241],[-86.6699021616538,36.22980786902357],[-86.67136181755065,36.228544543208365],[-86.6707175386204,36.22677858323562],[-86.66861368318314,36.22627596780414],[-86.66861368318314,36.22627596780414]]]},"properties":{"h3":"89264d88907ffff","count":1,"c3":0,"c6":0,"c12":0,"c24":1,"score":0.5,"risk":2,"peakDay":"Thursday","peakTime":"evening","hood":"","bk12":{"morning":0,"afternoon":0,"evening":0,"night":0},"bk24":{"morning":0,"afternoon":0,"evening":1,"night":0},"recent":[{"d":"2025-08-28","day":"Thu","time":"19:43","desc":"INTENTIONAL AGGRAVATED ASSAULT","res":"closed"}]}},{"type":"Feature","geometry":{"type":"Polygon","coordinates":[[[-86.77198527658835,36.20415803005433],[-86.77052570708194,36.205423594369535],[-86.77117220824107,36.20719007630382],[-86.77327835824711,36.20769101247976],[-86.77473796664526,36.2064254317615],[-86.77409138614642,36.20465893127087],[-86.77198527658835,36.20415803005433],[-86.77198527658835,36.20415803005433]]]},"properties":{"h3":"89264d1350fffff","count":1,"c3":0,"c6":0,"c12":0,"c24":1,"score":0.5,"risk":2,"peakDay":"Thursday","peakTime":"evening","hood":"","bk12":{"morning":0,"afternoon":0,"evening":0,"night":0},"bk24":{"morning":0,"afternoon":0,"evening":1,"night":0},"recent":[{"d":"2025-08-28","day":"Thu","time":"21:30","desc":"AGGRAV ASSLT - FAMILY-WEAPON","res":"closed"}]}},{"type":"Feature","geometry":{"type":"Polygon","coordinates":[[[-86.62089057729754,36.07940225192389],[-86.6194331543442,36.08066691471344],[-86.6200753155919,36.08243380898899],[-86.62217497896675,36.08293605929382],[-86.62363244107901,36.08167138012403],[-86.62299020065831,36.07990446703013],[-86.62089057729754,36.07940225192389],[-86.62089057729754,36.07940225192389]]]},"properties":{"h3":"89264d1620bffff","count":1,"c3":0,"c6":0,"c12":0,"c24":1,"score":0.5,"risk":2,"peakDay":"Thursday","peakTime":"night","hood":"","bk12":{"morning":0,"afternoon":0,"evening":0,"night":0},"bk24":{"morning":0,"afternoon":0,"evening":0,"night":1},"recent":[{"d":"2025-08-28","day":"Thu","time":"22:46","desc":"Assault, Aggravated - Deadly Weapon - Int/Kn","res":"closed"}]}},{"type":"Feature","geometry":{"type":"Polygon","coordinates":[[[-86.62081771948337,36.04227460011792],[-86.6193608184273,36.04353982515972],[-86.62000274809276,36.04530700006944],[-86.62210165793142,36.0458089687592],[-86.62355859811858,36.04454372730786],[-86.62291658933677,36.04277653357677],[-86.62081771948337,36.04227460011792],[-86.62081771948337,36.04227460011792]]]},"properties":{"h3":"89264d14087ffff","count":1,"c3":0,"c6":0,"c12":0,"c24":1,"score":0.5,"risk":2,"peakDay":"Thursday","peakTime":"night","hood":"","bk12":{"morning":0,"afternoon":0,"evening":0,"night":0},"bk24":{"morning":0,"afternoon":0,"evening":0,"night":1},"recent":[{"d":"2025-08-28","day":"Thu","time":"23:00","desc":"INTENTIONAL AGGRAVATED ASSAULT","res":"closed"}]}},{"type":"Feature","geometry":{"type":"Polygon","coordinates":[[[-86.80425726632389,36.1715035409068],[-86.80279807602234,36.17277020111726],[-86.80344513441852,36.17453704992517],[-86.80555146240118,36.17503725702841],[-86.80701069149242,36.17377058036368],[-86.8063635538121,36.17200371305047],[-86.80425726632389,36.1715035409068],[-86.80425726632389,36.1715035409068]]]},"properties":{"h3":"89264d13367ffff","count":1,"c3":0,"c6":0,"c12":0,"c24":1,"score":0.5,"risk":2,"peakDay":"Friday","peakTime":"night","hood":"","bk12":{"morning":0,"afternoon":0,"evening":0,"night":0},"bk24":{"morning":0,"afternoon":0,"evening":0,"night":1},"recent":[{"d":"2025-08-29","day":"Fri","time":"00:12","desc":"INTENTIONAL AGGRAVATED ASSAULT","res":"closed"}]}},{"type":"Feature","geometry":{"type":"Polygon","coordinates":[[[-86.74016977162213,36.12238614630188],[-86.73871143423872,36.12365236698039],[-86.73935667528602,36.125419365791124],[-86.74146033293749,36.125920162540105],[-86.74291870922754,36.124653925419835],[-86.7422733889603,36.12288690799286],[-86.74016977162213,36.12238614630188],[-86.74016977162213,36.12238614630188]]]},"properties":{"h3":"89264d1012fffff","count":1,"c3":0,"c6":0,"c12":0,"c24":1,"score":0.5,"risk":2,"peakDay":"Friday","peakTime":"night","hood":"","bk12":{"morning":0,"afternoon":0,"evening":0,"night":0},"bk24":{"morning":0,"afternoon":0,"evening":0,"night":1},"recent":[{"d":"2025-08-29","day":"Fri","time":"00:49","desc":"Assault, Aggravated - Strangulation - Int/Kn","res":"closed"}]}},{"type":"Feature","geometry":{"type":"Polygon","coordinates":[[[-86.7108537690729,36.03148716727132],[-86.70939678417885,36.032754224613264],[-86.7100407693295,36.034521809389325],[-86.71214181846103,36.03502235549607],[-86.71359884226361,36.03375528166406],[-86.71295477802694,36.03198767821585],[-86.7108537690729,36.03148716727132],[-86.7108537690729,36.03148716727132]]]},"properties":{"h3":"89264d153dbffff","count":1,"c3":0,"c6":0,"c12":0,"c24":1,"score":0.5,"risk":2,"peakDay":"Friday","peakTime":"morning","hood":"","bk12":{"morning":0,"afternoon":0,"evening":0,"night":0},"bk24":{"morning":1,"afternoon":0,"evening":0,"night":0},"recent":[{"d":"2025-08-29","day":"Fri","time":"11:05","desc":"AGGRAV ASSLT - NONFAMILY-GUN","res":"closed"}]}},{"type":"Feature","geometry":{"type":"Polygon","coordinates":[[[-86.79261423263206,36.13969805389756],[-86.79115551916412,36.14096498274846],[-86.79180210455218,36.142732035547795],[-86.79390748264646,36.14323217802409],[-86.79536623490827,36.14196523270326],[-86.79471957028271,36.140198161376574],[-86.79261423263206,36.13969805389756],[-86.79261423263206,36.13969805389756]]]},"properties":{"h3":"89264d10273ffff","count":1,"c3":0,"c6":0,"c12":0,"c24":1,"score":0.5,"risk":2,"peakDay":"Friday","peakTime":"morning","hood":"","bk12":{"morning":0,"afternoon":0,"evening":0,"night":0},"bk24":{"morning":1,"afternoon":0,"evening":0,"night":0},"recent":[{"d":"2025-08-29","day":"Fri","time":"11:35","desc":"ROBBERY","res":"closed"}]}},{"type":"Feature","geometry":{"type":"Polygon","coordinates":[[[-86.6199302325829,36.008171778434885],[-86.61847381264762,36.0094375038563],[-86.61911551044723,36.01120493222205],[-86.62121370724739,36.01170665399226],[-86.62267016629016,36.010440912134996],[-86.62202838942605,36.00867346494385],[-86.6199302325829,36.008171778434885],[-86.6199302325829,36.008171778434885]]]},"properties":{"h3":"89264d14ec3ffff","count":1,"c3":0,"c6":0,"c12":0,"c24":1,"score":0.5,"risk":2,"peakDay":"Friday","peakTime":"evening","hood":"","bk12":{"morning":0,"afternoon":0,"evening":0,"night":0},"bk24":{"morning":0,"afternoon":0,"evening":1,"night":0},"recent":[{"d":"2025-08-29","day":"Fri","time":"17:47","desc":"AGGRAV ASSLT - NONFAMILY-GUN","res":"unsolved"}]}},{"type":"Feature","geometry":{"type":"Polygon","coordinates":[[[-86.7783038007696,36.205660650264846],[-86.77684419418495,36.206926308737216],[-86.77749085378156,36.2086928013857],[-86.7795971993046,36.20919365410799],[-86.78105684476697,36.20792797922871],[-86.78041010582939,36.20616146803454],[-86.7783038007696,36.205660650264846],[-86.7783038007696,36.205660650264846]]]},"properties":{"h3":"89264d13547ffff","count":1,"c3":0,"c6":0,"c12":0,"c24":1,"score":0.5,"risk":2,"peakDay":"Saturday","peakTime":"night","hood":"","bk12":{"morning":0,"afternoon":0,"evening":0,"night":0},"bk24":{"morning":0,"afternoon":0,"evening":0,"night":1},"recent":[{"d":"2025-08-30","day":"Sat","time":"00:01","desc":"INTENTIONAL AGGRAVATED ASSAULT","res":"closed"}]}},{"type":"Feature","geometry":{"type":"Polygon","coordinates":[[[-86.70089114849074,36.293619578650336],[-86.69943049732217,36.294882455915825],[-86.70007587894288,36.296647988036355],[-86.70218199122192,36.29715066155852],[-86.70364268152038,36.295887768016506],[-86.70299722041072,36.29412221722933],[-86.70089114849074,36.293619578650336],[-86.70089114849074,36.293619578650336]]]},"properties":{"h3":"89264d88567ffff","count":1,"c3":0,"c6":0,"c12":0,"c24":1,"score":0.5,"risk":2,"peakDay":"Saturday","peakTime":"morning","hood":"","bk12":{"morning":0,"afternoon":0,"evening":0,"night":0},"bk24":{"morning":1,"afternoon":0,"evening":0,"night":0},"recent":[{"d":"2025-08-30","day":"Sat","time":"10:20","desc":"INTENTIONAL AGGRAVATED ASSAULT","res":"closed"}]}},{"type":"Feature","geometry":{"type":"Polygon","coordinates":[[[-86.60933565725824,36.04759600109821],[-86.60787871193783,36.04886093247321],[-86.60852040377915,36.05062802499871],[-86.61061912006782,36.05113020498979],[-86.61207610455061,36.04986525721866],[-86.61143433358315,36.04809814585309],[-86.60933565725824,36.04759600109821],[-86.60933565725824,36.04759600109821]]]},"properties":{"h3":"89264d145cfffff","count":1,"c3":0,"c6":0,"c12":0,"c24":1,"score":0.5,"risk":2,"peakDay":"Saturday","peakTime":"afternoon","hood":"","bk12":{"morning":0,"afternoon":0,"evening":0,"night":0},"bk24":{"morning":0,"afternoon":1,"evening":0,"night":0},"recent":[{"d":"2025-08-30","day":"Sat","time":"12:14","desc":"Assault, Aggravated - Deadly Weapon - Int/Kn","res":"unsolved"}]}},{"type":"Feature","geometry":{"type":"Polygon","coordinates":[[[-86.60353391569951,36.16879158225053],[-86.60207528067409,36.17005456199033],[-86.60271758653631,36.17182071060603],[-86.60481860673706,36.172323898322276],[-86.60627728103037,36.17106090228659],[-86.60563489585583,36.16929473483103],[-86.60353391569951,36.16879158225053],[-86.60353391569951,36.16879158225053]]]},"properties":{"h3":"89264d8c353ffff","count":1,"c3":0,"c6":0,"c12":0,"c24":1,"score":0.5,"risk":2,"peakDay":"Saturday","peakTime":"afternoon","hood":"","bk12":{"morning":0,"afternoon":0,"evening":0,"night":0},"bk24":{"morning":0,"afternoon":1,"evening":0,"night":0},"recent":[{"d":"2025-08-30","day":"Sat","time":"15:40","desc":"INTENTIONAL AGGRAVATED ASSAULT","res":"closed"}]}},{"type":"Feature","geometry":{"type":"Polygon","coordinates":[[[-86.73873775517568,36.10268317599338],[-86.7372796985583,36.10394966968225],[-86.73792478323986,36.105716814066156],[-86.74002800372968,36.10621748338187],[-86.74148609924234,36.10495097323688],[-86.74084093537068,36.103183810232785],[-86.73873775517568,36.10268317599338],[-86.73873775517568,36.10268317599338]]]},"properties":{"h3":"89264d108cbffff","count":1,"c3":0,"c6":0,"c12":0,"c24":1,"score":0.5,"risk":2,"peakDay":"Saturday","peakTime":"evening","hood":"","bk12":{"morning":0,"afternoon":0,"evening":0,"night":0},"bk24":{"morning":0,"afternoon":0,"evening":1,"night":0},"recent":[{"d":"2025-08-30","day":"Sat","time":"19:25","desc":"INTENTIONAL AGGRAVATED ASSAULT","res":"closed"}]}},{"type":"Feature","geometry":{"type":"Polygon","coordinates":[[[-86.79017772574063,36.14879973655734],[-86.78871889028406,36.15006648175919],[-86.78936547500342,36.15183345588649],[-86.791470974432,36.15233370334309],[-86.7929298486951,36.15106694168039],[-86.7922831847239,36.14929994902242],[-86.79017772574063,36.14879973655734],[-86.79017772574063,36.14879973655734]]]},"properties":{"h3":"89264d102c7ffff","count":4,"c3":0,"c6":0,"c12":2,"c24":4,"score":2.1,"risk":10,"peakDay":"Saturday","peakTime":"evening","hood":"","bk12":{"morning":0,"afternoon":1,"evening":1,"night":0},"bk24":{"morning":0,"afternoon":1,"evening":2,"night":1},"recent":[{"d":"2026-01-24","day":"Sat","time":"12:30","desc":"ROBBERY","res":"unsolved"},{"d":"2025-10-30","day":"Thu","time":"20:30","desc":"INTENTIONAL AGGRAVATED ASSAULT","res":"unsolved"},{"d":"2025-09-08","day":"Mon","time":"02:50","desc":"AGGRAV ASSLT - NONFAMILY-GUN","res":"unsolved"},{"d":"2025-08-30","day":"Sat","time":"20:00","desc":"INTENTIONAL AGGRAVATED ASSAULT","res":"unsolved"}]}},{"type":"Feature","geometry":{"type":"Polygon","coordinates":[[[-86.72724129025958,36.10801351686046],[-86.72578318806083,36.109279716518834],[-86.72642803485354,36.11104677891147],[-86.72853106304592,36.111547660285176],[-86.72998920417152,36.110281444184054],[-86.72934427817866,36.10851436315247],[-86.72724129025958,36.10801351686046],[-86.72724129025958,36.10801351686046]]]},"properties":{"h3":"89264d10c67ffff","count":1,"c3":0,"c6":0,"c12":0,"c24":1,"score":0.5,"risk":2,"peakDay":"Saturday","peakTime":"evening","hood":"","bk12":{"morning":0,"afternoon":0,"evening":0,"night":0},"bk24":{"morning":0,"afternoon":0,"evening":1,"night":0},"recent":[{"d":"2025-08-30","day":"Sat","time":"21:22","desc":"INTENTIONAL AGGRAVATED ASSAULT","res":"closed"}]}},{"type":"Feature","geometry":{"type":"Polygon","coordinates":[[[-86.82078077179695,36.18510529612901],[-86.81932134883121,36.186372055071224],[-86.81996888182292,36.18813885687012],[-86.8220759170832,36.1886389182039],[-86.82353537880904,36.18737214280493],[-86.82288776651534,36.18560532252942],[-86.82078077179695,36.18510529612901],[-86.82078077179695,36.18510529612901]]]},"properties":{"h3":"89264d11493ffff","count":1,"c3":0,"c6":0,"c12":0,"c24":1,"score":0.5,"risk":2,"peakDay":"Sunday","peakTime":"morning","hood":"","bk12":{"morning":0,"afternoon":0,"evening":0,"night":0},"bk24":{"morning":1,"afternoon":0,"evening":0,"night":0},"recent":[{"d":"2025-08-31","day":"Sun","time":"09:45","desc":"INTENTIONAL AGGRAVATED ASSAULT","res":"closed"}]}},{"type":"Feature","geometry":{"type":"Polygon","coordinates":[[[-86.70771821356568,36.28074435688875],[-86.7062577267659,36.28200755819735],[-86.70690318922777,36.283773215414506],[-86.70900921795831,36.284275689980056],[-86.71046974386184,36.28301247237949],[-86.70982420193192,36.281246796505826],[-86.70771821356568,36.28074435688875],[-86.70771821356568,36.28074435688875]]]},"properties":{"h3":"89264d8810bffff","count":1,"c3":0,"c6":0,"c12":0,"c24":1,"score":0.5,"risk":2,"peakDay":"Sunday","peakTime":"evening","hood":"","bk12":{"morning":0,"afternoon":0,"evening":0,"night":0},"bk24":{"morning":0,"afternoon":0,"evening":1,"night":0},"recent":[{"d":"2025-08-31","day":"Sun","time":"18:13","desc":"INTENTIONAL AGGRAVATED ASSAULT","res":"closed"}]}},{"type":"Feature","geometry":{"type":"Polygon","coordinates":[[[-86.94298897509738,36.067150190626485],[-86.94153091370092,36.068421003020596],[-86.94218058838236,36.07018913953689],[-86.9442884035601,36.07068648194136],[-86.94574650333422,36.069415652901576],[-86.94509674955376,36.0676474981035],[-86.94298897509738,36.067150190626485],[-86.94298897509738,36.067150190626485]]]},"properties":{"h3":"89264d19dabffff","count":1,"c3":0,"c6":0,"c12":0,"c24":1,"score":0.5,"risk":2,"peakDay":"Sunday","peakTime":"night","hood":"","bk12":{"morning":0,"afternoon":0,"evening":0,"night":0},"bk24":{"morning":0,"afternoon":0,"evening":0,"night":1},"recent":[{"d":"2025-08-31","day":"Sun","time":"22:00","desc":"AGGRAV ASSLT - FAMILY-WEAPON","res":"closed"}]}},{"type":"Feature","geometry":{"type":"Polygon","coordinates":[[[-86.62904722620264,36.186185045164684],[-86.62758827849112,36.18744823297723],[-86.62823129461522,36.18921434085404],[-86.63033333778682,36.189717279714685],[-86.63179232471867,36.18845407559938],[-86.63114922925938,36.18668794892666],[-86.62904722620264,36.186185045164684],[-86.62904722620264,36.186185045164684]]]},"properties":{"h3":"89264d8d52fffff","count":1,"c3":0,"c6":0,"c12":0,"c24":1,"score":0.5,"risk":2,"peakDay":"Monday","peakTime":"night","hood":"","bk12":{"morning":0,"afternoon":0,"evening":0,"night":0},"bk24":{"morning":0,"afternoon":0,"evening":0,"night":1},"recent":[{"d":"2025-09-01","day":"Mon","time":"00:50","desc":"INTENTIONAL AGGRAVATED ASSAULT","res":"closed"}]}},{"type":"Feature","geometry":{"type":"Polygon","coordinates":[[[-86.60910966824476,36.07335695248005],[-86.60765236153125,36.07462148858054],[-86.6082942074734,36.07638838545296],[-86.61039343929535,36.07689076506375],[-86.61185078519124,36.07562621258769],[-86.61120886008356,36.07385929687685],[-86.60910966824476,36.07335695248005],[-86.60910966824476,36.07335695248005]]]},"properties":{"h3":"89264d16237ffff","count":1,"c3":0,"c6":0,"c12":0,"c24":1,"score":0.5,"risk":2,"peakDay":"Monday","peakTime":"morning","hood":"","bk12":{"morning":0,"afternoon":0,"evening":0,"night":0},"bk24":{"morning":1,"afternoon":0,"evening":0,"night":0},"recent":[{"d":"2025-09-01","day":"Mon","time":"07:00","desc":"Assault, Aggravated - Deadly Weapon - Int/Kn","res":"closed"}]}},{"type":"Feature","geometry":{"type":"Polygon","coordinates":[[[-86.77173086774869,36.12989466488735],[-86.77027234471014,36.13116135607651],[-86.77091837664533,36.13292841000857],[-86.77302301084596,36.13342879131494],[-86.77448157272116,36.13216208366478],[-86.77383546155986,36.13039501116974],[-86.77173086774869,36.12989466488735],[-86.77173086774869,36.12989466488735]]]},"properties":{"h3":"89264d1031bffff","count":1,"c3":0,"c6":0,"c12":0,"c24":1,"score":0.5,"risk":2,"peakDay":"Monday","peakTime":"evening","hood":"","bk12":{"morning":0,"afternoon":0,"evening":0,"night":0},"bk24":{"morning":0,"afternoon":0,"evening":1,"night":0},"recent":[{"d":"2025-09-01","day":"Mon","time":"17:00","desc":"AGGRAV ASSLT - NONFAMILY-GUN","res":"closed"}]}},{"type":"Feature","geometry":{"type":"Polygon","coordinates":[[[-86.70810889230077,36.02921902199894],[-86.70665194632012,36.03048606285121],[-86.70729585271727,36.032253654819684],[-86.70939678417885,36.032754224613264],[-86.7108537690729,36.03148716727132],[-86.71020978359275,36.029719556625956],[-86.70810889230077,36.02921902199894],[-86.70810889230077,36.02921902199894]]]},"properties":{"h3":"89264d153c3ffff","count":1,"c3":0,"c6":0,"c12":0,"c24":1,"score":0.5,"risk":2,"peakDay":"Monday","peakTime":"evening","hood":"","bk12":{"morning":0,"afternoon":0,"evening":0,"night":0},"bk24":{"morning":0,"afternoon":0,"evening":1,"night":0},"recent":[{"d":"2025-09-01","day":"Mon","time":"19:00","desc":"AGGRAV ASSLT - NONFAMILY-GUN","res":"unsolved"}]}},{"type":"Feature","geometry":{"type":"Polygon","coordinates":[[[-86.78142450043872,36.15639951316088],[-86.77996557996893,36.15766598050898],[-86.78061200570885,36.159432865062364],[-86.7827174311843,36.159933300812746],[-86.78417639048729,36.15866681701672],[-86.78352988548241,36.156899913918714],[-86.78142450043872,36.15639951316088],[-86.78142450043872,36.15639951316088]]]},"properties":{"h3":"89264d1062bffff","count":1,"c3":0,"c6":0,"c12":0,"c24":1,"score":0.5,"risk":2,"peakDay":"Tuesday","peakTime":"night","hood":"","bk12":{"morning":0,"afternoon":0,"evening":0,"night":0},"bk24":{"morning":0,"afternoon":0,"evening":0,"night":1},"recent":[{"d":"2025-09-02","day":"Tue","time":"00:15","desc":"ASSAULT, AGGRAVATED - STRANGULATION-INT/KN","res":"closed"}]}},{"type":"Feature","geometry":{"type":"Polygon","coordinates":[[[-86.75140631840262,36.20571204351234],[-86.74994677899251,36.20697720268729],[-86.75059280435323,36.208743599553046],[-86.75269844847045,36.20924485583483],[-86.7541580268229,36.20797968027445],[-86.75351192211657,36.2062132648182],[-86.75140631840262,36.20571204351234],[-86.75140631840262,36.20571204351234]]]},"properties":{"h3":"89264d12663ffff","count":1,"c3":0,"c6":0,"c12":0,"c24":1,"score":0.5,"risk":2,"peakDay":"Tuesday","peakTime":"night","hood":"","bk12":{"morning":0,"afternoon":0,"evening":0,"night":0},"bk24":{"morning":0,"afternoon":0,"evening":0,"night":1},"recent":[{"d":"2025-09-02","day":"Tue","time":"02:26","desc":"ROBBERY","res":"closed"}]}},{"type":"Feature","geometry":{"type":"Polygon","coordinates":[[[-86.74152506588,36.20497191422238],[-86.7400655619972,36.20623690152356],[-86.74071134960106,36.20800326897025],[-86.74281672043467,36.20850466772328],[-86.74427626328297,36.207239664043975],[-86.74363039633297,36.20547327799025],[-86.74152506588,36.20497191422238],[-86.74152506588,36.20497191422238]]]},"properties":{"h3":"89264d12623ffff","count":1,"c3":0,"c6":0,"c12":0,"c24":1,"score":0.5,"risk":2,"peakDay":"Tuesday","peakTime":"afternoon","hood":"","bk12":{"morning":0,"afternoon":0,"evening":0,"night":0},"bk24":{"morning":0,"afternoon":1,"evening":0,"night":0},"recent":[{"d":"2025-09-02","day":"Tue","time":"15:39","desc":"AGGRAV ASSLT - NONFAMILY-GUN","res":"closed"}]}},{"type":"Feature","geometry":{"type":"Polygon","coordinates":[[[-86.69774040005719,36.04288902050438],[-86.69628328894606,36.04415566211215],[-86.69692703579041,36.045923113167206],[-86.69902797285215,36.04642394130814],[-86.70048512291166,36.0451572832298],[-86.69984129696184,36.04338981348158],[-86.69774040005719,36.04288902050438],[-86.69774040005719,36.04288902050438]]]},"properties":{"h3":"89264d15003ffff","count":2,"c3":0,"c6":0,"c12":1,"c24":2,"score":1,"risk":5,"peakDay":"Tuesday","peakTime":"night","hood":"","bk12":{"morning":1,"afternoon":0,"evening":0,"night":0},"bk24":{"morning":1,"afternoon":0,"evening":0,"night":1},"recent":[{"d":"2025-10-13","day":"Mon","time":"09:30","desc":"INTENTIONAL AGGRAVATED ASSAULT","res":"closed"},{"d":"2025-09-02","day":"Tue","time":"22:31","desc":"INTENTIONAL AGGRAVATED ASSAULT","res":"closed"}]}},{"type":"Feature","geometry":{"type":"Polygon","coordinates":[[[-86.80976431361387,36.1760375877523],[-86.80830504573788,36.1773042808717],[-86.80895226230592,36.17907111405863],[-86.81105882604082,36.179571272622375],[-86.81251813269665,36.178304563047895],[-86.81187083683852,36.17653771136523],[-86.80976431361387,36.1760375877523],[-86.80976431361387,36.1760375877523]]]},"properties":{"h3":"89264d1337bffff","count":1,"c3":0,"c6":0,"c12":0,"c24":1,"score":0.5,"risk":2,"peakDay":"Wednesday","peakTime":"night","hood":"","bk12":{"morning":0,"afternoon":0,"evening":0,"night":0},"bk24":{"morning":0,"afternoon":0,"evening":0,"night":1},"recent":[{"d":"2025-09-03","day":"Wed","time":"01:30","desc":"INTENTIONAL AGGRAVATED ASSAULT","res":"closed"}]}},{"type":"Feature","geometry":{"type":"Polygon","coordinates":[[[-86.62852291489872,36.06348015245616],[-86.62706569554251,36.064745198612435],[-86.62770793817778,36.06651224151731],[-86.62980747931756,36.06701425707329],[-86.63126473780251,36.065749194518084],[-86.6306224160197,36.0639821328063],[-86.62852291489872,36.06348015245616],[-86.62852291489872,36.06348015245616]]]},"properties":{"h3":"89264d144cfffff","count":1,"c3":0,"c6":0,"c12":0,"c24":1,"score":0.5,"risk":2,"peakDay":"Wednesday","peakTime":"morning","hood":"","bk12":{"morning":0,"afternoon":0,"evening":0,"night":0},"bk24":{"morning":1,"afternoon":0,"evening":0,"night":0},"recent":[{"d":"2025-09-03","day":"Wed","time":"07:10","desc":"ASSAULT, AGGRAVATED - DEADLY WEAPON - RECKLESS FROM MOT VEH","res":"closed"}]}},{"type":"Feature","geometry":{"type":"Polygon","coordinates":[[[-86.74617052558733,36.112520138484044],[-86.74471231170173,36.113786620368025],[-86.74535763282388,36.11555371618883],[-86.74746124703628,36.11605434873314],[-86.74891949980675,36.11478785039486],[-86.74827409948074,36.11302073596705],[-86.74617052558733,36.112520138484044],[-86.74617052558733,36.112520138484044]]]},"properties":{"h3":"89264d10e17ffff","count":1,"c3":0,"c6":0,"c12":0,"c24":1,"score":0.5,"risk":2,"peakDay":"Wednesday","peakTime":"morning","hood":"","bk12":{"morning":0,"afternoon":0,"evening":0,"night":0},"bk24":{"morning":1,"afternoon":0,"evening":0,"night":0},"recent":[{"d":"2025-09-03","day":"Wed","time":"10:30","desc":"AGGRAV ASSLT - POL OFF-WEAPON","res":"closed"}]}},{"type":"Feature","geometry":{"type":"Polygon","coordinates":[[[-86.69753619188806,36.06866246579653],[-86.69607871928407,36.06992871269207],[-86.69672262124996,36.07169596767985],[-86.69882407496546,36.07219699446413],[-86.70028158653768,36.07093073111854],[-86.69963760542697,36.06916345743921],[-86.69753619188806,36.06866246579653],[-86.69753619188806,36.06866246579653]]]},"properties":{"h3":"89264d154cfffff","count":1,"c3":0,"c6":0,"c12":0,"c24":1,"score":0.5,"risk":2,"peakDay":"Wednesday","peakTime":"afternoon","hood":"","bk12":{"morning":0,"afternoon":0,"evening":0,"night":0},"bk24":{"morning":0,"afternoon":1,"evening":0,"night":0},"recent":[{"d":"2025-09-03","day":"Wed","time":"14:25","desc":"AGGRAV ASSLT - FAMILY-WEAPON","res":"closed"}]}},{"type":"Feature","geometry":{"type":"Polygon","coordinates":[[[-86.81008197700488,36.187404905002694],[-86.80862254821646,36.18867143072826],[-86.80926984329135,36.19043817706208],[-86.81137664646283,36.19093841616507],[-86.81283611403882,36.189671873993056],[-86.81218873965653,36.187905109164994],[-86.81008197700488,36.187404905002694],[-86.81008197700488,36.187404905002694]]]},"properties":{"h3":"89264d133cbffff","count":4,"c3":0,"c6":0,"c12":3,"c24":4,"score":2.3,"risk":11,"peakDay":"Tuesday","peakTime":"morning","hood":"","bk12":{"morning":3,"afternoon":0,"evening":0,"night":0},"bk24":{"morning":3,"afternoon":1,"evening":0,"night":0},"recent":[{"d":"2026-02-17","day":"Tue","time":"07:35","desc":"INTENTIONAL AGGRAVATED ASSAULT","res":"closed"},{"d":"2026-02-17","day":"Tue","time":"06:45","desc":"INTENTIONAL AGGRAVATED ASSAULT","res":"closed"},{"d":"2025-10-18","day":"Sat","time":"10:10","desc":"INTENTIONAL AGGRAVATED ASSAULT","res":"closed"},{"d":"2025-09-03","day":"Wed","time":"16:46","desc":"INTENTIONAL AGGRAVATED ASSAULT","res":"unsolved"}]}},{"type":"Feature","geometry":{"type":"Polygon","coordinates":[[[-86.68766075721534,36.16794092217196],[-86.6862019134291,36.16920547573768],[-86.68684619943693,36.170971936183385],[-86.68894940853001,36.17147386176378],[-86.69040829138282,36.170209291834006],[-86.68976392607682,36.16844281268836],[-86.68766075721534,36.16794092217196],[-86.68766075721534,36.16794092217196]]]},"properties":{"h3":"89264d12c13ffff","count":1,"c3":0,"c6":0,"c12":0,"c24":1,"score":0.5,"risk":2,"peakDay":"Thursday","peakTime":"afternoon","hood":"","bk12":{"morning":0,"afternoon":0,"evening":0,"night":0},"bk24":{"morning":0,"afternoon":1,"evening":0,"night":0},"recent":[{"d":"2025-09-04","day":"Thu","time":"14:10","desc":"INTENTIONAL AGGRAVATED ASSAULT","res":"unsolved"}]}},{"type":"Feature","geometry":{"type":"Polygon","coordinates":[[[-86.81446017808494,36.18360504977297],[-86.81300079194081,36.18487171452352],[-86.81364816651576,36.18663850570042],[-86.81575500653653,36.18713865061453],[-86.81721443145487,36.18587196941107],[-86.81656697757907,36.184105159746906],[-86.81446017808494,36.18360504977297],[-86.81446017808494,36.18360504977297]]]},"properties":{"h3":"89264d1335bffff","count":1,"c3":0,"c6":0,"c12":0,"c24":1,"score":0.5,"risk":2,"peakDay":"Thursday","peakTime":"afternoon","hood":"","bk12":{"morning":0,"afternoon":0,"evening":0,"night":0},"bk24":{"morning":0,"afternoon":1,"evening":0,"night":0},"recent":[{"d":"2025-09-04","day":"Thu","time":"16:00","desc":"AGGRAV ASSLT - POL OFF-GUN","res":"closed"}]}},{"type":"Feature","geometry":{"type":"Polygon","coordinates":[[[-86.653544824708,36.232346552213805],[-86.65208516161604,36.233609489247954],[-86.65272904316848,36.23537532909863],[-86.65483266721594,36.235878250666715],[-86.65629236950471,36.23461529734629],[-86.65564840855001,36.23284943874454],[-86.653544824708,36.232346552213805],[-86.653544824708,36.232346552213805]]]},"properties":{"h3":"89264d8f247ffff","count":1,"c3":0,"c6":0,"c12":0,"c24":1,"score":0.5,"risk":2,"peakDay":"Thursday","peakTime":"afternoon","hood":"","bk12":{"morning":0,"afternoon":0,"evening":0,"night":0},"bk24":{"morning":0,"afternoon":1,"evening":0,"night":0},"recent":[{"d":"2025-09-04","day":"Thu","time":"16:38","desc":"Assault, Aggravated - Deadly Weapon - Int/Kn","res":"closed"}]}},{"type":"Feature","geometry":{"type":"Polygon","coordinates":[[[-86.65415112514428,36.01796298499126],[-86.65269447752085,36.01922919650267],[-86.653337042523,36.020996676875654],[-86.6554363342237,36.02149796450533],[-86.65689302088062,36.020231736538435],[-86.65625037680417,36.0184642373978],[-86.65415112514428,36.01796298499126],[-86.65415112514428,36.01796298499126]]]},"properties":{"h3":"89264d15c83ffff","count":1,"c3":0,"c6":0,"c12":0,"c24":1,"score":0.5,"risk":2,"peakDay":"Thursday","peakTime":"evening","hood":"","bk12":{"morning":0,"afternoon":0,"evening":0,"night":0},"bk24":{"morning":0,"afternoon":0,"evening":1,"night":0},"recent":[{"d":"2025-09-04","day":"Thu","time":"19:52","desc":"INTENTIONAL AGGRAVATED ASSAULT","res":"closed"}]}},{"type":"Feature","geometry":{"type":"Polygon","coordinates":[[[-86.71941421343894,36.14970715409847],[-86.71795554461244,36.15097257427361],[-86.71860046624316,36.15273928909237],[-86.72070413596632,36.153240602385026],[-86.72216284376967,36.151975165806135],[-86.7215178428738,36.150208432338815],[-86.71941421343894,36.14970715409847],[-86.71941421343894,36.14970715409847]]]},"properties":{"h3":"89264d12e6fffff","count":1,"c3":0,"c6":0,"c12":0,"c24":1,"score":0.5,"risk":2,"peakDay":"Friday","peakTime":"morning","hood":"","bk12":{"morning":0,"afternoon":0,"evening":0,"night":0},"bk24":{"morning":1,"afternoon":0,"evening":0,"night":0},"recent":[{"d":"2025-09-05","day":"Fri","time":"09:30","desc":"INTENTIONAL AGGRAVATED ASSAULT","res":"unsolved"}]}},{"type":"Feature","geometry":{"type":"Polygon","coordinates":[[[-86.77248480838556,36.189761568545414],[-86.77102544051628,36.19102736178507],[-86.77167186358999,36.192793957009506],[-86.77377773385133,36.19329477755149],[-86.7752371406003,36.19202896789713],[-86.77459063820905,36.19026235411596],[-86.77248480838556,36.189761568545414],[-86.77248480838556,36.189761568545414]]]},"properties":{"h3":"89264d1318fffff","count":1,"c3":0,"c6":0,"c12":0,"c24":1,"score":0.5,"risk":2,"peakDay":"Friday","peakTime":"afternoon","hood":"","bk12":{"morning":0,"afternoon":0,"evening":0,"night":0},"bk24":{"morning":0,"afternoon":1,"evening":0,"night":0},"recent":[{"d":"2025-09-05","day":"Fri","time":"13:00","desc":"INTENTIONAL AGGRAVATED ASSAULT","res":"closed"}]}},{"type":"Feature","geometry":{"type":"Polygon","coordinates":[[[-86.6110353639411,36.07865765480792],[-86.60957797759544,36.079922146102206],[-86.61021990177818,36.0816890098712],[-86.61231929148066,36.082191401181205],[-86.61377671700814,36.080926893514004],[-86.61313471365206,36.07916001091021],[-86.6110353639411,36.07865765480792],[-86.6110353639411,36.07865765480792]]]},"properties":{"h3":"89264d162abffff","count":1,"c3":0,"c6":0,"c12":0,"c24":1,"score":0.5,"risk":2,"peakDay":"Friday","peakTime":"afternoon","hood":"","bk12":{"morning":0,"afternoon":0,"evening":0,"night":0},"bk24":{"morning":0,"afternoon":1,"evening":0,"night":0},"recent":[{"d":"2025-09-05","day":"Fri","time":"14:24","desc":"INTENTIONAL AGGRAVATED ASSAULT","res":"closed"}]}},{"type":"Feature","geometry":{"type":"Polygon","coordinates":[[[-86.7056696510459,36.03832265973279],[-86.70421258356146,36.03958951746332],[-86.70485648895259,36.041357031794874],[-86.70695754092624,36.04185770707665],[-86.70841464733672,36.04059083286558],[-86.70777066284833,36.03882329985375],[-86.7056696510459,36.03832265973279],[-86.7056696510459,36.03832265973279]]]},"properties":{"h3":"89264d1507bffff","count":1,"c3":0,"c6":0,"c12":0,"c24":1,"score":0.5,"risk":2,"peakDay":"Friday","peakTime":"night","hood":"","bk12":{"morning":0,"afternoon":0,"evening":0,"night":0},"bk24":{"morning":0,"afternoon":0,"evening":0,"night":1},"recent":[{"d":"2025-09-05","day":"Fri","time":"22:32","desc":"ASSAULT, AGG - DEADLY WEAPON - RECKLESS-IN CONCERT","res":"closed"}]}},{"type":"Feature","geometry":{"type":"Polygon","coordinates":[[[-86.65942156045537,36.04827208813327],[-86.65796447347547,36.04953793795407],[-86.65860735044492,36.05130520890752],[-86.66070739351474,36.051806648797246],[-86.66216451953841,36.050540782540715],[-86.66152156344927,36.04877349283066],[-86.65942156045537,36.04827208813327],[-86.65942156045537,36.04827208813327]]]},"properties":{"h3":"89264d155b7ffff","count":3,"c3":0,"c6":0,"c12":0,"c24":3,"score":1.4,"risk":7,"peakDay":"Saturday","peakTime":"morning","hood":"","bk12":{"morning":0,"afternoon":0,"evening":0,"night":0},"bk24":{"morning":2,"afternoon":0,"evening":0,"night":1},"recent":[{"d":"2025-09-15","day":"Mon","time":"09:00","desc":"ROBBERY, AGGRAVATED, LONG GUN","res":"unsolved"},{"d":"2025-09-09","day":"Tue","time":"09:20","desc":"Assault, Aggravated - Deadly Weapon - Int/Kn","res":"closed"},{"d":"2025-09-06","day":"Sat","time":"00:10","desc":"INTENTIONAL AGGRAVATED ASSAULT","res":"unsolved"}]}},{"type":"Feature","geometry":{"type":"Polygon","coordinates":[[[-86.70851894993075,36.077735340791676],[-86.70706132148294,36.079001653489904],[-86.70770553869282,36.08076887925056],[-86.7098074635082,36.081269810986015],[-86.7112651309048,36.08000348183613],[-86.71062083453802,36.07823623740293],[-86.70851894993075,36.077735340791676],[-86.70851894993075,36.077735340791676]]]},"properties":{"h3":"89264d10907ffff","count":2,"c3":0,"c6":0,"c12":0,"c24":2,"score":0.9,"risk":5,"peakDay":"Saturday","peakTime":"night","hood":"","bk12":{"morning":0,"afternoon":0,"evening":0,"night":0},"bk24":{"morning":0,"afternoon":0,"evening":0,"night":2},"recent":[{"d":"2025-09-07","day":"Sun","time":"00:00","desc":"INTENTIONAL AGGRAVATED ASSAULT","res":"unsolved"},{"d":"2025-09-06","day":"Sat","time":"04:47","desc":"ROBBERY, AGGRAVATED, KNIFE","res":"unsolved"}]}},{"type":"Feature","geometry":{"type":"Polygon","coordinates":[[[-86.69204599225989,36.064125842154226],[-86.6905885976069,36.06539205615083],[-86.69123234199087,36.067159325679306],[-86.69333356016739,36.06766039991273],[-86.69479099379829,36.066394169466875],[-86.69414717027557,36.064626881237345],[-86.69204599225989,36.064125842154226],[-86.69204599225989,36.064125842154226]]]},"properties":{"h3":"89264d15403ffff","count":2,"c3":0,"c6":0,"c12":1,"c24":2,"score":1,"risk":5,"peakDay":"Saturday","peakTime":"night","hood":"","bk12":{"morning":0,"afternoon":0,"evening":0,"night":1},"bk24":{"morning":0,"afternoon":0,"evening":0,"night":2},"recent":[{"d":"2025-11-07","day":"Fri","time":"23:06","desc":"INTENTIONAL AGGRAVATED ASSAULT","res":"closed"},{"d":"2025-09-06","day":"Sat","time":"22:00","desc":"Assault, Aggravated - Deadly Weapon - Int/Kn","res":"closed"}]}},{"type":"Feature","geometry":{"type":"Polygon","coordinates":[[[-86.87201977853577,36.34560254394654],[-86.87055796444139,36.34686779676296],[-86.87120771226157,36.3486335192138],[-86.87331935371589,36.34913400722532],[-86.87478120656687,36.34786873803615],[-86.87413137920774,36.3461029972087],[-86.87201977853577,36.34560254394654],[-86.87201977853577,36.34560254394654]]]},"properties":{"h3":"89264dd5917ffff","count":1,"c3":0,"c6":0,"c12":0,"c24":1,"score":0.5,"risk":2,"peakDay":"Saturday","peakTime":"night","hood":"","bk12":{"morning":0,"afternoon":0,"evening":0,"night":0},"bk24":{"morning":0,"afternoon":0,"evening":0,"night":1},"recent":[{"d":"2025-09-06","day":"Sat","time":"23:53","desc":"INTENTIONAL AGGRAVATED ASSAULT","res":"closed"}]}},{"type":"Feature","geometry":{"type":"Polygon","coordinates":[[[-86.72113123417026,36.08074030689785],[-86.71967353106093,36.08200680767364],[-86.72031806425704,36.08377405606803],[-86.72242037972273,36.08427482233837],[-86.72387812175302,36.08300830510319],[-86.72323350939743,36.08124103805754],[-86.72113123417026,36.08074030689785],[-86.72113123417026,36.08074030689785]]]},"properties":{"h3":"89264d10943ffff","count":1,"c3":0,"c6":0,"c12":0,"c24":1,"score":0.5,"risk":2,"peakDay":"Sunday","peakTime":"morning","hood":"","bk12":{"morning":0,"afternoon":0,"evening":0,"night":0},"bk24":{"morning":1,"afternoon":0,"evening":0,"night":0},"recent":[{"d":"2025-09-07","day":"Sun","time":"07:00","desc":"INTENTIONAL AGGRAVATED ASSAULT","res":"closed"}]}},{"type":"Feature","geometry":{"type":"Polygon","coordinates":[[[-86.77492339721006,36.18066387725066],[-86.77346415137873,36.181929854416815],[-86.77411057519281,36.183696528650955],[-86.77621632414227,36.18419724427284],[-86.7776756088406,36.18293125068291],[-86.77702910572329,36.18116455789534],[-86.77492339721006,36.18066387725066],[-86.77492339721006,36.18066387725066]]]},"properties":{"h3":"89264d1313bffff","count":1,"c3":0,"c6":0,"c12":0,"c24":1,"score":0.5,"risk":2,"peakDay":"Sunday","peakTime":"evening","hood":"","bk12":{"morning":0,"afternoon":0,"evening":0,"night":0},"bk24":{"morning":0,"afternoon":0,"evening":1,"night":0},"recent":[{"d":"2025-09-07","day":"Sun","time":"17:08","desc":"AGGRAV ASSLT - NONFAMILY-GUN","res":"closed"}]}},{"type":"Feature","geometry":{"type":"Polygon","coordinates":[[[-86.62793414423822,36.17785714669978],[-86.62647531684173,36.17912044097352],[-86.62711825495963,36.18088660889789],[-86.62922009979737,36.181389501347475],[-86.6306789664105,36.18012619076535],[-86.63003594897003,36.178360004042496],[-86.62793414423822,36.17785714669978],[-86.62793414423822,36.17785714669978]]]},"properties":{"h3":"89264d8d1b3ffff","count":1,"c3":0,"c6":0,"c12":0,"c24":1,"score":0.5,"risk":2,"peakDay":"Sunday","peakTime":"evening","hood":"","bk12":{"morning":0,"afternoon":0,"evening":0,"night":0},"bk24":{"morning":0,"afternoon":0,"evening":1,"night":0},"recent":[{"d":"2025-09-07","day":"Sun","time":"20:00","desc":"ROBBERY","res":"unsolved"}]}},{"type":"Feature","geometry":{"type":"Polygon","coordinates":[[[-86.81965009972406,36.17677105013056],[-86.81819079695366,36.17803791516162],[-86.81883825120191,36.17980477749583],[-86.82094508751086,36.18030479327862],[-86.82240442903786,36.179037911785215],[-86.82175689550016,36.17727103097182],[-86.81965009972406,36.17677105013056],[-86.81965009972406,36.17677105013056]]]},"properties":{"h3":"89264d114bbffff","count":2,"c3":0,"c6":0,"c12":1,"c24":2,"score":1.1,"risk":5,"peakDay":"Sunday","peakTime":"evening","hood":"","bk12":{"morning":0,"afternoon":1,"evening":0,"night":0},"bk24":{"morning":0,"afternoon":1,"evening":1,"night":0},"recent":[{"d":"2026-01-15","day":"Thu","time":"15:55","desc":"Assault, Aggravated - Deadly Weapon - Int/Kn","res":"unsolved"},{"d":"2025-09-07","day":"Sun","time":"20:26","desc":"INTENTIONAL AGGRAVATED ASSAULT","res":"unsolved"}]}},{"type":"Feature","geometry":{"type":"Polygon","coordinates":[[[-86.57157063985527,36.03855271860904],[-86.57011392258251,36.03981708662381],[-86.57075466789436,36.041584107874684],[-86.5728522095975,36.04208678001487],[-86.5743089661154,36.04082239562715],[-86.5736681416858,36.03905535547269],[-86.57157063985527,36.03855271860904],[-86.57157063985527,36.03855271860904]]]},"properties":{"h3":"89264d16e27ffff","count":1,"c3":0,"c6":0,"c12":0,"c24":1,"score":0.5,"risk":2,"peakDay":"Sunday","peakTime":"night","hood":"","bk12":{"morning":0,"afternoon":0,"evening":0,"night":0},"bk24":{"morning":0,"afternoon":0,"evening":0,"night":1},"recent":[{"d":"2025-09-07","day":"Sun","time":"22:33","desc":"AGGRAV ASSLT - FAMILY-WEAPON","res":"closed"}]}},{"type":"Feature","geometry":{"type":"Polygon","coordinates":[[[-86.74202868148646,36.19057787076194],[-86.7405693792086,36.19184308708717],[-86.74121508892479,36.1936095677378],[-86.7433201802437,36.194110850671116],[-86.74477952147501,36.19284561795609],[-86.7441337324348,36.19107911869801],[-86.74202868148646,36.19057787076194],[-86.74202868148646,36.19057787076194]]]},"properties":{"h3":"89264d122a3ffff","count":1,"c3":0,"c6":0,"c12":0,"c24":1,"score":0.5,"risk":2,"peakDay":"Sunday","peakTime":"night","hood":"","bk12":{"morning":0,"afternoon":0,"evening":0,"night":0},"bk24":{"morning":0,"afternoon":0,"evening":0,"night":1},"recent":[{"d":"2025-09-07","day":"Sun","time":"23:30","desc":"AGGRAV ASSLT - FAMILY-GUN","res":"closed"}]}},{"type":"Feature","geometry":{"type":"Polygon","coordinates":[[[-86.64275025020359,36.06042676133567],[-86.64129303623352,36.061692117665054],[-86.64193559544881,36.063459235762345],[-86.64403544777569,36.063961016314195],[-86.64549270083839,36.06269564357205],[-86.64485006248235,36.060928506691305],[-86.64275025020359,36.06042676133567],[-86.64275025020359,36.06042676133567]]]},"properties":{"h3":"89264d14683ffff","count":2,"c3":0,"c6":0,"c12":1,"c24":2,"score":1.1,"risk":5,"peakDay":"Monday","peakTime":"night","hood":"","bk12":{"morning":1,"afternoon":0,"evening":0,"night":0},"bk24":{"morning":1,"afternoon":0,"evening":0,"night":1},"recent":[{"d":"2026-01-04","day":"Sun","time":"08:00","desc":"INTENTIONAL AGGRAVATED ASSAULT","res":"closed"},{"d":"2025-09-08","day":"Mon","time":"01:24","desc":"INTENTIONAL AGGRAVATED ASSAULT","res":"closed"}]}},{"type":"Feature","geometry":{"type":"Polygon","coordinates":[[[-86.601901216383,36.17484975134668],[-86.60044250032566,36.17611260833238],[-86.60108480523684,36.17787870445744],[-86.60318590552795,36.178381962439325],[-86.6046446608617,36.17711908916382],[-86.60400227662868,36.1753529741967],[-86.601901216383,36.17484975134668],[-86.601901216383,36.17484975134668]]]},"properties":{"h3":"89264d8c3dbffff","count":1,"c3":0,"c6":0,"c12":0,"c24":1,"score":0.5,"risk":2,"peakDay":"Monday","peakTime":"afternoon","hood":"","bk12":{"morning":0,"afternoon":0,"evening":0,"night":0},"bk24":{"morning":0,"afternoon":1,"evening":0,"night":0},"recent":[{"d":"2025-09-08","day":"Mon","time":"13:13","desc":"Assault, Aggravated - Strangulation - Int/Kn","res":"closed"}]}},{"type":"Feature","geometry":{"type":"Polygon","coordinates":[[[-86.60555324759642,36.07411908547375],[-86.60409593962872,36.07538354402342],[-86.60473770640372,36.07715042205151],[-86.60683686031433,36.07765286037471],[-86.6082942074734,36.07638838545296],[-86.60765236153125,36.07462148858054],[-86.60555324759642,36.07411908547375],[-86.60555324759642,36.07411908547375]]]},"properties":{"h3":"89264d163dbffff","count":1,"c3":0,"c6":0,"c12":0,"c24":1,"score":0.5,"risk":2,"peakDay":"Monday","peakTime":"evening","hood":"","bk12":{"morning":0,"afternoon":0,"evening":0,"night":0},"bk24":{"morning":0,"afternoon":0,"evening":1,"night":0},"recent":[{"d":"2025-09-08","day":"Mon","time":"19:43","desc":"Assault, Aggravated - Deadly Weapon - Int/Kn","res":"closed"}]}},{"type":"Feature","geometry":{"type":"Polygon","coordinates":[[[-86.72376829901211,36.045862118372824],[-86.72231107909896,36.04712919711678],[-86.7229554578049,36.048896719833714],[-86.7250571355306,36.04939718245674],[-86.72651439433223,36.048130087223775],[-86.72586993652044,36.046362545857306],[-86.72376829901211,36.045862118372824],[-86.72376829901211,36.045862118372824]]]},"properties":{"h3":"89264d152d7ffff","count":1,"c3":0,"c6":0,"c12":0,"c24":1,"score":0.5,"risk":2,"peakDay":"Tuesday","peakTime":"night","hood":"","bk12":{"morning":0,"afternoon":0,"evening":0,"night":0},"bk24":{"morning":0,"afternoon":0,"evening":0,"night":1},"recent":[{"d":"2025-09-09","day":"Tue","time":"23:00","desc":"INTENTIONAL AGGRAVATED ASSAULT","res":"closed"}]}},{"type":"Feature","geometry":{"type":"Polygon","coordinates":[[[-86.78711081854463,36.13516360083746],[-86.78565218267914,36.136430496749746],[-86.78629861004625,36.1381975648867],[-86.78840375251114,36.138697755648764],[-86.7898624271803,36.13743084326738],[-86.7892159205817,36.13566375659351],[-86.78711081854463,36.13516360083746],[-86.78711081854463,36.13516360083746]]]},"properties":{"h3":"89264d1022bffff","count":1,"c3":0,"c6":0,"c12":0,"c24":1,"score":0.5,"risk":2,"peakDay":"Wednesday","peakTime":"night","hood":"","bk12":{"morning":0,"afternoon":0,"evening":0,"night":0},"bk24":{"morning":0,"afternoon":0,"evening":0,"night":1},"recent":[{"d":"2025-09-10","day":"Wed","time":"03:00","desc":"INTENTIONAL AGGRAVATED ASSAULT","res":"closed"}]}},{"type":"Feature","geometry":{"type":"Polygon","coordinates":[[[-86.58883371702706,36.22330247535026],[-86.58737435247862,36.22456434936482],[-86.58801664962023,36.22633002434678],[-86.59011839070915,36.22683384417418],[-86.5915777946019,36.22557195391835],[-86.59093541806222,36.22380626007688],[-86.58883371702706,36.22330247535026],[-86.58883371702706,36.22330247535026]]]},"properties":{"h3":"89264d8f1b7ffff","count":3,"c3":0,"c6":0,"c12":1,"c24":3,"score":1.6,"risk":8,"peakDay":"Wednesday","peakTime":"night","hood":"","bk12":{"morning":0,"afternoon":0,"evening":0,"night":1},"bk24":{"morning":1,"afternoon":0,"evening":0,"night":2},"recent":[{"d":"2026-02-25","day":"Wed","time":"22:52","desc":"Assault, Aggravated - Deadly Weapon - Int/Kn","res":"closed"},{"d":"2025-09-15","day":"Mon","time":"00:40","desc":"Assault, Aggravated - Deadly Weapon - Int/Kn","res":"closed"},{"d":"2025-09-10","day":"Wed","time":"06:02","desc":"Assault, Aggravated - Deadly Weapon - Int/Kn","res":"closed"}]}},{"type":"Feature","geometry":{"type":"Polygon","coordinates":[[[-86.78616629564655,36.1010523156559],[-86.784708141908,36.10231971261866],[-86.78535433440562,36.10408703889522],[-86.78745875982221,36.104586986750725],[-86.78891695234122,36.10331957329283],[-86.788270680664,36.101552228475065],[-86.78616629564655,36.1010523156559],[-86.78616629564655,36.1010523156559]]]},"properties":{"h3":"89264d118b7ffff","count":1,"c3":0,"c6":0,"c12":0,"c24":1,"score":0.5,"risk":2,"peakDay":"Wednesday","peakTime":"morning","hood":"","bk12":{"morning":0,"afternoon":0,"evening":0,"night":0},"bk24":{"morning":1,"afternoon":0,"evening":0,"night":0},"recent":[{"d":"2025-09-10","day":"Wed","time":"08:40","desc":"AGGRAV ASSLT - FAMILY-WEAPON","res":"closed"}]}},{"type":"Feature","geometry":{"type":"Polygon","coordinates":[[[-86.71807755282568,36.06710250144291],[-86.71662004919203,36.06836915263619],[-86.71726442568081,36.070136493710585],[-86.71936638494316,36.07063720224965],[-86.72082392749483,36.069370534588685],[-86.72017947186691,36.06760317485685],[-86.71807755282568,36.06710250144291],[-86.71807755282568,36.06710250144291]]]},"properties":{"h3":"89264d156d7ffff","count":1,"c3":0,"c6":0,"c12":0,"c24":1,"score":0.5,"risk":2,"peakDay":"Wednesday","peakTime":"afternoon","hood":"","bk12":{"morning":0,"afternoon":0,"evening":0,"night":0},"bk24":{"morning":0,"afternoon":1,"evening":0,"night":0},"recent":[{"d":"2025-09-10","day":"Wed","time":"15:10","desc":"AGGRAV ASSLT - FAMILY-WEAPON","res":"closed"}]}},{"type":"Feature","geometry":{"type":"Polygon","coordinates":[[[-86.79356129160162,36.173802416713066],[-86.79210209564212,36.175068843768656],[-86.79274891617516,36.17683563702535],[-86.79485501195805,36.17733602174991],[-86.79631424673468,36.17606957825035],[-86.79566734691211,36.1743027664707],[-86.79356129160162,36.173802416713066],[-86.79356129160162,36.173802416713066]]]},"properties":{"h3":"89264d13337ffff","count":1,"c3":0,"c6":0,"c12":0,"c24":1,"score":0.5,"risk":2,"peakDay":"Wednesday","peakTime":"evening","hood":"","bk12":{"morning":0,"afternoon":0,"evening":0,"night":0},"bk24":{"morning":0,"afternoon":0,"evening":1,"night":0},"recent":[{"d":"2025-09-10","day":"Wed","time":"17:31","desc":"Assault, Aggravated - Deadly Weapon - Reckless","res":"closed"}]}},{"type":"Feature","geometry":{"type":"Polygon","coordinates":[[[-86.6472041176577,36.09375975676271],[-86.64574642344012,36.09502468939297],[-86.64638929430284,36.09679157079278],[-86.6484899385749,36.09729353833621],[-86.64994767189961,36.09602858931593],[-86.64930472184592,36.09426168914271],[-86.6472041176577,36.09375975676271],[-86.6472041176577,36.09375975676271]]]},"properties":{"h3":"89264d1754fffff","count":1,"c3":0,"c6":0,"c12":0,"c24":1,"score":0.5,"risk":2,"peakDay":"Wednesday","peakTime":"night","hood":"","bk12":{"morning":0,"afternoon":0,"evening":0,"night":0},"bk24":{"morning":0,"afternoon":0,"evening":0,"night":1},"recent":[{"d":"2025-09-10","day":"Wed","time":"22:50","desc":"ASSAULT, AGGRAVATED-STRANGULATION AND VICTIM PREGNANT","res":"closed"}]}},{"type":"Feature","geometry":{"type":"Polygon","coordinates":[[[-86.74880064752885,36.07764422514961],[-86.74734291723875,36.07891128551372],[-86.74798808338248,36.080678656939334],[-86.7500910589673,36.08117898660671],[-86.75154882810983,36.07991190975874],[-86.75090358281591,36.07814451972775],[-86.74880064752885,36.07764422514961],[-86.74880064752885,36.07764422514961]]]},"properties":{"h3":"89264d10b5bffff","count":1,"c3":0,"c6":0,"c12":0,"c24":1,"score":0.5,"risk":2,"peakDay":"Thursday","peakTime":"morning","hood":"","bk12":{"morning":0,"afternoon":0,"evening":0,"night":0},"bk24":{"morning":1,"afternoon":0,"evening":0,"night":0},"recent":[{"d":"2025-09-11","day":"Thu","time":"09:17","desc":"AGGRAV ASSLT - NONFAMILY-GUN","res":"unsolved"}]}},{"type":"Feature","geometry":{"type":"Polygon","coordinates":[[[-86.65852515614971,36.251267375457886],[-86.6570652129816,36.25253011538293],[-86.65770932995214,36.25429582624058],[-86.65981346952213,36.25479881591474],[-86.6612734518895,36.25353605971419],[-86.66062925548839,36.25177033011547],[-86.65852515614971,36.251267375457886],[-86.65852515614971,36.251267375457886]]]},"properties":{"h3":"89264d88dbbffff","count":1,"c3":0,"c6":0,"c12":0,"c24":1,"score":0.5,"risk":2,"peakDay":"Thursday","peakTime":"night","hood":"","bk12":{"morning":0,"afternoon":0,"evening":0,"night":0},"bk24":{"morning":0,"afternoon":0,"evening":0,"night":1},"recent":[{"d":"2025-09-11","day":"Thu","time":"23:28","desc":"INTENTIONAL AGGRAVATED ASSAULT","res":"closed"}]}},{"type":"Feature","geometry":{"type":"Polygon","coordinates":[[[-86.743421748092,36.1102523951092],[-86.74196357309617,36.11151886053927],[-86.7426088153002,36.113285963862566],[-86.74471231170173,36.113786620368025],[-86.74617052558733,36.112520138484044],[-86.74552520418243,36.11075301654899],[-86.743421748092,36.1102523951092],[-86.743421748092,36.1102523951092]]]},"properties":{"h3":"89264d10eabffff","count":2,"c3":0,"c6":0,"c12":1,"c24":2,"score":1,"risk":5,"peakDay":"Friday","peakTime":"morning","hood":"","bk12":{"morning":0,"afternoon":1,"evening":0,"night":0},"bk24":{"morning":1,"afternoon":1,"evening":0,"night":0},"recent":[{"d":"2025-10-09","day":"Thu","time":"15:40","desc":"ROBBERY","res":"closed"},{"d":"2025-09-12","day":"Fri","time":"08:44","desc":"INTENTIONAL AGGRAVATED ASSAULT","res":"closed"}]}},{"type":"Feature","geometry":{"type":"Polygon","coordinates":[[[-86.76454366014458,36.031349017018435],[-86.76308654002386,36.03261707076178],[-86.76373178931628,36.034384850096664],[-86.76583423780723,36.03488459427132],[-86.76729139670807,36.033616523995086],[-86.76664606833869,36.03184872607759],[-86.76454366014458,36.031349017018435],[-86.76454366014458,36.031349017018435]]]},"properties":{"h3":"89264d02387ffff","count":1,"c3":0,"c6":0,"c12":0,"c24":1,"score":0.5,"risk":2,"peakDay":"Friday","peakTime":"morning","hood":"","bk12":{"morning":0,"afternoon":0,"evening":0,"night":0},"bk24":{"morning":1,"afternoon":0,"evening":0,"night":0},"recent":[{"d":"2025-09-12","day":"Fri","time":"11:00","desc":"AGGRAV ASSLT - FAMILY-WEAPON","res":"closed"}]}},{"type":"Feature","geometry":{"type":"Polygon","coordinates":[[[-86.86099055792977,36.147849991760154],[-86.85953156042184,36.14911806251781],[-86.86017980841666,36.15088529337937],[-86.86228713315805,36.151384471896336],[-86.86374616930142,36.15011638462092],[-86.86309784206884,36.148349135346805],[-86.86099055792977,36.147849991760154],[-86.86099055792977,36.147849991760154]]]},"properties":{"h3":"89264d1120bffff","count":3,"c3":0,"c6":0,"c12":1,"c24":3,"score":1.6,"risk":8,"peakDay":"Friday","peakTime":"evening","hood":"","bk12":{"morning":1,"afternoon":0,"evening":0,"night":0},"bk24":{"morning":1,"afternoon":0,"evening":2,"night":0},"recent":[{"d":"2026-01-26","day":"Mon","time":"09:00","desc":"Assault, Aggravated - Deadly Weapon - Int/Kn","res":"unsolved"},{"d":"2025-09-23","day":"Tue","time":"17:45","desc":"INTENTIONAL AGGRAVATED ASSAULT","res":"unsolved"},{"d":"2025-09-12","day":"Fri","time":"19:37","desc":"INTENTIONAL AGGRAVATED ASSAULT","res":"unsolved"}]}},{"type":"Feature","geometry":{"type":"Polygon","coordinates":[[[-86.65839348546615,36.07707212309847],[-86.65693599652178,36.07833751675833],[-86.65757902778054,36.08010456575179],[-86.65967962714825,36.080606239842005],[-86.66113715516052,36.07934082977002],[-86.66049404473799,36.07757376202045],[-86.65839348546615,36.07707212309847],[-86.65839348546615,36.07707212309847]]]},"properties":{"h3":"89264d17397ffff","count":2,"c3":0,"c6":0,"c12":0,"c24":2,"score":1,"risk":5,"peakDay":"Friday","peakTime":"evening","hood":"","bk12":{"morning":0,"afternoon":0,"evening":0,"night":0},"bk24":{"morning":0,"afternoon":0,"evening":1,"night":1},"recent":[{"d":"2025-09-24","day":"Wed","time":"22:00","desc":"INTENTIONAL AGGRAVATED ASSAULT","res":"closed"},{"d":"2025-09-12","day":"Fri","time":"20:45","desc":"Assault, Aggravated - Deadly Weapon - Int/Kn","res":"unsolved"}]}},{"type":"Feature","geometry":{"type":"Polygon","coordinates":[[[-86.79974240660619,36.1381641189733],[-86.79828369688981,36.13943120317635],[-86.79893044075108,36.14119829302451],[-86.80103597356347,36.14169831718573],[-86.8024947220554,36.14043121650591],[-86.80184789896025,36.138664108142144],[-86.79974240660619,36.1381641189733],[-86.79974240660619,36.1381641189733]]]},"properties":{"h3":"89264d111b7ffff","count":3,"c3":0,"c6":0,"c12":2,"c24":3,"score":1.6,"risk":8,"peakDay":"Saturday","peakTime":"night","hood":"","bk12":{"morning":1,"afternoon":0,"evening":0,"night":1},"bk24":{"morning":1,"afternoon":0,"evening":0,"night":2},"recent":[{"d":"2026-02-22","day":"Sun","time":"00:01","desc":"INTENTIONAL AGGRAVATED ASSAULT","res":"unsolved"},{"d":"2025-10-11","day":"Sat","time":"11:00","desc":"Assault, Aggravated - Deadly Weapon - Int/Kn","res":"unsolved"},{"d":"2025-09-13","day":"Sat","time":"02:52","desc":"INTENTIONAL AGGRAVATED ASSAULT","res":"unsolved"}]}},{"type":"Feature","geometry":{"type":"Polygon","coordinates":[[[-86.75798029454684,36.11855709637237],[-86.75652196576496,36.11982370526261],[-86.75716760289436,36.12159079709572],[-86.75927164801762,36.122091298625854],[-86.76073001566064,36.12082467327665],[-86.7600842993201,36.119057562856725],[-86.75798029454684,36.11855709637237],[-86.75798029454684,36.11855709637237]]]},"properties":{"h3":"89264d10ecbffff","count":1,"c3":0,"c6":0,"c12":0,"c24":1,"score":0.5,"risk":2,"peakDay":"Saturday","peakTime":"morning","hood":"","bk12":{"morning":0,"afternoon":0,"evening":0,"night":0},"bk24":{"morning":1,"afternoon":0,"evening":0,"night":0},"recent":[{"d":"2025-09-13","day":"Sat","time":"06:40","desc":"INTENTIONAL AGGRAVATED ASSAULT","res":"unsolved"}]}},{"type":"Feature","geometry":{"type":"Polygon","coordinates":[[[-86.75190861425774,36.19131730782005],[-86.750449276467,36.192582695995625],[-86.75109522387437,36.1943492061078],[-86.75320058839681,36.19485034663578],[-86.75465996511787,36.19358494206312],[-86.754013938387,36.19181841336005],[-86.75190861425774,36.19131730782005],[-86.75190861425774,36.19131730782005]]]},"properties":{"h3":"89264d12203ffff","count":1,"c3":0,"c6":0,"c12":0,"c24":1,"score":0.5,"risk":2,"peakDay":"Saturday","peakTime":"afternoon","hood":"","bk12":{"morning":0,"afternoon":0,"evening":0,"night":0},"bk24":{"morning":0,"afternoon":1,"evening":0,"night":0},"recent":[{"d":"2025-09-13","day":"Sat","time":"12:00","desc":"INTENTIONAL AGGRAVATED ASSAULT","res":"closed"}]}},{"type":"Feature","geometry":{"type":"Polygon","coordinates":[[[-86.69213574299985,36.201260150369365],[-86.69067641807581,36.20252427851031],[-86.69132101707174,36.204290498040386],[-86.69342502034101,36.204792608119604],[-86.69488438434604,36.20352846363712],[-86.6942397060016,36.20176222541744],[-86.69213574299985,36.201260150369365],[-86.69213574299985,36.201260150369365]]]},"properties":{"h3":"89264d125a3ffff","count":1,"c3":0,"c6":0,"c12":0,"c24":1,"score":0.5,"risk":2,"peakDay":"Saturday","peakTime":"evening","hood":"","bk12":{"morning":0,"afternoon":0,"evening":0,"night":0},"bk24":{"morning":0,"afternoon":0,"evening":1,"night":0},"recent":[{"d":"2025-09-13","day":"Sat","time":"18:00","desc":"INTENTIONAL AGGRAVATED ASSAULT","res":"closed"}]}},{"type":"Feature","geometry":{"type":"Polygon","coordinates":[[[-86.72763512253562,36.05646717779556],[-86.72617774377873,36.0577341673814],[-86.72682227947236,36.059501623655954],[-86.72892427304501,36.06000210898743],[-86.73038169068907,36.0587351029179],[-86.72973707587408,36.056967628001054],[-86.72763512253562,36.05646717779556],[-86.72763512253562,36.05646717779556]]]},"properties":{"h3":"89264d1564fffff","count":1,"c3":0,"c6":0,"c12":0,"c24":1,"score":0.5,"risk":2,"peakDay":"Saturday","peakTime":"evening","hood":"","bk12":{"morning":0,"afternoon":0,"evening":0,"night":0},"bk24":{"morning":0,"afternoon":0,"evening":1,"night":0},"recent":[{"d":"2025-09-13","day":"Sat","time":"18:17","desc":"INTENTIONAL AGGRAVATED ASSAULT","res":"closed"}]}},{"type":"Feature","geometry":{"type":"Polygon","coordinates":[[[-86.65127762085382,36.0785993785859],[-86.64982012908978,36.07986461711084],[-86.65046300201584,36.08163162857453],[-86.65256344587395,36.08213342028158],[-86.65402097672398,36.0808681653514],[-86.65337802463073,36.07910113511988],[-86.65127762085382,36.0785993785859],[-86.65127762085382,36.0785993785859]]]},"properties":{"h3":"89264d17153ffff","count":1,"c3":0,"c6":0,"c12":0,"c24":1,"score":0.5,"risk":2,"peakDay":"Saturday","peakTime":"night","hood":"","bk12":{"morning":0,"afternoon":0,"evening":0,"night":0},"bk24":{"morning":0,"afternoon":0,"evening":0,"night":1},"recent":[{"d":"2025-09-13","day":"Sat","time":"22:00","desc":"INTENTIONAL AGGRAVATED ASSAULT","res":"unsolved"}]}},{"type":"Feature","geometry":{"type":"Polygon","coordinates":[[[-86.59076076675846,36.228599511623464],[-86.58930132231683,36.229861340385256],[-86.58994369787469,36.23162698143393],[-86.59204559728089,36.232130812577076],[-86.59350508106627,36.23086896757662],[-86.5928626261025,36.22910330767214],[-86.59076076675846,36.228599511623464],[-86.59076076675846,36.228599511623464]]]},"properties":{"h3":"89264d8e24bffff","count":1,"c3":0,"c6":0,"c12":0,"c24":1,"score":0.5,"risk":2,"peakDay":"Sunday","peakTime":"night","hood":"","bk12":{"morning":0,"afternoon":0,"evening":0,"night":0},"bk24":{"morning":0,"afternoon":0,"evening":0,"night":1},"recent":[{"d":"2025-09-14","day":"Sun","time":"00:15","desc":"Assault, Aggravated - Deadly Weapon - Int/Kn","res":"closed"}]}},{"type":"Feature","geometry":{"type":"Polygon","coordinates":[[[-86.77154474017293,36.15566397433097],[-86.77008585492723,36.15693026984981],[-86.77073204311158,36.15869712498897],[-86.77283719580798,36.15919770317095],[-86.7742961199101,36.15793139121148],[-86.77364985246017,36.15616451751113],[-86.77154474017293,36.15566397433097],[-86.77154474017293,36.15566397433097]]]},"properties":{"h3":"89264d100cbffff","count":2,"c3":0,"c6":0,"c12":1,"c24":2,"score":1.1,"risk":6,"peakDay":"Sunday","peakTime":"afternoon","hood":"","bk12":{"morning":0,"afternoon":1,"evening":0,"night":0},"bk24":{"morning":0,"afternoon":2,"evening":0,"night":0},"recent":[{"d":"2026-02-21","day":"Sat","time":"13:53","desc":"INTENTIONAL AGGRAVATED ASSAULT","res":"closed"},{"d":"2025-09-14","day":"Sun","time":"16:20","desc":"INTENTIONAL AGGRAVATED ASSAULT","res":"closed"}]}},{"type":"Feature","geometry":{"type":"Polygon","coordinates":[[[-86.7481520164715,36.21783774106314],[-86.74669231434584,36.219102654735686],[-86.7473383385905,36.22086894597914],[-86.74944414432638,36.221370342145406],[-86.7509038854113,36.2201054120995],[-86.75025778180188,36.21833910226118],[-86.7481520164715,36.21783774106314],[-86.7481520164715,36.21783774106314]]]},"properties":{"h3":"89264d126c7ffff","count":1,"c3":0,"c6":0,"c12":0,"c24":1,"score":0.5,"risk":2,"peakDay":"Monday","peakTime":"night","hood":"","bk12":{"morning":0,"afternoon":0,"evening":0,"night":0},"bk24":{"morning":0,"afternoon":0,"evening":0,"night":1},"recent":[{"d":"2025-09-15","day":"Mon","time":"03:30","desc":"INTENTIONAL AGGRAVATED ASSAULT","res":"unsolved"}]}},{"type":"Feature","geometry":{"type":"Polygon","coordinates":[[[-86.61504128687248,36.02636939850045],[-86.61358462448601,36.02763475757734],[-86.61422631955902,36.029402031118806],[-86.61632475611219,36.029903964416064],[-86.61778145763145,36.028638588921694],[-86.61713968346551,36.026871296548016],[-86.61504128687248,36.02636939850045],[-86.61504128687248,36.02636939850045]]]},"properties":{"h3":"89264d141cfffff","count":1,"c3":0,"c6":0,"c12":0,"c24":1,"score":0.5,"risk":2,"peakDay":"Monday","peakTime":"morning","hood":"","bk12":{"morning":0,"afternoon":0,"evening":0,"night":0},"bk24":{"morning":1,"afternoon":0,"evening":0,"night":0},"recent":[{"d":"2025-09-15","day":"Mon","time":"10:30","desc":"INTENTIONAL AGGRAVATED ASSAULT","res":"closed"}]}},{"type":"Feature","geometry":{"type":"Polygon","coordinates":[[[-86.67262613025295,36.07401597556335],[-86.67116864708755,36.07528167949199],[-86.67181199499119,36.07704880347465],[-86.67391290521792,36.07755024226177],[-86.67537042741499,36.07628452190719],[-86.67472700035444,36.0745173791919],[-86.67262613025295,36.07401597556335],[-86.67262613025295,36.07401597556335]]]},"properties":{"h3":"89264d173cfffff","count":1,"c3":0,"c6":0,"c12":0,"c24":1,"score":0.5,"risk":2,"peakDay":"Monday","peakTime":"afternoon","hood":"","bk12":{"morning":0,"afternoon":0,"evening":0,"night":0},"bk24":{"morning":0,"afternoon":1,"evening":0,"night":0},"recent":[{"d":"2025-09-15","day":"Mon","time":"13:00","desc":"Assault, Aggravated - Deadly Weapon - Int/Kn","res":"closed"}]}},{"type":"Feature","geometry":{"type":"Polygon","coordinates":[[[-86.91009070437202,36.07714435669366],[-86.90863258153063,36.07841440949583],[-86.90928154417372,36.080182355147336],[-86.91138870877964,36.080680266333246],[-86.91284687008554,36.07941019691911],[-86.91219782832185,36.07764223293153],[-86.91009070437202,36.07714435669366],[-86.91009070437202,36.07714435669366]]]},"properties":{"h3":"89264d18c4fffff","count":2,"c3":0,"c6":0,"c12":1,"c24":2,"score":1,"risk":5,"peakDay":"Monday","peakTime":"evening","hood":"","bk12":{"morning":1,"afternoon":0,"evening":0,"night":0},"bk24":{"morning":1,"afternoon":0,"evening":1,"night":0},"recent":[{"d":"2025-10-20","day":"Mon","time":"07:22","desc":"AGGRAV ASSLT - POL OFF-WEAPON","res":"closed"},{"d":"2025-09-15","day":"Mon","time":"17:01","desc":"AGGRAV ASSLT - NONFAMILY-GUN","res":"unsolved"}]}},{"type":"Feature","geometry":{"type":"Polygon","coordinates":[[[-86.70435481154057,36.25576496793724],[-86.70289468614871,36.25702848942364],[-86.70353991330266,36.25879432963905],[-86.70564534527954,36.259296667032935],[-86.70710550976433,36.25803312923778],[-86.70646020318016,36.25626727035798],[-86.70435481154057,36.25576496793724],[-86.70435481154057,36.25576496793724]]]},"properties":{"h3":"89264d88e33ffff","count":2,"c3":0,"c6":0,"c12":0,"c24":2,"score":1,"risk":5,"peakDay":"Monday","peakTime":"evening","hood":"","bk12":{"morning":0,"afternoon":0,"evening":0,"night":0},"bk24":{"morning":0,"afternoon":1,"evening":1,"night":0},"recent":[{"d":"2025-10-05","day":"Sun","time":"15:40","desc":"INTENTIONAL AGGRAVATED ASSAULT","res":"closed"},{"d":"2025-09-15","day":"Mon","time":"18:30","desc":"Assault, Aggravated - Deadly Weapon - Int/Kn","res":"closed"}]}},{"type":"Feature","geometry":{"type":"Polygon","coordinates":[[[-86.62266801275128,36.14757221919735],[-86.62120962591398,36.14883587762335],[-86.62185225172736,36.150602258805705],[-86.62395334365583,36.151105000372354],[-86.6254117696994,36.149841325618404],[-86.62476906460901,36.148074925626226],[-86.62266801275128,36.14757221919735],[-86.62266801275128,36.14757221919735]]]},"properties":{"h3":"89264d8d89bffff","count":1,"c3":0,"c6":0,"c12":0,"c24":1,"score":0.5,"risk":2,"peakDay":"Tuesday","peakTime":"evening","hood":"","bk12":{"morning":0,"afternoon":0,"evening":0,"night":0},"bk24":{"morning":0,"afternoon":0,"evening":1,"night":0},"recent":[{"d":"2025-09-16","day":"Tue","time":"20:06","desc":"INTENTIONAL AGGRAVATED ASSAULT","res":"closed"}]}},{"type":"Feature","geometry":{"type":"Polygon","coordinates":[[[-86.84332873215854,36.125913598515595],[-86.84187008662947,36.12718167597349],[-86.84251778133239,36.12894901381172],[-86.84462420077261,36.12944829263639],[-86.84608288496331,36.128180198657546],[-86.84543511105298,36.12641284237548],[-86.84332873215854,36.125913598515595],[-86.84332873215854,36.125913598515595]]]},"properties":{"h3":"89264d11363ffff","count":1,"c3":0,"c6":0,"c12":0,"c24":1,"score":0.5,"risk":2,"peakDay":"Wednesday","peakTime":"morning","hood":"","bk12":{"morning":0,"afternoon":0,"evening":0,"night":0},"bk24":{"morning":1,"afternoon":0,"evening":0,"night":0},"recent":[{"d":"2025-09-17","day":"Wed","time":"08:00","desc":"INTENTIONAL AGGRAVATED ASSAULT","res":"closed"}]}},{"type":"Feature","geometry":{"type":"Polygon","coordinates":[[[-86.66894666888622,36.13766818647626],[-86.66748830001467,36.138932854283816],[-86.66813195629597,36.14069947953692],[-86.67023406070437,36.14120145571658],[-86.67169246866435,36.13993677153619],[-86.67104873312827,36.13817012754945],[-86.66894666888622,36.13766818647626],[-86.66894666888622,36.13766818647626]]]},"properties":{"h3":"89264d12993ffff","count":1,"c3":0,"c6":0,"c12":0,"c24":1,"score":0.5,"risk":2,"peakDay":"Wednesday","peakTime":"morning","hood":"","bk12":{"morning":0,"afternoon":0,"evening":0,"night":0},"bk24":{"morning":1,"afternoon":0,"evening":0,"night":0},"recent":[{"d":"2025-09-17","day":"Wed","time":"09:10","desc":"INTENTIONAL AGGRAVATED ASSAULT","res":"unsolved"}]}},{"type":"Feature","geometry":{"type":"Polygon","coordinates":[[[-86.7202463559285,36.24665919990106],[-86.71878631830383,36.247923155514194],[-86.71943186380794,36.24968912336226],[-86.72153752635114,36.25019115423644],[-86.72299760302374,36.24892718229473],[-86.72235197810603,36.247161195807905],[-86.7202463559285,36.24665919990106],[-86.7202463559285,36.24665919990106]]]},"properties":{"h3":"89264d88ac3ffff","count":2,"c3":0,"c6":0,"c12":1,"c24":2,"score":1,"risk":5,"peakDay":"Wednesday","peakTime":"morning","hood":"","bk12":{"morning":0,"afternoon":0,"evening":1,"night":0},"bk24":{"morning":1,"afternoon":0,"evening":1,"night":0},"recent":[{"d":"2025-10-19","day":"Sun","time":"21:02","desc":"ROBBERY, AGGRAVATED, HANDGUN","res":"closed"},{"d":"2025-09-17","day":"Wed","time":"09:30","desc":"AGGRAV ASSLT - NONFAMILY-GUN","res":"closed"}]}},{"type":"Feature","geometry":{"type":"Polygon","coordinates":[[[-86.91901914448849,36.10670018566483],[-86.91756058492716,36.10796995524243],[-86.91820994265302,36.10973770532277],[-86.920317939105,36.11023570414488],[-86.92177653713118,36.10896591797148],[-86.92112710024134,36.10719814957228],[-86.91901914448849,36.10670018566483],[-86.91901914448849,36.10670018566483]]]},"properties":{"h3":"89264d1856fffff","count":1,"c3":0,"c6":0,"c12":0,"c24":1,"score":0.5,"risk":2,"peakDay":"Wednesday","peakTime":"morning","hood":"","bk12":{"morning":0,"afternoon":0,"evening":0,"night":0},"bk24":{"morning":1,"afternoon":0,"evening":0,"night":0},"recent":[{"d":"2025-09-17","day":"Wed","time":"10:10","desc":"Assault, Aggravated - Deadly Weapon - Int/Kn","res":"unsolved"}]}},{"type":"Feature","geometry":{"type":"Polygon","coordinates":[[[-86.66297864899933,36.04750756547772],[-86.66152156344927,36.04877349283066],[-86.66216451953841,36.050540782540715],[-86.66426464029631,36.05104216364906],[-86.66572176488107,36.049776219856966],[-86.665078729674,36.04800891139617],[-86.66297864899933,36.04750756547772],[-86.66297864899933,36.04750756547772]]]},"properties":{"h3":"89264d155a3ffff","count":1,"c3":0,"c6":0,"c12":0,"c24":1,"score":0.5,"risk":2,"peakDay":"Thursday","peakTime":"evening","hood":"","bk12":{"morning":0,"afternoon":0,"evening":0,"night":0},"bk24":{"morning":0,"afternoon":0,"evening":1,"night":0},"recent":[{"d":"2025-09-18","day":"Thu","time":"17:35","desc":"INTENTIONAL AGGRAVATED ASSAULT","res":"closed"}]}},{"type":"Feature","geometry":{"type":"Polygon","coordinates":[[[-86.63052613446509,36.10590472804467],[-86.62906831333892,36.10716916667582],[-86.62971086611222,36.108935894769694],[-86.63181131922455,36.10943820303308],[-86.63326917950677,36.10817374803486],[-86.6326265475214,36.10640700114081],[-86.63052613446509,36.10590472804467],[-86.63052613446509,36.10590472804467]]]},"properties":{"h3":"89264d17593ffff","count":1,"c3":0,"c6":0,"c12":0,"c24":1,"score":0.5,"risk":2,"peakDay":"Thursday","peakTime":"evening","hood":"","bk12":{"morning":0,"afternoon":0,"evening":0,"night":0},"bk24":{"morning":0,"afternoon":0,"evening":1,"night":0},"recent":[{"d":"2025-09-18","day":"Thu","time":"19:38","desc":"AGGRAV ASSLT - FAMILY-WEAPON","res":"closed"}]}},{"type":"Feature","geometry":{"type":"Polygon","coordinates":[[[-86.7311398692869,36.218623027593296],[-86.72968019937362,36.219887613858745],[-86.73032582707262,36.22165383846353],[-86.73243120405452,36.22215549542647],[-86.7338909129685,36.22089089280186],[-86.7332452059007,36.219124649573956],[-86.7311398692869,36.218623027593296],[-86.7311398692869,36.218623027593296]]]},"properties":{"h3":"89264d12443ffff","count":1,"c3":0,"c6":0,"c12":0,"c24":1,"score":0.5,"risk":2,"peakDay":"Thursday","peakTime":"night","hood":"","bk12":{"morning":0,"afternoon":0,"evening":0,"night":0},"bk24":{"morning":0,"afternoon":0,"evening":0,"night":1},"recent":[{"d":"2025-09-18","day":"Thu","time":"23:00","desc":"HBV OR HCV - CRIMINAL EXPOSURE OF ANOTHER","res":"unsolved"}]}},{"type":"Feature","geometry":{"type":"Polygon","coordinates":[[[-86.76178967509045,36.192056003331984],[-86.76033030187503,36.193321563371725],[-86.76097648698526,36.19508810289066],[-86.76308212463466,36.19558910094471],[-86.76454153675726,36.19432352450059],[-86.76389527232408,36.19255696640727],[-86.76178967509045,36.192056003331984],[-86.76178967509045,36.192056003331984]]]},"properties":{"h3":"89264d12243ffff","count":1,"c3":0,"c6":0,"c12":0,"c24":1,"score":0.5,"risk":2,"peakDay":"Friday","peakTime":"night","hood":"","bk12":{"morning":0,"afternoon":0,"evening":0,"night":0},"bk24":{"morning":0,"afternoon":0,"evening":0,"night":1},"recent":[{"d":"2025-09-19","day":"Fri","time":"00:15","desc":"AGGRAV ASSLT - FAMILY-WEAPON","res":"closed"}]}},{"type":"Feature","geometry":{"type":"Polygon","coordinates":[[[-86.75953920704796,36.17539165968267],[-86.75808007431075,36.17665743215538],[-86.75872610238412,36.17842409248391],[-86.76083134249329,36.17892499891973],[-86.76229051413053,36.17765921003138],[-86.76164440675937,36.175892531123324],[-86.75953920704796,36.17539165968267],[-86.75953920704796,36.17539165968267]]]},"properties":{"h3":"89264d104c7ffff","count":1,"c3":0,"c6":0,"c12":0,"c24":1,"score":0.5,"risk":2,"peakDay":"Friday","peakTime":"afternoon","hood":"","bk12":{"morning":0,"afternoon":0,"evening":0,"night":0},"bk24":{"morning":0,"afternoon":1,"evening":0,"night":0},"recent":[{"d":"2025-09-19","day":"Fri","time":"15:45","desc":"Assault, Aggravated - Deadly Weapon - Int/Kn","res":"closed"}]}},{"type":"Feature","geometry":{"type":"Polygon","coordinates":[[[-86.57867915259021,36.037028965211746],[-86.57722243761344,36.03829348822408],[-86.57786334115913,36.040060547276305],[-86.57996103879678,36.04056310220857],[-86.58141779300071,36.039298562816384],[-86.58077681034061,36.03753148487225],[-86.57867915259021,36.037028965211746],[-86.57867915259021,36.037028965211746]]]},"properties":{"h3":"89264d16a93ffff","count":1,"c3":0,"c6":0,"c12":0,"c24":1,"score":0.5,"risk":2,"peakDay":"Friday","peakTime":"evening","hood":"","bk12":{"morning":0,"afternoon":0,"evening":0,"night":0},"bk24":{"morning":0,"afternoon":0,"evening":1,"night":0},"recent":[{"d":"2025-09-19","day":"Fri","time":"18:11","desc":"ROBBERY, AGGRAVATED, HANDGUN","res":"unsolved"}]}},{"type":"Feature","geometry":{"type":"Polygon","coordinates":[[[-86.81431767580848,36.14646498234952],[-86.81285881294917,36.147732210151744],[-86.81350595220209,36.14949928763694],[-86.81561203355918,36.14999915581098],[-86.81707093516529,36.148731911526916],[-86.81642371666831,36.14696481555113],[-86.81431767580848,36.14646498234952],[-86.81431767580848,36.14646498234952]]]},"properties":{"h3":"89264d111d7ffff","count":1,"c3":0,"c6":0,"c12":0,"c24":1,"score":0.5,"risk":2,"peakDay":"Friday","peakTime":"evening","hood":"","bk12":{"morning":0,"afternoon":0,"evening":0,"night":0},"bk24":{"morning":0,"afternoon":0,"evening":1,"night":0},"recent":[{"d":"2025-09-19","day":"Fri","time":"19:30","desc":"INTENTIONAL AGGRAVATED ASSAULT","res":"closed"}]}},{"type":"Feature","geometry":{"type":"Polygon","coordinates":[[[-86.7469093771451,36.17238584832018],[-86.74545031876943,36.1736514325516],[-86.74609603020143,36.17541807110278],[-86.7482008793052,36.175919144023894],[-86.74965997660894,36.174653543384565],[-86.74901418588163,36.172886886232526],[-86.7469093771451,36.17238584832018],[-86.7469093771451,36.17238584832018]]]},"properties":{"h3":"89264d104b3ffff","count":1,"c3":0,"c6":0,"c12":0,"c24":1,"score":0.5,"risk":2,"peakDay":"Friday","peakTime":"evening","hood":"","bk12":{"morning":0,"afternoon":0,"evening":0,"night":0},"bk24":{"morning":0,"afternoon":0,"evening":1,"night":0},"recent":[{"d":"2025-09-19","day":"Fri","time":"20:51","desc":"ROBBERY","res":"closed"}]}},{"type":"Feature","geometry":{"type":"Polygon","coordinates":[[[-86.75128646753973,36.16858881762907],[-86.74982745153193,36.1698545408574],[-86.75047324253656,36.17162122429542],[-86.75257812883852,36.17212220309948],[-86.75403718376103,36.17085646345678],[-86.75339131346762,36.16908976142488],[-86.75128646753973,36.16858881762907],[-86.75128646753973,36.16858881762907]]]},"properties":{"h3":"89264d104abffff","count":1,"c3":0,"c6":0,"c12":0,"c24":1,"score":0.5,"risk":2,"peakDay":"Friday","peakTime":"evening","hood":"","bk12":{"morning":0,"afternoon":0,"evening":0,"night":0},"bk24":{"morning":0,"afternoon":0,"evening":1,"night":0},"recent":[{"d":"2025-09-19","day":"Fri","time":"21:03","desc":"ROBBERY","res":"closed"}]}},{"type":"Feature","geometry":{"type":"Polygon","coordinates":[[[-86.71167687942801,36.12850551982186],[-86.71021852888927,36.12977111935618],[-86.71086313611377,36.13153796902568],[-86.71296617311175,36.13203923782456],[-86.71442456262993,36.130773621876],[-86.71377987617149,36.1290067535433],[-86.71167687942801,36.12850551982186],[-86.71167687942801,36.12850551982186]]]},"properties":{"h3":"89264d12a27ffff","count":3,"c3":0,"c6":0,"c12":2,"c24":3,"score":1.6,"risk":8,"peakDay":"Friday","peakTime":"night","hood":"","bk12":{"morning":0,"afternoon":0,"evening":0,"night":2},"bk24":{"morning":0,"afternoon":0,"evening":1,"night":2},"recent":[{"d":"2025-12-06","day":"Sat","time":"02:30","desc":"ASSAULT, VEHICULAR - 1ST OFFENSE","res":"closed"},{"d":"2025-10-19","day":"Sun","time":"01:35","desc":"ROBBERY","res":"closed"},{"d":"2025-09-19","day":"Fri","time":"21:09","desc":"INTENTIONAL AGGRAVATED ASSAULT","res":"closed"}]}},{"type":"Feature","geometry":{"type":"Polygon","coordinates":[[[-86.9114058816442,36.12265817783371],[-86.90994711607051,36.123927564307344],[-86.910596394335,36.12569516517416],[-86.9127045173638,36.12619339789823],[-86.91416332143257,36.12492399484733],[-86.91351396397826,36.123156375650126],[-86.9114058816442,36.12265817783371],[-86.9114058816442,36.12265817783371]]]},"properties":{"h3":"89264d1858bffff","count":1,"c3":0,"c6":0,"c12":0,"c24":1,"score":0.5,"risk":2,"peakDay":"Saturday","peakTime":"night","hood":"","bk12":{"morning":0,"afternoon":0,"evening":0,"night":0},"bk24":{"morning":0,"afternoon":0,"evening":0,"night":1},"recent":[{"d":"2025-09-20","day":"Sat","time":"00:30","desc":"INTENTIONAL AGGRAVATED ASSAULT","res":"closed"}]}},{"type":"Feature","geometry":{"type":"Polygon","coordinates":[[[-86.5857973466102,36.20968030271286],[-86.58433818236335,36.210942328662],[-86.58498032321026,36.21270809775796],[-86.58708170768237,36.213211859771015],[-86.58854091127041,36.211949817572375],[-86.58789869104594,36.21018402961067],[-86.5857973466102,36.20968030271286],[-86.5857973466102,36.20968030271286]]]},"properties":{"h3":"89264d8c41bffff","count":1,"c3":0,"c6":0,"c12":0,"c24":1,"score":0.5,"risk":2,"peakDay":"Saturday","peakTime":"morning","hood":"","bk12":{"morning":0,"afternoon":0,"evening":0,"night":0},"bk24":{"morning":1,"afternoon":0,"evening":0,"night":0},"recent":[{"d":"2025-09-20","day":"Sat","time":"07:00","desc":"INTENTIONAL AGGRAVATED ASSAULT","res":"closed"}]}},{"type":"Feature","geometry":{"type":"Polygon","coordinates":[[[-86.69589888160526,36.27470039869282],[-86.69443851058983,36.27596347330956],[-86.69508365622207,36.2777291355889],[-86.69718925233114,36.278231741928714],[-86.69864966247407,36.27696865102475],[-86.6980044373812,36.27520297006869],[-86.69589888160526,36.27470039869282],[-86.69589888160526,36.27470039869282]]]},"properties":{"h3":"89264d88137ffff","count":1,"c3":0,"c6":0,"c12":0,"c24":1,"score":0.5,"risk":2,"peakDay":"Saturday","peakTime":"morning","hood":"","bk12":{"morning":0,"afternoon":0,"evening":0,"night":0},"bk24":{"morning":1,"afternoon":0,"evening":0,"night":0},"recent":[{"d":"2025-09-20","day":"Sat","time":"10:50","desc":"INTENTIONAL AGGRAVATED ASSAULT","res":"closed"}]}},{"type":"Feature","geometry":{"type":"Polygon","coordinates":[[[-86.7690459097188,36.22764797205884],[-86.76758601640162,36.22891312316036],[-86.76823259490985,36.23067941226426],[-86.77033914611229,36.23118056882629],[-86.77179907834591,36.22991540134239],[-86.77115242046146,36.22814909367931],[-86.7690459097188,36.22764797205884],[-86.7690459097188,36.22764797205884]]]},"properties":{"h3":"89264d89b0bffff","count":1,"c3":0,"c6":0,"c12":0,"c24":1,"score":0.5,"risk":2,"peakDay":"Saturday","peakTime":"afternoon","hood":"","bk12":{"morning":0,"afternoon":0,"evening":0,"night":0},"bk24":{"morning":0,"afternoon":1,"evening":0,"night":0},"recent":[{"d":"2025-09-20","day":"Sat","time":"12:10","desc":"INTENTIONAL AGGRAVATED ASSAULT","res":"unsolved"}]}},{"type":"Feature","geometry":{"type":"Polygon","coordinates":[[[-86.8097283702338,36.238930890491794],[-86.80826821593783,36.24019662309486],[-86.80891582483373,36.24196296770073],[-86.81102366741287,36.24246359819438],[-86.81248386053589,36.24119784918533],[-86.81183617225354,36.23943148608911],[-86.8097283702338,36.238930890491794],[-86.8097283702338,36.238930890491794]]]},"properties":{"h3":"89264dc6903ffff","count":1,"c3":0,"c6":0,"c12":0,"c24":1,"score":0.5,"risk":2,"peakDay":"Saturday","peakTime":"afternoon","hood":"","bk12":{"morning":0,"afternoon":0,"evening":0,"night":0},"bk24":{"morning":0,"afternoon":1,"evening":0,"night":0},"recent":[{"d":"2025-09-20","day":"Sat","time":"14:20","desc":"Assault, Aggravated - Deadly Weapon - Int/Kn","res":"closed"}]}},{"type":"Feature","geometry":{"type":"Polygon","coordinates":[[[-86.75023437626363,36.097350940930866],[-86.74877636534643,36.09861772862134],[-86.74942168787132,36.10038495492842],[-86.7515251004942,36.10088541214696],[-86.75298315027516,36.09961860798699],[-86.75233774857027,36.09785136307846],[-86.75023437626363,36.097350940930866],[-86.75023437626363,36.097350940930866]]]},"properties":{"h3":"89264d10a83ffff","count":1,"c3":0,"c6":0,"c12":0,"c24":1,"score":0.5,"risk":2,"peakDay":"Saturday","peakTime":"afternoon","hood":"","bk12":{"morning":0,"afternoon":0,"evening":0,"night":0},"bk24":{"morning":0,"afternoon":1,"evening":0,"night":0},"recent":[{"d":"2025-09-20","day":"Sat","time":"14:45","desc":"ASSAULT, AGGRAVATED - DEATH - RECKLESS - VEH/MINOR VIC","res":"unsolved"}]}},{"type":"Feature","geometry":{"type":"Polygon","coordinates":[[[-86.61836483802918,36.18846531088491],[-86.61690588638574,36.189728265615805],[-86.6175486644941,36.19149431706972],[-86.61965047358694,36.19199743260669],[-86.62110946447791,36.190734461583396],[-86.62046660702926,36.18896839131601],[-86.61836483802918,36.18846531088491],[-86.61836483802918,36.18846531088491]]]},"properties":{"h3":"89264d8c2c3ffff","count":1,"c3":0,"c6":0,"c12":0,"c24":1,"score":0.5,"risk":2,"peakDay":"Saturday","peakTime":"afternoon","hood":"","bk12":{"morning":0,"afternoon":0,"evening":0,"night":0},"bk24":{"morning":0,"afternoon":1,"evening":0,"night":0},"recent":[{"d":"2025-09-20","day":"Sat","time":"16:00","desc":"INTENTIONAL AGGRAVATED ASSAULT","res":"unsolved"}]}},{"type":"Feature","geometry":{"type":"Polygon","coordinates":[[[-86.90702954192076,36.12646619846436],[-86.90557073334809,36.12773544614466],[-86.90621993235378,36.129503002470805],[-86.9083280191294,36.13000132945453],[-86.90978686621054,36.12873206520337],[-86.9091375880084,36.12696449053986],[-86.90702954192076,36.12646619846436],[-86.90702954192076,36.12646619846436]]]},"properties":{"h3":"89264d18593ffff","count":1,"c3":0,"c6":0,"c12":0,"c24":1,"score":0.5,"risk":2,"peakDay":"Saturday","peakTime":"evening","hood":"","bk12":{"morning":0,"afternoon":0,"evening":0,"night":0},"bk24":{"morning":0,"afternoon":0,"evening":1,"night":0},"recent":[{"d":"2025-09-20","day":"Sat","time":"18:29","desc":"INTENTIONAL AGGRAVATED ASSAULT","res":"closed"}]}},{"type":"Feature","geometry":{"type":"Polygon","coordinates":[[[-86.7167882597603,36.28451963511481],[-86.7153276963714,36.28578294684353],[-86.71597339658699,36.287548606820906],[-86.71807973966463,36.288050973711094],[-86.71954034213834,36.286787645686054],[-86.7188945624504,36.28502196706763],[-86.7167882597603,36.28451963511481],[-86.7167882597603,36.28451963511481]]]},"properties":{"h3":"89264d8815bffff","count":1,"c3":0,"c6":0,"c12":0,"c24":1,"score":0.5,"risk":2,"peakDay":"Sunday","peakTime":"night","hood":"","bk12":{"morning":0,"afternoon":0,"evening":0,"night":0},"bk24":{"morning":0,"afternoon":0,"evening":0,"night":1},"recent":[{"d":"2025-09-21","day":"Sun","time":"00:00","desc":"Assault, Aggravated - Deadly Weapon - Int/Kn","res":"closed"}]}},{"type":"Feature","geometry":{"type":"Polygon","coordinates":[[[-86.77348346301257,36.16096455061739],[-86.77202449825123,36.16223080132002],[-86.77267076520937,36.163997622504056],[-86.77477607620301,36.164498211543446],[-86.7762350798201,36.16323194440277],[-86.77558873358862,36.16146510466123],[-86.77348346301257,36.16096455061739],[-86.77348346301257,36.16096455061739]]]},"properties":{"h3":"89264d106afffff","count":1,"c3":0,"c6":0,"c12":0,"c24":1,"score":0.5,"risk":2,"peakDay":"Sunday","peakTime":"night","hood":"","bk12":{"morning":0,"afternoon":0,"evening":0,"night":0},"bk24":{"morning":0,"afternoon":0,"evening":0,"night":1},"recent":[{"d":"2025-09-21","day":"Sun","time":"04:00","desc":"Robbery - Acting in Concert","res":"closed"}]}},{"type":"Feature","geometry":{"type":"Polygon","coordinates":[[[-86.77854321433298,36.11699200347075],[-86.77708485562898,36.11825901704605],[-86.77773096775907,36.120026194174784],[-86.77983551779917,36.12052637628137],[-86.78129391531381,36.11925934622951],[-86.7806477239785,36.11749215054811],[-86.77854321433298,36.11699200347075],[-86.77854321433298,36.11699200347075]]]},"properties":{"h3":"89264d11dd3ffff","count":1,"c3":0,"c6":0,"c12":0,"c24":1,"score":0.5,"risk":2,"peakDay":"Sunday","peakTime":"afternoon","hood":"","bk12":{"morning":0,"afternoon":0,"evening":0,"night":0},"bk24":{"morning":0,"afternoon":1,"evening":0,"night":0},"recent":[{"d":"2025-09-21","day":"Sun","time":"16:00","desc":"ROBBERY","res":"unsolved"}]}},{"type":"Feature","geometry":{"type":"Polygon","coordinates":[[[-86.76898035956485,36.12762721443511],[-86.76752187536786,36.128893889163656],[-86.76816782832854,36.130660950700246],[-86.77027234471014,36.13116135607651],[-86.77173086774869,36.12989466488735],[-86.77108483556488,36.12812758478301],[-86.76898035956485,36.12762721443511],[-86.76898035956485,36.12762721443511]]]},"properties":{"h3":"89264d10303ffff","count":1,"c3":0,"c6":0,"c12":0,"c24":1,"score":0.5,"risk":2,"peakDay":"Monday","peakTime":"afternoon","hood":"","bk12":{"morning":0,"afternoon":0,"evening":0,"night":0},"bk24":{"morning":0,"afternoon":1,"evening":0,"night":0},"recent":[{"d":"2025-09-22","day":"Mon","time":"13:35","desc":"INTENTIONAL AGGRAVATED ASSAULT","res":"unsolved"}]}},{"type":"Feature","geometry":{"type":"Polygon","coordinates":[[[-86.7827348684546,36.13896414970074],[-86.78127619009892,36.14023090673636],[-86.78192253799878,36.14199793012869],[-86.78402764349319,36.14249821502976],[-86.7854863606659,36.14123144153149],[-86.78483993352796,36.13946439959527],[-86.7827348684546,36.13896414970074],[-86.7827348684546,36.13896414970074]]]},"properties":{"h3":"89264d10233ffff","count":1,"c3":0,"c6":0,"c12":0,"c24":1,"score":0.5,"risk":2,"peakDay":"Monday","peakTime":"afternoon","hood":"","bk12":{"morning":0,"afternoon":0,"evening":0,"night":0},"bk24":{"morning":0,"afternoon":1,"evening":0,"night":0},"recent":[{"d":"2025-09-22","day":"Mon","time":"16:59","desc":"AGGRAV ASSLT - POL OFF-GUN","res":"closed"}]}},{"type":"Feature","geometry":{"type":"Polygon","coordinates":[[[-86.96889643855327,36.03288184276292],[-86.96743879648855,36.03415365247468],[-86.96808886654664,36.03592214034131],[-86.97019665771205,36.03641883673761],[-86.97165433806654,36.03514701033289],[-86.9710041889667,36.03337850422532],[-86.96889643855327,36.03288184276292],[-86.96889643855327,36.03288184276292]]]},"properties":{"h3":"89264d0a6cbffff","count":1,"c3":0,"c6":0,"c12":0,"c24":1,"score":0.5,"risk":2,"peakDay":"Tuesday","peakTime":"evening","hood":"","bk12":{"morning":0,"afternoon":0,"evening":0,"night":0},"bk24":{"morning":0,"afternoon":0,"evening":1,"night":0},"recent":[{"d":"2025-09-23","day":"Tue","time":"20:00","desc":"INTENTIONAL AGGRAVATED ASSAULT","res":"closed"}]}},{"type":"Feature","geometry":{"type":"Polygon","coordinates":[[[-86.72962382311277,36.2617907635557],[-86.72816354792846,36.263054661524635],[-86.7288094092585,36.264820544786375],[-86.73091562520897,36.26532254870146],[-86.73237593943014,36.26405863440822],[-86.73172999866479,36.262292732524706],[-86.72962382311277,36.2617907635557],[-86.72962382311277,36.2617907635557]]]},"properties":{"h3":"89264d89d83ffff","count":1,"c3":0,"c6":0,"c12":0,"c24":1,"score":0.5,"risk":2,"peakDay":"Wednesday","peakTime":"morning","hood":"","bk12":{"morning":0,"afternoon":0,"evening":0,"night":0},"bk24":{"morning":1,"afternoon":0,"evening":0,"night":0},"recent":[{"d":"2025-09-24","day":"Wed","time":"11:14","desc":"INTENTIONAL AGGRAVATED ASSAULT","res":"closed"}]}},{"type":"Feature","geometry":{"type":"Polygon","coordinates":[[[-86.73043819596187,36.25876089430239],[-86.72897796147697,36.26002485375513],[-86.72962382311277,36.2617907635557],[-86.73172999866479,36.262292732524706],[-86.73319027218231,36.26102875674467],[-86.73254433111599,36.25926282832341],[-86.73043819596187,36.25876089430239],[-86.73043819596187,36.25876089430239]]]},"properties":{"h3":"89264d89d8fffff","count":1,"c3":0,"c6":0,"c12":0,"c24":1,"score":0.5,"risk":2,"peakDay":"Wednesday","peakTime":"afternoon","hood":"","bk12":{"morning":0,"afternoon":0,"evening":0,"night":0},"bk24":{"morning":0,"afternoon":1,"evening":0,"night":0},"recent":[{"d":"2025-09-24","day":"Wed","time":"14:00","desc":"INTENTIONAL AGGRAVATED ASSAULT","res":"unsolved"}]}},{"type":"Feature","geometry":{"type":"Polygon","coordinates":[[[-86.56912260126664,36.04764662543495],[-86.56766576283486,36.04891081004182],[-86.56830650659434,36.05067775369942],[-86.57040416791835,36.051180531657636],[-86.57186104560799,36.04991633068702],[-86.57122022271652,36.04814936812242],[-86.56912260126664,36.04764662543495],[-86.56912260126664,36.04764662543495]]]},"properties":{"h3":"89264d16ea3ffff","count":1,"c3":0,"c6":0,"c12":0,"c24":1,"score":0.5,"risk":2,"peakDay":"Wednesday","peakTime":"evening","hood":"","bk12":{"morning":0,"afternoon":0,"evening":0,"night":0},"bk24":{"morning":0,"afternoon":0,"evening":1,"night":0},"recent":[{"d":"2025-09-24","day":"Wed","time":"19:00","desc":"INTENTIONAL AGGRAVATED ASSAULT","res":"unsolved"}]}},{"type":"Feature","geometry":{"type":"Polygon","coordinates":[[[-86.78223695427008,36.15336607376454],[-86.78077807446304,36.15463260235581],[-86.78142450043872,36.15639951316088],[-86.78352988548241,36.156899913918714],[-86.78498880411847,36.155633368876465],[-86.7843422988826,36.15386643952786],[-86.78223695427008,36.15336607376454],[-86.78223695427008,36.15336607376454]]]},"properties":{"h3":"89264d10293ffff","count":1,"c3":0,"c6":0,"c12":0,"c24":1,"score":0.5,"risk":2,"peakDay":"Wednesday","peakTime":"evening","hood":"","bk12":{"morning":0,"afternoon":0,"evening":0,"night":0},"bk24":{"morning":0,"afternoon":0,"evening":1,"night":0},"recent":[{"d":"2025-09-24","day":"Wed","time":"19:51","desc":"Assault, Aggravated - Deadly Weapon - Int/Kn","res":"closed"}]}},{"type":"Feature","geometry":{"type":"Polygon","coordinates":[[[-86.57483411874313,36.026426291995264],[-86.57337756299297,36.027690904461814],[-86.57401831035904,36.029458029051206],[-86.5761156925748,36.02996056007362],[-86.57757228755317,36.028695931221876],[-86.57693146108834,36.0269287877334],[-86.57483411874313,36.026426291995264],[-86.57483411874313,36.026426291995264]]]},"properties":{"h3":"89264d16aa3ffff","count":1,"c3":0,"c6":0,"c12":0,"c24":1,"score":0.5,"risk":2,"peakDay":"Wednesday","peakTime":"night","hood":"","bk12":{"morning":0,"afternoon":0,"evening":0,"night":0},"bk24":{"morning":0,"afternoon":0,"evening":0,"night":1},"recent":[{"d":"2025-09-24","day":"Wed","time":"22:50","desc":"INTENTIONAL AGGRAVATED ASSAULT","res":"closed"}]}},{"type":"Feature","geometry":{"type":"Polygon","coordinates":[[[-86.7697326731869,36.187494137207146],[-86.76827334420227,36.188759914032545],[-86.76891968820928,36.19052651704049],[-86.77102544051628,36.19102736178507],[-86.77248480838556,36.189761568545414],[-86.77183838506397,36.18799494697594],[-86.7697326731869,36.187494137207146],[-86.7697326731869,36.187494137207146]]]},"properties":{"h3":"89264d131bbffff","count":2,"c3":0,"c6":0,"c12":0,"c24":2,"score":1,"risk":5,"peakDay":"Thursday","peakTime":"morning","hood":"","bk12":{"morning":0,"afternoon":0,"evening":0,"night":0},"bk24":{"morning":2,"afternoon":0,"evening":0,"night":0},"recent":[{"d":"2025-09-28","day":"Sun","time":"10:30","desc":"INTENTIONAL AGGRAVATED ASSAULT","res":"unsolved"},{"d":"2025-09-25","day":"Thu","time":"10:31","desc":"AGGRAV ASSLT - NONFAMILY-GUN","res":"unsolved"}]}},{"type":"Feature","geometry":{"type":"Polygon","coordinates":[[[-86.7834953194257,36.19883097378575],[-86.78203579606696,36.20009683268675],[-86.78268253547421,36.20186339665547],[-86.78478887757055,36.202364120261294],[-86.78624843978935,36.20109824494392],[-86.7856016210525,36.199331662437594],[-86.7834953194257,36.19883097378575],[-86.7834953194257,36.19883097378575]]]},"properties":{"h3":"89264d130a7ffff","count":1,"c3":0,"c6":0,"c12":0,"c24":1,"score":0.5,"risk":2,"peakDay":"Friday","peakTime":"night","hood":"","bk12":{"morning":0,"afternoon":0,"evening":0,"night":0},"bk24":{"morning":0,"afternoon":0,"evening":0,"night":1},"recent":[{"d":"2025-09-26","day":"Fri","time":"00:00","desc":"INTENTIONAL AGGRAVATED ASSAULT","res":"closed"}]}},{"type":"Feature","geometry":{"type":"Polygon","coordinates":[[[-86.65938128978947,36.14828642405999],[-86.65792279638805,36.14955075271302],[-86.6585662929608,36.15131726193459],[-86.66066836220824,36.151819461252295],[-86.66212689472891,36.150555116242444],[-86.66148331888368,36.14878858827218],[-86.65938128978947,36.14828642405999],[-86.65938128978947,36.14828642405999]]]},"properties":{"h3":"89264d12da3ffff","count":3,"c3":0,"c6":0,"c12":2,"c24":3,"score":1.7,"risk":9,"peakDay":"Friday","peakTime":"morning","hood":"","bk12":{"morning":1,"afternoon":0,"evening":1,"night":0},"bk24":{"morning":2,"afternoon":0,"evening":1,"night":0},"recent":[{"d":"2026-02-15","day":"Sun","time":"20:05","desc":"ROBBERY","res":"unsolved"},{"d":"2025-12-27","day":"Sat","time":"06:00","desc":"AGGRAV ASSLT - NONFAMILY-WEAPON","res":"unsolved"},{"d":"2025-09-26","day":"Fri","time":"06:15","desc":"INTENTIONAL AGGRAVATED ASSAULT","res":"unsolved"}]}},{"type":"Feature","geometry":{"type":"Polygon","coordinates":[[[-86.58963489296677,36.046107173694125],[-86.58817802111014,36.04737176222832],[-86.58881923914521,36.0491387933653],[-86.59091740816442,36.04964125484153],[-86.59237431922905,36.04837664992588],[-86.59173302206726,36.046609599915925],[-86.58963489296677,36.046107173694125],[-86.58963489296677,36.046107173694125]]]},"properties":{"h3":"89264d16e4fffff","count":1,"c3":0,"c6":0,"c12":0,"c24":1,"score":0.5,"risk":2,"peakDay":"Friday","peakTime":"night","hood":"","bk12":{"morning":0,"afternoon":0,"evening":0,"night":0},"bk24":{"morning":0,"afternoon":0,"evening":0,"night":1},"recent":[{"d":"2025-09-26","day":"Fri","time":"22:15","desc":"Assault, Aggravated - Deadly Weapon - Int/Kn","res":"closed"}]}},{"type":"Feature","geometry":{"type":"Polygon","coordinates":[[[-86.64600846040489,36.04829599318532],[-86.64455140828089,36.04956159398427],[-86.64519396917174,36.051328815759256],[-86.64729366130922,36.05183045551472],[-86.64875075250895,36.05056483829081],[-86.64810811249629,36.04879759773687],[-86.64600846040489,36.04829599318532],[-86.64600846040489,36.04829599318532]]]},"properties":{"h3":"89264d1463bffff","count":2,"c3":0,"c6":0,"c12":0,"c24":2,"score":1,"risk":5,"peakDay":"Saturday","peakTime":"morning","hood":"","bk12":{"morning":0,"afternoon":0,"evening":0,"night":0},"bk24":{"morning":1,"afternoon":0,"evening":1,"night":0},"recent":[{"d":"2025-10-01","day":"Wed","time":"20:40","desc":"ROBBERY- ESP. AGG.","res":"closed"},{"d":"2025-09-27","day":"Sat","time":"06:57","desc":"Assault, Officer/Responder -Agg -Deadly Weapon - Int/Kn","res":"closed"}]}},{"type":"Feature","geometry":{"type":"Polygon","coordinates":[[[-86.74295906776688,36.224663363656575],[-86.74149928256399,36.22592807676978],[-86.74214522686789,36.22769429654837],[-86.74425103575157,36.22819582181717],[-86.74571085993131,36.22693109234009],[-86.74506483625132,36.225164853958574],[-86.74295906776688,36.224663363656575],[-86.74295906776688,36.224663363656575]]]},"properties":{"h3":"89264d89967ffff","count":1,"c3":0,"c6":0,"c12":0,"c24":1,"score":0.5,"risk":2,"peakDay":"Saturday","peakTime":"morning","hood":"","bk12":{"morning":0,"afternoon":0,"evening":0,"night":0},"bk24":{"morning":1,"afternoon":0,"evening":0,"night":0},"recent":[{"d":"2025-09-27","day":"Sat","time":"09:00","desc":"ASSAULT, AGG - SERIOUS BOD INJ- INT/KN- VEH/MINOR VIC-ACT IN CONCERT","res":"closed"}]}},{"type":"Feature","geometry":{"type":"Polygon","coordinates":[[[-86.80471333873422,36.220000733694334],[-86.80325346389921,36.22126666258003],[-86.80390083608935,36.22303313701122],[-86.80600816247366,36.22353370105761],[-86.80746807613357,36.22226775575518],[-86.80682062458511,36.2205012628236],[-86.80471333873422,36.220000733694334],[-86.80471333873422,36.220000733694334]]]},"properties":{"h3":"89264d136b3ffff","count":1,"c3":0,"c6":0,"c12":0,"c24":1,"score":0.5,"risk":2,"peakDay":"Saturday","peakTime":"afternoon","hood":"","bk12":{"morning":0,"afternoon":0,"evening":0,"night":0},"bk24":{"morning":0,"afternoon":1,"evening":0,"night":0},"recent":[{"d":"2025-09-27","day":"Sat","time":"16:00","desc":"Assault, Aggravated - Strangulation - Int/Kn","res":"closed"}]}},{"type":"Feature","geometry":{"type":"Polygon","coordinates":[[[-86.77161278776487,36.255668576342735],[-86.77015249262372,36.256933346592376],[-86.77079930681121,36.258699426393704],[-86.77290649555945,36.25920075449826],[-86.77436682963197,36.25793596788605],[-86.77371993602569,36.256169869532336],[-86.77161278776487,36.255668576342735],[-86.77161278776487,36.255668576342735]]]},"properties":{"h3":"89264d89e27ffff","count":1,"c3":0,"c6":0,"c12":0,"c24":1,"score":0.5,"risk":2,"peakDay":"Saturday","peakTime":"evening","hood":"","bk12":{"morning":0,"afternoon":0,"evening":0,"night":0},"bk24":{"morning":0,"afternoon":0,"evening":1,"night":0},"recent":[{"d":"2025-09-27","day":"Sat","time":"18:54","desc":"ROBBERY","res":"closed"}]}},{"type":"Feature","geometry":{"type":"Polygon","coordinates":[[[-87.0150005703603,36.07442575247504],[-87.01354223724623,36.07569778507477],[-87.01419365232331,36.077466113962586],[-87.01630347961097,36.07796242841187],[-87.01776185093377,36.076690379115725],[-87.01711035676104,36.074922032067185],[-87.0150005703603,36.07442575247504],[-87.0150005703603,36.07442575247504]]]},"properties":{"h3":"89264d56d17ffff","count":1,"c3":0,"c6":0,"c12":0,"c24":1,"score":0.5,"risk":2,"peakDay":"Saturday","peakTime":"evening","hood":"","bk12":{"morning":0,"afternoon":0,"evening":0,"night":0},"bk24":{"morning":0,"afternoon":0,"evening":1,"night":0},"recent":[{"d":"2025-09-27","day":"Sat","time":"20:00","desc":"Assault, Aggravated - Strangulation - Int/Kn","res":"closed"}]}},{"type":"Feature","geometry":{"type":"Polygon","coordinates":[[[-86.64122345881326,36.24068300319],[-86.63976371033873,36.24194558398076],[-86.640407352827,36.24371131464981],[-86.64251082320759,36.2442144832994],[-86.64397061091469,36.24295188623878],[-86.64332688900944,36.24118613679891],[-86.64122345881326,36.24068300319],[-86.64122345881326,36.24068300319]]]},"properties":{"h3":"89264d8f283ffff","count":1,"c3":0,"c6":0,"c12":0,"c24":1,"score":0.5,"risk":2,"peakDay":"Saturday","peakTime":"night","hood":"","bk12":{"morning":0,"afternoon":0,"evening":0,"night":0},"bk24":{"morning":0,"afternoon":0,"evening":0,"night":1},"recent":[{"d":"2025-09-27","day":"Sat","time":"22:00","desc":"INTENTIONAL AGGRAVATED ASSAULT","res":"closed"}]}},{"type":"Feature","geometry":{"type":"Polygon","coordinates":[[[-86.75353527220909,36.18525324824005],[-86.75207601574444,36.18651875906915],[-86.75272196370173,36.18828532185912],[-86.75482724743834,36.1887863924092],[-86.75628654282485,36.187520865176964],[-86.75564051555365,36.185754283798275],[-86.75353527220909,36.18525324824005],[-86.75353527220909,36.18525324824005]]]},"properties":{"h3":"89264d12277ffff","count":1,"c3":0,"c6":0,"c12":0,"c24":1,"score":0.5,"risk":2,"peakDay":"Sunday","peakTime":"night","hood":"","bk12":{"morning":0,"afternoon":0,"evening":0,"night":0},"bk24":{"morning":0,"afternoon":0,"evening":0,"night":1},"recent":[{"d":"2025-09-28","day":"Sun","time":"04:00","desc":"AGGRAV ASSLT - FAMILY-WEAPON","res":"closed"}]}},{"type":"Feature","geometry":{"type":"Polygon","coordinates":[[[-86.71954034213834,36.286787645686054],[-86.71807973966463,36.288050973711094],[-86.7187255190331,36.289816625722096],[-86.72083198035149,36.2903189683448],[-86.72229262190518,36.289055624023014],[-86.7216467630613,36.28728995337576],[-86.71954034213834,36.286787645686054],[-86.71954034213834,36.286787645686054]]]},"properties":{"h3":"89264d8802fffff","count":1,"c3":0,"c6":0,"c12":0,"c24":1,"score":0.5,"risk":2,"peakDay":"Sunday","peakTime":"afternoon","hood":"","bk12":{"morning":0,"afternoon":0,"evening":0,"night":0},"bk24":{"morning":0,"afternoon":1,"evening":0,"night":0},"recent":[{"d":"2025-09-28","day":"Sun","time":"15:00","desc":"Assault, Aggravated - Deadly Weapon - Int/Kn","res":"unsolved"}]}},{"type":"Feature","geometry":{"type":"Polygon","coordinates":[[[-86.60790973724731,36.1650023649682],[-86.6064511439878,36.166265483737966],[-86.60709352963143,36.16803167742506],[-86.60919458784119,36.16853477117579],[-86.61065322035527,36.16727163610367],[-86.61001075540581,36.16550542358368],[-86.60790973724731,36.1650023649682],[-86.60790973724731,36.1650023649682]]]},"properties":{"h3":"89264d8c34bffff","count":1,"c3":0,"c6":0,"c12":0,"c24":1,"score":0.5,"risk":2,"peakDay":"Sunday","peakTime":"night","hood":"","bk12":{"morning":0,"afternoon":0,"evening":0,"night":0},"bk24":{"morning":0,"afternoon":0,"evening":0,"night":1},"recent":[{"d":"2025-09-28","day":"Sun","time":"22:11","desc":"INTENTIONAL AGGRAVATED ASSAULT","res":"closed"}]}},{"type":"Feature","geometry":{"type":"Polygon","coordinates":[[[-86.63585586552362,36.036187434203676],[-86.63439901019112,36.03745303039551],[-86.63504125674244,36.03922030642407],[-86.63714043773189,36.03972200505805],[-86.63859733215514,36.03845639243983],[-86.63795500649898,36.03668909761448],[-86.63585586552362,36.036187434203676],[-86.63585586552362,36.036187434203676]]]},"properties":{"h3":"89264d14047ffff","count":1,"c3":0,"c6":0,"c12":0,"c24":1,"score":0.5,"risk":2,"peakDay":"Monday","peakTime":"evening","hood":"","bk12":{"morning":0,"afternoon":0,"evening":0,"night":0},"bk24":{"morning":0,"afternoon":0,"evening":1,"night":0},"recent":[{"d":"2025-09-29","day":"Mon","time":"20:00","desc":"INTENTIONAL AGGRAVATED ASSAULT","res":"closed"}]}},{"type":"Feature","geometry":{"type":"Polygon","coordinates":[[[-86.74415897463275,36.17011812148021],[-86.74269995519,36.171383689304115],[-86.74334558761178,36.173150335536754],[-86.74545031876943,36.1736514325516],[-86.7469093771451,36.17238584832018],[-86.746263665431,36.170619183481925],[-86.74415897463275,36.17011812148021],[-86.74415897463275,36.17011812148021]]]},"properties":{"h3":"89264d104b7ffff","count":1,"c3":0,"c6":0,"c12":0,"c24":1,"score":0.5,"risk":2,"peakDay":"Tuesday","peakTime":"night","hood":"","bk12":{"morning":0,"afternoon":0,"evening":0,"night":0},"bk24":{"morning":0,"afternoon":0,"evening":0,"night":1},"recent":[{"d":"2025-09-30","day":"Tue","time":"04:00","desc":"INTENTIONAL AGGRAVATED ASSAULT","res":"closed"}]}},{"type":"Feature","geometry":{"type":"Polygon","coordinates":[[[-86.76741923913774,36.233710764608276],[-86.76595926440018,36.2349757929033],[-86.76660584239967,36.236742029075856],[-86.76871247452337,36.23724325551522],[-86.77017248818585,36.23597821084384],[-86.76952583080052,36.234211956109924],[-86.76741923913774,36.233710764608276],[-86.76741923913774,36.233710764608276]]]},"properties":{"h3":"89264d89bc7ffff","count":2,"c3":0,"c6":0,"c12":1,"c24":2,"score":1.1,"risk":6,"peakDay":"Tuesday","peakTime":"afternoon","hood":"","bk12":{"morning":0,"afternoon":1,"evening":0,"night":0},"bk24":{"morning":0,"afternoon":2,"evening":0,"night":0},"recent":[{"d":"2026-02-14","day":"Sat","time":"15:20","desc":"INTENTIONAL AGGRAVATED ASSAULT","res":"closed"},{"d":"2025-09-30","day":"Tue","time":"16:30","desc":"INTENTIONAL AGGRAVATED ASSAULT","res":"closed"}]}},{"type":"Feature","geometry":{"type":"Polygon","coordinates":[[[-86.76047538760132,36.20948318826155],[-86.75901577206638,36.210748457962374],[-86.75966203493152,36.21251485779434],[-86.76176799268225,36.21301600650103],[-86.76322764714054,36.21175072041048],[-86.76258130492558,36.209984302003456],[-86.76047538760132,36.20948318826155],[-86.76047538760132,36.20948318826155]]]},"properties":{"h3":"89264d135b3ffff","count":4,"c3":0,"c6":0,"c12":3,"c24":4,"score":2.2,"risk":11,"peakDay":"Tuesday","peakTime":"night","hood":"","bk12":{"morning":0,"afternoon":1,"evening":1,"night":1},"bk24":{"morning":0,"afternoon":1,"evening":1,"night":2},"recent":[{"d":"2026-01-12","day":"Mon","time":"18:34","desc":"AGGRAV ASSLT - NONFAMILY-GUN","res":"unsolved"},{"d":"2025-11-11","day":"Tue","time":"13:10","desc":"ROBBERY, AGGRAVATED, HANDGUN","res":"unsolved"},{"d":"2025-11-10","day":"Mon","time":"04:30","desc":"AGGRAV ASSLT - NONFAMILY-WEAPON","res":"unsolved"},{"d":"2025-09-30","day":"Tue","time":"22:25","desc":"INTENTIONAL AGGRAVATED ASSAULT","res":"unsolved"}]}},{"type":"Feature","geometry":{"type":"Polygon","coordinates":[[[-86.69784087150836,36.08003100290358],[-86.69638323835555,36.08129708286094],[-86.69702721808423,36.08306425256879],[-86.69912891012864,36.083565361009924],[-86.7005865822575,36.08229926461122],[-86.69994252336667,36.080532076213224],[-86.69784087150836,36.08003100290358],[-86.69784087150836,36.08003100290358]]]},"properties":{"h3":"89264d109b7ffff","count":1,"c3":0,"c6":0,"c12":0,"c24":1,"score":0.5,"risk":2,"peakDay":"Wednesday","peakTime":"night","hood":"","bk12":{"morning":0,"afternoon":0,"evening":0,"night":0},"bk24":{"morning":0,"afternoon":0,"evening":0,"night":1},"recent":[{"d":"2025-10-01","day":"Wed","time":"03:59","desc":"Assault, Aggravated - Deadly Weapon - Int/Kn","res":"closed"}]}},{"type":"Feature","geometry":{"type":"Polygon","coordinates":[[[-86.77599358811266,36.25187398707384],[-86.77453333551104,36.25313889658195],[-86.77518022936192,36.2549050214689],[-86.77728745522748,36.255406255393645],[-86.77874774674707,36.2541413295165],[-86.77810077348396,36.25237518608412],[-86.77599358811266,36.25187398707384],[-86.77599358811266,36.25187398707384]]]},"properties":{"h3":"89264d89a97ffff","count":1,"c3":0,"c6":0,"c12":0,"c24":1,"score":0.5,"risk":2,"peakDay":"Wednesday","peakTime":"morning","hood":"","bk12":{"morning":0,"afternoon":0,"evening":0,"night":0},"bk24":{"morning":1,"afternoon":0,"evening":0,"night":0},"recent":[{"d":"2025-10-01","day":"Wed","time":"06:00","desc":"Assault, Aggravated - Deadly Weapon - Int/Kn","res":"closed"}]}},{"type":"Feature","geometry":{"type":"Polygon","coordinates":[[[-86.57325823182967,36.06961056145357],[-86.57180107361097,36.07087448929582],[-86.57244205068633,36.07264128239414],[-86.57454026514613,36.07314416654912],[-86.57599746262949,36.07188022235719],[-86.57535640638918,36.070113410360456],[-86.57325823182967,36.06961056145357],[-86.57325823182967,36.06961056145357]]]},"properties":{"h3":"89264d16103ffff","count":1,"c3":0,"c6":0,"c12":0,"c24":1,"score":0.5,"risk":2,"peakDay":"Wednesday","peakTime":"afternoon","hood":"","bk12":{"morning":0,"afternoon":0,"evening":0,"night":0},"bk24":{"morning":0,"afternoon":1,"evening":0,"night":0},"recent":[{"d":"2025-10-01","day":"Wed","time":"16:00","desc":"Assault, Aggravated - Strangulation - Int/Kn","res":"closed"}]}},{"type":"Feature","geometry":{"type":"Polygon","coordinates":[[[-86.76672997062396,36.11095647132298],[-86.76527172659743,36.11222335783637],[-86.7659175226611,36.113990539094964],[-86.76802164195013,36.11449085241349],[-86.76947992481108,36.11322394942818],[-86.76883404954937,36.11145674959676],[-86.76672997062396,36.11095647132298],[-86.76672997062396,36.11095647132298]]]},"properties":{"h3":"89264d11d87ffff","count":1,"c3":0,"c6":0,"c12":0,"c24":1,"score":0.5,"risk":2,"peakDay":"Wednesday","peakTime":"evening","hood":"","bk12":{"morning":0,"afternoon":0,"evening":0,"night":0},"bk24":{"morning":0,"afternoon":0,"evening":1,"night":0},"recent":[{"d":"2025-10-01","day":"Wed","time":"18:30","desc":"INTENTIONAL AGGRAVATED ASSAULT","res":"closed"}]}},{"type":"Feature","geometry":{"type":"Polygon","coordinates":[[[-86.57926162044078,36.059756430207244],[-86.5778045845998,36.06102061911024],[-86.57844564236238,36.06278750889087],[-86.58054381511572,36.06329022865817],[-86.58200089019964,36.06202602339286],[-86.58135975328806,36.060259114723046],[-86.57926162044078,36.059756430207244],[-86.57926162044078,36.059756430207244]]]},"properties":{"h3":"89264d1616fffff","count":1,"c3":0,"c6":0,"c12":0,"c24":1,"score":0.5,"risk":2,"peakDay":"Wednesday","peakTime":"evening","hood":"","bk12":{"morning":0,"afternoon":0,"evening":0,"night":0},"bk24":{"morning":0,"afternoon":0,"evening":1,"night":0},"recent":[{"d":"2025-10-01","day":"Wed","time":"21:19","desc":"INTENTIONAL AGGRAVATED ASSAULT","res":"unsolved"}]}},{"type":"Feature","geometry":{"type":"Polygon","coordinates":[[[-86.82533189441119,36.155532507037016],[-86.82387287659441,36.15679980076909],[-86.82452033211167,36.158566847180985],[-86.82662688470249,36.15906661833275],[-86.82808594124634,36.157799308117184],[-86.82743840647312,36.15603224323383],[-86.82533189441119,36.155532507037016],[-86.82533189441119,36.155532507037016]]]},"properties":{"h3":"89264d110bbffff","count":1,"c3":0,"c6":0,"c12":0,"c24":1,"score":0.5,"risk":2,"peakDay":"Thursday","peakTime":"afternoon","hood":"","bk12":{"morning":0,"afternoon":0,"evening":0,"night":0},"bk24":{"morning":0,"afternoon":1,"evening":0,"night":0},"recent":[{"d":"2025-10-02","day":"Thu","time":"13:01","desc":"Assault, Aggravated - Deadly Weapon - Int/Kn","res":"closed"}]}},{"type":"Feature","geometry":{"type":"Polygon","coordinates":[[[-86.81527214874916,36.18057150622572],[-86.81381280331841,36.1818382322557],[-86.81446017808494,36.18360504977297],[-86.81656697757907,36.184105159746906],[-86.81802636177979,36.18283841726101],[-86.81737890771721,36.181071581257584],[-86.81527214874916,36.18057150622572],[-86.81527214874916,36.18057150622572]]]},"properties":{"h3":"89264d1334bffff","count":1,"c3":0,"c6":0,"c12":0,"c24":1,"score":0.5,"risk":2,"peakDay":"Saturday","peakTime":"night","hood":"","bk12":{"morning":0,"afternoon":0,"evening":0,"night":0},"bk24":{"morning":0,"afternoon":0,"evening":0,"night":1},"recent":[{"d":"2025-10-04","day":"Sat","time":"01:05","desc":"INTENTIONAL AGGRAVATED ASSAULT","res":"closed"}]}},{"type":"Feature","geometry":{"type":"Polygon","coordinates":[[[-86.77924661337896,36.239748970014226],[-86.77778652369912,36.24101412523578],[-86.77843341851734,36.24278035617107],[-86.78054048240924,36.24328145042639],[-86.78200061099007,36.24201627882375],[-86.78135363677882,36.24025002934737],[-86.77924661337896,36.239748970014226],[-86.77924661337896,36.239748970014226]]]},"properties":{"h3":"89264d89a33ffff","count":3,"c3":0,"c6":0,"c12":2,"c24":3,"score":1.7,"risk":8,"peakDay":"Saturday","peakTime":"morning","hood":"","bk12":{"morning":0,"afternoon":0,"evening":1,"night":1},"bk24":{"morning":1,"afternoon":0,"evening":1,"night":1},"recent":[{"d":"2026-02-19","day":"Thu","time":"01:28","desc":"INTENTIONAL AGGRAVATED ASSAULT","res":"unsolved"},{"d":"2025-10-26","day":"Sun","time":"18:00","desc":"ROBBERY","res":"unsolved"},{"d":"2025-10-04","day":"Sat","time":"11:00","desc":"INTENTIONAL AGGRAVATED ASSAULT","res":"unsolved"}]}},{"type":"Feature","geometry":{"type":"Polygon","coordinates":[[[-86.73111092299801,36.11861581281855],[-86.72965266177546,36.11988192297893],[-86.73029766576157,36.12164891818569],[-86.73240101018669,36.122149821864184],[-86.73385931033472,36.120883695266286],[-86.73321422713295,36.1191166814279],[-86.73111092299801,36.11861581281855],[-86.73111092299801,36.11861581281855]]]},"properties":{"h3":"89264d10c57ffff","count":1,"c3":0,"c6":0,"c12":0,"c24":1,"score":0.5,"risk":2,"peakDay":"Sunday","peakTime":"afternoon","hood":"","bk12":{"morning":0,"afternoon":0,"evening":0,"night":0},"bk24":{"morning":0,"afternoon":1,"evening":0,"night":0},"recent":[{"d":"2025-10-05","day":"Sun","time":"14:30","desc":"ROBBERY","res":"unsolved"}]}},{"type":"Feature","geometry":{"type":"Polygon","coordinates":[[[-86.83342371609437,36.18810503647074],[-86.83196421959035,36.18937198381774],[-86.83261206944803,36.191138806777744],[-86.83471949511488,36.19163870084648],[-86.83617903035079,36.19037173703502],[-86.83553110118879,36.18860489561978],[-86.83342371609437,36.18810503647074],[-86.83342371609437,36.18810503647074]]]},"properties":{"h3":"89264dc49a7ffff","count":1,"c3":0,"c6":0,"c12":0,"c24":1,"score":0.5,"risk":2,"peakDay":"Monday","peakTime":"morning","hood":"","bk12":{"morning":0,"afternoon":0,"evening":0,"night":0},"bk24":{"morning":1,"afternoon":0,"evening":0,"night":0},"recent":[{"d":"2025-10-06","day":"Mon","time":"10:30","desc":"Assault, Aggravated - Deadly Weapon - Int/Kn","res":"closed"}]}},{"type":"Feature","geometry":{"type":"Polygon","coordinates":[[[-86.78805597218907,36.16926799764969],[-86.78659685387855,36.170534391818606],[-86.78724351628439,36.17230120061891],[-86.78934937628509,36.172801633783315],[-86.79080853342255,36.171535223171254],[-86.79016179173318,36.16976839583844],[-86.78805597218907,36.16926799764969],[-86.78805597218907,36.16926799764969]]]},"properties":{"h3":"89264d106cfffff","count":2,"c3":0,"c6":0,"c12":1,"c24":2,"score":1,"risk":5,"peakDay":"Monday","peakTime":"evening","hood":"","bk12":{"morning":1,"afternoon":0,"evening":0,"night":0},"bk24":{"morning":1,"afternoon":0,"evening":1,"night":0},"recent":[{"d":"2025-10-08","day":"Wed","time":"07:20","desc":"Assault, Aggravated - Deadly Weapon - Int/Kn","res":"unsolved"},{"d":"2025-10-06","day":"Mon","time":"17:00","desc":"INTENTIONAL AGGRAVATED ASSAULT","res":"unsolved"}]}},{"type":"Feature","geometry":{"type":"Polygon","coordinates":[[[-86.71311526806139,36.24818286408161],[-86.71165522720095,36.24944666411398],[-86.71230061387257,36.25121259466689],[-86.71440612082252,36.25171474383844],[-86.71586620074913,36.25045092748439],[-86.7152207346604,36.24868497828097],[-86.71311526806139,36.24818286408161],[-86.71311526806139,36.24818286408161]]]},"properties":{"h3":"89264d88a9bffff","count":2,"c3":0,"c6":0,"c12":1,"c24":2,"score":1,"risk":5,"peakDay":"Tuesday","peakTime":"afternoon","hood":"","bk12":{"morning":1,"afternoon":0,"evening":0,"night":0},"bk24":{"morning":1,"afternoon":1,"evening":0,"night":0},"recent":[{"d":"2025-11-22","day":"Sat","time":"07:23","desc":"Assault, Aggravated - Deadly Weapon - Int/Kn","res":"closed"},{"d":"2025-10-07","day":"Tue","time":"15:00","desc":"INTENTIONAL AGGRAVATED ASSAULT","res":"closed"}]}},{"type":"Feature","geometry":{"type":"Polygon","coordinates":[[[-86.77079930681121,36.258699426393704],[-86.76933897093639,36.25996413518861],[-86.76998578487336,36.261730188447174],[-86.77209301410959,36.26223155146479],[-86.77355338892004,36.26096682631031],[-86.77290649555945,36.25920075449826],[-86.77079930681121,36.258699426393704],[-86.77079930681121,36.258699426393704]]]},"properties":{"h3":"89264d89e37ffff","count":1,"c3":0,"c6":0,"c12":1,"c24":1,"score":0.5,"risk":3,"peakDay":"Friday","peakTime":"night","hood":"","bk12":{"morning":0,"afternoon":0,"evening":0,"night":1},"bk24":{"morning":0,"afternoon":0,"evening":0,"night":1},"recent":[{"d":"2025-10-10","day":"Fri","time":"23:40","desc":"AGGRAV ASSLT - NONFAMILY-GUN","res":"unsolved"}]}},{"type":"Feature","geometry":{"type":"Polygon","coordinates":[[[-86.69081054448245,36.218679367575156],[-86.68935097733969,36.21994320502796],[-86.6899956535557,36.22170928495692],[-86.69209997629069,36.22221154612386],[-86.6935595825308,36.22094769234421],[-86.69291482693934,36.21918159372495],[-86.69081054448245,36.218679367575156],[-86.69081054448245,36.218679367575156]]]},"properties":{"h3":"89264d88b33ffff","count":1,"c3":0,"c6":0,"c12":1,"c24":1,"score":0.5,"risk":3,"peakDay":"Saturday","peakTime":"night","hood":"","bk12":{"morning":0,"afternoon":0,"evening":0,"night":1},"bk24":{"morning":0,"afternoon":0,"evening":0,"night":1},"recent":[{"d":"2025-10-11","day":"Sat","time":"04:40","desc":"Assault, Aggravated - Deadly Weapon - Int/Kn","res":"unsolved"}]}},{"type":"Feature","geometry":{"type":"Polygon","coordinates":[[[-86.6279293351847,36.04074772570822],[-86.6264724367469,36.04201310578084],[-86.62711452464333,36.04378031832742],[-86.62921359009131,36.04428216961149],[-86.63067052764214,36.043016773122424],[-86.63002836063274,36.04124954176621],[-86.6279293351847,36.04074772570822],[-86.6279293351847,36.04074772570822]]]},"properties":{"h3":"89264d14013ffff","count":1,"c3":0,"c6":0,"c12":1,"c24":1,"score":0.5,"risk":3,"peakDay":"Saturday","peakTime":"morning","hood":"","bk12":{"morning":1,"afternoon":0,"evening":0,"night":0},"bk24":{"morning":1,"afternoon":0,"evening":0,"night":0},"recent":[{"d":"2025-10-11","day":"Sat","time":"10:00","desc":"INTENTIONAL AGGRAVATED ASSAULT","res":"closed"}]}},{"type":"Feature","geometry":{"type":"Polygon","coordinates":[[[-86.79049309448021,36.160167863464814],[-86.7890340982009,36.16143444141019],[-86.7896807612842,36.16320132905758],[-86.79178649991687,36.16370165728927],[-86.79324553501047,36.16243506289172],[-86.79259879265798,36.16066815671512],[-86.79049309448021,36.160167863464814],[-86.79049309448021,36.160167863464814]]]},"properties":{"h3":"89264d1067bffff","count":1,"c3":0,"c6":0,"c12":1,"c24":1,"score":0.5,"risk":3,"peakDay":"Sunday","peakTime":"night","hood":"","bk12":{"morning":0,"afternoon":0,"evening":0,"night":1},"bk24":{"morning":0,"afternoon":0,"evening":0,"night":1},"recent":[{"d":"2025-10-12","day":"Sun","time":"01:00","desc":"Assault, Aggravated - Deadly Weapon - Int/Kn","res":"closed"}]}},{"type":"Feature","geometry":{"type":"Polygon","coordinates":[[[-86.82808594124634,36.157799308117184],[-86.82662688470249,36.15906661833275],[-86.82727441930248,36.16083365694586],[-86.82938108970606,36.1613334038106],[-86.830840184972,36.160066077111146],[-86.83019257111309,36.15829902003133],[-86.82808594124634,36.157799308117184],[-86.82808594124634,36.157799308117184]]]},"properties":{"h3":"89264d1108fffff","count":1,"c3":0,"c6":0,"c12":1,"c24":1,"score":0.5,"risk":3,"peakDay":"Sunday","peakTime":"morning","hood":"","bk12":{"morning":1,"afternoon":0,"evening":0,"night":0},"bk24":{"morning":1,"afternoon":0,"evening":0,"night":0},"recent":[{"d":"2025-10-12","day":"Sun","time":"07:30","desc":"INTENTIONAL AGGRAVATED ASSAULT","res":"closed"}]}},{"type":"Feature","geometry":{"type":"Polygon","coordinates":[[[-86.67923153866344,36.086887145356044],[-86.67777385738468,36.08815277624969],[-86.67841744090461,36.08991982639903],[-86.68051878487965,36.09042126437581],[-86.68197650518404,36.089155617061095],[-86.68133284248854,36.08738854819113],[-86.67923153866344,36.086887145356044],[-86.67923153866344,36.086887145356044]]]},"properties":{"h3":"89264d172bbffff","count":1,"c3":0,"c6":0,"c12":1,"c24":1,"score":0.5,"risk":3,"peakDay":"Sunday","peakTime":"evening","hood":"","bk12":{"morning":0,"afternoon":0,"evening":1,"night":0},"bk24":{"morning":0,"afternoon":0,"evening":1,"night":0},"recent":[{"d":"2025-10-12","day":"Sun","time":"18:50","desc":"INTENTIONAL AGGRAVATED ASSAULT","res":"unsolved"}]}},{"type":"Feature","geometry":{"type":"Polygon","coordinates":[[[-86.7382341262396,36.117085037801594],[-86.73677586836288,36.11835130323346],[-86.73742103077856,36.12011833569761],[-86.73952453028399,36.12061912135026],[-86.74098282706801,36.119352839474],[-86.74033758544014,36.11758578838996],[-86.7382341262396,36.117085037801594],[-86.7382341262396,36.117085037801594]]]},"properties":{"h3":"89264d10c4bffff","count":1,"c3":0,"c6":0,"c12":1,"c24":1,"score":0.5,"risk":3,"peakDay":"Sunday","peakTime":"night","hood":"","bk12":{"morning":0,"afternoon":0,"evening":0,"night":1},"bk24":{"morning":0,"afternoon":0,"evening":0,"night":1},"recent":[{"d":"2025-10-12","day":"Sun","time":"22:15","desc":"INTENTIONAL AGGRAVATED ASSAULT","res":"unsolved"}]}},{"type":"Feature","geometry":{"type":"Polygon","coordinates":[[[-86.71148591867917,36.25424223727687],[-86.71002579646587,36.25550591435824],[-86.71067118247846,36.257271791896585],[-86.71277677013194,36.25777401100669],[-86.71423693141992,36.25651031760966],[-86.71359146598061,36.254744421418664],[-86.71148591867917,36.25424223727687],[-86.71148591867917,36.25424223727687]]]},"properties":{"h3":"89264d88e77ffff","count":1,"c3":0,"c6":0,"c12":1,"c24":1,"score":0.5,"risk":3,"peakDay":"Monday","peakTime":"morning","hood":"","bk12":{"morning":1,"afternoon":0,"evening":0,"night":0},"bk24":{"morning":1,"afternoon":0,"evening":0,"night":0},"recent":[{"d":"2025-10-13","day":"Mon","time":"10:00","desc":"Assault, Aggravated - Deadly Weapon - Int/Kn","res":"closed"}]}},{"type":"Feature","geometry":{"type":"Polygon","coordinates":[[[-86.75272196370173,36.18828532185912],[-86.75126266657483,36.18955077136474],[-86.75190861425774,36.19131730782005],[-86.754013938387,36.19181841336005],[-86.75547327443994,36.190552947454314],[-86.75482724743834,36.1887863924092],[-86.75272196370173,36.18828532185912],[-86.75272196370173,36.18828532185912]]]},"properties":{"h3":"89264d1220fffff","count":1,"c3":0,"c6":0,"c12":1,"c24":1,"score":0.5,"risk":3,"peakDay":"Sunday","peakTime":"evening","hood":"","bk12":{"morning":0,"afternoon":0,"evening":1,"night":0},"bk24":{"morning":0,"afternoon":0,"evening":1,"night":0},"recent":[{"d":"2025-10-19","day":"Sun","time":"20:02","desc":"Assault, Officer/Responder -Agg -Deadly Weapon - Int/Kn - In Concert","res":"closed"}]}},{"type":"Feature","geometry":{"type":"Polygon","coordinates":[[[-86.77760175593424,36.082878384243536],[-86.77614387918142,36.08414589855977],[-86.77678975665758,36.08591333311964],[-86.77889359004062,36.08641327192071],[-86.78035150558081,36.085145741101854],[-86.77970554895138,36.08337828798505],[-86.77760175593424,36.082878384243536],[-86.77760175593424,36.082878384243536]]]},"properties":{"h3":"89264d11907ffff","count":1,"c3":0,"c6":0,"c12":1,"c24":1,"score":0.5,"risk":3,"peakDay":"Monday","peakTime":"morning","hood":"","bk12":{"morning":1,"afternoon":0,"evening":0,"night":0},"bk24":{"morning":1,"afternoon":0,"evening":0,"night":0},"recent":[{"d":"2025-10-20","day":"Mon","time":"09:00","desc":"Assault, Aggravated - Strangulation - Int/Kn","res":"closed"}]}},{"type":"Feature","geometry":{"type":"Polygon","coordinates":[[[-86.59021987872771,36.06883462029621],[-86.58876268594364,36.07009887465094],[-86.58940405833629,36.07186573624217],[-86.59150270267509,36.07236836234937],[-86.59295993468295,36.07110409163069],[-86.59231848312899,36.06933721116922],[-86.59021987872771,36.06883462029621],[-86.59021987872771,36.06883462029621]]]},"properties":{"h3":"89264d16387ffff","count":1,"c3":0,"c6":0,"c12":1,"c24":1,"score":0.5,"risk":3,"peakDay":"Tuesday","peakTime":"morning","hood":"","bk12":{"morning":1,"afternoon":0,"evening":0,"night":0},"bk24":{"morning":1,"afternoon":0,"evening":0,"night":0},"recent":[{"d":"2025-10-21","day":"Tue","time":"10:00","desc":"INTENTIONAL AGGRAVATED ASSAULT","res":"closed"}]}},{"type":"Feature","geometry":{"type":"Polygon","coordinates":[[[-86.60229083732844,36.08624390881757],[-86.60083336757914,36.087508122598834],[-86.60147513246181,36.08927489670031],[-86.60357444628075,36.08977747586976],[-86.6050319552384,36.08851324572861],[-86.60439011116955,36.08674645277837],[-86.60229083732844,36.08624390881757],[-86.60229083732844,36.08624390881757]]]},"properties":{"h3":"89264d16043ffff","count":1,"c3":0,"c6":0,"c12":1,"c24":1,"score":0.5,"risk":3,"peakDay":"Tuesday","peakTime":"afternoon","hood":"","bk12":{"morning":0,"afternoon":1,"evening":0,"night":0},"bk24":{"morning":0,"afternoon":1,"evening":0,"night":0},"recent":[{"d":"2025-10-21","day":"Tue","time":"16:52","desc":"AGGRAV ASSLT - FAMILY-WEAPON","res":"closed"}]}},{"type":"Feature","geometry":{"type":"Polygon","coordinates":[[[-86.76785506823681,36.11929201551335],[-86.76639670413434,36.12055879615334],[-86.76704257863804,36.1223259175888],[-86.7691468964556,36.122826276955045],[-86.77060529939604,36.121559479848784],[-86.76995934568177,36.11979233984303],[-86.76785506823681,36.11929201551335],[-86.76785506823681,36.11929201551335]]]},"properties":{"h3":"89264d1032bffff","count":2,"c3":0,"c6":0,"c12":2,"c24":2,"score":1.2,"risk":6,"peakDay":"Wednesday","peakTime":"morning","hood":"","bk12":{"morning":1,"afternoon":1,"evening":0,"night":0},"bk24":{"morning":1,"afternoon":1,"evening":0,"night":0},"recent":[{"d":"2026-02-26","day":"Thu","time":"12:30","desc":"ASSAULT, AGGRAVATED - DEADLY WEAPON - INT/KN FROM MOT VEH","res":"unsolved"},{"d":"2025-10-22","day":"Wed","time":"08:50","desc":"ROBBERY","res":"unsolved"}]}},{"type":"Feature","geometry":{"type":"Polygon","coordinates":[[[-86.7639165204167,36.17159406425631],[-86.76245743010263,36.1728599757316],[-86.76310353773418,36.17462668093822],[-86.76520881497187,36.1751274932426],[-86.76666794417262,36.1738615653452],[-86.7660217572498,36.17209484156601],[-86.7639165204167,36.17159406425631],[-86.7639165204167,36.17159406425631]]]},"properties":{"h3":"89264d10457ffff","count":1,"c3":0,"c6":0,"c12":1,"c24":1,"score":0.5,"risk":3,"peakDay":"Friday","peakTime":"evening","hood":"","bk12":{"morning":0,"afternoon":0,"evening":1,"night":0},"bk24":{"morning":0,"afternoon":0,"evening":1,"night":0},"recent":[{"d":"2025-10-24","day":"Fri","time":"21:00","desc":"Assault, Aggravated - Deadly Weapon - Int/Kn","res":"closed"}]}},{"type":"Feature","geometry":{"type":"Polygon","coordinates":[[[-86.62629967322371,36.046812823964906],[-86.62484269391028,36.04807808182619],[-86.62548478092306,36.04984524260556],[-86.6275839263725,36.050347164336024],[-86.62904094480737,36.0490818900644],[-86.62839877867216,36.04731471047314],[-86.62629967322371,36.046812823964906],[-86.62629967322371,36.046812823964906]]]},"properties":{"h3":"89264d1409bffff","count":1,"c3":0,"c6":0,"c12":1,"c24":1,"score":0.5,"risk":3,"peakDay":"Saturday","peakTime":"night","hood":"","bk12":{"morning":0,"afternoon":0,"evening":0,"night":1},"bk24":{"morning":0,"afternoon":0,"evening":0,"night":1},"recent":[{"d":"2025-10-25","day":"Sat","time":"04:00","desc":"INTENTIONAL AGGRAVATED ASSAULT","res":"closed"}]}},{"type":"Feature","geometry":{"type":"Polygon","coordinates":[[[-86.75047324253656,36.17162122429542],[-86.74901418588163,36.172886886232526],[-86.74965997660894,36.174653543384565],[-86.75176490328553,36.17515455719495],[-86.75322399885938,36.173888878846505],[-86.75257812883852,36.17212220309948],[-86.75047324253656,36.17162122429542],[-86.75047324253656,36.17162122429542]]]},"properties":{"h3":"89264d104bbffff","count":1,"c3":0,"c6":0,"c12":1,"c24":1,"score":0.5,"risk":3,"peakDay":"Sunday","peakTime":"night","hood":"","bk12":{"morning":0,"afternoon":0,"evening":0,"night":1},"bk24":{"morning":0,"afternoon":0,"evening":0,"night":1},"recent":[{"d":"2025-10-26","day":"Sun","time":"01:49","desc":"INTENTIONAL AGGRAVATED ASSAULT","res":"closed"}]}},{"type":"Feature","geometry":{"type":"Polygon","coordinates":[[[-86.73896836501582,36.17694671610242],[-86.73750926259265,36.178212083613786],[-86.73815481513596,36.17997865864787],[-86.74025954940689,36.18047988478478],[-86.74171869078056,36.17921450087541],[-86.74107305893361,36.1774479072276],[-86.73896836501582,36.17694671610242],[-86.73896836501582,36.17694671610242]]]},"properties":{"h3":"89264d12357ffff","count":1,"c3":0,"c6":0,"c12":1,"c24":1,"score":0.5,"risk":3,"peakDay":"Sunday","peakTime":"evening","hood":"","bk12":{"morning":0,"afternoon":0,"evening":1,"night":0},"bk24":{"morning":0,"afternoon":0,"evening":1,"night":0},"recent":[{"d":"2025-10-26","day":"Sun","time":"21:59","desc":"AGGRAV ASSLT - NONFAMILY-GUN","res":"unsolved"}]}},{"type":"Feature","geometry":{"type":"Polygon","coordinates":[[[-86.60033392560209,36.21799963788992],[-86.5988746052482,36.21926180656497],[-86.59951714105866,36.22102756448945],[-86.60161907661204,36.2215311725802],[-86.60307843627884,36.22026898765045],[-86.60243582108014,36.21850321088512],[-86.60033392560209,36.21799963788992],[-86.60033392560209,36.21799963788992]]]},"properties":{"h3":"89264d8f13bffff","count":1,"c3":0,"c6":0,"c12":1,"c24":1,"score":0.5,"risk":3,"peakDay":"Monday","peakTime":"night","hood":"","bk12":{"morning":0,"afternoon":0,"evening":0,"night":1},"bk24":{"morning":0,"afternoon":0,"evening":0,"night":1},"recent":[{"d":"2025-10-27","day":"Mon","time":"01:00","desc":"INTENTIONAL AGGRAVATED ASSAULT","res":"unsolved"}]}},{"type":"Feature","geometry":{"type":"Polygon","coordinates":[[[-86.55687688445677,36.09310440433845],[-86.55541944001,36.09436767101933],[-86.55606017585674,36.09613422556291],[-86.55815843535413,36.09663753234986],[-86.55961591912224,36.095374249351046],[-86.55897510407237,36.0936076758837],[-86.55687688445677,36.09310440433845],[-86.55687688445677,36.09310440433845]]]},"properties":{"h3":"89264d165b3ffff","count":1,"c3":0,"c6":0,"c12":1,"c24":1,"score":0.5,"risk":3,"peakDay":"Wednesday","peakTime":"evening","hood":"","bk12":{"morning":0,"afternoon":0,"evening":1,"night":0},"bk24":{"morning":0,"afternoon":0,"evening":1,"night":0},"recent":[{"d":"2025-10-29","day":"Wed","time":"19:00","desc":"Assault, Aggravated - Strangulation - Int/Kn","res":"closed"}]}},{"type":"Feature","geometry":{"type":"Polygon","coordinates":[[[-86.68990871795175,36.084593819066775],[-86.68845104119552,36.08585968271338],[-86.68909486223693,36.087626789006954],[-86.6911964392057,36.0881280503574],[-86.69265415496032,36.086862170279396],[-86.69201025474857,36.08509504528282],[-86.68990871795175,36.084593819066775],[-86.68990871795175,36.084593819066775]]]},"properties":{"h3":"89264d1720bffff","count":1,"c3":0,"c6":0,"c12":1,"c24":1,"score":0.5,"risk":3,"peakDay":"Thursday","peakTime":"evening","hood":"","bk12":{"morning":0,"afternoon":0,"evening":1,"night":0},"bk24":{"morning":0,"afternoon":0,"evening":1,"night":0},"recent":[{"d":"2025-10-30","day":"Thu","time":"20:39","desc":"Assault, Aggravated - Deadly Weapon - Int/Kn","res":"closed"}]}},{"type":"Feature","geometry":{"type":"Polygon","coordinates":[[[-86.80796293995935,36.20787024257488],[-86.80650322804794,36.20913641685376],[-86.80715060105067,36.21090299700248],[-86.80925776530478,36.21140342136882],[-86.8107175160242,36.21013723066116],[-86.81007006368233,36.20837063201641],[-86.80796293995935,36.20787024257488],[-86.80796293995935,36.20787024257488]]]},"properties":{"h3":"89264d13627ffff","count":1,"c3":0,"c6":0,"c12":1,"c24":1,"score":0.5,"risk":3,"peakDay":"Friday","peakTime":"night","hood":"","bk12":{"morning":0,"afternoon":0,"evening":0,"night":1},"bk24":{"morning":0,"afternoon":0,"evening":0,"night":1},"recent":[{"d":"2025-10-31","day":"Fri","time":"04:00","desc":"INTENTIONAL AGGRAVATED ASSAULT","res":"unsolved"}]}},{"type":"Feature","geometry":{"type":"Polygon","coordinates":[[[-86.75936026498601,36.038188689754776],[-86.75790306200355,36.03945654393583],[-86.75854823168888,36.04122425288365],[-86.76065068344577,36.041724126241675],[-86.76210792522589,36.04045625553726],[-86.7614626764523,36.03868852799868],[-86.75936026498601,36.038188689754776],[-86.75936026498601,36.038188689754776]]]},"properties":{"h3":"89264d02027ffff","count":1,"c3":0,"c6":0,"c12":1,"c24":1,"score":0.5,"risk":3,"peakDay":"Sunday","peakTime":"night","hood":"","bk12":{"morning":0,"afternoon":0,"evening":0,"night":1},"bk24":{"morning":0,"afternoon":0,"evening":0,"night":1},"recent":[{"d":"2025-11-02","day":"Sun","time":"03:29","desc":"INTENTIONAL AGGRAVATED ASSAULT","res":"closed"}]}},{"type":"Feature","geometry":{"type":"Polygon","coordinates":[[[-86.72987715750416,36.07314033131172],[-86.72841953878098,36.07440710948879],[-86.72906423090626,36.07617444719651],[-86.7311666209019,36.076675025364906],[-86.73262427851942,36.075408230715496],[-86.73197950724771,36.073640874370525],[-86.72987715750416,36.07314033131172],[-86.72987715750416,36.07314033131172]]]},"properties":{"h3":"89264d10babffff","count":1,"c3":0,"c6":0,"c12":1,"c24":1,"score":0.5,"risk":3,"peakDay":"Friday","peakTime":"morning","hood":"","bk12":{"morning":1,"afternoon":0,"evening":0,"night":0},"bk24":{"morning":1,"afternoon":0,"evening":0,"night":0},"recent":[{"d":"2025-11-07","day":"Fri","time":"10:00","desc":"INTENTIONAL AGGRAVATED ASSAULT","res":"closed"}]}},{"type":"Feature","geometry":{"type":"Polygon","coordinates":[[[-86.68908322283767,36.18763191174721],[-86.68762409791495,36.18889619131856],[-86.6882685400234,36.19066250514438],[-86.69037218638346,36.19116455809521],[-86.69183135038422,36.189900262174106],[-86.69118682894765,36.188133929652395],[-86.68908322283767,36.18763191174721],[-86.68908322283767,36.18763191174721]]]},"properties":{"h3":"89264d8d257ffff","count":1,"c3":0,"c6":0,"c12":1,"c24":1,"score":0.5,"risk":3,"peakDay":"Friday","peakTime":"afternoon","hood":"","bk12":{"morning":0,"afternoon":1,"evening":0,"night":0},"bk24":{"morning":0,"afternoon":1,"evening":0,"night":0},"recent":[{"d":"2025-11-07","day":"Fri","time":"16:30","desc":"ROBBERY, AGGRAVATED, HANDGUN","res":"unsolved"}]}},{"type":"Feature","geometry":{"type":"Polygon","coordinates":[[[-86.70007587894288,36.296647988036355],[-86.69861518707383,36.29791080373206],[-86.6992605683489,36.29967630922294],[-86.70136672098756,36.300179017686304],[-86.70282745199073,36.29891618571711],[-86.70218199122192,36.29715066155852],[-86.70007587894288,36.296647988036355],[-86.70007587894288,36.296647988036355]]]},"properties":{"h3":"89264d88577ffff","count":1,"c3":0,"c6":0,"c12":1,"c24":1,"score":0.5,"risk":3,"peakDay":"Sunday","peakTime":"night","hood":"","bk12":{"morning":0,"afternoon":0,"evening":0,"night":1},"bk24":{"morning":0,"afternoon":0,"evening":0,"night":1},"recent":[{"d":"2025-11-09","day":"Sun","time":"01:09","desc":"Assault, Aggravated - Deadly Weapon - Int/Kn","res":"closed"}]}},{"type":"Feature","geometry":{"type":"Polygon","coordinates":[[[-86.7762350798201,36.16323194440277],[-86.77477607620301,36.164498211543446],[-86.77542242219175,36.166265025015186],[-86.7775278510747,36.16676558989947],[-86.77898689354261,36.16549930632034],[-86.77834046827753,36.16373247429588],[-86.7762350798201,36.16323194440277],[-86.7762350798201,36.16323194440277]]]},"properties":{"h3":"89264d106abffff","count":1,"c3":0,"c6":0,"c12":1,"c24":1,"score":0.5,"risk":3,"peakDay":"Sunday","peakTime":"night","hood":"","bk12":{"morning":0,"afternoon":0,"evening":0,"night":1},"bk24":{"morning":0,"afternoon":0,"evening":0,"night":1},"recent":[{"d":"2025-11-09","day":"Sun","time":"02:20","desc":"Assault, Aggravated - Deadly Weapon - Int/Kn","res":"closed"}]}},{"type":"Feature","geometry":{"type":"Polygon","coordinates":[[[-86.7112651309048,36.08000348183613],[-86.7098074635082,36.081269810986015],[-86.71045175954578,36.08303702940955],[-86.71255380214069,36.08353793735144],[-86.71401150848126,36.08227159174945],[-86.71336713328375,36.080504354658174],[-86.7112651309048,36.08000348183613],[-86.7112651309048,36.08000348183613]]]},"properties":{"h3":"89264d10903ffff","count":1,"c3":0,"c6":0,"c12":1,"c24":1,"score":0.5,"risk":3,"peakDay":"Sunday","peakTime":"evening","hood":"","bk12":{"morning":0,"afternoon":0,"evening":1,"night":0},"bk24":{"morning":0,"afternoon":0,"evening":1,"night":0},"recent":[{"d":"2025-11-09","day":"Sun","time":"19:20","desc":"Assault, Aggravated - Deadly Weapon - Int/Kn","res":"closed"}]}},{"type":"Feature","geometry":{"type":"Polygon","coordinates":[[[-86.77329771225224,36.186729092420876],[-86.77183838506397,36.18799494697594],[-86.77248480838556,36.189761568545414],[-86.77459063820905,36.19026235411596],[-86.77605000427283,36.188996483143185],[-86.77540350163844,36.18722984301805],[-86.77329771225224,36.186729092420876],[-86.77329771225224,36.186729092420876]]]},"properties":{"h3":"89264d13117ffff","count":1,"c3":0,"c6":0,"c12":1,"c24":1,"score":0.5,"risk":3,"peakDay":"Monday","peakTime":"evening","hood":"","bk12":{"morning":0,"afternoon":0,"evening":1,"night":0},"bk24":{"morning":0,"afternoon":0,"evening":1,"night":0},"recent":[{"d":"2025-11-24","day":"Mon","time":"18:00","desc":"INTENTIONAL AGGRAVATED ASSAULT","res":"closed"}]}},{"type":"Feature","geometry":{"type":"Polygon","coordinates":[[[-86.75341467956655,36.14812491437708],[-86.75195594630108,36.14939098878278],[-86.75260165995886,36.15115783739307],[-86.75470618613994,36.151658630190155],[-86.75616495829962,36.15039253935232],[-86.75551916538478,36.14862567215001],[-86.75341467956655,36.14812491437708],[-86.75341467956655,36.14812491437708]]]},"properties":{"h3":"89264d100a3ffff","count":1,"c3":0,"c6":0,"c12":1,"c24":1,"score":0.5,"risk":3,"peakDay":"Tuesday","peakTime":"night","hood":"","bk12":{"morning":0,"afternoon":0,"evening":0,"night":1},"bk24":{"morning":0,"afternoon":0,"evening":0,"night":1},"recent":[{"d":"2025-11-25","day":"Tue","time":"22:48","desc":"INTENTIONAL AGGRAVATED ASSAULT","res":"closed"}]}},{"type":"Feature","geometry":{"type":"Polygon","coordinates":[[[-86.76585500163905,36.17689419072433],[-86.76439583177334,36.1781600573285],[-86.76504201818379,36.17992672850431],[-86.76714745375978,36.18042755164531],[-86.76860666251147,36.179161668621646],[-86.767960396802,36.177394978876954],[-86.76585500163905,36.17689419072433],[-86.76585500163905,36.17689419072433]]]},"properties":{"h3":"89264d104cbffff","count":1,"c3":0,"c6":0,"c12":1,"c24":1,"score":0.5,"risk":3,"peakDay":"Wednesday","peakTime":"evening","hood":"","bk12":{"morning":0,"afternoon":0,"evening":1,"night":0},"bk24":{"morning":0,"afternoon":0,"evening":1,"night":0},"recent":[{"d":"2025-11-26","day":"Wed","time":"19:19","desc":"INTENTIONAL AGGRAVATED ASSAULT","res":"closed"}]}},{"type":"Feature","geometry":{"type":"Polygon","coordinates":[[[-86.66067139229484,36.230826158929496],[-86.65921173204588,36.23208925147617],[-86.6598557724011,36.233855128823144],[-86.66195955240501,36.234357932363295],[-86.66341925183262,36.233094823523416],[-86.66277513207851,36.23132892743708],[-86.66067139229484,36.230826158929496],[-86.66067139229484,36.230826158929496]]]},"properties":{"h3":"89264d889b3ffff","count":1,"c3":0,"c6":0,"c12":1,"c24":1,"score":0.6,"risk":3,"peakDay":"Saturday","peakTime":"night","hood":"","bk12":{"morning":0,"afternoon":0,"evening":0,"night":1},"bk24":{"morning":0,"afternoon":0,"evening":0,"night":1},"recent":[{"d":"2025-11-29","day":"Sat","time":"04:00","desc":"Assault, Aggravated - Deadly Weapon - Int/Kn","res":"closed"}]}},{"type":"Feature","geometry":{"type":"Polygon","coordinates":[[[-86.80785981744283,36.107817573903084],[-86.80640151429859,36.10908526977029],[-86.80704826022168,36.11085262128385],[-86.80915338847596,36.111352295435154],[-86.81061173035363,36.1100845830609],[-86.8099649052444,36.10831721304287],[-86.80785981744283,36.107817573903084],[-86.80785981744283,36.107817573903084]]]},"properties":{"h3":"89264d118cbffff","count":1,"c3":0,"c6":0,"c12":1,"c24":1,"score":0.6,"risk":3,"peakDay":"Monday","peakTime":"afternoon","hood":"","bk12":{"morning":0,"afternoon":1,"evening":0,"night":0},"bk24":{"morning":0,"afternoon":1,"evening":0,"night":0},"recent":[{"d":"2025-12-01","day":"Mon","time":"13:10","desc":"INTENTIONAL AGGRAVATED ASSAULT","res":"unsolved"}]}},{"type":"Feature","geometry":{"type":"Polygon","coordinates":[[[-86.78737630935665,36.20943027625808],[-86.78591662686499,36.210696045305596],[-86.78656352402416,36.212462540769394],[-86.78867018302093,36.21296328571637],[-86.79012990437127,36.211697500257664],[-86.78948292786696,36.20993098626364],[-86.78737630935665,36.20943027625808],[-86.78737630935665,36.20943027625808]]]},"properties":{"h3":"89264d13097ffff","count":1,"c3":0,"c6":0,"c12":1,"c24":1,"score":0.6,"risk":3,"peakDay":"Tuesday","peakTime":"morning","hood":"","bk12":{"morning":1,"afternoon":0,"evening":0,"night":0},"bk24":{"morning":1,"afternoon":0,"evening":0,"night":0},"recent":[{"d":"2025-12-02","day":"Tue","time":"11:00","desc":"INTENTIONAL AGGRAVATED ASSAULT","res":"closed"}]}},{"type":"Feature","geometry":{"type":"Polygon","coordinates":[[[-86.87915426519402,36.218300281655736],[-86.87769423117483,36.219567615129016],[-86.87834334831504,36.2213343629918],[-86.88045257881747,36.221833795758165],[-86.88191265148079,36.22056644580776],[-86.8812634549984,36.21879967956864],[-86.87915426519402,36.218300281655736],[-86.87915426519402,36.218300281655736]]]},"properties":{"h3":"89264dc4e33ffff","count":1,"c3":0,"c6":0,"c12":1,"c24":1,"score":0.6,"risk":3,"peakDay":"Thursday","peakTime":"night","hood":"","bk12":{"morning":0,"afternoon":0,"evening":0,"night":1},"bk24":{"morning":0,"afternoon":0,"evening":0,"night":1},"recent":[{"d":"2025-12-04","day":"Thu","time":"04:00","desc":"ROBBERY, AGGRAVATED, HANDGUN","res":"unsolved"}]}},{"type":"Feature","geometry":{"type":"Polygon","coordinates":[[[-86.80701069149242,36.17377058036368],[-86.80555146240118,36.17503725702841],[-86.80619859987998,36.1768040980319],[-86.80830504573788,36.1773042808717],[-86.80976431361387,36.1760375877523],[-86.809117096848,36.17427072824828],[-86.80701069149242,36.17377058036368],[-86.80701069149242,36.17377058036368]]]},"properties":{"h3":"89264d13363ffff","count":1,"c3":0,"c6":0,"c12":1,"c24":1,"score":0.6,"risk":3,"peakDay":"Wednesday","peakTime":"morning","hood":"","bk12":{"morning":1,"afternoon":0,"evening":0,"night":0},"bk24":{"morning":1,"afternoon":0,"evening":0,"night":0},"recent":[{"d":"2025-12-10","day":"Wed","time":"11:15","desc":"INTENTIONAL AGGRAVATED ASSAULT","res":"closed"}]}},{"type":"Feature","geometry":{"type":"Polygon","coordinates":[[[-86.72900628543276,36.239074491524796],[-86.72754633245762,36.24033872561537],[-86.72819203740346,36.242104783707234],[-86.73029777472577,36.242606626333874],[-86.73175776672208,36.241342375901795],[-86.73111198237571,36.239576299185075],[-86.72900628543276,36.239074491524796],[-86.72900628543276,36.239074491524796]]]},"properties":{"h3":"89264d88a4bffff","count":1,"c3":0,"c6":0,"c12":1,"c24":1,"score":0.6,"risk":3,"peakDay":"Wednesday","peakTime":"afternoon","hood":"","bk12":{"morning":0,"afternoon":1,"evening":0,"night":0},"bk24":{"morning":0,"afternoon":1,"evening":0,"night":0},"recent":[{"d":"2025-12-10","day":"Wed","time":"15:32","desc":"INTENTIONAL AGGRAVATED ASSAULT","res":"unsolved"}]}},{"type":"Feature","geometry":{"type":"Polygon","coordinates":[[[-86.64030616327456,36.069523923376934],[-86.63884882790273,36.070789096285004],[-86.63949138584962,36.072556136534665],[-86.64159135832419,36.07305802266355],[-86.64304873280129,36.07179283335188],[-86.64240609569936,36.070025774315404],[-86.64030616327456,36.069523923376934],[-86.64030616327456,36.069523923376934]]]},"properties":{"h3":"89264d1713bffff","count":1,"c3":0,"c6":0,"c12":1,"c24":1,"score":0.6,"risk":3,"peakDay":"Sunday","peakTime":"night","hood":"","bk12":{"morning":0,"afternoon":0,"evening":0,"night":1},"bk24":{"morning":0,"afternoon":0,"evening":0,"night":1},"recent":[{"d":"2025-12-14","day":"Sun","time":"03:20","desc":"ROBBERY, AGGRAVATED, HANDGUN","res":"unsolved"}]}},{"type":"Feature","geometry":{"type":"Polygon","coordinates":[[[-86.63016049990773,36.194512596875796],[-86.62870143186241,36.19577567818938],[-86.62934452600958,36.19754172594317],[-86.6314467675506,36.198044711177204],[-86.63290587481984,36.19678161356653],[-86.63226270132493,36.195015547019395],[-86.63016049990773,36.194512596875796],[-86.63016049990773,36.194512596875796]]]},"properties":{"h3":"89264d8d507ffff","count":1,"c3":0,"c6":0,"c12":1,"c24":1,"score":0.6,"risk":3,"peakDay":"Sunday","peakTime":"evening","hood":"","bk12":{"morning":0,"afternoon":0,"evening":1,"night":0},"bk24":{"morning":0,"afternoon":0,"evening":1,"night":0},"recent":[{"d":"2025-12-14","day":"Sun","time":"21:45","desc":"INTENTIONAL AGGRAVATED ASSAULT","res":"closed"}]}},{"type":"Feature","geometry":{"type":"Polygon","coordinates":[[[-86.76504201818379,36.17992672850431],[-86.76358280765145,36.18119253380871],[-86.76422899380405,36.182959178670096],[-86.76633446979362,36.18346003679757],[-86.76779371921619,36.18219421507669],[-86.76714745375978,36.18042755164531],[-86.76504201818379,36.17992672850431],[-86.76504201818379,36.17992672850431]]]},"properties":{"h3":"89264d104dbffff","count":1,"c3":0,"c6":0,"c12":1,"c24":1,"score":0.6,"risk":3,"peakDay":"Sunday","peakTime":"night","hood":"","bk12":{"morning":0,"afternoon":0,"evening":0,"night":1},"bk24":{"morning":0,"afternoon":0,"evening":0,"night":1},"recent":[{"d":"2025-12-14","day":"Sun","time":"23:30","desc":"INTENTIONAL AGGRAVATED ASSAULT","res":"closed"}]}},{"type":"Feature","geometry":{"type":"Polygon","coordinates":[[[-86.69610877026405,36.14898968060279],[-86.69465017152383,36.150254679648505],[-86.69529453895285,36.15202131619634],[-86.6973975843907,36.1525229723864],[-86.69885622216303,36.15125795695499],[-86.69821177546618,36.14949130171969],[-86.69610877026405,36.14898968060279],[-86.69610877026405,36.14898968060279]]]},"properties":{"h3":"89264d128c7ffff","count":1,"c3":0,"c6":0,"c12":1,"c24":1,"score":0.6,"risk":3,"peakDay":"Tuesday","peakTime":"night","hood":"","bk12":{"morning":0,"afternoon":0,"evening":0,"night":1},"bk24":{"morning":0,"afternoon":0,"evening":0,"night":1},"recent":[{"d":"2025-12-16","day":"Tue","time":"04:44","desc":"Assault, Aggravated - Deadly Weapon - Int/Kn","res":"closed"}]}},{"type":"Feature","geometry":{"type":"Polygon","coordinates":[[[-86.78629861004625,36.1381975648867],[-86.78483993352796,36.13946439959527],[-86.7854863606659,36.14123144153149],[-86.78759154355922,36.14173166729765],[-86.78905025888538,36.14046481612301],[-86.78840375251114,36.138697755648764],[-86.78629861004625,36.1381975648867],[-86.78629861004625,36.1381975648867]]]},"properties":{"h3":"89264d1023bffff","count":1,"c3":0,"c6":0,"c12":1,"c24":1,"score":0.6,"risk":3,"peakDay":"Saturday","peakTime":"afternoon","hood":"","bk12":{"morning":0,"afternoon":1,"evening":0,"night":0},"bk24":{"morning":0,"afternoon":1,"evening":0,"night":0},"recent":[{"d":"2025-12-20","day":"Sat","time":"14:00","desc":"INTENTIONAL AGGRAVATED ASSAULT","res":"closed"}]}},{"type":"Feature","geometry":{"type":"Polygon","coordinates":[[[-86.81301210986184,36.163902606838484],[-86.8115530047891,36.165169544985716],[-86.81220022214191,36.166936483390096],[-86.8143066238392,36.167436502139054],[-86.81576576767488,36.16616954752467],[-86.81511847105114,36.164402590628946],[-86.81301210986184,36.163902606838484],[-86.81301210986184,36.163902606838484]]]},"properties":{"h3":"89264d115cfffff","count":1,"c3":0,"c6":0,"c12":1,"c24":1,"score":0.6,"risk":3,"peakDay":"Saturday","peakTime":"evening","hood":"","bk12":{"morning":0,"afternoon":0,"evening":1,"night":0},"bk24":{"morning":0,"afternoon":0,"evening":1,"night":0},"recent":[{"d":"2025-12-20","day":"Sat","time":"19:37","desc":"Assault, Aggravated - Deadly Weapon - Int/Kn","res":"closed"}]}},{"type":"Feature","geometry":{"type":"Polygon","coordinates":[[[-86.73993842012324,36.04809718765551],[-86.73848112744938,36.049364532030964],[-86.73912590108662,36.051132096092864],[-86.74122804650511,36.051632334402164],[-86.7426853780305,36.05036497352659],[-86.74204052528667,36.0485973908423],[-86.73993842012324,36.04809718765551],[-86.73993842012324,36.04809718765551]]]},"properties":{"h3":"89264d0253bffff","count":1,"c3":0,"c6":0,"c12":1,"c24":1,"score":0.6,"risk":3,"peakDay":"Wednesday","peakTime":"night","hood":"","bk12":{"morning":0,"afternoon":0,"evening":0,"night":1},"bk24":{"morning":0,"afternoon":0,"evening":0,"night":1},"recent":[{"d":"2025-12-24","day":"Wed","time":"00:45","desc":"ROBBERY, AGGRAVATED, HANDGUN","res":"unsolved"}]}},{"type":"Feature","geometry":{"type":"Polygon","coordinates":[[[-86.59015802721403,36.03171035616219],[-86.58870135616432,36.03297517277565],[-86.58934249753977,36.034742314327765],[-86.59144038907041,36.0352446581401],[-86.592897099316,36.03397982513335],[-86.59225587883589,36.032212664708034],[-86.59015802721403,36.03171035616219],[-86.59015802721403,36.03171035616219]]]},"properties":{"h3":"89264d16acfffff","count":1,"c3":0,"c6":0,"c12":1,"c24":1,"score":0.6,"risk":3,"peakDay":"Wednesday","peakTime":"night","hood":"","bk12":{"morning":0,"afternoon":0,"evening":0,"night":1},"bk24":{"morning":0,"afternoon":0,"evening":0,"night":1},"recent":[{"d":"2025-12-24","day":"Wed","time":"01:10","desc":"INTENTIONAL AGGRAVATED ASSAULT","res":"closed"}]}},{"type":"Feature","geometry":{"type":"Polygon","coordinates":[[[-86.91803022470437,36.07256143396701],[-86.91657214710216,36.07383170302086],[-86.91722126803802,36.07559971139917],[-86.91932854568905,36.07609746904731],[-86.9207866617332,36.074827183371696],[-86.92013746168521,36.07305915667022],[-86.91803022470437,36.07256143396701],[-86.91803022470437,36.07256143396701]]]},"properties":{"h3":"89264d18eabffff","count":1,"c3":0,"c6":0,"c12":1,"c24":1,"score":0.6,"risk":3,"peakDay":"Wednesday","peakTime":"morning","hood":"","bk12":{"morning":1,"afternoon":0,"evening":0,"night":0},"bk24":{"morning":1,"afternoon":0,"evening":0,"night":0},"recent":[{"d":"2025-12-24","day":"Wed","time":"07:00","desc":"INTENTIONAL AGGRAVATED ASSAULT","res":"closed"}]}},{"type":"Feature","geometry":{"type":"Polygon","coordinates":[[[-86.7216765772885,36.266343954536524],[-86.72021625810984,36.26760763538581],[-86.72086196024752,36.269373454836966],[-86.72296806100827,36.26987561207393],[-86.72442841924631,36.268611914910295],[-86.72378263766501,36.266846076824535],[-86.7216765772885,36.266343954536524],[-86.7216765772885,36.266343954536524]]]},"properties":{"h3":"89264d88327ffff","count":1,"c3":0,"c6":0,"c12":1,"c24":1,"score":0.6,"risk":3,"peakDay":"Wednesday","peakTime":"night","hood":"","bk12":{"morning":0,"afternoon":0,"evening":0,"night":1},"bk24":{"morning":0,"afternoon":0,"evening":0,"night":1},"recent":[{"d":"2025-12-24","day":"Wed","time":"22:45","desc":"INTENTIONAL AGGRAVATED ASSAULT","res":"closed"}]}},{"type":"Feature","geometry":{"type":"Polygon","coordinates":[[[-86.58410349414375,36.17864626297875],[-86.58264477203808,36.17990873159837],[-86.58328668031488,36.181674733425396],[-86.58538739002837,36.182178285504556],[-86.58684615145566,36.180915800612446],[-86.58620416384863,36.17914977991412],[-86.58410349414375,36.17864626297875],[-86.58410349414375,36.17864626297875]]]},"properties":{"h3":"89264d8c023ffff","count":1,"c3":0,"c6":0,"c12":1,"c24":1,"score":0.6,"risk":3,"peakDay":"Wednesday","peakTime":"night","hood":"","bk12":{"morning":0,"afternoon":0,"evening":0,"night":1},"bk24":{"morning":0,"afternoon":0,"evening":0,"night":1},"recent":[{"d":"2025-12-24","day":"Wed","time":"23:00","desc":"AGGRAV ASSLT - FAMILY-WEAPON","res":"closed"}]}},{"type":"Feature","geometry":{"type":"Polygon","coordinates":[[[-86.60271758653631,36.17182071060603],[-86.60125891099574,36.17308362897206],[-86.601901216383,36.17484975134668],[-86.60400227662868,36.1753529741967],[-86.60546099144138,36.17409003953785],[-86.60481860673706,36.172323898322276],[-86.60271758653631,36.17182071060603],[-86.60271758653631,36.17182071060603]]]},"properties":{"h3":"89264d8c3cbffff","count":1,"c3":0,"c6":0,"c12":1,"c24":1,"score":0.6,"risk":3,"peakDay":"Saturday","peakTime":"afternoon","hood":"","bk12":{"morning":0,"afternoon":1,"evening":0,"night":0},"bk24":{"morning":0,"afternoon":1,"evening":0,"night":0},"recent":[{"d":"2025-12-27","day":"Sat","time":"13:30","desc":"INTENTIONAL AGGRAVATED ASSAULT","res":"closed"}]}},{"type":"Feature","geometry":{"type":"Polygon","coordinates":[[[-86.64845168887398,36.03919700352958],[-86.64699475811733,36.04046278761153],[-86.64763732025325,36.04223008705537],[-86.64973689225413,36.04273162119332],[-86.65119386207381,36.04146582067726],[-86.65055122083038,36.03969850245785],[-86.64845168887398,36.03919700352958],[-86.64845168887398,36.03919700352958]]]},"properties":{"h3":"89264d14283ffff","count":1,"c3":0,"c6":0,"c12":1,"c24":1,"score":0.6,"risk":3,"peakDay":"Saturday","peakTime":"afternoon","hood":"","bk12":{"morning":0,"afternoon":1,"evening":0,"night":0},"bk24":{"morning":0,"afternoon":1,"evening":0,"night":0},"recent":[{"d":"2025-12-27","day":"Sat","time":"14:40","desc":"ASSAULT, VEHICULAR, AGGRAVATED","res":"unsolved"}]}},{"type":"Feature","geometry":{"type":"Polygon","coordinates":[[[-86.71045175954578,36.08303702940955],[-86.70899405160706,36.08430329742445],[-86.70963834731427,36.08607048982979],[-86.71174043012572,36.0865714328896],[-86.71319817701263,36.08530514842567],[-86.71255380214069,36.08353793735144],[-86.71045175954578,36.08303702940955],[-86.71045175954578,36.08303702940955]]]},"properties":{"h3":"89264d10913ffff","count":1,"c3":0,"c6":0,"c12":1,"c24":1,"score":0.6,"risk":3,"peakDay":"Saturday","peakTime":"night","hood":"","bk12":{"morning":0,"afternoon":0,"evening":0,"night":1},"bk24":{"morning":0,"afternoon":0,"evening":0,"night":1},"recent":[{"d":"2025-12-27","day":"Sat","time":"22:21","desc":"Assault, Aggravated - Deadly Weapon - Int/Kn","res":"closed"}]}},{"type":"Feature","geometry":{"type":"Polygon","coordinates":[[[-86.83942504631953,36.17823574527096],[-86.83796567402557,36.17950295416627],[-86.83861360366832,36.18126987463043],[-86.84072098489396,36.181769604645844],[-86.84218039589803,36.180502379273655],[-86.84153238696712,36.17873544036342],[-86.83942504631953,36.17823574527096],[-86.83942504631953,36.17823574527096]]]},"properties":{"h3":"89264d1145bffff","count":1,"c3":0,"c6":0,"c12":1,"c24":1,"score":0.6,"risk":3,"peakDay":"Sunday","peakTime":"morning","hood":"","bk12":{"morning":1,"afternoon":0,"evening":0,"night":0},"bk24":{"morning":1,"afternoon":0,"evening":0,"night":0},"recent":[{"d":"2025-12-28","day":"Sun","time":"06:10","desc":"AGGRAV ASSLT - NONFAMILY-GUN","res":"unsolved"}]}},{"type":"Feature","geometry":{"type":"Polygon","coordinates":[[[-86.71179271985993,36.26559874275537],[-86.71033243651743,36.26686225166803],[-86.71097790064456,36.26862804173285],[-86.7130837275591,36.26913034153662],[-86.71454404998413,36.26786681631692],[-86.71389850641292,36.26610100760098],[-86.71179271985993,36.26559874275537],[-86.71179271985993,36.26559874275537]]]},"properties":{"h3":"89264d88ec7ffff","count":1,"c3":0,"c6":0,"c12":1,"c24":1,"score":0.6,"risk":3,"peakDay":"Monday","peakTime":"afternoon","hood":"","bk12":{"morning":0,"afternoon":1,"evening":0,"night":0},"bk24":{"morning":0,"afternoon":1,"evening":0,"night":0},"recent":[{"d":"2025-12-29","day":"Mon","time":"15:38","desc":"AGGRAV ASSLT - NONFAMILY-GUN","res":"closed"}]}},{"type":"Feature","geometry":{"type":"Polygon","coordinates":[[[-86.61696652982455,36.03167123095696],[-86.61550978788682,36.032936545367804],[-86.61615156114448,36.03470378606743],[-86.61825015544137,36.03520573118531],[-86.61970693651128,36.03394040035964],[-86.61906508415291,36.032173140831425],[-86.61696652982455,36.03167123095696],[-86.61696652982455,36.03167123095696]]]},"properties":{"h3":"89264d141dbffff","count":1,"c3":0,"c6":0,"c12":1,"c24":1,"score":0.6,"risk":3,"peakDay":"Tuesday","peakTime":"morning","hood":"","bk12":{"morning":1,"afternoon":0,"evening":0,"night":0},"bk24":{"morning":1,"afternoon":0,"evening":0,"night":0},"recent":[{"d":"2025-12-30","day":"Tue","time":"10:56","desc":"INTENTIONAL AGGRAVATED ASSAULT","res":"closed"}]}},{"type":"Feature","geometry":{"type":"Polygon","coordinates":[[[-86.6082942074734,36.07638838545296],[-86.60683686031433,36.07765286037471],[-86.60747870578986,36.07941973127933],[-86.60957797759544,36.079922146102206],[-86.6110353639411,36.07865765480792],[-86.61039343929535,36.07689076506375],[-86.6082942074734,36.07638838545296],[-86.6082942074734,36.07638838545296]]]},"properties":{"h3":"89264d162afffff","count":1,"c3":0,"c6":0,"c12":1,"c24":1,"score":0.6,"risk":3,"peakDay":"Tuesday","peakTime":"afternoon","hood":"","bk12":{"morning":0,"afternoon":1,"evening":0,"night":0},"bk24":{"morning":0,"afternoon":1,"evening":0,"night":0},"recent":[{"d":"2025-12-30","day":"Tue","time":"14:30","desc":"Assault, Aggravated - Deadly Weapon - Int/Kn","res":"closed"}]}},{"type":"Feature","geometry":{"type":"Polygon","coordinates":[[[-86.79405778707363,36.15940150106886],[-86.79259879265798,36.16066815671512],[-86.79324553501047,36.16243506289172],[-86.79535135104685,36.16293533194586],[-86.79681038426762,36.161668659843954],[-86.79616356264773,36.159901735144025],[-86.79405778707363,36.15940150106886],[-86.79405778707363,36.15940150106886]]]},"properties":{"h3":"89264d115b7ffff","count":1,"c3":0,"c6":0,"c12":1,"c24":1,"score":0.6,"risk":3,"peakDay":"Thursday","peakTime":"morning","hood":"","bk12":{"morning":1,"afternoon":0,"evening":0,"night":0},"bk24":{"morning":1,"afternoon":0,"evening":0,"night":0},"recent":[{"d":"2026-01-01","day":"Thu","time":"05:00","desc":"INTENTIONAL AGGRAVATED ASSAULT","res":"closed"}]}},{"type":"Feature","geometry":{"type":"Polygon","coordinates":[[[-86.84672619049037,36.150924641420964],[-86.84526718471831,36.1521924013701],[-86.84591511574398,36.15395955852248],[-86.84802213178754,36.15445897416232],[-86.84948117623169,36.15319119770912],[-86.84883316596098,36.151424022120615],[-86.84672619049037,36.150924641420964],[-86.84672619049037,36.150924641420964]]]},"properties":{"h3":"89264d112b3ffff","count":1,"c3":0,"c6":0,"c12":1,"c24":1,"score":0.6,"risk":3,"peakDay":"Friday","peakTime":"afternoon","hood":"","bk12":{"morning":0,"afternoon":1,"evening":0,"night":0},"bk24":{"morning":0,"afternoon":1,"evening":0,"night":0},"recent":[{"d":"2026-01-02","day":"Fri","time":"14:30","desc":"ASSAULT, AGGRAVATED - DEADLY WEAPON - RECKLESS FROM MOT VEH","res":"closed"}]}},{"type":"Feature","geometry":{"type":"Polygon","coordinates":[[[-86.70038373628329,36.008006882226425],[-86.69892710791926,36.00927410114488],[-86.69957070075324,36.01104182503966],[-86.70167100100393,36.0115423487078],[-86.70312766828384,36.01027511328904],[-86.70248399639796,36.00850737070293],[-86.70038373628329,36.008006882226425],[-86.70038373628329,36.008006882226425]]]},"properties":{"h3":"89264d02d97ffff","count":1,"c3":0,"c6":0,"c12":1,"c24":1,"score":0.6,"risk":3,"peakDay":"Friday","peakTime":"evening","hood":"","bk12":{"morning":0,"afternoon":0,"evening":1,"night":0},"bk24":{"morning":0,"afternoon":0,"evening":1,"night":0},"recent":[{"d":"2026-01-02","day":"Fri","time":"19:48","desc":"INTENTIONAL AGGRAVATED ASSAULT","res":"unsolved"}]}},{"type":"Feature","geometry":{"type":"Polygon","coordinates":[[[-86.7092277287517,36.03755636459244],[-86.70777066284833,36.03882329985375],[-86.70841464733672,36.04059083286558],[-86.7105157768248,36.04109144929101],[-86.71197288164515,36.03982449754574],[-86.71132881806123,36.038056945859495],[-86.7092277287517,36.03755636459244],[-86.7092277287517,36.03755636459244]]]},"properties":{"h3":"89264d152b7ffff","count":1,"c3":0,"c6":0,"c12":1,"c24":1,"score":0.6,"risk":3,"peakDay":"Friday","peakTime":"evening","hood":"","bk12":{"morning":0,"afternoon":0,"evening":1,"night":0},"bk24":{"morning":0,"afternoon":0,"evening":1,"night":0},"recent":[{"d":"2026-01-02","day":"Fri","time":"21:45","desc":"ROBBERY, AGGRAVATED, HANDGUN","res":"unsolved"}]}},{"type":"Feature","geometry":{"type":"Polygon","coordinates":[[[-86.77898689354261,36.16549930632034],[-86.7775278510747,36.16676558989947],[-86.7781742761007,36.16853239564677],[-86.7802798228747,36.16903293636338],[-86.78173890418853,36.167766636345405],[-86.78109239988319,36.165999812050146],[-86.77898689354261,36.16549930632034],[-86.77898689354261,36.16549930632034]]]},"properties":{"h3":"89264d10617ffff","count":1,"c3":0,"c6":0,"c12":1,"c24":1,"score":0.6,"risk":3,"peakDay":"Saturday","peakTime":"night","hood":"","bk12":{"morning":0,"afternoon":0,"evening":0,"night":1},"bk24":{"morning":0,"afternoon":0,"evening":0,"night":1},"recent":[{"d":"2026-01-03","day":"Sat","time":"04:00","desc":"INTENTIONAL AGGRAVATED ASSAULT","res":"closed"}]}},{"type":"Feature","geometry":{"type":"Polygon","coordinates":[[[-86.61176460255186,36.175599449030074],[-86.61030584973716,36.17686247765877],[-86.61094839214587,36.17862860403769],[-86.61304976669156,36.17913172061396],[-86.61450855875974,36.17786867568811],[-86.6138659370295,36.176102530483625],[-86.61176460255186,36.175599449030074],[-86.61176460255186,36.175599449030074]]]},"properties":{"h3":"89264d8c23bffff","count":1,"c3":0,"c6":0,"c12":1,"c24":1,"score":0.6,"risk":3,"peakDay":"Saturday","peakTime":"afternoon","hood":"","bk12":{"morning":0,"afternoon":1,"evening":0,"night":0},"bk24":{"morning":0,"afternoon":1,"evening":0,"night":0},"recent":[{"d":"2026-01-03","day":"Sat","time":"13:00","desc":"INTENTIONAL AGGRAVATED ASSAULT","res":"closed"}]}},{"type":"Feature","geometry":{"type":"Polygon","coordinates":[[[-86.74032339853878,36.259504332105486],[-86.73886312838998,36.260768463507546],[-86.73950922802067,36.26253440261702],[-86.7416156772309,36.2630362289291],[-86.7430759863891,36.26177208119245],[-86.74242980732845,36.260006123478796],[-86.74032339853878,36.259504332105486],[-86.74032339853878,36.259504332105486]]]},"properties":{"h3":"89264d89dcfffff","count":2,"c3":0,"c6":0,"c12":2,"c24":2,"score":1.3,"risk":6,"peakDay":"Sunday","peakTime":"afternoon","hood":"","bk12":{"morning":0,"afternoon":1,"evening":0,"night":1},"bk24":{"morning":0,"afternoon":1,"evening":0,"night":1},"recent":[{"d":"2026-03-04","day":"Wed","time":"03:04","desc":"INTENTIONAL AGGRAVATED ASSAULT","res":"unsolved"},{"d":"2026-01-04","day":"Sun","time":"12:00","desc":"AGGRAV ASSLT - NONFAMILY-GUN","res":"unsolved"}]}},{"type":"Feature","geometry":{"type":"Polygon","coordinates":[[[-86.702416757609,36.05045962622166],[-86.70095952809646,36.0517262396974],[-86.70160343213077,36.05349365039369],[-86.70370464479468,36.053994466299514],[-86.70516191325014,36.05272783635544],[-86.70451793009954,36.05096040697437],[-86.702416757609,36.05045962622166],[-86.702416757609,36.05045962622166]]]},"properties":{"h3":"89264d150c3ffff","count":1,"c3":0,"c6":0,"c12":1,"c24":1,"score":0.6,"risk":3,"peakDay":"Monday","peakTime":"afternoon","hood":"","bk12":{"morning":0,"afternoon":1,"evening":0,"night":0},"bk24":{"morning":0,"afternoon":1,"evening":0,"night":0},"recent":[{"d":"2026-01-05","day":"Mon","time":"13:40","desc":"INTENTIONAL AGGRAVATED ASSAULT","res":"closed"}]}},{"type":"Feature","geometry":{"type":"Polygon","coordinates":[[[-86.73439562846863,36.206498906145136],[-86.7329361212127,36.207763737957244],[-86.73358175011899,36.20953006817228],[-86.73568696563167,36.21003158519446],[-86.73714651187134,36.20876673701111],[-86.73650080361539,36.207000388177306],[-86.73439562846863,36.206498906145136],[-86.73439562846863,36.206498906145136]]]},"properties":{"h3":"89264d120dbffff","count":1,"c3":0,"c6":0,"c12":1,"c24":1,"score":0.6,"risk":3,"peakDay":"Monday","peakTime":"afternoon","hood":"","bk12":{"morning":0,"afternoon":1,"evening":0,"night":0},"bk24":{"morning":0,"afternoon":1,"evening":0,"night":0},"recent":[{"d":"2026-01-05","day":"Mon","time":"15:10","desc":"Robbery - Acting in Concert","res":"closed"}]}},{"type":"Feature","geometry":{"type":"Polygon","coordinates":[[[-86.61481674833315,36.052134482833296],[-86.61335972469277,36.053399447000935],[-86.61400157387033,36.05516652540974],[-86.61610052582128,36.055668658482],[-86.61755758861443,36.05440367791745],[-86.6169156603046,36.05263658067804],[-86.61481674833315,36.052134482833296],[-86.61481674833315,36.052134482833296]]]},"properties":{"h3":"89264d14437ffff","count":1,"c3":0,"c6":0,"c12":1,"c24":1,"score":0.6,"risk":3,"peakDay":"Monday","peakTime":"night","hood":"","bk12":{"morning":0,"afternoon":0,"evening":0,"night":1},"bk24":{"morning":0,"afternoon":0,"evening":0,"night":1},"recent":[{"d":"2026-01-05","day":"Mon","time":"22:15","desc":"INTENTIONAL AGGRAVATED ASSAULT","res":"closed"}]}},{"type":"Feature","geometry":{"type":"Polygon","coordinates":[[[-86.67809268268576,36.178558194492126],[-86.67663371412371,36.17982240866863],[-86.67727784041055,36.18158875287144],[-86.67938101457618,36.18209090161319],[-86.6808400222357,36.1808266710886],[-86.6801958166329,36.17906030817084],[-86.67809268268576,36.178558194492126],[-86.67809268268576,36.178558194492126]]]},"properties":{"h3":"89264d8d223ffff","count":1,"c3":0,"c6":0,"c12":1,"c24":1,"score":0.6,"risk":3,"peakDay":"Thursday","peakTime":"morning","hood":"","bk12":{"morning":1,"afternoon":0,"evening":0,"night":0},"bk24":{"morning":1,"afternoon":0,"evening":0,"night":0},"recent":[{"d":"2026-01-08","day":"Thu","time":"09:45","desc":"INTENTIONAL AGGRAVATED ASSAULT","res":"unsolved"}]}},{"type":"Feature","geometry":{"type":"Polygon","coordinates":[[[-86.87006993180081,36.27743289595516],[-86.86860908569595,36.27869915752292],[-86.86925835938474,36.28046541118776],[-86.87136855861374,36.280965421671546],[-86.87282944342887,36.27969914367982],[-86.87218009030553,36.27793287162874],[-86.87006993180081,36.27743289595516],[-86.87006993180081,36.27743289595516]]]},"properties":{"h3":"89264dc6367ffff","count":1,"c3":0,"c6":0,"c12":1,"c24":1,"score":0.6,"risk":3,"peakDay":"Friday","peakTime":"evening","hood":"","bk12":{"morning":0,"afternoon":0,"evening":1,"night":0},"bk24":{"morning":0,"afternoon":0,"evening":1,"night":0},"recent":[{"d":"2026-01-09","day":"Fri","time":"17:00","desc":"INTENTIONAL AGGRAVATED ASSAULT","res":"unsolved"}]}},{"type":"Feature","geometry":{"type":"Polygon","coordinates":[[[-86.78037426081148,36.24807898005679],[-86.77891405076457,36.24934402880974],[-86.7795610242664,36.25111019876581],[-86.78166828722154,36.25161133850789],[-86.78312853617302,36.25034627337947],[-86.78248148326558,36.24858008488492],[-86.78037426081148,36.24807898005679],[-86.78037426081148,36.24807898005679]]]},"properties":{"h3":"89264d89a8fffff","count":1,"c3":0,"c6":0,"c12":1,"c24":1,"score":0.6,"risk":3,"peakDay":"Sunday","peakTime":"night","hood":"","bk12":{"morning":0,"afternoon":0,"evening":0,"night":1},"bk24":{"morning":0,"afternoon":0,"evening":0,"night":1},"recent":[{"d":"2026-01-11","day":"Sun","time":"01:33","desc":"AGGRAV ASSLT - NONFAMILY-GUN","res":"unsolved"}]}},{"type":"Feature","geometry":{"type":"Polygon","coordinates":[[[-86.69936700605413,36.03682057431628],[-86.69790997594016,36.038087338039254],[-86.69855372347753,36.039854840882356],[-86.7006545802256,36.04035559869388],[-86.70211164927952,36.03908881849421],[-86.7014678226462,36.0373212969602],[-86.69936700605413,36.03682057431628],[-86.69936700605413,36.03682057431628]]]},"properties":{"h3":"89264d15077ffff","count":1,"c3":0,"c6":0,"c12":1,"c24":1,"score":0.6,"risk":3,"peakDay":"Monday","peakTime":"afternoon","hood":"","bk12":{"morning":0,"afternoon":1,"evening":0,"night":0},"bk24":{"morning":0,"afternoon":1,"evening":0,"night":0},"recent":[{"d":"2026-01-12","day":"Mon","time":"13:00","desc":"INTENTIONAL AGGRAVATED ASSAULT","res":"closed"}]}},{"type":"Feature","geometry":{"type":"Polygon","coordinates":[[[-86.92030754902798,36.08924555887772],[-86.91884923162564,36.090515617101595],[-86.91949851050438,36.09228350564228],[-86.92160618592338,36.09278135427767],[-86.92306454177451,36.091511279443324],[-86.92241518375867,36.089743372584564],[-86.92030754902798,36.08924555887772],[-86.92030754902798,36.08924555887772]]]},"properties":{"h3":"89264d18177ffff","count":1,"c3":0,"c6":0,"c12":1,"c24":1,"score":0.6,"risk":3,"peakDay":"Thursday","peakTime":"night","hood":"","bk12":{"morning":0,"afternoon":0,"evening":0,"night":1},"bk24":{"morning":0,"afternoon":0,"evening":0,"night":1},"recent":[{"d":"2026-01-15","day":"Thu","time":"02:15","desc":"INTENTIONAL AGGRAVATED ASSAULT","res":"unsolved"}]}},{"type":"Feature","geometry":{"type":"Polygon","coordinates":[[[-86.70781606107097,36.21789995366809],[-86.70635646108848,36.219164118456675],[-86.70700153382954,36.22093026537246],[-86.70910628592544,36.22143226616217],[-86.71056592496399,36.22016808503249],[-86.7099207728514,36.21840191945467],[-86.70781606107097,36.21789995366809],[-86.70781606107097,36.21789995366809]]]},"properties":{"h3":"89264d124b7ffff","count":1,"c3":0,"c6":0,"c12":1,"c24":1,"score":0.6,"risk":3,"peakDay":"Friday","peakTime":"morning","hood":"","bk12":{"morning":1,"afternoon":0,"evening":0,"night":0},"bk24":{"morning":1,"afternoon":0,"evening":0,"night":0},"recent":[{"d":"2026-01-16","day":"Fri","time":"07:00","desc":"INTENTIONAL AGGRAVATED ASSAULT","res":"unsolved"}]}},{"type":"Feature","geometry":{"type":"Polygon","coordinates":[[[-86.66294181085259,36.14752418196417],[-86.66148331888368,36.14878858827218],[-86.66212689472891,36.150555116242444],[-86.66422904181466,36.151057256647974],[-86.66568757289377,36.14979283397967],[-86.66504391777772,36.1480262872666],[-86.66294181085259,36.14752418196417],[-86.66294181085259,36.14752418196417]]]},"properties":{"h3":"89264d12dabffff","count":1,"c3":0,"c6":0,"c12":1,"c24":1,"score":0.6,"risk":3,"peakDay":"Friday","peakTime":"evening","hood":"","bk12":{"morning":0,"afternoon":0,"evening":1,"night":0},"bk24":{"morning":0,"afternoon":0,"evening":1,"night":0},"recent":[{"d":"2026-01-16","day":"Fri","time":"17:50","desc":"INTENTIONAL AGGRAVATED ASSAULT","res":"closed"}]}},{"type":"Feature","geometry":{"type":"Polygon","coordinates":[[[-86.71798606516212,36.13000913809353],[-86.71652767725662,36.13127483168886],[-86.71717244262675,36.133041692522866],[-86.71927567513843,36.13354287841459],[-86.72073410200942,36.13227716840116],[-86.72008925740404,36.13051028891457],[-86.71798606516212,36.13000913809353],[-86.71798606516212,36.13000913809353]]]},"properties":{"h3":"89264d12a2bffff","count":2,"c3":0,"c6":0,"c12":2,"c24":2,"score":1.2,"risk":6,"peakDay":"Saturday","peakTime":"morning","hood":"","bk12":{"morning":1,"afternoon":0,"evening":0,"night":1},"bk24":{"morning":1,"afternoon":0,"evening":0,"night":1},"recent":[{"d":"2026-02-14","day":"Sat","time":"02:00","desc":"ROBBERY- CARJACKING","res":"closed"},{"d":"2026-01-17","day":"Sat","time":"05:30","desc":"ROBBERY, AGGRAVATED, HANDGUN","res":"closed"}]}},{"type":"Feature","geometry":{"type":"Polygon","coordinates":[[[-86.76754237771756,36.107922316275165],[-86.76608417430506,36.109189263948295],[-86.76672997062396,36.11095647132298],[-86.76883404954937,36.11145674959676],[-86.7702922917921,36.11018978544868],[-86.76964641627995,36.108422559502266],[-86.76754237771756,36.107922316275165],[-86.76754237771756,36.107922316275165]]]},"properties":{"h3":"89264d11dbbffff","count":1,"c3":0,"c6":0,"c12":1,"c24":1,"score":0.6,"risk":3,"peakDay":"Tuesday","peakTime":"morning","hood":"","bk12":{"morning":1,"afternoon":0,"evening":0,"night":0},"bk24":{"morning":1,"afternoon":0,"evening":0,"night":0},"recent":[{"d":"2026-01-20","day":"Tue","time":"10:00","desc":"INTENTIONAL AGGRAVATED ASSAULT","res":"closed"}]}},{"type":"Feature","geometry":{"type":"Polygon","coordinates":[[[-86.74795990781587,36.24358975986799],[-86.7464998429012,36.244854276364634],[-86.74714602338385,36.24662036666628],[-86.74925234818626,36.24712195906465],[-86.75071245208002,36.24585742621487],[-86.75006619219309,36.24409131732034],[-86.74795990781587,36.24358975986799],[-86.74795990781587,36.24358975986799]]]},"properties":{"h3":"89264d899dbffff","count":1,"c3":0,"c6":0,"c12":1,"c24":1,"score":0.6,"risk":3,"peakDay":"Thursday","peakTime":"afternoon","hood":"","bk12":{"morning":0,"afternoon":1,"evening":0,"night":0},"bk24":{"morning":0,"afternoon":1,"evening":0,"night":0},"recent":[{"d":"2026-01-22","day":"Thu","time":"14:18","desc":"INTENTIONAL AGGRAVATED ASSAULT","res":"closed"}]}},{"type":"Feature","geometry":{"type":"Polygon","coordinates":[[[-86.70068811439899,36.11943279802678],[-86.6992299198266,36.1206983319083],[-86.69987421148338,36.12246521143205],[-86.70197677693518,36.12296657575702],[-86.70343501050647,36.121701025462926],[-86.70279063962782,36.11993412725692],[-86.70068811439899,36.11943279802678],[-86.70068811439899,36.11943279802678]]]},"properties":{"h3":"89264d12b0fffff","count":1,"c3":0,"c6":0,"c12":1,"c24":1,"score":0.6,"risk":3,"peakDay":"Thursday","peakTime":"evening","hood":"","bk12":{"morning":0,"afternoon":0,"evening":1,"night":0},"bk24":{"morning":0,"afternoon":0,"evening":1,"night":0},"recent":[{"d":"2026-01-22","day":"Thu","time":"20:30","desc":"Assault, Aggravated - Deadly Weapon - Int/Kn","res":"closed"}]}},{"type":"Feature","geometry":{"type":"Polygon","coordinates":[[[-86.654235926203,36.05510243642735],[-86.65277875686631,36.05636808650238],[-86.65342155390508,36.05813528686124],[-86.65552159941221,36.05863685591028],[-86.65697880781015,36.057371189409075],[-86.65633593164048,36.05560397028548],[-86.654235926203,36.05510243642735],[-86.654235926203,36.05510243642735]]]},"properties":{"h3":"89264d14657ffff","count":1,"c3":0,"c6":0,"c12":1,"c24":1,"score":0.6,"risk":3,"peakDay":"Saturday","peakTime":"afternoon","hood":"","bk12":{"morning":0,"afternoon":1,"evening":0,"night":0},"bk24":{"morning":0,"afternoon":1,"evening":0,"night":0},"recent":[{"d":"2026-01-24","day":"Sat","time":"16:45","desc":"ASSAULT, AGGRAVATED - STRANGULATION-INT/KN","res":"closed"}]}},{"type":"Feature","geometry":{"type":"Polygon","coordinates":[[[-86.97313307082445,36.05487800234831],[-86.971675110161,36.05614955756599],[-86.97232541754202,36.05791789223293],[-86.97443376466174,36.058414689914926],[-86.97589176362092,36.057143118018274],[-86.97524137716552,36.05537476511909],[-86.97313307082445,36.05487800234831],[-86.97313307082445,36.05487800234831]]]},"properties":{"h3":"89264d1982bffff","count":1,"c3":0,"c6":0,"c12":1,"c24":1,"score":0.6,"risk":3,"peakDay":"Sunday","peakTime":"afternoon","hood":"","bk12":{"morning":0,"afternoon":1,"evening":0,"night":0},"bk24":{"morning":0,"afternoon":1,"evening":0,"night":0},"recent":[{"d":"2026-01-25","day":"Sun","time":"15:45","desc":"INTENTIONAL AGGRAVATED ASSAULT","res":"closed"}]}},{"type":"Feature","geometry":{"type":"Polygon","coordinates":[[[-86.76604257134967,36.15112904517499],[-86.76458376383148,36.152395307813784],[-86.7652297939954,36.15416217830193],[-86.76733471093786,36.15466280472253],[-86.76879355732228,36.15339652564389],[-86.76814744789881,36.15162963658502],[-86.76604257134967,36.15112904517499],[-86.76604257134967,36.15112904517499]]]},"properties":{"h3":"89264d1001bffff","count":2,"c3":0,"c6":0,"c12":2,"c24":2,"score":1.3,"risk":6,"peakDay":"Sunday","peakTime":"evening","hood":"","bk12":{"morning":0,"afternoon":0,"evening":2,"night":0},"bk24":{"morning":0,"afternoon":0,"evening":2,"night":0},"recent":[{"d":"2026-02-21","day":"Sat","time":"20:56","desc":"INTENTIONAL AGGRAVATED ASSAULT","res":"closed"},{"d":"2026-01-25","day":"Sun","time":"17:00","desc":"ASSAULT","res":"closed"}]}},{"type":"Feature","geometry":{"type":"Polygon","coordinates":[[[-86.75260165995886,36.15115783739307],[-86.7511428860604,36.15242385054997],[-86.75178859944383,36.154190672932565],[-86.75389316598834,36.1546915007519],[-86.75535197878524,36.153425471165896],[-86.75470618613994,36.151658630190155],[-86.75260165995886,36.15115783739307],[-86.75260165995886,36.15115783739307]]]},"properties":{"h3":"89264d100b3ffff","count":1,"c3":0,"c6":0,"c12":1,"c24":1,"score":0.6,"risk":3,"peakDay":"Sunday","peakTime":"night","hood":"","bk12":{"morning":0,"afternoon":0,"evening":0,"night":1},"bk24":{"morning":0,"afternoon":0,"evening":0,"night":1},"recent":[{"d":"2026-01-25","day":"Sun","time":"22:00","desc":"INTENTIONAL AGGRAVATED ASSAULT","res":"closed"}]}},{"type":"Feature","geometry":{"type":"Polygon","coordinates":[[[-86.8566135225933,36.15165406514316],[-86.8551544822761,36.15292199700776],[-86.8558026508965,36.154689183189475],[-86.85790993907925,36.15518845592664],[-86.85936901804526,36.15392050755074],[-86.85872077018051,36.15215330294945],[-86.8566135225933,36.15165406514316],[-86.8566135225933,36.15165406514316]]]},"properties":{"h3":"89264d11213ffff","count":1,"c3":0,"c6":0,"c12":1,"c24":1,"score":0.6,"risk":3,"peakDay":"Thursday","peakTime":"night","hood":"","bk12":{"morning":0,"afternoon":0,"evening":0,"night":1},"bk24":{"morning":0,"afternoon":0,"evening":0,"night":1},"recent":[{"d":"2026-01-29","day":"Thu","time":"03:20","desc":"INTENTIONAL AGGRAVATED ASSAULT","res":"closed"}]}},{"type":"Feature","geometry":{"type":"Polygon","coordinates":[[[-86.59530500132286,36.16198343578108],[-86.59384648412994,36.163246366635825],[-86.5944885535062,36.1650125373792],[-86.59658921937915,36.16551579612243],[-86.59804777585438,36.16425284897309],[-86.59740562717508,36.1624866593756],[-86.59530500132286,36.16198343578108],[-86.59530500132286,36.16198343578108]]]},"properties":{"h3":"89264d8c30fffff","count":1,"c3":0,"c6":0,"c12":1,"c24":1,"score":0.6,"risk":3,"peakDay":"Thursday","peakTime":"morning","hood":"","bk12":{"morning":1,"afternoon":0,"evening":0,"night":0},"bk24":{"morning":1,"afternoon":0,"evening":0,"night":0},"recent":[{"d":"2026-01-29","day":"Thu","time":"11:00","desc":"Assault, Aggravated - Deadly Weapon - Int/Kn","res":"closed"}]}},{"type":"Feature","geometry":{"type":"Polygon","coordinates":[[[-86.71767896711431,36.1186429156675],[-86.71622073991824,36.119908776493126],[-86.71686542734608,36.121675723246305],[-86.71896842118869,36.12217682782834],[-86.72042668734241,36.12091095057593],[-86.71978192069669,36.11914398516876],[-86.71767896711431,36.1186429156675],[-86.71767896711431,36.1186429156675]]]},"properties":{"h3":"89264d10cbbffff","count":2,"c3":0,"c6":0,"c12":2,"c24":2,"score":1.3,"risk":6,"peakDay":"Friday","peakTime":"night","hood":"","bk12":{"morning":0,"afternoon":0,"evening":1,"night":1},"bk24":{"morning":0,"afternoon":0,"evening":1,"night":1},"recent":[{"d":"2026-02-16","day":"Mon","time":"17:00","desc":"Assault, Aggravated - Deadly Weapon - Reckless","res":"unsolved"},{"d":"2026-01-30","day":"Fri","time":"00:50","desc":"ROBBERY, AGGRAVATED, HANDGUN","res":"unsolved"}]}},{"type":"Feature","geometry":{"type":"Polygon","coordinates":[[[-86.60990605536948,36.207397268358676],[-86.60844685916656,36.20865977684674],[-86.60908955515559,36.21042565153454],[-86.61119152671893,36.210929036560685],[-86.6126507622039,36.20966651180192],[-86.61200798684426,36.20790061828821],[-86.60990605536948,36.207397268358676],[-86.60990605536948,36.207397268358676]]]},"properties":{"h3":"89264d8c6c7ffff","count":1,"c3":0,"c6":0,"c12":1,"c24":1,"score":0.6,"risk":3,"peakDay":"Saturday","peakTime":"afternoon","hood":"","bk12":{"morning":0,"afternoon":1,"evening":0,"night":0},"bk24":{"morning":0,"afternoon":1,"evening":0,"night":0},"recent":[{"d":"2026-01-31","day":"Sat","time":"16:27","desc":"Assault, Agg - Serious Bodily Injury- Int/Kn- Acting in Concert","res":"unsolved"}]}},{"type":"Feature","geometry":{"type":"Polygon","coordinates":[[[-86.76960625363407,36.150363296262185],[-86.76814744789881,36.15162963658502],[-86.76879355732228,36.15339652564389],[-86.77089855173958,36.15389709294528],[-86.77235739633191,36.15263073617919],[-86.77171120765067,36.150863828555444],[-86.76960625363407,36.150363296262185],[-86.76960625363407,36.150363296262185]]]},"properties":{"h3":"89264d10057ffff","count":1,"c3":0,"c6":0,"c12":1,"c24":1,"score":0.6,"risk":3,"peakDay":"Saturday","peakTime":"evening","hood":"","bk12":{"morning":0,"afternoon":0,"evening":1,"night":0},"bk24":{"morning":0,"afternoon":0,"evening":1,"night":0},"recent":[{"d":"2026-01-31","day":"Sat","time":"21:11","desc":"INTENTIONAL AGGRAVATED ASSAULT","res":"closed"}]}},{"type":"Feature","geometry":{"type":"Polygon","coordinates":[[[-86.71760308190461,36.281490575272294],[-86.7161425592216,36.28275394853737],[-86.7167882597603,36.28451963511481],[-86.7188945624504,36.28502196706763],[-86.72035512421404,36.28375857750323],[-86.71970934420777,36.28199287228582],[-86.71760308190461,36.281490575272294],[-86.71760308190461,36.281490575272294]]]},"properties":{"h3":"89264d8814bffff","count":1,"c3":0,"c6":0,"c12":1,"c24":1,"score":0.6,"risk":3,"peakDay":"Sunday","peakTime":"morning","hood":"","bk12":{"morning":1,"afternoon":0,"evening":0,"night":0},"bk24":{"morning":1,"afternoon":0,"evening":0,"night":0},"recent":[{"d":"2026-02-01","day":"Sun","time":"10:00","desc":"INTENTIONAL AGGRAVATED ASSAULT","res":"closed"}]}},{"type":"Feature","geometry":{"type":"Polygon","coordinates":[[[-86.87995177392511,36.08939183584364],[-86.87849355207955,36.09066114554441],[-86.8791418814854,36.09242889212573],[-86.88124851188253,36.0929273473923],[-86.88270677227435,36.09165802111297],[-86.88205836372354,36.08989025614611],[-86.87995177392511,36.08939183584364],[-86.87995177392511,36.08939183584364]]]},"properties":{"h3":"89264d1abcfffff","count":1,"c3":0,"c6":0,"c12":1,"c24":1,"score":0.6,"risk":3,"peakDay":"Saturday","peakTime":"evening","hood":"","bk12":{"morning":0,"afternoon":0,"evening":1,"night":0},"bk24":{"morning":0,"afternoon":0,"evening":1,"night":0},"recent":[{"d":"2026-02-07","day":"Sat","time":"21:50","desc":"INTENTIONAL AGGRAVATED ASSAULT","res":"unsolved"}]}},{"type":"Feature","geometry":{"type":"Polygon","coordinates":[[[-86.69977296867593,36.085332523394904],[-86.6983152560127,36.08659855864796],[-86.69895931421539,36.08836569501139],[-86.701061164252,36.088866814808746],[-86.70251891589062,36.08760076311698],[-86.70187477851802,36.08583360806705],[-86.69977296867593,36.085332523394904],[-86.69977296867593,36.085332523394904]]]},"properties":{"h3":"89264d1724bffff","count":1,"c3":0,"c6":0,"c12":1,"c24":1,"score":0.6,"risk":3,"peakDay":"Saturday","peakTime":"night","hood":"","bk12":{"morning":0,"afternoon":0,"evening":0,"night":1},"bk24":{"morning":0,"afternoon":0,"evening":0,"night":1},"recent":[{"d":"2026-02-07","day":"Sat","time":"23:16","desc":"ASSAULT, VEHICULAR - 1ST OFFENSE","res":"closed"}]}},{"type":"Feature","geometry":{"type":"Polygon","coordinates":[[[-86.80506935732916,36.168469944325324],[-86.80361020772249,36.16973666579656],[-86.80425726632389,36.1715035409068],[-86.8063635538121,36.17200371305047],[-86.80782274220427,36.170736975121955],[-86.80717560432353,36.16897008150752],[-86.80506935732916,36.168469944325324],[-86.80506935732916,36.168469944325324]]]},"properties":{"h3":"89264d1159bffff","count":1,"c3":0,"c6":0,"c12":1,"c24":1,"score":0.6,"risk":3,"peakDay":"Saturday","peakTime":"night","hood":"","bk12":{"morning":0,"afternoon":0,"evening":0,"night":1},"bk24":{"morning":0,"afternoon":0,"evening":0,"night":1},"recent":[{"d":"2026-02-07","day":"Sat","time":"23:30","desc":"INTENTIONAL AGGRAVATED ASSAULT","res":"closed"}]}},{"type":"Feature","geometry":{"type":"Polygon","coordinates":[[[-86.759472778311,36.238269254503614],[-86.75801275932044,36.239534065806566],[-86.75865917827734,36.24130023835826],[-86.7607656956198,36.24180161818168],[-86.76222575355783,36.24053679051228],[-86.76157925520674,36.23877059938639],[-86.759472778311,36.238269254503614],[-86.759472778311,36.238269254503614]]]},"properties":{"h3":"89264d89b93ffff","count":1,"c3":0,"c6":0,"c12":1,"c24":1,"score":0.6,"risk":3,"peakDay":"Sunday","peakTime":"afternoon","hood":"","bk12":{"morning":0,"afternoon":1,"evening":0,"night":0},"bk24":{"morning":0,"afternoon":1,"evening":0,"night":0},"recent":[{"d":"2026-02-08","day":"Sun","time":"13:20","desc":"ASSAULT, VEHICULAR, AGGRAVATED","res":"unsolved"}]}},{"type":"Feature","geometry":{"type":"Polygon","coordinates":[[[-86.63342398556749,36.18239520356725],[-86.63196507974254,36.18365853045817],[-86.63260817563696,36.18542468342029],[-86.63471025668582,36.18592752828092],[-86.63616920171776,36.18466418508076],[-86.63552602649465,36.182898013329684],[-86.63342398556749,36.18239520356725],[-86.63342398556749,36.18239520356725]]]},"properties":{"h3":"89264d8d183ffff","count":1,"c3":0,"c6":0,"c12":1,"c24":1,"score":0.6,"risk":3,"peakDay":"Monday","peakTime":"morning","hood":"","bk12":{"morning":1,"afternoon":0,"evening":0,"night":0},"bk24":{"morning":1,"afternoon":0,"evening":0,"night":0},"recent":[{"d":"2026-02-09","day":"Mon","time":"11:01","desc":"AGGRAV ASSLT - NONFAMILY-WEAPON","res":"closed"}]}},{"type":"Feature","geometry":{"type":"Polygon","coordinates":[[[-86.899086288821,36.13104446589963],[-86.89762743504428,36.13231349708327],[-86.89827647557372,36.13408099050183],[-86.90038444908559,36.1345794710875],[-86.9018433413933,36.13331042334287],[-86.90119422165894,36.13154291157402],[-86.899086288821,36.13104446589963],[-86.899086288821,36.13104446589963]]]},"properties":{"h3":"89264d1a337ffff","count":1,"c3":0,"c6":0,"c12":1,"c24":1,"score":0.6,"risk":3,"peakDay":"Tuesday","peakTime":"morning","hood":"","bk12":{"morning":1,"afternoon":0,"evening":0,"night":0},"bk24":{"morning":1,"afternoon":0,"evening":0,"night":0},"recent":[{"d":"2026-02-10","day":"Tue","time":"08:20","desc":"INTENTIONAL AGGRAVATED ASSAULT","res":"closed"}]}},{"type":"Feature","geometry":{"type":"Polygon","coordinates":[[[-86.66075871261515,36.26791805524332],[-86.65929852849278,36.269180581622386],[-86.65994280195065,36.27094617087259],[-86.66204733898748,36.271449252480046],[-86.66350756231634,36.27018670983668],[-86.66286320940269,36.26842110185065],[-86.66075871261515,36.26791805524332],[-86.66075871261515,36.26791805524332]]]},"properties":{"h3":"89264d8ab0fffff","count":1,"c3":0,"c6":0,"c12":1,"c24":1,"score":0.6,"risk":3,"peakDay":"Tuesday","peakTime":"evening","hood":"","bk12":{"morning":0,"afternoon":0,"evening":1,"night":0},"bk24":{"morning":0,"afternoon":0,"evening":1,"night":0},"recent":[{"d":"2026-02-10","day":"Tue","time":"17:25","desc":"Assault, Aggravated - Deadly Weapon - Int/Kn","res":"unsolved"}]}},{"type":"Feature","geometry":{"type":"Polygon","coordinates":[[[-86.6772077653181,36.04444811168898],[-86.6757506856038,36.04571434916943],[-86.6763939581545,36.047481713847255],[-86.67849438953137,36.04798285977236],[-86.67995150824417,36.04671660583894],[-86.6793081565824,36.04494922243385],[-86.6772077653181,36.04444811168898],[-86.6772077653181,36.04444811168898]]]},"properties":{"h3":"89264d15573ffff","count":1,"c3":0,"c6":0,"c12":1,"c24":1,"score":0.6,"risk":3,"peakDay":"Tuesday","peakTime":"evening","hood":"","bk12":{"morning":0,"afternoon":0,"evening":1,"night":0},"bk24":{"morning":0,"afternoon":0,"evening":1,"night":0},"recent":[{"d":"2026-02-10","day":"Tue","time":"20:42","desc":"AGGRAV ASSLT - FAMILY-WEAPON","res":"closed"}]}},{"type":"Feature","geometry":{"type":"Polygon","coordinates":[[[-86.73467248668842,36.11785049363172],[-86.73321422713295,36.1191166814279],[-86.73385931033472,36.120883695266286],[-86.7359627323067,36.12138453993473],[-86.73742103077856,36.12011833569761],[-86.73677586836288,36.11835130323346],[-86.73467248668842,36.11785049363172],[-86.73467248668842,36.11785049363172]]]},"properties":{"h3":"89264d10c43ffff","count":1,"c3":0,"c6":0,"c12":1,"c24":1,"score":0.6,"risk":3,"peakDay":"Tuesday","peakTime":"night","hood":"","bk12":{"morning":0,"afternoon":0,"evening":0,"night":1},"bk24":{"morning":0,"afternoon":0,"evening":0,"night":1},"recent":[{"d":"2026-02-10","day":"Tue","time":"22:25","desc":"AGGRAV ASSLT - NONFAMILY-WEAPON","res":"closed"}]}},{"type":"Feature","geometry":{"type":"Polygon","coordinates":[[[-86.803623422768,36.14876657792611],[-86.80216455415413,36.15003357265915],[-86.80281145566414,36.15180059463725],[-86.80491730503826,36.15230064039107],[-86.8063762124263,36.15103362918648],[-86.80572923166686,36.14926658870013],[-86.803623422768,36.14876657792611],[-86.803623422768,36.14876657792611]]]},"properties":{"h3":"89264d1152fffff","count":1,"c3":0,"c6":0,"c12":1,"c24":1,"score":0.6,"risk":3,"peakDay":"Saturday","peakTime":"night","hood":"","bk12":{"morning":0,"afternoon":0,"evening":0,"night":1},"bk24":{"morning":0,"afternoon":0,"evening":0,"night":1},"recent":[{"d":"2026-02-14","day":"Sat","time":"02:00","desc":"ROBBERY","res":"closed"}]}},{"type":"Feature","geometry":{"type":"Polygon","coordinates":[[[-86.71912424740131,36.23833109170498],[-86.7176643301776,36.239595153894854],[-86.71830979723212,36.24136118255351],[-86.72041526091218,36.2418631676642],[-86.72187521718023,36.24059908914015],[-86.72122967072468,36.23883304184008],[-86.71912424740131,36.23833109170498],[-86.71912424740131,36.23833109170498]]]},"properties":{"h3":"89264d88a0bffff","count":1,"c3":0,"c6":0,"c12":1,"c24":1,"score":0.6,"risk":3,"peakDay":"Saturday","peakTime":"night","hood":"","bk12":{"morning":0,"afternoon":0,"evening":0,"night":1},"bk24":{"morning":0,"afternoon":0,"evening":0,"night":1},"recent":[{"d":"2026-02-14","day":"Sat","time":"03:00","desc":"INTENTIONAL AGGRAVATED ASSAULT","res":"unsolved"}]}},{"type":"Feature","geometry":{"type":"Polygon","coordinates":[[[-86.76535464376917,36.19129132863412],[-86.76389527232408,36.19255696640727],[-86.76454153675726,36.19432352450059],[-86.76664725195748,36.19482446338973],[-86.76810666230057,36.19355880920876],[-86.76746031854624,36.191792232546945],[-86.76535464376917,36.19129132863412],[-86.76535464376917,36.19129132863412]]]},"properties":{"h3":"89264d1224bffff","count":1,"c3":0,"c6":0,"c12":1,"c24":1,"score":0.6,"risk":3,"peakDay":"Saturday","peakTime":"evening","hood":"","bk12":{"morning":0,"afternoon":0,"evening":1,"night":0},"bk24":{"morning":0,"afternoon":0,"evening":1,"night":0},"recent":[{"d":"2026-02-14","day":"Sat","time":"18:00","desc":"Assault, Aggravated - Strangulation - Int/Kn","res":"closed"}]}},{"type":"Feature","geometry":{"type":"Polygon","coordinates":[[[-86.66529744081143,36.101308288686724],[-86.6638395930605,36.102573442077286],[-86.66448293748697,36.10434033185223],[-86.6665842088649,36.104842086979744],[-86.66804209568555,36.10357691719064],[-86.6673986720593,36.10181000867303],[-86.66529744081143,36.101308288686724],[-86.66529744081143,36.101308288686724]]]},"properties":{"h3":"89264d170d3ffff","count":1,"c3":0,"c6":0,"c12":1,"c24":1,"score":0.6,"risk":3,"peakDay":"Sunday","peakTime":"morning","hood":"","bk12":{"morning":1,"afternoon":0,"evening":0,"night":0},"bk24":{"morning":1,"afternoon":0,"evening":0,"night":0},"recent":[{"d":"2026-02-15","day":"Sun","time":"10:30","desc":"INTENTIONAL AGGRAVATED ASSAULT","res":"closed"}]}},{"type":"Feature","geometry":{"type":"Polygon","coordinates":[[[-86.64060439672383,36.080889239095185],[-86.63914690081755,36.0821542449172],[-86.63978953623176,36.083921200042205],[-86.64188974672534,36.08442316813112],[-86.64334728174477,36.08315814591422],[-86.64270456715823,36.081391172003784],[-86.64060439672383,36.080889239095185],[-86.64060439672383,36.080889239095185]]]},"properties":{"h3":"89264d1718bffff","count":1,"c3":0,"c6":0,"c12":1,"c24":1,"score":0.6,"risk":3,"peakDay":"Tuesday","peakTime":"evening","hood":"","bk12":{"morning":0,"afternoon":0,"evening":1,"night":0},"bk24":{"morning":0,"afternoon":0,"evening":1,"night":0},"recent":[{"d":"2026-02-17","day":"Tue","time":"21:10","desc":"Assault, Aggravated - Deadly Weapon - Int/Kn","res":"closed"}]}},{"type":"Feature","geometry":{"type":"Polygon","coordinates":[[[-86.83895275285063,36.129717692064744],[-86.8374940646042,36.130985630695015],[-86.83814167993933,36.13275292389093],[-86.84024806273574,36.13325229690789],[-86.84170678965717,36.13198434176311],[-86.841059095108,36.13021703011635],[-86.83895275285063,36.129717692064744],[-86.83895275285063,36.129717692064744]]]},"properties":{"h3":"89264d1130fffff","count":1,"c3":0,"c6":0,"c12":1,"c24":1,"score":0.6,"risk":3,"peakDay":"Thursday","peakTime":"afternoon","hood":"","bk12":{"morning":0,"afternoon":1,"evening":0,"night":0},"bk24":{"morning":0,"afternoon":1,"evening":0,"night":0},"recent":[{"d":"2026-02-19","day":"Thu","time":"12:09","desc":"ROBBERY, AGGRAVATED, HANDGUN","res":"unsolved"}]}},{"type":"Feature","geometry":{"type":"Polygon","coordinates":[[[-86.73927803851888,36.18831009172176],[-86.73781877519933,36.189575291657626],[-86.7384644058833,36.191341780034],[-86.7405693792086,36.19184308708717],[-86.74202868148646,36.19057787076194],[-86.74138297148151,36.18881136377336],[-86.73927803851888,36.18831009172176],[-86.73927803851888,36.18831009172176]]]},"properties":{"h3":"89264d122a7ffff","count":1,"c3":0,"c6":0,"c12":1,"c24":1,"score":0.6,"risk":3,"peakDay":"Thursday","peakTime":"evening","hood":"","bk12":{"morning":0,"afternoon":0,"evening":1,"night":0},"bk24":{"morning":0,"afternoon":0,"evening":1,"night":0},"recent":[{"d":"2026-02-19","day":"Thu","time":"18:30","desc":"ROBBERY","res":"unsolved"}]}},{"type":"Feature","geometry":{"type":"Polygon","coordinates":[[[-86.82906939425447,36.12898787469491],[-86.82761074069732,36.13025564146879],[-86.82825811855236,36.132022905472816],[-86.83036422918002,36.13252242117082],[-86.83182292143539,36.13125463788968],[-86.83117546436569,36.12948735541828],[-86.82906939425447,36.12898787469491],[-86.82906939425447,36.12898787469491]]]},"properties":{"h3":"89264d113afffff","count":1,"c3":0,"c6":0,"c12":1,"c24":1,"score":0.6,"risk":3,"peakDay":"Saturday","peakTime":"evening","hood":"","bk12":{"morning":0,"afternoon":0,"evening":1,"night":0},"bk24":{"morning":0,"afternoon":0,"evening":1,"night":0},"recent":[{"d":"2026-02-21","day":"Sat","time":"21:22","desc":"ASSAULT, AGGRAVATED - DEADLY WEAPON - RECKLESS FROM MOT VEH","res":"unsolved"}]}},{"type":"Feature","geometry":{"type":"Polygon","coordinates":[[[-86.60657197032519,36.18241736670513],[-86.605113135193,36.183680194877965],[-86.60575559733978,36.1854462498884],[-86.60785697395225,36.18594949556011],[-86.60931584835545,36.18468665109966],[-86.60867330687593,36.1829205772556],[-86.60657197032519,36.18241736670513],[-86.60657197032519,36.18241736670513]]]},"properties":{"h3":"89264d8c2bbffff","count":2,"c3":0,"c6":0,"c12":2,"c24":2,"score":1.3,"risk":7,"peakDay":"Sunday","peakTime":"afternoon","hood":"","bk12":{"morning":0,"afternoon":2,"evening":0,"night":0},"bk24":{"morning":0,"afternoon":2,"evening":0,"night":0},"recent":[{"d":"2026-02-25","day":"Wed","time":"16:00","desc":"Assault, Aggravated - Deadly Weapon - Int/Kn","res":"closed"},{"d":"2026-02-22","day":"Sun","time":"12:00","desc":"Assault, Aggravated - Deadly Weapon - Int/Kn","res":"closed"}]}},{"type":"Feature","geometry":{"type":"Polygon","coordinates":[[[-86.7088248942076,36.08910386308177],[-86.70736710517973,36.090370008806914],[-86.70801140022294,36.092137149150375],[-86.71011356346905,36.092638162440274],[-86.71157139145353,36.09137200027217],[-86.71092701723609,36.0896048412576],[-86.7088248942076,36.08910386308177],[-86.7088248942076,36.08910386308177]]]},"properties":{"h3":"89264d1099bffff","count":1,"c3":0,"c6":0,"c12":1,"c24":1,"score":0.7,"risk":3,"peakDay":"Monday","peakTime":"night","hood":"","bk12":{"morning":0,"afternoon":0,"evening":0,"night":1},"bk24":{"morning":0,"afternoon":0,"evening":0,"night":1},"recent":[{"d":"2026-02-23","day":"Mon","time":"01:00","desc":"INTENTIONAL AGGRAVATED ASSAULT","res":"unsolved"}]}},{"type":"Feature","geometry":{"type":"Polygon","coordinates":[[[-86.73966623861551,36.1367863147705],[-86.73820769989456,36.1380523070218],[-86.7388530187149,36.139819193622436],[-86.74095695549904,36.140320106588135],[-86.74241553313867,36.13905409790677],[-86.74177013507628,36.137287192690245],[-86.73966623861551,36.1367863147705],[-86.73966623861551,36.1367863147705]]]},"properties":{"h3":"89264d1018fffff","count":1,"c3":0,"c6":0,"c12":1,"c24":1,"score":0.7,"risk":3,"peakDay":"Monday","peakTime":"night","hood":"","bk12":{"morning":0,"afternoon":0,"evening":0,"night":1},"bk24":{"morning":0,"afternoon":0,"evening":0,"night":1},"recent":[{"d":"2026-02-23","day":"Mon","time":"01:35","desc":"Assault, Aggravated - Deadly Weapon - Int/Kn","res":"unsolved"}]}},{"type":"Feature","geometry":{"type":"Polygon","coordinates":[[[-86.70475701544979,36.104269421289274],[-86.70329902367025,36.105535261174836],[-86.7039433170341,36.1073022712147],[-86.7060456813763,36.1078034600462],[-86.7075037121336,36.10653760373288],[-86.70685933957172,36.1047705750163],[-86.70475701544979,36.104269421289274],[-86.70475701544979,36.104269421289274]]]},"properties":{"h3":"89264d10d13ffff","count":1,"c3":0,"c6":0,"c12":1,"c24":1,"score":0.7,"risk":3,"peakDay":"Monday","peakTime":"morning","hood":"","bk12":{"morning":1,"afternoon":0,"evening":0,"night":0},"bk24":{"morning":1,"afternoon":0,"evening":0,"night":0},"recent":[{"d":"2026-02-23","day":"Mon","time":"07:03","desc":"ROBBERY, AGGRAVATED, HANDGUN","res":"closed"}]}},{"type":"Feature","geometry":{"type":"Polygon","coordinates":[[[-86.81152977367078,36.2071043799738],[-86.81007006368233,36.20837063201641],[-86.8107175160242,36.21013723066116],[-86.81282475769271,36.21063759575393],[-86.81428450648002,36.209371327279094],[-86.81363697480079,36.207604710144224],[-86.81152977367078,36.2071043799738],[-86.81152977367078,36.2071043799738]]]},"properties":{"h3":"89264d1362fffff","count":1,"c3":0,"c6":0,"c12":1,"c24":1,"score":0.7,"risk":3,"peakDay":"Monday","peakTime":"morning","hood":"","bk12":{"morning":1,"afternoon":0,"evening":0,"night":0},"bk24":{"morning":1,"afternoon":0,"evening":0,"night":0},"recent":[{"d":"2026-02-23","day":"Mon","time":"09:00","desc":"AGGRAV ASSLT - FAMILY-WEAPON","res":"closed"}]}},{"type":"Feature","geometry":{"type":"Polygon","coordinates":[[[-86.8344060259148,36.159298360320555],[-86.83294693264534,36.16056576473005],[-86.83359462559665,36.16233281399414],[-86.83570149107828,36.162832477305216],[-86.83716062305572,36.16156505640798],[-86.83651285084437,36.15979798868788],[-86.8344060259148,36.159298360320555],[-86.8344060259148,36.159298360320555]]]},"properties":{"h3":"89264d110c7ffff","count":1,"c3":0,"c6":0,"c12":1,"c24":1,"score":0.7,"risk":3,"peakDay":"Tuesday","peakTime":"evening","hood":"","bk12":{"morning":0,"afternoon":0,"evening":1,"night":0},"bk24":{"morning":0,"afternoon":0,"evening":1,"night":0},"recent":[{"d":"2026-02-24","day":"Tue","time":"18:06","desc":"Assault, Aggravated - Deadly Weapon - Int/Kn","res":"closed"}]}},{"type":"Feature","geometry":{"type":"Polygon","coordinates":[[[-86.6850405115664,36.00273497143175],[-86.68358399694262,36.00400198588786],[-86.68422719558889,36.005769693623776],[-86.686326987906,36.00627040562137],[-86.68778354147831,36.005003374673024],[-86.68714026378574,36.003235648219786],[-86.6850405115664,36.00273497143175],[-86.6850405115664,36.00273497143175]]]},"properties":{"h3":"89264d15e0fffff","count":1,"c3":0,"c6":0,"c12":1,"c24":1,"score":0.7,"risk":3,"peakDay":"Tuesday","peakTime":"evening","hood":"","bk12":{"morning":0,"afternoon":0,"evening":1,"night":0},"bk24":{"morning":0,"afternoon":0,"evening":1,"night":0},"recent":[{"d":"2026-02-24","day":"Tue","time":"19:52","desc":"ASSAULT, AGG - DEADLY WEAPON - RECKLESS-IN CONCERT","res":"closed"}]}},{"type":"Feature","geometry":{"type":"Polygon","coordinates":[[[-86.8246665234425,36.195706025378605],[-86.82320694149917,36.19697269464519],[-86.823854632388,36.198739427928764],[-86.82596198453852,36.19923951041544],[-86.82742160524053,36.19797282469729],[-86.82677383503416,36.196206072944506],[-86.8246665234425,36.195706025378605],[-86.8246665234425,36.195706025378605]]]},"properties":{"h3":"89264d1320bffff","count":1,"c3":0,"c6":0,"c12":1,"c24":1,"score":0.7,"risk":3,"peakDay":"Friday","peakTime":"evening","hood":"","bk12":{"morning":0,"afternoon":0,"evening":1,"night":0},"bk24":{"morning":0,"afternoon":0,"evening":1,"night":0},"recent":[{"d":"2026-02-27","day":"Fri","time":"20:07","desc":"INTENTIONAL AGGRAVATED ASSAULT","res":"closed"}]}},{"type":"Feature","geometry":{"type":"Polygon","coordinates":[[[-86.72469121087366,36.07997445969499],[-86.72323350939743,36.08124103805754],[-86.72387812175302,36.08300830510319],[-86.72598051474334,36.08350901243218],[-86.72743825513142,36.08224241760683],[-86.7267935636181,36.08047513191576],[-86.72469121087366,36.07997445969499],[-86.72469121087366,36.07997445969499]]]},"properties":{"h3":"89264d1094bffff","count":1,"c3":0,"c6":0,"c12":1,"c24":1,"score":0.7,"risk":3,"peakDay":"Sunday","peakTime":"night","hood":"","bk12":{"morning":0,"afternoon":0,"evening":0,"night":1},"bk24":{"morning":0,"afternoon":0,"evening":0,"night":1},"recent":[{"d":"2026-03-01","day":"Sun","time":"02:40","desc":"AGGRAV ASSLT - NONFAMILY-WEAPON","res":"closed"}]}},{"type":"Feature","geometry":{"type":"Polygon","coordinates":[[[-86.72970837039843,36.19893191624247],[-86.72824898177632,36.20019677667765],[-86.72889445290052,36.201963148762836],[-86.73099939198646,36.202464679040595],[-86.73245881959778,36.20119980223201],[-86.73181326913475,36.19943341151957],[-86.72970837039843,36.19893191624247],[-86.72970837039843,36.19893191624247]]]},"properties":{"h3":"89264d1201bffff","count":1,"c3":0,"c6":0,"c12":1,"c24":1,"score":0.7,"risk":3,"peakDay":"Sunday","peakTime":"afternoon","hood":"","bk12":{"morning":0,"afternoon":1,"evening":0,"night":0},"bk24":{"morning":0,"afternoon":1,"evening":0,"night":0},"recent":[{"d":"2026-03-01","day":"Sun","time":"16:54","desc":"Assault, Aggravated - Deadly Weapon - Int/Kn","res":"unsolved"}]}},{"type":"Feature","geometry":{"type":"Polygon","coordinates":[[[-86.98935060287164,36.05708293322978],[-86.98789257309411,36.05835475465585],[-86.98854327591603,36.06012312837454],[-86.9906520875908,36.060619698872586],[-86.99211015562645,36.05934786075656],[-86.99145937373004,36.05757946883293],[-86.98935060287164,36.05708293322978],[-86.98935060287164,36.05708293322978]]]},"properties":{"h3":"89264d19aa3ffff","count":1,"c3":0,"c6":0,"c12":1,"c24":1,"score":0.7,"risk":3,"peakDay":"Sunday","peakTime":"evening","hood":"","bk12":{"morning":0,"afternoon":0,"evening":1,"night":0},"bk24":{"morning":0,"afternoon":0,"evening":1,"night":0},"recent":[{"d":"2026-03-01","day":"Sun","time":"19:30","desc":"INTENTIONAL AGGRAVATED ASSAULT","res":"unsolved"}]}},{"type":"Feature","geometry":{"type":"Polygon","coordinates":[[[-86.7632917822467,36.14886153294901],[-86.7618330135996,36.15012777914839],[-86.76247896476332,36.15189465729278],[-86.76458376383148,36.152395307813784],[-86.76604257134967,36.15112904517499],[-86.76539654092943,36.149362148455104],[-86.7632917822467,36.14886153294901],[-86.7632917822467,36.14886153294901]]]},"properties":{"h3":"89264d10003ffff","count":2,"c3":0,"c6":0,"c12":2,"c24":2,"score":1.3,"risk":7,"peakDay":"Monday","peakTime":"evening","hood":"","bk12":{"morning":0,"afternoon":0,"evening":2,"night":0},"bk24":{"morning":0,"afternoon":0,"evening":2,"night":0},"recent":[{"d":"2026-03-03","day":"Tue","time":"20:02","desc":"INTENTIONAL AGGRAVATED ASSAULT","res":"closed"},{"d":"2026-03-02","day":"Mon","time":"19:00","desc":"Assault, Aggravated - Deadly Weapon - Int/Kn","res":"closed"}]}},{"type":"Feature","geometry":{"type":"Polygon","coordinates":[[[-86.72429583736783,36.13151250762931],[-86.7228374121303,36.13277829529289],[-86.72348233565702,36.134545167263866],[-86.72558576365869,36.13504627021368],[-86.72704422784773,36.13378046612815],[-86.72639922508445,36.13201357551524],[-86.72429583736783,36.13151250762931],[-86.72429583736783,36.13151250762931]]]},"properties":{"h3":"89264d12a63ffff","count":1,"c3":0,"c6":0,"c12":1,"c24":1,"score":0.7,"risk":3,"peakDay":"Tuesday","peakTime":"morning","hood":"","bk12":{"morning":1,"afternoon":0,"evening":0,"night":0},"bk24":{"morning":1,"afternoon":0,"evening":0,"night":0},"recent":[{"d":"2026-03-03","day":"Tue","time":"10:20","desc":"AGGRAV ASSLT - NONFAMILY-WEAPON","res":"closed"}]}},{"type":"Feature","geometry":{"type":"Polygon","coordinates":[[[-86.82095479829086,36.15933424930617],[-86.8194957378075,36.160601404108085],[-86.82014311388421,36.16236840577018],[-86.8222496297077,36.16286827110929],[-86.82370872893149,36.161601099830335],[-86.82306127359222,36.15983407968979],[-86.82095479829086,36.15933424930617],[-86.82095479829086,36.15933424930617]]]},"properties":{"h3":"89264d1154bffff","count":1,"c3":0,"c6":0,"c12":1,"c24":1,"score":0.7,"risk":3,"peakDay":"Wednesday","peakTime":"night","hood":"","bk12":{"morning":0,"afternoon":0,"evening":0,"night":1},"bk24":{"morning":0,"afternoon":0,"evening":0,"night":1},"recent":[{"d":"2026-03-04","day":"Wed","time":"04:00","desc":"Assault, Aggravated - Deadly Weapon - Int/Kn","res":"closed"}]}},{"type":"Feature","geometry":{"type":"Polygon","coordinates":[[[-86.87606650946799,36.14173737682732],[-86.87460756114828,36.14300581955773],[-86.87525612619287,36.14477315028155],[-86.8773637187836,36.14527205666334],[-86.87882270569783,36.14400359739849],[-86.87817406142763,36.142236248286785],[-86.87606650946799,36.14173737682732],[-86.87606650946799,36.14173737682732]]]},"properties":{"h3":"89264d1a1abffff","count":1,"c3":0,"c6":0,"c12":1,"c24":1,"score":0.7,"risk":3,"peakDay":"Wednesday","peakTime":"morning","hood":"","bk12":{"morning":1,"afternoon":0,"evening":0,"night":0},"bk24":{"morning":1,"afternoon":0,"evening":0,"night":0},"recent":[{"d":"2026-03-04","day":"Wed","time":"08:30","desc":"INTENTIONAL AGGRAVATED ASSAULT","res":"closed"}]}},{"type":"Feature","geometry":{"type":"Polygon","coordinates":[[[-86.62948289909495,35.997542849668946],[-86.6280266029895,35.99880891309868],[-86.62866846023626,36.00057645639959],[-86.6307666926361,36.00107795508151],[-86.63222302781833,35.99981187519986],[-86.63158109152472,35.99804431308866],[-86.62948289909495,35.997542849668946],[-86.62948289909495,35.997542849668946]]]},"properties":{"h3":"89264d15db3ffff","count":1,"c3":0,"c6":0,"c12":1,"c24":1,"score":0.7,"risk":3,"peakDay":"Wednesday","peakTime":"evening","hood":"","bk12":{"morning":0,"afternoon":0,"evening":1,"night":0},"bk24":{"morning":0,"afternoon":0,"evening":1,"night":0},"recent":[{"d":"2026-03-04","day":"Wed","time":"18:30","desc":"INTENTIONAL AGGRAVATED ASSAULT","res":"unsolved"}]}},{"type":"Feature","geometry":{"type":"Polygon","coordinates":[[[-86.67781246867091,36.06718548794788],[-86.67635506798548,36.06845139170585],[-86.67699849579704,36.07021858637147],[-86.67909940344047,36.07071989600417],[-86.68055684314008,36.06945397581073],[-86.67991333618284,36.067686762420564],[-86.67781246867091,36.06718548794788],[-86.67781246867091,36.06718548794788]]]},"properties":{"h3":"89264d1734fffff","count":1,"c3":0,"c6":0,"c12":1,"c24":1,"score":0.7,"risk":3,"peakDay":"Friday","peakTime":"evening","hood":"","bk12":{"morning":0,"afternoon":0,"evening":1,"night":0},"bk24":{"morning":0,"afternoon":0,"evening":1,"night":0},"recent":[{"d":"2026-03-06","day":"Fri","time":"18:04","desc":"INTENTIONAL AGGRAVATED ASSAULT","res":"closed"}]}},{"type":"Feature","geometry":{"type":"Polygon","coordinates":[[[-86.7751087359047,36.15489814430136],[-86.77364985246017,36.15616451751113],[-86.7742961199101,36.15793139121148],[-86.77640135006908,36.15843191025785],[-86.77786027236087,36.157165520604],[-86.77721392564719,36.15539862834835],[-86.7751087359047,36.15489814430136],[-86.7751087359047,36.15489814430136]]]},"properties":{"h3":"89264d10627ffff","count":1,"c3":0,"c6":0,"c12":1,"c24":1,"score":0.7,"risk":3,"peakDay":"Friday","peakTime":"night","hood":"","bk12":{"morning":0,"afternoon":0,"evening":0,"night":1},"bk24":{"morning":0,"afternoon":0,"evening":0,"night":1},"recent":[{"d":"2026-03-06","day":"Fri","time":"23:55","desc":"INTENTIONAL AGGRAVATED ASSAULT","res":"closed"}]}}]}