{"type":"FeatureCollection","generated_at":"2026-08-17T12:19:32.182Z","city":"tuc","res":9,"months":24,"layer":"walk","what":"robberies & aggravated assaults","cells":1067,"incidents":3297,"monthly":{"2024-12":11,"2025-01":224,"2025-02":210,"2025-03":259,"2025-04":290,"2025-05":311,"2025-06":304,"2025-07":339,"2025-08":267,"2025-09":258,"2025-10":237,"2025-11":228,"2025-12":201},"features":[{"type":"Feature","geometry":{"type":"Polygon","coordinates":[[[-110.9968827900141,32.135760991814934],[-110.99564576776754,32.1374196388573],[-110.99673077436825,32.13914052039673],[-110.99905283603917,32.13920273448712],[-111.0002898230201,32.137544070397354],[-110.99920478359861,32.13582320926466],[-110.9968827900141,32.135760991814934],[-110.9968827900141,32.135760991814934]]]},"properties":{"h3":"8948e8ccbc3ffff","count":2,"c3":0,"c6":0,"c12":0,"c24":2,"score":0.8,"risk":3,"peakDay":"Tuesday","peakTime":"evening","hood":"Midvale Park","bk12":{"morning":0,"afternoon":0,"evening":0,"night":0},"bk24":{"morning":0,"afternoon":0,"evening":2,"night":0},"recent":[{"d":"2025-05-31","day":"Sat","time":"19:00","desc":"Aggravated Assault - Domestic Violence (DV)","res":""},{"d":"2024-12-31","day":"Tue","time":"17:00","desc":"Aggravated Assault - Other","res":""}]}},{"type":"Feature","geometry":{"type":"Polygon","coordinates":[[[-110.91375951487124,32.199481847558644],[-110.91252048906898,32.20113932945689],[-110.91360497412151,32.20286045332671],[-110.91592851807322,32.20292407501755],[-110.91716750881416,32.201266576021865],[-110.91608299066763,32.199545472432845],[-110.91375951487124,32.199481847558644],[-110.91375951487124,32.199481847558644]]]},"properties":{"h3":"8948e85715bffff","count":2,"c3":0,"c6":0,"c12":1,"c24":2,"score":1,"risk":4,"peakDay":"Tuesday","peakTime":"evening","hood":"Richard G. Fimbres","bk12":{"morning":0,"afternoon":1,"evening":0,"night":0},"bk24":{"morning":0,"afternoon":1,"evening":1,"night":0},"recent":[{"d":"2025-12-31","day":"Wed","time":"12:20","desc":"Aggravated Assault - Other","res":""},{"d":"2024-12-31","day":"Tue","time":"17:00","desc":"Aggravated Assault - Domestic Violence (DV)","res":""}]}},{"type":"Feature","geometry":{"type":"Polygon","coordinates":[[[-110.90787630906544,32.2517487877455],[-110.90663663026646,32.25340584994726],[-110.90772152566548,32.2551265689531],[-110.91004613300707,32.255190205512825],[-110.9112857767303,32.25353312623664],[-110.91020084819061,32.25181242747522],[-110.90787630906544,32.2517487877455],[-110.90787630906544,32.2517487877455]]]},"properties":{"h3":"8948e855187ffff","count":7,"c3":0,"c6":0,"c12":2,"c24":7,"score":2.9,"risk":13,"peakDay":"Saturday","peakTime":"morning","hood":"Dodge Flower","bk12":{"morning":1,"afternoon":0,"evening":1,"night":0},"bk24":{"morning":3,"afternoon":1,"evening":2,"night":1},"recent":[{"d":"2025-11-30","day":"Sun","time":"06:04","desc":"Aggravated Assault - Other","res":""},{"d":"2025-09-17","day":"Wed","time":"18:34","desc":"Aggravated Assault - Domestic Violence (DV)","res":""},{"d":"2025-05-31","day":"Sat","time":"00:44","desc":"Aggravated Assault - Other","res":""},{"d":"2025-03-10","day":"Mon","time":"11:56","desc":"Aggravated Assault - Other","res":""},{"d":"2025-02-07","day":"Fri","time":"12:06","desc":"Aggravated Assault - Other","res":""},{"d":"2025-01-11","day":"Sat","time":"09:55","desc":"Aggravated Assault - Other","res":""},{"d":"2024-12-31","day":"Tue","time":"17:00","desc":"Aggravated Assault - Domestic Violence (DV)","res":""}]}},{"type":"Feature","geometry":{"type":"Polygon","coordinates":[[[-110.99338417822155,32.21347672748779],[-110.99214627006467,32.21513480202824],[-110.99323195778233,32.21685503386078],[-110.9955555865346,32.216917170794915],[-110.99679345938871,32.21525907924673],[-110.99570773879624,32.21353886777221],[-110.99338417822155,32.21347672748779],[-110.99338417822155,32.21347672748779]]]},"properties":{"h3":"8948e856e57ffff","count":1,"c3":0,"c6":0,"c12":0,"c24":1,"score":0.3,"risk":1,"peakDay":"Tuesday","peakTime":"evening","hood":"Menlo Park","bk12":{"morning":0,"afternoon":0,"evening":0,"night":0},"bk24":{"morning":0,"afternoon":0,"evening":1,"night":0},"recent":[{"d":"2024-12-31","day":"Tue","time":"17:00","desc":"Aggravated Assault - Domestic Violence (DV)","res":""}]}},{"type":"Feature","geometry":{"type":"Polygon","coordinates":[[[-110.90245204725609,32.21777675701143],[-110.90121264603731,32.21943401183668],[-110.90229714994132,32.22115508337374],[-110.90462108820367,32.221218879827504],[-110.90586045438316,32.21956160790342],[-110.90477591734248,32.21784055662447],[-110.90245204725609,32.21777675701143],[-110.90245204725609,32.21777675701143]]]},"properties":{"h3":"8948e857377ffff","count":1,"c3":0,"c6":0,"c12":0,"c24":1,"score":0.3,"risk":1,"peakDay":"Tuesday","peakTime":"evening","hood":"San Clemente","bk12":{"morning":0,"afternoon":0,"evening":0,"night":0},"bk24":{"morning":0,"afternoon":0,"evening":1,"night":0},"recent":[{"d":"2024-12-31","day":"Tue","time":"17:37","desc":"Aggravated Assault - Domestic Violence (DV)","res":""}]}},{"type":"Feature","geometry":{"type":"Polygon","coordinates":[[[-111.00111479219254,32.19677073837326],[-110.99987718586088,32.19842899687273],[-111.00096282078269,32.20014930137659],[-111.00328609488231,32.200211327005086],[-111.00452366589882,32.19855305149655],[-111.00343799813373,32.19683276736864],[-111.00111479219254,32.19677073837326],[-111.00111479219254,32.19677073837326]]]},"properties":{"h3":"8948e856177ffff","count":1,"c3":0,"c6":0,"c12":0,"c24":1,"score":0.3,"risk":1,"peakDay":"Tuesday","peakTime":"evening","hood":"A Mountain","bk12":{"morning":0,"afternoon":0,"evening":0,"night":0},"bk24":{"morning":0,"afternoon":0,"evening":1,"night":0},"recent":[{"d":"2024-12-31","day":"Tue","time":"17:58","desc":"Aggravated Assault - Other","res":""}]}},{"type":"Feature","geometry":{"type":"Polygon","coordinates":[[[-110.96580714608007,32.20597086037356],[-110.96456887877817,32.20762874865091],[-110.96565412544774,32.20934931332671],[-110.96797767237136,32.209411969392356],[-110.9692159044557,32.20775406407469],[-110.96813062483685,32.20603351973176],[-110.96580714608007,32.20597086037356],[-110.96580714608007,32.20597086037356]]]},"properties":{"h3":"8948e85634fffff","count":3,"c3":0,"c6":0,"c12":1,"c24":3,"score":1.3,"risk":6,"peakDay":"Tuesday","peakTime":"evening","hood":"Barrio Santa Rita Park-West Ochoa","bk12":{"morning":1,"afternoon":0,"evening":0,"night":0},"bk24":{"morning":1,"afternoon":0,"evening":2,"night":0},"recent":[{"d":"2025-10-05","day":"Sun","time":"06:33","desc":"Robbery - Highway","res":""},{"d":"2025-05-17","day":"Sat","time":"18:56","desc":"Aggravated Assault - Drive-By","res":""},{"d":"2024-12-31","day":"Tue","time":"18:33","desc":"Aggravated Assault - Other","res":""}]}},{"type":"Feature","geometry":{"type":"Polygon","coordinates":[[[-110.97974795094088,32.20634617605048],[-110.97850990168347,32.208004182514934],[-110.97959533931312,32.20972460917516],[-110.9819188591128,32.20978700902344],[-110.98315687311165,32.208128985533236],[-110.98207140257229,32.206408579220565],[-110.97974795094088,32.20634617605048],[-110.97974795094088,32.20634617605048]]]},"properties":{"h3":"8948e85633bffff","count":6,"c3":0,"c6":0,"c12":0,"c24":6,"score":2.4,"risk":11,"peakDay":"Tuesday","peakTime":"evening","hood":"Barrio Santa Rita Park-West Ochoa","bk12":{"morning":0,"afternoon":0,"evening":0,"night":0},"bk24":{"morning":1,"afternoon":2,"evening":3,"night":0},"recent":[{"d":"2025-08-05","day":"Tue","time":"05:00","desc":"Aggravated Assault - Other","res":""},{"d":"2025-06-30","day":"Mon","time":"21:00","desc":"Robbery - Convenience Stores","res":""},{"d":"2025-05-22","day":"Thu","time":"12:25","desc":"Aggravated Assault - Other","res":""},{"d":"2025-02-16","day":"Sun","time":"13:26","desc":"Aggravated Assault - Domestic Violence (DV)","res":""},{"d":"2025-01-18","day":"Sat","time":"18:40","desc":"Aggravated Assault - Domestic Violence (DV)","res":""},{"d":"2024-12-31","day":"Tue","time":"20:00","desc":"Robbery - Carjacking","res":""}]}},{"type":"Feature","geometry":{"type":"Polygon","coordinates":[[[-110.9717076679933,32.229806690309],[-110.97046923973754,32.23146446225239],[-110.97155478921279,32.233184759338315],[-110.97387879989267,32.23324726415548],[-110.9751171928991,32.23158947519107],[-110.97403161047788,32.22986919843059],[-110.9717076679933,32.229806690309],[-110.9717076679933,32.229806690309]]]},"properties":{"h3":"8948e854573ffff","count":8,"c3":0,"c6":0,"c12":2,"c24":8,"score":3.4,"risk":15,"peakDay":"Saturday","peakTime":"evening","hood":"Dunbar Spring","bk12":{"morning":1,"afternoon":0,"evening":1,"night":0},"bk24":{"morning":2,"afternoon":0,"evening":4,"night":2},"recent":[{"d":"2025-09-19","day":"Fri","time":"07:53","desc":"Robbery - Residence","res":""},{"d":"2025-09-05","day":"Fri","time":"19:36","desc":"Robbery - Highway","res":""},{"d":"2025-07-06","day":"Sun","time":"03:20","desc":"Aggravated Assault - Domestic Violence (DV)","res":""},{"d":"2025-07-06","day":"Sun","time":"03:20","desc":"Aggravated Assault - Domestic Violence (DV)","res":""},{"d":"2025-04-09","day":"Wed","time":"06:00","desc":"Robbery - Miscellaneous","res":""},{"d":"2025-04-05","day":"Sat","time":"17:00","desc":"Aggravated Assault - Domestic Violence (DV)","res":""},{"d":"2025-01-25","day":"Sat","time":"20:00","desc":"Aggravated Assault - Other","res":""},{"d":"2024-12-31","day":"Tue","time":"20:23","desc":"Robbery - Carjacking","res":""}]}},{"type":"Feature","geometry":{"type":"Polygon","coordinates":[[[-110.9520196000739,32.20221548160014],[-110.95078115344192,32.20387327664152],[-110.95186617942812,32.20559400755353],[-110.95418968503567,32.20565692310395],[-110.95542809649271,32.20399911100597],[-110.95434303752002,32.20227840041422],[-110.9520196000739,32.20221548160014],[-110.9520196000739,32.20221548160014]]]},"properties":{"h3":"8948e85449bffff","count":3,"c3":0,"c6":0,"c12":2,"c24":3,"score":1.4,"risk":6,"peakDay":"Tuesday","peakTime":"evening","hood":"South Park","bk12":{"morning":1,"afternoon":0,"evening":0,"night":1},"bk24":{"morning":1,"afternoon":0,"evening":1,"night":1},"recent":[{"d":"2025-11-19","day":"Wed","time":"09:32","desc":"Robbery - Residence","res":""},{"d":"2025-08-25","day":"Mon","time":"04:01","desc":"Robbery - Residence","res":""},{"d":"2024-12-31","day":"Tue","time":"20:54","desc":"Aggravated Assault - Other","res":""}]}},{"type":"Feature","geometry":{"type":"Polygon","coordinates":[[[-110.99466293172036,32.262550055146626],[-110.99342451902432,32.26420779525225],[-110.99451068431294,32.265927579914724],[-110.99683529519957,32.265989604140515],[-110.99807367255916,32.26433184705566],[-110.9969874743715,32.26261208272431],[-110.99466293172036,32.262550055146626],[-110.99466293172036,32.262550055146626]]]},"properties":{"h3":"8948e854c0bffff","count":6,"c3":0,"c6":0,"c12":2,"c24":6,"score":2.8,"risk":12,"peakDay":"Thursday","peakTime":"morning","hood":"Flowing Wells","bk12":{"morning":1,"afternoon":1,"evening":0,"night":0},"bk24":{"morning":3,"afternoon":1,"evening":1,"night":1},"recent":[{"d":"2025-09-25","day":"Thu","time":"16:16","desc":"Aggravated Assault - Other","res":""},{"d":"2025-09-25","day":"Thu","time":"10:49","desc":"Aggravated Assault - Domestic Violence (DV)","res":""},{"d":"2025-07-13","day":"Sun","time":"05:19","desc":"Aggravated Assault - Domestic Violence (DV)","res":""},{"d":"2025-07-13","day":"Sun","time":"05:19","desc":"Aggravated Assault - Domestic Violence (DV)","res":""},{"d":"2025-06-05","day":"Thu","time":"04:36","desc":"Aggravated Assault - Domestic Violence (DV)","res":""},{"d":"2024-12-31","day":"Tue","time":"21:11","desc":"Aggravated Assault - Other","res":""}]}},{"type":"Feature","geometry":{"type":"Polygon","coordinates":[[[-110.93341789345257,32.150962577478474],[-110.93217969880588,32.15262056956835],[-110.93326399454294,32.154341930171476],[-110.93558651793985,32.154405278354915],[-110.9368246774971,32.15274726916075],[-110.93574034874975,32.15102592888751],[-110.93341789345257,32.150962577478474],[-110.93341789345257,32.150962577478474]]]},"properties":{"h3":"8948e8cdb17ffff","count":2,"c3":0,"c6":0,"c12":1,"c24":2,"score":0.9,"risk":4,"peakDay":"Wednesday","peakTime":"night","hood":"","bk12":{"morning":0,"afternoon":0,"evening":0,"night":1},"bk24":{"morning":0,"afternoon":0,"evening":0,"night":2},"recent":[{"d":"2025-12-07","day":"Sun","time":"03:03","desc":"Robbery - Carjacking","res":""},{"d":"2025-01-01","day":"Wed","time":"01:00","desc":"Aggravated Assault - Other","res":""}]}},{"type":"Feature","geometry":{"type":"Polygon","coordinates":[[[-110.82455503578994,32.1665562431162],[-110.8233149476869,32.16821317870302],[-110.82439791997066,32.169935448444335],[-110.82672101368954,32.17000076239534],[-110.82796106701251,32.16834380960145],[-110.8268780613996,32.16662156006369],[-110.82455503578994,32.1665562431162],[-110.82455503578994,32.1665562431162]]]},"properties":{"h3":"8948e850cc3ffff","count":1,"c3":0,"c6":0,"c12":0,"c24":1,"score":0.3,"risk":1,"peakDay":"Wednesday","peakTime":"morning","hood":"Groves Lincoln Park","bk12":{"morning":0,"afternoon":0,"evening":0,"night":0},"bk24":{"morning":1,"afternoon":0,"evening":0,"night":0},"recent":[{"d":"2025-01-01","day":"Wed","time":"06:49","desc":"Aggravated Assault - Domestic Violence (DV)","res":""}]}},{"type":"Feature","geometry":{"type":"Polygon","coordinates":[[[-110.95902780067668,32.27850184286565],[-110.95778864917685,32.28015916071248],[-110.958874484865,32.28187914842629],[-110.96119950506582,32.28194179800947],[-110.96243862132376,32.280284463155546],[-110.96135275262567,32.278564495725604],[-110.95902780067668,32.27850184286565],[-110.95902780067668,32.27850184286565]]]},"properties":{"h3":"8948e855db3ffff","count":5,"c3":0,"c6":0,"c12":0,"c24":5,"score":2.3,"risk":10,"peakDay":"Friday","peakTime":"evening","hood":"Campus Farm","bk12":{"morning":0,"afternoon":0,"evening":0,"night":0},"bk24":{"morning":1,"afternoon":0,"evening":4,"night":0},"recent":[{"d":"2025-08-16","day":"Sat","time":"17:38","desc":"Aggravated Assault - Domestic Violence (DV)","res":""},{"d":"2025-08-16","day":"Sat","time":"17:38","desc":"Aggravated Assault - Domestic Violence (DV)","res":""},{"d":"2025-07-11","day":"Fri","time":"20:11","desc":"Robbery - Miscellaneous","res":""},{"d":"2025-07-11","day":"Fri","time":"20:11","desc":"Robbery - Miscellaneous","res":""},{"d":"2025-01-01","day":"Wed","time":"11:32","desc":"Aggravated Assault - Other","res":""}]}},{"type":"Feature","geometry":{"type":"Polygon","coordinates":[[[-110.94689206134203,32.161479887341535],[-110.945653968572,32.163137922920264],[-110.94673854408455,32.16485906149937],[-110.94906124534796,32.16492214416153],[-110.95029930298278,32.163264091498235],[-110.94921469449231,32.161542973257404],[-110.94689206134203,32.161479887341535],[-110.94689206134203,32.161479887341535]]]},"properties":{"h3":"8948e8566cfffff","count":6,"c3":0,"c6":0,"c12":0,"c24":6,"score":2.3,"risk":10,"peakDay":"Saturday","peakTime":"morning","hood":"Cherry Avenue","bk12":{"morning":0,"afternoon":0,"evening":0,"night":0},"bk24":{"morning":3,"afternoon":3,"evening":0,"night":0},"recent":[{"d":"2025-04-29","day":"Tue","time":"06:22","desc":"Robbery - Carjacking","res":""},{"d":"2025-04-29","day":"Tue","time":"06:22","desc":"Robbery - Carjacking","res":""},{"d":"2025-04-05","day":"Sat","time":"13:22","desc":"Robbery - Highway","res":""},{"d":"2025-04-05","day":"Sat","time":"13:22","desc":"Robbery - Miscellaneous","res":""},{"d":"2025-04-05","day":"Sat","time":"13:22","desc":"Robbery - Highway","res":""},{"d":"2025-01-01","day":"Wed","time":"11:50","desc":"Aggravated Assault - Other","res":""}]}},{"type":"Feature","geometry":{"type":"Polygon","coordinates":[[[-110.95979424502791,32.261614508137754],[-110.95855528658178,32.26327195223575],[-110.95964097411601,32.26499208259909],[-110.9619656530974,32.26505474857012],[-110.96320457630972,32.26339728745647],[-110.96211885577736,32.26167717738753],[-110.95979424502791,32.261614508137754],[-110.95979424502791,32.261614508137754]]]},"properties":{"h3":"8948e8543afffff","count":17,"c3":0,"c6":0,"c12":5,"c24":17,"score":7.3,"risk":32,"peakDay":"Saturday","peakTime":"evening","hood":"Hedrick Acres","bk12":{"morning":0,"afternoon":1,"evening":3,"night":1},"bk24":{"morning":2,"afternoon":4,"evening":10,"night":1},"recent":[{"d":"2025-11-22","day":"Sat","time":"20:00","desc":"Aggravated Assault - Domestic Violence (DV)","res":""},{"d":"2025-10-26","day":"Sun","time":"14:00","desc":"Aggravated Assault - Other","res":""},{"d":"2025-09-23","day":"Tue","time":"17:02","desc":"Aggravated Assault - Peace Officer (Non-Serious Injury)","res":""},{"d":"2025-09-23","day":"Tue","time":"17:02","desc":"Aggravated Assault - Peace Officer (Non-Serious Injury)","res":""},{"d":"2025-08-31","day":"Sun","time":"22:50","desc":"Aggravated Assault - Other","res":""},{"d":"2025-06-14","day":"Sat","time":"19:26","desc":"Robbery - Carjacking","res":""},{"d":"2025-05-24","day":"Sat","time":"19:00","desc":"Robbery - Highway","res":""},{"d":"2025-05-24","day":"Sat","time":"19:00","desc":"Robbery - Highway","res":""},{"d":"2025-05-12","day":"Mon","time":"14:01","desc":"Aggravated Assault - Other","res":""},{"d":"2025-05-01","day":"Thu","time":"12:23","desc":"Aggravated Assault - Other","res":""}]}},{"type":"Feature","geometry":{"type":"Polygon","coordinates":[[[-110.82204007885016,32.22061713703964],[-110.82079937201603,32.22227366999483],[-110.82188281581689,32.22399548917931],[-110.82420699982218,32.22406075523888],[-110.82544767185112,32.22240420510422],[-110.82436419468284,32.22068240608952],[-110.82204007885016,32.22061713703964],[-110.82204007885016,32.22061713703964]]]},"properties":{"h3":"8948e850b57ffff","count":6,"c3":0,"c6":0,"c12":2,"c24":6,"score":2.8,"risk":13,"peakDay":"Wednesday","peakTime":"afternoon","hood":"","bk12":{"morning":0,"afternoon":1,"evening":1,"night":0},"bk24":{"morning":2,"afternoon":3,"evening":1,"night":0},"recent":[{"d":"2025-11-29","day":"Sat","time":"14:27","desc":"Aggravated Assault - Other","res":""},{"d":"2025-10-01","day":"Wed","time":"19:22","desc":"Robbery - Convenience Stores","res":""},{"d":"2025-08-15","day":"Fri","time":"13:20","desc":"Robbery - Miscellaneous","res":""},{"d":"2025-08-14","day":"Thu","time":"10:02","desc":"Aggravated Assault - Other","res":""},{"d":"2025-01-06","day":"Mon","time":"07:36","desc":"Robbery - Miscellaneous","res":""},{"d":"2025-01-01","day":"Wed","time":"14:40","desc":"Aggravated Assault - Domestic Violence (DV)","res":""}]}},{"type":"Feature","geometry":{"type":"Polygon","coordinates":[[[-110.97389469463837,32.258612273527625],[-110.97265599297833,32.26026986129652],[-110.97374184207561,32.26198988195431],[-110.976066425792,32.262052294532054],[-110.97730509217877,32.26039468976036],[-110.97621921012534,32.25867468941378],[-110.97389469463837,32.258612273527625],[-110.97389469463837,32.258612273527625]]]},"properties":{"h3":"8948e854167ffff","count":6,"c3":0,"c6":0,"c12":1,"c24":6,"score":2.2,"risk":10,"peakDay":"Wednesday","peakTime":"evening","hood":"Coronado Heights","bk12":{"morning":1,"afternoon":0,"evening":0,"night":0},"bk24":{"morning":1,"afternoon":2,"evening":2,"night":1},"recent":[{"d":"2025-09-17","day":"Wed","time":"08:04","desc":"Aggravated Assault - Other","res":""},{"d":"2025-02-14","day":"Fri","time":"00:26","desc":"Aggravated Assault - Domestic Violence (DV)","res":""},{"d":"2025-01-11","day":"Sat","time":"14:35","desc":"Aggravated Assault - Other","res":""},{"d":"2025-01-11","day":"Sat","time":"14:35","desc":"Aggravated Assault - Other","res":""},{"d":"2025-01-01","day":"Wed","time":"18:53","desc":"Aggravated Assault - Domestic Violence (DV)","res":""},{"d":"2025-01-01","day":"Wed","time":"18:53","desc":"Aggravated Assault - Domestic Violence (DV)","res":""}]}},{"type":"Feature","geometry":{"type":"Polygon","coordinates":[[[-110.94120593273534,32.28647380602536],[-110.93996641203891,32.28813091227785],[-110.94105208251092,32.289851001340054],[-110.94337730674769,32.28991396388963],[-110.94461679224959,32.28825684061616],[-110.94353108871216,32.28653677181418],[-110.94120593273534,32.28647380602536],[-110.94120593273534,32.28647380602536]]]},"properties":{"h3":"8948e855d47ffff","count":2,"c3":0,"c6":0,"c12":0,"c24":2,"score":0.7,"risk":3,"peakDay":"Thursday","peakTime":"morning","hood":"","bk12":{"morning":0,"afternoon":0,"evening":0,"night":0},"bk24":{"morning":1,"afternoon":0,"evening":1,"night":0},"recent":[{"d":"2025-03-10","day":"Mon","time":"18:21","desc":"Aggravated Assault - Domestic Violence (DV)","res":""},{"d":"2025-01-02","day":"Thu","time":"05:57","desc":"Aggravated Assault - Other","res":""}]}},{"type":"Feature","geometry":{"type":"Polygon","coordinates":[[[-110.94256308519495,32.17997000598174],[-110.94132472595658,32.18162787483533],[-110.94240941630873,32.18334889278714],[-110.94473249890294,32.18341202156246],[-110.94597082300756,32.18175413563014],[-110.94488609965461,32.1800331380013],[-110.94256308519495,32.17997000598174],[-110.94256308519495,32.17997000598174]]]},"properties":{"h3":"8948e8562dbffff","count":2,"c3":0,"c6":0,"c12":1,"c24":2,"score":0.8,"risk":4,"peakDay":"Thursday","peakTime":"morning","hood":"Western Hills II","bk12":{"morning":0,"afternoon":1,"evening":0,"night":0},"bk24":{"morning":1,"afternoon":1,"evening":0,"night":0},"recent":[{"d":"2025-08-23","day":"Sat","time":"13:21","desc":"Robbery - Convenience Stores","res":""},{"d":"2025-01-02","day":"Thu","time":"10:34","desc":"Aggravated Assault - Other","res":""}]}},{"type":"Feature","geometry":{"type":"Polygon","coordinates":[[[-110.96519500979086,32.21948435189273],[-110.9639565882189,32.2211421399558],[-110.96504195331597,32.22286259124262],[-110.9673657729466,32.222925234142004],[-110.96860415929456,32.22126742904548],[-110.9675187612388,32.219546998083096],[-110.96519500979086,32.21948435189273],[-110.96519500979086,32.21948435189273]]]},"properties":{"h3":"8948e8545cbffff","count":23,"c3":0,"c6":0,"c12":7,"c24":23,"score":10.7,"risk":48,"peakDay":"Thursday","peakTime":"evening","hood":"Armory Park","bk12":{"morning":1,"afternoon":2,"evening":3,"night":1},"bk24":{"morning":5,"afternoon":8,"evening":8,"night":2},"recent":[{"d":"2025-11-28","day":"Fri","time":"20:35","desc":"Aggravated Assault - Other","res":""},{"d":"2025-11-09","day":"Sun","time":"15:08","desc":"Aggravated Assault - Other","res":""},{"d":"2025-10-16","day":"Thu","time":"07:45","desc":"Robbery - Miscellaneous","res":""},{"d":"2025-10-02","day":"Thu","time":"12:05","desc":"Robbery - Miscellaneous","res":""},{"d":"2025-09-13","day":"Sat","time":"03:40","desc":"Robbery - Highway","res":""},{"d":"2025-09-12","day":"Fri","time":"20:45","desc":"Aggravated Assault - Other","res":""},{"d":"2025-08-21","day":"Thu","time":"17:52","desc":"Aggravated Assault - Other","res":""},{"d":"2025-08-06","day":"Wed","time":"12:50","desc":"Robbery - Highway","res":""},{"d":"2025-07-25","day":"Fri","time":"06:41","desc":"Aggravated Assault - Other","res":""},{"d":"2025-07-12","day":"Sat","time":"04:23","desc":"Aggravated Assault - Domestic Violence (DV)","res":""}]}},{"type":"Feature","geometry":{"type":"Polygon","coordinates":[[[-110.80951393291495,32.18981689101814],[-110.80827335778447,32.19147353167131],[-110.8093563438991,32.19319574163948],[-110.8116799385324,32.19326129078065],[-110.8129204789129,32.191604632918065],[-110.81183745941298,32.18988244312382],[-110.80951393291495,32.18981689101814],[-110.80951393291495,32.18981689101814]]]},"properties":{"h3":"8948e850e3bffff","count":1,"c3":0,"c6":0,"c12":0,"c24":1,"score":0.3,"risk":1,"peakDay":"Friday","peakTime":"morning","hood":"","bk12":{"morning":0,"afternoon":0,"evening":0,"night":0},"bk24":{"morning":1,"afternoon":0,"evening":0,"night":0},"recent":[{"d":"2025-01-03","day":"Fri","time":"07:47","desc":"Aggravated Assault - Other","res":""}]}},{"type":"Feature","geometry":{"type":"Polygon","coordinates":[[[-110.89129608888861,32.23269124120127],[-110.89005635081216,32.23434829364555],[-110.8911408438848,32.236069340934485],[-110.89346510821382,32.23613331554166],[-110.8947048112746,32.23447624599539],[-110.89362028502492,32.23275521894401],[-110.89129608888861,32.23269124120127],[-110.89129608888861,32.23269124120127]]]},"properties":{"h3":"8948e855553ffff","count":5,"c3":0,"c6":0,"c12":0,"c24":5,"score":1.9,"risk":8,"peakDay":"Friday","peakTime":"morning","hood":"Swan Way Park","bk12":{"morning":0,"afternoon":0,"evening":0,"night":0},"bk24":{"morning":2,"afternoon":1,"evening":1,"night":1},"recent":[{"d":"2025-07-22","day":"Tue","time":"12:31","desc":"Aggravated Assault - Other","res":""},{"d":"2025-04-13","day":"Sun","time":"00:25","desc":"Aggravated Assault - Domestic Violence (DV)","res":""},{"d":"2025-01-19","day":"Sun","time":"20:20","desc":"Aggravated Assault - Other","res":""},{"d":"2025-01-03","day":"Fri","time":"09:12","desc":"Aggravated Assault - Domestic Violence (DV)","res":""},{"d":"2025-01-03","day":"Fri","time":"09:12","desc":"Aggravated Assault - Domestic Violence (DV)","res":""}]}},{"type":"Feature","geometry":{"type":"Polygon","coordinates":[[[-110.86402956761921,32.21840709107948],[-110.86278954981633,32.22006400654657],[-110.86387354087111,32.22178544213115],[-110.8661975829782,32.221849942032314],[-110.86743756585402,32.22019300942738],[-110.8663535415527,32.21847159405919],[-110.86402956761921,32.21840709107948],[-110.86402956761921,32.21840709107948]]]},"properties":{"h3":"8948e850927ffff","count":3,"c3":0,"c6":0,"c12":1,"c24":3,"score":1.2,"risk":5,"peakDay":"Wednesday","peakTime":"morning","hood":"","bk12":{"morning":0,"afternoon":1,"evening":0,"night":0},"bk24":{"morning":2,"afternoon":1,"evening":0,"night":0},"recent":[{"d":"2025-08-20","day":"Wed","time":"12:20","desc":"Aggravated Assault - Other","res":""},{"d":"2025-01-29","day":"Wed","time":"08:40","desc":"Robbery - Commercial House","res":""},{"d":"2025-01-03","day":"Fri","time":"09:34","desc":"Aggravated Assault - Other","res":""}]}},{"type":"Feature","geometry":{"type":"Polygon","coordinates":[[[-110.96917133483399,32.131631438620545],[-110.96793391533836,32.13328987482944],[-110.96901851111151,32.13501106000977],[-110.97134055928058,32.13507378860182],[-110.97257794359396,32.13341533531463],[-110.97149331492339,32.131694170513754],[-110.96917133483399,32.131631438620545],[-110.96917133483399,32.131631438620545]]]},"properties":{"h3":"8948e8cca43ffff","count":13,"c3":0,"c6":0,"c12":8,"c24":13,"score":6.6,"risk":29,"peakDay":"Saturday","peakTime":"afternoon","hood":"Sunnyside","bk12":{"morning":3,"afternoon":3,"evening":0,"night":2},"bk24":{"morning":3,"afternoon":4,"evening":4,"night":2},"recent":[{"d":"2025-12-26","day":"Fri","time":"08:14","desc":"Aggravated Assault - Other","res":""},{"d":"2025-11-14","day":"Fri","time":"08:20","desc":"Robbery - Highway","res":""},{"d":"2025-11-01","day":"Sat","time":"14:00","desc":"Robbery - Highway","res":""},{"d":"2025-09-16","day":"Tue","time":"12:07","desc":"Robbery - Highway","res":""},{"d":"2025-09-06","day":"Sat","time":"13:25","desc":"Aggravated Assault - Other","res":""},{"d":"2025-08-30","day":"Sat","time":"22:11","desc":"Aggravated Assault - Other","res":""},{"d":"2025-08-30","day":"Sat","time":"22:11","desc":"Aggravated Assault - Other","res":""},{"d":"2025-08-20","day":"Wed","time":"10:13","desc":"Aggravated Assault - Domestic Violence (DV)","res":""},{"d":"2025-08-09","day":"Sat","time":"20:30","desc":"Robbery - Miscellaneous","res":""},{"d":"2025-08-09","day":"Sat","time":"20:30","desc":"Robbery - Miscellaneous","res":""}]}},{"type":"Feature","geometry":{"type":"Polygon","coordinates":[[[-110.96829823297956,32.22802379095115],[-110.96705976948553,32.22968154586903],[-110.96814525638571,32.231401891681024],[-110.97046923973754,32.23146446225239],[-110.9717076679933,32.229806690309],[-110.9706221481384,32.228086364819816],[-110.96829823297956,32.22802379095115],[-110.96829823297956,32.22802379095115]]]},"properties":{"h3":"8948e854547ffff","count":5,"c3":0,"c6":0,"c12":0,"c24":5,"score":1.9,"risk":9,"peakDay":"Friday","peakTime":"afternoon","hood":"West University","bk12":{"morning":0,"afternoon":0,"evening":0,"night":0},"bk24":{"morning":2,"afternoon":2,"evening":1,"night":0},"recent":[{"d":"2025-07-04","day":"Fri","time":"18:00","desc":"Aggravated Assault - Other","res":""},{"d":"2025-06-01","day":"Sun","time":"10:00","desc":"Aggravated Assault - Domestic Violence (DV)","res":""},{"d":"2025-02-26","day":"Wed","time":"11:46","desc":"Aggravated Assault - Other","res":""},{"d":"2025-02-22","day":"Sat","time":"16:00","desc":"Aggravated Assault - Other","res":""},{"d":"2025-01-03","day":"Fri","time":"14:00","desc":"Aggravated Assault - Other","res":""}]}},{"type":"Feature","geometry":{"type":"Polygon","coordinates":[[[-110.97822143246452,32.24012810319627],[-110.97698299757255,32.24178585894288],[-110.9780687314449,32.24350600166762],[-110.98039293314537,32.24356836831934],[-110.98163133276266,32.24191059556414],[-110.98054556595706,32.240190473165875],[-110.97822143246452,32.24012810319627],[-110.97822143246452,32.24012810319627]]]},"properties":{"h3":"8948e854183ffff","count":3,"c3":0,"c6":0,"c12":2,"c24":3,"score":1.4,"risk":6,"peakDay":"Friday","peakTime":"evening","hood":"Barrio Blue Moon","bk12":{"morning":1,"afternoon":0,"evening":1,"night":0},"bk24":{"morning":1,"afternoon":0,"evening":2,"night":0},"recent":[{"d":"2025-11-17","day":"Mon","time":"19:49","desc":"Aggravated Assault - Domestic Violence (DV)","res":""},{"d":"2025-09-04","day":"Thu","time":"07:06","desc":"Aggravated Assault - Other","res":""},{"d":"2025-01-03","day":"Fri","time":"17:00","desc":"Aggravated Assault - Other","res":""}]}},{"type":"Feature","geometry":{"type":"Polygon","coordinates":[[[-110.8911408438848,32.236069340934485],[-110.88990106716568,32.23772636816282],[-110.89098558978985,32.23944738709853],[-110.89330992231547,32.23951135857053],[-110.8945496640174,32.237854314241936],[-110.89346510821382,32.23613331554166],[-110.8911408438848,32.236069340934485],[-110.8911408438848,32.236069340934485]]]},"properties":{"h3":"8948e855543ffff","count":15,"c3":0,"c6":0,"c12":7,"c24":15,"score":7.2,"risk":32,"peakDay":"Monday","peakTime":"night","hood":"Swan Way Park","bk12":{"morning":3,"afternoon":3,"evening":0,"night":1},"bk24":{"morning":3,"afternoon":5,"evening":2,"night":5},"recent":[{"d":"2025-11-08","day":"Sat","time":"03:10","desc":"Aggravated Assault - Domestic Violence (DV)","res":""},{"d":"2025-10-27","day":"Mon","time":"11:31","desc":"Aggravated Assault - Domestic Violence (DV)","res":""},{"d":"2025-10-27","day":"Mon","time":"11:31","desc":"Aggravated Assault - Domestic Violence (DV)","res":""},{"d":"2025-10-06","day":"Mon","time":"13:33","desc":"Aggravated Assault - Domestic Violence (DV)","res":""},{"d":"2025-10-06","day":"Mon","time":"13:33","desc":"Aggravated Assault - Domestic Violence (DV)","res":""},{"d":"2025-10-06","day":"Mon","time":"06:49","desc":"Robbery - Highway","res":""},{"d":"2025-09-26","day":"Fri","time":"13:40","desc":"Aggravated Assault - Other","res":""},{"d":"2025-08-03","day":"Sun","time":"00:41","desc":"Robbery - Highway","res":""},{"d":"2025-07-23","day":"Wed","time":"23:34","desc":"Aggravated Assault - Other","res":""},{"d":"2025-07-21","day":"Mon","time":"14:41","desc":"Aggravated Assault - Other","res":""}]}},{"type":"Feature","geometry":{"type":"Polygon","coordinates":[[[-110.9667250817692,32.18569902318892],[-110.96548704580111,32.18735706144725],[-110.96657211487718,32.18907779587788],[-110.96889525285931,32.1891404717047],[-110.97013325361947,32.18748241639571],[-110.96904815160829,32.185761702310636],[-110.9667250817692,32.18569902318892],[-110.9667250817692,32.18569902318892]]]},"properties":{"h3":"8948e8562b7ffff","count":8,"c3":0,"c6":0,"c12":2,"c24":8,"score":3.6,"risk":16,"peakDay":"Saturday","peakTime":"night","hood":"","bk12":{"morning":1,"afternoon":0,"evening":0,"night":1},"bk24":{"morning":2,"afternoon":2,"evening":1,"night":3},"recent":[{"d":"2025-10-09","day":"Thu","time":"00:15","desc":"Robbery - Convenience Stores","res":""},{"d":"2025-08-20","day":"Wed","time":"05:00","desc":"Robbery - Convenience Stores","res":""},{"d":"2025-08-10","day":"Sun","time":"14:31","desc":"Aggravated Assault - Other","res":""},{"d":"2025-08-10","day":"Sun","time":"14:31","desc":"Aggravated Assault - Other","res":""},{"d":"2025-08-09","day":"Sat","time":"23:00","desc":"Aggravated Assault - Other","res":""},{"d":"2025-04-26","day":"Sat","time":"09:00","desc":"Robbery - Highway","res":""},{"d":"2025-03-29","day":"Sat","time":"22:10","desc":"Aggravated Assault - Other","res":""},{"d":"2025-01-03","day":"Fri","time":"20:07","desc":"Robbery - Convenience Stores","res":""}]}},{"type":"Feature","geometry":{"type":"Polygon","coordinates":[[[-110.97155478921279,32.233184759338315],[-110.97031632238202,32.23484250617365],[-110.97140190147921,32.23656277484539],[-110.9737259803584,32.2366252763585],[-110.97496441193822,32.234967512503864],[-110.97387879989267,32.23324726415548],[-110.97155478921279,32.233184759338315],[-110.97155478921279,32.233184759338315]]]},"properties":{"h3":"8948e854563ffff","count":10,"c3":0,"c6":0,"c12":4,"c24":10,"score":4.8,"risk":22,"peakDay":"Saturday","peakTime":"morning","hood":"Feldman's","bk12":{"morning":1,"afternoon":1,"evening":1,"night":1},"bk24":{"morning":3,"afternoon":3,"evening":2,"night":2},"recent":[{"d":"2025-12-15","day":"Mon","time":"10:15","desc":"Robbery - Miscellaneous","res":""},{"d":"2025-11-14","day":"Fri","time":"21:00","desc":"Robbery - Miscellaneous","res":""},{"d":"2025-11-01","day":"Sat","time":"03:45","desc":"Robbery - Highway","res":""},{"d":"2025-09-23","day":"Tue","time":"13:56","desc":"Aggravated Assault - Other","res":""},{"d":"2025-08-04","day":"Mon","time":"11:20","desc":"Aggravated Assault - Other","res":""},{"d":"2025-07-08","day":"Tue","time":"12:10","desc":"Aggravated Assault - Other","res":""},{"d":"2025-06-14","day":"Sat","time":"12:22","desc":"Aggravated Assault - Other","res":""},{"d":"2025-04-14","day":"Mon","time":"17:00","desc":"Robbery - Highway","res":""},{"d":"2025-03-09","day":"Sun","time":"09:28","desc":"Robbery - Miscellaneous","res":""},{"d":"2025-01-04","day":"Sat","time":"02:33","desc":"Aggravated Assault - Domestic Violence (DV)","res":""}]}},{"type":"Feature","geometry":{"type":"Polygon","coordinates":[[[-110.99642671638931,32.14589941885625],[-110.99518957866036,32.14755799156525],[-110.99627467405467,32.1492787886893],[-110.99859694000861,32.149340992704076],[-110.99983404246707,32.14768240295286],[-110.99874891424496,32.145961626229166],[-110.99642671638931,32.14589941885625],[-110.99642671638931,32.14589941885625]]]},"properties":{"h3":"8948e8ccb47ffff","count":1,"c3":0,"c6":0,"c12":0,"c24":1,"score":0.3,"risk":1,"peakDay":"Saturday","peakTime":"morning","hood":"Midvale Park","bk12":{"morning":0,"afternoon":0,"evening":0,"night":0},"bk24":{"morning":1,"afternoon":0,"evening":0,"night":0},"recent":[{"d":"2025-01-04","day":"Sat","time":"08:00","desc":"Aggravated Assault - Domestic Violence (DV)","res":""}]}},{"type":"Feature","geometry":{"type":"Polygon","coordinates":[[[-110.86467768946655,32.128764420049286],[-110.86343864099277,32.13042196960197],[-110.8645218024169,32.132144184937175],[-110.86684404551102,32.1322088304511],[-110.86808305910986,32.13055126371118],[-110.8669998644924,32.12882906864464],[-110.86467768946655,32.128764420049286],[-110.86467768946655,32.128764420049286]]]},"properties":{"h3":"8948e852897ffff","count":1,"c3":0,"c6":0,"c12":0,"c24":1,"score":0.3,"risk":1,"peakDay":"Saturday","peakTime":"morning","hood":"","bk12":{"morning":0,"afternoon":0,"evening":0,"night":0},"bk24":{"morning":1,"afternoon":0,"evening":0,"night":0},"recent":[{"d":"2025-01-04","day":"Sat","time":"08:40","desc":"Aggravated Assault - Other","res":""}]}},{"type":"Feature","geometry":{"type":"Polygon","coordinates":[[[-110.90307154583392,32.20426291733716],[-110.90183229908595,32.20592027266121],[-110.90291668479009,32.20764145734489],[-110.90524035037234,32.20770526643803],[-110.90647956208741,32.20604789400825],[-110.90539514325606,32.20432672959112],[-110.90307154583392,32.20426291733716],[-110.90307154583392,32.20426291733716]]]},"properties":{"h3":"8948e85738bffff","count":6,"c3":0,"c6":0,"c12":1,"c24":6,"score":2.7,"risk":12,"peakDay":"Saturday","peakTime":"afternoon","hood":"","bk12":{"morning":0,"afternoon":0,"evening":0,"night":1},"bk24":{"morning":2,"afternoon":3,"evening":0,"night":1},"recent":[{"d":"2025-12-03","day":"Wed","time":"00:11","desc":"Aggravated Assault - Other","res":""},{"d":"2025-06-26","day":"Thu","time":"13:05","desc":"Robbery - Miscellaneous","res":""},{"d":"2025-06-26","day":"Thu","time":"13:05","desc":"Robbery - Miscellaneous","res":""},{"d":"2025-05-30","day":"Fri","time":"12:00","desc":"Robbery - Miscellaneous","res":""},{"d":"2025-03-29","day":"Sat","time":"07:32","desc":"Robbery - Miscellaneous","res":""},{"d":"2025-01-04","day":"Sat","time":"10:25","desc":"Aggravated Assault - Other","res":""}]}},{"type":"Feature","geometry":{"type":"Polygon","coordinates":[[[-110.99974672912408,32.22717588492551],[-110.99850877594741,32.22883391834975],[-110.99959467760759,32.23055396747494],[-111.0019185653118,32.23061596281906],[-111.00315648315875,32.22895791240125],[-111.00207054863412,32.22723788363297],[-110.99974672912408,32.22717588492551],[-110.99974672912408,32.22717588492551]]]},"properties":{"h3":"8948e856a9bffff","count":16,"c3":0,"c6":0,"c12":6,"c24":16,"score":7.6,"risk":34,"peakDay":"Friday","peakTime":"afternoon","hood":"Menlo Park","bk12":{"morning":0,"afternoon":2,"evening":1,"night":3},"bk24":{"morning":3,"afternoon":6,"evening":3,"night":4},"recent":[{"d":"2025-12-26","day":"Fri","time":"02:02","desc":"Robbery - Convenience Stores","res":""},{"d":"2025-12-26","day":"Fri","time":"02:02","desc":"Robbery - Commercial House","res":""},{"d":"2025-12-26","day":"Fri","time":"02:02","desc":"Robbery - Commercial House","res":""},{"d":"2025-10-24","day":"Fri","time":"19:38","desc":"Aggravated Assault - Other","res":""},{"d":"2025-10-22","day":"Wed","time":"12:01","desc":"Aggravated Assault - Other","res":""},{"d":"2025-09-19","day":"Fri","time":"13:34","desc":"Aggravated Assault - Other","res":""},{"d":"2025-07-27","day":"Sun","time":"19:51","desc":"Aggravated Assault - Peace Officer (Non-Serious Injury)","res":""},{"d":"2025-07-22","day":"Tue","time":"16:39","desc":"Robbery - Carjacking","res":""},{"d":"2025-05-30","day":"Fri","time":"03:38","desc":"Aggravated Assault - Other","res":""},{"d":"2025-05-17","day":"Sat","time":"06:04","desc":"Aggravated Assault - Other","res":""}]}},{"type":"Feature","geometry":{"type":"Polygon","coordinates":[[[-110.92585012703134,32.24040247017126],[-110.92461085547534,32.242059769064866],[-110.92569588688052,32.24378041521002],[-110.9280202229275,32.2438437421914],[-110.92925945936197,32.242186426235506],[-110.92817439487388,32.240465800360596],[-110.92585012703134,32.24040247017126],[-110.92585012703134,32.24040247017126]]]},"properties":{"h3":"8948e85428bffff","count":2,"c3":0,"c6":0,"c12":1,"c24":2,"score":0.9,"risk":4,"peakDay":"Saturday","peakTime":"afternoon","hood":"Blenman-Elm","bk12":{"morning":0,"afternoon":0,"evening":0,"night":1},"bk24":{"morning":0,"afternoon":1,"evening":0,"night":1},"recent":[{"d":"2025-11-17","day":"Mon","time":"01:32","desc":"Aggravated Assault - Domestic Violence (DV)","res":""},{"d":"2025-01-04","day":"Sat","time":"15:33","desc":"Aggravated Assault - Other","res":""}]}},{"type":"Feature","geometry":{"type":"Polygon","coordinates":[[[-111.00157065304423,32.18663472981887],[-111.00033316228486,32.18829306313917],[-111.00141870832253,32.19001345257208],[-111.00374177795874,32.19007548830245],[-111.00497923340781,32.18841713796794],[-111.00389365453388,32.18669676891732],[-111.00157065304423,32.18663472981887],[-111.00157065304423,32.18663472981887]]]},"properties":{"h3":"8948e856113ffff","count":2,"c3":0,"c6":0,"c12":0,"c24":2,"score":0.7,"risk":3,"peakDay":"Saturday","peakTime":"evening","hood":"Enchanted Hills","bk12":{"morning":0,"afternoon":0,"evening":0,"night":0},"bk24":{"morning":1,"afternoon":0,"evening":1,"night":0},"recent":[{"d":"2025-04-13","day":"Sun","time":"11:03","desc":"Aggravated Assault - Domestic Violence (DV)","res":""},{"d":"2025-01-04","day":"Sat","time":"17:43","desc":"Aggravated Assault - Other","res":""}]}},{"type":"Feature","geometry":{"type":"Polygon","coordinates":[[[-110.97852680767639,32.23337214557896],[-110.97728844993036,32.235029951559866],[-110.97837412454143,32.236750151159285],[-110.98069818982998,32.236812524447174],[-110.98193651230456,32.23515470145424],[-110.98085080476497,32.23343452218552],[-110.97852680767639,32.23337214557896],[-110.97852680767639,32.23337214557896]]]},"properties":{"h3":"8948e85452bffff","count":4,"c3":0,"c6":0,"c12":1,"c24":4,"score":1.7,"risk":8,"peakDay":"Monday","peakTime":"night","hood":"Dunbar Spring","bk12":{"morning":0,"afternoon":0,"evening":0,"night":1},"bk24":{"morning":0,"afternoon":0,"evening":0,"night":4},"recent":[{"d":"2025-09-08","day":"Mon","time":"00:52","desc":"Aggravated Assault - Other","res":""},{"d":"2025-06-17","day":"Tue","time":"04:21","desc":"Aggravated Assault - Other","res":""},{"d":"2025-04-28","day":"Mon","time":"03:51","desc":"Aggravated Assault - Other","res":""},{"d":"2025-01-05","day":"Sun","time":"01:15","desc":"Robbery - Miscellaneous","res":""}]}},{"type":"Feature","geometry":{"type":"Polygon","coordinates":[[[-110.85752625980827,32.20807792432473],[-110.85628624949439,32.20973485586621],[-110.85737005597849,32.21145644490645],[-110.85969390603852,32.21152108218999],[-110.86093388145062,32.20986413349829],[-110.85985004170738,32.20814256467335],[-110.85752625980827,32.20807792432473],[-110.85752625980827,32.20807792432473]]]},"properties":{"h3":"8948e850917ffff","count":3,"c3":0,"c6":0,"c12":0,"c24":3,"score":1.2,"risk":6,"peakDay":"Friday","peakTime":"night","hood":"Colonia Del Valle","bk12":{"morning":0,"afternoon":0,"evening":0,"night":0},"bk24":{"morning":1,"afternoon":0,"evening":0,"night":2},"recent":[{"d":"2025-07-04","day":"Fri","time":"00:32","desc":"Aggravated Assault - Domestic Violence (DV)","res":""},{"d":"2025-07-04","day":"Fri","time":"00:32","desc":"Aggravated Assault - Domestic Violence (DV)","res":""},{"d":"2025-01-05","day":"Sun","time":"08:32","desc":"Robbery - Residence","res":""}]}},{"type":"Feature","geometry":{"type":"Polygon","coordinates":[[[-110.97832352759524,32.16063836503251],[-110.97708594408117,32.16229667868096],[-110.97817093435071,32.16401752138286],[-110.98049354102503,32.16408003006393],[-110.98173108931252,32.1624216993628],[-110.98064606615519,32.16070087703335],[-110.97832352759524,32.16063836503251],[-110.97832352759524,32.16063836503251]]]},"properties":{"h3":"8948e856477ffff","count":6,"c3":0,"c6":0,"c12":3,"c24":6,"score":3,"risk":13,"peakDay":"Friday","peakTime":"morning","hood":"Rose","bk12":{"morning":1,"afternoon":2,"evening":0,"night":0},"bk24":{"morning":4,"afternoon":2,"evening":0,"night":0},"recent":[{"d":"2025-12-26","day":"Fri","time":"05:00","desc":"Aggravated Assault - Domestic Violence (DV)","res":""},{"d":"2025-10-14","day":"Tue","time":"12:46","desc":"Aggravated Assault - Other","res":""},{"d":"2025-10-14","day":"Tue","time":"12:46","desc":"Aggravated Assault - Other","res":""},{"d":"2025-06-13","day":"Fri","time":"09:49","desc":"Aggravated Assault - Peace Officer (Non-Serious Injury)","res":""},{"d":"2025-06-13","day":"Fri","time":"09:49","desc":"Aggravated Assault - Peace Officer (Non-Serious Injury)","res":""},{"d":"2025-01-05","day":"Sun","time":"10:00","desc":"Robbery - Residence","res":""}]}},{"type":"Feature","geometry":{"type":"Polygon","coordinates":[[[-110.98193651230456,32.23515470145424],[-110.98069818982998,32.236812524447174],[-110.98178392700181,32.238532675286145],[-110.98410801957095,32.23859498279896],[-110.98534630676303,32.23693714279852],[-110.98426053667137,32.23521701229285],[-110.98193651230456,32.23515470145424],[-110.98193651230456,32.23515470145424]]]},"properties":{"h3":"8948e85452fffff","count":3,"c3":0,"c6":0,"c12":1,"c24":3,"score":1.3,"risk":6,"peakDay":"Sunday","peakTime":"morning","hood":"Barrio El Rio","bk12":{"morning":1,"afternoon":0,"evening":0,"night":0},"bk24":{"morning":3,"afternoon":0,"evening":0,"night":0},"recent":[{"d":"2025-10-31","day":"Fri","time":"06:08","desc":"Aggravated Assault - Other","res":""},{"d":"2025-04-26","day":"Sat","time":"06:53","desc":"Aggravated Assault - Other","res":""},{"d":"2025-01-05","day":"Sun","time":"10:28","desc":"Aggravated Assault - Other","res":""}]}},{"type":"Feature","geometry":{"type":"Polygon","coordinates":[[[-110.97623562139295,32.28403659709798],[-110.97499668482068,32.28569402521675],[-110.97608280404678,32.28741379718966],[-110.97840789281196,32.287476120744785],[-110.97964679408854,32.28581867563969],[-110.97856064189854,32.28409892396585],[-110.97623562139295,32.28403659709798],[-110.97623562139295,32.28403659709798]]]},"properties":{"h3":"8948e854a93ffff","count":15,"c3":0,"c6":0,"c12":2,"c24":15,"score":6.7,"risk":30,"peakDay":"Sunday","peakTime":"morning","hood":"Limberlost","bk12":{"morning":2,"afternoon":0,"evening":0,"night":0},"bk24":{"morning":9,"afternoon":4,"evening":0,"night":2},"recent":[{"d":"2025-11-23","day":"Sun","time":"10:16","desc":"Aggravated Assault - Other","res":""},{"d":"2025-08-22","day":"Fri","time":"11:54","desc":"Robbery - Miscellaneous","res":""},{"d":"2025-08-17","day":"Sun","time":"10:57","desc":"Robbery - Miscellaneous","res":""},{"d":"2025-07-23","day":"Wed","time":"04:18","desc":"Robbery - Miscellaneous","res":""},{"d":"2025-07-18","day":"Fri","time":"10:50","desc":"Robbery - Miscellaneous","res":""},{"d":"2025-07-13","day":"Sun","time":"11:21","desc":"Robbery - Highway","res":""},{"d":"2025-06-22","day":"Sun","time":"07:07","desc":"Robbery - Miscellaneous","res":""},{"d":"2025-05-31","day":"Sat","time":"15:19","desc":"Robbery - Miscellaneous","res":""},{"d":"2025-05-31","day":"Sat","time":"15:19","desc":"Robbery - Miscellaneous","res":""},{"d":"2025-05-31","day":"Sat","time":"11:03","desc":"Robbery - Miscellaneous","res":""}]}},{"type":"Feature","geometry":{"type":"Polygon","coordinates":[[[-110.97654122922735,32.277282035371634],[-110.97530236986285,32.27893951401931],[-110.97638842978618,32.28065934315122],[-110.97871338203618,32.28072167333225],[-110.97995220610827,32.27906417769483],[-110.97886611322569,32.277344368866196],[-110.97654122922735,32.277282035371634],[-110.97654122922735,32.277282035371634]]]},"properties":{"h3":"8948e854e3bffff","count":7,"c3":0,"c6":0,"c12":1,"c24":7,"score":2.8,"risk":13,"peakDay":"Wednesday","peakTime":"morning","hood":"Amphi","bk12":{"morning":1,"afternoon":0,"evening":0,"night":0},"bk24":{"morning":3,"afternoon":2,"evening":0,"night":2},"recent":[{"d":"2025-12-17","day":"Wed","time":"07:00","desc":"Aggravated Assault - Other","res":""},{"d":"2025-03-21","day":"Fri","time":"08:01","desc":"Robbery - Highway","res":""},{"d":"2025-03-13","day":"Thu","time":"09:25","desc":"Robbery - Convenience Stores","res":""},{"d":"2025-03-11","day":"Tue","time":"23:33","desc":"Aggravated Assault - Domestic Violence (DV)","res":""},{"d":"2025-03-05","day":"Wed","time":"12:44","desc":"Aggravated Assault - Domestic Violence (DV)","res":""},{"d":"2025-03-05","day":"Wed","time":"00:01","desc":"Aggravated Assault - Other","res":""},{"d":"2025-01-05","day":"Sun","time":"13:38","desc":"Robbery - Convenience Stores","res":""}]}},{"type":"Feature","geometry":{"type":"Polygon","coordinates":[[[-110.95933440535626,32.271747070292655],[-110.95809533108503,32.273404438673936],[-110.95918110750684,32.275124483480354],[-110.96150599120799,32.275187139617486],[-110.96274503024054,32.27352975422569],[-110.96165922081353,32.27180972970736],[-110.95933440535626,32.271747070292655],[-110.95933440535626,32.271747070292655]]]},"properties":{"h3":"8948e854e5bffff","count":12,"c3":0,"c6":0,"c12":5,"c24":12,"score":5.6,"risk":25,"peakDay":"Saturday","peakTime":"evening","hood":"Campus Farm","bk12":{"morning":1,"afternoon":0,"evening":2,"night":2},"bk24":{"morning":2,"afternoon":1,"evening":6,"night":3},"recent":[{"d":"2025-11-22","day":"Sat","time":"11:34","desc":"Robbery - Miscellaneous","res":""},{"d":"2025-11-04","day":"Tue","time":"04:32","desc":"Aggravated Assault - Domestic Violence (DV)","res":""},{"d":"2025-08-30","day":"Sat","time":"18:25","desc":"Aggravated Assault - Domestic Violence (DV)","res":""},{"d":"2025-08-30","day":"Sat","time":"18:25","desc":"Aggravated Assault - Domestic Violence (DV)","res":""},{"d":"2025-08-30","day":"Sat","time":"00:11","desc":"Robbery - Miscellaneous","res":""},{"d":"2025-07-18","day":"Fri","time":"19:00","desc":"Aggravated Assault - Domestic Violence (DV)","res":""},{"d":"2025-07-18","day":"Fri","time":"19:00","desc":"Aggravated Assault - Domestic Violence (DV)","res":""},{"d":"2025-06-18","day":"Wed","time":"07:45","desc":"Robbery - Convenience Stores","res":""},{"d":"2025-05-01","day":"Thu","time":"02:00","desc":"Aggravated Assault - Domestic Violence (DV)","res":""},{"d":"2025-03-22","day":"Sat","time":"20:16","desc":"Aggravated Assault - Domestic Violence (DV)","res":""}]}},{"type":"Feature","geometry":{"type":"Polygon","coordinates":[[[-110.96646192241232,32.26855746303678],[-110.96522299584217,32.27021491593057],[-110.96630883826332,32.27193492015611],[-110.96863364024058,32.271997451190394],[-110.96987253155316,32.27033998129167],[-110.96878665614896,32.26861999736366],[-110.96646192241232,32.26855746303678],[-110.96646192241232,32.26855746303678]]]},"properties":{"h3":"8948e854ecfffff","count":10,"c3":0,"c6":0,"c12":2,"c24":10,"score":4.3,"risk":19,"peakDay":"Sunday","peakTime":"morning","hood":"Amphi","bk12":{"morning":0,"afternoon":1,"evening":0,"night":1},"bk24":{"morning":5,"afternoon":2,"evening":2,"night":1},"recent":[{"d":"2025-10-31","day":"Fri","time":"14:18","desc":"Aggravated Assault - Other","res":""},{"d":"2025-08-29","day":"Fri","time":"04:45","desc":"Aggravated Assault - Domestic Violence (DV)","res":""},{"d":"2025-08-15","day":"Fri","time":"08:10","desc":"Aggravated Assault - Domestic Violence (DV)","res":""},{"d":"2025-07-06","day":"Sun","time":"08:15","desc":"Aggravated Assault - Peace Officer (Non-Serious Injury)","res":""},{"d":"2025-07-06","day":"Sun","time":"08:15","desc":"Aggravated Assault - Peace Officer (Non-Serious Injury)","res":""},{"d":"2025-07-06","day":"Sun","time":"08:15","desc":"Aggravated Assault - Peace Officer (Non-Serious Injury)","res":""},{"d":"2025-03-03","day":"Mon","time":"17:00","desc":"Robbery - Miscellaneous","res":""},{"d":"2025-01-18","day":"Sat","time":"17:03","desc":"Robbery - Miscellaneous","res":""},{"d":"2025-01-13","day":"Mon","time":"09:00","desc":"Aggravated Assault - Domestic Violence (DV)","res":""},{"d":"2025-01-05","day":"Sun","time":"16:29","desc":"Aggravated Assault - Domestic Violence (DV)","res":""}]}},{"type":"Feature","geometry":{"type":"Polygon","coordinates":[[[-110.97374184207561,32.26198988195431],[-110.97250310182316,32.26364744452277],[-110.97358898055911,32.265367436670005],[-110.9759136325089,32.26542984593975],[-110.97715233748643,32.263772266370204],[-110.976066425792,32.262052294532054],[-110.97374184207561,32.26198988195431],[-110.97374184207561,32.26198988195431]]]},"properties":{"h3":"8948e854e9bffff","count":5,"c3":0,"c6":0,"c12":2,"c24":5,"score":2.4,"risk":11,"peakDay":"Sunday","peakTime":"evening","hood":"Coronado Heights","bk12":{"morning":1,"afternoon":0,"evening":0,"night":1},"bk24":{"morning":1,"afternoon":0,"evening":2,"night":2},"recent":[{"d":"2025-12-24","day":"Wed","time":"08:16","desc":"Aggravated Assault - Other","res":""},{"d":"2025-10-16","day":"Thu","time":"03:17","desc":"Robbery - Miscellaneous","res":""},{"d":"2025-07-14","day":"Mon","time":"17:00","desc":"Aggravated Assault - Other","res":""},{"d":"2025-06-01","day":"Sun","time":"03:58","desc":"Aggravated Assault - Domestic Violence (DV)","res":""},{"d":"2025-01-05","day":"Sun","time":"17:00","desc":"Aggravated Assault - Other","res":""}]}},{"type":"Feature","geometry":{"type":"Polygon","coordinates":[[[-110.97608280404678,32.28741379718966],[-110.97484382886708,32.289071200026996],[-110.97592997774692,32.29079094340401],[-110.97825513477564,32.290853263646795],[-110.97949407465809,32.28919584382482],[-110.97840789281196,32.287476120744785],[-110.97608280404678,32.28741379718966],[-110.97608280404678,32.28741379718966]]]},"properties":{"h3":"8948e854a83ffff","count":9,"c3":0,"c6":0,"c12":1,"c24":9,"score":3.7,"risk":17,"peakDay":"Sunday","peakTime":"morning","hood":"","bk12":{"morning":1,"afternoon":0,"evening":0,"night":0},"bk24":{"morning":6,"afternoon":0,"evening":1,"night":2},"recent":[{"d":"2025-09-21","day":"Sun","time":"08:54","desc":"Aggravated Assault - Other","res":""},{"d":"2025-07-24","day":"Thu","time":"04:04","desc":"Robbery - Miscellaneous","res":""},{"d":"2025-06-24","day":"Tue","time":"07:20","desc":"Robbery - Miscellaneous","res":""},{"d":"2025-04-29","day":"Tue","time":"04:43","desc":"Aggravated Assault - Other","res":""},{"d":"2025-04-18","day":"Fri","time":"05:47","desc":"Aggravated Assault - Other","res":""},{"d":"2025-04-01","day":"Tue","time":"10:00","desc":"Aggravated Assault - Other","res":""},{"d":"2025-03-16","day":"Sun","time":"11:00","desc":"Aggravated Assault - Other","res":""},{"d":"2025-02-21","day":"Fri","time":"09:00","desc":"Aggravated Assault - Other","res":""},{"d":"2025-01-05","day":"Sun","time":"17:00","desc":"Aggravated Assault - Other","res":""}]}},{"type":"Feature","geometry":{"type":"Polygon","coordinates":[[[-110.91113109112527,32.25691087584612],[-110.90989140876175,32.25856792986205],[-110.91097639646003,32.26028857175627],[-110.91330109965911,32.260352139389674],[-110.91454074693422,32.25869506830553],[-110.91345572610157,32.256974446656244],[-110.91113109112527,32.25691087584612],[-110.91113109112527,32.25691087584612]]]},"properties":{"h3":"8948e8551a3ffff","count":3,"c3":0,"c6":0,"c12":0,"c24":3,"score":1.2,"risk":5,"peakDay":"Sunday","peakTime":"night","hood":"North Dodge","bk12":{"morning":0,"afternoon":0,"evening":0,"night":0},"bk24":{"morning":1,"afternoon":1,"evening":0,"night":1},"recent":[{"d":"2025-06-08","day":"Sun","time":"08:00","desc":"Aggravated Assault - Domestic Violence (DV)","res":""},{"d":"2025-04-17","day":"Thu","time":"16:15","desc":"Aggravated Assault - Domestic Violence (DV)","res":""},{"d":"2025-01-05","day":"Sun","time":"23:54","desc":"Aggravated Assault - Domestic Violence (DV)","res":""}]}},{"type":"Feature","geometry":{"type":"Polygon","coordinates":[[[-110.97954395212764,32.133603206592696],[-110.97830667671633,32.13526171880346],[-110.97939143030334,32.13698278665388],[-110.98171349217353,32.137045321904196],[-110.98295073237112,32.135386792626925],[-110.98186594591513,32.13366574516592],[-110.97954395212764,32.133603206592696],[-110.97954395212764,32.133603206592696]]]},"properties":{"h3":"8948e8cca0fffff","count":4,"c3":0,"c6":0,"c12":0,"c24":4,"score":1.6,"risk":7,"peakDay":"Monday","peakTime":"night","hood":"Elvira","bk12":{"morning":0,"afternoon":0,"evening":0,"night":0},"bk24":{"morning":0,"afternoon":0,"evening":0,"night":4},"recent":[{"d":"2025-07-12","day":"Sat","time":"00:19","desc":"Robbery - Carjacking","res":""},{"d":"2025-06-03","day":"Tue","time":"04:34","desc":"Robbery - Miscellaneous","res":""},{"d":"2025-01-06","day":"Mon","time":"03:39","desc":"Robbery - Miscellaneous","res":""},{"d":"2025-01-06","day":"Mon","time":"03:39","desc":"Robbery - Miscellaneous","res":""}]}},{"type":"Feature","geometry":{"type":"Polygon","coordinates":[[[-110.95466139225704,32.220891049130366],[-110.95342278792053,32.22254873590122],[-110.95450802447286,32.22426927650291],[-110.95683189835417,32.22433211002148],[-110.95807046749665,32.22267440620712],[-110.95698519795474,32.220953885917766],[-110.95466139225704,32.220891049130366],[-110.95466139225704,32.220891049130366]]]},"properties":{"h3":"8948e85442bffff","count":5,"c3":0,"c6":0,"c12":3,"c24":5,"score":2.4,"risk":11,"peakDay":"Monday","peakTime":"evening","hood":"Pie Allen","bk12":{"morning":0,"afternoon":0,"evening":1,"night":2},"bk24":{"morning":1,"afternoon":0,"evening":2,"night":2},"recent":[{"d":"2025-12-24","day":"Wed","time":"03:46","desc":"Robbery - Miscellaneous","res":""},{"d":"2025-10-25","day":"Sat","time":"01:05","desc":"Aggravated Assault - Other","res":""},{"d":"2025-09-08","day":"Mon","time":"17:51","desc":"Aggravated Assault - Domestic Violence (DV)","res":""},{"d":"2025-02-02","day":"Sun","time":"17:00","desc":"Aggravated Assault - Other","res":""},{"d":"2025-01-06","day":"Mon","time":"06:38","desc":"Robbery - Highway","res":""}]}},{"type":"Feature","geometry":{"type":"Polygon","coordinates":[[[-110.93546255349781,32.259265073764986],[-110.93422323286603,32.26092232294694],[-110.93530857067476,32.262642709220295],[-110.93763326218442,32.26270582604207],[-110.93887254765505,32.26104855981817],[-110.93778717678006,32.259328193814504],[-110.93546255349781,32.259265073764986],[-110.93546255349781,32.259265073764986]]]},"properties":{"h3":"8948e85435bffff","count":5,"c3":0,"c6":0,"c12":3,"c24":5,"score":2.3,"risk":10,"peakDay":"Monday","peakTime":"night","hood":"","bk12":{"morning":2,"afternoon":0,"evening":0,"night":1},"bk24":{"morning":2,"afternoon":1,"evening":0,"night":2},"recent":[{"d":"2025-09-15","day":"Mon","time":"23:47","desc":"Aggravated Assault - Other","res":""},{"d":"2025-08-31","day":"Sun","time":"11:04","desc":"Robbery - Miscellaneous","res":""},{"d":"2025-08-29","day":"Fri","time":"11:00","desc":"Aggravated Assault - Domestic Violence (DV)","res":""},{"d":"2025-07-05","day":"Sat","time":"03:55","desc":"Aggravated Assault - Other","res":""},{"d":"2025-01-06","day":"Mon","time":"14:00","desc":"Aggravated Assault - Other","res":""}]}},{"type":"Feature","geometry":{"type":"Polygon","coordinates":[[[-110.84017611823667,32.205902468573925],[-110.83893585625427,32.20755926395088],[-110.84001940779586,32.20928103869072],[-110.84234325462997,32.20934599785584],[-110.84358348176276,32.207689185309725],[-110.84249989691389,32.20596743076773],[-110.84017611823667,32.205902468573925],[-110.84017611823667,32.205902468573925]]]},"properties":{"h3":"8948e850827ffff","count":3,"c3":0,"c6":0,"c12":2,"c24":3,"score":1.5,"risk":7,"peakDay":"Tuesday","peakTime":"night","hood":"Terra Del Sol","bk12":{"morning":1,"afternoon":0,"evening":1,"night":0},"bk24":{"morning":1,"afternoon":0,"evening":1,"night":1},"recent":[{"d":"2025-12-29","day":"Mon","time":"05:07","desc":"Aggravated Assault - Domestic Violence (DV)","res":""},{"d":"2025-08-26","day":"Tue","time":"18:13","desc":"Aggravated Assault - Other","res":""},{"d":"2025-01-07","day":"Tue","time":"02:00","desc":"Aggravated Assault - Other","res":""}]}},{"type":"Feature","geometry":{"type":"Polygon","coordinates":[[[-110.9433312947256,32.16307477467362],[-110.94209312827994,32.16473276825233],[-110.94317767080356,32.166453927164966],[-110.9455004127647,32.166517072165426],[-110.94673854408455,32.16485906149937],[-110.945653968572,32.163137922920264],[-110.9433312947256,32.16307477467362],[-110.9433312947256,32.16307477467362]]]},"properties":{"h3":"8948e856653ffff","count":16,"c3":0,"c6":0,"c12":4,"c24":16,"score":7.2,"risk":32,"peakDay":"Friday","peakTime":"afternoon","hood":"Bravo Park Lane","bk12":{"morning":0,"afternoon":3,"evening":0,"night":1},"bk24":{"morning":2,"afternoon":8,"evening":3,"night":3},"recent":[{"d":"2025-12-31","day":"Wed","time":"15:21","desc":"Aggravated Assault - Domestic Violence (DV)","res":""},{"d":"2025-10-31","day":"Fri","time":"02:52","desc":"Aggravated Assault - Domestic Violence (DV)","res":""},{"d":"2025-09-29","day":"Mon","time":"15:15","desc":"Robbery - Convenience Stores","res":""},{"d":"2025-09-27","day":"Sat","time":"15:07","desc":"Aggravated Assault - Domestic Violence (DV)","res":""},{"d":"2025-08-02","day":"Sat","time":"11:21","desc":"Aggravated Assault - Domestic Violence (DV)","res":""},{"d":"2025-08-01","day":"Fri","time":"13:11","desc":"Robbery - Miscellaneous","res":""},{"d":"2025-08-01","day":"Fri","time":"13:11","desc":"Robbery - Miscellaneous","res":""},{"d":"2025-07-11","day":"Fri","time":"05:42","desc":"Robbery - Miscellaneous","res":""},{"d":"2025-06-08","day":"Sun","time":"15:16","desc":"Robbery - Commercial House","res":""},{"d":"2025-06-08","day":"Sun","time":"15:16","desc":"Robbery - Commercial House","res":""}]}},{"type":"Feature","geometry":{"type":"Polygon","coordinates":[[[-110.98112105361507,32.17593788018287],[-110.9798833512257,32.17759611132325],[-110.98096852237306,32.17931679258892],[-110.98329142880121,32.17937922234768],[-110.98452909594651,32.17772097416604],[-110.98344389191064,32.176000313266975],[-110.98112105361507,32.17593788018287],[-110.98112105361507,32.17593788018287]]]},"properties":{"h3":"8948e856017ffff","count":4,"c3":0,"c6":0,"c12":0,"c24":4,"score":1.5,"risk":7,"peakDay":"Tuesday","peakTime":"morning","hood":"Sunset Villa","bk12":{"morning":0,"afternoon":0,"evening":0,"night":0},"bk24":{"morning":2,"afternoon":1,"evening":1,"night":0},"recent":[{"d":"2025-06-25","day":"Wed","time":"10:47","desc":"Robbery - Commercial House","res":""},{"d":"2025-03-31","day":"Mon","time":"12:19","desc":"Aggravated Assault - Other","res":""},{"d":"2025-02-23","day":"Sun","time":"19:08","desc":"Aggravated Assault - Other","res":""},{"d":"2025-01-07","day":"Tue","time":"09:30","desc":"Robbery - Convenience Stores","res":""}]}},{"type":"Feature","geometry":{"type":"Polygon","coordinates":[[[-111.0027858906811,32.1596030342759],[-111.00154870801013,32.161261566618776],[-111.00263401709361,32.16298218204684],[-111.00495654166843,32.163044244732866],[-111.00619368904201,32.161385695361986],[-111.00510834714107,32.15966510033315],[-111.0027858906811,32.1596030342759],[-111.0027858906811,32.1596030342759]]]},"properties":{"h3":"8948e85658bffff","count":2,"c3":0,"c6":0,"c12":0,"c24":2,"score":0.7,"risk":3,"peakDay":"Tuesday","peakTime":"morning","hood":"","bk12":{"morning":0,"afternoon":0,"evening":0,"night":0},"bk24":{"morning":2,"afternoon":0,"evening":0,"night":0},"recent":[{"d":"2025-01-07","day":"Tue","time":"10:33","desc":"Aggravated Assault - Domestic Violence (DV)","res":""},{"d":"2025-01-07","day":"Tue","time":"10:33","desc":"Aggravated Assault - Domestic Violence (DV)","res":""}]}},{"type":"Feature","geometry":{"type":"Polygon","coordinates":[[[-110.85461829393007,32.12002329624247],[-110.85337917949512,32.121680819095204],[-110.85446212341841,32.12340320707704],[-110.85678421499648,32.12346805194337],[-110.85802329459119,32.12181051188822],[-110.85694031745099,32.12008814416923],[-110.85461829393007,32.12002329624247],[-110.85461829393007,32.12002329624247]]]},"properties":{"h3":"8948e852c73ffff","count":2,"c3":0,"c6":0,"c12":0,"c24":2,"score":0.8,"risk":4,"peakDay":"Tuesday","peakTime":"morning","hood":"","bk12":{"morning":0,"afternoon":0,"evening":0,"night":0},"bk24":{"morning":1,"afternoon":0,"evening":0,"night":1},"recent":[{"d":"2025-07-27","day":"Sun","time":"01:08","desc":"Aggravated Assault - Domestic Violence (DV)","res":""},{"d":"2025-01-07","day":"Tue","time":"11:33","desc":"Aggravated Assault - Domestic Violence (DV)","res":""}]}},{"type":"Feature","geometry":{"type":"Polygon","coordinates":[[[-110.97867948187023,32.229994086477575],[-110.97744116269358,32.23165191755862],[-110.97852680767639,32.23337214557896],[-110.98085080476497,32.23343452218552],[-110.98208908867177,32.231776674090746],[-110.98100341076275,32.230056466403205],[-110.97867948187023,32.229994086477575],[-110.97867948187023,32.229994086477575]]]},"properties":{"h3":"8948e85453bffff","count":3,"c3":0,"c6":0,"c12":0,"c24":3,"score":1,"risk":4,"peakDay":"Tuesday","peakTime":"evening","hood":"Dunbar Spring","bk12":{"morning":0,"afternoon":0,"evening":0,"night":0},"bk24":{"morning":0,"afternoon":0,"evening":3,"night":0},"recent":[{"d":"2025-01-07","day":"Tue","time":"18:43","desc":"Aggravated Assault - Other","res":""},{"d":"2025-01-07","day":"Tue","time":"18:43","desc":"Aggravated Assault - Other","res":""},{"d":"2025-01-07","day":"Tue","time":"18:43","desc":"Aggravated Assault - Other","res":""}]}},{"type":"Feature","geometry":{"type":"Polygon","coordinates":[[[-110.81229045790984,32.20511959094508],[-110.81104976279919,32.206776148034244],[-110.8121329296083,32.20849819702521],[-110.81445682491722,32.208563668758934],[-110.81569748526061,32.206907094471724],[-110.81461428506528,32.20518506564891],[-110.81229045790984,32.20511959094508],[-110.81229045790984,32.20511959094508]]]},"properties":{"h3":"8948e850abbffff","count":3,"c3":0,"c6":0,"c12":0,"c24":3,"score":1.2,"risk":5,"peakDay":"Friday","peakTime":"night","hood":"","bk12":{"morning":0,"afternoon":0,"evening":0,"night":0},"bk24":{"morning":1,"afternoon":0,"evening":0,"night":2},"recent":[{"d":"2025-06-20","day":"Fri","time":"02:46","desc":"Aggravated Assault - Domestic Violence (DV)","res":""},{"d":"2025-06-20","day":"Fri","time":"02:46","desc":"Aggravated Assault - Domestic Violence (DV)","res":""},{"d":"2025-01-08","day":"Wed","time":"05:30","desc":"Aggravated Assault - Other","res":""}]}},{"type":"Feature","geometry":{"type":"Polygon","coordinates":[[[-110.94379211255196,32.152936998867595],[-110.94255406175344,32.154595067145074],[-110.943638515599,32.15631631050259],[-110.94596105322782,32.1563794652428],[-110.94719906890533,32.1547213798728],[-110.94611458207793,32.153000156855164],[-110.94379211255196,32.152936998867595],[-110.94379211255196,32.152936998867595]]]},"properties":{"h3":"8948e8cdba7ffff","count":1,"c3":0,"c6":0,"c12":0,"c24":1,"score":0.3,"risk":1,"peakDay":"Wednesday","peakTime":"morning","hood":"South Park","bk12":{"morning":0,"afternoon":0,"evening":0,"night":0},"bk24":{"morning":1,"afternoon":0,"evening":0,"night":0},"recent":[{"d":"2025-01-08","day":"Wed","time":"08:43","desc":"Aggravated Assault - Domestic Violence (DV)","res":""}]}},{"type":"Feature","geometry":{"type":"Polygon","coordinates":[[[-110.78781091253794,32.20611885310319],[-110.78656981955412,32.20777518877427],[-110.78765266401014,32.209497463367846],[-110.7899766349093,32.20956338214934],[-110.79121769319707,32.20790702925585],[-110.79013481528462,32.206184774803354],[-110.78781091253794,32.20611885310319],[-110.78781091253794,32.20611885310319]]]},"properties":{"h3":"8948e851d2fffff","count":8,"c3":0,"c6":0,"c12":2,"c24":8,"score":3.6,"risk":16,"peakDay":"Wednesday","peakTime":"afternoon","hood":"Eastside","bk12":{"morning":1,"afternoon":1,"evening":0,"night":0},"bk24":{"morning":3,"afternoon":5,"evening":0,"night":0},"recent":[{"d":"2025-11-04","day":"Tue","time":"06:33","desc":"Robbery - Miscellaneous","res":""},{"d":"2025-08-30","day":"Sat","time":"13:32","desc":"Robbery - Miscellaneous","res":""},{"d":"2025-07-28","day":"Mon","time":"15:24","desc":"Aggravated Assault - Other","res":""},{"d":"2025-05-31","day":"Sat","time":"14:21","desc":"Aggravated Assault - Other","res":""},{"d":"2025-05-25","day":"Sun","time":"10:30","desc":"Robbery - Miscellaneous","res":""},{"d":"2025-05-19","day":"Mon","time":"15:01","desc":"Robbery - Service Station","res":""},{"d":"2025-03-26","day":"Wed","time":"10:50","desc":"Robbery - Miscellaneous","res":""},{"d":"2025-01-08","day":"Wed","time":"12:05","desc":"Robbery - Miscellaneous","res":""}]}},{"type":"Feature","geometry":{"type":"Polygon","coordinates":[[[-110.80468796608518,32.21843704983191],[-110.8034470079911,32.220093446306784],[-110.80453019638468,32.22181545099358],[-110.80685437629077,32.22188103905331],[-110.80809529963187,32.22022462538007],[-110.80701207782275,32.218502640845564],[-110.80468796608518,32.21843704983191],[-110.80468796608518,32.21843704983191]]]},"properties":{"h3":"8948e850a67ffff","count":5,"c3":0,"c6":0,"c12":2,"c24":5,"score":2.3,"risk":10,"peakDay":"Wednesday","peakTime":"afternoon","hood":"Carriage Park","bk12":{"morning":1,"afternoon":1,"evening":0,"night":0},"bk24":{"morning":2,"afternoon":2,"evening":1,"night":0},"recent":[{"d":"2025-12-04","day":"Thu","time":"09:01","desc":"Robbery - Miscellaneous","res":""},{"d":"2025-08-30","day":"Sat","time":"16:15","desc":"Aggravated Assault - Other","res":""},{"d":"2025-07-18","day":"Fri","time":"17:38","desc":"Aggravated Assault - Other","res":""},{"d":"2025-03-26","day":"Wed","time":"07:52","desc":"Aggravated Assault - Domestic Violence (DV)","res":""},{"d":"2025-01-08","day":"Wed","time":"16:05","desc":"Aggravated Assault - Other","res":""}]}},{"type":"Feature","geometry":{"type":"Polygon","coordinates":[[[-110.91236832234661,32.22988737726058],[-110.91112894903878,32.231544633041125],[-110.91221370014075,32.233265502141535],[-110.91453785766882,32.23332909519969],[-110.91577719590099,32.23167182233722],[-110.91469241168367,32.2299509734986],[-110.91236832234661,32.22988737726058],[-110.91236832234661,32.22988737726058]]]},"properties":{"h3":"8948e8555b3ffff","count":10,"c3":0,"c6":0,"c12":3,"c24":10,"score":4.6,"risk":20,"peakDay":"Wednesday","peakTime":"afternoon","hood":"Miramonte","bk12":{"morning":2,"afternoon":0,"evening":0,"night":1},"bk24":{"morning":2,"afternoon":5,"evening":1,"night":2},"recent":[{"d":"2025-11-12","day":"Wed","time":"07:37","desc":"Aggravated Assault - Other","res":""},{"d":"2025-09-04","day":"Thu","time":"05:00","desc":"Aggravated Assault - Domestic Violence (DV)","res":""},{"d":"2025-09-01","day":"Mon","time":"22:46","desc":"Aggravated Assault - Other","res":""},{"d":"2025-07-06","day":"Sun","time":"21:18","desc":"Aggravated Assault - Other","res":""},{"d":"2025-07-04","day":"Fri","time":"12:36","desc":"Aggravated Assault - Domestic Violence (DV)","res":""},{"d":"2025-07-04","day":"Fri","time":"12:36","desc":"Aggravated Assault - Domestic Violence (DV)","res":""},{"d":"2025-05-31","day":"Sat","time":"04:50","desc":"Robbery - Residence","res":""},{"d":"2025-05-24","day":"Sat","time":"12:29","desc":"Aggravated Assault - Other","res":""},{"d":"2025-03-20","day":"Thu","time":"14:30","desc":"Aggravated Assault - Domestic Violence (DV)","res":""},{"d":"2025-01-08","day":"Wed","time":"16:15","desc":"Aggravated Assault - Other","res":""}]}},{"type":"Feature","geometry":{"type":"Polygon","coordinates":[[[-110.99405388857484,32.27605983175177],[-110.99281532155268,32.27771747103725],[-110.99390160548755,32.279437141467525],[-110.99622648935598,32.279499152289695],[-110.99746502103523,32.277841496031854],[-110.99637870419183,32.27612184592427],[-110.99405388857484,32.27605983175177],[-110.99405388857484,32.27605983175177]]]},"properties":{"h3":"8948e8548d7ffff","count":5,"c3":0,"c6":0,"c12":3,"c24":5,"score":2.3,"risk":10,"peakDay":"Sunday","peakTime":"morning","hood":"Flowing Wells","bk12":{"morning":1,"afternoon":0,"evening":2,"night":0},"bk24":{"morning":2,"afternoon":0,"evening":2,"night":1},"recent":[{"d":"2025-09-25","day":"Thu","time":"19:06","desc":"Aggravated Assault - Domestic Violence (DV)","res":""},{"d":"2025-09-09","day":"Tue","time":"19:56","desc":"Aggravated Assault - Other","res":""},{"d":"2025-09-07","day":"Sun","time":"05:33","desc":"Robbery - Convenience Stores","res":""},{"d":"2025-02-09","day":"Sun","time":"08:41","desc":"Aggravated Assault - Domestic Violence (DV)","res":""},{"d":"2025-01-08","day":"Wed","time":"23:20","desc":"Robbery - Commercial House","res":""}]}},{"type":"Feature","geometry":{"type":"Polygon","coordinates":[[[-110.81244797699027,32.20174093147199],[-110.81120732056571,32.20339751377153],[-110.81229045790984,32.20511959094508],[-110.81461428506528,32.20518506564891],[-110.8158549067241,32.2035284661496],[-110.81477173599615,32.20180640914631],[-110.81244797699027,32.20174093147199],[-110.81244797699027,32.20174093147199]]]},"properties":{"h3":"8948e850a87ffff","count":3,"c3":0,"c6":0,"c12":1,"c24":3,"score":1.4,"risk":6,"peakDay":"Sunday","peakTime":"night","hood":"","bk12":{"morning":0,"afternoon":1,"evening":0,"night":0},"bk24":{"morning":0,"afternoon":1,"evening":0,"night":2},"recent":[{"d":"2025-12-07","day":"Sun","time":"16:00","desc":"Aggravated Assault - Domestic Violence (DV)","res":""},{"d":"2025-07-20","day":"Sun","time":"02:09","desc":"Aggravated Assault - Other","res":""},{"d":"2025-01-09","day":"Thu","time":"00:25","desc":"Aggravated Assault - Domestic Violence (DV)","res":""}]}},{"type":"Feature","geometry":{"type":"Polygon","coordinates":[[[-110.96947695545539,32.124872037302815],[-110.96823961297615,32.12653052305097],[-110.969324149615,32.128251764377445],[-110.97164606162876,32.12831449957218],[-110.972883368929,32.126655996742265],[-110.97179879939738,32.12493477579946],[-110.96947695545539,32.124872037302815],[-110.96947695545539,32.124872037302815]]]},"properties":{"h3":"8948e8ccacbffff","count":2,"c3":0,"c6":0,"c12":1,"c24":2,"score":0.9,"risk":4,"peakDay":"Thursday","peakTime":"morning","hood":"Barrio Nopal","bk12":{"morning":1,"afternoon":0,"evening":0,"night":0},"bk24":{"morning":2,"afternoon":0,"evening":0,"night":0},"recent":[{"d":"2025-12-07","day":"Sun","time":"05:54","desc":"Aggravated Assault - Domestic Violence (DV)","res":""},{"d":"2025-01-09","day":"Thu","time":"06:58","desc":"Aggravated Assault - Domestic Violence (DV)","res":""}]}},{"type":"Feature","geometry":{"type":"Polygon","coordinates":[[[-110.97638842978618,32.28065934315122],[-110.97514953181901,32.2823167965401],[-110.97623562139295,32.28403659709798],[-110.97856064189854,32.28409892396585],[-110.97979950457166,32.28244145358894],[-110.97871338203618,32.28072167333225],[-110.97638842978618,32.28065934315122],[-110.97638842978618,32.28065934315122]]]},"properties":{"h3":"8948e854e2bffff","count":7,"c3":0,"c6":0,"c12":1,"c24":7,"score":2.8,"risk":13,"peakDay":"Thursday","peakTime":"night","hood":"Limberlost","bk12":{"morning":0,"afternoon":1,"evening":0,"night":0},"bk24":{"morning":2,"afternoon":2,"evening":0,"night":3},"recent":[{"d":"2025-08-26","day":"Tue","time":"12:00","desc":"Robbery - Miscellaneous","res":""},{"d":"2025-06-13","day":"Fri","time":"02:08","desc":"Robbery - Convenience Stores","res":""},{"d":"2025-06-13","day":"Fri","time":"02:08","desc":"Robbery - Convenience Stores","res":""},{"d":"2025-03-13","day":"Thu","time":"10:04","desc":"Robbery - Convenience Stores","res":""},{"d":"2025-03-01","day":"Sat","time":"11:23","desc":"Aggravated Assault - Other","res":""},{"d":"2025-02-23","day":"Sun","time":"03:41","desc":"Robbery - Convenience Stores","res":""},{"d":"2025-01-09","day":"Thu","time":"13:17","desc":"Robbery - Commercial House","res":""}]}},{"type":"Feature","geometry":{"type":"Polygon","coordinates":[[[-110.97242521752301,32.136794925315264],[-110.97118779469949,32.138453353814036],[-110.9722724825154,32.140174462429066],[-110.97459462604878,32.14023712216545],[-110.97583201367745,32.13857867659462],[-110.97474729297046,32.136857588359526],[-110.97242521752301,32.136794925315264],[-110.97242521752301,32.136794925315264]]]},"properties":{"h3":"8948e8cca7bffff","count":2,"c3":0,"c6":0,"c12":1,"c24":2,"score":1,"risk":4,"peakDay":"Thursday","peakTime":"evening","hood":"Sunnyside","bk12":{"morning":0,"afternoon":0,"evening":1,"night":0},"bk24":{"morning":0,"afternoon":0,"evening":2,"night":0},"recent":[{"d":"2025-12-18","day":"Thu","time":"21:00","desc":"Aggravated Assault - Domestic Violence (DV)","res":""},{"d":"2025-01-09","day":"Thu","time":"18:49","desc":"Aggravated Assault - Other","res":""}]}},{"type":"Feature","geometry":{"type":"Polygon","coordinates":[[[-110.85196215217567,32.17747457906417],[-110.8507223812611,32.17913167726409],[-110.85180582624118,32.180853588588555],[-110.85412907539619,32.18091838148627],[-110.85536881144374,32.17926126611335],[-110.85428533320624,32.177539375015776],[-110.85196215217567,32.17747457906417],[-110.85196215217567,32.17747457906417]]]},"properties":{"h3":"8948e850dd7ffff","count":3,"c3":0,"c6":0,"c12":1,"c24":3,"score":1.4,"risk":6,"peakDay":"Thursday","peakTime":"evening","hood":"","bk12":{"morning":1,"afternoon":0,"evening":0,"night":0},"bk24":{"morning":1,"afternoon":1,"evening":1,"night":0},"recent":[{"d":"2025-12-27","day":"Sat","time":"09:18","desc":"Aggravated Assault - Other","res":""},{"d":"2025-05-30","day":"Fri","time":"16:41","desc":"Aggravated Assault - Domestic Violence (DV)","res":""},{"d":"2025-01-09","day":"Thu","time":"19:10","desc":"Aggravated Assault - Domestic Violence (DV)","res":""}]}},{"type":"Feature","geometry":{"type":"Polygon","coordinates":[[[-110.96381717879723,32.249886579733584],[-110.9625784099786,32.25154414165108],[-110.96366404163064,32.25326433717221],[-110.96598847508417,32.25332695047047],[-110.96722720866433,32.251669371534966],[-110.96614154403231,32.249949196319285],[-110.96381717879723,32.249886579733584],[-110.96381717879723,32.249886579733584]]]},"properties":{"h3":"8948e854143ffff","count":8,"c3":0,"c6":0,"c12":3,"c24":8,"score":3.6,"risk":16,"peakDay":"Saturday","peakTime":"night","hood":"Keeling","bk12":{"morning":2,"afternoon":0,"evening":0,"night":1},"bk24":{"morning":3,"afternoon":2,"evening":0,"night":3},"recent":[{"d":"2025-10-16","day":"Thu","time":"22:59","desc":"Aggravated Assault - Other","res":""},{"d":"2025-10-12","day":"Sun","time":"08:39","desc":"Aggravated Assault - Other","res":""},{"d":"2025-10-11","day":"Sat","time":"09:45","desc":"Aggravated Assault - Domestic Violence (DV)","res":""},{"d":"2025-06-28","day":"Sat","time":"13:43","desc":"Aggravated Assault - Other","res":""},{"d":"2025-05-12","day":"Mon","time":"01:00","desc":"Aggravated Assault - Other","res":""},{"d":"2025-03-01","day":"Sat","time":"14:29","desc":"Aggravated Assault - Other","res":""},{"d":"2025-01-20","day":"Mon","time":"07:54","desc":"Aggravated Assault - Domestic Violence (DV)","res":""},{"d":"2025-01-10","day":"Fri","time":"02:35","desc":"Aggravated Assault - Domestic Violence (DV)","res":""}]}},{"type":"Feature","geometry":{"type":"Polygon","coordinates":[[[-110.97715233748643,32.263772266370204],[-110.9759136325089,32.26542984593975],[-110.97699957384592,32.26714978925851],[-110.97932425311319,32.26721213269608],[-110.98056292280478,32.26555453612995],[-110.97947694851797,32.2638346131229],[-110.97715233748643,32.263772266370204],[-110.97715233748643,32.263772266370204]]]},"properties":{"h3":"8948e854e83ffff","count":19,"c3":0,"c6":0,"c12":4,"c24":19,"score":8.2,"risk":37,"peakDay":"Friday","peakTime":"morning","hood":"Amphi","bk12":{"morning":3,"afternoon":0,"evening":1,"night":0},"bk24":{"morning":9,"afternoon":5,"evening":3,"night":2},"recent":[{"d":"2025-12-30","day":"Tue","time":"11:48","desc":"Robbery - Miscellaneous","res":""},{"d":"2025-09-27","day":"Sat","time":"17:59","desc":"Aggravated Assault - Other","res":""},{"d":"2025-09-19","day":"Fri","time":"08:50","desc":"Robbery - Convenience Stores","res":""},{"d":"2025-08-19","day":"Tue","time":"05:00","desc":"Aggravated Assault - Other","res":""},{"d":"2025-08-12","day":"Tue","time":"10:00","desc":"Robbery - Highway","res":""},{"d":"2025-07-29","day":"Tue","time":"11:35","desc":"Aggravated Assault - Other","res":""},{"d":"2025-06-16","day":"Mon","time":"16:00","desc":"Robbery - Highway","res":""},{"d":"2025-06-16","day":"Mon","time":"16:00","desc":"Robbery - Highway","res":""},{"d":"2025-05-25","day":"Sun","time":"20:55","desc":"Aggravated Assault - Other","res":""},{"d":"2025-05-11","day":"Sun","time":"11:00","desc":"Aggravated Assault - Other","res":""}]}},{"type":"Feature","geometry":{"type":"Polygon","coordinates":[[[-110.81323543410385,32.184846833993035],[-110.81199497107411,32.186503542174236],[-110.8130779611169,32.188225760096245],[-110.81540144756417,32.18829124965634],[-110.81664187583601,32.18663452426673],[-110.81555885242138,32.18491232652552],[-110.81323543410385,32.184846833993035],[-110.81323543410385,32.184846833993035]]]},"properties":{"h3":"8948e850eabffff","count":1,"c3":0,"c6":0,"c12":0,"c24":1,"score":0.3,"risk":1,"peakDay":"Friday","peakTime":"night","hood":"","bk12":{"morning":0,"afternoon":0,"evening":0,"night":0},"bk24":{"morning":0,"afternoon":0,"evening":0,"night":1},"recent":[{"d":"2025-01-10","day":"Fri","time":"04:35","desc":"Aggravated Assault - Domestic Violence (DV)","res":""}]}},{"type":"Feature","geometry":{"type":"Polygon","coordinates":[[[-110.87207273298169,32.27105522259537],[-110.87083227866756,32.27271183552815],[-110.87191687160272,32.27443272826588],[-110.8742419521088,32.27449698787603],[-110.87548237144048,32.272840357842895],[-110.87439774525147,32.27111948530003],[-110.87207273298169,32.27105522259537],[-110.87207273298169,32.27105522259537]]]},"properties":{"h3":"8948e85530bffff","count":2,"c3":0,"c6":0,"c12":0,"c24":2,"score":0.7,"risk":3,"peakDay":"Friday","peakTime":"morning","hood":"","bk12":{"morning":0,"afternoon":0,"evening":0,"night":0},"bk24":{"morning":1,"afternoon":1,"evening":0,"night":0},"recent":[{"d":"2025-01-31","day":"Fri","time":"14:52","desc":"Robbery - Miscellaneous","res":""},{"d":"2025-01-10","day":"Fri","time":"05:50","desc":"Aggravated Assault - Other","res":""}]}},{"type":"Feature","geometry":{"type":"Polygon","coordinates":[[[-110.9768468012564,32.27052725840303],[-110.97560801909016,32.27218478753428],[-110.97669401971714,32.27390467378149],[-110.97901883546783,32.273967010590006],[-110.98025758234489,32.27230946446557],[-110.9791715487634,32.27058959852588],[-110.9768468012564,32.27052725840303],[-110.9768468012564,32.27052725840303]]]},"properties":{"h3":"8948e854e17ffff","count":3,"c3":0,"c6":0,"c12":0,"c24":3,"score":1.1,"risk":5,"peakDay":"Friday","peakTime":"morning","hood":"Amphi","bk12":{"morning":0,"afternoon":0,"evening":0,"night":0},"bk24":{"morning":1,"afternoon":0,"evening":1,"night":1},"recent":[{"d":"2025-05-29","day":"Thu","time":"23:00","desc":"Aggravated Assault - Other","res":""},{"d":"2025-03-26","day":"Wed","time":"20:30","desc":"Aggravated Assault - Other","res":""},{"d":"2025-01-10","day":"Fri","time":"09:54","desc":"Robbery - Convenience Stores","res":""}]}},{"type":"Feature","geometry":{"type":"Polygon","coordinates":[[[-111.01020820066672,32.14965137357105],[-111.00897124257595,32.1513100392179],[-111.01005655805126,32.15303067022341],[-111.01237886441089,32.15309261516924],[-111.01361578718868,32.1514339324965],[-111.01253043892271,32.14971332190391],[-111.01020820066672,32.14965137357105],[-111.01020820066672,32.14965137357105]]]},"properties":{"h3":"8948e8ccb23ffff","count":6,"c3":0,"c6":0,"c12":4,"c24":6,"score":2.9,"risk":13,"peakDay":"Friday","peakTime":"afternoon","hood":"Midvale Park","bk12":{"morning":0,"afternoon":4,"evening":0,"night":0},"bk24":{"morning":1,"afternoon":5,"evening":0,"night":0},"recent":[{"d":"2025-09-19","day":"Fri","time":"16:12","desc":"Aggravated Assault - Domestic Violence (DV)","res":""},{"d":"2025-09-01","day":"Mon","time":"14:29","desc":"Aggravated Assault - Domestic Violence (DV)","res":""},{"d":"2025-09-01","day":"Mon","time":"14:29","desc":"Aggravated Assault - Domestic Violence (DV)","res":""},{"d":"2025-08-26","day":"Tue","time":"12:42","desc":"Aggravated Assault - Domestic Violence (DV)","res":""},{"d":"2025-08-15","day":"Fri","time":"05:40","desc":"Aggravated Assault - Domestic Violence (DV)","res":""},{"d":"2025-01-10","day":"Fri","time":"13:00","desc":"Robbery - Carjacking","res":""}]}},{"type":"Feature","geometry":{"type":"Polygon","coordinates":[[[-110.92877897463917,32.17621135858512],[-110.92754043640406,32.17786913410672],[-110.92862490596907,32.1795903179377],[-110.93094794681001,32.17965370593684],[-110.93218644995393,32.17799591332028],[-110.93110194735102,32.17627474979961],[-110.92877897463917,32.17621135858512],[-110.92877897463917,32.17621135858512]]]},"properties":{"h3":"8948e857503ffff","count":20,"c3":0,"c6":0,"c12":7,"c24":20,"score":8.9,"risk":40,"peakDay":"Friday","peakTime":"evening","hood":"Las Vistas","bk12":{"morning":3,"afternoon":1,"evening":2,"night":1},"bk24":{"morning":5,"afternoon":2,"evening":7,"night":6},"recent":[{"d":"2025-12-25","day":"Thu","time":"21:55","desc":"Aggravated Assault - Other","res":""},{"d":"2025-12-07","day":"Sun","time":"08:46","desc":"Aggravated Assault - Other","res":""},{"d":"2025-10-31","day":"Fri","time":"15:30","desc":"Aggravated Assault - Other","res":""},{"d":"2025-10-30","day":"Thu","time":"22:22","desc":"Aggravated Assault - Other","res":""},{"d":"2025-10-10","day":"Fri","time":"20:46","desc":"Aggravated Assault - Other","res":""},{"d":"2025-09-24","day":"Wed","time":"11:29","desc":"Robbery - Highway","res":""},{"d":"2025-09-04","day":"Thu","time":"09:58","desc":"Aggravated Assault - Other","res":""},{"d":"2025-07-08","day":"Tue","time":"01:40","desc":"Aggravated Assault - Other","res":""},{"d":"2025-06-26","day":"Thu","time":"12:30","desc":"Aggravated Assault - Other","res":""},{"d":"2025-06-14","day":"Sat","time":"21:46","desc":"Robbery - Highway","res":""}]}},{"type":"Feature","geometry":{"type":"Polygon","coordinates":[[[-110.99618491543296,32.228771857231415],[-110.99494688838581,32.23042984859421],[-110.99603275717048,32.23214991807163],[-110.99835668588072,32.232211975834105],[-110.99959467760759,32.23055396747494],[-110.99850877594741,32.22883391834975],[-110.99618491543296,32.228771857231415],[-110.99618491543296,32.228771857231415]]]},"properties":{"h3":"8948e856ad7ffff","count":8,"c3":0,"c6":0,"c12":3,"c24":8,"score":3.8,"risk":17,"peakDay":"Friday","peakTime":"evening","hood":"Barrio Hollywood","bk12":{"morning":1,"afternoon":0,"evening":1,"night":1},"bk24":{"morning":1,"afternoon":1,"evening":4,"night":2},"recent":[{"d":"2025-12-27","day":"Sat","time":"23:37","desc":"Aggravated Assault - Domestic Violence (DV)","res":""},{"d":"2025-12-08","day":"Mon","time":"06:46","desc":"Aggravated Assault - Other","res":""},{"d":"2025-09-27","day":"Sat","time":"17:30","desc":"Aggravated Assault - Other","res":""},{"d":"2025-08-04","day":"Mon","time":"03:28","desc":"Robbery - Miscellaneous","res":""},{"d":"2025-07-16","day":"Wed","time":"18:35","desc":"Aggravated Assault - Domestic Violence (DV)","res":""},{"d":"2025-03-28","day":"Fri","time":"15:32","desc":"Aggravated Assault - Other","res":""},{"d":"2025-02-23","day":"Sun","time":"18:05","desc":"Robbery - Miscellaneous","res":""},{"d":"2025-01-10","day":"Fri","time":"21:22","desc":"Aggravated Assault - Other","res":""}]}},{"type":"Feature","geometry":{"type":"Polygon","coordinates":[[[-110.98869877306778,32.162608910628606],[-110.98746133378287,32.16426730028678],[-110.98854648188328,32.16598802547297],[-110.99086910213083,32.16605034061864],[-110.99210650615768,32.164391933919596],[-110.99102132519792,32.16267122911582],[-110.98869877306778,32.162608910628606],[-110.98869877306778,32.162608910628606]]]},"properties":{"h3":"8948e856427ffff","count":16,"c3":0,"c6":0,"c12":6,"c24":16,"score":7.2,"risk":32,"peakDay":"Saturday","peakTime":"night","hood":"Midvale Park","bk12":{"morning":0,"afternoon":4,"evening":0,"night":2},"bk24":{"morning":5,"afternoon":4,"evening":1,"night":6},"recent":[{"d":"2025-11-21","day":"Fri","time":"15:50","desc":"Aggravated Assault - Other","res":""},{"d":"2025-11-12","day":"Wed","time":"03:18","desc":"Robbery - Commercial House","res":""},{"d":"2025-10-10","day":"Fri","time":"14:49","desc":"Aggravated Assault - Other","res":""},{"d":"2025-09-27","day":"Sat","time":"12:37","desc":"Robbery - Miscellaneous","res":""},{"d":"2025-09-20","day":"Sat","time":"03:37","desc":"Robbery - Miscellaneous","res":""},{"d":"2025-09-04","day":"Thu","time":"15:02","desc":"Aggravated Assault - Other","res":""},{"d":"2025-07-19","day":"Sat","time":"01:20","desc":"Robbery - Miscellaneous","res":""},{"d":"2025-06-27","day":"Fri","time":"09:47","desc":"Aggravated Assault - Other","res":""},{"d":"2025-06-03","day":"Tue","time":"06:23","desc":"Aggravated Assault - Peace Officer (Non-Serious Injury)","res":""},{"d":"2025-06-03","day":"Tue","time":"06:23","desc":"Aggravated Assault - Peace Officer (Non-Serious Injury)","res":""}]}},{"type":"Feature","geometry":{"type":"Polygon","coordinates":[[[-110.96320457630972,32.26339728745647],[-110.9619656530974,32.26505474857012],[-110.96305140325974,32.26677483013312],[-110.96537610962669,32.266837430285555],[-110.96661499759408,32.26517995216076],[-110.96552921444236,32.263459890894765],[-110.96320457630972,32.26339728745647],[-110.96320457630972,32.26339728745647]]]},"properties":{"h3":"8948e854edbffff","count":6,"c3":0,"c6":0,"c12":1,"c24":6,"score":2.5,"risk":11,"peakDay":"Tuesday","peakTime":"morning","hood":"Amphi","bk12":{"morning":0,"afternoon":0,"evening":1,"night":0},"bk24":{"morning":3,"afternoon":0,"evening":3,"night":0},"recent":[{"d":"2025-11-25","day":"Tue","time":"18:58","desc":"Aggravated Assault - Other","res":""},{"d":"2025-07-29","day":"Tue","time":"11:19","desc":"Aggravated Assault - Other","res":""},{"d":"2025-05-13","day":"Tue","time":"20:47","desc":"Robbery - Residence","res":""},{"d":"2025-02-07","day":"Fri","time":"17:28","desc":"Aggravated Assault - Other","res":""},{"d":"2025-01-12","day":"Sun","time":"07:45","desc":"Aggravated Assault - Other","res":""},{"d":"2025-01-11","day":"Sat","time":"06:44","desc":"Aggravated Assault - Other","res":""}]}},{"type":"Feature","geometry":{"type":"Polygon","coordinates":[[[-110.8945496640174,32.237854314241936],[-110.89330992231547,32.23951135857053],[-110.8943945076746,32.24123232890876],[-110.89671886790926,32.24129623468038],[-110.8979585745829,32.23963917325599],[-110.89687395605306,32.237918223155845],[-110.8945496640174,32.237854314241936],[-110.8945496640174,32.237854314241936]]]},"properties":{"h3":"8948e855547ffff","count":6,"c3":0,"c6":0,"c12":0,"c24":6,"score":2.5,"risk":11,"peakDay":"Thursday","peakTime":"night","hood":"Garden District","bk12":{"morning":0,"afternoon":0,"evening":0,"night":0},"bk24":{"morning":0,"afternoon":1,"evening":2,"night":3},"recent":[{"d":"2025-06-26","day":"Thu","time":"22:11","desc":"Aggravated Assault - Other","res":""},{"d":"2025-06-26","day":"Thu","time":"22:11","desc":"Aggravated Assault - Other","res":""},{"d":"2025-06-25","day":"Wed","time":"17:16","desc":"Aggravated Assault - Other","res":""},{"d":"2025-06-17","day":"Tue","time":"17:00","desc":"Aggravated Assault - Domestic Violence (DV)","res":""},{"d":"2025-04-10","day":"Thu","time":"22:45","desc":"Aggravated Assault - Other","res":""},{"d":"2025-01-11","day":"Sat","time":"13:11","desc":"Aggravated Assault - Other","res":""}]}},{"type":"Feature","geometry":{"type":"Polygon","coordinates":[[[-110.96687803970723,32.182320197288725],[-110.9656400422865,32.18397826050417],[-110.9667250817692,32.18569902318892],[-110.96904815160829,32.185761702310636],[-110.97028611382271,32.18410362204282],[-110.96920104140727,32.182382879705735],[-110.96687803970723,32.182320197288725],[-110.96687803970723,32.182320197288725]]]},"properties":{"h3":"8948e85604fffff","count":11,"c3":0,"c6":0,"c12":2,"c24":11,"score":4.8,"risk":22,"peakDay":"Saturday","peakTime":"morning","hood":"Sunset Villa","bk12":{"morning":1,"afternoon":1,"evening":0,"night":0},"bk24":{"morning":7,"afternoon":2,"evening":1,"night":1},"recent":[{"d":"2025-10-02","day":"Thu","time":"06:27","desc":"Aggravated Assault - Other","res":""},{"d":"2025-08-27","day":"Wed","time":"12:06","desc":"Robbery - Miscellaneous","res":""},{"d":"2025-08-13","day":"Wed","time":"06:52","desc":"Robbery - Miscellaneous","res":""},{"d":"2025-07-13","day":"Sun","time":"00:33","desc":"Robbery - Miscellaneous","res":""},{"d":"2025-07-05","day":"Sat","time":"07:56","desc":"Aggravated Assault - Other","res":""},{"d":"2025-07-02","day":"Wed","time":"11:21","desc":"Aggravated Assault - Other","res":""},{"d":"2025-07-01","day":"Tue","time":"10:27","desc":"Robbery - Miscellaneous","res":""},{"d":"2025-06-02","day":"Mon","time":"20:30","desc":"Robbery - Miscellaneous","res":""},{"d":"2025-02-01","day":"Sat","time":"11:50","desc":"Robbery - Miscellaneous","res":""},{"d":"2025-02-01","day":"Sat","time":"08:39","desc":"Robbery - Commercial House","res":""}]}},{"type":"Feature","geometry":{"type":"Polygon","coordinates":[[[-110.93095442969673,32.205025846127285],[-110.92971561790351,32.206683438543834],[-110.93080038659112,32.2084043478832],[-110.93312400012296,32.20846764451006],[-110.93436277680114,32.20681003501683],[-110.9332779750654,32.20508914597351],[-110.93095442969673,32.205025846127285],[-110.93095442969673,32.205025846127285]]]},"properties":{"h3":"8948e85713bffff","count":3,"c3":0,"c6":0,"c12":1,"c24":3,"score":1.3,"risk":6,"peakDay":"Saturday","peakTime":"afternoon","hood":"Barrio Centro","bk12":{"morning":0,"afternoon":1,"evening":0,"night":0},"bk24":{"morning":0,"afternoon":2,"evening":1,"night":0},"recent":[{"d":"2025-11-15","day":"Sat","time":"12:35","desc":"Aggravated Assault - Other","res":""},{"d":"2025-03-29","day":"Sat","time":"16:07","desc":"Robbery - Miscellaneous","res":""},{"d":"2025-01-11","day":"Sat","time":"18:47","desc":"Aggravated Assault - Other","res":""}]}},{"type":"Feature","geometry":{"type":"Polygon","coordinates":[[[-110.85906000417437,32.2504024735581],[-110.85781956477874,32.25205911936801],[-110.8589037882898,32.253780320208854],[-110.86122848447847,32.25384485504719],[-110.86246888894232,32.25218819211216],[-110.86138463215218,32.250467011463996],[-110.85906000417437,32.2504024735581],[-110.85906000417437,32.2504024735581]]]},"properties":{"h3":"8948e855287ffff","count":3,"c3":0,"c6":0,"c12":1,"c24":3,"score":1.3,"risk":6,"peakDay":"Wednesday","peakTime":"morning","hood":"","bk12":{"morning":0,"afternoon":0,"evening":1,"night":0},"bk24":{"morning":2,"afternoon":0,"evening":1,"night":0},"recent":[{"d":"2025-09-03","day":"Wed","time":"17:21","desc":"Aggravated Assault - Domestic Violence (DV)","res":""},{"d":"2025-05-21","day":"Wed","time":"10:00","desc":"Aggravated Assault - Other","res":""},{"d":"2025-01-13","day":"Mon","time":"09:45","desc":"Aggravated Assault - Other","res":""}]}},{"type":"Feature","geometry":{"type":"Polygon","coordinates":[[[-110.99006899274461,32.132194492394795],[-110.98883189999987,32.133853105328825],[-110.98991678174748,32.13557408389801],[-110.99223878908094,32.135636429131736],[-110.99347584658209,32.133977799141284],[-110.9923909319963,32.13225684097361],[-110.99006899274461,32.132194492394795],[-110.99006899274461,32.132194492394795]]]},"properties":{"h3":"8948e8ccaafffff","count":4,"c3":0,"c6":0,"c12":0,"c24":4,"score":1.6,"risk":7,"peakDay":"Monday","peakTime":"evening","hood":"Midvale Park","bk12":{"morning":0,"afternoon":0,"evening":0,"night":0},"bk24":{"morning":0,"afternoon":1,"evening":3,"night":0},"recent":[{"d":"2025-08-01","day":"Fri","time":"15:45","desc":"Aggravated Assault - Other","res":""},{"d":"2025-06-17","day":"Tue","time":"18:50","desc":"Robbery - Convenience Stores","res":""},{"d":"2025-01-13","day":"Mon","time":"19:51","desc":"Robbery - Convenience Stores","res":""},{"d":"2025-01-13","day":"Mon","time":"19:51","desc":"Robbery - Convenience Stores","res":""}]}},{"type":"Feature","geometry":{"type":"Polygon","coordinates":[[[-110.95282038593751,32.261426243713586],[-110.95158131844772,32.26308362854266],[-110.95266691033117,32.26480382798191],[-110.95499160272524,32.26486662230511],[-110.95623063500172,32.263209220453106],[-110.95514501010034,32.2614890413009],[-110.95282038593751,32.261426243713586],[-110.95282038593751,32.261426243713586]]]},"properties":{"h3":"8948e854307ffff","count":1,"c3":0,"c6":0,"c12":0,"c24":1,"score":0.3,"risk":1,"peakDay":"Monday","peakTime":"night","hood":"Mountain View","bk12":{"morning":0,"afternoon":0,"evening":0,"night":0},"bk24":{"morning":0,"afternoon":0,"evening":0,"night":1},"recent":[{"d":"2025-01-13","day":"Mon","time":"22:43","desc":"Aggravated Assault - Other","res":""}]}},{"type":"Feature","geometry":{"type":"Polygon","coordinates":[[[-110.958376980566,32.21591785438459],[-110.95713848857923,32.21757560836728],[-110.95822372851818,32.219296157013574],[-110.96054749342292,32.21935893135808],[-110.96178595020781,32.21770116033296],[-110.96070067729273,32.21598063200583],[-110.958376980566,32.21591785438459],[-110.958376980566,32.21591785438459]]]},"properties":{"h3":"8948e854433ffff","count":4,"c3":0,"c6":0,"c12":1,"c24":4,"score":1.7,"risk":8,"peakDay":"Tuesday","peakTime":"night","hood":"","bk12":{"morning":0,"afternoon":0,"evening":1,"night":0},"bk24":{"morning":1,"afternoon":0,"evening":1,"night":2},"recent":[{"d":"2025-12-10","day":"Wed","time":"17:46","desc":"Robbery - Miscellaneous","res":""},{"d":"2025-03-15","day":"Sat","time":"02:14","desc":"Robbery - Highway","res":""},{"d":"2025-03-13","day":"Thu","time":"06:30","desc":"Robbery - Highway","res":""},{"d":"2025-01-14","day":"Tue","time":"00:00","desc":"Aggravated Assault - Other","res":""}]}},{"type":"Feature","geometry":{"type":"Polygon","coordinates":[[[-110.94335888983944,32.239187424006886],[-110.94211990982241,32.240844883722],[-110.94320516572944,32.24256537166124],[-110.94552943468868,32.242628379595764],[-110.94676837953367,32.240970902835684],[-110.94568309059437,32.23925043518613],[-110.94335888983944,32.239187424006886],[-110.94335888983944,32.239187424006886]]]},"properties":{"h3":"8948e854047ffff","count":9,"c3":0,"c6":0,"c12":3,"c24":9,"score":4,"risk":18,"peakDay":"Tuesday","peakTime":"morning","hood":"Desert Mallow","bk12":{"morning":2,"afternoon":1,"evening":0,"night":0},"bk24":{"morning":5,"afternoon":1,"evening":1,"night":2},"recent":[{"d":"2025-11-30","day":"Sun","time":"09:30","desc":"Aggravated Assault - Other","res":""},{"d":"2025-10-18","day":"Sat","time":"13:00","desc":"Aggravated Assault - Other","res":""},{"d":"2025-09-30","day":"Tue","time":"08:02","desc":"Aggravated Assault - Other","res":""},{"d":"2025-05-15","day":"Thu","time":"19:55","desc":"Aggravated Assault - Other","res":""},{"d":"2025-04-14","day":"Mon","time":"06:21","desc":"Aggravated Assault - Peace Officer (Non-Serious Injury)","res":""},{"d":"2025-04-07","day":"Mon","time":"22:05","desc":"Aggravated Assault - Other","res":""},{"d":"2025-03-21","day":"Fri","time":"23:04","desc":"Aggravated Assault - Drive-By","res":""},{"d":"2025-01-14","day":"Tue","time":"06:33","desc":"Aggravated Assault - Other","res":""},{"d":"2025-01-14","day":"Tue","time":"06:33","desc":"Aggravated Assault - Other","res":""}]}},{"type":"Feature","geometry":{"type":"Polygon","coordinates":[[[-111.00059363227503,32.130784917579064],[-110.9993567222673,32.132443631171036],[-111.00044173209176,32.13416452041811],[-111.0027636847342,32.1342266756597],[-111.0040005594685,32.13256794502138],[-111.00291551683665,32.130847076187884],[-111.00059363227503,32.130784917579064],[-111.00059363227503,32.130784917579064]]]},"properties":{"h3":"8948e8cc86fffff","count":13,"c3":0,"c6":0,"c12":10,"c24":13,"score":7.2,"risk":32,"peakDay":"Tuesday","peakTime":"morning","hood":"Midvale Park","bk12":{"morning":8,"afternoon":2,"evening":0,"night":0},"bk24":{"morning":10,"afternoon":2,"evening":0,"night":1},"recent":[{"d":"2025-12-30","day":"Tue","time":"08:42","desc":"Aggravated Assault - Other","res":""},{"d":"2025-12-30","day":"Tue","time":"08:42","desc":"Aggravated Assault - Other","res":""},{"d":"2025-12-30","day":"Tue","time":"08:42","desc":"Aggravated Assault - Other","res":""},{"d":"2025-12-30","day":"Tue","time":"08:42","desc":"Aggravated Assault - Other","res":""},{"d":"2025-12-30","day":"Tue","time":"08:42","desc":"Aggravated Assault - Other","res":""},{"d":"2025-12-23","day":"Tue","time":"09:34","desc":"Aggravated Assault - Peace Officer (Non-Serious Injury)","res":""},{"d":"2025-11-03","day":"Mon","time":"16:05","desc":"Aggravated Assault - Other","res":""},{"d":"2025-11-03","day":"Mon","time":"16:05","desc":"Aggravated Assault - Other","res":""},{"d":"2025-09-15","day":"Mon","time":"11:51","desc":"Aggravated Assault - Other","res":""},{"d":"2025-09-09","day":"Tue","time":"09:10","desc":"Aggravated Assault - Other","res":""}]}},{"type":"Feature","geometry":{"type":"Polygon","coordinates":[[[-110.99937818189062,32.15782025896586],[-110.99814096393328,32.15947877427621],[-110.99922621057853,32.16119943830095],[-111.00154870801013,32.161261566618776],[-111.0027858906811,32.1596030342759],[-111.00170061120971,32.15788239064778],[-110.99937818189062,32.15782025896586],[-110.99937818189062,32.15782025896586]]]},"properties":{"h3":"8948e8565d7ffff","count":6,"c3":0,"c6":0,"c12":4,"c24":6,"score":3,"risk":13,"peakDay":"Tuesday","peakTime":"evening","hood":"Midvale Park","bk12":{"morning":0,"afternoon":1,"evening":3,"night":0},"bk24":{"morning":1,"afternoon":2,"evening":3,"night":0},"recent":[{"d":"2025-12-17","day":"Wed","time":"15:00","desc":"Aggravated Assault - Other","res":""},{"d":"2025-11-09","day":"Sun","time":"18:48","desc":"Aggravated Assault - Domestic Violence (DV)","res":""},{"d":"2025-09-02","day":"Tue","time":"18:05","desc":"Aggravated Assault - Domestic Violence (DV)","res":""},{"d":"2025-09-02","day":"Tue","time":"18:05","desc":"Aggravated Assault - Domestic Violence (DV)","res":""},{"d":"2025-05-01","day":"Thu","time":"13:30","desc":"Aggravated Assault - Other","res":""},{"d":"2025-01-14","day":"Tue","time":"10:57","desc":"Aggravated Assault - Other","res":""}]}},{"type":"Feature","geometry":{"type":"Polygon","coordinates":[[[-110.84374008538424,32.20431059304111],[-110.84249989691389,32.20596743076773],[-110.84358348176276,32.207689185309725],[-110.84590728838107,32.20775408192259],[-110.84714744199235,32.20609722702956],[-110.84606382384726,32.204375492690154],[-110.84374008538424,32.20431059304111],[-110.84374008538424,32.20431059304111]]]},"properties":{"h3":"8948e8509cbffff","count":2,"c3":0,"c6":0,"c12":1,"c24":2,"score":0.9,"risk":4,"peakDay":"Tuesday","peakTime":"morning","hood":"Palo Verde Park","bk12":{"morning":0,"afternoon":0,"evening":1,"night":0},"bk24":{"morning":1,"afternoon":0,"evening":1,"night":0},"recent":[{"d":"2025-11-20","day":"Thu","time":"19:38","desc":"Robbery - Miscellaneous","res":""},{"d":"2025-01-14","day":"Tue","time":"11:00","desc":"Aggravated Assault - Other","res":""}]}},{"type":"Feature","geometry":{"type":"Polygon","coordinates":[[[-110.82995457226788,32.20054163455283],[-110.82871420580318,32.202198378395444],[-110.82979756891136,32.20392029831498],[-110.83212133182043,32.20398545420214],[-110.83336166346874,32.202328693176945],[-110.83227826702725,32.200606793447264],[-110.82995457226788,32.20054163455283],[-110.82995457226788,32.20054163455283]]]},"properties":{"h3":"8948e85080fffff","count":1,"c3":0,"c6":0,"c12":0,"c24":1,"score":0.3,"risk":1,"peakDay":"Tuesday","peakTime":"afternoon","hood":"Dietz","bk12":{"morning":0,"afternoon":0,"evening":0,"night":0},"bk24":{"morning":0,"afternoon":1,"evening":0,"night":0},"recent":[{"d":"2025-01-14","day":"Tue","time":"16:34","desc":"Aggravated Assault - Other","res":""}]}},{"type":"Feature","geometry":{"type":"Polygon","coordinates":[[[-111.02452490263015,32.21937938906748],[-111.02328742817704,32.221037691576484],[-111.02437358931766,32.22275756968865],[-111.02669725770359,32.222819124904],[-111.02793469675935,32.22116080542268],[-111.02684850282944,32.21944094769838],[-111.02452490263015,32.21937938906748],[-111.02452490263015,32.21937938906748]]]},"properties":{"h3":"8948e85688bffff","count":5,"c3":0,"c6":0,"c12":0,"c24":5,"score":1.8,"risk":8,"peakDay":"Saturday","peakTime":"evening","hood":"","bk12":{"morning":0,"afternoon":0,"evening":0,"night":0},"bk24":{"morning":2,"afternoon":0,"evening":3,"night":0},"recent":[{"d":"2025-04-27","day":"Sun","time":"08:00","desc":"Robbery - Highway","res":""},{"d":"2025-02-01","day":"Sat","time":"20:46","desc":"Aggravated Assault - Domestic Violence (DV)","res":""},{"d":"2025-02-01","day":"Sat","time":"20:46","desc":"Aggravated Assault - Domestic Violence (DV)","res":""},{"d":"2025-02-01","day":"Sat","time":"20:46","desc":"Aggravated Assault - Domestic Violence (DV)","res":""},{"d":"2025-01-15","day":"Wed","time":"05:16","desc":"Aggravated Assault - Other","res":""}]}},{"type":"Feature","geometry":{"type":"Polygon","coordinates":[[[-110.85008563690353,32.21801917597612],[-110.84884540217736,32.21967597244518],[-110.84992920111944,32.22139754539666],[-110.85225326807667,32.221462301677576],[-110.8534934679169,32.21980548805621],[-110.85240963568876,32.218083935306296],[-110.85008563690353,32.21801917597612],[-110.85008563690353,32.21801917597612]]]},"properties":{"h3":"8948e850963ffff","count":2,"c3":0,"c6":0,"c12":0,"c24":2,"score":0.7,"risk":3,"peakDay":"Wednesday","peakTime":"morning","hood":"","bk12":{"morning":0,"afternoon":0,"evening":0,"night":0},"bk24":{"morning":2,"afternoon":0,"evening":0,"night":0},"recent":[{"d":"2025-03-29","day":"Sat","time":"07:34","desc":"Aggravated Assault - Domestic Violence (DV)","res":""},{"d":"2025-01-15","day":"Wed","time":"06:30","desc":"Aggravated Assault - Other","res":""}]}},{"type":"Feature","geometry":{"type":"Polygon","coordinates":[[[-110.95638400376924,32.259831614223046],[-110.95514501010034,32.2614890413009],[-110.95623063500172,32.263209220453106],[-110.95855528658178,32.26327195223575],[-110.95979424502791,32.261614508137754],[-110.95870858711967,32.25989434927731],[-110.95638400376924,32.259831614223046],[-110.95638400376924,32.259831614223046]]]},"properties":{"h3":"8948e8543abffff","count":4,"c3":0,"c6":0,"c12":0,"c24":4,"score":1.8,"risk":8,"peakDay":"Friday","peakTime":"afternoon","hood":"Hedrick Acres","bk12":{"morning":0,"afternoon":0,"evening":0,"night":0},"bk24":{"morning":1,"afternoon":2,"evening":0,"night":1},"recent":[{"d":"2025-08-01","day":"Fri","time":"12:29","desc":"Robbery - Carjacking","res":""},{"d":"2025-08-01","day":"Fri","time":"12:29","desc":"Robbery - Carjacking","res":""},{"d":"2025-07-17","day":"Thu","time":"03:51","desc":"Aggravated Assault - Other","res":""},{"d":"2025-01-15","day":"Wed","time":"10:00","desc":"Aggravated Assault - Peace Officer (Non-Serious Injury)","res":""}]}},{"type":"Feature","geometry":{"type":"Polygon","coordinates":[[[-110.8534934679169,32.21980548805621],[-110.85225326807667,32.221462301677576],[-110.85333712981429,32.2231838261606],[-110.85566122467245,32.22324851681811],[-110.85690138961569,32.221591686048924],[-110.85581749460067,32.21987018177012],[-110.8534934679169,32.21980548805621],[-110.8534934679169,32.21980548805621]]]},"properties":{"h3":"8948e850967ffff","count":2,"c3":0,"c6":0,"c12":1,"c24":2,"score":0.9,"risk":4,"peakDay":"Wednesday","peakTime":"morning","hood":"Palo Verde Park","bk12":{"morning":1,"afternoon":0,"evening":0,"night":0},"bk24":{"morning":2,"afternoon":0,"evening":0,"night":0},"recent":[{"d":"2025-09-07","day":"Sun","time":"10:30","desc":"Robbery - Highway","res":""},{"d":"2025-01-15","day":"Wed","time":"11:16","desc":"Aggravated Assault - Domestic Violence (DV)","res":""}]}},{"type":"Feature","geometry":{"type":"Polygon","coordinates":[[[-110.88075937897634,32.23409187599652],[-110.87951945862214,32.235748826675064],[-110.8806038225544,32.23746996299669],[-110.8829281400516,32.23753412841445],[-110.8841680254202,32.235877160623936],[-110.88308362828006,32.234156044527694],[-110.88075937897634,32.23409187599652],[-110.88075937897634,32.23409187599652]]]},"properties":{"h3":"8948e855093ffff","count":14,"c3":0,"c6":0,"c12":2,"c24":14,"score":6.1,"risk":27,"peakDay":"Tuesday","peakTime":"night","hood":"Duffy","bk12":{"morning":1,"afternoon":0,"evening":0,"night":1},"bk24":{"morning":5,"afternoon":4,"evening":0,"night":5},"recent":[{"d":"2025-09-02","day":"Tue","time":"09:28","desc":"Robbery - Miscellaneous","res":""},{"d":"2025-08-23","day":"Sat","time":"02:22","desc":"Aggravated Assault - Domestic Violence (DV)","res":""},{"d":"2025-07-22","day":"Tue","time":"10:17","desc":"Robbery - Convenience Stores","res":""},{"d":"2025-07-13","day":"Sun","time":"06:13","desc":"Aggravated Assault - Other","res":""},{"d":"2025-06-27","day":"Fri","time":"04:46","desc":"Aggravated Assault - Other","res":""},{"d":"2025-06-15","day":"Sun","time":"15:02","desc":"Aggravated Assault - Other","res":""},{"d":"2025-06-14","day":"Sat","time":"11:24","desc":"Aggravated Assault - Other","res":""},{"d":"2025-06-09","day":"Mon","time":"15:28","desc":"Aggravated Assault - Domestic Violence (DV)","res":""},{"d":"2025-06-09","day":"Mon","time":"15:28","desc":"Aggravated Assault - Domestic Violence (DV)","res":""},{"d":"2025-06-03","day":"Tue","time":"04:50","desc":"Aggravated Assault - Domestic Violence (DV)","res":""}]}},{"type":"Feature","geometry":{"type":"Polygon","coordinates":[[[-110.97150867339973,32.15707135391365],[-110.97027101946561,32.158729633443244],[-110.97135588475562,32.1604505732373],[-110.97367843688784,32.16051321313459],[-110.97491605561748,32.158854916543305],[-110.97383115742224,32.15713399711649],[-110.97150867339973,32.15707135391365],[-110.97150867339973,32.15707135391365]]]},"properties":{"h3":"8948e856447ffff","count":1,"c3":0,"c6":0,"c12":0,"c24":1,"score":0.3,"risk":1,"peakDay":"Thursday","peakTime":"morning","hood":"Sunnyside","bk12":{"morning":0,"afternoon":0,"evening":0,"night":0},"bk24":{"morning":1,"afternoon":0,"evening":0,"night":0},"recent":[{"d":"2025-01-16","day":"Thu","time":"09:00","desc":"Aggravated Assault - Peace Officer (Non-Serious Injury)","res":""}]}},{"type":"Feature","geometry":{"type":"Polygon","coordinates":[[[-110.99420616274097,32.27268246823955],[-110.9929676343039,32.27434013274706],[-110.99405388857484,32.27605983175177],[-110.99637870419183,32.27612184592427],[-110.99761719728758,32.27446416444266],[-110.99653091011054,32.27274448576275],[-110.99420616274097,32.27268246823955],[-110.99420616274097,32.27268246823955]]]},"properties":{"h3":"8948e854c6fffff","count":4,"c3":0,"c6":0,"c12":1,"c24":4,"score":1.7,"risk":7,"peakDay":"Thursday","peakTime":"morning","hood":"Flowing Wells","bk12":{"morning":1,"afternoon":0,"evening":0,"night":0},"bk24":{"morning":2,"afternoon":0,"evening":0,"night":2},"recent":[{"d":"2025-08-18","day":"Mon","time":"06:01","desc":"Robbery - Miscellaneous","res":""},{"d":"2025-05-21","day":"Wed","time":"03:33","desc":"Aggravated Assault - Other","res":""},{"d":"2025-04-17","day":"Thu","time":"01:00","desc":"Aggravated Assault - Other","res":""},{"d":"2025-01-16","day":"Thu","time":"10:52","desc":"Aggravated Assault - Other","res":""}]}},{"type":"Feature","geometry":{"type":"Polygon","coordinates":[[[-110.958721160071,32.28525640014002],[-110.95748193133305,32.286913667407106],[-110.9585678262939,32.288633597984585],[-110.96089298301028,32.28869624101539],[-110.96213217650318,32.28703895674463],[-110.96104624852762,32.285319046446816],[-110.958721160071,32.28525640014002],[-110.958721160071,32.28525640014002]]]},"properties":{"h3":"8948e855dafffff","count":6,"c3":0,"c6":0,"c12":2,"c24":6,"score":2.6,"risk":12,"peakDay":"Wednesday","peakTime":"afternoon","hood":"Campus Farm","bk12":{"morning":1,"afternoon":1,"evening":0,"night":0},"bk24":{"morning":2,"afternoon":2,"evening":0,"night":2},"recent":[{"d":"2025-11-01","day":"Sat","time":"13:26","desc":"Robbery - Miscellaneous","res":""},{"d":"2025-08-20","day":"Wed","time":"10:21","desc":"Aggravated Assault - Other","res":""},{"d":"2025-07-23","day":"Wed","time":"04:00","desc":"Robbery - Convenience Stores","res":""},{"d":"2025-04-06","day":"Sun","time":"22:11","desc":"Aggravated Assault - Domestic Violence (DV)","res":""},{"d":"2025-01-17","day":"Fri","time":"05:05","desc":"Robbery - Highway","res":""},{"d":"2025-01-16","day":"Thu","time":"13:13","desc":"Aggravated Assault - Domestic Violence (DV)","res":""}]}},{"type":"Feature","geometry":{"type":"Polygon","coordinates":[[[-110.83954922142401,32.21941642848794],[-110.83830880476168,32.2210731230363],[-110.83939247428087,32.222794784828295],[-110.84171659378214,32.2228597318826],[-110.84295697558856,32.22120302017196],[-110.84187327275254,32.21948137856937],[-110.83954922142401,32.21941642848794],[-110.83954922142401,32.21941642848794]]]},"properties":{"h3":"8948e850ba3ffff","count":9,"c3":0,"c6":0,"c12":1,"c24":9,"score":3.9,"risk":17,"peakDay":"Friday","peakTime":"afternoon","hood":"Palo Verde Park","bk12":{"morning":1,"afternoon":0,"evening":0,"night":0},"bk24":{"morning":1,"afternoon":6,"evening":2,"night":0},"recent":[{"d":"2025-08-22","day":"Fri","time":"10:00","desc":"Aggravated Assault - Other","res":""},{"d":"2025-07-25","day":"Fri","time":"16:24","desc":"Aggravated Assault - Other","res":""},{"d":"2025-07-12","day":"Sat","time":"16:51","desc":"Robbery - Convenience Stores","res":""},{"d":"2025-06-27","day":"Fri","time":"16:00","desc":"Robbery - Convenience Stores","res":""},{"d":"2025-06-27","day":"Fri","time":"16:00","desc":"Robbery - Convenience Stores","res":""},{"d":"2025-04-24","day":"Thu","time":"19:00","desc":"Aggravated Assault - Other","res":""},{"d":"2025-04-08","day":"Tue","time":"16:30","desc":"Robbery - Convenience Stores","res":""},{"d":"2025-03-22","day":"Sat","time":"16:19","desc":"Aggravated Assault - Other","res":""},{"d":"2025-01-16","day":"Thu","time":"20:20","desc":"Aggravated Assault - Other","res":""}]}},{"type":"Feature","geometry":{"type":"Polygon","coordinates":[[[-110.85802329459119,32.12181051188822],[-110.85678421499648,32.12346805194337],[-110.85786722160037,32.125190391713666],[-110.86018934101011,32.12525517116337],[-110.86142838575354,32.12359761391028],[-110.8603453459414,32.121875294405484],[-110.85802329459119,32.12181051188822],[-110.85802329459119,32.12181051188822]]]},"properties":{"h3":"8948e852c77ffff","count":1,"c3":0,"c6":0,"c12":0,"c24":1,"score":0.3,"risk":1,"peakDay":"Thursday","peakTime":"evening","hood":"","bk12":{"morning":0,"afternoon":0,"evening":0,"night":0},"bk24":{"morning":0,"afternoon":0,"evening":1,"night":0},"recent":[{"d":"2025-01-16","day":"Thu","time":"21:31","desc":"Aggravated Assault - Domestic Violence (DV)","res":""}]}},{"type":"Feature","geometry":{"type":"Polygon","coordinates":[[[-110.95232641442117,32.1954582697403],[-110.95108804492754,32.19711611482967],[-110.95217301173797,32.198836902321624],[-110.95449638102666,32.198899824399774],[-110.95573471534853,32.19724196225035],[-110.95464971555636,32.195521195082904],[-110.95232641442117,32.1954582697403],[-110.95232641442117,32.1954582697403]]]},"properties":{"h3":"8948e856277ffff","count":1,"c3":0,"c6":0,"c12":0,"c24":1,"score":0.3,"risk":1,"peakDay":"Friday","peakTime":"morning","hood":"South Park","bk12":{"morning":0,"afternoon":0,"evening":0,"night":0},"bk24":{"morning":1,"afternoon":0,"evening":0,"night":0},"recent":[{"d":"2025-01-17","day":"Fri","time":"09:45","desc":"Aggravated Assault - Domestic Violence (DV)","res":""}]}},{"type":"Feature","geometry":{"type":"Polygon","coordinates":[[[-110.97913745081273,32.21985958826994],[-110.97789924733,32.22151749458336],[-110.97898480343761,32.22323780780077],[-110.98130859594998,32.22330019436571],[-110.98254676416771,32.22164227103341],[-110.98146117514096,32.219921978155114],[-110.97913745081273,32.21985958826994],[-110.97913745081273,32.21985958826994]]]},"properties":{"h3":"8948e85458fffff","count":11,"c3":0,"c6":0,"c12":2,"c24":11,"score":4.8,"risk":22,"peakDay":"Thursday","peakTime":"morning","hood":"Downtown","bk12":{"morning":2,"afternoon":0,"evening":0,"night":0},"bk24":{"morning":7,"afternoon":2,"evening":1,"night":1},"recent":[{"d":"2025-11-27","day":"Thu","time":"09:26","desc":"Robbery - Miscellaneous","res":""},{"d":"2025-11-26","day":"Wed","time":"06:11","desc":"Robbery - Service Station","res":""},{"d":"2025-08-02","day":"Sat","time":"20:35","desc":"Robbery - Service Station","res":""},{"d":"2025-07-13","day":"Sun","time":"09:20","desc":"Aggravated Assault - Domestic Violence (DV)","res":""},{"d":"2025-07-08","day":"Tue","time":"04:35","desc":"Aggravated Assault - Peace Officer (Non-Serious Injury)","res":""},{"d":"2025-05-29","day":"Thu","time":"10:50","desc":"Aggravated Assault - Other","res":""},{"d":"2025-02-26","day":"Wed","time":"16:00","desc":"Aggravated Assault - Other","res":""},{"d":"2025-02-18","day":"Tue","time":"09:22","desc":"Aggravated Assault - Other","res":""},{"d":"2025-02-18","day":"Tue","time":"09:22","desc":"Aggravated Assault - Other","res":""},{"d":"2025-02-13","day":"Thu","time":"14:48","desc":"Aggravated Assault - Other","res":""}]}},{"type":"Feature","geometry":{"type":"Polygon","coordinates":[[[-110.80295199120853,32.255596516122814],[-110.80171060724398,32.25725263394927],[-110.80279411985599,32.25897432749671],[-110.80511904987736,32.25903988308859],[-110.8063603990717,32.25738374808268],[-110.80527685301779,32.2556620746644],[-110.80295199120853,32.255596516122814],[-110.80295199120853,32.255596516122814]]]},"properties":{"h3":"8948e842003ffff","count":1,"c3":0,"c6":0,"c12":0,"c24":1,"score":0.3,"risk":1,"peakDay":"Friday","peakTime":"afternoon","hood":"Bear Canyon","bk12":{"morning":0,"afternoon":0,"evening":0,"night":0},"bk24":{"morning":0,"afternoon":1,"evening":0,"night":0},"recent":[{"d":"2025-01-17","day":"Fri","time":"15:47","desc":"Aggravated Assault - Domestic Violence (DV)","res":""}]}},{"type":"Feature","geometry":{"type":"Polygon","coordinates":[[[-110.82172554357588,32.22737378780511],[-110.82048475935744,32.22903027022712],[-110.82156826212633,32.23075203289472],[-110.82389258248877,32.23081729297476],[-110.82513333189885,32.229160793376714],[-110.82404979575777,32.22743905087472],[-110.82172554357588,32.22737378780511],[-110.82172554357588,32.22737378780511]]]},"properties":{"h3":"8948e850b7bffff","count":10,"c3":0,"c6":0,"c12":5,"c24":10,"score":4.7,"risk":21,"peakDay":"Wednesday","peakTime":"afternoon","hood":"Carriage Park","bk12":{"morning":4,"afternoon":1,"evening":0,"night":0},"bk24":{"morning":4,"afternoon":4,"evening":2,"night":0},"recent":[{"d":"2025-12-31","day":"Wed","time":"13:52","desc":"Aggravated Assault - Domestic Violence (DV)","res":""},{"d":"2025-12-11","day":"Thu","time":"05:48","desc":"Aggravated Assault - Peace Officer (Non-Serious Injury)","res":""},{"d":"2025-10-08","day":"Wed","time":"08:48","desc":"Aggravated Assault - Domestic Violence (DV)","res":""},{"d":"2025-10-08","day":"Wed","time":"08:48","desc":"Aggravated Assault - Domestic Violence (DV)","res":""},{"d":"2025-10-06","day":"Mon","time":"09:33","desc":"Aggravated Assault - Domestic Violence (DV)","res":""},{"d":"2025-05-24","day":"Sat","time":"13:16","desc":"Aggravated Assault - Other","res":""},{"d":"2025-02-22","day":"Sat","time":"17:00","desc":"Aggravated Assault - Domestic Violence (DV)","res":""},{"d":"2025-02-05","day":"Wed","time":"12:07","desc":"Aggravated Assault - Domestic Violence (DV)","res":""},{"d":"2025-02-05","day":"Wed","time":"12:07","desc":"Aggravated Assault - Domestic Violence (DV)","res":""},{"d":"2025-01-17","day":"Fri","time":"17:12","desc":"Aggravated Assault - Domestic Violence (DV)","res":""}]}},{"type":"Feature","geometry":{"type":"Polygon","coordinates":[[[-110.94274393937803,32.25269889297245],[-110.94150480492878,32.25435625192484],[-110.94259017925116,32.25607662611795],[-110.94491472106736,32.256139621077494],[-110.94615382033815,32.254482245087],[-110.94506841297408,32.25276189117515],[-110.94274393937803,32.25269889297245],[-110.94274393937803,32.25269889297245]]]},"properties":{"h3":"8948e8543c3ffff","count":2,"c3":0,"c6":0,"c12":0,"c24":2,"score":0.7,"risk":3,"peakDay":"Friday","peakTime":"evening","hood":"Samos","bk12":{"morning":0,"afternoon":0,"evening":0,"night":0},"bk24":{"morning":1,"afternoon":0,"evening":1,"night":0},"recent":[{"d":"2025-02-08","day":"Sat","time":"07:40","desc":"Robbery - Miscellaneous","res":""},{"d":"2025-01-17","day":"Fri","time":"18:32","desc":"Robbery - Miscellaneous","res":""}]}},{"type":"Feature","geometry":{"type":"Polygon","coordinates":[[[-110.84111618826464,32.18562992749871],[-110.8398761582307,32.187286873778156],[-110.8409595328532,32.18900881761095],[-110.84328297080552,32.18907379495385],[-110.84452296599933,32.1874168314949],[-110.84343955808387,32.18569490787261],[-110.84111618826464,32.18562992749871],[-110.84111618826464,32.18562992749871]]]},"properties":{"h3":"8948e850d5bffff","count":2,"c3":0,"c6":0,"c12":0,"c24":2,"score":0.7,"risk":3,"peakDay":"Saturday","peakTime":"night","hood":"Stella Mann","bk12":{"morning":0,"afternoon":0,"evening":0,"night":0},"bk24":{"morning":0,"afternoon":0,"evening":0,"night":2},"recent":[{"d":"2025-04-03","day":"Thu","time":"00:31","desc":"Aggravated Assault - Other","res":""},{"d":"2025-01-18","day":"Sat","time":"01:10","desc":"Aggravated Assault - Domestic Violence (DV)","res":""}]}},{"type":"Feature","geometry":{"type":"Polygon","coordinates":[[[-110.9105062405735,32.19431831442617],[-110.90926721832237,32.19597580428823],[-110.91035161116993,32.197697004933204],[-110.91267505937185,32.19776069543591],[-110.91391404657429,32.19610318847019],[-110.91282962062638,32.19438200810549],[-110.9105062405735,32.19431831442617],[-110.9105062405735,32.19431831442617]]]},"properties":{"h3":"8948e857023ffff","count":1,"c3":0,"c6":0,"c12":0,"c24":1,"score":0.3,"risk":1,"peakDay":"Saturday","peakTime":"morning","hood":"Julia Keen","bk12":{"morning":0,"afternoon":0,"evening":0,"night":0},"bk24":{"morning":1,"afternoon":0,"evening":0,"night":0},"recent":[{"d":"2025-01-18","day":"Sat","time":"05:12","desc":"Robbery - Carjacking","res":""}]}},{"type":"Feature","geometry":{"type":"Polygon","coordinates":[[[-110.95653736355364,32.25645395429016],[-110.95529840848991,32.25811140658256],[-110.95638400376924,32.259831614223046],[-110.95870858711967,32.25989434927731],[-110.95994750696224,32.25823687996307],[-110.9588618786784,32.25651669261646],[-110.95653736355364,32.25645395429016],[-110.95653736355364,32.25645395429016]]]},"properties":{"h3":"8948e8543bbffff","count":6,"c3":0,"c6":0,"c12":0,"c24":6,"score":2.5,"risk":11,"peakDay":"Thursday","peakTime":"morning","hood":"Hedrick Acres","bk12":{"morning":0,"afternoon":0,"evening":0,"night":0},"bk24":{"morning":3,"afternoon":1,"evening":1,"night":1},"recent":[{"d":"2025-08-01","day":"Fri","time":"07:18","desc":"Robbery - Highway","res":""},{"d":"2025-07-04","day":"Fri","time":"05:00","desc":"Aggravated Assault - Domestic Violence (DV)","res":""},{"d":"2025-05-11","day":"Sun","time":"17:00","desc":"Aggravated Assault - Domestic Violence (DV)","res":""},{"d":"2025-03-27","day":"Thu","time":"23:00","desc":"Aggravated Assault - Domestic Violence (DV)","res":""},{"d":"2025-03-27","day":"Thu","time":"12:55","desc":"Aggravated Assault - Other","res":""},{"d":"2025-01-18","day":"Sat","time":"07:05","desc":"Aggravated Assault - Domestic Violence (DV)","res":""}]}},{"type":"Feature","geometry":{"type":"Polygon","coordinates":[[[-111.0020264338454,32.1764982424165],[-111.00078905863697,32.17815665045545],[-111.0018745158049,32.17987712471876],[-111.00419738101333,32.17993917055457],[-111.00543472091627,32.178280745496245],[-111.00434923091917,32.17656029162156],[-111.0020264338454,32.1764982424165],[-111.0020264338454,32.1764982424165]]]},"properties":{"h3":"8948e856567ffff","count":12,"c3":0,"c6":0,"c12":5,"c24":12,"score":5.6,"risk":25,"peakDay":"Monday","peakTime":"afternoon","hood":"Santa Cruz Southwest","bk12":{"morning":1,"afternoon":3,"evening":1,"night":0},"bk24":{"morning":4,"afternoon":5,"evening":2,"night":1},"recent":[{"d":"2025-12-01","day":"Mon","time":"15:23","desc":"Aggravated Assault - Domestic Violence (DV)","res":""},{"d":"2025-12-01","day":"Mon","time":"15:23","desc":"Aggravated Assault - Domestic Violence (DV)","res":""},{"d":"2025-10-08","day":"Wed","time":"21:11","desc":"Robbery - Convenience Stores","res":""},{"d":"2025-09-11","day":"Thu","time":"15:58","desc":"Aggravated Assault - Other","res":""},{"d":"2025-08-23","day":"Sat","time":"08:55","desc":"Robbery - Miscellaneous","res":""},{"d":"2025-07-06","day":"Sun","time":"08:06","desc":"Aggravated Assault - Other","res":""},{"d":"2025-07-01","day":"Tue","time":"01:50","desc":"Aggravated Assault - Domestic Violence (DV)","res":""},{"d":"2025-05-12","day":"Mon","time":"20:47","desc":"Aggravated Assault - Other","res":""},{"d":"2025-04-28","day":"Mon","time":"05:53","desc":"Aggravated Assault - Domestic Violence (DV)","res":""},{"d":"2025-04-23","day":"Wed","time":"15:29","desc":"Aggravated Assault - Other","res":""}]}},{"type":"Feature","geometry":{"type":"Polygon","coordinates":[[[-110.96987253155316,32.27033998129167],[-110.96863364024058,32.271997451190394],[-110.96971954528425,32.27371740658387],[-110.97204437461772,32.27377987177855],[-110.97328323066165,32.27212238487936],[-110.97219729264364,32.27040244978605],[-110.96987253155316,32.27033998129167],[-110.96987253155316,32.27033998129167]]]},"properties":{"h3":"8948e854e1bffff","count":1,"c3":0,"c6":0,"c12":0,"c24":1,"score":0.3,"risk":1,"peakDay":"Saturday","peakTime":"afternoon","hood":"Amphi","bk12":{"morning":0,"afternoon":0,"evening":0,"night":0},"bk24":{"morning":0,"afternoon":1,"evening":0,"night":0},"recent":[{"d":"2025-01-18","day":"Sat","time":"12:28","desc":"Aggravated Assault - Domestic Violence (DV)","res":""}]}},{"type":"Feature","geometry":{"type":"Polygon","coordinates":[[[-110.95385994747622,32.161669017181616],[-110.95262196353191,32.16332711182976],[-110.95370663455883,32.165048181563684],[-110.95602932249105,32.1651111363039],[-110.95726727127963,32.163453024578466],[-110.9561825672946,32.16173197519018],[-110.95385994747622,32.161669017181616],[-110.95385994747622,32.161669017181616]]]},"properties":{"h3":"8948e856613ffff","count":14,"c3":0,"c6":0,"c12":3,"c24":14,"score":6.2,"risk":28,"peakDay":"Saturday","peakTime":"evening","hood":"Cherry Avenue","bk12":{"morning":1,"afternoon":2,"evening":0,"night":0},"bk24":{"morning":3,"afternoon":3,"evening":8,"night":0},"recent":[{"d":"2025-12-20","day":"Sat","time":"11:46","desc":"Aggravated Assault - Other","res":""},{"d":"2025-11-01","day":"Sat","time":"15:00","desc":"Aggravated Assault - Domestic Violence (DV)","res":""},{"d":"2025-10-11","day":"Sat","time":"13:57","desc":"Aggravated Assault - Domestic Violence (DV)","res":""},{"d":"2025-07-04","day":"Fri","time":"21:43","desc":"Aggravated Assault - Domestic Violence (DV)","res":""},{"d":"2025-07-04","day":"Fri","time":"21:43","desc":"Aggravated Assault - Domestic Violence (DV)","res":""},{"d":"2025-07-01","day":"Tue","time":"07:04","desc":"Aggravated Assault - Domestic Violence (DV)","res":""},{"d":"2025-06-02","day":"Mon","time":"15:00","desc":"Aggravated Assault - Other","res":""},{"d":"2025-05-29","day":"Thu","time":"17:00","desc":"Aggravated Assault - Domestic Violence (DV)","res":""},{"d":"2025-05-29","day":"Thu","time":"17:00","desc":"Aggravated Assault - Domestic Violence (DV)","res":""},{"d":"2025-04-13","day":"Sun","time":"17:22","desc":"Aggravated Assault - Domestic Violence (DV)","res":""}]}},{"type":"Feature","geometry":{"type":"Polygon","coordinates":[[[-110.94099993467216,32.137634602130916],[-110.93976200293305,32.13929275274372],[-110.94084627603246,32.141014156968936],[-110.94316851385494,32.141077390235665],[-110.94440641049047,32.139419222518924],[-110.94332210440999,32.13769783863943],[-110.94099993467216,32.137634602130916],[-110.94099993467216,32.137634602130916]]]},"properties":{"h3":"8948e8cd827ffff","count":8,"c3":0,"c6":0,"c12":2,"c24":8,"score":3.5,"risk":16,"peakDay":"Thursday","peakTime":"evening","hood":"","bk12":{"morning":1,"afternoon":0,"evening":1,"night":0},"bk24":{"morning":3,"afternoon":1,"evening":4,"night":0},"recent":[{"d":"2025-11-08","day":"Sat","time":"19:00","desc":"Aggravated Assault - Domestic Violence (DV)","res":""},{"d":"2025-10-11","day":"Sat","time":"10:31","desc":"Robbery - Miscellaneous","res":""},{"d":"2025-06-05","day":"Thu","time":"21:42","desc":"Robbery - Carjacking","res":""},{"d":"2025-06-05","day":"Thu","time":"21:42","desc":"Robbery - Carjacking","res":""},{"d":"2025-06-05","day":"Thu","time":"21:42","desc":"Robbery - Carjacking","res":""},{"d":"2025-02-16","day":"Sun","time":"14:41","desc":"Aggravated Assault - Domestic Violence (DV)","res":""},{"d":"2025-01-27","day":"Mon","time":"10:02","desc":"Aggravated Assault - Other","res":""},{"d":"2025-01-19","day":"Sun","time":"05:35","desc":"Aggravated Assault - Domestic Violence (DV)","res":""}]}},{"type":"Feature","geometry":{"type":"Polygon","coordinates":[[[-110.97420037290574,32.251856895630354],[-110.97296174842337,32.253514533766136],[-110.97404753824816,32.25523461141222],[-110.97637198550964,32.255297030607174],[-110.97761057472196,32.25363937546516],[-110.97652475194575,32.251919318134505],[-110.97420037290574,32.251856895630354],[-110.97420037290574,32.251856895630354]]]},"properties":{"h3":"8948e85410fffff","count":5,"c3":0,"c6":0,"c12":0,"c24":5,"score":2,"risk":9,"peakDay":"Tuesday","peakTime":"afternoon","hood":"Balboa Heights","bk12":{"morning":0,"afternoon":0,"evening":0,"night":0},"bk24":{"morning":1,"afternoon":3,"evening":1,"night":0},"recent":[{"d":"2025-08-08","day":"Fri","time":"12:48","desc":"Robbery - Highway","res":""},{"d":"2025-06-14","day":"Sat","time":"21:28","desc":"Aggravated Assault - Domestic Violence (DV)","res":""},{"d":"2025-04-01","day":"Tue","time":"13:15","desc":"Aggravated Assault - Drive-By","res":""},{"d":"2025-02-18","day":"Tue","time":"16:27","desc":"Aggravated Assault - Other","res":""},{"d":"2025-01-19","day":"Sun","time":"08:36","desc":"Aggravated Assault - Other","res":""}]}},{"type":"Feature","geometry":{"type":"Polygon","coordinates":[[[-110.95493288671867,32.138013382153694],[-110.95369517251764,32.13967165081709],[-110.95477963659059,32.141392917467755],[-110.95710184780906,32.1414558950946],[-110.95833952686556,32.1397976093418],[-110.957255029851,32.13807636305161],[-110.95493288671867,32.138013382153694],[-110.95493288671867,32.138013382153694]]]},"properties":{"h3":"8948e8cd913ffff","count":8,"c3":0,"c6":0,"c12":1,"c24":8,"score":3.4,"risk":15,"peakDay":"Monday","peakTime":"morning","hood":"","bk12":{"morning":1,"afternoon":0,"evening":0,"night":0},"bk24":{"morning":5,"afternoon":1,"evening":0,"night":2},"recent":[{"d":"2025-09-26","day":"Fri","time":"06:58","desc":"Robbery - Convenience Stores","res":""},{"d":"2025-07-28","day":"Mon","time":"15:30","desc":"Aggravated Assault - Other","res":""},{"d":"2025-06-16","day":"Mon","time":"10:13","desc":"Aggravated Assault - Domestic Violence (DV)","res":""},{"d":"2025-06-16","day":"Mon","time":"10:13","desc":"Aggravated Assault - Domestic Violence (DV)","res":""},{"d":"2025-04-28","day":"Mon","time":"02:01","desc":"Aggravated Assault - Other","res":""},{"d":"2025-04-28","day":"Mon","time":"02:01","desc":"Aggravated Assault - Other","res":""},{"d":"2025-01-19","day":"Sun","time":"08:58","desc":"Aggravated Assault - Other","res":""},{"d":"2025-01-19","day":"Sun","time":"08:58","desc":"Aggravated Assault - Other","res":""}]}},{"type":"Feature","geometry":{"type":"Polygon","coordinates":[[[-110.97740783414662,32.180912506722734],[-110.97617001945585,32.182570670972275],[-110.97725518730407,32.18429134435204],[-110.97957820274789,32.18435383312259],[-110.98081598220242,32.18269565183073],[-110.97973078145228,32.18097499881072],[-110.97740783414662,32.180912506722734],[-110.97740783414662,32.180912506722734]]]},"properties":{"h3":"8948e85600fffff","count":3,"c3":0,"c6":0,"c12":2,"c24":3,"score":1.6,"risk":7,"peakDay":"Sunday","peakTime":"afternoon","hood":"Sunset Villa","bk12":{"morning":1,"afternoon":0,"evening":0,"night":1},"bk24":{"morning":1,"afternoon":1,"evening":0,"night":1},"recent":[{"d":"2025-12-02","day":"Tue","time":"03:27","desc":"Aggravated Assault - Other","res":""},{"d":"2025-11-30","day":"Sun","time":"11:01","desc":"Aggravated Assault - Other","res":""},{"d":"2025-01-19","day":"Sun","time":"12:15","desc":"Robbery - Highway","res":""}]}},{"type":"Feature","geometry":{"type":"Polygon","coordinates":[[[-110.87316350705909,32.24741117758203],[-110.87192332346618,32.24906796775965],[-110.87300770956838,32.250789059426594],[-110.87533231250356,32.25085334070639],[-110.87657246112514,32.2491965334164],[-110.87548804178574,32.24747546195904],[-110.87316350705909,32.24741117758203],[-110.87316350705909,32.24741117758203]]]},"properties":{"h3":"8948e85500bffff","count":8,"c3":0,"c6":0,"c12":2,"c24":8,"score":3.6,"risk":16,"peakDay":"Tuesday","peakTime":"afternoon","hood":"","bk12":{"morning":0,"afternoon":1,"evening":1,"night":0},"bk24":{"morning":3,"afternoon":3,"evening":1,"night":1},"recent":[{"d":"2025-12-04","day":"Thu","time":"17:08","desc":"Aggravated Assault - Domestic Violence (DV)","res":""},{"d":"2025-10-21","day":"Tue","time":"12:50","desc":"Aggravated Assault - Domestic Violence (DV)","res":""},{"d":"2025-08-14","day":"Thu","time":"15:17","desc":"Aggravated Assault - Domestic Violence (DV)","res":""},{"d":"2025-07-19","day":"Sat","time":"04:32","desc":"Robbery - Miscellaneous","res":""},{"d":"2025-05-08","day":"Thu","time":"11:19","desc":"Aggravated Assault - Domestic Violence (DV)","res":""},{"d":"2025-03-11","day":"Tue","time":"06:24","desc":"Robbery - Convenience Stores","res":""},{"d":"2025-01-21","day":"Tue","time":"11:06","desc":"Aggravated Assault - Domestic Violence (DV)","res":""},{"d":"2025-01-19","day":"Sun","time":"12:15","desc":"Robbery - Highway","res":""}]}},{"type":"Feature","geometry":{"type":"Polygon","coordinates":[[[-110.87162467459125,32.20508657025001],[-110.87038491987889,32.2067436458463],[-110.87146888885142,32.20846512576235],[-110.87379264575651,32.208529509849996],[-110.87503236552757,32.20687241711623],[-110.87394836333776,32.20515095743239],[-110.87162467459125,32.20508657025001],[-110.87162467459125,32.20508657025001]]]},"properties":{"h3":"8948e85727bffff","count":5,"c3":0,"c6":0,"c12":1,"c24":5,"score":2.2,"risk":10,"peakDay":"Sunday","peakTime":"morning","hood":"Colonia Del Valle","bk12":{"morning":0,"afternoon":0,"evening":0,"night":1},"bk24":{"morning":3,"afternoon":1,"evening":0,"night":1},"recent":[{"d":"2025-11-16","day":"Sun","time":"22:48","desc":"Aggravated Assault - Domestic Violence (DV)","res":""},{"d":"2025-07-11","day":"Fri","time":"06:08","desc":"Robbery - Service Station","res":""},{"d":"2025-05-23","day":"Fri","time":"11:50","desc":"Robbery - Highway","res":""},{"d":"2025-02-09","day":"Sun","time":"10:03","desc":"Robbery - Commercial House","res":""},{"d":"2025-01-19","day":"Sun","time":"15:38","desc":"Aggravated Assault - Other","res":""}]}},{"type":"Feature","geometry":{"type":"Polygon","coordinates":[[[-110.8567451492009,32.224969992821194],[-110.85550494559439,32.226626798368954],[-110.8565888996379,32.22834824608535],[-110.85891309056193,32.22841286804931],[-110.86015325925881,32.22675604535992],[-110.85906927194421,32.22503461784829],[-110.8567451492009,32.224969992821194],[-110.8567451492009,32.224969992821194]]]},"properties":{"h3":"8948e855683ffff","count":12,"c3":0,"c6":0,"c12":2,"c24":12,"score":4.9,"risk":22,"peakDay":"Tuesday","peakTime":"morning","hood":"","bk12":{"morning":1,"afternoon":0,"evening":1,"night":0},"bk24":{"morning":5,"afternoon":3,"evening":3,"night":1},"recent":[{"d":"2025-12-10","day":"Wed","time":"09:32","desc":"Robbery - Highway","res":""},{"d":"2025-09-26","day":"Fri","time":"21:40","desc":"Aggravated Assault - Other","res":""},{"d":"2025-07-14","day":"Mon","time":"19:10","desc":"Aggravated Assault - Domestic Violence (DV)","res":""},{"d":"2025-07-01","day":"Tue","time":"04:00","desc":"Aggravated Assault - Domestic Violence (DV)","res":""},{"d":"2025-04-25","day":"Fri","time":"13:11","desc":"Aggravated Assault - Other","res":""},{"d":"2025-03-13","day":"Thu","time":"09:00","desc":"Aggravated Assault - Domestic Violence (DV)","res":""},{"d":"2025-03-13","day":"Thu","time":"09:00","desc":"Aggravated Assault - Domestic Violence (DV)","res":""},{"d":"2025-02-27","day":"Thu","time":"09:43","desc":"Aggravated Assault - Domestic Violence (DV)","res":""},{"d":"2025-01-28","day":"Tue","time":"14:27","desc":"Aggravated Assault - Other","res":""},{"d":"2025-01-24","day":"Fri","time":"13:00","desc":"Aggravated Assault - Domestic Violence (DV)","res":""}]}},{"type":"Feature","geometry":{"type":"Polygon","coordinates":[[[-110.90865009010676,32.23485907715561],[-110.90741060448148,32.236516265480006],[-110.90849535202365,32.2382371264729],[-110.91081961832276,32.23830077888652],[-110.91205906888023,32.23664357347912],[-110.91097428820929,32.23492273274117],[-110.90865009010676,32.23485907715561],[-110.90865009010676,32.23485907715561]]]},"properties":{"h3":"8948e8555abffff","count":18,"c3":0,"c6":0,"c12":4,"c24":18,"score":7.9,"risk":35,"peakDay":"Thursday","peakTime":"morning","hood":"Miramonte","bk12":{"morning":2,"afternoon":1,"evening":0,"night":1},"bk24":{"morning":8,"afternoon":4,"evening":4,"night":2},"recent":[{"d":"2025-12-25","day":"Thu","time":"12:29","desc":"Aggravated Assault - Other","res":""},{"d":"2025-12-25","day":"Thu","time":"04:35","desc":"Aggravated Assault - Other","res":""},{"d":"2025-12-03","day":"Wed","time":"05:53","desc":"Aggravated Assault - Other","res":""},{"d":"2025-09-02","day":"Tue","time":"10:48","desc":"Aggravated Assault - Other","res":""},{"d":"2025-07-17","day":"Thu","time":"18:19","desc":"Robbery - Highway","res":""},{"d":"2025-06-27","day":"Fri","time":"07:47","desc":"Robbery - Miscellaneous","res":""},{"d":"2025-06-02","day":"Mon","time":"11:14","desc":"Robbery - Highway","res":""},{"d":"2025-05-21","day":"Wed","time":"17:55","desc":"Aggravated Assault - Domestic Violence (DV)","res":""},{"d":"2025-05-13","day":"Tue","time":"17:00","desc":"Robbery - Carjacking","res":""},{"d":"2025-04-25","day":"Fri","time":"08:40","desc":"Aggravated Assault - Domestic Violence (DV)","res":""}]}},{"type":"Feature","geometry":{"type":"Polygon","coordinates":[[[-110.97537407484808,32.148717034908955],[-110.97413657167962,32.15037540604115],[-110.97522141070573,32.15209638178129],[-110.97754378579265,32.152158966013126],[-110.97878125375038,32.15050057781857],[-110.97769638183483,32.14877962245461],[-110.97537407484808,32.148717034908955],[-110.97537407484808,32.148717034908955]]]},"properties":{"h3":"8948e8564c7ffff","count":5,"c3":0,"c6":0,"c12":2,"c24":5,"score":2.3,"risk":10,"peakDay":"Monday","peakTime":"night","hood":"Sunnyside","bk12":{"morning":0,"afternoon":0,"evening":2,"night":0},"bk24":{"morning":1,"afternoon":0,"evening":2,"night":2},"recent":[{"d":"2025-12-28","day":"Sun","time":"19:27","desc":"Aggravated Assault - Domestic Violence (DV)","res":""},{"d":"2025-10-26","day":"Sun","time":"17:58","desc":"Aggravated Assault - Other","res":""},{"d":"2025-04-01","day":"Tue","time":"11:00","desc":"Aggravated Assault - Other","res":""},{"d":"2025-01-20","day":"Mon","time":"01:00","desc":"Aggravated Assault - Domestic Violence (DV)","res":""},{"d":"2025-01-20","day":"Mon","time":"01:00","desc":"Aggravated Assault - Domestic Violence (DV)","res":""}]}},{"type":"Feature","geometry":{"type":"Polygon","coordinates":[[[-110.9112857767303,32.25353312623664],[-110.91004613300707,32.255190205512825],[-110.91113109112527,32.25691087584612],[-110.91345572610157,32.256974446656244],[-110.91469533473797,32.25531735031014],[-110.9136103434878,32.253596700223895],[-110.9112857767303,32.25353312623664],[-110.9112857767303,32.25353312623664]]]},"properties":{"h3":"8948e8551b3ffff","count":9,"c3":0,"c6":0,"c12":5,"c24":9,"score":4.6,"risk":21,"peakDay":"Monday","peakTime":"morning","hood":"Dodge Flower","bk12":{"morning":3,"afternoon":1,"evening":1,"night":0},"bk24":{"morning":4,"afternoon":1,"evening":3,"night":1},"recent":[{"d":"2025-12-29","day":"Mon","time":"16:10","desc":"Aggravated Assault - Domestic Violence (DV)","res":""},{"d":"2025-12-28","day":"Sun","time":"11:24","desc":"Aggravated Assault - Other","res":""},{"d":"2025-11-29","day":"Sat","time":"11:23","desc":"Aggravated Assault - Domestic Violence (DV)","res":""},{"d":"2025-11-28","day":"Fri","time":"06:17","desc":"Aggravated Assault - Other","res":""},{"d":"2025-11-25","day":"Tue","time":"19:11","desc":"Aggravated Assault - Other","res":""},{"d":"2025-08-13","day":"Wed","time":"18:05","desc":"Aggravated Assault - Other","res":""},{"d":"2025-02-02","day":"Sun","time":"11:01","desc":"Robbery - Highway","res":""},{"d":"2025-01-29","day":"Wed","time":"17:08","desc":"Aggravated Assault - Other","res":""},{"d":"2025-01-20","day":"Mon","time":"04:46","desc":"Aggravated Assault - Other","res":""}]}},{"type":"Feature","geometry":{"type":"Polygon","coordinates":[[[-110.99703479676525,32.1323814103616],[-110.99579781300808,32.134040082159025],[-110.9968827900141,32.135760991814934],[-110.99920478359861,32.13582320926466],[-111.00044173209176,32.13416452041811],[-110.9993567222673,32.132443631171036],[-110.99703479676525,32.1323814103616],[-110.99703479676525,32.1323814103616]]]},"properties":{"h3":"8948e8ccbd3ffff","count":4,"c3":0,"c6":0,"c12":1,"c24":4,"score":1.8,"risk":8,"peakDay":"Monday","peakTime":"morning","hood":"Midvale Park","bk12":{"morning":0,"afternoon":1,"evening":0,"night":0},"bk24":{"morning":2,"afternoon":2,"evening":0,"night":0},"recent":[{"d":"2025-10-06","day":"Mon","time":"12:47","desc":"Aggravated Assault - Other","res":""},{"d":"2025-07-25","day":"Fri","time":"05:46","desc":"Robbery - Convenience Stores","res":""},{"d":"2025-05-21","day":"Wed","time":"15:39","desc":"Robbery - Convenience Stores","res":""},{"d":"2025-01-20","day":"Mon","time":"09:18","desc":"Robbery - Convenience Stores","res":""}]}},{"type":"Feature","geometry":{"type":"Polygon","coordinates":[[[-110.83869099848398,32.087423578685794],[-110.83745198018384,32.089081189300344],[-110.83853440458739,32.090804013204526],[-110.84085588053746,32.0908692062298],[-110.84209486406355,32.089211578378205],[-110.84101240641652,32.08748877473847],[-110.83869099848398,32.087423578685794],[-110.83869099848398,32.087423578685794]]]},"properties":{"h3":"8948e85252bffff","count":1,"c3":0,"c6":0,"c12":0,"c24":1,"score":0.3,"risk":2,"peakDay":"Monday","peakTime":"evening","hood":"","bk12":{"morning":0,"afternoon":0,"evening":0,"night":0},"bk24":{"morning":0,"afternoon":0,"evening":1,"night":0},"recent":[{"d":"2025-01-20","day":"Mon","time":"19:44","desc":"Aggravated Assault - Domestic Violence (DV)","res":""}]}},{"type":"Feature","geometry":{"type":"Polygon","coordinates":[[[-111.0014845031629,32.266113524246016],[-111.00024616115083,32.26777129830561],[-111.00133245155584,32.269490985215306],[-111.00365711685743,32.26955287772916],[-111.0048954235109,32.267895086699355],[-111.00380910022429,32.266175420126],[-111.0014845031629,32.266113524246016],[-111.0014845031629,32.266113524246016]]]},"properties":{"h3":"8948e854c3bffff","count":3,"c3":0,"c6":0,"c12":2,"c24":3,"score":1.4,"risk":6,"peakDay":"Sunday","peakTime":"night","hood":"Flowing Wells","bk12":{"morning":1,"afternoon":0,"evening":0,"night":1},"bk24":{"morning":1,"afternoon":0,"evening":0,"night":2},"recent":[{"d":"2025-09-07","day":"Sun","time":"22:54","desc":"Aggravated Assault - Other","res":""},{"d":"2025-09-07","day":"Sun","time":"06:17","desc":"Aggravated Assault - Domestic Violence (DV)","res":""},{"d":"2025-01-21","day":"Tue","time":"03:50","desc":"Aggravated Assault - Other","res":""}]}},{"type":"Feature","geometry":{"type":"Polygon","coordinates":[[[-110.98224165610416,32.228398593217904],[-110.98100341076275,32.230056466403205],[-110.98208908867177,32.231776674090746],[-110.98441304484022,32.23183898825553],[-110.98565125490231,32.2301810980593],[-110.98456554407821,32.22846091070928],[-110.98224165610416,32.228398593217904],[-110.98224165610416,32.228398593217904]]]},"properties":{"h3":"8948e854533ffff","count":4,"c3":0,"c6":0,"c12":0,"c24":4,"score":1.5,"risk":7,"peakDay":"Tuesday","peakTime":"morning","hood":"Barrio Hollywood","bk12":{"morning":0,"afternoon":0,"evening":0,"night":0},"bk24":{"morning":2,"afternoon":1,"evening":1,"night":0},"recent":[{"d":"2025-05-18","day":"Sun","time":"14:05","desc":"Robbery - Miscellaneous","res":""},{"d":"2025-02-18","day":"Tue","time":"11:00","desc":"Aggravated Assault - Other","res":""},{"d":"2025-02-10","day":"Mon","time":"17:00","desc":"Aggravated Assault - Other","res":""},{"d":"2025-01-21","day":"Tue","time":"07:55","desc":"Aggravated Assault - Other","res":""}]}},{"type":"Feature","geometry":{"type":"Polygon","coordinates":[[[-110.93016518698163,32.14579833480786],[-110.92892699580958,32.147456334670245],[-110.93001119943973,32.14917777181327],[-110.93233362726146,32.149241188764606],[-110.9335717833567,32.1475831717917],[-110.93248754670992,32.14586175497804],[-110.93016518698163,32.14579833480786],[-110.93016518698163,32.14579833480786]]]},"properties":{"h3":"8948e8cdb8bffff","count":1,"c3":0,"c6":0,"c12":0,"c24":1,"score":0.3,"risk":2,"peakDay":"Tuesday","peakTime":"morning","hood":"","bk12":{"morning":0,"afternoon":0,"evening":0,"night":0},"bk24":{"morning":1,"afternoon":0,"evening":0,"night":0},"recent":[{"d":"2025-01-21","day":"Tue","time":"11:01","desc":"Robbery - Miscellaneous","res":""}]}},{"type":"Feature","geometry":{"type":"Polygon","coordinates":[[[-110.83073945121356,32.18364751583905],[-110.82949927806875,32.18530438543623],[-110.8305824938,32.18702644616116],[-110.83290591600026,32.18709161708857],[-110.83414605433654,32.185434730300166],[-110.83306280528397,32.18371268977567],[-110.83073945121356,32.18364751583905],[-110.83073945121356,32.18364751583905]]]},"properties":{"h3":"8948e850c67ffff","count":2,"c3":0,"c6":0,"c12":0,"c24":2,"score":0.8,"risk":4,"peakDay":"Tuesday","peakTime":"afternoon","hood":"","bk12":{"morning":0,"afternoon":0,"evening":0,"night":0},"bk24":{"morning":0,"afternoon":2,"evening":0,"night":0},"recent":[{"d":"2025-07-23","day":"Wed","time":"14:44","desc":"Aggravated Assault - Other","res":""},{"d":"2025-01-21","day":"Tue","time":"13:57","desc":"Aggravated Assault - Domestic Violence (DV)","res":""}]}},{"type":"Feature","geometry":{"type":"Polygon","coordinates":[[[-110.84652136313683,32.219611150547905],[-110.84528105486777,32.22126790464396],[-110.84636482051273,32.22298949779225],[-110.8486889277268,32.22305431664776],[-110.84992920111944,32.22139754539666],[-110.84884540217736,32.21967597244518],[-110.84652136313683,32.219611150547905],[-110.84652136313683,32.219611150547905]]]},"properties":{"h3":"8948e85096bffff","count":10,"c3":0,"c6":0,"c12":4,"c24":10,"score":4.5,"risk":20,"peakDay":"Tuesday","peakTime":"morning","hood":"Bonanza","bk12":{"morning":1,"afternoon":1,"evening":1,"night":1},"bk24":{"morning":5,"afternoon":2,"evening":2,"night":1},"recent":[{"d":"2025-11-16","day":"Sun","time":"21:00","desc":"Aggravated Assault - Other","res":""},{"d":"2025-10-22","day":"Wed","time":"08:00","desc":"Robbery - Miscellaneous","res":""},{"d":"2025-09-30","day":"Tue","time":"02:03","desc":"Aggravated Assault - Domestic Violence (DV)","res":""},{"d":"2025-09-08","day":"Mon","time":"12:40","desc":"Aggravated Assault - Domestic Violence (DV)","res":""},{"d":"2025-06-05","day":"Thu","time":"11:07","desc":"Aggravated Assault - Other","res":""},{"d":"2025-05-20","day":"Tue","time":"20:17","desc":"Aggravated Assault - Other","res":""},{"d":"2025-03-29","day":"Sat","time":"07:12","desc":"Aggravated Assault - Other","res":""},{"d":"2025-02-14","day":"Fri","time":"11:00","desc":"Aggravated Assault - Other","res":""},{"d":"2025-02-14","day":"Fri","time":"11:00","desc":"Aggravated Assault - Other","res":""},{"d":"2025-01-21","day":"Tue","time":"14:45","desc":"Robbery - Convenience Stores","res":""}]}},{"type":"Feature","geometry":{"type":"Polygon","coordinates":[[[-110.97140190147921,32.23656277484539],[-110.97016339607109,32.23822049656135],[-110.97124900479183,32.23994073680794],[-110.97357315187428,32.24000323501742],[-110.97481162202983,32.23834549628388],[-110.9737259803584,32.2366252763585],[-110.97140190147921,32.23656277484539],[-110.97140190147921,32.23656277484539]]]},"properties":{"h3":"8948e85456fffff","count":6,"c3":0,"c6":0,"c12":2,"c24":6,"score":2.9,"risk":13,"peakDay":"Tuesday","peakTime":"night","hood":"Bronx Park","bk12":{"morning":1,"afternoon":0,"evening":0,"night":1},"bk24":{"morning":2,"afternoon":1,"evening":1,"night":2},"recent":[{"d":"2025-12-30","day":"Tue","time":"01:25","desc":"Aggravated Assault - Other","res":""},{"d":"2025-11-19","day":"Wed","time":"07:25","desc":"Robbery - Highway","res":""},{"d":"2025-07-25","day":"Fri","time":"08:30","desc":"Aggravated Assault - Other","res":""},{"d":"2025-06-22","day":"Sun","time":"02:31","desc":"Aggravated Assault - Other","res":""},{"d":"2025-04-18","day":"Fri","time":"18:00","desc":"Aggravated Assault - Other","res":""},{"d":"2025-01-21","day":"Tue","time":"16:45","desc":"Aggravated Assault - Other","res":""}]}},{"type":"Feature","geometry":{"type":"Polygon","coordinates":[[[-110.96488888787849,32.226240777135935],[-110.96365038915722,32.227898515023796],[-110.96473581347759,32.22961890955042],[-110.96705976948553,32.22968154586903],[-110.96829823297956,32.22802379095115],[-110.96721277569577,32.22630341674474],[-110.96488888787849,32.226240777135935],[-110.96488888787849,32.226240777135935]]]},"properties":{"h3":"8948e854543ffff","count":17,"c3":0,"c6":0,"c12":6,"c24":17,"score":7.8,"risk":35,"peakDay":"Saturday","peakTime":"evening","hood":"West University","bk12":{"morning":4,"afternoon":0,"evening":2,"night":0},"bk24":{"morning":4,"afternoon":1,"evening":12,"night":0},"recent":[{"d":"2025-12-18","day":"Thu","time":"10:00","desc":"Robbery - Commercial House","res":""},{"d":"2025-12-18","day":"Thu","time":"09:49","desc":"Aggravated Assault - Other","res":""},{"d":"2025-12-11","day":"Thu","time":"19:03","desc":"Aggravated Assault - Other","res":""},{"d":"2025-11-03","day":"Mon","time":"21:45","desc":"Aggravated Assault - Other","res":""},{"d":"2025-11-03","day":"Mon","time":"05:00","desc":"Aggravated Assault - Other","res":""},{"d":"2025-08-20","day":"Wed","time":"06:29","desc":"Aggravated Assault - Other","res":""},{"d":"2025-07-27","day":"Sun","time":"19:29","desc":"Aggravated Assault - Other","res":""},{"d":"2025-07-16","day":"Wed","time":"20:31","desc":"Aggravated Assault - Other","res":""},{"d":"2025-06-11","day":"Wed","time":"15:09","desc":"Aggravated Assault - Domestic Violence (DV)","res":""},{"d":"2025-04-05","day":"Sat","time":"19:00","desc":"Aggravated Assault - Other","res":""}]}},{"type":"Feature","geometry":{"type":"Polygon","coordinates":[[[-110.9681013809626,32.15528767716196],[-110.966863691835,32.15694593962536],[-110.96794849462812,32.158666927948275],[-110.97027101946561,32.158729633443244],[-110.97150867339973,32.15707135391365],[-110.9704238376927,32.15535038595533],[-110.9681013809626,32.15528767716196],[-110.9681013809626,32.15528767716196]]]},"properties":{"h3":"8948e856443ffff","count":3,"c3":0,"c6":0,"c12":1,"c24":3,"score":1.4,"risk":6,"peakDay":"Thursday","peakTime":"evening","hood":"Sunnyside","bk12":{"morning":1,"afternoon":0,"evening":0,"night":0},"bk24":{"morning":1,"afternoon":1,"evening":1,"night":0},"recent":[{"d":"2025-11-06","day":"Thu","time":"09:13","desc":"Aggravated Assault - Other","res":""},{"d":"2025-07-17","day":"Thu","time":"14:20","desc":"Aggravated Assault - Drive-By","res":""},{"d":"2025-01-21","day":"Tue","time":"20:00","desc":"Aggravated Assault - Other","res":""}]}},{"type":"Feature","geometry":{"type":"Polygon","coordinates":[[[-110.96021530547559,32.17537406299022],[-110.95897727622352,32.1770321170297],[-110.96006216105116,32.17875300510482],[-110.96238510808153,32.178815818796004],[-110.96362310215098,32.17715774769343],[-110.96253818437555,32.175436879962845],[-110.96021530547559,32.17537406299022],[-110.96021530547559,32.17537406299022]]]},"properties":{"h3":"8948e85662fffff","count":2,"c3":0,"c6":0,"c12":0,"c24":2,"score":0.7,"risk":3,"peakDay":"Wednesday","peakTime":"morning","hood":"Fairgrounds","bk12":{"morning":0,"afternoon":0,"evening":0,"night":0},"bk24":{"morning":2,"afternoon":0,"evening":0,"night":0},"recent":[{"d":"2025-01-22","day":"Wed","time":"07:24","desc":"Robbery - Carjacking","res":""},{"d":"2025-01-22","day":"Wed","time":"07:24","desc":"Robbery - Carjacking","res":""}]}},{"type":"Feature","geometry":{"type":"Polygon","coordinates":[[[-110.85505634566047,32.1860191695538],[-110.85381653233793,32.18767623474829],[-110.85490009905176,32.18939804140696],[-110.85722351234455,32.189462762645896],[-110.85846329078583,32.18780568028636],[-110.8573796908185,32.18608389385302],[-110.85505634566047,32.1860191695538],[-110.85505634566047,32.1860191695538]]]},"properties":{"h3":"8948e850d03ffff","count":9,"c3":0,"c6":0,"c12":4,"c24":9,"score":4.1,"risk":19,"peakDay":"Wednesday","peakTime":"afternoon","hood":"Corbett","bk12":{"morning":0,"afternoon":2,"evening":1,"night":1},"bk24":{"morning":1,"afternoon":5,"evening":2,"night":1},"recent":[{"d":"2025-12-10","day":"Wed","time":"03:59","desc":"Aggravated Assault - Other","res":""},{"d":"2025-10-15","day":"Wed","time":"15:16","desc":"Aggravated Assault - Other","res":""},{"d":"2025-09-18","day":"Thu","time":"12:32","desc":"Aggravated Assault - Other","res":""},{"d":"2025-08-31","day":"Sun","time":"18:17","desc":"Aggravated Assault - Peace Officer (Non-Serious Injury)","res":""},{"d":"2025-06-26","day":"Thu","time":"21:23","desc":"Aggravated Assault - Drive-By","res":""},{"d":"2025-04-14","day":"Mon","time":"14:48","desc":"Robbery - Carjacking","res":""},{"d":"2025-03-23","day":"Sun","time":"14:00","desc":"Aggravated Assault - Domestic Violence (DV)","res":""},{"d":"2025-02-27","day":"Thu","time":"16:06","desc":"Aggravated Assault - Other","res":""},{"d":"2025-01-22","day":"Wed","time":"07:38","desc":"Aggravated Assault - Other","res":""}]}},{"type":"Feature","geometry":{"type":"Polygon","coordinates":[[[-110.95106626620507,32.14636758221857],[-110.94982840127577,32.14802575928349],[-110.95091289151308,32.14974699007858],[-110.95323527963998,32.14981002345736],[-110.95447310943102,32.148151829303735],[-110.95338858623631,32.14643061886014],[-110.95106626620507,32.14636758221857],[-110.95106626620507,32.14636758221857]]]},"properties":{"h3":"8948e8cd973ffff","count":2,"c3":0,"c6":0,"c12":0,"c24":2,"score":0.8,"risk":3,"peakDay":"Wednesday","peakTime":"morning","hood":"Cherry Avenue","bk12":{"morning":0,"afternoon":0,"evening":0,"night":0},"bk24":{"morning":1,"afternoon":0,"evening":0,"night":1},"recent":[{"d":"2025-05-26","day":"Mon","time":"00:00","desc":"Aggravated Assault - Other","res":""},{"d":"2025-01-22","day":"Wed","time":"08:05","desc":"Aggravated Assault - Domestic Violence (DV)","res":""}]}},{"type":"Feature","geometry":{"type":"Polygon","coordinates":[[[-110.90291565935522,32.13151553834465],[-110.90167718796603,32.13317340116093],[-110.90276089093818,32.13489522532346],[-110.90508309838846,32.13495916636147],[-110.90632153478914,32.13330128639869],[-110.90523779873092,32.13157948254448],[-110.90291565935522,32.13151553834465],[-110.90291565935522,32.13151553834465]]]},"properties":{"h3":"8948e8cdad7ffff","count":7,"c3":0,"c6":0,"c12":1,"c24":7,"score":3,"risk":13,"peakDay":"Thursday","peakTime":"night","hood":"","bk12":{"morning":1,"afternoon":0,"evening":0,"night":0},"bk24":{"morning":2,"afternoon":0,"evening":0,"night":5},"recent":[{"d":"2025-08-20","day":"Wed","time":"06:00","desc":"Aggravated Assault - Other","res":""},{"d":"2025-08-09","day":"Sat","time":"02:25","desc":"Aggravated Assault - Other","res":""},{"d":"2025-05-22","day":"Thu","time":"01:52","desc":"Aggravated Assault - Other","res":""},{"d":"2025-05-22","day":"Thu","time":"01:52","desc":"Aggravated Assault - Other","res":""},{"d":"2025-05-22","day":"Thu","time":"01:52","desc":"Aggravated Assault - Other","res":""},{"d":"2025-03-06","day":"Thu","time":"01:15","desc":"Aggravated Assault - Other","res":""},{"d":"2025-01-22","day":"Wed","time":"08:47","desc":"Aggravated Assault - Other","res":""}]}},{"type":"Feature","geometry":{"type":"Polygon","coordinates":[[[-110.90431205057541,32.253342147644915],[-110.90307229806827,32.25499916751098],[-110.90415716031553,32.25671990675648],[-110.90648180822461,32.25678360589633],[-110.90772152566548,32.2551265689531],[-110.90663663026646,32.25340584994726],[-110.90431205057541,32.253342147644915],[-110.90431205057541,32.253342147644915]]]},"properties":{"h3":"8948e85518fffff","count":3,"c3":0,"c6":0,"c12":1,"c24":3,"score":1.4,"risk":6,"peakDay":"Saturday","peakTime":"morning","hood":"Oak Flower","bk12":{"morning":1,"afternoon":0,"evening":0,"night":0},"bk24":{"morning":2,"afternoon":0,"evening":0,"night":1},"recent":[{"d":"2025-10-11","day":"Sat","time":"10:15","desc":"Aggravated Assault - Peace Officer (Non-Serious Injury)","res":""},{"d":"2025-07-12","day":"Sat","time":"03:42","desc":"Aggravated Assault - Domestic Violence (DV)","res":""},{"d":"2025-01-22","day":"Wed","time":"09:00","desc":"Aggravated Assault - Other","res":""}]}},{"type":"Feature","geometry":{"type":"Polygon","coordinates":[[[-110.99368859236283,32.20671995460923],[-110.99245076129145,32.20837807917087],[-110.99353638974813,32.21009836772983],[-110.99585988214919,32.210160511364954],[-110.99709767792103,32.20850236979213],[-110.99601201659424,32.20678210159542],[-110.99368859236283,32.20671995460923],[-110.99368859236283,32.20671995460923]]]},"properties":{"h3":"8948e856ec3ffff","count":1,"c3":0,"c6":0,"c12":0,"c24":1,"score":0.3,"risk":2,"peakDay":"Wednesday","peakTime":"afternoon","hood":"Menlo Park","bk12":{"morning":0,"afternoon":0,"evening":0,"night":0},"bk24":{"morning":0,"afternoon":1,"evening":0,"night":0},"recent":[{"d":"2025-01-22","day":"Wed","time":"13:00","desc":"Aggravated Assault - Domestic Violence (DV)","res":""}]}},{"type":"Feature","geometry":{"type":"Polygon","coordinates":[[[-110.91360497412151,32.20286045332671],[-110.91236590971701,32.20451791014613],[-110.91345042432427,32.20623900575205],[-110.91577403643524,32.20630262425993],[-110.9170130657768,32.20464515034479],[-110.91592851807322,32.20292407501755],[-110.91360497412151,32.20286045332671],[-110.91360497412151,32.20286045332671]]]},"properties":{"h3":"8948e85714bffff","count":2,"c3":0,"c6":0,"c12":0,"c24":2,"score":0.7,"risk":3,"peakDay":"Wednesday","peakTime":"afternoon","hood":"Julia Keen","bk12":{"morning":0,"afternoon":0,"evening":0,"night":0},"bk24":{"morning":0,"afternoon":2,"evening":0,"night":0},"recent":[{"d":"2025-01-22","day":"Wed","time":"14:07","desc":"Aggravated Assault - Domestic Violence (DV)","res":""},{"d":"2025-01-22","day":"Wed","time":"14:07","desc":"Aggravated Assault - Domestic Violence (DV)","res":""}]}},{"type":"Feature","geometry":{"type":"Polygon","coordinates":[[[-110.97659506644759,32.12168035508707],[-110.97535787133788,32.12333892449494],[-110.97644247375112,32.12506012504932],[-110.97876430414766,32.12512273580276],[-110.98000146405954,32.12346414931869],[-110.97891682877564,32.121742969157474],[-110.97659506644759,32.12168035508707],[-110.97659506644759,32.12168035508707]]]},"properties":{"h3":"8948e8ccad7ffff","count":4,"c3":0,"c6":0,"c12":1,"c24":4,"score":1.8,"risk":8,"peakDay":"Wednesday","peakTime":"afternoon","hood":"Elvira","bk12":{"morning":0,"afternoon":0,"evening":0,"night":1},"bk24":{"morning":0,"afternoon":2,"evening":1,"night":1},"recent":[{"d":"2025-11-12","day":"Wed","time":"23:10","desc":"Aggravated Assault - Domestic Violence (DV)","res":""},{"d":"2025-05-07","day":"Wed","time":"14:18","desc":"Robbery - Miscellaneous","res":""},{"d":"2025-05-07","day":"Wed","time":"14:18","desc":"Robbery - Miscellaneous","res":""},{"d":"2025-01-22","day":"Wed","time":"19:02","desc":"Aggravated Assault - Domestic Violence (DV)","res":""}]}},{"type":"Feature","geometry":{"type":"Polygon","coordinates":[[[-110.86837294848242,32.199921969119885],[-110.86713319747935,32.20157905271005],[-110.86821707419337,32.20330060931569],[-110.87054073513697,32.203365062099536],[-110.87178045121144,32.20170796136568],[-110.8706965412738,32.199986424991735],[-110.86837294848242,32.199921969119885],[-110.86837294848242,32.199921969119885]]]},"properties":{"h3":"8948e857243ffff","count":5,"c3":0,"c6":0,"c12":2,"c24":5,"score":2.2,"risk":10,"peakDay":"Wednesday","peakTime":"morning","hood":"Corbett","bk12":{"morning":2,"afternoon":0,"evening":0,"night":0},"bk24":{"morning":3,"afternoon":0,"evening":1,"night":1},"recent":[{"d":"2025-11-05","day":"Wed","time":"09:16","desc":"Robbery - Highway","res":""},{"d":"2025-10-11","day":"Sat","time":"10:25","desc":"Aggravated Assault - Other","res":""},{"d":"2025-04-07","day":"Mon","time":"17:50","desc":"Aggravated Assault - Peace Officer (Non-Serious Injury)","res":""},{"d":"2025-03-13","day":"Thu","time":"07:56","desc":"Aggravated Assault - Domestic Violence (DV)","res":""},{"d":"2025-01-22","day":"Wed","time":"23:00","desc":"Aggravated Assault - Other","res":""}]}},{"type":"Feature","geometry":{"type":"Polygon","coordinates":[[[-110.96515307667057,32.14336572169871],[-110.96391546793618,32.14502404161678],[-110.96500011950708,32.14674516286383],[-110.96732241273084,32.146807943824534],[-110.96855998628762,32.14514960683058],[-110.96747530180116,32.14342850595187],[-110.96515307667057,32.14336572169871],[-110.96515307667057,32.14336572169871]]]},"properties":{"h3":"8948e8cd9afffff","count":3,"c3":0,"c6":0,"c12":0,"c24":3,"score":1.1,"risk":5,"peakDay":"Wednesday","peakTime":"night","hood":"Sunnyside","bk12":{"morning":0,"afternoon":0,"evening":0,"night":0},"bk24":{"morning":0,"afternoon":1,"evening":1,"night":1},"recent":[{"d":"2025-03-12","day":"Wed","time":"12:29","desc":"Aggravated Assault - Domestic Violence (DV)","res":""},{"d":"2025-02-05","day":"Wed","time":"19:17","desc":"Aggravated Assault - Domestic Violence (DV)","res":""},{"d":"2025-01-23","day":"Thu","time":"01:13","desc":"Robbery - Residence","res":""}]}},{"type":"Feature","geometry":{"type":"Polygon","coordinates":[[[-110.83676884546516,32.20411563785682],[-110.83552854864428,32.20577241606012],[-110.83661203737942,32.207494239204706],[-110.83893585625427,32.20755926395088],[-110.84017611823667,32.205902468573925],[-110.83909259618555,32.20418066562453],[-110.83676884546516,32.20411563785682],[-110.83676884546516,32.20411563785682]]]},"properties":{"h3":"8948e850823ffff","count":6,"c3":0,"c6":0,"c12":1,"c24":6,"score":2.5,"risk":11,"peakDay":"Saturday","peakTime":"evening","hood":"Dietz","bk12":{"morning":0,"afternoon":1,"evening":0,"night":0},"bk24":{"morning":2,"afternoon":1,"evening":3,"night":0},"recent":[{"d":"2025-08-23","day":"Sat","time":"16:54","desc":"Aggravated Assault - Domestic Violence (DV)","res":""},{"d":"2025-06-28","day":"Sat","time":"17:32","desc":"Aggravated Assault - Domestic Violence (DV)","res":""},{"d":"2025-06-28","day":"Sat","time":"17:32","desc":"Aggravated Assault - Domestic Violence (DV)","res":""},{"d":"2025-03-28","day":"Fri","time":"07:10","desc":"Aggravated Assault - Domestic Violence (DV)","res":""},{"d":"2025-03-15","day":"Sat","time":"17:07","desc":"Aggravated Assault - Domestic Violence (DV)","res":""},{"d":"2025-01-23","day":"Thu","time":"10:54","desc":"Aggravated Assault - Domestic Violence (DV)","res":""}]}},{"type":"Feature","geometry":{"type":"Polygon","coordinates":[[[-110.91144045327593,32.250155322950135],[-110.91020084819061,32.25181242747522],[-110.9112857767303,32.25353312623664],[-110.9136103434878,32.253596700223895],[-110.91484991348788,32.25193957862716],[-110.91376495181859,32.25021890011489],[-110.91144045327593,32.250155322950135],[-110.91144045327593,32.250155322950135]]]},"properties":{"h3":"8948e85424bffff","count":10,"c3":0,"c6":0,"c12":5,"c24":10,"score":4.8,"risk":21,"peakDay":"Sunday","peakTime":"afternoon","hood":"Dodge Flower","bk12":{"morning":2,"afternoon":1,"evening":2,"night":0},"bk24":{"morning":2,"afternoon":5,"evening":3,"night":0},"recent":[{"d":"2025-12-20","day":"Sat","time":"17:49","desc":"Aggravated Assault - Other","res":""},{"d":"2025-11-29","day":"Sat","time":"14:20","desc":"Aggravated Assault - Domestic Violence (DV)","res":""},{"d":"2025-10-15","day":"Wed","time":"08:55","desc":"Aggravated Assault - Domestic Violence (DV)","res":""},{"d":"2025-08-28","day":"Thu","time":"11:41","desc":"Robbery - Miscellaneous","res":""},{"d":"2025-08-18","day":"Mon","time":"18:25","desc":"Aggravated Assault - Domestic Violence (DV)","res":""},{"d":"2025-06-08","day":"Sun","time":"15:34","desc":"Aggravated Assault - Other","res":""},{"d":"2025-05-10","day":"Sat","time":"20:37","desc":"Aggravated Assault - Domestic Violence (DV)","res":""},{"d":"2025-03-23","day":"Sun","time":"15:54","desc":"Aggravated Assault - Domestic Violence (DV)","res":""},{"d":"2025-03-23","day":"Sun","time":"15:54","desc":"Aggravated Assault - Domestic Violence (DV)","res":""},{"d":"2025-01-23","day":"Thu","time":"13:00","desc":"Aggravated Assault - Domestic Violence (DV)","res":""}]}},{"type":"Feature","geometry":{"type":"Polygon","coordinates":[[[-110.90152252730573,32.23804591273286],[-110.90028289430938,32.23970301646963],[-110.90136757556073,32.24142391795819],[-110.90369192296227,32.24148769546458],[-110.90493152090978,32.239830574639264],[-110.9038468065075,32.23810969339617],[-110.90152252730573,32.23804591273286],[-110.90152252730573,32.23804591273286]]]},"properties":{"h3":"8948e85550fffff","count":1,"c3":0,"c6":0,"c12":0,"c24":1,"score":0.3,"risk":2,"peakDay":"Thursday","peakTime":"evening","hood":"Garden District","bk12":{"morning":0,"afternoon":0,"evening":0,"night":0},"bk24":{"morning":0,"afternoon":0,"evening":1,"night":0},"recent":[{"d":"2025-01-23","day":"Thu","time":"17:09","desc":"Aggravated Assault - Other","res":""}]}},{"type":"Feature","geometry":{"type":"Polygon","coordinates":[[[-110.96025400390121,32.251481462562715],[-110.95901516125873,32.253138982275466],[-110.96010075991973,32.2548591980973],[-110.96242523421718,32.254921873905744],[-110.96366404163064,32.25326433717221],[-110.9625784099786,32.25154414165108],[-110.96025400390121,32.251481462562715],[-110.96025400390121,32.251481462562715]]]},"properties":{"h3":"8948e85414bffff","count":4,"c3":0,"c6":0,"c12":1,"c24":4,"score":1.6,"risk":7,"peakDay":"Thursday","peakTime":"evening","hood":"Keeling","bk12":{"morning":0,"afternoon":0,"evening":0,"night":1},"bk24":{"morning":0,"afternoon":0,"evening":3,"night":1},"recent":[{"d":"2025-10-07","day":"Tue","time":"02:15","desc":"Robbery - Miscellaneous","res":""},{"d":"2025-04-24","day":"Thu","time":"20:29","desc":"Aggravated Assault - Other","res":""},{"d":"2025-02-09","day":"Sun","time":"19:13","desc":"Aggravated Assault - Other","res":""},{"d":"2025-01-23","day":"Thu","time":"18:32","desc":"Aggravated Assault - Other","res":""}]}},{"type":"Feature","geometry":{"type":"Polygon","coordinates":[[[-110.94968557079497,32.17678034381321],[-110.94844735895303,32.17843829675075],[-110.94953211529563,32.1801592740519],[-110.95185511646174,32.180222278083136],[-110.95309329315101,32.178564308072445],[-110.95200850382976,32.17684335110374],[-110.94968557079497,32.17678034381321],[-110.94968557079497,32.17678034381321]]]},"properties":{"h3":"8948e85666fffff","count":3,"c3":0,"c6":0,"c12":0,"c24":3,"score":1.1,"risk":5,"peakDay":"Friday","peakTime":"night","hood":"","bk12":{"morning":0,"afternoon":0,"evening":0,"night":0},"bk24":{"morning":0,"afternoon":1,"evening":0,"night":2},"recent":[{"d":"2025-05-16","day":"Fri","time":"13:50","desc":"Aggravated Assault - Other","res":""},{"d":"2025-01-24","day":"Fri","time":"03:19","desc":"Aggravated Assault - Domestic Violence (DV)","res":""},{"d":"2025-01-24","day":"Fri","time":"03:19","desc":"Aggravated Assault - Domestic Violence (DV)","res":""}]}},{"type":"Feature","geometry":{"type":"Polygon","coordinates":[[[-110.8507112884625,32.204505163870174],[-110.84947120837828,32.20616206109776],[-110.85055488930776,32.207883747015615],[-110.85287868360082,32.20794851549595],[-110.8541187288054,32.206291601109186],[-110.85303501459944,32.20456993540133],[-110.8507112884625,32.204505163870174],[-110.8507112884625,32.204505163870174]]]},"properties":{"h3":"8948e8509c7ffff","count":4,"c3":0,"c6":0,"c12":3,"c24":4,"score":2.1,"risk":9,"peakDay":"Monday","peakTime":"morning","hood":"Terra Del Sol","bk12":{"morning":1,"afternoon":1,"evening":0,"night":1},"bk24":{"morning":2,"afternoon":1,"evening":0,"night":1},"recent":[{"d":"2025-12-24","day":"Wed","time":"13:43","desc":"Aggravated Assault - Other","res":""},{"d":"2025-11-17","day":"Mon","time":"07:43","desc":"Aggravated Assault - Other","res":""},{"d":"2025-08-18","day":"Mon","time":"23:08","desc":"Aggravated Assault - Other","res":""},{"d":"2025-01-24","day":"Fri","time":"09:40","desc":"Robbery - Miscellaneous","res":""}]}},{"type":"Feature","geometry":{"type":"Polygon","coordinates":[[[-110.92477025625044,32.26404695889754],[-110.92353071430708,32.265704081159406],[-110.92461595285053,32.267424528213404],[-110.92694076643978,32.26748783275011],[-110.92818027325043,32.265830693437955],[-110.92709500160746,32.26411026663944],[-110.92477025625044,32.26404695889754],[-110.92477025625044,32.26404695889754]]]},"properties":{"h3":"8948e855c8bffff","count":13,"c3":0,"c6":0,"c12":4,"c24":13,"score":5.7,"risk":26,"peakDay":"Friday","peakTime":"morning","hood":"La Madera","bk12":{"morning":2,"afternoon":1,"evening":0,"night":1},"bk24":{"morning":5,"afternoon":4,"evening":3,"night":1},"recent":[{"d":"2025-09-17","day":"Wed","time":"14:42","desc":"Aggravated Assault - Domestic Violence (DV)","res":""},{"d":"2025-09-17","day":"Wed","time":"11:40","desc":"Aggravated Assault - Domestic Violence (DV)","res":""},{"d":"2025-08-28","day":"Thu","time":"05:50","desc":"Aggravated Assault - Other","res":""},{"d":"2025-08-24","day":"Sun","time":"23:42","desc":"Aggravated Assault - Other","res":""},{"d":"2025-07-25","day":"Fri","time":"13:30","desc":"Aggravated Assault - Peace Officer (Non-Serious Injury)","res":""},{"d":"2025-07-19","day":"Sat","time":"19:53","desc":"Aggravated Assault - Other","res":""},{"d":"2025-06-24","day":"Tue","time":"14:34","desc":"Robbery - Highway","res":""},{"d":"2025-05-18","day":"Sun","time":"12:15","desc":"Robbery - Convenience Stores","res":""},{"d":"2025-04-26","day":"Sat","time":"07:47","desc":"Aggravated Assault - Domestic Violence (DV)","res":""},{"d":"2025-03-20","day":"Thu","time":"10:33","desc":"Aggravated Assault - Domestic Violence (DV)","res":""}]}},{"type":"Feature","geometry":{"type":"Polygon","coordinates":[[[-110.8753607982838,32.12398527769132],[-110.87412197022475,32.125642953455305],[-110.87520523119565,32.1273651079702],[-110.87752735338869,32.1274295664382],[-110.8787661465444,32.12577187349524],[-110.8776828524133,32.124049739263306],[-110.8753607982838,32.12398527769132],[-110.8753607982838,32.12398527769132]]]},"properties":{"h3":"8948e852dcfffff","count":1,"c3":0,"c6":0,"c12":0,"c24":1,"score":0.3,"risk":2,"peakDay":"Friday","peakTime":"morning","hood":"","bk12":{"morning":0,"afternoon":0,"evening":0,"night":0},"bk24":{"morning":1,"afternoon":0,"evening":0,"night":0},"recent":[{"d":"2025-01-24","day":"Fri","time":"11:17","desc":"Robbery - Miscellaneous","res":""}]}},{"type":"Feature","geometry":{"type":"Polygon","coordinates":[[[-110.76666641401211,32.13615022508944],[-110.76542573633904,32.13780686747162],[-110.76650764048516,32.13952995619224],[-110.76883025578334,32.13959638237251],[-110.77007089886428,32.137939722707245],[-110.76898896124206,32.136216654144896],[-110.76666641401211,32.13615022508944],[-110.76666641401211,32.13615022508944]]]},"properties":{"h3":"8948e8506abffff","count":3,"c3":0,"c6":0,"c12":1,"c24":3,"score":1.3,"risk":6,"peakDay":"Friday","peakTime":"afternoon","hood":"Mesquite Ranch","bk12":{"morning":1,"afternoon":0,"evening":0,"night":0},"bk24":{"morning":1,"afternoon":1,"evening":1,"night":0},"recent":[{"d":"2025-09-12","day":"Fri","time":"10:00","desc":"Aggravated Assault - Other","res":""},{"d":"2025-05-18","day":"Sun","time":"20:34","desc":"Aggravated Assault - Domestic Violence (DV)","res":""},{"d":"2025-01-24","day":"Fri","time":"13:06","desc":"Aggravated Assault - Other","res":""}]}},{"type":"Feature","geometry":{"type":"Polygon","coordinates":[[[-110.87378660579293,32.233899113926],[-110.87254657684541,32.2355560051371],[-110.8736308447922,32.2372772102371],[-110.87595517491708,32.23734150390811],[-110.87719516889956,32.23568459557779],[-110.87611086772512,32.23396341069578],[-110.87378660579293,32.233899113926],[-110.87378660579293,32.233899113926]]]},"properties":{"h3":"8948e85546fffff","count":10,"c3":0,"c6":0,"c12":3,"c24":10,"score":4.6,"risk":20,"peakDay":"Saturday","peakTime":"afternoon","hood":"Mitman","bk12":{"morning":1,"afternoon":2,"evening":0,"night":0},"bk24":{"morning":3,"afternoon":3,"evening":2,"night":2},"recent":[{"d":"2025-11-29","day":"Sat","time":"14:42","desc":"Aggravated Assault - Domestic Violence (DV)","res":""},{"d":"2025-11-23","day":"Sun","time":"12:56","desc":"Aggravated Assault - Other","res":""},{"d":"2025-11-09","day":"Sun","time":"10:37","desc":"Aggravated Assault - Other","res":""},{"d":"2025-08-13","day":"Wed","time":"17:00","desc":"Aggravated Assault - Domestic Violence (DV)","res":""},{"d":"2025-07-26","day":"Sat","time":"05:30","desc":"Robbery - Convenience Stores","res":""},{"d":"2025-04-23","day":"Wed","time":"09:29","desc":"Aggravated Assault - Other","res":""},{"d":"2025-02-22","day":"Sat","time":"18:37","desc":"Aggravated Assault - Other","res":""},{"d":"2025-02-03","day":"Mon","time":"03:00","desc":"Aggravated Assault - Peace Officer (Non-Serious Injury)","res":""},{"d":"2025-02-03","day":"Mon","time":"03:00","desc":"Aggravated Assault - Peace Officer (Non-Serious Injury)","res":""},{"d":"2025-01-24","day":"Fri","time":"15:30","desc":"Aggravated Assault - Other","res":""}]}},{"type":"Feature","geometry":{"type":"Polygon","coordinates":[[[-110.8361415580395,32.21762972275868],[-110.83490110653239,32.219286400140305],[-110.83598471322927,32.221008110372445],[-110.83830880476168,32.2210731230363],[-110.83954922142401,32.21941642848794],[-110.83846558140156,32.217694738442546],[-110.8361415580395,32.21762972275868],[-110.8361415580395,32.21762972275868]]]},"properties":{"h3":"8948e850bbbffff","count":3,"c3":0,"c6":0,"c12":0,"c24":3,"score":1.2,"risk":5,"peakDay":"Sunday","peakTime":"morning","hood":"","bk12":{"morning":0,"afternoon":0,"evening":0,"night":0},"bk24":{"morning":2,"afternoon":1,"evening":0,"night":0},"recent":[{"d":"2025-06-15","day":"Sun","time":"11:42","desc":"Aggravated Assault - Other","res":""},{"d":"2025-06-15","day":"Sun","time":"11:42","desc":"Aggravated Assault - Other","res":""},{"d":"2025-01-24","day":"Fri","time":"16:55","desc":"Aggravated Assault - Domestic Violence (DV)","res":""}]}},{"type":"Feature","geometry":{"type":"Polygon","coordinates":[[[-110.9422557384273,32.186727726388376],[-110.9410173020552,32.18838554527243],[-110.94210205154988,32.19010650676315],[-110.9444252704251,32.19016962905115],[-110.94566367166021,32.18851179309182],[-110.94457888916004,32.186790851919845],[-110.9422557384273,32.186727726388376],[-110.9422557384273,32.186727726388376]]]},"properties":{"h3":"8948e856253ffff","count":1,"c3":0,"c6":0,"c12":0,"c24":1,"score":0.3,"risk":2,"peakDay":"Friday","peakTime":"evening","hood":"South Park","bk12":{"morning":0,"afternoon":0,"evening":0,"night":0},"bk24":{"morning":0,"afternoon":0,"evening":1,"night":0},"recent":[{"d":"2025-01-24","day":"Fri","time":"20:00","desc":"Robbery - Highway","res":""}]}},{"type":"Feature","geometry":{"type":"Polygon","coordinates":[[[-111.00172258887143,32.183255953860325],[-111.00048513663138,32.1849143120982],[-111.00157065304423,32.18663472981887],[-111.00389365453388,32.18669676891732],[-111.00513107146519,32.185038393663525],[-111.00404552221848,32.18331799632726],[-111.00172258887143,32.183255953860325],[-111.00172258887143,32.183255953860325]]]},"properties":{"h3":"8948e85618bffff","count":1,"c3":0,"c6":0,"c12":0,"c24":1,"score":0.3,"risk":2,"peakDay":"Saturday","peakTime":"morning","hood":"Lane Santa Cruz","bk12":{"morning":0,"afternoon":0,"evening":0,"night":0},"bk24":{"morning":1,"afternoon":0,"evening":0,"night":0},"recent":[{"d":"2025-01-25","day":"Sat","time":"09:42","desc":"Aggravated Assault - Domestic Violence (DV)","res":""}]}},{"type":"Feature","geometry":{"type":"Polygon","coordinates":[[[-110.78765266401014,32.209497463367846],[-110.78641153231735,32.211153773783884],[-110.78749440621841,32.21287602020205],[-110.78981844527401,32.21294193606528],[-110.7910595422692,32.21128560842853],[-110.7899766349093,32.20956338214934],[-110.78765266401014,32.209497463367846],[-110.78765266401014,32.209497463367846]]]},"properties":{"h3":"8948e851997ffff","count":1,"c3":0,"c6":0,"c12":0,"c24":1,"score":0.3,"risk":2,"peakDay":"Saturday","peakTime":"morning","hood":"Eastside","bk12":{"morning":0,"afternoon":0,"evening":0,"night":0},"bk24":{"morning":1,"afternoon":0,"evening":0,"night":0},"recent":[{"d":"2025-01-25","day":"Sat","time":"11:59","desc":"Aggravated Assault - Peace Officer (Non-Serious Injury)","res":""}]}},{"type":"Feature","geometry":{"type":"Polygon","coordinates":[[[-110.98102086642682,32.25542174069166],[-110.97978231249563,32.257079412835395],[-110.98086822749414,32.25879939286605],[-110.98319272936071,32.25886168043241],[-110.98443124799972,32.257203991291455],[-110.98334530006726,32.25548403158144],[-110.98102086642682,32.25542174069166],[-110.98102086642682,32.25542174069166]]]},"properties":{"h3":"8948e854123ffff","count":2,"c3":0,"c6":0,"c12":1,"c24":2,"score":0.9,"risk":4,"peakDay":"Saturday","peakTime":"afternoon","hood":"Miracle Manor","bk12":{"morning":1,"afternoon":0,"evening":0,"night":0},"bk24":{"morning":1,"afternoon":1,"evening":0,"night":0},"recent":[{"d":"2025-10-05","day":"Sun","time":"05:20","desc":"Aggravated Assault - Other","res":""},{"d":"2025-01-25","day":"Sat","time":"12:37","desc":"Robbery - Miscellaneous","res":""}]}},{"type":"Feature","geometry":{"type":"Polygon","coordinates":[[[-111.01573527370003,32.25972921524799],[-111.0144972274379,32.26138715784139],[-111.01558364930274,32.263106763377415],[-111.01790815026988,32.26316840596486],[-111.01914616113562,32.26151044641241],[-111.01805970643356,32.25979086123162],[-111.01573527370003,32.25972921524799],[-111.01573527370003,32.25972921524799]]]},"properties":{"h3":"8948e856b6bffff","count":1,"c3":0,"c6":0,"c12":0,"c24":1,"score":0.3,"risk":2,"peakDay":"Saturday","peakTime":"afternoon","hood":"","bk12":{"morning":0,"afternoon":0,"evening":0,"night":0},"bk24":{"morning":0,"afternoon":1,"evening":0,"night":0},"recent":[{"d":"2025-01-25","day":"Sat","time":"14:00","desc":"Aggravated Assault - Domestic Violence (DV)","res":""}]}},{"type":"Feature","geometry":{"type":"Polygon","coordinates":[[[-110.89238254942987,32.209043045004755],[-110.89114308178567,32.21070027364311],[-110.89222736804184,32.21242151909792],[-110.8945511551055,32.21248551566213],[-110.89579058774522,32.210828269909754],[-110.89470626832866,32.209107044707245],[-110.89238254942987,32.209043045004755],[-110.89238254942987,32.209043045004755]]]},"properties":{"h3":"8948e857353ffff","count":1,"c3":0,"c6":0,"c12":0,"c24":1,"score":0.3,"risk":2,"peakDay":"Saturday","peakTime":"afternoon","hood":"Toumey Park","bk12":{"morning":0,"afternoon":0,"evening":0,"night":0},"bk24":{"morning":0,"afternoon":1,"evening":0,"night":0},"recent":[{"d":"2025-01-25","day":"Sat","time":"15:50","desc":"Aggravated Assault - Domestic Violence (DV)","res":""}]}},{"type":"Feature","geometry":{"type":"Polygon","coordinates":[[[-110.79121769319707,32.20790702925585],[-110.7899766349093,32.20956338214934],[-110.7910595422692,32.21128560842853],[-110.79338354136756,32.211351461670574],[-110.79462456494822,32.209695091559134],[-110.79354162414053,32.20797288542367],[-110.79121769319707,32.20790702925585],[-110.79121769319707,32.20790702925585]]]},"properties":{"h3":"8948e850a5bffff","count":3,"c3":0,"c6":0,"c12":0,"c24":3,"score":1.3,"risk":6,"peakDay":"Sunday","peakTime":"morning","hood":"","bk12":{"morning":0,"afternoon":0,"evening":0,"night":0},"bk24":{"morning":2,"afternoon":0,"evening":1,"night":0},"recent":[{"d":"2025-06-29","day":"Sun","time":"11:18","desc":"Aggravated Assault - Domestic Violence (DV)","res":""},{"d":"2025-06-29","day":"Sun","time":"11:18","desc":"Aggravated Assault - Domestic Violence (DV)","res":""},{"d":"2025-01-25","day":"Sat","time":"17:00","desc":"Aggravated Assault - Domestic Violence (DV)","res":""}]}},{"type":"Feature","geometry":{"type":"Polygon","coordinates":[[[-110.8063603990717,32.25738374808268],[-110.80511904987736,32.25903988308859],[-110.80620262541755,32.26076152815789],[-110.8085275835883,32.26082701808953],[-110.80976889800137,32.25917086590864],[-110.80868528902789,32.257449240971155],[-110.8063603990717,32.25738374808268],[-110.8063603990717,32.25738374808268]]]},"properties":{"h3":"8948e842007ffff","count":3,"c3":0,"c6":0,"c12":0,"c24":3,"score":1.1,"risk":5,"peakDay":"Sunday","peakTime":"night","hood":"Paul Cunningham","bk12":{"morning":0,"afternoon":0,"evening":0,"night":0},"bk24":{"morning":1,"afternoon":0,"evening":0,"night":2},"recent":[{"d":"2025-03-21","day":"Fri","time":"09:20","desc":"Aggravated Assault - Other","res":""},{"d":"2025-01-26","day":"Sun","time":"03:23","desc":"Aggravated Assault - Other","res":""},{"d":"2025-01-26","day":"Sun","time":"03:23","desc":"Aggravated Assault - Other","res":""}]}},{"type":"Feature","geometry":{"type":"Polygon","coordinates":[[[-110.76421505106023,32.11408093168691],[-110.76297457084132,32.1157377068317],[-110.76405623582775,32.117461010900634],[-110.76637841450632,32.11752751965655],[-110.76761886015348,32.11587072721378],[-110.76653716169672,32.11414744331315],[-110.76421505106023,32.11408093168691],[-110.76421505106023,32.11408093168691]]]},"properties":{"h3":"8948e853107ffff","count":1,"c3":0,"c6":0,"c12":0,"c24":1,"score":0.3,"risk":2,"peakDay":"Sunday","peakTime":"afternoon","hood":"Rita Ranch","bk12":{"morning":0,"afternoon":0,"evening":0,"night":0},"bk24":{"morning":0,"afternoon":1,"evening":0,"night":0},"recent":[{"d":"2025-01-26","day":"Sun","time":"12:17","desc":"Aggravated Assault - Other","res":""}]}},{"type":"Feature","geometry":{"type":"Polygon","coordinates":[[[-110.8386498267531,32.16356826459769],[-110.83740999376218,32.16522534417662],[-110.83849312876367,32.166947505006014],[-110.84081613004628,32.167012566036036],[-110.84205592821758,32.16535546926275],[-110.84097275992876,32.16363332865388],[-110.8386498267531,32.16356826459769],[-110.8386498267531,32.16356826459769]]]},"properties":{"h3":"8948e850c97ffff","count":1,"c3":0,"c6":0,"c12":0,"c24":1,"score":0.3,"risk":2,"peakDay":"Sunday","peakTime":"afternoon","hood":"Groves Lincoln Park","bk12":{"morning":0,"afternoon":0,"evening":0,"night":0},"bk24":{"morning":0,"afternoon":1,"evening":0,"night":0},"recent":[{"d":"2025-01-26","day":"Sun","time":"16:15","desc":"Aggravated Assault - Domestic Violence (DV)","res":""}]}},{"type":"Feature","geometry":{"type":"Polygon","coordinates":[[[-110.87549937502321,32.196736524387106],[-110.87425977115402,32.198393692504695],[-110.87534371430414,32.200115208642195],[-110.8776672945278,32.200179536421],[-110.8789068634494,32.19852235116524],[-110.87782288709784,32.19680085526893],[-110.87549937502321,32.196736524387106],[-110.87549937502321,32.196736524387106]]]},"properties":{"h3":"8948e85721bffff","count":12,"c3":0,"c6":0,"c12":4,"c24":12,"score":5.8,"risk":26,"peakDay":"Monday","peakTime":"evening","hood":"Myers","bk12":{"morning":0,"afternoon":1,"evening":1,"night":2},"bk24":{"morning":2,"afternoon":3,"evening":4,"night":3},"recent":[{"d":"2025-12-29","day":"Mon","time":"19:26","desc":"Robbery - Carjacking","res":""},{"d":"2025-12-11","day":"Thu","time":"23:03","desc":"Robbery - Miscellaneous","res":""},{"d":"2025-11-24","day":"Mon","time":"13:54","desc":"Aggravated Assault - Domestic Violence (DV)","res":""},{"d":"2025-09-09","day":"Tue","time":"00:38","desc":"Aggravated Assault - Other","res":""},{"d":"2025-07-18","day":"Fri","time":"11:00","desc":"Aggravated Assault - Other","res":""},{"d":"2025-07-18","day":"Fri","time":"11:00","desc":"Aggravated Assault - Other","res":""},{"d":"2025-07-12","day":"Sat","time":"13:06","desc":"Aggravated Assault - Other","res":""},{"d":"2025-06-29","day":"Sun","time":"19:26","desc":"Aggravated Assault - Other","res":""},{"d":"2025-05-31","day":"Sat","time":"18:45","desc":"Robbery - Service Station","res":""},{"d":"2025-05-14","day":"Wed","time":"20:10","desc":"Aggravated Assault - Other","res":""}]}},{"type":"Feature","geometry":{"type":"Polygon","coordinates":[[[-110.9777633025744,32.250261637824345],[-110.97652475194575,32.251919318134505],[-110.97761057472196,32.25363937546516],[-110.9799349810701,32.2537017321656],[-110.98117349641923,32.25204403485201],[-110.98008764070269,32.250323997841484],[-110.9777633025744,32.250261637824345],[-110.9777633025744,32.250261637824345]]]},"properties":{"h3":"8948e854107ffff","count":7,"c3":0,"c6":0,"c12":0,"c24":7,"score":2.9,"risk":13,"peakDay":"Monday","peakTime":"afternoon","hood":"Miracle Manor","bk12":{"morning":0,"afternoon":0,"evening":0,"night":0},"bk24":{"morning":1,"afternoon":3,"evening":1,"night":2},"recent":[{"d":"2025-06-18","day":"Wed","time":"17:15","desc":"Aggravated Assault - Other","res":""},{"d":"2025-05-26","day":"Mon","time":"12:40","desc":"Aggravated Assault - Peace Officer (Non-Serious Injury)","res":""},{"d":"2025-05-26","day":"Mon","time":"12:40","desc":"Aggravated Assault - Peace Officer (Serious Injury)","res":""},{"d":"2025-05-26","day":"Mon","time":"12:40","desc":"Aggravated Assault - Peace Officer (Serious Injury)","res":""},{"d":"2025-04-17","day":"Thu","time":"03:05","desc":"Aggravated Assault - Peace Officer (Non-Serious Injury)","res":""},{"d":"2025-04-17","day":"Thu","time":"03:05","desc":"Aggravated Assault - Other","res":""},{"d":"2025-01-27","day":"Mon","time":"09:21","desc":"Aggravated Assault - Other","res":""}]}},{"type":"Feature","geometry":{"type":"Polygon","coordinates":[[[-110.97221282386167,32.29576300844385],[-110.97097369755436,32.29742031838498],[-110.97205987276435,32.299140024825476],[-110.97438520726674,32.29920240103687],[-110.97562429828301,32.297545074111746],[-110.97453809009089,32.29582538795931],[-110.97221282386167,32.29576300844385],[-110.97221282386167,32.29576300844385]]]},"properties":{"h3":"8948e854a03ffff","count":7,"c3":0,"c6":0,"c12":5,"c24":7,"score":3.5,"risk":15,"peakDay":"Friday","peakTime":"evening","hood":"","bk12":{"morning":0,"afternoon":1,"evening":3,"night":1},"bk24":{"morning":0,"afternoon":1,"evening":5,"night":1},"recent":[{"d":"2025-12-23","day":"Tue","time":"21:20","desc":"Aggravated Assault - Domestic Violence (DV)","res":""},{"d":"2025-10-08","day":"Wed","time":"13:29","desc":"Aggravated Assault - Domestic Violence (DV)","res":""},{"d":"2025-09-26","day":"Fri","time":"23:37","desc":"Aggravated Assault - Other","res":""},{"d":"2025-09-12","day":"Fri","time":"20:17","desc":"Aggravated Assault - Domestic Violence (DV)","res":""},{"d":"2025-09-12","day":"Fri","time":"17:17","desc":"Aggravated Assault - Domestic Violence (DV)","res":""},{"d":"2025-01-27","day":"Mon","time":"19:20","desc":"Aggravated Assault - Domestic Violence (DV)","res":""},{"d":"2025-01-27","day":"Mon","time":"19:20","desc":"Aggravated Assault - Domestic Violence (DV)","res":""}]}},{"type":"Feature","geometry":{"type":"Polygon","coordinates":[[[-110.80825296246424,32.21684620190697],[-110.80701207782275,32.218502640845564],[-110.80809529963187,32.22022462538007],[-110.81041943948986,32.22029015081899],[-110.81166028936887,32.218633694684776],[-110.81057703415527,32.216911730307324],[-110.80825296246424,32.21684620190697],[-110.80825296246424,32.21684620190697]]]},"properties":{"h3":"8948e850a2bffff","count":6,"c3":0,"c6":0,"c12":2,"c24":6,"score":2.9,"risk":13,"peakDay":"Tuesday","peakTime":"night","hood":"","bk12":{"morning":0,"afternoon":1,"evening":0,"night":1},"bk24":{"morning":1,"afternoon":2,"evening":1,"night":2},"recent":[{"d":"2025-12-30","day":"Tue","time":"13:35","desc":"Aggravated Assault - Other","res":""},{"d":"2025-10-25","day":"Sat","time":"02:49","desc":"Aggravated Assault - Other","res":""},{"d":"2025-07-29","day":"Tue","time":"11:07","desc":"Aggravated Assault - Other","res":""},{"d":"2025-06-23","day":"Mon","time":"16:38","desc":"Aggravated Assault - Other","res":""},{"d":"2025-05-27","day":"Tue","time":"03:09","desc":"Aggravated Assault - Other","res":""},{"d":"2025-01-27","day":"Mon","time":"19:48","desc":"Aggravated Assault - Domestic Violence (DV)","res":""}]}},{"type":"Feature","geometry":{"type":"Polygon","coordinates":[[[-110.98330937802238,32.204750530719245],[-110.98207140257229,32.206408579220565],[-110.98315687311165,32.208128985533236],[-110.98548035200263,32.20819132299233],[-110.9867182921847,32.20653325746804],[-110.98563278874671,32.204812871507684],[-110.98330937802238,32.204750530719245],[-110.98330937802238,32.204750530719245]]]},"properties":{"h3":"8948e856333ffff","count":3,"c3":0,"c6":0,"c12":1,"c24":3,"score":1.4,"risk":6,"peakDay":"Tuesday","peakTime":"night","hood":"Barrio Kroeger Lane","bk12":{"morning":0,"afternoon":0,"evening":0,"night":1},"bk24":{"morning":1,"afternoon":0,"evening":0,"night":2},"recent":[{"d":"2025-10-18","day":"Sat","time":"04:45","desc":"Aggravated Assault - Other","res":""},{"d":"2025-07-11","day":"Fri","time":"07:36","desc":"Aggravated Assault - Peace Officer (Non-Serious Injury)","res":""},{"d":"2025-01-28","day":"Tue","time":"02:13","desc":"Aggravated Assault - Other","res":""}]}},{"type":"Feature","geometry":{"type":"Polygon","coordinates":[[[-110.98626104404576,32.21666836678803],[-110.98502298821504,32.21832635723978],[-110.98610861014983,32.220046629774224],[-110.98843232081522,32.22010889150838],[-110.98967034136204,32.21845088404333],[-110.98858468653027,32.21673063185745],[-110.98626104404576,32.21666836678803],[-110.98626104404576,32.21666836678803]]]},"properties":{"h3":"8948e856e4bffff","count":1,"c3":0,"c6":0,"c12":0,"c24":1,"score":0.3,"risk":2,"peakDay":"Tuesday","peakTime":"morning","hood":"Barrio Sin Nombre","bk12":{"morning":0,"afternoon":0,"evening":0,"night":0},"bk24":{"morning":1,"afternoon":0,"evening":0,"night":0},"recent":[{"d":"2025-01-28","day":"Tue","time":"11:30","desc":"Aggravated Assault - Domestic Violence (DV)","res":""}]}},{"type":"Feature","geometry":{"type":"Polygon","coordinates":[[[-110.85690138961569,32.221591686048924],[-110.85566122467245,32.22324851681811],[-110.8567451492009,32.224969992821194],[-110.85906927194421,32.22503461784829],[-110.86030940197935,32.22337776993575],[-110.85922544418219,32.22165631413955],[-110.85690138961569,32.221591686048924],[-110.85690138961569,32.221591686048924]]]},"properties":{"h3":"8948e855693ffff","count":1,"c3":0,"c6":0,"c12":0,"c24":1,"score":0.3,"risk":2,"peakDay":"Tuesday","peakTime":"evening","hood":"","bk12":{"morning":0,"afternoon":0,"evening":0,"night":0},"bk24":{"morning":0,"afternoon":0,"evening":1,"night":0},"recent":[{"d":"2025-01-28","day":"Tue","time":"18:58","desc":"Robbery - Miscellaneous","res":""}]}},{"type":"Feature","geometry":{"type":"Polygon","coordinates":[[[-110.95542809649271,32.20399911100597],[-110.95418968503567,32.20565692310395],[-110.955274773601,32.207377605391414],[-110.95759830660397,32.20744045525806],[-110.95883668287499,32.20578262610796],[-110.95775156133193,32.204061964143406],[-110.95542809649271,32.20399911100597],[-110.95542809649271,32.20399911100597]]]},"properties":{"h3":"8948e854483ffff","count":5,"c3":0,"c6":0,"c12":1,"c24":5,"score":2.1,"risk":9,"peakDay":"Wednesday","peakTime":"afternoon","hood":"Millville","bk12":{"morning":0,"afternoon":0,"evening":1,"night":0},"bk24":{"morning":2,"afternoon":2,"evening":1,"night":0},"recent":[{"d":"2025-12-07","day":"Sun","time":"18:25","desc":"Robbery - Highway","res":""},{"d":"2025-04-19","day":"Sat","time":"10:00","desc":"Aggravated Assault - Other","res":""},{"d":"2025-03-15","day":"Sat","time":"08:21","desc":"Robbery - Highway","res":""},{"d":"2025-01-29","day":"Wed","time":"14:30","desc":"Robbery - Convenience Stores","res":""},{"d":"2025-01-29","day":"Wed","time":"14:30","desc":"Robbery - Convenience Stores","res":""}]}},{"type":"Feature","geometry":{"type":"Polygon","coordinates":[[[-110.85164949115695,32.18423254489369],[-110.85040964296425,32.185889592918635],[-110.8514931469222,32.18761144795723],[-110.85381653233793,32.18767623474829],[-110.85505634566047,32.1860191695538],[-110.85397280844035,32.18429733473788],[-110.85164949115695,32.18423254489369],[-110.85164949115695,32.18423254489369]]]},"properties":{"h3":"8948e850d1bffff","count":3,"c3":0,"c6":0,"c12":1,"c24":3,"score":1.3,"risk":6,"peakDay":"Tuesday","peakTime":"morning","hood":"Stella Mann","bk12":{"morning":1,"afternoon":0,"evening":0,"night":0},"bk24":{"morning":2,"afternoon":1,"evening":0,"night":0},"recent":[{"d":"2025-09-16","day":"Tue","time":"10:38","desc":"Aggravated Assault - Other","res":""},{"d":"2025-07-01","day":"Tue","time":"11:33","desc":"Aggravated Assault - Domestic Violence (DV)","res":""},{"d":"2025-01-29","day":"Wed","time":"15:48","desc":"Aggravated Assault - Domestic Violence (DV)","res":""}]}},{"type":"Feature","geometry":{"type":"Polygon","coordinates":[[[-110.82219733267654,32.217238731408365],[-110.82095666453097,32.21889528961313],[-110.82204007885016,32.22061713703964],[-110.82436419468284,32.22068240608952],[-110.82560482802478,32.219025830703565],[-110.82452138034056,32.21730400344897],[-110.82219733267654,32.217238731408365],[-110.82219733267654,32.217238731408365]]]},"properties":{"h3":"8948e850bcfffff","count":4,"c3":0,"c6":0,"c12":0,"c24":4,"score":1.7,"risk":8,"peakDay":"Friday","peakTime":"morning","hood":"","bk12":{"morning":0,"afternoon":0,"evening":0,"night":0},"bk24":{"morning":3,"afternoon":1,"evening":0,"night":0},"recent":[{"d":"2025-06-20","day":"Fri","time":"06:03","desc":"Aggravated Assault - Domestic Violence (DV)","res":""},{"d":"2025-06-20","day":"Fri","time":"06:03","desc":"Aggravated Assault - Domestic Violence (DV)","res":""},{"d":"2025-06-20","day":"Fri","time":"06:03","desc":"Aggravated Assault - Domestic Violence (DV)","res":""},{"d":"2025-01-30","day":"Thu","time":"12:51","desc":"Aggravated Assault - Other","res":""}]}},{"type":"Feature","geometry":{"type":"Polygon","coordinates":[[[-110.97002550886037,32.266962502232225],[-110.96878665614896,32.26861999736366],[-110.96987253155316,32.27033998129167],[-110.97219729264364,32.27040244978605],[-110.97343611008804,32.26874493765244],[-110.97235020171189,32.2670249740267],[-110.97002550886037,32.266962502232225],[-110.97002550886037,32.266962502232225]]]},"properties":{"h3":"8948e854ec7ffff","count":4,"c3":0,"c6":0,"c12":2,"c24":4,"score":1.8,"risk":8,"peakDay":"Thursday","peakTime":"morning","hood":"Amphi","bk12":{"morning":2,"afternoon":0,"evening":0,"night":0},"bk24":{"morning":2,"afternoon":1,"evening":0,"night":1},"recent":[{"d":"2025-09-28","day":"Sun","time":"10:07","desc":"Aggravated Assault - Other","res":""},{"d":"2025-08-27","day":"Wed","time":"09:29","desc":"Aggravated Assault - Domestic Violence (DV)","res":""},{"d":"2025-03-13","day":"Thu","time":"04:30","desc":"Aggravated Assault - Domestic Violence (DV)","res":""},{"d":"2025-01-30","day":"Thu","time":"16:15","desc":"Aggravated Assault - Other","res":""}]}},{"type":"Feature","geometry":{"type":"Polygon","coordinates":[[[-110.95803321294457,32.146556564302095],[-110.9567954568336,32.14821480038961],[-110.95788004254028,32.149935962359116],[-110.96020241729845,32.14999886788232],[-110.96144013825065,32.14834061471336],[-110.96035551960635,32.14661947310272],[-110.95803321294457,32.146556564302095],[-110.95803321294457,32.146556564302095]]]},"properties":{"h3":"8948e8cd93bffff","count":4,"c3":0,"c6":0,"c12":2,"c24":4,"score":1.8,"risk":8,"peakDay":"Friday","peakTime":"morning","hood":"","bk12":{"morning":1,"afternoon":1,"evening":0,"night":0},"bk24":{"morning":2,"afternoon":1,"evening":0,"night":1},"recent":[{"d":"2025-09-12","day":"Fri","time":"16:47","desc":"Robbery - Residence","res":""},{"d":"2025-09-01","day":"Mon","time":"07:13","desc":"Aggravated Assault - Domestic Violence (DV)","res":""},{"d":"2025-04-30","day":"Wed","time":"00:00","desc":"Aggravated Assault - Other","res":""},{"d":"2025-01-31","day":"Fri","time":"06:08","desc":"Aggravated Assault - Other","res":""}]}},{"type":"Feature","geometry":{"type":"Polygon","coordinates":[[[-110.93823270284574,32.198458473372796],[-110.93699407704534,32.20011617510869],[-110.9380788822421,32.20183707213321],[-110.94040234626581,32.20190024711424],[-110.94164093693387,32.20024252830548],[-110.94055609871347,32.19852165158862],[-110.93823270284574,32.198458473372796],[-110.93823270284574,32.198458473372796]]]},"properties":{"h3":"8948e8571a3ffff","count":1,"c3":0,"c6":0,"c12":0,"c24":1,"score":0.3,"risk":2,"peakDay":"Friday","peakTime":"morning","hood":"Pueblo Gardens","bk12":{"morning":0,"afternoon":0,"evening":0,"night":0},"bk24":{"morning":1,"afternoon":0,"evening":0,"night":0},"recent":[{"d":"2025-01-31","day":"Fri","time":"07:05","desc":"Aggravated Assault - Domestic Violence (DV)","res":""}]}},{"type":"Feature","geometry":{"type":"Polygon","coordinates":[[[-110.97017847720673,32.2635849694278],[-110.96893966309406,32.26524248978062],[-110.97002550886037,32.266962502232225],[-110.97235020171189,32.2670249740267],[-110.97358898055911,32.265367436670005],[-110.97250310182316,32.26364744452277],[-110.97017847720673,32.2635849694278],[-110.97017847720673,32.2635849694278]]]},"properties":{"h3":"8948e854ed7ffff","count":12,"c3":0,"c6":0,"c12":2,"c24":12,"score":5.2,"risk":23,"peakDay":"Friday","peakTime":"morning","hood":"Amphi","bk12":{"morning":0,"afternoon":0,"evening":1,"night":1},"bk24":{"morning":4,"afternoon":0,"evening":4,"night":4},"recent":[{"d":"2025-10-30","day":"Thu","time":"21:32","desc":"Robbery - Highway","res":""},{"d":"2025-09-02","day":"Tue","time":"01:51","desc":"Robbery - Highway","res":""},{"d":"2025-08-16","day":"Sat","time":"04:00","desc":"Aggravated Assault - Other","res":""},{"d":"2025-08-11","day":"Mon","time":"04:17","desc":"Aggravated Assault - Other","res":""},{"d":"2025-06-26","day":"Thu","time":"17:38","desc":"Aggravated Assault - Other","res":""},{"d":"2025-06-20","day":"Fri","time":"05:30","desc":"Robbery - Carjacking","res":""},{"d":"2025-05-11","day":"Sun","time":"17:55","desc":"Aggravated Assault - Other","res":""},{"d":"2025-04-09","day":"Wed","time":"22:05","desc":"Aggravated Assault - Other","res":""},{"d":"2025-02-28","day":"Fri","time":"06:33","desc":"Aggravated Assault - Domestic Violence (DV)","res":""},{"d":"2025-02-23","day":"Sun","time":"17:05","desc":"Aggravated Assault - Other","res":""}]}},{"type":"Feature","geometry":{"type":"Polygon","coordinates":[[[-110.85239890894087,32.243452730558495],[-110.85115843839644,32.245109367403806],[-110.85224250674484,32.246830693712035],[-110.85456707893469,32.246895362985526],[-110.85580751457107,32.245238709004425],[-110.85472341292856,32.24351740288567],[-110.85239890894087,32.243452730558495],[-110.85239890894087,32.243452730558495]]]},"properties":{"h3":"8948e855667ffff","count":3,"c3":0,"c6":0,"c12":0,"c24":3,"score":1.3,"risk":6,"peakDay":"Friday","peakTime":"afternoon","hood":"","bk12":{"morning":0,"afternoon":0,"evening":0,"night":0},"bk24":{"morning":0,"afternoon":2,"evening":1,"night":0},"recent":[{"d":"2025-08-08","day":"Fri","time":"17:00","desc":"Aggravated Assault - Domestic Violence (DV)","res":""},{"d":"2025-06-22","day":"Sun","time":"15:00","desc":"Aggravated Assault - Other","res":""},{"d":"2025-01-31","day":"Fri","time":"12:06","desc":"Robbery - Highway","res":""}]}},{"type":"Feature","geometry":{"type":"Polygon","coordinates":[[[-111.02793469675935,32.22116080542268],[-111.02669725770359,32.222819124904],[-111.02778348129944,32.2245389542041],[-111.03010717673445,32.22460044363246],[-111.03134458038178,32.22294210718333],[-111.03025832400543,32.2212222982737],[-111.02793469675935,32.22116080542268],[-111.02793469675935,32.22116080542268]]]},"properties":{"h3":"8948e85688fffff","count":9,"c3":0,"c6":0,"c12":4,"c24":9,"score":4.4,"risk":20,"peakDay":"Tuesday","peakTime":"afternoon","hood":"","bk12":{"morning":3,"afternoon":1,"evening":0,"night":0},"bk24":{"morning":3,"afternoon":5,"evening":1,"night":0},"recent":[{"d":"2025-12-28","day":"Sun","time":"05:10","desc":"Aggravated Assault - Other","res":""},{"d":"2025-12-28","day":"Sun","time":"05:10","desc":"Aggravated Assault - Other","res":""},{"d":"2025-11-20","day":"Thu","time":"12:51","desc":"Aggravated Assault - Other","res":""},{"d":"2025-10-21","day":"Tue","time":"11:10","desc":"Aggravated Assault - Other","res":""},{"d":"2025-06-24","day":"Tue","time":"14:00","desc":"Aggravated Assault - Domestic Violence (DV)","res":""},{"d":"2025-06-24","day":"Tue","time":"14:00","desc":"Aggravated Assault - Domestic Violence (DV)","res":""},{"d":"2025-03-12","day":"Wed","time":"19:11","desc":"Aggravated Assault - Drive-By","res":""},{"d":"2025-02-18","day":"Tue","time":"12:05","desc":"Aggravated Assault - Other","res":""},{"d":"2025-02-01","day":"Sat","time":"13:25","desc":"Aggravated Assault - Domestic Violence (DV)","res":""}]}},{"type":"Feature","geometry":{"type":"Polygon","coordinates":[[[-110.96733685980537,32.17218340054406],[-110.96609897801235,32.17384153856268],[-110.96718392872454,32.17556238594398],[-110.9695067941583,32.175625074952734],[-110.97074464074981,32.17396691987658],[-110.96965965711195,32.172246092849285],[-110.96733685980537,32.17218340054406],[-110.96733685980537,32.17218340054406]]]},"properties":{"h3":"8948e8560cbffff","count":4,"c3":0,"c6":0,"c12":1,"c24":4,"score":1.7,"risk":8,"peakDay":"Saturday","peakTime":"evening","hood":"Fairgrounds","bk12":{"morning":0,"afternoon":0,"evening":1,"night":0},"bk24":{"morning":1,"afternoon":0,"evening":3,"night":0},"recent":[{"d":"2025-10-25","day":"Sat","time":"21:00","desc":"Robbery - Highway","res":""},{"d":"2025-04-19","day":"Sat","time":"06:57","desc":"Aggravated Assault - Other","res":""},{"d":"2025-04-08","day":"Tue","time":"17:00","desc":"Aggravated Assault - Domestic Violence (DV)","res":""},{"d":"2025-02-01","day":"Sat","time":"19:00","desc":"Robbery - Residence","res":""}]}},{"type":"Feature","geometry":{"type":"Polygon","coordinates":[[[-110.92646699731837,32.22689015438318],[-110.92522788021708,32.22854755395985],[-110.92631279329248,32.230268313630596],[-110.92863685654552,32.23033165344612],[-110.92987593853167,32.22867423680032],[-110.92879099238284,32.22695349740821],[-110.92646699731837,32.22689015438318],[-110.92646699731837,32.22689015438318]]]},"properties":{"h3":"8948e85460fffff","count":3,"c3":0,"c6":0,"c12":1,"c24":3,"score":1.3,"risk":6,"peakDay":"Saturday","peakTime":"night","hood":"Sam Hughes","bk12":{"morning":0,"afternoon":0,"evening":0,"night":1},"bk24":{"morning":0,"afternoon":0,"evening":0,"night":3},"recent":[{"d":"2025-10-13","day":"Mon","time":"02:00","desc":"Robbery - Highway","res":""},{"d":"2025-05-03","day":"Sat","time":"03:43","desc":"Aggravated Assault - Domestic Violence (DV)","res":""},{"d":"2025-02-01","day":"Sat","time":"22:23","desc":"Aggravated Assault - Domestic Violence (DV)","res":""}]}},{"type":"Feature","geometry":{"type":"Polygon","coordinates":[[[-110.77553615271005,32.09578859090865],[-110.77429604680638,32.0974455925116],[-110.77537769464934,32.09916894733391],[-110.77769948182647,32.0992352803622],[-110.77893955313608,32.0975782614625],[-110.77785787186548,32.09585492683133],[-110.77553615271005,32.09578859090865],[-110.77553615271005,32.09578859090865]]]},"properties":{"h3":"8948e8522cbffff","count":1,"c3":0,"c6":0,"c12":0,"c24":1,"score":0.3,"risk":2,"peakDay":"Sunday","peakTime":"night","hood":"Rita Ranch","bk12":{"morning":0,"afternoon":0,"evening":0,"night":0},"bk24":{"morning":0,"afternoon":0,"evening":0,"night":1},"recent":[{"d":"2025-02-02","day":"Sun","time":"03:30","desc":"Aggravated Assault - Domestic Violence (DV)","res":""}]}},{"type":"Feature","geometry":{"type":"Polygon","coordinates":[[[-110.97562429828301,32.297545074111746],[-110.97438520726674,32.29920240103687],[-110.9754714451174,32.30092205856066],[-110.97779680696068,32.30098436886871],[-110.97903586267489,32.29932702496411],[-110.97794959185082,32.297607387730984],[-110.97562429828301,32.297545074111746],[-110.97562429828301,32.297545074111746]]]},"properties":{"h3":"8948e854a07ffff","count":1,"c3":0,"c6":0,"c12":0,"c24":1,"score":0.3,"risk":2,"peakDay":"Sunday","peakTime":"night","hood":"","bk12":{"morning":0,"afternoon":0,"evening":0,"night":0},"bk24":{"morning":0,"afternoon":0,"evening":0,"night":1},"recent":[{"d":"2025-02-02","day":"Sun","time":"03:47","desc":"Aggravated Assault - Peace Officer (Non-Serious Injury)","res":""}]}},{"type":"Feature","geometry":{"type":"Polygon","coordinates":[[[-110.81679924202295,32.18325557599191],[-110.81555885242138,32.18491232652552],[-110.81664187583601,32.18663452426673],[-110.81896532221593,32.18669995128884],[-110.82020567705014,32.185043183549574],[-110.81912262027468,32.18332100599393],[-110.81679924202295,32.18325557599191],[-110.81679924202295,32.18325557599191]]]},"properties":{"h3":"8948e850ea3ffff","count":4,"c3":0,"c6":0,"c12":0,"c24":4,"score":1.6,"risk":7,"peakDay":"Sunday","peakTime":"morning","hood":"","bk12":{"morning":0,"afternoon":0,"evening":0,"night":0},"bk24":{"morning":1,"afternoon":1,"evening":1,"night":1},"recent":[{"d":"2025-07-16","day":"Wed","time":"18:32","desc":"Aggravated Assault - Other","res":""},{"d":"2025-05-24","day":"Sat","time":"23:25","desc":"Aggravated Assault - Other","res":""},{"d":"2025-03-24","day":"Mon","time":"14:54","desc":"Aggravated Assault - Domestic Violence (DV)","res":""},{"d":"2025-02-02","day":"Sun","time":"05:00","desc":"Robbery - Highway","res":""}]}},{"type":"Feature","geometry":{"type":"Polygon","coordinates":[[[-110.94428104547964,32.218918613858854],[-110.94304229703958,32.22057622437792],[-110.94412737537138,32.22229688260803],[-110.94645123516419,32.22235991001678],[-110.94768994844182,32.22070228244244],[-110.94660483709198,32.218981644514685],[-110.94428104547964,32.218918613858854],[-110.94428104547964,32.218918613858854]]]},"properties":{"h3":"8948e85447bffff","count":4,"c3":0,"c6":0,"c12":2,"c24":4,"score":1.9,"risk":9,"peakDay":"Friday","peakTime":"morning","hood":"Arroyo Chico","bk12":{"morning":0,"afternoon":2,"evening":0,"night":0},"bk24":{"morning":2,"afternoon":2,"evening":0,"night":0},"recent":[{"d":"2025-12-03","day":"Wed","time":"13:04","desc":"Robbery - Carjacking","res":""},{"d":"2025-10-10","day":"Fri","time":"14:59","desc":"Robbery - Miscellaneous","res":""},{"d":"2025-05-16","day":"Fri","time":"08:18","desc":"Aggravated Assault - Other","res":""},{"d":"2025-02-02","day":"Sun","time":"08:45","desc":"Robbery - Convenience Stores","res":""}]}},{"type":"Feature","geometry":{"type":"Polygon","coordinates":[[[-110.79866325814932,32.1979684380556],[-110.79742242408018,32.1996249263079],[-110.79850533942165,32.20134716862204],[-110.80082912225605,32.201412902526485],[-110.80206992160217,32.19975639705828],[-110.80098697283982,32.198034174901615],[-110.79866325814932,32.1979684380556],[-110.79866325814932,32.1979684380556]]]},"properties":{"h3":"8948e850ad3ffff","count":1,"c3":0,"c6":0,"c12":0,"c24":1,"score":0.3,"risk":2,"peakDay":"Sunday","peakTime":"afternoon","hood":"","bk12":{"morning":0,"afternoon":0,"evening":0,"night":0},"bk24":{"morning":0,"afternoon":1,"evening":0,"night":0},"recent":[{"d":"2025-02-02","day":"Sun","time":"14:27","desc":"Aggravated Assault - Other","res":""}]}},{"type":"Feature","geometry":{"type":"Polygon","coordinates":[[[-110.95964097411601,32.26499208259909],[-110.95840197706389,32.26664950146951],[-110.95948769422571,32.268369603324814],[-110.96181244144304,32.26843226601748],[-110.96305140325974,32.26677483013312],[-110.9619656530974,32.26505474857012],[-110.95964097411601,32.26499208259909],[-110.95964097411601,32.26499208259909]]]},"properties":{"h3":"8948e854337ffff","count":7,"c3":0,"c6":0,"c12":2,"c24":7,"score":3.2,"risk":14,"peakDay":"Monday","peakTime":"morning","hood":"Mountain View","bk12":{"morning":1,"afternoon":0,"evening":0,"night":1},"bk24":{"morning":4,"afternoon":0,"evening":0,"night":3},"recent":[{"d":"2025-11-11","day":"Tue","time":"04:37","desc":"Robbery - Convenience Stores","res":""},{"d":"2025-11-07","day":"Fri","time":"06:22","desc":"Aggravated Assault - Other","res":""},{"d":"2025-06-30","day":"Mon","time":"09:47","desc":"Aggravated Assault - Other","res":""},{"d":"2025-06-13","day":"Fri","time":"04:11","desc":"Robbery - Convenience Stores","res":""},{"d":"2025-05-12","day":"Mon","time":"11:04","desc":"Aggravated Assault - Other","res":""},{"d":"2025-04-04","day":"Fri","time":"09:23","desc":"Aggravated Assault - Other","res":""},{"d":"2025-02-03","day":"Mon","time":"00:07","desc":"Robbery - Miscellaneous","res":""}]}},{"type":"Feature","geometry":{"type":"Polygon","coordinates":[[[-110.96936881836122,32.20437558938717],[-110.96813062483685,32.20603351973176],[-110.9692159044557,32.20775406407469],[-110.97153941054,32.2078166577355],[-110.97277756883734,32.206158710353364],[-110.97169225628032,32.204438186348035],[-110.96936881836122,32.20437558938717],[-110.96936881836122,32.20437558938717]]]},"properties":{"h3":"8948e856347ffff","count":4,"c3":0,"c6":0,"c12":2,"c24":4,"score":1.9,"risk":8,"peakDay":"Sunday","peakTime":"night","hood":"Barrio Santa Rosa","bk12":{"morning":0,"afternoon":0,"evening":0,"night":2},"bk24":{"morning":1,"afternoon":1,"evening":0,"night":2},"recent":[{"d":"2025-10-12","day":"Sun","time":"02:45","desc":"Aggravated Assault - Other","res":""},{"d":"2025-10-05","day":"Sun","time":"23:53","desc":"Aggravated Assault - Other","res":""},{"d":"2025-04-26","day":"Sat","time":"13:22","desc":"Aggravated Assault - Other","res":""},{"d":"2025-02-03","day":"Mon","time":"05:36","desc":"Aggravated Assault - Peace Officer (Non-Serious Injury)","res":""}]}},{"type":"Feature","geometry":{"type":"Polygon","coordinates":[[[-110.96228540340184,32.28366173687882],[-110.96104624852762,32.285319046446816],[-110.96213217650318,32.28703895674463],[-110.96445729235943,32.28710153719013],[-110.96569641197908,32.28544421062124],[-110.96461045099996,32.28372432060782],[-110.96228540340184,32.28366173687882],[-110.96228540340184,32.28366173687882]]]},"properties":{"h3":"8948e855da7ffff","count":5,"c3":0,"c6":0,"c12":0,"c24":5,"score":2,"risk":9,"peakDay":"Sunday","peakTime":"morning","hood":"","bk12":{"morning":0,"afternoon":0,"evening":0,"night":0},"bk24":{"morning":2,"afternoon":1,"evening":0,"night":2},"recent":[{"d":"2025-08-10","day":"Sun","time":"05:08","desc":"Robbery - Highway","res":""},{"d":"2025-04-20","day":"Sun","time":"13:20","desc":"Aggravated Assault - Other","res":""},{"d":"2025-03-20","day":"Thu","time":"01:04","desc":"Aggravated Assault - Other","res":""},{"d":"2025-03-08","day":"Sat","time":"00:00","desc":"Aggravated Assault - Other","res":""},{"d":"2025-02-03","day":"Mon","time":"08:35","desc":"Robbery - Highway","res":""}]}},{"type":"Feature","geometry":{"type":"Polygon","coordinates":[[[-110.8947048112746,32.23447624599539],[-110.89346510821382,32.23613331554166],[-110.8945496640174,32.237854314241936],[-110.89687395605306,32.237918223155845],[-110.89811362408716,32.236261136512084],[-110.89702903511522,32.23454015805198],[-110.8947048112746,32.23447624599539],[-110.8947048112746,32.23447624599539]]]},"properties":{"h3":"8948e855557ffff","count":5,"c3":0,"c6":0,"c12":1,"c24":5,"score":2,"risk":9,"peakDay":"Monday","peakTime":"morning","hood":"Garden District","bk12":{"morning":0,"afternoon":1,"evening":0,"night":0},"bk24":{"morning":3,"afternoon":1,"evening":0,"night":1},"recent":[{"d":"2025-08-27","day":"Wed","time":"12:12","desc":"Aggravated Assault - Other","res":""},{"d":"2025-07-09","day":"Wed","time":"02:30","desc":"Robbery - Highway","res":""},{"d":"2025-02-03","day":"Mon","time":"10:47","desc":"Robbery - Highway","res":""},{"d":"2025-02-03","day":"Mon","time":"10:47","desc":"Robbery - Highway","res":""},{"d":"2025-02-03","day":"Mon","time":"10:47","desc":"Robbery - Highway","res":""}]}},{"type":"Feature","geometry":{"type":"Polygon","coordinates":[[[-110.94038524616238,32.15115250384004],[-110.93914716025392,32.152810555020494],[-110.94023155155274,32.154531846841614],[-110.94255406175344,32.154595067145074],[-110.94379211255196,32.152936998867595],[-110.94270768826259,32.15121572738374],[-110.94038524616238,32.15115250384004],[-110.94038524616238,32.15115250384004]]]},"properties":{"h3":"8948e8cdba3ffff","count":2,"c3":0,"c6":0,"c12":0,"c24":2,"score":0.7,"risk":3,"peakDay":"Monday","peakTime":"afternoon","hood":"Cherry Avenue","bk12":{"morning":0,"afternoon":0,"evening":0,"night":0},"bk24":{"morning":0,"afternoon":2,"evening":0,"night":0},"recent":[{"d":"2025-02-03","day":"Mon","time":"16:12","desc":"Aggravated Assault - Domestic Violence (DV)","res":""},{"d":"2025-02-03","day":"Mon","time":"16:12","desc":"Aggravated Assault - Domestic Violence (DV)","res":""}]}},{"type":"Feature","geometry":{"type":"Polygon","coordinates":[[[-110.81800307872734,32.232343167325126],[-110.81676218231465,32.23399958199156],[-110.81784568118428,32.23572133654299],[-110.82017010985518,32.23578665626933],[-110.82141097146746,32.23413022442585],[-110.82032743921218,32.23240849003314],[-110.81800307872734,32.232343167325126],[-110.81800307872734,32.232343167325126]]]},"properties":{"h3":"8948e8424a7ffff","count":3,"c3":0,"c6":0,"c12":0,"c24":3,"score":1.2,"risk":5,"peakDay":"Monday","peakTime":"afternoon","hood":"Carriage Park","bk12":{"morning":0,"afternoon":0,"evening":0,"night":0},"bk24":{"morning":1,"afternoon":1,"evening":0,"night":1},"recent":[{"d":"2025-08-12","day":"Tue","time":"05:32","desc":"Aggravated Assault - Domestic Violence (DV)","res":""},{"d":"2025-02-17","day":"Mon","time":"02:33","desc":"Aggravated Assault - Other","res":""},{"d":"2025-02-03","day":"Mon","time":"16:38","desc":"Robbery - Residence","res":""}]}},{"type":"Feature","geometry":{"type":"Polygon","coordinates":[[[-110.94937865081378,32.18353815110992],[-110.94814036185403,32.18519605411644],[-110.94922517734862,32.186916974964944],[-110.95154831478924,32.18697997247881],[-110.95278656859313,32.18532205240258],[-110.95170172011515,32.18360115188228],[-110.94937865081378,32.18353815110992],[-110.94937865081378,32.18353815110992]]]},"properties":{"h3":"8948e8562c7ffff","count":3,"c3":0,"c6":0,"c12":0,"c24":3,"score":1.3,"risk":6,"peakDay":"Sunday","peakTime":"afternoon","hood":"South Park","bk12":{"morning":0,"afternoon":0,"evening":0,"night":0},"bk24":{"morning":0,"afternoon":2,"evening":1,"night":0},"recent":[{"d":"2025-06-29","day":"Sun","time":"14:54","desc":"Aggravated Assault - Domestic Violence (DV)","res":""},{"d":"2025-06-29","day":"Sun","time":"14:54","desc":"Aggravated Assault - Domestic Violence (DV)","res":""},{"d":"2025-02-03","day":"Mon","time":"19:03","desc":"Robbery - Highway","res":""}]}},{"type":"Feature","geometry":{"type":"Polygon","coordinates":[[[-110.79834741144992,32.20472584581554],[-110.79710649998887,32.206382283626844],[-110.7981894742333,32.20810446961379],[-110.80051339336731,32.208170197636214],[-110.80175427010221,32.20651374261243],[-110.80067126243215,32.204791576778774],[-110.79834741144992,32.20472584581554],[-110.79834741144992,32.20472584581554]]]},"properties":{"h3":"8948e850acfffff","count":1,"c3":0,"c6":0,"c12":0,"c24":1,"score":0.3,"risk":2,"peakDay":"Tuesday","peakTime":"morning","hood":"","bk12":{"morning":0,"afternoon":0,"evening":0,"night":0},"bk24":{"morning":1,"afternoon":0,"evening":0,"night":0},"recent":[{"d":"2025-02-04","day":"Tue","time":"08:15","desc":"Robbery - Miscellaneous","res":""}]}},{"type":"Feature","geometry":{"type":"Polygon","coordinates":[[[-110.90539602844235,32.22969633212145],[-110.90415654638957,32.23135352854717],[-110.90524120166498,32.23307446651269],[-110.90756537213119,32.233138187798126],[-110.90880481912887,32.2314809742832],[-110.90772013071833,32.22976005657212],[-110.90539602844235,32.22969633212145],[-110.90539602844235,32.22969633212145]]]},"properties":{"h3":"8948e85558fffff","count":1,"c3":0,"c6":0,"c12":0,"c24":1,"score":0.3,"risk":2,"peakDay":"Tuesday","peakTime":"afternoon","hood":"Peter Howell","bk12":{"morning":0,"afternoon":0,"evening":0,"night":0},"bk24":{"morning":0,"afternoon":1,"evening":0,"night":0},"recent":[{"d":"2025-02-04","day":"Tue","time":"12:32","desc":"Aggravated Assault - Other","res":""}]}},{"type":"Feature","geometry":{"type":"Polygon","coordinates":[[[-111.02702727115273,32.24142889597685],[-111.0257896009234,32.243087065223484],[-111.02687600254855,32.24480672374854],[-111.02920010720052,32.24486819264921],[-111.03043774201167,32.24321000644505],[-111.02935130759197,32.241490368297804],[-111.02702727115273,32.24142889597685],[-111.02702727115273,32.24142889597685]]]},"properties":{"h3":"8948e856b83ffff","count":1,"c3":0,"c6":0,"c12":0,"c24":1,"score":0.3,"risk":2,"peakDay":"Tuesday","peakTime":"evening","hood":"","bk12":{"morning":0,"afternoon":0,"evening":0,"night":0},"bk24":{"morning":0,"afternoon":0,"evening":1,"night":0},"recent":[{"d":"2025-02-04","day":"Tue","time":"17:00","desc":"Robbery - Carjacking","res":""}]}},{"type":"Feature","geometry":{"type":"Polygon","coordinates":[[[-110.9779160214818,32.24688384655107],[-110.97667750943441,32.248541552018054],[-110.9777633025744,32.250261637824345],[-110.98008764070269,32.250323997841484],[-110.98132611747218,32.24866627536935],[-110.98024029139418,32.2469462098853],[-110.9779160214818,32.24688384655107],[-110.9779160214818,32.24688384655107]]]},"properties":{"h3":"8948e854117ffff","count":4,"c3":0,"c6":0,"c12":1,"c24":4,"score":1.8,"risk":8,"peakDay":"Tuesday","peakTime":"afternoon","hood":"Bronx Park","bk12":{"morning":0,"afternoon":1,"evening":0,"night":0},"bk24":{"morning":1,"afternoon":2,"evening":1,"night":0},"recent":[{"d":"2025-09-01","day":"Mon","time":"12:13","desc":"Robbery - Convenience Stores","res":""},{"d":"2025-06-21","day":"Sat","time":"15:40","desc":"Aggravated Assault - Other","res":""},{"d":"2025-06-13","day":"Fri","time":"07:25","desc":"Aggravated Assault - Other","res":""},{"d":"2025-02-04","day":"Tue","time":"18:44","desc":"Aggravated Assault - Other","res":""}]}},{"type":"Feature","geometry":{"type":"Polygon","coordinates":[[[-110.98310314761214,32.13200719111779],[-110.98186594591513,32.13366574516592],[-110.98295073237112,32.135386792626925],[-110.98527275338498,32.135449265645725],[-110.98650991985886,32.133790694533886],[-110.98542510054493,32.13206966746702],[-110.98310314761214,32.13200719111779],[-110.98310314761214,32.13200719111779]]]},"properties":{"h3":"8948e8cca07ffff","count":11,"c3":0,"c6":0,"c12":6,"c24":11,"score":5.5,"risk":25,"peakDay":"Wednesday","peakTime":"afternoon","hood":"Sunnyside","bk12":{"morning":1,"afternoon":3,"evening":2,"night":0},"bk24":{"morning":2,"afternoon":5,"evening":4,"night":0},"recent":[{"d":"2025-11-30","day":"Sun","time":"20:06","desc":"Robbery - Convenience Stores","res":""},{"d":"2025-11-25","day":"Tue","time":"16:38","desc":"Robbery - Convenience Stores","res":""},{"d":"2025-10-20","day":"Mon","time":"11:46","desc":"Aggravated Assault - Other","res":""},{"d":"2025-10-15","day":"Wed","time":"12:30","desc":"Robbery - Convenience Stores","res":""},{"d":"2025-10-15","day":"Wed","time":"12:30","desc":"Robbery - Convenience Stores","res":""},{"d":"2025-09-11","day":"Thu","time":"17:30","desc":"Robbery - Convenience Stores","res":""},{"d":"2025-08-06","day":"Wed","time":"12:08","desc":"Aggravated Assault - Other","res":""},{"d":"2025-07-21","day":"Mon","time":"13:13","desc":"Robbery - Convenience Stores","res":""},{"d":"2025-07-16","day":"Wed","time":"21:36","desc":"Robbery - Convenience Stores","res":""},{"d":"2025-02-05","day":"Wed","time":"18:30","desc":"Robbery - Convenience Stores","res":""}]}},{"type":"Feature","geometry":{"type":"Polygon","coordinates":[[[-110.95477963659059,32.141392917467755],[-110.95354188386194,32.14305116130593],[-110.95462637749499,32.14477239985855],[-110.95694865680352,32.14483537421472],[-110.95818637438606,32.143177113288864],[-110.95710184780906,32.1414558950946],[-110.95477963659059,32.141392917467755],[-110.95477963659059,32.141392917467755]]]},"properties":{"h3":"8948e8cd903ffff","count":2,"c3":0,"c6":0,"c12":1,"c24":2,"score":0.9,"risk":4,"peakDay":"Wednesday","peakTime":"afternoon","hood":"","bk12":{"morning":0,"afternoon":1,"evening":0,"night":0},"bk24":{"morning":0,"afternoon":2,"evening":0,"night":0},"recent":[{"d":"2025-10-15","day":"Wed","time":"15:47","desc":"Aggravated Assault - Other","res":""},{"d":"2025-02-05","day":"Wed","time":"13:00","desc":"Aggravated Assault - Domestic Violence (DV)","res":""}]}},{"type":"Feature","geometry":{"type":"Polygon","coordinates":[[[-110.88835343060957,32.2207714074078],[-110.88711377344714,32.22242851832026],[-110.88819811515083,32.22414969915376],[-110.89052214719842,32.22421374883367],[-110.89176176936105,32.222556620809584],[-110.89067739447877,32.220835460217295],[-110.88835343060957,32.2207714074078],[-110.88835343060957,32.2207714074078]]]},"properties":{"h3":"8948e8554a3ffff","count":4,"c3":0,"c6":0,"c12":1,"c24":4,"score":1.6,"risk":7,"peakDay":"Wednesday","peakTime":"afternoon","hood":"","bk12":{"morning":1,"afternoon":0,"evening":0,"night":0},"bk24":{"morning":1,"afternoon":3,"evening":0,"night":0},"recent":[{"d":"2025-09-18","day":"Thu","time":"08:16","desc":"Robbery - Miscellaneous","res":""},{"d":"2025-02-05","day":"Wed","time":"15:23","desc":"Aggravated Assault - Peace Officer (Non-Serious Injury)","res":""},{"d":"2025-02-05","day":"Wed","time":"15:23","desc":"Aggravated Assault - Peace Officer (Non-Serious Injury)","res":""},{"d":"2025-02-05","day":"Wed","time":"15:23","desc":"Aggravated Assault - Peace Officer (Non-Serious Injury)","res":""}]}},{"type":"Feature","geometry":{"type":"Polygon","coordinates":[[[-110.84158609948965,32.175492937724485],[-110.84034618539776,32.17714995930195],[-110.84142947158206,32.178871987533164],[-110.84375270514694,32.17893697397017],[-110.84499258440344,32.177279935208],[-110.84390926493334,32.17555792719362],[-110.84158609948965,32.175492937724485],[-110.84158609948965,32.175492937724485]]]},"properties":{"h3":"8948e850cafffff","count":1,"c3":0,"c6":0,"c12":0,"c24":1,"score":0.3,"risk":2,"peakDay":"Thursday","peakTime":"morning","hood":"","bk12":{"morning":0,"afternoon":0,"evening":0,"night":0},"bk24":{"morning":1,"afternoon":0,"evening":0,"night":0},"recent":[{"d":"2025-02-06","day":"Thu","time":"07:36","desc":"Aggravated Assault - Peace Officer (Non-Serious Injury)","res":""}]}},{"type":"Feature","geometry":{"type":"Polygon","coordinates":[[[-110.82004840845329,32.18842210072093],[-110.81880801495042,32.19007884331447],[-110.81989113065124,32.191800964612064],[-110.82221467321236,32.19186632313008],[-110.82345503193518,32.19020956333709],[-110.82237188287985,32.1884874622256],[-110.82004840845329,32.18842210072093],[-110.82004840845329,32.18842210072093]]]},"properties":{"h3":"8948e8508dbffff","count":4,"c3":0,"c6":0,"c12":1,"c24":4,"score":1.8,"risk":8,"peakDay":"Thursday","peakTime":"night","hood":"","bk12":{"morning":0,"afternoon":0,"evening":0,"night":1},"bk24":{"morning":1,"afternoon":1,"evening":0,"night":2},"recent":[{"d":"2025-09-20","day":"Sat","time":"22:53","desc":"Aggravated Assault - Domestic Violence (DV)","res":""},{"d":"2025-08-10","day":"Sun","time":"13:35","desc":"Aggravated Assault - Domestic Violence (DV)","res":""},{"d":"2025-06-20","day":"Fri","time":"23:31","desc":"Aggravated Assault - Other","res":""},{"d":"2025-02-06","day":"Thu","time":"11:18","desc":"Aggravated Assault - Domestic Violence (DV)","res":""}]}},{"type":"Feature","geometry":{"type":"Polygon","coordinates":[[[-110.83528722348379,32.0856354655931],[-110.83404817042064,32.08729305896615],[-110.83513053214315,32.08901593095064],[-110.83745198018384,32.089081189300344],[-110.83869099848398,32.087423578685794],[-110.83760860350934,32.085700726963104],[-110.83528722348379,32.0856354655931],[-110.83528722348379,32.0856354655931]]]},"properties":{"h3":"8948e852577ffff","count":1,"c3":0,"c6":0,"c12":0,"c24":1,"score":0.3,"risk":2,"peakDay":"Thursday","peakTime":"morning","hood":"","bk12":{"morning":0,"afternoon":0,"evening":0,"night":0},"bk24":{"morning":1,"afternoon":0,"evening":0,"night":0},"recent":[{"d":"2025-02-06","day":"Thu","time":"11:45","desc":"Aggravated Assault - Other","res":""}]}},{"type":"Feature","geometry":{"type":"Polygon","coordinates":[[[-110.93574787963287,32.176401404252765],[-110.93450945016006,32.17805923893545],[-110.93559401535082,32.179780353944636],[-110.93791704303543,32.179843613953516],[-110.93915543739655,32.17818576218312],[-110.93807083918765,32.17646466749163],[-110.93574787963287,32.176401404252765],[-110.93574787963287,32.176401404252765]]]},"properties":{"h3":"8948e8575abffff","count":3,"c3":0,"c6":0,"c12":2,"c24":3,"score":1.5,"risk":7,"peakDay":"Thursday","peakTime":"night","hood":"Bravo Park Lane","bk12":{"morning":0,"afternoon":0,"evening":0,"night":2},"bk24":{"morning":0,"afternoon":1,"evening":0,"night":2},"recent":[{"d":"2025-11-06","day":"Thu","time":"02:17","desc":"Aggravated Assault - Other","res":""},{"d":"2025-11-06","day":"Thu","time":"02:17","desc":"Aggravated Assault - Other","res":""},{"d":"2025-02-06","day":"Thu","time":"12:00","desc":"Aggravated Assault - Other","res":""}]}},{"type":"Feature","geometry":{"type":"Polygon","coordinates":[[[-110.96738023902161,32.24829159220944],[-110.96614154403231,32.249949196319285],[-110.96722720866433,32.251669371534966],[-110.9695516012574,32.251731922330706],[-110.97079026099875,32.25007430120566],[-110.9697045633979,32.24835414630014],[-110.96738023902161,32.24829159220944],[-110.96738023902161,32.24829159220944]]]},"properties":{"h3":"8948e854157ffff","count":4,"c3":0,"c6":0,"c12":1,"c24":4,"score":1.9,"risk":8,"peakDay":"Thursday","peakTime":"afternoon","hood":"Sugar Hill","bk12":{"morning":0,"afternoon":1,"evening":0,"night":0},"bk24":{"morning":1,"afternoon":3,"evening":0,"night":0},"recent":[{"d":"2025-12-27","day":"Sat","time":"13:33","desc":"Aggravated Assault - Other","res":""},{"d":"2025-08-02","day":"Sat","time":"13:54","desc":"Aggravated Assault - Other","res":""},{"d":"2025-04-17","day":"Thu","time":"06:24","desc":"Robbery - Highway","res":""},{"d":"2025-02-06","day":"Thu","time":"16:25","desc":"Aggravated Assault - Other","res":""}]}},{"type":"Feature","geometry":{"type":"Polygon","coordinates":[[[-110.97358898055911,32.265367436670005],[-110.97235020171189,32.2670249740267],[-110.97343611008804,32.26874493765244],[-110.97576083027519,32.268807343614576],[-110.97699957384592,32.26714978925851],[-110.9759136325089,32.26542984593975],[-110.97358898055911,32.265367436670005],[-110.97358898055911,32.265367436670005]]]},"properties":{"h3":"8948e854e8bffff","count":2,"c3":0,"c6":0,"c12":0,"c24":2,"score":0.8,"risk":4,"peakDay":"Friday","peakTime":"night","hood":"Amphi","bk12":{"morning":0,"afternoon":0,"evening":0,"night":0},"bk24":{"morning":1,"afternoon":0,"evening":0,"night":1},"recent":[{"d":"2025-06-24","day":"Tue","time":"10:57","desc":"Aggravated Assault - Other","res":""},{"d":"2025-02-07","day":"Fri","time":"00:17","desc":"Aggravated Assault - Other","res":""}]}},{"type":"Feature","geometry":{"type":"Polygon","coordinates":[[[-110.84883389412428,32.24504463245704],[-110.84759334999976,32.24670122686475],[-110.848677385043,32.2484225733577],[-110.85100199751886,32.24848730525828],[-110.85224250674484,32.246830693712035],[-110.85115843839644,32.245109367403806],[-110.84883389412428,32.24504463245704],[-110.84883389412428,32.24504463245704]]]},"properties":{"h3":"8948e85566fffff","count":5,"c3":0,"c6":0,"c12":2,"c24":5,"score":2.3,"risk":10,"peakDay":"Friday","peakTime":"evening","hood":"","bk12":{"morning":1,"afternoon":1,"evening":0,"night":0},"bk24":{"morning":1,"afternoon":2,"evening":2,"night":0},"recent":[{"d":"2025-12-18","day":"Thu","time":"09:46","desc":"Robbery - Convenience Stores","res":""},{"d":"2025-09-18","day":"Thu","time":"16:33","desc":"Aggravated Assault - Other","res":""},{"d":"2025-06-24","day":"Tue","time":"14:00","desc":"Robbery - Convenience Stores","res":""},{"d":"2025-02-07","day":"Fri","time":"17:50","desc":"Aggravated Assault - Other","res":""},{"d":"2025-02-07","day":"Fri","time":"17:50","desc":"Aggravated Assault - Other","res":""}]}},{"type":"Feature","geometry":{"type":"Polygon","coordinates":[[[-110.8789068634494,32.19852235116524],[-110.8776672945278,32.200179536421],[-110.8787513004008,32.201901004098055],[-110.88107490839104,32.2019652662756],[-110.88231444235399,32.20030806388617],[-110.88123040328823,32.198586616452936],[-110.8789068634494,32.19852235116524],[-110.8789068634494,32.19852235116524]]]},"properties":{"h3":"8948e857203ffff","count":2,"c3":0,"c6":0,"c12":1,"c24":2,"score":1,"risk":4,"peakDay":"Friday","peakTime":"evening","hood":"Myers","bk12":{"morning":0,"afternoon":1,"evening":0,"night":0},"bk24":{"morning":0,"afternoon":1,"evening":1,"night":0},"recent":[{"d":"2025-12-02","day":"Tue","time":"14:33","desc":"Aggravated Assault - Other","res":""},{"d":"2025-02-07","day":"Fri","time":"20:00","desc":"Aggravated Assault - Domestic Violence (DV)","res":""}]}},{"type":"Feature","geometry":{"type":"Polygon","coordinates":[[[-110.88246989862515,32.19692938895481],[-110.88123040328823,32.198586616452936],[-110.88231444235399,32.20030806388617],[-110.88463800994124,32.200372263572746],[-110.88587747031004,32.1987150189437],[-110.88479339806257,32.19699359175906],[-110.88246989862515,32.19692938895481],[-110.88246989862515,32.19692938895481]]]},"properties":{"h3":"8948e857217ffff","count":1,"c3":0,"c6":0,"c12":0,"c24":1,"score":0.3,"risk":2,"peakDay":"Saturday","peakTime":"night","hood":"Myers","bk12":{"morning":0,"afternoon":0,"evening":0,"night":0},"bk24":{"morning":0,"afternoon":0,"evening":0,"night":1},"recent":[{"d":"2025-02-08","day":"Sat","time":"02:37","desc":"Aggravated Assault - Other","res":""}]}},{"type":"Feature","geometry":{"type":"Polygon","coordinates":[[[-110.83257704298457,32.21922132187393],[-110.83133651796464,32.22087795685226],[-110.83242009132492,32.222599687266396],[-110.83474422304464,32.222664762520274],[-110.83598471322927,32.221008110372445],[-110.83490110653239,32.219286400140305],[-110.83257704298457,32.21922132187393],[-110.83257704298457,32.21922132187393]]]},"properties":{"h3":"8948e850b17ffff","count":2,"c3":0,"c6":0,"c12":0,"c24":2,"score":0.8,"risk":4,"peakDay":"Saturday","peakTime":"morning","hood":"","bk12":{"morning":0,"afternoon":0,"evening":0,"night":0},"bk24":{"morning":2,"afternoon":0,"evening":0,"night":0},"recent":[{"d":"2025-07-06","day":"Sun","time":"07:09","desc":"Aggravated Assault - Other","res":""},{"d":"2025-02-08","day":"Sat","time":"07:30","desc":"Aggravated Assault - Domestic Violence (DV)","res":""}]}},{"type":"Feature","geometry":{"type":"Polygon","coordinates":[[[-110.89888873543576,32.219370149718394],[-110.89764926056354,32.22102736228898],[-110.89873373131977,32.22274845407938],[-110.90105771009891,32.22281231304592],[-110.90229714994132,32.22115508337374],[-110.90121264603731,32.21943401183668],[-110.89888873543576,32.219370149718394],[-110.89888873543576,32.219370149718394]]]},"properties":{"h3":"8948e857363ffff","count":1,"c3":0,"c6":0,"c12":0,"c24":1,"score":0.3,"risk":2,"peakDay":"Saturday","peakTime":"morning","hood":"Poets Square","bk12":{"morning":0,"afternoon":0,"evening":0,"night":0},"bk24":{"morning":1,"afternoon":0,"evening":0,"night":0},"recent":[{"d":"2025-02-08","day":"Sat","time":"10:30","desc":"Aggravated Assault - Other","res":""}]}},{"type":"Feature","geometry":{"type":"Polygon","coordinates":[[[-110.83970595939033,32.216038018670005],[-110.83846558140156,32.217694738442546],[-110.83954922142401,32.21941642848794],[-110.84187327275254,32.21948137856937],[-110.84311361588696,32.21782464163285],[-110.84202994255007,32.216102971778966],[-110.83970595939033,32.216038018670005],[-110.83970595939033,32.216038018670005]]]},"properties":{"h3":"8948e850bb3ffff","count":4,"c3":0,"c6":0,"c12":0,"c24":4,"score":1.5,"risk":7,"peakDay":"Saturday","peakTime":"afternoon","hood":"","bk12":{"morning":0,"afternoon":0,"evening":0,"night":0},"bk24":{"morning":1,"afternoon":2,"evening":1,"night":0},"recent":[{"d":"2025-06-07","day":"Sat","time":"14:09","desc":"Aggravated Assault - Domestic Violence (DV)","res":""},{"d":"2025-03-23","day":"Sun","time":"08:14","desc":"Aggravated Assault - Other","res":""},{"d":"2025-03-17","day":"Mon","time":"17:22","desc":"Aggravated Assault - Other","res":""},{"d":"2025-02-08","day":"Sat","time":"12:01","desc":"Aggravated Assault - Domestic Violence (DV)","res":""}]}},{"type":"Feature","geometry":{"type":"Polygon","coordinates":[[[-110.956501105447,32.18034815815808],[-110.95526296392146,32.18200614523744],[-110.95634784537171,32.183727025424794],[-110.95867090131162,32.18378989819518],[-110.9599090076624,32.18213189405166],[-110.95882409325091,32.180411034201995],[-110.956501105447,32.18034815815808],[-110.956501105447,32.18034815815808]]]},"properties":{"h3":"8948e856283ffff","count":12,"c3":0,"c6":0,"c12":2,"c24":12,"score":5.4,"risk":24,"peakDay":"Saturday","peakTime":"afternoon","hood":"","bk12":{"morning":1,"afternoon":1,"evening":0,"night":0},"bk24":{"morning":1,"afternoon":9,"evening":0,"night":2},"recent":[{"d":"2025-11-13","day":"Thu","time":"12:24","desc":"Robbery - Carjacking","res":""},{"d":"2025-10-20","day":"Mon","time":"07:19","desc":"Aggravated Assault - Other","res":""},{"d":"2025-07-11","day":"Fri","time":"04:30","desc":"Robbery - Convenience Stores","res":""},{"d":"2025-06-28","day":"Sat","time":"14:43","desc":"Aggravated Assault - Peace Officer (Non-Serious Injury)","res":""},{"d":"2025-06-28","day":"Sat","time":"14:43","desc":"Aggravated Assault - Peace Officer (Non-Serious Injury)","res":""},{"d":"2025-06-28","day":"Sat","time":"14:43","desc":"Aggravated Assault - Peace Officer (Non-Serious Injury)","res":""},{"d":"2025-06-28","day":"Sat","time":"14:43","desc":"Aggravated Assault - Peace Officer (Non-Serious Injury)","res":""},{"d":"2025-06-28","day":"Sat","time":"14:43","desc":"Aggravated Assault - Peace Officer (Non-Serious Injury)","res":""},{"d":"2025-06-28","day":"Sat","time":"14:43","desc":"Aggravated Assault - Peace Officer (Non-Serious Injury)","res":""},{"d":"2025-02-13","day":"Thu","time":"00:02","desc":"Robbery - Convenience Stores","res":""}]}},{"type":"Feature","geometry":{"type":"Polygon","coordinates":[[[-110.96289822123694,32.27015231906361],[-110.96165922081353,32.27180972970736],[-110.96274503024054,32.27352975422569],[-110.96506987308803,32.27359234780757],[-110.96630883826332,32.27193492015611],[-110.96522299584217,32.27021491593057],[-110.96289822123694,32.27015231906361],[-110.96289822123694,32.27015231906361]]]},"properties":{"h3":"8948e854e53ffff","count":4,"c3":0,"c6":0,"c12":2,"c24":4,"score":1.9,"risk":9,"peakDay":"Sunday","peakTime":"night","hood":"Amphi","bk12":{"morning":0,"afternoon":1,"evening":0,"night":1},"bk24":{"morning":0,"afternoon":1,"evening":0,"night":3},"recent":[{"d":"2025-11-24","day":"Mon","time":"03:32","desc":"Aggravated Assault - Other","res":""},{"d":"2025-10-26","day":"Sun","time":"13:44","desc":"Aggravated Assault - Other","res":""},{"d":"2025-04-05","day":"Sat","time":"01:00","desc":"Aggravated Assault - Domestic Violence (DV)","res":""},{"d":"2025-02-09","day":"Sun","time":"04:42","desc":"Aggravated Assault - Other","res":""}]}},{"type":"Feature","geometry":{"type":"Polygon","coordinates":[[[-110.78424587686993,32.207709204460365],[-110.78300471049063,32.20936549765124],[-110.78408752147914,32.21108779238112],[-110.78641153231735,32.211153773783884],[-110.78765266401014,32.209497463367846],[-110.78656981955412,32.20777518877427],[-110.78424587686993,32.207709204460365],[-110.78424587686993,32.207709204460365]]]},"properties":{"h3":"8948e851993ffff","count":1,"c3":0,"c6":0,"c12":0,"c24":1,"score":0.3,"risk":2,"peakDay":"Sunday","peakTime":"morning","hood":"Eastside","bk12":{"morning":0,"afternoon":0,"evening":0,"night":0},"bk24":{"morning":1,"afternoon":0,"evening":0,"night":0},"recent":[{"d":"2025-02-09","day":"Sun","time":"07:30","desc":"Aggravated Assault - Other","res":""}]}},{"type":"Feature","geometry":{"type":"Polygon","coordinates":[[[-110.8841680254202,32.235877160623936],[-110.8829281400516,32.23753412841445],[-110.88401256673694,32.23925521616421],[-110.88633691199296,32.23931931589546],[-110.88757676236489,32.237662330997416],[-110.88649230248036,32.23594126347571],[-110.8841680254202,32.235877160623936],[-110.8841680254202,32.235877160623936]]]},"properties":{"h3":"8948e855097ffff","count":9,"c3":0,"c6":0,"c12":3,"c24":9,"score":4.1,"risk":18,"peakDay":"Monday","peakTime":"morning","hood":"Pinecrest","bk12":{"morning":0,"afternoon":1,"evening":0,"night":2},"bk24":{"morning":5,"afternoon":1,"evening":1,"night":2},"recent":[{"d":"2025-11-26","day":"Wed","time":"22:38","desc":"Aggravated Assault - Domestic Violence (DV)","res":""},{"d":"2025-10-22","day":"Wed","time":"02:40","desc":"Aggravated Assault - Other","res":""},{"d":"2025-09-06","day":"Sat","time":"13:21","desc":"Aggravated Assault - Other","res":""},{"d":"2025-07-08","day":"Tue","time":"11:32","desc":"Aggravated Assault - Other","res":""},{"d":"2025-06-09","day":"Mon","time":"11:10","desc":"Aggravated Assault - Other","res":""},{"d":"2025-04-14","day":"Mon","time":"11:57","desc":"Aggravated Assault - Domestic Violence (DV)","res":""},{"d":"2025-04-14","day":"Mon","time":"11:57","desc":"Aggravated Assault - Domestic Violence (DV)","res":""},{"d":"2025-03-07","day":"Fri","time":"21:23","desc":"Aggravated Assault - Peace Officer (Non-Serious Injury)","res":""},{"d":"2025-02-09","day":"Sun","time":"09:55","desc":"Robbery - Highway","res":""}]}},{"type":"Feature","geometry":{"type":"Polygon","coordinates":[[[-110.90260693550195,32.21439837720433],[-110.90136757290443,32.216055657171296],[-110.90245204725609,32.21777675701143],[-110.90477591734248,32.21784055662447],[-110.90601524490229,32.21618325955694],[-110.90493073741632,32.21446217997701],[-110.90260693550195,32.21439837720433],[-110.90260693550195,32.21439837720433]]]},"properties":{"h3":"8948e85730fffff","count":1,"c3":0,"c6":0,"c12":0,"c24":1,"score":0.3,"risk":2,"peakDay":"Sunday","peakTime":"afternoon","hood":"","bk12":{"morning":0,"afternoon":0,"evening":0,"night":0},"bk24":{"morning":0,"afternoon":1,"evening":0,"night":0},"recent":[{"d":"2025-02-09","day":"Sun","time":"12:17","desc":"Aggravated Assault - Domestic Violence (DV)","res":""}]}},{"type":"Feature","geometry":{"type":"Polygon","coordinates":[[[-110.82036293644258,32.18166421312028],[-110.81912262027468,32.18332100599393],[-110.82020567705014,32.185043183549574],[-110.8225290833461,32.18510854804129],[-110.82376936473709,32.183451737964724],[-110.82268627461193,32.18172958059943],[-110.82036293644258,32.18166421312028],[-110.82036293644258,32.18166421312028]]]},"properties":{"h3":"8948e850eb7ffff","count":2,"c3":0,"c6":0,"c12":0,"c24":2,"score":0.7,"risk":3,"peakDay":"Sunday","peakTime":"afternoon","hood":"","bk12":{"morning":0,"afternoon":0,"evening":0,"night":0},"bk24":{"morning":1,"afternoon":1,"evening":0,"night":0},"recent":[{"d":"2025-03-20","day":"Thu","time":"11:33","desc":"Aggravated Assault - Other","res":""},{"d":"2025-02-09","day":"Sun","time":"12:23","desc":"Aggravated Assault - Other","res":""}]}},{"type":"Feature","geometry":{"type":"Polygon","coordinates":[[[-110.98234098221455,32.14890466970102],[-110.98110358799097,32.15056309978114],[-110.98218852237339,32.15228400661721],[-110.98451088385195,32.15234646298972],[-110.98574824284435,32.15068801585454],[-110.98466327559224,32.148967129401996],[-110.98234098221455,32.14890466970102],[-110.98234098221455,32.14890466970102]]]},"properties":{"h3":"8948e85648fffff","count":1,"c3":0,"c6":0,"c12":0,"c24":1,"score":0.3,"risk":2,"peakDay":"Sunday","peakTime":"afternoon","hood":"Sunnyside","bk12":{"morning":0,"afternoon":0,"evening":0,"night":0},"bk24":{"morning":0,"afternoon":1,"evening":0,"night":0},"recent":[{"d":"2025-02-09","day":"Sun","time":"16:53","desc":"Aggravated Assault - Domestic Violence (DV)","res":""}]}},{"type":"Feature","geometry":{"type":"Polygon","coordinates":[[[-110.87657246112514,32.2491965334164],[-110.87533231250356,32.25085334070639],[-110.87641676138814,32.25257438378021],[-110.87874139212565,32.25263859935189],[-110.87998150576476,32.25098177495402],[-110.87889702365169,32.249260752092425],[-110.87657246112514,32.2491965334164],[-110.87657246112514,32.2491965334164]]]},"properties":{"h3":"8948e85500fffff","count":9,"c3":0,"c6":0,"c12":4,"c24":9,"score":4.2,"risk":19,"peakDay":"Sunday","peakTime":"morning","hood":"","bk12":{"morning":2,"afternoon":1,"evening":0,"night":1},"bk24":{"morning":4,"afternoon":1,"evening":3,"night":1},"recent":[{"d":"2025-11-01","day":"Sat","time":"05:54","desc":"Aggravated Assault - Other","res":""},{"d":"2025-10-21","day":"Tue","time":"13:47","desc":"Aggravated Assault - Other","res":""},{"d":"2025-10-01","day":"Wed","time":"06:00","desc":"Aggravated Assault - Other","res":""},{"d":"2025-09-14","day":"Sun","time":"01:30","desc":"Aggravated Assault - Other","res":""},{"d":"2025-07-06","day":"Sun","time":"06:00","desc":"Aggravated Assault - Domestic Violence (DV)","res":""},{"d":"2025-04-25","day":"Fri","time":"11:58","desc":"Aggravated Assault - Other","res":""},{"d":"2025-03-20","day":"Thu","time":"17:00","desc":"Aggravated Assault - Other","res":""},{"d":"2025-02-23","day":"Sun","time":"17:23","desc":"Aggravated Assault - Other","res":""},{"d":"2025-02-09","day":"Sun","time":"20:49","desc":"Aggravated Assault - Other","res":""}]}},{"type":"Feature","geometry":{"type":"Polygon","coordinates":[[[-110.95944949370255,32.192268241662504],[-110.95821127168594,32.19392617087693],[-110.95929630444877,32.195646917715166],[-110.96161959219076,32.19570971500505],[-110.96285777901673,32.19405176873612],[-110.96177271329428,32.19233104223187],[-110.95944949370255,32.192268241662504],[-110.95944949370255,32.192268241662504]]]},"properties":{"h3":"8948e856233ffff","count":2,"c3":0,"c6":0,"c12":1,"c24":2,"score":0.9,"risk":4,"peakDay":"Monday","peakTime":"morning","hood":"South Park","bk12":{"morning":0,"afternoon":1,"evening":0,"night":0},"bk24":{"morning":1,"afternoon":1,"evening":0,"night":0},"recent":[{"d":"2025-09-24","day":"Wed","time":"16:48","desc":"Aggravated Assault - Drive-By","res":""},{"d":"2025-02-10","day":"Mon","time":"05:00","desc":"Aggravated Assault - Domestic Violence (DV)","res":""}]}},{"type":"Feature","geometry":{"type":"Polygon","coordinates":[[[-110.80746455598731,32.233737784110545],[-110.8062234778239,32.2353940966089],[-110.80730684699336,32.23711593989121],[-110.80963132774558,32.2371814505287],[-110.81087237113867,32.235525120843334],[-110.80978896855275,32.23380329770756],[-110.80746455598731,32.233737784110545],[-110.80746455598731,32.233737784110545]]]},"properties":{"h3":"8948e842407ffff","count":9,"c3":0,"c6":0,"c12":2,"c24":9,"score":4,"risk":18,"peakDay":"Monday","peakTime":"morning","hood":"","bk12":{"morning":0,"afternoon":0,"evening":1,"night":1},"bk24":{"morning":3,"afternoon":2,"evening":1,"night":3},"recent":[{"d":"2025-10-19","day":"Sun","time":"19:20","desc":"Robbery - Convenience Stores","res":""},{"d":"2025-09-22","day":"Mon","time":"02:24","desc":"Aggravated Assault - Domestic Violence (DV)","res":""},{"d":"2025-07-03","day":"Thu","time":"07:30","desc":"Robbery - Miscellaneous","res":""},{"d":"2025-06-24","day":"Tue","time":"01:15","desc":"Robbery - Miscellaneous","res":""},{"d":"2025-06-04","day":"Wed","time":"13:45","desc":"Robbery - Convenience Stores","res":""},{"d":"2025-05-24","day":"Sat","time":"23:24","desc":"Aggravated Assault - Domestic Violence (DV)","res":""},{"d":"2025-04-27","day":"Sun","time":"14:25","desc":"Aggravated Assault - Other","res":""},{"d":"2025-02-10","day":"Mon","time":"06:36","desc":"Aggravated Assault - Other","res":""},{"d":"2025-02-10","day":"Mon","time":"06:36","desc":"Aggravated Assault - Other","res":""}]}},{"type":"Feature","geometry":{"type":"Polygon","coordinates":[[[-110.857057620883,32.21821332579085],[-110.85581749460067,32.21987018177012],[-110.85690138961569,32.221591686048924],[-110.85922544418219,32.22165631413955],[-110.86046553555805,32.21999944101522],[-110.85938160727672,32.21827795694539],[-110.857057620883,32.21821332579085],[-110.857057620883,32.21821332579085]]]},"properties":{"h3":"8948e85092bffff","count":13,"c3":0,"c6":0,"c12":2,"c24":13,"score":5.7,"risk":25,"peakDay":"Monday","peakTime":"morning","hood":"Corbett","bk12":{"morning":2,"afternoon":0,"evening":0,"night":0},"bk24":{"morning":12,"afternoon":1,"evening":0,"night":0},"recent":[{"d":"2025-10-15","day":"Wed","time":"11:44","desc":"Robbery - Commercial House","res":""},{"d":"2025-10-09","day":"Thu","time":"10:59","desc":"Robbery - Miscellaneous","res":""},{"d":"2025-08-15","day":"Fri","time":"08:08","desc":"Aggravated Assault - Peace Officer (Non-Serious Injury)","res":""},{"d":"2025-08-05","day":"Tue","time":"10:28","desc":"Robbery - Convenience Stores","res":""},{"d":"2025-08-04","day":"Mon","time":"11:11","desc":"Robbery - Miscellaneous","res":""},{"d":"2025-06-15","day":"Sun","time":"06:45","desc":"Robbery - Miscellaneous","res":""},{"d":"2025-04-26","day":"Sat","time":"07:53","desc":"Aggravated Assault - Other","res":""},{"d":"2025-04-22","day":"Tue","time":"07:22","desc":"Robbery - Miscellaneous","res":""},{"d":"2025-04-22","day":"Tue","time":"07:22","desc":"Robbery - Miscellaneous","res":""},{"d":"2025-03-08","day":"Sat","time":"13:00","desc":"Robbery - Miscellaneous","res":""}]}},{"type":"Feature","geometry":{"type":"Polygon","coordinates":[[[-110.92739203188715,32.206620076253536],[-110.92615314639653,32.20827762651455],[-110.92723788202493,32.20999855614524],[-110.92956153620604,32.210061915223676],[-110.93080038659112,32.2084043478832],[-110.92971561790351,32.206683438543834],[-110.92739203188715,32.206620076253536],[-110.92739203188715,32.206620076253536]]]},"properties":{"h3":"8948e857177ffff","count":7,"c3":0,"c6":0,"c12":0,"c24":7,"score":2.8,"risk":13,"peakDay":"Monday","peakTime":"evening","hood":"Arroyo Chico","bk12":{"morning":0,"afternoon":0,"evening":0,"night":0},"bk24":{"morning":3,"afternoon":1,"evening":3,"night":0},"recent":[{"d":"2025-07-14","day":"Mon","time":"21:00","desc":"Aggravated Assault - Other","res":""},{"d":"2025-06-28","day":"Sat","time":"19:42","desc":"Robbery - Convenience Stores","res":""},{"d":"2025-06-12","day":"Thu","time":"10:59","desc":"Aggravated Assault - Other","res":""},{"d":"2025-03-26","day":"Wed","time":"13:26","desc":"Robbery - Convenience Stores","res":""},{"d":"2025-03-22","day":"Sat","time":"08:21","desc":"Aggravated Assault - Other","res":""},{"d":"2025-03-09","day":"Sun","time":"05:39","desc":"Robbery - Convenience Stores","res":""},{"d":"2025-02-10","day":"Mon","time":"19:56","desc":"Aggravated Assault - Other","res":""}]}},{"type":"Feature","geometry":{"type":"Polygon","coordinates":[[[-110.96676806380938,32.261802387550304],[-110.96552921444236,32.263459890894765],[-110.96661499759408,32.26517995216076],[-110.96893966309406,32.26524248978062],[-110.97017847720673,32.2635849694278],[-110.96909266107667,32.26186492846353],[-110.96676806380938,32.261802387550304],[-110.96676806380938,32.261802387550304]]]},"properties":{"h3":"8948e854ed3ffff","count":2,"c3":0,"c6":0,"c12":0,"c24":2,"score":0.8,"risk":3,"peakDay":"Tuesday","peakTime":"morning","hood":"Keeling","bk12":{"morning":0,"afternoon":0,"evening":0,"night":0},"bk24":{"morning":1,"afternoon":0,"evening":1,"night":0},"recent":[{"d":"2025-04-22","day":"Tue","time":"19:43","desc":"Aggravated Assault - Domestic Violence (DV)","res":""},{"d":"2025-02-11","day":"Tue","time":"05:00","desc":"Aggravated Assault - Domestic Violence (DV)","res":""}]}},{"type":"Feature","geometry":{"type":"Polygon","coordinates":[[[-110.88510058638354,32.21560770318559],[-110.88386093286877,32.21726482214909],[-110.88494518230665,32.21898607981347],[-110.88726911844712,32.21905019827373],[-110.88850873697476,32.2173930621924],[-110.88742445435199,32.21567182476871],[-110.88510058638354,32.21560770318559],[-110.88510058638354,32.21560770318559]]]},"properties":{"h3":"8948e855487ffff","count":1,"c3":0,"c6":0,"c12":0,"c24":1,"score":0.4,"risk":2,"peakDay":"Tuesday","peakTime":"afternoon","hood":"Rosemont West","bk12":{"morning":0,"afternoon":0,"evening":0,"night":0},"bk24":{"morning":0,"afternoon":1,"evening":0,"night":0},"recent":[{"d":"2025-02-11","day":"Tue","time":"12:08","desc":"Aggravated Assault - Other","res":""}]}},{"type":"Feature","geometry":{"type":"Polygon","coordinates":[[[-110.96799227083325,32.23477993889921],[-110.96675373018365,32.23643764359309],[-110.9678392763214,32.238157932583434],[-110.97016339607109,32.23822049656135],[-110.97140190147921,32.23656277484539],[-110.97031632238202,32.23484250617365],[-110.96799227083325,32.23477993889921],[-110.96799227083325,32.23477993889921]]]},"properties":{"h3":"8948e85456bffff","count":8,"c3":0,"c6":0,"c12":6,"c24":8,"score":4,"risk":18,"peakDay":"Thursday","peakTime":"afternoon","hood":"West University","bk12":{"morning":1,"afternoon":3,"evening":0,"night":2},"bk24":{"morning":1,"afternoon":4,"evening":1,"night":2},"recent":[{"d":"2025-11-25","day":"Tue","time":"14:35","desc":"Aggravated Assault - Other","res":""},{"d":"2025-11-22","day":"Sat","time":"10:44","desc":"Aggravated Assault - Other","res":""},{"d":"2025-09-25","day":"Thu","time":"14:40","desc":"Robbery - Convenience Stores","res":""},{"d":"2025-09-18","day":"Thu","time":"03:13","desc":"Robbery - Service Station","res":""},{"d":"2025-09-04","day":"Thu","time":"23:24","desc":"Aggravated Assault - Other","res":""},{"d":"2025-08-25","day":"Mon","time":"16:00","desc":"Aggravated Assault - Drive-By","res":""},{"d":"2025-03-21","day":"Fri","time":"19:04","desc":"Aggravated Assault - Other","res":""},{"d":"2025-02-11","day":"Tue","time":"13:30","desc":"Aggravated Assault - Other","res":""}]}},{"type":"Feature","geometry":{"type":"Polygon","coordinates":[[[-110.97552673005696,32.14533763507217],[-110.97428926540414,32.14699603102861],[-110.97537407484808,32.148717034908955],[-110.97769638183483,32.14877962245461],[-110.97893381127857,32.1471212094341],[-110.97784896894753,32.14540022593205],[-110.97552673005696,32.14533763507217],[-110.97552673005696,32.14533763507217]]]},"properties":{"h3":"8948e8564d7ffff","count":19,"c3":0,"c6":0,"c12":5,"c24":19,"score":8.6,"risk":38,"peakDay":"Saturday","peakTime":"morning","hood":"Sunnyside","bk12":{"morning":3,"afternoon":1,"evening":1,"night":0},"bk24":{"morning":7,"afternoon":6,"evening":3,"night":3},"recent":[{"d":"2025-11-09","day":"Sun","time":"11:18","desc":"Aggravated Assault - Domestic Violence (DV)","res":""},{"d":"2025-11-01","day":"Sat","time":"10:36","desc":"Aggravated Assault - Other","res":""},{"d":"2025-09-06","day":"Sat","time":"20:15","desc":"Aggravated Assault - Other","res":""},{"d":"2025-08-22","day":"Fri","time":"08:12","desc":"Aggravated Assault - Other","res":""},{"d":"2025-08-20","day":"Wed","time":"16:35","desc":"Aggravated Assault - Other","res":""},{"d":"2025-08-04","day":"Mon","time":"15:00","desc":"Aggravated Assault - Domestic Violence (DV)","res":""},{"d":"2025-06-28","day":"Sat","time":"16:56","desc":"Aggravated Assault - Peace Officer (Non-Serious Injury)","res":""},{"d":"2025-06-28","day":"Sat","time":"16:56","desc":"Aggravated Assault - Peace Officer (Non-Serious Injury)","res":""},{"d":"2025-06-28","day":"Sat","time":"13:05","desc":"Aggravated Assault - Domestic Violence (DV)","res":""},{"d":"2025-06-10","day":"Tue","time":"08:26","desc":"Robbery - Miscellaneous","res":""}]}},{"type":"Feature","geometry":{"type":"Polygon","coordinates":[[[-110.7829787741301,32.23473641019701],[-110.78173729798051,32.236392500953166],[-110.78282034455428,32.23811456995606],[-110.78514490076729,32.23818052808342],[-110.7863863422179,32.236524420115884],[-110.78530326215738,32.23480237123245],[-110.7829787741301,32.23473641019701],[-110.7829787741301,32.23473641019701]]]},"properties":{"h3":"8948e842683ffff","count":2,"c3":0,"c6":0,"c12":0,"c24":2,"score":0.7,"risk":3,"peakDay":"Wednesday","peakTime":"night","hood":"Bonanza","bk12":{"morning":0,"afternoon":0,"evening":0,"night":0},"bk24":{"morning":0,"afternoon":0,"evening":0,"night":2},"recent":[{"d":"2025-02-12","day":"Wed","time":"03:51","desc":"Aggravated Assault - Domestic Violence (DV)","res":""},{"d":"2025-02-12","day":"Wed","time":"03:51","desc":"Aggravated Assault - Domestic Violence (DV)","res":""}]}},{"type":"Feature","geometry":{"type":"Polygon","coordinates":[[[-110.99164989904666,32.17452902453349],[-110.99041237946862,32.17618735659755],[-110.99149767885815,32.17790794850992],[-110.99382053068632,32.1779701879796],[-110.99505801499042,32.176311838884345],[-110.9939726827432,32.17459126735067],[-110.99164989904666,32.17452902453349],[-110.99164989904666,32.17452902453349]]]},"properties":{"h3":"8948e8560b7ffff","count":5,"c3":0,"c6":0,"c12":0,"c24":5,"score":2,"risk":9,"peakDay":"Friday","peakTime":"morning","hood":"","bk12":{"morning":0,"afternoon":0,"evening":0,"night":0},"bk24":{"morning":4,"afternoon":0,"evening":1,"night":0},"recent":[{"d":"2025-07-04","day":"Fri","time":"11:51","desc":"Aggravated Assault - Domestic Violence (DV)","res":""},{"d":"2025-07-04","day":"Fri","time":"11:51","desc":"Aggravated Assault - Domestic Violence (DV)","res":""},{"d":"2025-04-20","day":"Sun","time":"18:00","desc":"Aggravated Assault - Domestic Violence (DV)","res":""},{"d":"2025-03-24","day":"Mon","time":"11:33","desc":"Robbery - Convenience Stores","res":""},{"d":"2025-02-12","day":"Wed","time":"08:34","desc":"Aggravated Assault - Other","res":""}]}},{"type":"Feature","geometry":{"type":"Polygon","coordinates":[[[-110.93992413534933,32.16129037377754],[-110.93868593378893,32.16294835026442],[-110.93977041375396,32.16466955766724],[-110.94209312827994,32.16473276825233],[-110.9433312947256,32.16307477467362],[-110.9422467817629,32.16135358760172],[-110.93992413534933,32.16129037377754],[-110.93992413534933,32.16129037377754]]]},"properties":{"h3":"8948e8cdb27ffff","count":4,"c3":0,"c6":0,"c12":1,"c24":4,"score":1.7,"risk":7,"peakDay":"Wednesday","peakTime":"morning","hood":"Cherry Avenue","bk12":{"morning":1,"afternoon":0,"evening":0,"night":0},"bk24":{"morning":2,"afternoon":0,"evening":1,"night":1},"recent":[{"d":"2025-10-18","day":"Sat","time":"10:39","desc":"Aggravated Assault - Other","res":""},{"d":"2025-04-25","day":"Fri","time":"17:00","desc":"Robbery - Convenience Stores","res":""},{"d":"2025-02-24","day":"Mon","time":"01:01","desc":"Aggravated Assault - Domestic Violence (DV)","res":""},{"d":"2025-02-12","day":"Wed","time":"08:55","desc":"Aggravated Assault - Other","res":""}]}},{"type":"Feature","geometry":{"type":"Polygon","coordinates":[[[-110.83535724214902,32.23452112571168],[-110.83411659723045,32.23617767681098],[-110.83520035141508,32.237899245656074],[-110.83752478385864,32.23796424322571],[-110.83876539392452,32.23630767496826],[-110.8376816064024,32.23458612629939],[-110.83535724214902,32.23452112571168],[-110.83535724214902,32.23452112571168]]]},"properties":{"h3":"8948e842597ffff","count":11,"c3":0,"c6":0,"c12":5,"c24":11,"score":5.4,"risk":24,"peakDay":"Saturday","peakTime":"afternoon","hood":"","bk12":{"morning":4,"afternoon":0,"evening":0,"night":1},"bk24":{"morning":4,"afternoon":6,"evening":0,"night":1},"recent":[{"d":"2025-11-10","day":"Mon","time":"08:59","desc":"Aggravated Assault - Domestic Violence (DV)","res":""},{"d":"2025-11-10","day":"Mon","time":"08:59","desc":"Aggravated Assault - Domestic Violence (DV)","res":""},{"d":"2025-10-26","day":"Sun","time":"09:50","desc":"Aggravated Assault - Domestic Violence (DV)","res":""},{"d":"2025-10-04","day":"Sat","time":"05:27","desc":"Aggravated Assault - Domestic Violence (DV)","res":""},{"d":"2025-09-27","day":"Sat","time":"02:20","desc":"Aggravated Assault - Other","res":""},{"d":"2025-07-27","day":"Sun","time":"13:18","desc":"Aggravated Assault - Domestic Violence (DV)","res":""},{"d":"2025-06-14","day":"Sat","time":"14:05","desc":"Aggravated Assault - Domestic Violence (DV)","res":""},{"d":"2025-06-14","day":"Sat","time":"14:05","desc":"Aggravated Assault - Domestic Violence (DV)","res":""},{"d":"2025-06-14","day":"Sat","time":"14:05","desc":"Aggravated Assault - Domestic Violence (DV)","res":""},{"d":"2025-05-13","day":"Tue","time":"12:13","desc":"Aggravated Assault - Other","res":""}]}},{"type":"Feature","geometry":{"type":"Polygon","coordinates":[[[-110.95776391852925,32.22943074419873],[-110.95652527222155,32.23108839779939],[-110.95761063058183,32.232808832952216],[-110.95993466823829,32.2328715941937],[-110.9611732793377,32.23121392355746],[-110.96008788799183,32.22949350871538],[-110.95776391852925,32.22943074419873],[-110.95776391852925,32.22943074419873]]]},"properties":{"h3":"8948e854087ffff","count":6,"c3":0,"c6":0,"c12":2,"c24":6,"score":2.6,"risk":12,"peakDay":"Friday","peakTime":"evening","hood":"West University","bk12":{"morning":0,"afternoon":0,"evening":2,"night":0},"bk24":{"morning":0,"afternoon":1,"evening":5,"night":0},"recent":[{"d":"2025-11-15","day":"Sat","time":"17:53","desc":"Aggravated Assault - Other","res":""},{"d":"2025-10-14","day":"Tue","time":"18:00","desc":"Robbery - Highway","res":""},{"d":"2025-04-04","day":"Fri","time":"17:18","desc":"Aggravated Assault - Other","res":""},{"d":"2025-03-22","day":"Sat","time":"18:30","desc":"Aggravated Assault - Other","res":""},{"d":"2025-03-21","day":"Fri","time":"17:14","desc":"Aggravated Assault - Other","res":""},{"d":"2025-02-12","day":"Wed","time":"15:05","desc":"Aggravated Assault - Other","res":""}]}},{"type":"Feature","geometry":{"type":"Polygon","coordinates":[[[-110.82748998469475,32.178481172845366],[-110.82624981541089,32.180138050362],[-110.82733293887475,32.18186018753218],[-110.82965626495299,32.181925426985956],[-110.83089639944097,32.1802685322719],[-110.82981324264948,32.17854641530159],[-110.82748998469475,32.178481172845366],[-110.82748998469475,32.178481172845366]]]},"properties":{"h3":"8948e850c73ffff","count":3,"c3":0,"c6":0,"c12":0,"c24":3,"score":1.3,"risk":6,"peakDay":"Friday","peakTime":"evening","hood":"","bk12":{"morning":0,"afternoon":0,"evening":0,"night":0},"bk24":{"morning":1,"afternoon":1,"evening":1,"night":0},"recent":[{"d":"2025-08-08","day":"Fri","time":"16:50","desc":"Aggravated Assault - Domestic Violence (DV)","res":""},{"d":"2025-05-09","day":"Fri","time":"10:00","desc":"Aggravated Assault - Domestic Violence (DV)","res":""},{"d":"2025-02-12","day":"Wed","time":"17:30","desc":"Aggravated Assault - Domestic Violence (DV)","res":""}]}},{"type":"Feature","geometry":{"type":"Polygon","coordinates":[[[-110.95623063500172,32.263209220453106],[-110.95499160272524,32.26486662230511],[-110.95607725725024,32.26658677295811],[-110.95840197706389,32.26664950146951],[-110.95964097411601,32.26499208259909],[-110.95855528658178,32.26327195223575],[-110.95623063500172,32.263209220453106],[-110.95623063500172,32.263209220453106]]]},"properties":{"h3":"8948e854333ffff","count":2,"c3":0,"c6":0,"c12":1,"c24":2,"score":0.9,"risk":4,"peakDay":"Thursday","peakTime":"night","hood":"Mountain View","bk12":{"morning":1,"afternoon":0,"evening":0,"night":0},"bk24":{"morning":1,"afternoon":0,"evening":0,"night":1},"recent":[{"d":"2025-09-11","day":"Thu","time":"06:03","desc":"Robbery - Carjacking","res":""},{"d":"2025-02-13","day":"Thu","time":"00:30","desc":"Robbery - Miscellaneous","res":""}]}},{"type":"Feature","geometry":{"type":"Polygon","coordinates":[[[-110.97135588475562,32.1604505732373],[-110.97011819229478,32.162108827898926],[-110.97120308716934,32.16382973951775],[-110.97352570741525,32.16389237610989],[-110.97476336466998,32.162234104388304],[-110.97367843688784,32.16051321313459],[-110.97135588475562,32.1604505732373],[-110.97135588475562,32.1604505732373]]]},"properties":{"h3":"8948e85647bffff","count":12,"c3":0,"c6":0,"c12":3,"c24":12,"score":5.6,"risk":25,"peakDay":"Saturday","peakTime":"morning","hood":"Sunnyside","bk12":{"morning":2,"afternoon":0,"evening":1,"night":0},"bk24":{"morning":4,"afternoon":3,"evening":1,"night":4},"recent":[{"d":"2025-11-24","day":"Mon","time":"20:00","desc":"Aggravated Assault - Other","res":""},{"d":"2025-09-10","day":"Wed","time":"07:24","desc":"Aggravated Assault - Peace Officer (Non-Serious Injury)","res":""},{"d":"2025-09-10","day":"Wed","time":"07:18","desc":"Aggravated Assault - Other","res":""},{"d":"2025-08-12","day":"Tue","time":"14:25","desc":"Aggravated Assault - Other","res":""},{"d":"2025-08-10","day":"Sun","time":"13:01","desc":"Aggravated Assault - Other","res":""},{"d":"2025-07-25","day":"Fri","time":"02:59","desc":"Aggravated Assault - Other","res":""},{"d":"2025-07-19","day":"Sat","time":"03:13","desc":"Robbery - Miscellaneous","res":""},{"d":"2025-06-28","day":"Sat","time":"02:09","desc":"Aggravated Assault - Other","res":""},{"d":"2025-06-28","day":"Sat","time":"02:09","desc":"Aggravated Assault - Other","res":""},{"d":"2025-04-25","day":"Fri","time":"14:00","desc":"Aggravated Assault - Other","res":""}]}},{"type":"Feature","geometry":{"type":"Polygon","coordinates":[[[-110.97761057472196,32.25363937546516],[-110.97637198550964,32.255297030607174],[-110.97745783792367,32.25701705945126],[-110.97978231249563,32.257079412835395],[-110.98102086642682,32.25542174069166],[-110.9799349810701,32.2537017321656],[-110.97761057472196,32.25363937546516],[-110.97761057472196,32.25363937546516]]]},"properties":{"h3":"8948e85413bffff","count":13,"c3":0,"c6":0,"c12":5,"c24":13,"score":6,"risk":27,"peakDay":"Thursday","peakTime":"afternoon","hood":"Balboa Heights","bk12":{"morning":3,"afternoon":1,"evening":1,"night":0},"bk24":{"morning":3,"afternoon":6,"evening":4,"night":0},"recent":[{"d":"2025-12-08","day":"Mon","time":"18:10","desc":"Aggravated Assault - Other","res":""},{"d":"2025-11-01","day":"Sat","time":"16:53","desc":"Aggravated Assault - Domestic Violence (DV)","res":""},{"d":"2025-08-26","day":"Tue","time":"11:43","desc":"Aggravated Assault - Other","res":""},{"d":"2025-08-26","day":"Tue","time":"11:43","desc":"Aggravated Assault - Other","res":""},{"d":"2025-08-19","day":"Tue","time":"07:48","desc":"Aggravated Assault - Domestic Violence (DV)","res":""},{"d":"2025-08-07","day":"Thu","time":"13:52","desc":"Aggravated Assault - Other","res":""},{"d":"2025-07-24","day":"Thu","time":"15:00","desc":"Aggravated Assault - Other","res":""},{"d":"2025-06-13","day":"Fri","time":"16:26","desc":"Aggravated Assault - Domestic Violence (DV)","res":""},{"d":"2025-05-22","day":"Thu","time":"19:35","desc":"Aggravated Assault - Other","res":""},{"d":"2025-04-28","day":"Mon","time":"16:42","desc":"Aggravated Assault - Other","res":""}]}},{"type":"Feature","geometry":{"type":"Polygon","coordinates":[[[-110.89997351018472,32.195720523657215],[-110.89873430563915,32.19737791204894],[-110.89981856957894,32.199099201745646],[-110.90214207119831,32.199163082782576],[-110.90338124072521,32.19750567727719],[-110.90229694365429,32.195784407848606],[-110.89997351018472,32.195720523657215],[-110.89997351018472,32.195720523657215]]]},"properties":{"h3":"8948e857063ffff","count":7,"c3":0,"c6":0,"c12":2,"c24":7,"score":3.2,"risk":14,"peakDay":"Thursday","peakTime":"evening","hood":"Roberts","bk12":{"morning":0,"afternoon":0,"evening":2,"night":0},"bk24":{"morning":0,"afternoon":2,"evening":4,"night":1},"recent":[{"d":"2025-12-04","day":"Thu","time":"21:25","desc":"Aggravated Assault - Domestic Violence (DV)","res":""},{"d":"2025-10-09","day":"Thu","time":"17:00","desc":"Robbery - Highway","res":""},{"d":"2025-08-01","day":"Fri","time":"14:09","desc":"Aggravated Assault - Domestic Violence (DV)","res":""},{"d":"2025-06-13","day":"Fri","time":"23:23","desc":"Aggravated Assault - Domestic Violence (DV)","res":""},{"d":"2025-03-16","day":"Sun","time":"16:20","desc":"Aggravated Assault - Domestic Violence (DV)","res":""},{"d":"2025-02-14","day":"Fri","time":"19:00","desc":"Aggravated Assault - Other","res":""},{"d":"2025-02-13","day":"Thu","time":"18:00","desc":"Aggravated Assault - Domestic Violence (DV)","res":""}]}},{"type":"Feature","geometry":{"type":"Polygon","coordinates":[[[-110.86233842572507,32.17945532936896],[-110.86109879807546,32.181112504150065],[-110.86218240178678,32.18283429850637],[-110.86450566637964,32.182898897844716],[-110.86574525913063,32.18124170590236],[-110.86466162219027,32.17951993178299],[-110.86233842572507,32.17945532936896],[-110.86233842572507,32.17945532936896]]]},"properties":{"h3":"8948e850d87ffff","count":1,"c3":0,"c6":0,"c12":0,"c24":1,"score":0.4,"risk":2,"peakDay":"Friday","peakTime":"night","hood":"","bk12":{"morning":0,"afternoon":0,"evening":0,"night":0},"bk24":{"morning":0,"afternoon":0,"evening":0,"night":1},"recent":[{"d":"2025-02-14","day":"Fri","time":"01:30","desc":"Aggravated Assault - Other","res":""}]}},{"type":"Feature","geometry":{"type":"Polygon","coordinates":[[[-110.96875710901725,32.21788916791428],[-110.9675187612388,32.219546998083096],[-110.96860415929456,32.22126742904548],[-110.97092793807933,32.22133000950997],[-110.97216625062438,32.219672162310495],[-110.97108081962098,32.21795175167725],[-110.96875710901725,32.21788916791428],[-110.96875710901725,32.21788916791428]]]},"properties":{"h3":"8948e8545c3ffff","count":2,"c3":0,"c6":0,"c12":1,"c24":2,"score":1,"risk":4,"peakDay":"Friday","peakTime":"morning","hood":"Armory Park","bk12":{"morning":0,"afternoon":0,"evening":0,"night":1},"bk24":{"morning":1,"afternoon":0,"evening":0,"night":1},"recent":[{"d":"2025-12-01","day":"Mon","time":"02:33","desc":"Aggravated Assault - Other","res":""},{"d":"2025-02-14","day":"Fri","time":"06:27","desc":"Aggravated Assault - Domestic Violence (DV)","res":""}]}},{"type":"Feature","geometry":{"type":"Polygon","coordinates":[[[-110.98096852237306,32.17931679258892],[-110.97973078145228,32.18097499881072],[-110.98081598220242,32.18269565183073],[-110.98313895676708,32.18275807826453],[-110.98437666244222,32.181099855003204],[-110.98329142880121,32.17937922234768],[-110.98096852237306,32.17931679258892],[-110.98096852237306,32.17931679258892]]]},"properties":{"h3":"8948e856007ffff","count":6,"c3":0,"c6":0,"c12":4,"c24":6,"score":3.1,"risk":14,"peakDay":"Friday","peakTime":"morning","hood":"Sunset Villa","bk12":{"morning":1,"afternoon":2,"evening":1,"night":0},"bk24":{"morning":3,"afternoon":2,"evening":1,"night":0},"recent":[{"d":"2025-11-26","day":"Wed","time":"14:25","desc":"Aggravated Assault - Domestic Violence (DV)","res":""},{"d":"2025-11-12","day":"Wed","time":"07:43","desc":"Aggravated Assault - Other","res":""},{"d":"2025-10-26","day":"Sun","time":"14:50","desc":"Robbery - Commercial House","res":""},{"d":"2025-10-11","day":"Sat","time":"21:00","desc":"Aggravated Assault - Other","res":""},{"d":"2025-04-18","day":"Fri","time":"11:44","desc":"Aggravated Assault - Domestic Violence (DV)","res":""},{"d":"2025-02-14","day":"Fri","time":"08:20","desc":"Robbery - Miscellaneous","res":""}]}},{"type":"Feature","geometry":{"type":"Polygon","coordinates":[[[-110.83708243410008,32.19735827505003],[-110.83584221460805,32.19901510359612],[-110.83692564437179,32.20073698313116],[-110.83924932694165,32.20080201392079],[-110.84048951159836,32.199145168197624],[-110.83940604852344,32.197423308861964],[-110.83708243410008,32.19735827505003],[-110.83708243410008,32.19735827505003]]]},"properties":{"h3":"8948e8508abffff","count":1,"c3":0,"c6":0,"c12":0,"c24":1,"score":0.4,"risk":2,"peakDay":"Friday","peakTime":"afternoon","hood":"Dietz","bk12":{"morning":0,"afternoon":0,"evening":0,"night":0},"bk24":{"morning":0,"afternoon":1,"evening":0,"night":0},"recent":[{"d":"2025-02-14","day":"Fri","time":"12:28","desc":"Aggravated Assault - Other","res":""}]}},{"type":"Feature","geometry":{"type":"Polygon","coordinates":[[[-110.99883428644007,32.247443577348086],[-110.99759610192655,32.24910146021178],[-110.9986821814841,32.250821338591955],[-111.00100647843661,32.25088331376422],[-111.00224462761074,32.249225413917245],[-111.00115851517464,32.247505555881354],[-110.99883428644007,32.247443577348086],[-110.99883428644007,32.247443577348086]]]},"properties":{"h3":"8948e856a67ffff","count":2,"c3":0,"c6":0,"c12":0,"c24":2,"score":0.7,"risk":3,"peakDay":"Friday","peakTime":"evening","hood":"","bk12":{"morning":0,"afternoon":0,"evening":0,"night":0},"bk24":{"morning":0,"afternoon":0,"evening":2,"night":0},"recent":[{"d":"2025-02-14","day":"Fri","time":"21:25","desc":"Aggravated Assault - Domestic Violence (DV)","res":""},{"d":"2025-02-14","day":"Fri","time":"21:25","desc":"Aggravated Assault - Domestic Violence (DV)","res":""}]}},{"type":"Feature","geometry":{"type":"Polygon","coordinates":[[[-110.8409595328532,32.18900881761095],[-110.83971946416715,32.190665738768345],[-110.84080286827222,32.19238765444637],[-110.84312637436159,32.192452628758694],[-110.84436640820596,32.19079569042351],[-110.84328297080552,32.18907379495385],[-110.8409595328532,32.18900881761095],[-110.8409595328532,32.18900881761095]]]},"properties":{"h3":"8948e850d4bffff","count":14,"c3":0,"c6":0,"c12":2,"c24":14,"score":6.4,"risk":29,"peakDay":"Saturday","peakTime":"morning","hood":"Terra Del Sol","bk12":{"morning":1,"afternoon":0,"evening":0,"night":1},"bk24":{"morning":7,"afternoon":2,"evening":1,"night":4},"recent":[{"d":"2025-12-26","day":"Fri","time":"02:12","desc":"Robbery - Commercial House","res":""},{"d":"2025-09-27","day":"Sat","time":"07:29","desc":"Aggravated Assault - Other","res":""},{"d":"2025-08-01","day":"Fri","time":"18:59","desc":"Robbery - Convenience Stores","res":""},{"d":"2025-07-27","day":"Sun","time":"04:06","desc":"Aggravated Assault - Other","res":""},{"d":"2025-07-22","day":"Tue","time":"10:45","desc":"Aggravated Assault - Other","res":""},{"d":"2025-07-09","day":"Wed","time":"09:31","desc":"Aggravated Assault - Other","res":""},{"d":"2025-07-05","day":"Sat","time":"10:27","desc":"Aggravated Assault - Other","res":""},{"d":"2025-07-02","day":"Wed","time":"11:00","desc":"Robbery - Miscellaneous","res":""},{"d":"2025-06-24","day":"Tue","time":"22:20","desc":"Robbery - Service Station","res":""},{"d":"2025-05-11","day":"Sun","time":"00:14","desc":"Aggravated Assault - Other","res":""}]}},{"type":"Feature","geometry":{"type":"Polygon","coordinates":[[[-110.8528680605805,32.233318519399404],[-110.85162770606645,32.2349752320739],[-110.85271168585788,32.23669664337989],[-110.8550360534532,32.23676132181564],[-110.85627637306392,32.235104592000205],[-110.85519235998557,32.23338320089001],[-110.8528680605805,32.233318519399404],[-110.8528680605805,32.233318519399404]]]},"properties":{"h3":"8948e855603ffff","count":2,"c3":0,"c6":0,"c12":0,"c24":2,"score":0.8,"risk":4,"peakDay":"Saturday","peakTime":"afternoon","hood":"","bk12":{"morning":0,"afternoon":0,"evening":0,"night":0},"bk24":{"morning":1,"afternoon":1,"evening":0,"night":0},"recent":[{"d":"2025-07-14","day":"Mon","time":"05:00","desc":"Aggravated Assault - Other","res":""},{"d":"2025-02-15","day":"Sat","time":"15:51","desc":"Aggravated Assault - Domestic Violence (DV)","res":""}]}},{"type":"Feature","geometry":{"type":"Polygon","coordinates":[[[-110.90803108340046,32.24837095287139],[-110.90679144324098,32.250028040320366],[-110.90787630906544,32.2517487877455],[-110.91020084819061,32.25181242747522],[-110.91144045327593,32.250155322950135],[-110.91035555431316,32.248434595771506],[-110.90803108340046,32.24837095287139],[-110.90803108340046,32.24837095287139]]]},"properties":{"h3":"8948e855197ffff","count":8,"c3":0,"c6":0,"c12":3,"c24":8,"score":3.6,"risk":16,"peakDay":"Saturday","peakTime":"morning","hood":"Oak Flower","bk12":{"morning":2,"afternoon":1,"evening":0,"night":0},"bk24":{"morning":4,"afternoon":1,"evening":3,"night":0},"recent":[{"d":"2025-12-20","day":"Sat","time":"13:13","desc":"Aggravated Assault - Domestic Violence (DV)","res":""},{"d":"2025-10-10","day":"Fri","time":"07:27","desc":"Aggravated Assault - Other","res":""},{"d":"2025-09-23","day":"Tue","time":"09:05","desc":"Aggravated Assault - Peace Officer (Non-Serious Injury)","res":""},{"d":"2025-05-22","day":"Thu","time":"19:33","desc":"Robbery - Miscellaneous","res":""},{"d":"2025-04-22","day":"Tue","time":"10:30","desc":"Robbery - Commercial House","res":""},{"d":"2025-03-26","day":"Wed","time":"10:00","desc":"Aggravated Assault - Domestic Violence (DV)","res":""},{"d":"2025-03-01","day":"Sat","time":"18:47","desc":"Aggravated Assault - Other","res":""},{"d":"2025-02-15","day":"Sat","time":"17:00","desc":"Aggravated Assault - Domestic Violence (DV)","res":""}]}},{"type":"Feature","geometry":{"type":"Polygon","coordinates":[[[-110.91004232520525,32.204454225995505],[-110.90880318714271,32.20611164062632],[-110.90988766864251,32.20783275650616],[-110.91221132131517,32.20789643748134],[-110.91345042432427,32.20623900575205],[-110.91236590971701,32.20451791014613],[-110.91004232520525,32.204454225995505],[-110.91004232520525,32.204454225995505]]]},"properties":{"h3":"8948e857387ffff","count":7,"c3":0,"c6":0,"c12":2,"c24":7,"score":3.1,"risk":14,"peakDay":"Monday","peakTime":"evening","hood":"","bk12":{"morning":0,"afternoon":0,"evening":2,"night":0},"bk24":{"morning":1,"afternoon":1,"evening":3,"night":2},"recent":[{"d":"2025-10-06","day":"Mon","time":"21:19","desc":"Aggravated Assault - Other","res":""},{"d":"2025-09-14","day":"Sun","time":"20:48","desc":"Robbery - Miscellaneous","res":""},{"d":"2025-07-22","day":"Tue","time":"04:29","desc":"Aggravated Assault - Other","res":""},{"d":"2025-06-09","day":"Mon","time":"14:49","desc":"Aggravated Assault - Other","res":""},{"d":"2025-03-26","day":"Wed","time":"08:45","desc":"Robbery - Service Station","res":""},{"d":"2025-02-27","day":"Thu","time":"02:00","desc":"Aggravated Assault - Domestic Violence (DV)","res":""},{"d":"2025-02-15","day":"Sat","time":"17:53","desc":"Aggravated Assault - Domestic Violence (DV)","res":""}]}},{"type":"Feature","geometry":{"type":"Polygon","coordinates":[[[-110.79992627528061,32.17093667477574],[-110.79868575068369,32.172593364338006],[-110.79976843047649,32.17431583152237],[-110.80209166827079,32.174381588970164],[-110.8033321581572,32.17272488217815],[-110.8022494449627,32.17100243516818],[-110.79992627528061,32.17093667477574],[-110.79992627528061,32.17093667477574]]]},"properties":{"h3":"8948e85016bffff","count":1,"c3":0,"c6":0,"c12":0,"c24":1,"score":0.4,"risk":2,"peakDay":"Saturday","peakTime":"night","hood":"","bk12":{"morning":0,"afternoon":0,"evening":0,"night":0},"bk24":{"morning":0,"afternoon":0,"evening":0,"night":1},"recent":[{"d":"2025-02-15","day":"Sat","time":"23:00","desc":"Aggravated Assault - Domestic Violence (DV)","res":""}]}},{"type":"Feature","geometry":{"type":"Polygon","coordinates":[[[-110.85180582624118,32.180853588588555],[-110.85056601668873,32.182510661706665],[-110.85164949115695,32.18423254489369],[-110.85397280844035,32.18429733473788],[-110.85521258312421,32.18264024444851],[-110.85412907539619,32.18091838148627],[-110.85180582624118,32.180853588588555],[-110.85180582624118,32.180853588588555]]]},"properties":{"h3":"8948e850dc7ffff","count":1,"c3":0,"c6":0,"c12":0,"c24":1,"score":0.4,"risk":2,"peakDay":"Sunday","peakTime":"night","hood":"Stella Mann","bk12":{"morning":0,"afternoon":0,"evening":0,"night":0},"bk24":{"morning":0,"afternoon":0,"evening":0,"night":1},"recent":[{"d":"2025-02-16","day":"Sun","time":"04:34","desc":"Aggravated Assault - Domestic Violence (DV)","res":""}]}},{"type":"Feature","geometry":{"type":"Polygon","coordinates":[[[-111.07496762632627,32.18350044452478],[-111.07373134106898,32.1851594328909],[-111.07481784148163,32.18687913862104],[-111.07714065977935,32.186939835522764],[-111.07837690951402,32.185280830216634],[-111.07729037647653,32.18356114494885],[-111.07496762632627,32.18350044452478],[-111.07496762632627,32.18350044452478]]]},"properties":{"h3":"8948e81910fffff","count":1,"c3":0,"c6":0,"c12":0,"c24":1,"score":0.4,"risk":2,"peakDay":"Sunday","peakTime":"afternoon","hood":"","bk12":{"morning":0,"afternoon":0,"evening":0,"night":0},"bk24":{"morning":0,"afternoon":1,"evening":0,"night":0},"recent":[{"d":"2025-02-16","day":"Sun","time":"13:32","desc":"Aggravated Assault - Domestic Violence (DV)","res":""}]}},{"type":"Feature","geometry":{"type":"Polygon","coordinates":[[[-110.94351260494719,32.23580942278102],[-110.94227366353225,32.237466907658465],[-110.94335888983944,32.239187424006886],[-110.94568309059437,32.23925043518613],[-110.94692199683884,32.237592933262],[-110.94583673750175,32.23587243720537],[-110.94351260494719,32.23580942278102],[-110.94351260494719,32.23580942278102]]]},"properties":{"h3":"8948e854057ffff","count":3,"c3":0,"c6":0,"c12":2,"c24":3,"score":1.4,"risk":6,"peakDay":"Sunday","peakTime":"afternoon","hood":"Blenman-Elm","bk12":{"morning":1,"afternoon":0,"evening":0,"night":1},"bk24":{"morning":1,"afternoon":1,"evening":0,"night":1},"recent":[{"d":"2025-09-13","day":"Sat","time":"01:33","desc":"Aggravated Assault - Other","res":""},{"d":"2025-09-10","day":"Wed","time":"10:36","desc":"Robbery - Convenience Stores","res":""},{"d":"2025-02-16","day":"Sun","time":"14:32","desc":"Aggravated Assault - Other","res":""}]}},{"type":"Feature","geometry":{"type":"Polygon","coordinates":[[[-110.77102276035494,32.11766040940812],[-110.7697823492906,32.1193172191444],[-110.770864139972,32.12104042716543],[-110.77318637517371,32.121106805276604],[-110.7744267516442,32.119449978251275],[-110.77334492750971,32.117726790403886],[-110.77102276035494,32.11766040940812],[-110.77102276035494,32.11766040940812]]]},"properties":{"h3":"8948e853137ffff","count":1,"c3":0,"c6":0,"c12":0,"c24":1,"score":0.4,"risk":2,"peakDay":"Sunday","peakTime":"afternoon","hood":"Rita Ranch","bk12":{"morning":0,"afternoon":0,"evening":0,"night":0},"bk24":{"morning":0,"afternoon":1,"evening":0,"night":0},"recent":[{"d":"2025-02-16","day":"Sun","time":"14:51","desc":"Robbery - Highway","res":""}]}},{"type":"Feature","geometry":{"type":"Polygon","coordinates":[[[-111.00178857965717,32.25935844114419],[-111.0005503147874,32.26101626555271],[-111.00163654586306,32.26273600954823],[-111.00396107468828,32.26279790879472],[-111.00519930420268,32.26114006741255],[-111.00411304025013,32.25942034375758],[-111.00178857965717,32.25935844114419],[-111.00178857965717,32.25935844114419]]]},"properties":{"h3":"8948e854c17ffff","count":1,"c3":0,"c6":0,"c12":0,"c24":1,"score":0.4,"risk":2,"peakDay":"Sunday","peakTime":"afternoon","hood":"Flowing Wells","bk12":{"morning":0,"afternoon":0,"evening":0,"night":0},"bk24":{"morning":0,"afternoon":1,"evening":0,"night":0},"recent":[{"d":"2025-02-16","day":"Sun","time":"14:52","desc":"Aggravated Assault - Domestic Violence (DV)","res":""}]}},{"type":"Feature","geometry":{"type":"Polygon","coordinates":[[[-110.94538541884127,32.2713702151328],[-110.9441461264847,32.27302746490637],[-110.94523171153368,32.274747647883515],[-110.94755662198698,32.27481056081378],[-110.94879587914598,32.27315329401519],[-110.94771026105217,32.2714331313114],[-110.94538541884127,32.2713702151328],[-110.94538541884127,32.2713702151328]]]},"properties":{"h3":"8948e85436fffff","count":2,"c3":0,"c6":0,"c12":0,"c24":2,"score":0.7,"risk":3,"peakDay":"Monday","peakTime":"night","hood":"Campus Farm","bk12":{"morning":0,"afternoon":0,"evening":0,"night":0},"bk24":{"morning":0,"afternoon":0,"evening":1,"night":1},"recent":[{"d":"2025-03-22","day":"Sat","time":"17:47","desc":"Aggravated Assault - Domestic Violence (DV)","res":""},{"d":"2025-02-17","day":"Mon","time":"03:36","desc":"Aggravated Assault - Other","res":""}]}},{"type":"Feature","geometry":{"type":"Polygon","coordinates":[[[-110.9662235262555,32.11970815267898],[-110.96498618711452,32.121366646091694],[-110.96607063172642,32.12308796390362],[-110.96839244838128,32.123150767919704],[-110.96962975235587,32.12149225741899],[-110.96854527484491,32.119770959990255],[-110.9662235262555,32.11970815267898],[-110.9662235262555,32.11970815267898]]]},"properties":{"h3":"8948e8cddafffff","count":2,"c3":0,"c6":0,"c12":0,"c24":2,"score":0.7,"risk":3,"peakDay":"Monday","peakTime":"afternoon","hood":"Barrio Nopal","bk12":{"morning":0,"afternoon":0,"evening":0,"night":0},"bk24":{"morning":0,"afternoon":1,"evening":0,"night":1},"recent":[{"d":"2025-04-06","day":"Sun","time":"03:36","desc":"Aggravated Assault - Other","res":""},{"d":"2025-02-17","day":"Mon","time":"14:41","desc":"Aggravated Assault - Other","res":""}]}},{"type":"Feature","geometry":{"type":"Polygon","coordinates":[[[-110.82560482802478,32.219025830703565],[-110.82436419468284,32.22068240608952],[-110.82544767185112,32.22240420510422],[-110.82777181572052,32.222469408558446],[-110.82901241424771,32.220812815995764],[-110.82792890372312,32.21909103715564],[-110.82560482802478,32.219025830703565],[-110.82560482802478,32.219025830703565]]]},"properties":{"h3":"8948e850b1bffff","count":5,"c3":0,"c6":0,"c12":1,"c24":5,"score":2.4,"risk":11,"peakDay":"Wednesday","peakTime":"afternoon","hood":"","bk12":{"morning":0,"afternoon":1,"evening":0,"night":0},"bk24":{"morning":2,"afternoon":3,"evening":0,"night":0},"recent":[{"d":"2025-11-26","day":"Wed","time":"16:30","desc":"Aggravated Assault - Other","res":""},{"d":"2025-07-18","day":"Fri","time":"09:49","desc":"Aggravated Assault - Other","res":""},{"d":"2025-07-13","day":"Sun","time":"15:35","desc":"Aggravated Assault - Domestic Violence (DV)","res":""},{"d":"2025-07-13","day":"Sun","time":"15:35","desc":"Aggravated Assault - Domestic Violence (DV)","res":""},{"d":"2025-02-19","day":"Wed","time":"08:50","desc":"Robbery - Miscellaneous","res":""}]}},{"type":"Feature","geometry":{"type":"Polygon","coordinates":[[[-110.95665435655167,32.176969237711866],[-110.95541625357825,32.178627249743144],[-110.956501105447,32.18034815815808],[-110.95882409325091,32.180411034201995],[-110.96006216105116,32.17875300510482],[-110.95897727622352,32.1770321170297],[-110.95665435655167,32.176969237711866],[-110.95665435655167,32.176969237711866]]]},"properties":{"h3":"8948e856293ffff","count":8,"c3":0,"c6":0,"c12":4,"c24":8,"score":3.6,"risk":16,"peakDay":"Tuesday","peakTime":"afternoon","hood":"","bk12":{"morning":0,"afternoon":2,"evening":0,"night":2},"bk24":{"morning":2,"afternoon":3,"evening":1,"night":2},"recent":[{"d":"2025-09-20","day":"Sat","time":"00:44","desc":"Robbery - Convenience Stores","res":""},{"d":"2025-09-20","day":"Sat","time":"00:44","desc":"Robbery - Convenience Stores","res":""},{"d":"2025-09-04","day":"Thu","time":"14:53","desc":"Robbery - Convenience Stores","res":""},{"d":"2025-08-18","day":"Mon","time":"13:01","desc":"Robbery - Highway","res":""},{"d":"2025-05-20","day":"Tue","time":"21:49","desc":"Aggravated Assault - Other","res":""},{"d":"2025-04-14","day":"Mon","time":"10:20","desc":"Aggravated Assault - Other","res":""},{"d":"2025-04-08","day":"Tue","time":"07:13","desc":"Aggravated Assault - Other","res":""},{"d":"2025-02-19","day":"Wed","time":"13:52","desc":"Robbery - Convenience Stores","res":""}]}},{"type":"Feature","geometry":{"type":"Polygon","coordinates":[[[-110.7916920904384,32.19777097131475],[-110.79045114825858,32.199427399910434],[-110.79153396728086,32.201149710676646],[-110.79385776192643,32.2012155726972],[-110.79509866940383,32.19955912687839],[-110.79401581694097,32.197836836262255],[-110.7916920904384,32.19777097131475],[-110.7916920904384,32.19777097131475]]]},"properties":{"h3":"8948e851dafffff","count":1,"c3":0,"c6":0,"c12":0,"c24":1,"score":0.4,"risk":2,"peakDay":"Wednesday","peakTime":"afternoon","hood":"","bk12":{"morning":0,"afternoon":0,"evening":0,"night":0},"bk24":{"morning":0,"afternoon":1,"evening":0,"night":0},"recent":[{"d":"2025-02-19","day":"Wed","time":"16:01","desc":"Aggravated Assault - Peace Officer (Non-Serious Injury)","res":""}]}},{"type":"Feature","geometry":{"type":"Polygon","coordinates":[[[-110.97756047205425,32.177533615917426],[-110.97632269589883,32.17919180509519],[-110.97740783414662,32.180912506722734],[-110.97973078145228,32.18097499881072],[-110.98096852237306,32.17931679258892],[-110.9798833512257,32.17759611132325],[-110.97756047205425,32.177533615917426],[-110.97756047205425,32.177533615917426]]]},"properties":{"h3":"8948e856003ffff","count":16,"c3":0,"c6":0,"c12":5,"c24":16,"score":7.5,"risk":33,"peakDay":"Wednesday","peakTime":"morning","hood":"Rose","bk12":{"morning":4,"afternoon":1,"evening":0,"night":0},"bk24":{"morning":8,"afternoon":6,"evening":2,"night":0},"recent":[{"d":"2025-10-29","day":"Wed","time":"12:00","desc":"Robbery - Carjacking","res":""},{"d":"2025-10-01","day":"Wed","time":"07:09","desc":"Aggravated Assault - Other","res":""},{"d":"2025-09-20","day":"Sat","time":"05:16","desc":"Aggravated Assault - Other","res":""},{"d":"2025-09-20","day":"Sat","time":"05:16","desc":"Aggravated Assault - Other","res":""},{"d":"2025-09-07","day":"Sun","time":"08:56","desc":"Robbery - Highway","res":""},{"d":"2025-07-21","day":"Mon","time":"14:20","desc":"Robbery - Service Station","res":""},{"d":"2025-07-21","day":"Mon","time":"14:20","desc":"Robbery - Service Station","res":""},{"d":"2025-07-21","day":"Mon","time":"14:20","desc":"Robbery - Service Station","res":""},{"d":"2025-07-21","day":"Mon","time":"14:20","desc":"Robbery - Service Station","res":""},{"d":"2025-07-21","day":"Mon","time":"14:20","desc":"Robbery - Service Station","res":""}]}},{"type":"Feature","geometry":{"type":"Polygon","coordinates":[[[-110.96331699977665,32.18391551573475],[-110.96207892861172,32.18557353693793],[-110.96316393515056,32.18729431996561],[-110.96548704580111,32.18735706144725],[-110.9667250817692,32.18569902318892],[-110.9656400422865,32.18397826050417],[-110.96331699977665,32.18391551573475],[-110.96331699977665,32.18391551573475]]]},"properties":{"h3":"8948e8562b3ffff","count":7,"c3":0,"c6":0,"c12":1,"c24":7,"score":2.9,"risk":13,"peakDay":"Wednesday","peakTime":"evening","hood":"","bk12":{"morning":0,"afternoon":0,"evening":0,"night":1},"bk24":{"morning":1,"afternoon":0,"evening":4,"night":2},"recent":[{"d":"2025-10-11","day":"Sat","time":"03:06","desc":"Aggravated Assault - Other","res":""},{"d":"2025-07-16","day":"Wed","time":"10:00","desc":"Robbery - Highway","res":""},{"d":"2025-04-11","day":"Fri","time":"18:14","desc":"Robbery - Highway","res":""},{"d":"2025-03-07","day":"Fri","time":"02:48","desc":"Robbery - Highway","res":""},{"d":"2025-02-19","day":"Wed","time":"18:33","desc":"Aggravated Assault - Peace Officer (Non-Serious Injury)","res":""},{"d":"2025-02-19","day":"Wed","time":"18:33","desc":"Aggravated Assault - Peace Officer (Non-Serious Injury)","res":""},{"d":"2025-02-19","day":"Wed","time":"18:33","desc":"Aggravated Assault - Peace Officer (Non-Serious Injury)","res":""}]}},{"type":"Feature","geometry":{"type":"Polygon","coordinates":[[[-110.89950866115502,32.20585639793205],[-110.89826934076945,32.20751371103993],[-110.89935369333534,32.209234915985405],[-110.90167739942797,32.209298787561266],[-110.90291668479009,32.20764145734489],[-110.90183229908595,32.20592027266121],[-110.89950866115502,32.20585639793205],[-110.89950866115502,32.20585639793205]]]},"properties":{"h3":"8948e8573c7ffff","count":8,"c3":0,"c6":0,"c12":3,"c24":8,"score":3.5,"risk":16,"peakDay":"Thursday","peakTime":"night","hood":"Toumey Park","bk12":{"morning":0,"afternoon":2,"evening":0,"night":1},"bk24":{"morning":0,"afternoon":4,"evening":0,"night":4},"recent":[{"d":"2025-10-16","day":"Thu","time":"23:21","desc":"Aggravated Assault - Domestic Violence (DV)","res":""},{"d":"2025-08-20","day":"Wed","time":"12:38","desc":"Aggravated Assault - Other","res":""},{"d":"2025-08-20","day":"Wed","time":"12:38","desc":"Aggravated Assault - Other","res":""},{"d":"2025-05-27","day":"Tue","time":"03:45","desc":"Aggravated Assault - Domestic Violence (DV)","res":""},{"d":"2025-04-29","day":"Tue","time":"12:24","desc":"Aggravated Assault - Domestic Violence (DV)","res":""},{"d":"2025-03-05","day":"Wed","time":"15:53","desc":"Aggravated Assault - Domestic Violence (DV)","res":""},{"d":"2025-02-20","day":"Thu","time":"01:00","desc":"Aggravated Assault - Domestic Violence (DV)","res":""},{"d":"2025-02-20","day":"Thu","time":"01:00","desc":"Aggravated Assault - Domestic Violence (DV)","res":""}]}},{"type":"Feature","geometry":{"type":"Polygon","coordinates":[[[-110.96886567844682,32.138390628522735],[-110.96762818192535,32.1400490151469],[-110.9687128368391,32.141770144137126],[-110.97103502117936,32.14183286612806],[-110.9722724825154,32.140174462429066],[-110.97118779469949,32.138453353814036],[-110.96886567844682,32.138390628522735],[-110.96886567844682,32.138390628522735]]]},"properties":{"h3":"8948e8cd9b7ffff","count":1,"c3":0,"c6":0,"c12":0,"c24":1,"score":0.4,"risk":2,"peakDay":"Thursday","peakTime":"night","hood":"","bk12":{"morning":0,"afternoon":0,"evening":0,"night":0},"bk24":{"morning":0,"afternoon":0,"evening":0,"night":1},"recent":[{"d":"2025-02-20","day":"Thu","time":"04:00","desc":"Aggravated Assault - Other","res":""}]}},{"type":"Feature","geometry":{"type":"Polygon","coordinates":[[[-110.88572211171648,32.202093662531404],[-110.88448261272327,32.20375088205003],[-110.88556674402787,32.20547225277175],[-110.88789040750395,32.20553638372579],[-110.88912987151639,32.20387914708243],[-110.88804570703637,32.20215779660984],[-110.88572211171648,32.202093662531404],[-110.88572211171648,32.202093662531404]]]},"properties":{"h3":"8948e857233ffff","count":3,"c3":0,"c6":0,"c12":0,"c24":3,"score":1.3,"risk":6,"peakDay":"Friday","peakTime":"evening","hood":"Myers","bk12":{"morning":0,"afternoon":0,"evening":0,"night":0},"bk24":{"morning":1,"afternoon":0,"evening":2,"night":0},"recent":[{"d":"2025-06-27","day":"Fri","time":"17:41","desc":"Aggravated Assault - Domestic Violence (DV)","res":""},{"d":"2025-06-27","day":"Fri","time":"17:41","desc":"Aggravated Assault - Domestic Violence (DV)","res":""},{"d":"2025-02-20","day":"Thu","time":"09:00","desc":"Aggravated Assault - Domestic Violence (DV)","res":""}]}},{"type":"Feature","geometry":{"type":"Polygon","coordinates":[[[-110.87100147690597,32.21860047184444],[-110.86976156761813,32.22025744677701],[-110.87084565467953,32.22197881364581],[-110.87316968425847,32.22204318535834],[-110.87440955859873,32.220386193295184],[-110.87332543831052,32.218664846650164],[-110.87100147690597,32.21860047184444],[-110.87100147690597,32.21860047184444]]]},"properties":{"h3":"8948e8554cfffff","count":2,"c3":0,"c6":0,"c12":1,"c24":2,"score":0.9,"risk":4,"peakDay":"Thursday","peakTime":"morning","hood":"Sewell","bk12":{"morning":0,"afternoon":1,"evening":0,"night":0},"bk24":{"morning":1,"afternoon":1,"evening":0,"night":0},"recent":[{"d":"2025-09-20","day":"Sat","time":"12:32","desc":"Robbery - Commercial House","res":""},{"d":"2025-02-20","day":"Thu","time":"10:00","desc":"Robbery - Miscellaneous","res":""}]}},{"type":"Feature","geometry":{"type":"Polygon","coordinates":[[[-110.96860415929456,32.22126742904548],[-110.9673657729466,32.222925234142004],[-110.96845120061558,32.22464563673187],[-110.9707750475854,32.22470821389825],[-110.97201339869832,32.2230503917728],[-110.97092793807933,32.22133000950997],[-110.96860415929456,32.22126742904548],[-110.96860415929456,32.22126742904548]]]},"properties":{"h3":"8948e8545cfffff","count":46,"c3":0,"c6":0,"c12":18,"c24":46,"score":22.4,"risk":100,"peakDay":"Saturday","peakTime":"evening","hood":"Downtown","bk12":{"morning":4,"afternoon":3,"evening":11,"night":0},"bk24":{"morning":15,"afternoon":10,"evening":20,"night":1},"recent":[{"d":"2025-12-20","day":"Sat","time":"21:00","desc":"Aggravated Assault - Other","res":""},{"d":"2025-12-20","day":"Sat","time":"19:24","desc":"Aggravated Assault - Other","res":""},{"d":"2025-12-06","day":"Sat","time":"19:10","desc":"Aggravated Assault - Other","res":""},{"d":"2025-12-06","day":"Sat","time":"19:00","desc":"Robbery - Highway","res":""},{"d":"2025-11-29","day":"Sat","time":"19:09","desc":"Robbery - Carjacking","res":""},{"d":"2025-11-26","day":"Wed","time":"11:43","desc":"Aggravated Assault - Other","res":""},{"d":"2025-11-08","day":"Sat","time":"15:00","desc":"Aggravated Assault - Other","res":""},{"d":"2025-11-02","day":"Sun","time":"17:43","desc":"Aggravated Assault - Other","res":""},{"d":"2025-11-02","day":"Sun","time":"17:43","desc":"Aggravated Assault - Other","res":""},{"d":"2025-10-26","day":"Sun","time":"07:55","desc":"Aggravated Assault - Other","res":""}]}},{"type":"Feature","geometry":{"type":"Polygon","coordinates":[[[-110.97435319861191,32.24847912620433],[-110.97311461271481,32.25013678950655],[-110.97420037290574,32.251856895630354],[-110.97652475194575,32.251919318134505],[-110.9777633025744,32.250261637824345],[-110.97667750943441,32.248541552018054],[-110.97435319861191,32.24847912620433],[-110.97435319861191,32.24847912620433]]]},"properties":{"h3":"8948e854103ffff","count":1,"c3":0,"c6":0,"c12":0,"c24":1,"score":0.4,"risk":2,"peakDay":"Thursday","peakTime":"afternoon","hood":"Bronx Park","bk12":{"morning":0,"afternoon":0,"evening":0,"night":0},"bk24":{"morning":0,"afternoon":1,"evening":0,"night":0},"recent":[{"d":"2025-02-20","day":"Thu","time":"12:10","desc":"Aggravated Assault - Other","res":""}]}},{"type":"Feature","geometry":{"type":"Polygon","coordinates":[[[-111.00013790505926,32.14092356749446],[-110.99890087958822,32.142582206816066],[-110.99998597820851,32.14430301168708],[-111.0023081351172,32.144365156829316],[-111.00354512530998,32.142706500466545],[-111.00245999387525,32.14098571600275],[-111.00013790505926,32.14092356749446],[-111.00013790505926,32.14092356749446]]]},"properties":{"h3":"8948e8ccb1bffff","count":1,"c3":0,"c6":0,"c12":0,"c24":1,"score":0.4,"risk":2,"peakDay":"Thursday","peakTime":"evening","hood":"Midvale Park","bk12":{"morning":0,"afternoon":0,"evening":0,"night":0},"bk24":{"morning":0,"afternoon":0,"evening":1,"night":0},"recent":[{"d":"2025-02-20","day":"Thu","time":"19:04","desc":"Aggravated Assault - Drive-By","res":""}]}},{"type":"Feature","geometry":{"type":"Polygon","coordinates":[[[-110.95420126196116,32.231025570817316],[-110.95296254186843,32.232683182255776],[-110.95404786723205,32.23440363771461],[-110.95637194568798,32.23446646142902],[-110.95761063058183,32.232808832952216],[-110.95652527222155,32.23108839779939],[-110.95420126196116,32.231025570817316],[-110.95420126196116,32.231025570817316]]]},"properties":{"h3":"8948e85408fffff","count":3,"c3":0,"c6":0,"c12":2,"c24":3,"score":1.4,"risk":6,"peakDay":"Thursday","peakTime":"night","hood":"West University","bk12":{"morning":0,"afternoon":0,"evening":1,"night":1},"bk24":{"morning":0,"afternoon":0,"evening":1,"night":2},"recent":[{"d":"2025-10-03","day":"Fri","time":"17:30","desc":"Aggravated Assault - Other","res":""},{"d":"2025-09-21","day":"Sun","time":"22:51","desc":"Aggravated Assault - Other","res":""},{"d":"2025-02-20","day":"Thu","time":"22:19","desc":"Aggravated Assault - Domestic Violence (DV)","res":""}]}},{"type":"Feature","geometry":{"type":"Polygon","coordinates":[[[-110.954968100886,32.21413443406605],[-110.95372957370842,32.2157921710018],[-110.95481475106115,32.21751276831065],[-110.95713848857923,32.21757560836728],[-110.958376980566,32.21591785438459],[-110.95729177022842,32.214197277392294],[-110.954968100886,32.21413443406605],[-110.954968100886,32.21413443406605]]]},"properties":{"h3":"8948e854407ffff","count":2,"c3":0,"c6":0,"c12":1,"c24":2,"score":0.9,"risk":4,"peakDay":"Friday","peakTime":"afternoon","hood":"Millville","bk12":{"morning":0,"afternoon":0,"evening":1,"night":0},"bk24":{"morning":0,"afternoon":1,"evening":1,"night":0},"recent":[{"d":"2025-11-01","day":"Sat","time":"18:17","desc":"Robbery - Miscellaneous","res":""},{"d":"2025-02-21","day":"Fri","time":"12:25","desc":"Aggravated Assault - Domestic Violence (DV)","res":""}]}},{"type":"Feature","geometry":{"type":"Polygon","coordinates":[[[-110.89300318414224,32.195528614947065],[-110.89176387097834,32.1971859440182],[-110.89284803908855,32.19890730246963],[-110.8951715535164,32.19897131158927],[-110.89641083168218,32.19731396539724],[-110.89532663042108,32.195592627206544],[-110.89300318414224,32.195528614947065],[-110.89300318414224,32.195528614947065]]]},"properties":{"h3":"8948e8572b7ffff","count":1,"c3":0,"c6":0,"c12":0,"c24":1,"score":0.4,"risk":2,"peakDay":"Friday","peakTime":"afternoon","hood":"Roberts","bk12":{"morning":0,"afternoon":0,"evening":0,"night":0},"bk24":{"morning":0,"afternoon":1,"evening":0,"night":0},"recent":[{"d":"2025-02-21","day":"Fri","time":"14:00","desc":"Aggravated Assault - Other","res":""}]}},{"type":"Feature","geometry":{"type":"Polygon","coordinates":[[[-110.91887729734025,32.24021222309412],[-110.91763791695155,32.24186946265405],[-110.91872285257757,32.24359017772745],[-110.9210472016979,32.243653632978145],[-110.9222865469856,32.24199637634868],[-110.92120157825687,32.24027568153814],[-110.91887729734025,32.24021222309412],[-110.91887729734025,32.24021222309412]]]},"properties":{"h3":"8948e8542c3ffff","count":2,"c3":0,"c6":0,"c12":0,"c24":2,"score":0.7,"risk":3,"peakDay":"Saturday","peakTime":"night","hood":"Palo Verde ","bk12":{"morning":0,"afternoon":0,"evening":0,"night":0},"bk24":{"morning":0,"afternoon":0,"evening":0,"night":2},"recent":[{"d":"2025-04-05","day":"Sat","time":"01:39","desc":"Aggravated Assault - Other","res":""},{"d":"2025-02-22","day":"Sat","time":"00:58","desc":"Aggravated Assault - Domestic Violence (DV)","res":""}]}},{"type":"Feature","geometry":{"type":"Polygon","coordinates":[[[-110.89780351599859,32.24301715640964],[-110.89656377068304,32.24467419260331],[-110.89764844833343,32.246395085950724],[-110.89997290446665,32.24645892286595],[-110.90121261474124,32.24480186958267],[-110.90012790392646,32.243080996473864],[-110.89780351599859,32.24301715640964],[-110.89780351599859,32.24301715640964]]]},"properties":{"h3":"8948e855563ffff","count":5,"c3":0,"c6":0,"c12":1,"c24":5,"score":2.2,"risk":10,"peakDay":"Saturday","peakTime":"night","hood":"Garden District","bk12":{"morning":0,"afternoon":0,"evening":0,"night":1},"bk24":{"morning":0,"afternoon":0,"evening":2,"night":3},"recent":[{"d":"2025-11-01","day":"Sat","time":"02:41","desc":"Aggravated Assault - Domestic Violence (DV)","res":""},{"d":"2025-07-18","day":"Fri","time":"19:59","desc":"Aggravated Assault - Domestic Violence (DV)","res":""},{"d":"2025-05-07","day":"Wed","time":"18:00","desc":"Robbery - Miscellaneous","res":""},{"d":"2025-02-22","day":"Sat","time":"02:00","desc":"Aggravated Assault - Other","res":""},{"d":"2025-02-22","day":"Sat","time":"02:00","desc":"Aggravated Assault - Other","res":""}]}},{"type":"Feature","geometry":{"type":"Polygon","coordinates":[[[-110.94289769049952,32.24932110616631],[-110.94165859466189,32.250978490326375],[-110.94274393937803,32.25269889297245],[-110.94506841297408,32.25276189117515],[-110.94630747363483,32.25110448997525],[-110.94522209587934,32.24938410761255],[-110.94289769049952,32.24932110616631],[-110.94289769049952,32.24932110616631]]]},"properties":{"h3":"8948e8543d3ffff","count":4,"c3":0,"c6":0,"c12":1,"c24":4,"score":1.8,"risk":8,"peakDay":"Saturday","peakTime":"night","hood":"Campbell-Grant","bk12":{"morning":0,"afternoon":1,"evening":0,"night":0},"bk24":{"morning":1,"afternoon":1,"evening":0,"night":2},"recent":[{"d":"2025-10-11","day":"Sat","time":"12:49","desc":"Aggravated Assault - Other","res":""},{"d":"2025-07-29","day":"Tue","time":"23:00","desc":"Aggravated Assault - Domestic Violence (DV)","res":""},{"d":"2025-03-16","day":"Sun","time":"03:50","desc":"Aggravated Assault - Domestic Violence (DV)","res":""},{"d":"2025-02-22","day":"Sat","time":"11:30","desc":"Aggravated Assault - Drive-By","res":""}]}},{"type":"Feature","geometry":{"type":"Polygon","coordinates":[[[-110.95948769422571,32.268369603324814],[-110.95824865856524,32.27002699695633],[-110.95933440535626,32.271747070292655],[-110.96165922081353,32.27180972970736],[-110.96289822123694,32.27015231906361],[-110.96181244144304,32.26843226601748],[-110.95948769422571,32.268369603324814],[-110.95948769422571,32.268369603324814]]]},"properties":{"h3":"8948e854327ffff","count":5,"c3":0,"c6":0,"c12":1,"c24":5,"score":2.1,"risk":9,"peakDay":"Saturday","peakTime":"afternoon","hood":"Amphi","bk12":{"morning":0,"afternoon":0,"evening":0,"night":1},"bk24":{"morning":2,"afternoon":2,"evening":0,"night":1},"recent":[{"d":"2025-11-06","day":"Thu","time":"02:30","desc":"Aggravated Assault - Other","res":""},{"d":"2025-04-09","day":"Wed","time":"10:41","desc":"Aggravated Assault - Peace Officer (Non-Serious Injury)","res":""},{"d":"2025-04-09","day":"Wed","time":"10:41","desc":"Aggravated Assault - Peace Officer (Non-Serious Injury)","res":""},{"d":"2025-02-22","day":"Sat","time":"13:30","desc":"Aggravated Assault - Other","res":""},{"d":"2025-02-22","day":"Sat","time":"13:30","desc":"Aggravated Assault - Other","res":""}]}},{"type":"Feature","geometry":{"type":"Polygon","coordinates":[[[-110.94228263197793,32.26283193133803],[-110.94104338167953,32.26448921459938],[-110.9421288448301,32.26620950336805],[-110.94445359133076,32.26627248860047],[-110.94569280644589,32.264615188306145],[-110.94460731024651,32.26289491981243],[-110.94228263197793,32.26283193133803],[-110.94228263197793,32.26283193133803]]]},"properties":{"h3":"8948e854347ffff","count":7,"c3":0,"c6":0,"c12":2,"c24":7,"score":3.2,"risk":14,"peakDay":"Saturday","peakTime":"afternoon","hood":"","bk12":{"morning":0,"afternoon":0,"evening":1,"night":1},"bk24":{"morning":1,"afternoon":2,"evening":2,"night":2},"recent":[{"d":"2025-12-03","day":"Wed","time":"00:00","desc":"Aggravated Assault - Domestic Violence (DV)","res":""},{"d":"2025-08-22","day":"Fri","time":"18:10","desc":"Robbery - Miscellaneous","res":""},{"d":"2025-07-19","day":"Sat","time":"01:20","desc":"Robbery - Miscellaneous","res":""},{"d":"2025-05-13","day":"Tue","time":"14:02","desc":"Robbery - Convenience Stores","res":""},{"d":"2025-05-11","day":"Sun","time":"06:36","desc":"Robbery - Convenience Stores","res":""},{"d":"2025-05-09","day":"Fri","time":"19:36","desc":"Robbery - Miscellaneous","res":""},{"d":"2025-02-22","day":"Sat","time":"14:55","desc":"Robbery - Miscellaneous","res":""}]}},{"type":"Feature","geometry":{"type":"Polygon","coordinates":[[[-110.80080709383195,32.22678449682108],[-110.79956598487345,32.2284408002393],[-110.80064919877023,32.230162768597175],[-110.80297355505982,32.23022841339362],[-110.80421462927174,32.228572092777725],[-110.80313138194356,32.22685014456316],[-110.80080709383195,32.22678449682108],[-110.80080709383195,32.22678449682108]]]},"properties":{"h3":"8948e8424c7ffff","count":1,"c3":0,"c6":0,"c12":0,"c24":1,"score":0.4,"risk":2,"peakDay":"Saturday","peakTime":"afternoon","hood":"","bk12":{"morning":0,"afternoon":0,"evening":0,"night":0},"bk24":{"morning":0,"afternoon":1,"evening":0,"night":0},"recent":[{"d":"2025-02-22","day":"Sat","time":"16:00","desc":"Aggravated Assault - Domestic Violence (DV)","res":""}]}},{"type":"Feature","geometry":{"type":"Polygon","coordinates":[[[-110.86046553555805,32.21999944101522],[-110.85922544418219,32.22165631413955],[-110.86030940197935,32.22337776993575],[-110.86263348441285,32.22344233239607],[-110.86387354087111,32.22178544213115],[-110.86278954981633,32.22006400654657],[-110.86046553555805,32.21999944101522],[-110.86046553555805,32.21999944101522]]]},"properties":{"h3":"8948e85092fffff","count":5,"c3":0,"c6":0,"c12":2,"c24":5,"score":2.4,"risk":11,"peakDay":"Saturday","peakTime":"morning","hood":"","bk12":{"morning":1,"afternoon":0,"evening":1,"night":0},"bk24":{"morning":3,"afternoon":0,"evening":2,"night":0},"recent":[{"d":"2025-10-06","day":"Mon","time":"19:29","desc":"Robbery - Convenience Stores","res":""},{"d":"2025-09-24","day":"Wed","time":"09:44","desc":"Aggravated Assault - Other","res":""},{"d":"2025-08-16","day":"Sat","time":"11:06","desc":"Robbery - Miscellaneous","res":""},{"d":"2025-07-06","day":"Sun","time":"11:19","desc":"Robbery - Miscellaneous","res":""},{"d":"2025-02-22","day":"Sat","time":"18:01","desc":"Aggravated Assault - Other","res":""}]}},{"type":"Feature","geometry":{"type":"Polygon","coordinates":[[[-110.95833952686556,32.1397976093418],[-110.95710184780906,32.1414558950946],[-110.95818637438606,32.143177113288864],[-110.96050861295542,32.14324002536731],[-110.96174625685637,32.14158172252962],[-110.96066169734644,32.13986052469845],[-110.95833952686556,32.1397976093418],[-110.95833952686556,32.1397976093418]]]},"properties":{"h3":"8948e8cd917ffff","count":7,"c3":0,"c6":0,"c12":1,"c24":7,"score":3.1,"risk":14,"peakDay":"Friday","peakTime":"morning","hood":"","bk12":{"morning":1,"afternoon":0,"evening":0,"night":0},"bk24":{"morning":4,"afternoon":0,"evening":3,"night":0},"recent":[{"d":"2025-10-11","day":"Sat","time":"07:48","desc":"Aggravated Assault - Other","res":""},{"d":"2025-07-27","day":"Sun","time":"07:00","desc":"Aggravated Assault - Other","res":""},{"d":"2025-06-20","day":"Fri","time":"20:00","desc":"Aggravated Assault - Domestic Violence (DV)","res":""},{"d":"2025-06-20","day":"Fri","time":"20:00","desc":"Aggravated Assault - Domestic Violence (DV)","res":""},{"d":"2025-06-20","day":"Fri","time":"20:00","desc":"Aggravated Assault - Domestic Violence (DV)","res":""},{"d":"2025-04-22","day":"Tue","time":"11:26","desc":"Aggravated Assault - Peace Officer (Non-Serious Injury)","res":""},{"d":"2025-02-23","day":"Sun","time":"06:14","desc":"Aggravated Assault - Domestic Violence (DV)","res":""}]}},{"type":"Feature","geometry":{"type":"Polygon","coordinates":[[[-110.96926053269956,32.2838493596345],[-110.9680214869586,32.28550672848911],[-110.96910751057607,32.287226569635195],[-110.97143261292119,32.28728902163498],[-110.97267162338704,32.28563163578676],[-110.97158556678582,32.283911814932424],[-110.96926053269956,32.2838493596345],[-110.96926053269956,32.2838493596345]]]},"properties":{"h3":"8948e854e6fffff","count":11,"c3":0,"c6":0,"c12":1,"c24":11,"score":5,"risk":22,"peakDay":"Sunday","peakTime":"morning","hood":"","bk12":{"morning":1,"afternoon":0,"evening":0,"night":0},"bk24":{"morning":3,"afternoon":3,"evening":2,"night":3},"recent":[{"d":"2025-08-19","day":"Tue","time":"08:46","desc":"Aggravated Assault - Other","res":""},{"d":"2025-08-14","day":"Thu","time":"21:40","desc":"Robbery - Highway","res":""},{"d":"2025-08-07","day":"Thu","time":"08:20","desc":"Aggravated Assault - Other","res":""},{"d":"2025-07-06","day":"Sun","time":"02:02","desc":"Aggravated Assault - Other","res":""},{"d":"2025-07-05","day":"Sat","time":"14:04","desc":"Robbery - Highway","res":""},{"d":"2025-07-05","day":"Sat","time":"14:04","desc":"Aggravated Assault - Other","res":""},{"d":"2025-07-05","day":"Sat","time":"14:04","desc":"Aggravated Assault - Other","res":""},{"d":"2025-06-23","day":"Mon","time":"03:00","desc":"Aggravated Assault - Other","res":""},{"d":"2025-05-28","day":"Wed","time":"19:40","desc":"Aggravated Assault - Other","res":""},{"d":"2025-05-04","day":"Sun","time":"23:00","desc":"Robbery - Highway","res":""}]}},{"type":"Feature","geometry":{"type":"Polygon","coordinates":[[[-110.88107046449515,32.2273355413392],[-110.87983062143829,32.22899254245064],[-110.88091492628965,32.2307137354366],[-110.8832391074039,32.23077790708157],[-110.88447891547834,32.22912088885469],[-110.88339457742389,32.22739971609835],[-110.88107046449515,32.2273355413392],[-110.88107046449515,32.2273355413392]]]},"properties":{"h3":"8948e85543bffff","count":1,"c3":0,"c6":0,"c12":0,"c24":1,"score":0.4,"risk":2,"peakDay":"Sunday","peakTime":"morning","hood":"","bk12":{"morning":0,"afternoon":0,"evening":0,"night":0},"bk24":{"morning":1,"afternoon":0,"evening":0,"night":0},"recent":[{"d":"2025-02-23","day":"Sun","time":"11:56","desc":"Aggravated Assault - Domestic Violence (DV)","res":""}]}},{"type":"Feature","geometry":{"type":"Polygon","coordinates":[[[-110.89981856957894,32.199099201745646],[-110.89857932642241,32.20075656505411],[-110.89966361990264,32.20247782651136],[-110.9019871896758,32.20254170439422],[-110.90322639781205,32.200884323973824],[-110.90214207119831,32.199163082782576],[-110.89981856957894,32.199099201745646],[-110.89981856957894,32.199099201745646]]]},"properties":{"h3":"8948e85706fffff","count":8,"c3":0,"c6":0,"c12":1,"c24":8,"score":3.4,"risk":15,"peakDay":"Sunday","peakTime":"morning","hood":"Naylor","bk12":{"morning":0,"afternoon":0,"evening":1,"night":0},"bk24":{"morning":5,"afternoon":1,"evening":1,"night":1},"recent":[{"d":"2025-10-17","day":"Fri","time":"17:07","desc":"Aggravated Assault - Domestic Violence (DV)","res":""},{"d":"2025-06-15","day":"Sun","time":"02:00","desc":"Aggravated Assault - Other","res":""},{"d":"2025-06-06","day":"Fri","time":"06:39","desc":"Aggravated Assault - Domestic Violence (DV)","res":""},{"d":"2025-06-06","day":"Fri","time":"06:39","desc":"Aggravated Assault - Domestic Violence (DV)","res":""},{"d":"2025-05-04","day":"Sun","time":"08:32","desc":"Aggravated Assault - Other","res":""},{"d":"2025-04-17","day":"Thu","time":"10:29","desc":"Aggravated Assault - Other","res":""},{"d":"2025-03-23","day":"Sun","time":"08:00","desc":"Aggravated Assault - Other","res":""},{"d":"2025-02-23","day":"Sun","time":"16:10","desc":"Robbery - Convenience Stores","res":""}]}},{"type":"Feature","geometry":{"type":"Polygon","coordinates":[[[-110.89284803908855,32.19890730246963],[-110.89160868730815,32.20056460644958],[-110.89269288495244,32.202285936668304],[-110.89501646753331,32.20234994264851],[-110.896255784314,32.200692621549365],[-110.8951715535164,32.19897131158927],[-110.89284803908855,32.19890730246963],[-110.89284803908855,32.19890730246963]]]},"properties":{"h3":"8948e8572a7ffff","count":7,"c3":0,"c6":0,"c12":4,"c24":7,"score":3.4,"risk":15,"peakDay":"Monday","peakTime":"morning","hood":"Roberts","bk12":{"morning":4,"afternoon":0,"evening":0,"night":0},"bk24":{"morning":5,"afternoon":0,"evening":1,"night":1},"recent":[{"d":"2025-11-10","day":"Mon","time":"10:22","desc":"Aggravated Assault - Other","res":""},{"d":"2025-10-28","day":"Tue","time":"08:12","desc":"Aggravated Assault - Domestic Violence (DV)","res":""},{"d":"2025-10-27","day":"Mon","time":"11:00","desc":"Aggravated Assault - Domestic Violence (DV)","res":""},{"d":"2025-09-02","day":"Tue","time":"05:29","desc":"Aggravated Assault - Domestic Violence (DV)","res":""},{"d":"2025-06-23","day":"Mon","time":"01:31","desc":"Aggravated Assault - Domestic Violence (DV)","res":""},{"d":"2025-04-10","day":"Thu","time":"08:51","desc":"Aggravated Assault - Domestic Violence (DV)","res":""},{"d":"2025-02-23","day":"Sun","time":"18:05","desc":"Aggravated Assault - Domestic Violence (DV)","res":""}]}},{"type":"Feature","geometry":{"type":"Polygon","coordinates":[[[-110.98921330634609,32.22858541750472],[-110.9879751701341,32.23024334979001],[-110.98906094349758,32.23196348838318],[-110.99138488597127,32.23202567434629],[-110.99262298688346,32.230367725057356],[-110.99153718062466,32.22864760680903],[-110.98921330634609,32.22858541750472],[-110.98921330634609,32.22858541750472]]]},"properties":{"h3":"8948e856adbffff","count":2,"c3":0,"c6":0,"c12":1,"c24":2,"score":0.9,"risk":4,"peakDay":"Monday","peakTime":"night","hood":"Menlo Park","bk12":{"morning":0,"afternoon":0,"evening":0,"night":1},"bk24":{"morning":0,"afternoon":0,"evening":0,"night":2},"recent":[{"d":"2025-10-23","day":"Thu","time":"01:40","desc":"Robbery - Commercial House","res":""},{"d":"2025-02-24","day":"Mon","time":"02:50","desc":"Aggravated Assault - Other","res":""}]}},{"type":"Feature","geometry":{"type":"Polygon","coordinates":[[[-110.9479664306324,32.13782418385049],[-110.94672860764464,32.139482393499826],[-110.9478129762474,32.1412037289485],[-110.95013520080215,32.14126683439481],[-110.95137298866587,32.1396086076488],[-110.95028858710174,32.13788729255323],[-110.9479664306324,32.13782418385049],[-110.9479664306324,32.13782418385049]]]},"properties":{"h3":"8948e8cd9cfffff","count":1,"c3":0,"c6":0,"c12":0,"c24":1,"score":0.4,"risk":2,"peakDay":"Monday","peakTime":"morning","hood":"","bk12":{"morning":0,"afternoon":0,"evening":0,"night":0},"bk24":{"morning":1,"afternoon":0,"evening":0,"night":0},"recent":[{"d":"2025-02-24","day":"Mon","time":"10:20","desc":"Aggravated Assault - Domestic Violence (DV)","res":""}]}},{"type":"Feature","geometry":{"type":"Polygon","coordinates":[[[-110.96040723890746,32.248103673381586],[-110.95916843486144,32.24976121827659],[-110.96025400390121,32.251481462562715],[-110.9625784099786,32.25154414165108],[-110.96381717879723,32.249886579733584],[-110.96273157676876,32.24816635575027],[-110.96040723890746,32.248103673381586],[-110.96040723890746,32.248103673381586]]]},"properties":{"h3":"8948e85415bffff","count":17,"c3":0,"c6":0,"c12":4,"c24":17,"score":7.7,"risk":35,"peakDay":"Saturday","peakTime":"morning","hood":"Keeling","bk12":{"morning":1,"afternoon":0,"evening":1,"night":2},"bk24":{"morning":7,"afternoon":4,"evening":1,"night":5},"recent":[{"d":"2025-12-13","day":"Sat","time":"00:42","desc":"Robbery - Miscellaneous","res":""},{"d":"2025-09-11","day":"Thu","time":"06:15","desc":"Robbery - Convenience Stores","res":""},{"d":"2025-09-07","day":"Sun","time":"04:00","desc":"Robbery - Convenience Stores","res":""},{"d":"2025-08-23","day":"Sat","time":"17:42","desc":"Aggravated Assault - Domestic Violence (DV)","res":""},{"d":"2025-07-23","day":"Wed","time":"01:23","desc":"Robbery - Miscellaneous","res":""},{"d":"2025-06-29","day":"Sun","time":"09:36","desc":"Aggravated Assault - Other","res":""},{"d":"2025-06-29","day":"Sun","time":"09:36","desc":"Aggravated Assault - Other","res":""},{"d":"2025-06-28","day":"Sat","time":"12:29","desc":"Robbery - Miscellaneous","res":""},{"d":"2025-06-28","day":"Sat","time":"12:29","desc":"Robbery - Miscellaneous","res":""},{"d":"2025-06-21","day":"Sat","time":"15:00","desc":"Robbery - Convenience Stores","res":""}]}},{"type":"Feature","geometry":{"type":"Polygon","coordinates":[[[-110.93761736639517,32.21197254836046],[-110.93637858625439,32.21363014984636],[-110.93746350976487,32.21535093367721],[-110.93978724645213,32.215414095723006],[-110.94102599145417,32.213756477171124],[-110.93994103491059,32.21203571363947],[-110.93761736639517,32.21197254836046],[-110.93761736639517,32.21197254836046]]]},"properties":{"h3":"8948e85445bffff","count":1,"c3":0,"c6":0,"c12":0,"c24":1,"score":0.4,"risk":2,"peakDay":"Monday","peakTime":"afternoon","hood":"Arroyo Chico","bk12":{"morning":0,"afternoon":0,"evening":0,"night":0},"bk24":{"morning":0,"afternoon":1,"evening":0,"night":0},"recent":[{"d":"2025-02-24","day":"Mon","time":"16:31","desc":"Aggravated Assault - Other","res":""}]}},{"type":"Feature","geometry":{"type":"Polygon","coordinates":[[[-110.96366404163064,32.25326433717221],[-110.96242523421718,32.254921873905744],[-110.9635108954944,32.25664204095375],[-110.96583539717031,32.25670465096496],[-110.96707416934372,32.25504709721514],[-110.96598847508417,32.25332695047047],[-110.96366404163064,32.25326433717221],[-110.96366404163064,32.25326433717221]]]},"properties":{"h3":"8948e85414fffff","count":5,"c3":0,"c6":0,"c12":0,"c24":5,"score":2.1,"risk":10,"peakDay":"Tuesday","peakTime":"morning","hood":"Keeling","bk12":{"morning":0,"afternoon":0,"evening":0,"night":0},"bk24":{"morning":3,"afternoon":0,"evening":1,"night":1},"recent":[{"d":"2025-06-24","day":"Tue","time":"05:28","desc":"Aggravated Assault - Domestic Violence (DV)","res":""},{"d":"2025-06-24","day":"Tue","time":"05:28","desc":"Aggravated Assault - Domestic Violence (DV)","res":""},{"d":"2025-06-24","day":"Tue","time":"05:28","desc":"Aggravated Assault - Domestic Violence (DV)","res":""},{"d":"2025-06-07","day":"Sat","time":"04:35","desc":"Aggravated Assault - Other","res":""},{"d":"2025-02-24","day":"Mon","time":"17:00","desc":"Aggravated Assault - Domestic Violence (DV)","res":""}]}},{"type":"Feature","geometry":{"type":"Polygon","coordinates":[[[-110.88494518230665,32.21898607981347],[-110.8837054901555,32.22064317360981],[-110.88478976913066,32.22236440298247],[-110.88711377344714,32.22242851832026],[-110.88835343060957,32.2207714074078],[-110.88726911844712,32.21905019827373],[-110.88494518230665,32.21898607981347],[-110.88494518230665,32.21898607981347]]]},"properties":{"h3":"8948e8554bbffff","count":1,"c3":0,"c6":0,"c12":0,"c24":1,"score":0.4,"risk":2,"peakDay":"Tuesday","peakTime":"night","hood":"Rosemont West","bk12":{"morning":0,"afternoon":0,"evening":0,"night":0},"bk24":{"morning":0,"afternoon":0,"evening":0,"night":1},"recent":[{"d":"2025-02-25","day":"Tue","time":"02:02","desc":"Aggravated Assault - Other","res":""}]}},{"type":"Feature","geometry":{"type":"Polygon","coordinates":[[[-110.97399977586801,32.17912924735999],[-110.97276192595203,32.18078739456271],[-110.9738470312892,32.182508116547396],[-110.97617001945585,32.182570670972275],[-110.97740783414662,32.180912506722734],[-110.97632269589883,32.17919180509519],[-110.97399977586801,32.17912924735999],[-110.97399977586801,32.17912924735999]]]},"properties":{"h3":"8948e85600bffff","count":3,"c3":0,"c6":0,"c12":1,"c24":3,"score":1.3,"risk":6,"peakDay":"Tuesday","peakTime":"morning","hood":"","bk12":{"morning":1,"afternoon":0,"evening":0,"night":0},"bk24":{"morning":2,"afternoon":0,"evening":1,"night":0},"recent":[{"d":"2025-10-06","day":"Mon","time":"10:00","desc":"Aggravated Assault - Domestic Violence (DV)","res":""},{"d":"2025-05-21","day":"Wed","time":"17:44","desc":"Aggravated Assault - Other","res":""},{"d":"2025-02-25","day":"Tue","time":"07:02","desc":"Aggravated Assault - Domestic Violence (DV)","res":""}]}},{"type":"Feature","geometry":{"type":"Polygon","coordinates":[[[-110.98412615694261,32.26395917828684],[-110.9828875611356,32.26561681705064],[-110.98397359801002,32.26733669121515],[-110.98629826362429,32.26739890629688],[-110.98753682412482,32.26574125054378],[-110.98645075432043,32.264021396698325],[-110.98412615694261,32.26395917828684],[-110.98412615694261,32.26395917828684]]]},"properties":{"h3":"8948e854c4bffff","count":2,"c3":0,"c6":0,"c12":0,"c24":2,"score":0.8,"risk":4,"peakDay":"Tuesday","peakTime":"night","hood":"Flowing Wells","bk12":{"morning":0,"afternoon":0,"evening":0,"night":0},"bk24":{"morning":0,"afternoon":1,"evening":0,"night":1},"recent":[{"d":"2025-05-27","day":"Tue","time":"15:16","desc":"Aggravated Assault - Other","res":""},{"d":"2025-02-25","day":"Tue","time":"23:09","desc":"Robbery - Highway","res":""}]}},{"type":"Feature","geometry":{"type":"Polygon","coordinates":[[[-110.95577047479233,32.27334171670382],[-110.9545313266788,32.27499904281025],[-110.9556170700843,32.27671910790001],[-110.95794199462252,32.276781826600065],[-110.95918110750684,32.275124483480354],[-110.95809533108503,32.273404438673936],[-110.95577047479233,32.27334171670382],[-110.95577047479233,32.27334171670382]]]},"properties":{"h3":"8948e855d97ffff","count":2,"c3":0,"c6":0,"c12":1,"c24":2,"score":0.9,"risk":4,"peakDay":"Wednesday","peakTime":"afternoon","hood":"Campus Farm","bk12":{"morning":0,"afternoon":1,"evening":0,"night":0},"bk24":{"morning":0,"afternoon":2,"evening":0,"night":0},"recent":[{"d":"2025-11-06","day":"Thu","time":"16:00","desc":"Aggravated Assault - Domestic Violence (DV)","res":""},{"d":"2025-02-26","day":"Wed","time":"15:18","desc":"Aggravated Assault - Other","res":""}]}},{"type":"Feature","geometry":{"type":"Polygon","coordinates":[[[-110.77774964932645,32.19737488491371],[-110.77650849103227,32.199031194129255],[-110.77759111731699,32.200753641734714],[-110.77991493537881,32.200819759989535],[-110.78115605901174,32.19916343353645],[-110.78007339924699,32.19744100606617],[-110.77774964932645,32.19737488491371],[-110.77774964932645,32.19737488491371]]]},"properties":{"h3":"8948e851d0bffff","count":1,"c3":0,"c6":0,"c12":0,"c24":1,"score":0.4,"risk":2,"peakDay":"Thursday","peakTime":"night","hood":"Old Spanish Trail","bk12":{"morning":0,"afternoon":0,"evening":0,"night":0},"bk24":{"morning":0,"afternoon":0,"evening":0,"night":1},"recent":[{"d":"2025-02-27","day":"Thu","time":"04:28","desc":"Aggravated Assault - Other","res":""}]}},{"type":"Feature","geometry":{"type":"Polygon","coordinates":[[[-110.96855998628762,32.14514960683058],[-110.96732241273084,32.146807943824534],[-110.96840712679158,32.14852901658077],[-110.97072944731883,32.14859173197214],[-110.97196698568698,32.14693337790681],[-110.97088223871941,32.14521232552155],[-110.96855998628762,32.14514960683058],[-110.96855998628762,32.14514960683058]]]},"properties":{"h3":"8948e8564dbffff","count":1,"c3":0,"c6":0,"c12":0,"c24":1,"score":0.4,"risk":2,"peakDay":"Thursday","peakTime":"morning","hood":"Sunnyside","bk12":{"morning":0,"afternoon":0,"evening":0,"night":0},"bk24":{"morning":1,"afternoon":0,"evening":0,"night":0},"recent":[{"d":"2025-02-27","day":"Thu","time":"06:38","desc":"Aggravated Assault - Peace Officer (Non-Serious Injury)","res":""}]}},{"type":"Feature","geometry":{"type":"Polygon","coordinates":[[[-111.02823710111593,32.21440434761126],[-111.02699973909907,32.216062717080085],[-111.0280859033646,32.217782603217636],[-111.03040946242571,32.217844099491735],[-111.03164678903742,32.21618571305165],[-111.03056059199606,32.2144658473088],[-111.02823710111593,32.21440434761126],[-111.02823710111593,32.21440434761126]]]},"properties":{"h3":"8948e856893ffff","count":1,"c3":0,"c6":0,"c12":0,"c24":1,"score":0.4,"risk":2,"peakDay":"Thursday","peakTime":"afternoon","hood":"","bk12":{"morning":0,"afternoon":0,"evening":0,"night":0},"bk24":{"morning":0,"afternoon":1,"evening":0,"night":0},"recent":[{"d":"2025-02-27","day":"Thu","time":"12:15","desc":"Aggravated Assault - Other","res":""}]}},{"type":"Feature","geometry":{"type":"Polygon","coordinates":[[[-110.95152633643622,32.136229040983736],[-110.95028858710174,32.13788729255323],[-110.95137298866587,32.1396086076488],[-110.95369517251764,32.13967165081709],[-110.95493288671867,32.138013382153694],[-110.95384845220423,32.13629208741596],[-110.95152633643622,32.136229040983736],[-110.95152633643622,32.136229040983736]]]},"properties":{"h3":"8948e8cd9c7ffff","count":2,"c3":0,"c6":0,"c12":1,"c24":2,"score":0.9,"risk":4,"peakDay":"Thursday","peakTime":"afternoon","hood":"","bk12":{"morning":0,"afternoon":0,"evening":0,"night":1},"bk24":{"morning":0,"afternoon":1,"evening":0,"night":1},"recent":[{"d":"2025-10-12","day":"Sun","time":"03:05","desc":"Aggravated Assault - Other","res":""},{"d":"2025-02-27","day":"Thu","time":"12:57","desc":"Aggravated Assault - Domestic Violence (DV)","res":""}]}},{"type":"Feature","geometry":{"type":"Polygon","coordinates":[[[-110.94600015804163,32.25785994652759],[-110.94476102015847,32.25951729729735],[-110.94584648674446,32.26123759427472],[-110.94817112425194,32.26130052020061],[-110.94941022694394,32.25964315239894],[-110.94832472732256,32.25792287570334],[-110.94600015804163,32.25785994652759],[-110.94600015804163,32.25785994652759]]]},"properties":{"h3":"8948e85431bffff","count":1,"c3":0,"c6":0,"c12":0,"c24":1,"score":0.4,"risk":2,"peakDay":"Friday","peakTime":"night","hood":"Hedrick Acres","bk12":{"morning":0,"afternoon":0,"evening":0,"night":0},"bk24":{"morning":0,"afternoon":0,"evening":0,"night":1},"recent":[{"d":"2025-02-28","day":"Fri","time":"01:23","desc":"Aggravated Assault - Other","res":""}]}},{"type":"Feature","geometry":{"type":"Polygon","coordinates":[[[-110.94259017925116,32.25607662611795],[-110.94135100618787,32.257733959851336],[-110.94243641011803,32.25945430558057],[-110.94476102015847,32.25951729729735],[-110.94600015804163,32.25785994652759],[-110.94491472106736,32.256139621077494],[-110.94259017925116,32.25607662611795],[-110.94259017925116,32.25607662611795]]]},"properties":{"h3":"8948e8543cfffff","count":1,"c3":0,"c6":0,"c12":0,"c24":1,"score":0.4,"risk":2,"peakDay":"Friday","peakTime":"morning","hood":"","bk12":{"morning":0,"afternoon":0,"evening":0,"night":0},"bk24":{"morning":1,"afternoon":0,"evening":0,"night":0},"recent":[{"d":"2025-02-28","day":"Fri","time":"07:52","desc":"Aggravated Assault - Other","res":""}]}},{"type":"Feature","geometry":{"type":"Polygon","coordinates":[[[-110.97089746516724,32.1705879128597],[-110.96965965711195,32.172246092849285],[-110.97074464074981,32.17396691987658],[-110.9730674653605,32.17402954655562],[-110.97430523820486,32.17237134951128],[-110.97322022165237,32.170650542842736],[-110.97089746516724,32.1705879128597],[-110.97089746516724,32.1705879128597]]]},"properties":{"h3":"8948e8560c3ffff","count":3,"c3":0,"c6":0,"c12":0,"c24":3,"score":1.3,"risk":6,"peakDay":"Friday","peakTime":"afternoon","hood":"","bk12":{"morning":0,"afternoon":0,"evening":0,"night":0},"bk24":{"morning":1,"afternoon":1,"evening":1,"night":0},"recent":[{"d":"2025-08-17","day":"Sun","time":"17:00","desc":"Aggravated Assault - Domestic Violence (DV)","res":""},{"d":"2025-04-09","day":"Wed","time":"11:10","desc":"Aggravated Assault - Other","res":""},{"d":"2025-02-28","day":"Fri","time":"14:25","desc":"Aggravated Assault - Other","res":""}]}},{"type":"Feature","geometry":{"type":"Polygon","coordinates":[[[-110.93669409146808,32.23224205856513],[-110.93545507974541,32.233899509335735],[-110.93654018077412,32.235620123047504],[-110.93886432657574,32.23568326570218],[-110.94010330315008,32.23402579787591],[-110.93901816907403,32.23230520445068],[-110.93669409146808,32.23224205856513],[-110.93669409146808,32.23224205856513]]]},"properties":{"h3":"8948e854627ffff","count":1,"c3":0,"c6":0,"c12":0,"c24":1,"score":0.4,"risk":2,"peakDay":"Friday","peakTime":"evening","hood":"Sam Hughes","bk12":{"morning":0,"afternoon":0,"evening":0,"night":0},"bk24":{"morning":0,"afternoon":0,"evening":1,"night":0},"recent":[{"d":"2025-02-28","day":"Fri","time":"17:33","desc":"Aggravated Assault - Domestic Violence (DV)","res":""}]}},{"type":"Feature","geometry":{"type":"Polygon","coordinates":[[[-110.98488881757699,32.24707080828547],[-110.98365041467216,32.24872857290716],[-110.98473630331797,32.250448589592814],[-110.98706062778973,32.25051082132727],[-110.98829899539619,32.2488530397077],[-110.98721307383218,32.24713304335163],[-110.98488881757699,32.24707080828547],[-110.98488881757699,32.24707080828547]]]},"properties":{"h3":"8948e8541a3ffff","count":2,"c3":0,"c6":0,"c12":0,"c24":2,"score":0.7,"risk":3,"peakDay":"Saturday","peakTime":"night","hood":"Miracle Manor","bk12":{"morning":0,"afternoon":0,"evening":0,"night":0},"bk24":{"morning":0,"afternoon":0,"evening":0,"night":2},"recent":[{"d":"2025-03-01","day":"Sat","time":"01:09","desc":"Robbery - Carjacking","res":""},{"d":"2025-03-01","day":"Sat","time":"01:09","desc":"Robbery - Carjacking","res":""}]}},{"type":"Feature","geometry":{"type":"Polygon","coordinates":[[[-110.93449493370905,32.12730562605265],[-110.9332570088728,32.12896379208511],[-110.93434109782166,32.13068534923294],[-110.93666314460344,32.13074872000367],[-110.93790103436142,32.12909053685481],[-110.93681691241879,32.127369000051694],[-110.93449493370905,32.12730562605265],[-110.93449493370905,32.12730562605265]]]},"properties":{"h3":"8948e8cd817ffff","count":3,"c3":0,"c6":0,"c12":0,"c24":3,"score":1.1,"risk":5,"peakDay":"Saturday","peakTime":"evening","hood":"","bk12":{"morning":0,"afternoon":0,"evening":0,"night":0},"bk24":{"morning":0,"afternoon":0,"evening":3,"night":0},"recent":[{"d":"2025-03-01","day":"Sat","time":"19:28","desc":"Aggravated Assault - Other","res":""},{"d":"2025-03-01","day":"Sat","time":"19:28","desc":"Aggravated Assault - Other","res":""},{"d":"2025-03-01","day":"Sat","time":"19:28","desc":"Aggravated Assault - Other","res":""}]}},{"type":"Feature","geometry":{"type":"Polygon","coordinates":[[[-110.89253772173316,32.20566451752077],[-110.8912982927126,32.20732177128434],[-110.89238254942987,32.209043045004755],[-110.89470626832866,32.209107044707245],[-110.89594566234632,32.207449773827925],[-110.89486137247101,32.20572852036192],[-110.89253772173316,32.20566451752077],[-110.89253772173316,32.20566451752077]]]},"properties":{"h3":"8948e8573cbffff","count":8,"c3":0,"c6":0,"c12":0,"c24":8,"score":3.2,"risk":14,"peakDay":"Saturday","peakTime":"afternoon","hood":"Toumey Park","bk12":{"morning":0,"afternoon":0,"evening":0,"night":0},"bk24":{"morning":2,"afternoon":5,"evening":0,"night":1},"recent":[{"d":"2025-07-19","day":"Sat","time":"08:30","desc":"Aggravated Assault - Domestic Violence (DV)","res":""},{"d":"2025-05-28","day":"Wed","time":"14:08","desc":"Aggravated Assault - Other","res":""},{"d":"2025-05-28","day":"Wed","time":"14:08","desc":"Aggravated Assault - Other","res":""},{"d":"2025-04-30","day":"Wed","time":"13:10","desc":"Aggravated Assault - Other","res":""},{"d":"2025-03-22","day":"Sat","time":"12:44","desc":"Aggravated Assault - Other","res":""},{"d":"2025-03-16","day":"Sun","time":"11:00","desc":"Aggravated Assault - Other","res":""},{"d":"2025-03-08","day":"Sat","time":"16:58","desc":"Robbery - Convenience Stores","res":""},{"d":"2025-03-01","day":"Sat","time":"23:49","desc":"Aggravated Assault - Other","res":""}]}},{"type":"Feature","geometry":{"type":"Polygon","coordinates":[[[-110.86650185457425,32.24046212470991],[-110.86526163973996,32.24211890592131],[-110.86634587072996,32.243840123097016],[-110.86867034980934,32.24390453885499],[-110.86991052969601,32.242247740520554],[-110.86882626545385,32.24052654355124],[-110.86650185457425,32.24046212470991],[-110.86650185457425,32.24046212470991]]]},"properties":{"h3":"8948e8550cbffff","count":1,"c3":0,"c6":0,"c12":0,"c24":1,"score":0.4,"risk":2,"peakDay":"Sunday","peakTime":"night","hood":"","bk12":{"morning":0,"afternoon":0,"evening":0,"night":0},"bk24":{"morning":0,"afternoon":0,"evening":0,"night":1},"recent":[{"d":"2025-03-02","day":"Sun","time":"04:11","desc":"Aggravated Assault - Other","res":""}]}},{"type":"Feature","geometry":{"type":"Polygon","coordinates":[[[-110.85612009605136,32.23848268460629],[-110.8548797377678,32.24013938915496],[-110.85596380988734,32.24186072361513],[-110.85828827357395,32.24192533333037],[-110.85952859694153,32.24026861164696],[-110.85844449154138,32.23854729738312],[-110.85612009605136,32.23848268460629],[-110.85612009605136,32.23848268460629]]]},"properties":{"h3":"8948e85563bffff","count":6,"c3":0,"c6":0,"c12":1,"c24":6,"score":2.5,"risk":11,"peakDay":"Sunday","peakTime":"night","hood":"","bk12":{"morning":1,"afternoon":0,"evening":0,"night":0},"bk24":{"morning":2,"afternoon":1,"evening":0,"night":3},"recent":[{"d":"2025-10-02","day":"Thu","time":"06:58","desc":"Aggravated Assault - Domestic Violence (DV)","res":""},{"d":"2025-06-11","day":"Wed","time":"04:00","desc":"Aggravated Assault - Other","res":""},{"d":"2025-04-19","day":"Sat","time":"15:55","desc":"Robbery - Miscellaneous","res":""},{"d":"2025-04-14","day":"Mon","time":"01:45","desc":"Aggravated Assault - Other","res":""},{"d":"2025-03-07","day":"Fri","time":"01:26","desc":"Aggravated Assault - Other","res":""},{"d":"2025-03-02","day":"Sun","time":"07:30","desc":"Aggravated Assault - Other","res":""}]}},{"type":"Feature","geometry":{"type":"Polygon","coordinates":[[[-110.97257794359396,32.13341533531463],[-110.97134055928058,32.13507378860182],[-110.97242521752301,32.136794925315264],[-110.97474729297046,32.136857588359526],[-110.9759846420906,32.13519911799855],[-110.97489995095944,32.13347800166717],[-110.97257794359396,32.13341533531463],[-110.97257794359396,32.13341533531463]]]},"properties":{"h3":"8948e8cca47ffff","count":9,"c3":0,"c6":0,"c12":6,"c24":9,"score":4.5,"risk":20,"peakDay":"Tuesday","peakTime":"afternoon","hood":"Sunnyside","bk12":{"morning":1,"afternoon":3,"evening":1,"night":1},"bk24":{"morning":3,"afternoon":4,"evening":1,"night":1},"recent":[{"d":"2025-11-06","day":"Thu","time":"04:59","desc":"Aggravated Assault - Domestic Violence (DV)","res":""},{"d":"2025-10-07","day":"Tue","time":"15:00","desc":"Aggravated Assault - Other","res":""},{"d":"2025-10-03","day":"Fri","time":"06:15","desc":"Robbery - Highway","res":""},{"d":"2025-10-01","day":"Wed","time":"12:03","desc":"Aggravated Assault - Other","res":""},{"d":"2025-09-30","day":"Tue","time":"20:15","desc":"Aggravated Assault - Other","res":""},{"d":"2025-08-28","day":"Thu","time":"16:00","desc":"Aggravated Assault - Other","res":""},{"d":"2025-05-10","day":"Sat","time":"14:42","desc":"Aggravated Assault - Domestic Violence (DV)","res":""},{"d":"2025-04-29","day":"Tue","time":"06:05","desc":"Aggravated Assault - Peace Officer (Non-Serious Injury)","res":""},{"d":"2025-03-02","day":"Sun","time":"07:42","desc":"Robbery - Convenience Stores","res":""}]}},{"type":"Feature","geometry":{"type":"Polygon","coordinates":[[[-110.91283213464429,32.21975268158041],[-110.91159287719304,32.22141001283559],[-110.9126775395976,32.22313096695772],[-110.9150014925645,32.22319456955661],[-110.91624071494485,32.22153722121432],[-110.91515601943206,32.21981628736032],[-110.91283213464429,32.21975268158041],[-110.91283213464429,32.21975268158041]]]},"properties":{"h3":"8948e857327ffff","count":11,"c3":0,"c6":0,"c12":2,"c24":11,"score":4.8,"risk":22,"peakDay":"Sunday","peakTime":"afternoon","hood":"Miramonte","bk12":{"morning":2,"afternoon":0,"evening":0,"night":0},"bk24":{"morning":4,"afternoon":7,"evening":0,"night":0},"recent":[{"d":"2025-11-21","day":"Fri","time":"07:07","desc":"Robbery - Miscellaneous","res":""},{"d":"2025-11-21","day":"Fri","time":"07:07","desc":"Robbery - Convenience Stores","res":""},{"d":"2025-07-16","day":"Wed","time":"14:54","desc":"Robbery - Miscellaneous","res":""},{"d":"2025-07-16","day":"Wed","time":"14:54","desc":"Robbery - Miscellaneous","res":""},{"d":"2025-06-11","day":"Wed","time":"12:20","desc":"Aggravated Assault - Other","res":""},{"d":"2025-04-19","day":"Sat","time":"08:02","desc":"Robbery - Miscellaneous","res":""},{"d":"2025-04-02","day":"Wed","time":"06:16","desc":"Aggravated Assault - Other","res":""},{"d":"2025-03-02","day":"Sun","time":"15:20","desc":"Robbery - Miscellaneous","res":""},{"d":"2025-03-02","day":"Sun","time":"15:20","desc":"Robbery - Miscellaneous","res":""},{"d":"2025-03-02","day":"Sun","time":"15:20","desc":"Robbery - Miscellaneous","res":""}]}},{"type":"Feature","geometry":{"type":"Polygon","coordinates":[[[-110.97465882317317,32.241723426508806],[-110.97342031443947,32.24338114010991],[-110.97450601536745,32.24510130315638],[-110.9768302579764,32.24516373228008],[-110.9780687314449,32.24350600166762],[-110.97698299757255,32.24178585894288],[-110.97465882317317,32.241723426508806],[-110.97465882317317,32.241723426508806]]]},"properties":{"h3":"8948e85418bffff","count":1,"c3":0,"c6":0,"c12":0,"c24":1,"score":0.4,"risk":2,"peakDay":"Monday","peakTime":"night","hood":"Bronx Park","bk12":{"morning":0,"afternoon":0,"evening":0,"night":0},"bk24":{"morning":0,"afternoon":0,"evening":0,"night":1},"recent":[{"d":"2025-03-03","day":"Mon","time":"00:40","desc":"Aggravated Assault - Domestic Violence (DV)","res":""}]}},{"type":"Feature","geometry":{"type":"Polygon","coordinates":[[[-110.8734750746702,32.24065525296501],[-110.87223496840478,32.24231209368203],[-110.87331929542609,32.24403324208741],[-110.87564376194818,32.24409752956203],[-110.87688383324543,32.242440671729206],[-110.87579947299169,32.24071954353762],[-110.8734750746702,32.24065525296501],[-110.8734750746702,32.24065525296501]]]},"properties":{"h3":"8948e8550c7ffff","count":6,"c3":0,"c6":0,"c12":1,"c24":6,"score":2.6,"risk":12,"peakDay":"Monday","peakTime":"evening","hood":"Avondale","bk12":{"morning":0,"afternoon":0,"evening":1,"night":0},"bk24":{"morning":0,"afternoon":1,"evening":3,"night":2},"recent":[{"d":"2025-09-12","day":"Fri","time":"18:54","desc":"Robbery - Convenience Stores","res":""},{"d":"2025-07-25","day":"Fri","time":"17:00","desc":"Aggravated Assault - Other","res":""},{"d":"2025-07-14","day":"Mon","time":"14:07","desc":"Aggravated Assault - Other","res":""},{"d":"2025-06-21","day":"Sat","time":"18:08","desc":"Aggravated Assault - Drive-By","res":""},{"d":"2025-03-03","day":"Mon","time":"02:00","desc":"Aggravated Assault - Peace Officer (Non-Serious Injury)","res":""},{"d":"2025-03-03","day":"Mon","time":"02:00","desc":"Aggravated Assault - Peace Officer (Non-Serious Injury)","res":""}]}},{"type":"Feature","geometry":{"type":"Polygon","coordinates":[[[-110.8283841250112,32.23432586744632],[-110.82714337172798,32.2359823589289],[-110.82822702970846,32.23770399641566],[-110.83055147433237,32.23776912225114],[-110.83179219278351,32.23611261360321],[-110.83070850144577,32.23439099628523],[-110.8283841250112,32.23432586744632],[-110.8283841250112,32.23432586744632]]]},"properties":{"h3":"8948e84259bffff","count":10,"c3":0,"c6":0,"c12":4,"c24":10,"score":4.7,"risk":21,"peakDay":"Monday","peakTime":"afternoon","hood":"Garden District","bk12":{"morning":1,"afternoon":2,"evening":1,"night":0},"bk24":{"morning":2,"afternoon":4,"evening":1,"night":3},"recent":[{"d":"2025-12-06","day":"Sat","time":"20:25","desc":"Aggravated Assault - Other","res":""},{"d":"2025-11-04","day":"Tue","time":"15:18","desc":"Aggravated Assault - Other","res":""},{"d":"2025-09-15","day":"Mon","time":"11:00","desc":"Robbery - Highway","res":""},{"d":"2025-09-14","day":"Sun","time":"13:59","desc":"Aggravated Assault - Domestic Violence (DV)","res":""},{"d":"2025-06-20","day":"Fri","time":"14:00","desc":"Aggravated Assault - Other","res":""},{"d":"2025-06-08","day":"Sun","time":"07:46","desc":"Aggravated Assault - Other","res":""},{"d":"2025-04-30","day":"Wed","time":"15:00","desc":"Aggravated Assault - Domestic Violence (DV)","res":""},{"d":"2025-04-27","day":"Sun","time":"22:30","desc":"Aggravated Assault - Other","res":""},{"d":"2025-03-03","day":"Mon","time":"04:40","desc":"Aggravated Assault - Other","res":""},{"d":"2025-03-03","day":"Mon","time":"04:40","desc":"Aggravated Assault - Other","res":""}]}},{"type":"Feature","geometry":{"type":"Polygon","coordinates":[[[-110.84436640820596,32.19079569042351],[-110.84312637436159,32.192452628758694],[-110.84420984124854,32.19417449606474],[-110.84653337526942,32.19423940482465],[-110.847773374261,32.19258244931615],[-110.84668987408736,32.19086060222113],[-110.84436640820596,32.19079569042351],[-110.84436640820596,32.19079569042351]]]},"properties":{"h3":"8948e850d4fffff","count":9,"c3":0,"c6":0,"c12":1,"c24":9,"score":4.2,"risk":19,"peakDay":"Thursday","peakTime":"afternoon","hood":"Terra Del Sol","bk12":{"morning":1,"afternoon":0,"evening":0,"night":0},"bk24":{"morning":2,"afternoon":6,"evening":1,"night":0},"recent":[{"d":"2025-12-04","day":"Thu","time":"10:00","desc":"Robbery - Highway","res":""},{"d":"2025-08-14","day":"Thu","time":"14:43","desc":"Aggravated Assault - Domestic Violence (DV)","res":""},{"d":"2025-08-14","day":"Thu","time":"14:43","desc":"Aggravated Assault - Domestic Violence (DV)","res":""},{"d":"2025-08-14","day":"Thu","time":"14:43","desc":"Aggravated Assault - Domestic Violence (DV)","res":""},{"d":"2025-06-21","day":"Sat","time":"15:00","desc":"Aggravated Assault - Other","res":""},{"d":"2025-06-21","day":"Sat","time":"15:00","desc":"Aggravated Assault - Other","res":""},{"d":"2025-05-23","day":"Fri","time":"17:06","desc":"Aggravated Assault - Other","res":""},{"d":"2025-03-27","day":"Thu","time":"16:19","desc":"Aggravated Assault - Other","res":""},{"d":"2025-03-03","day":"Mon","time":"10:42","desc":"Robbery - Miscellaneous","res":""}]}},{"type":"Feature","geometry":{"type":"Polygon","coordinates":[[[-110.95508612787997,32.1346337939387],[-110.95384845220423,32.13629208741596],[-110.95493288671867,32.138013382153694],[-110.957255029851,32.13807636305161],[-110.95849267038386,32.136418052483215],[-110.95740820293014,32.13469677810809],[-110.95508612787997,32.1346337939387],[-110.95508612787997,32.1346337939387]]]},"properties":{"h3":"8948e8cd98bffff","count":6,"c3":0,"c6":0,"c12":0,"c24":6,"score":2.6,"risk":12,"peakDay":"Sunday","peakTime":"afternoon","hood":"","bk12":{"morning":0,"afternoon":0,"evening":0,"night":0},"bk24":{"morning":1,"afternoon":5,"evening":0,"night":0},"recent":[{"d":"2025-07-20","day":"Sun","time":"13:00","desc":"Aggravated Assault - Other","res":""},{"d":"2025-07-20","day":"Sun","time":"13:00","desc":"Aggravated Assault - Other","res":""},{"d":"2025-07-20","day":"Sun","time":"13:00","desc":"Aggravated Assault - Other","res":""},{"d":"2025-06-21","day":"Sat","time":"09:29","desc":"Aggravated Assault - Other","res":""},{"d":"2025-03-03","day":"Mon","time":"13:13","desc":"Robbery - Convenience Stores","res":""},{"d":"2025-03-03","day":"Mon","time":"13:13","desc":"Robbery - Convenience Stores","res":""}]}},{"type":"Feature","geometry":{"type":"Polygon","coordinates":[[[-110.89842369585878,32.22950490234256],[-110.89718410509657,32.23116203939107],[-110.89826866451219,32.23288304620017],[-110.90059284784783,32.23294689571381],[-110.90183240357547,32.23128974156886],[-110.90074781100495,32.229568755006774],[-110.89842369585878,32.22950490234256],[-110.89842369585878,32.22950490234256]]]},"properties":{"h3":"8948e8555c7ffff","count":2,"c3":0,"c6":0,"c12":0,"c24":2,"score":0.8,"risk":4,"peakDay":"Monday","peakTime":"afternoon","hood":"Midway Village","bk12":{"morning":0,"afternoon":0,"evening":0,"night":0},"bk24":{"morning":1,"afternoon":1,"evening":0,"night":0},"recent":[{"d":"2025-07-08","day":"Tue","time":"08:30","desc":"Aggravated Assault - Other","res":""},{"d":"2025-03-03","day":"Mon","time":"14:36","desc":"Aggravated Assault - Domestic Violence (DV)","res":""}]}},{"type":"Feature","geometry":{"type":"Polygon","coordinates":[[[-110.84511214948762,32.25001434792144],[-110.843871493099,32.251670874560894],[-110.8449555243434,32.25339221287513],[-110.84728024529795,32.253457004372116],[-110.84852086679594,32.2518004605931],[-110.84743680223292,32.250079142456734],[-110.84511214948762,32.25001434792144],[-110.84511214948762,32.25001434792144]]]},"properties":{"h3":"8948e8552c3ffff","count":2,"c3":0,"c6":0,"c12":0,"c24":2,"score":0.7,"risk":3,"peakDay":"Monday","peakTime":"afternoon","hood":"","bk12":{"morning":0,"afternoon":0,"evening":0,"night":0},"bk24":{"morning":0,"afternoon":2,"evening":0,"night":0},"recent":[{"d":"2025-03-03","day":"Mon","time":"15:00","desc":"Aggravated Assault - Other","res":""},{"d":"2025-03-03","day":"Mon","time":"15:00","desc":"Aggravated Assault - Other","res":""}]}},{"type":"Feature","geometry":{"type":"Polygon","coordinates":[[[-110.99922621057853,32.16119943830095],[-110.9979889541168,32.16285792877497],[-110.9990742303718,32.164578564597534],[-111.0013967959199,32.164640689551646],[-111.00263401709361,32.16298218204684],[-111.00154870801013,32.161261566618776],[-110.99922621057853,32.16119943830095],[-110.99922621057853,32.16119943830095]]]},"properties":{"h3":"8948e8565c7ffff","count":1,"c3":0,"c6":0,"c12":0,"c24":1,"score":0.4,"risk":2,"peakDay":"Monday","peakTime":"afternoon","hood":"","bk12":{"morning":0,"afternoon":0,"evening":0,"night":0},"bk24":{"morning":0,"afternoon":1,"evening":0,"night":0},"recent":[{"d":"2025-03-03","day":"Mon","time":"15:43","desc":"Aggravated Assault - Domestic Violence (DV)","res":""}]}},{"type":"Feature","geometry":{"type":"Polygon","coordinates":[[[-111.01277958949225,32.24781480722425],[-111.01154162351163,32.24947280823996],[-111.01262789384758,32.25119254822905],[-111.01495216300599,32.25125426684357],[-111.01619009360618,32.24959624885916],[-111.01510379043131,32.247876529229],[-111.01277958949225,32.24781480722425],[-111.01277958949225,32.24781480722425]]]},"properties":{"h3":"8948e856b53ffff","count":2,"c3":0,"c6":0,"c12":1,"c24":2,"score":0.9,"risk":4,"peakDay":"Monday","peakTime":"evening","hood":"","bk12":{"morning":1,"afternoon":0,"evening":0,"night":0},"bk24":{"morning":1,"afternoon":0,"evening":1,"night":0},"recent":[{"d":"2025-10-26","day":"Sun","time":"10:33","desc":"Aggravated Assault - Other","res":""},{"d":"2025-03-03","day":"Mon","time":"17:00","desc":"Robbery - Miscellaneous","res":""}]}},{"type":"Feature","geometry":{"type":"Polygon","coordinates":[[[-110.83927652702404,32.15005077208857],[-110.8380368485669,32.151707951762646],[-110.8391198657077,32.153430224802555],[-110.84144259458627,32.15349529793949],[-110.84268223823007,32.15183810106412],[-110.8415991878115,32.15011584825318],[-110.83927652702404,32.15005077208857],[-110.83927652702404,32.15005077208857]]]},"properties":{"h3":"8948e852aabffff","count":1,"c3":0,"c6":0,"c12":0,"c24":1,"score":0.4,"risk":2,"peakDay":"Tuesday","peakTime":"night","hood":"","bk12":{"morning":0,"afternoon":0,"evening":0,"night":0},"bk24":{"morning":0,"afternoon":0,"evening":0,"night":1},"recent":[{"d":"2025-03-04","day":"Tue","time":"04:00","desc":"Aggravated Assault - Other","res":""}]}},{"type":"Feature","geometry":{"type":"Polygon","coordinates":[[[-110.86743756585402,32.22019300942738],[-110.8661975829782,32.221849942032314],[-110.86728163680172,32.223571329120155],[-110.86960570674185,32.223635763384095],[-110.87084565467953,32.22197881364581],[-110.86976156761813,32.22025744677701],[-110.86743756585402,32.22019300942738],[-110.86743756585402,32.22019300942738]]]},"properties":{"h3":"8948e855453ffff","count":16,"c3":0,"c6":0,"c12":5,"c24":16,"score":7.5,"risk":34,"peakDay":"Friday","peakTime":"morning","hood":"Sewell","bk12":{"morning":2,"afternoon":2,"evening":0,"night":1},"bk24":{"morning":8,"afternoon":6,"evening":0,"night":2},"recent":[{"d":"2025-12-12","day":"Fri","time":"11:37","desc":"Aggravated Assault - Other","res":""},{"d":"2025-11-22","day":"Sat","time":"07:26","desc":"Aggravated Assault - Other","res":""},{"d":"2025-10-18","day":"Sat","time":"15:04","desc":"Robbery - Miscellaneous","res":""},{"d":"2025-10-05","day":"Sun","time":"12:18","desc":"Aggravated Assault - Peace Officer (Non-Serious Injury)","res":""},{"d":"2025-09-12","day":"Fri","time":"04:45","desc":"Robbery - Miscellaneous","res":""},{"d":"2025-07-15","day":"Tue","time":"09:08","desc":"Robbery - Miscellaneous","res":""},{"d":"2025-07-11","day":"Fri","time":"10:40","desc":"Robbery - Highway","res":""},{"d":"2025-07-10","day":"Thu","time":"13:35","desc":"Robbery - Miscellaneous","res":""},{"d":"2025-07-10","day":"Thu","time":"13:35","desc":"Robbery - Miscellaneous","res":""},{"d":"2025-05-25","day":"Sun","time":"10:41","desc":"Aggravated Assault - Other","res":""}]}},{"type":"Feature","geometry":{"type":"Polygon","coordinates":[[[-110.93697846975711,32.14936789480858],[-110.93574034874975,32.15102592888751],[-110.9368246774971,32.15274726916075],[-110.93914716025392,32.152810555020494],[-110.94038524616238,32.15115250384004],[-110.9393008844158,32.149431183901434],[-110.93697846975711,32.14936789480858],[-110.93697846975711,32.14936789480858]]]},"properties":{"h3":"8948e8cdbbbffff","count":1,"c3":0,"c6":0,"c12":0,"c24":1,"score":0.4,"risk":2,"peakDay":"Tuesday","peakTime":"morning","hood":"Cherry Avenue","bk12":{"morning":0,"afternoon":0,"evening":0,"night":0},"bk24":{"morning":1,"afternoon":0,"evening":0,"night":0},"recent":[{"d":"2025-03-04","day":"Tue","time":"10:38","desc":"Aggravated Assault - Peace Officer (Non-Serious Injury)","res":""}]}},{"type":"Feature","geometry":{"type":"Polygon","coordinates":[[[-110.82764702132384,32.17510210494642],[-110.82640689069599,32.17675900756682],[-110.82748998469475,32.178481172845366],[-110.82981324264948,32.17854641530159],[-110.83105333848302,32.176889495482044],[-110.82997021115901,32.17516735040549],[-110.82764702132384,32.17510210494642],[-110.82764702132384,32.17510210494642]]]},"properties":{"h3":"8948e850c0bffff","count":1,"c3":0,"c6":0,"c12":0,"c24":1,"score":0.4,"risk":2,"peakDay":"Tuesday","peakTime":"evening","hood":"","bk12":{"morning":0,"afternoon":0,"evening":0,"night":0},"bk24":{"morning":0,"afternoon":0,"evening":1,"night":0},"recent":[{"d":"2025-03-04","day":"Tue","time":"20:23","desc":"Robbery - Convenience Stores","res":""}]}},{"type":"Feature","geometry":{"type":"Polygon","coordinates":[[[-110.8259191127712,32.212268921484984],[-110.82467855679612,32.213925547339514],[-110.82576197499786,32.215647402823066],[-110.82808598252915,32.215712612273364],[-110.82932650369261,32.21405596923867],[-110.82824305213933,32.2123341339339],[-110.8259191127712,32.212268921484984],[-110.8259191127712,32.212268921484984]]]},"properties":{"h3":"8948e850bd7ffff","count":1,"c3":0,"c6":0,"c12":0,"c24":1,"score":0.4,"risk":2,"peakDay":"Wednesday","peakTime":"night","hood":"","bk12":{"morning":0,"afternoon":0,"evening":0,"night":0},"bk24":{"morning":0,"afternoon":0,"evening":0,"night":1},"recent":[{"d":"2025-03-05","day":"Wed","time":"03:30","desc":"Aggravated Assault - Domestic Violence (DV)","res":""}]}},{"type":"Feature","geometry":{"type":"Polygon","coordinates":[[[-110.98025758234489,32.27230946446557],[-110.97901883546783,32.273967010590006],[-110.98010489869907,32.275686847979635],[-110.98242974175606,32.27574911893479],[-110.98366845333288,32.274091555821684],[-110.98258235715588,32.27237173874217],[-110.98025758234489,32.27230946446557],[-110.98025758234489,32.27230946446557]]]},"properties":{"h3":"8948e854eabffff","count":3,"c3":0,"c6":0,"c12":0,"c24":3,"score":1.3,"risk":6,"peakDay":"Friday","peakTime":"morning","hood":"","bk12":{"morning":0,"afternoon":0,"evening":0,"night":0},"bk24":{"morning":3,"afternoon":0,"evening":0,"night":0},"recent":[{"d":"2025-07-18","day":"Fri","time":"10:02","desc":"Aggravated Assault - Domestic Violence (DV)","res":""},{"d":"2025-07-18","day":"Fri","time":"10:02","desc":"Aggravated Assault - Domestic Violence (DV)","res":""},{"d":"2025-03-05","day":"Wed","time":"06:20","desc":"Robbery - Highway","res":""}]}},{"type":"Feature","geometry":{"type":"Polygon","coordinates":[[[-110.9123610876277,32.15376987829881],[-110.91112252840826,32.15542766806418],[-110.91220656678955,32.15714920678286],[-110.91452919746506,32.157212935430614],[-110.91576772165494,32.15555512854088],[-110.91468365020177,32.15383361012783],[-110.9123610876277,32.15376987829881],[-110.9123610876277,32.15376987829881]]]},"properties":{"h3":"8948e857497ffff","count":2,"c3":0,"c6":0,"c12":1,"c24":2,"score":0.9,"risk":4,"peakDay":"Wednesday","peakTime":"afternoon","hood":"Mortimore","bk12":{"morning":0,"afternoon":1,"evening":0,"night":0},"bk24":{"morning":0,"afternoon":2,"evening":0,"night":0},"recent":[{"d":"2025-09-08","day":"Mon","time":"14:03","desc":"Aggravated Assault - Other","res":""},{"d":"2025-03-05","day":"Wed","time":"16:45","desc":"Aggravated Assault - Drive-By","res":""}]}},{"type":"Feature","geometry":{"type":"Polygon","coordinates":[[[-110.90926895183718,32.22134634455834],[-110.90802962070802,32.22300363357678],[-110.90911424999328,32.22472460796229],[-110.91143824352987,32.22478827306604],[-110.9126775395976,32.22313096695772],[-110.91159287719304,32.22141001283559],[-110.90926895183718,32.22134634455834],[-110.90926895183718,32.22134634455834]]]},"properties":{"h3":"8948e85732fffff","count":2,"c3":0,"c6":0,"c12":0,"c24":2,"score":0.8,"risk":4,"peakDay":"Thursday","peakTime":"morning","hood":"Peter Howell","bk12":{"morning":0,"afternoon":0,"evening":0,"night":0},"bk24":{"morning":2,"afternoon":0,"evening":0,"night":0},"recent":[{"d":"2025-07-12","day":"Sat","time":"07:46","desc":"Aggravated Assault - Other","res":""},{"d":"2025-03-06","day":"Thu","time":"05:00","desc":"Robbery - Carjacking","res":""}]}},{"type":"Feature","geometry":{"type":"Polygon","coordinates":[[[-110.99542403500296,32.24566162614],[-110.99418581516105,32.247319492015905],[-110.99527183217776,32.24903941922258],[-110.99759610192655,32.24910146021178],[-110.99883428644007,32.247443577348086],[-110.99774823653608,32.245723670483066],[-110.99542403500296,32.24566162614],[-110.99542403500296,32.24566162614]]]},"properties":{"h3":"8948e856a63ffff","count":1,"c3":0,"c6":0,"c12":0,"c24":1,"score":0.4,"risk":2,"peakDay":"Thursday","peakTime":"morning","hood":"Barrio El Rio","bk12":{"morning":0,"afternoon":0,"evening":0,"night":0},"bk24":{"morning":1,"afternoon":0,"evening":0,"night":0},"recent":[{"d":"2025-03-06","day":"Thu","time":"06:39","desc":"Aggravated Assault - Other","res":""}]}},{"type":"Feature","geometry":{"type":"Polygon","coordinates":[[[-110.94784351178338,32.21732399184432],[-110.94660483709198,32.218981644514685],[-110.94768994844182,32.22070228244244],[-110.95001376749296,32.22076524739281],[-110.95125240701243,32.21910757766996],[-110.95016726265561,32.21738696004928],[-110.94784351178338,32.21732399184432],[-110.94784351178338,32.21732399184432]]]},"properties":{"h3":"8948e854473ffff","count":3,"c3":0,"c6":0,"c12":1,"c24":3,"score":1.3,"risk":6,"peakDay":"Friday","peakTime":"night","hood":"Miles","bk12":{"morning":0,"afternoon":0,"evening":1,"night":0},"bk24":{"morning":0,"afternoon":0,"evening":1,"night":2},"recent":[{"d":"2025-10-08","day":"Wed","time":"18:13","desc":"Aggravated Assault - Domestic Violence (DV)","res":""},{"d":"2025-03-07","day":"Fri","time":"02:29","desc":"Aggravated Assault - Domestic Violence (DV)","res":""},{"d":"2025-03-07","day":"Fri","time":"02:29","desc":"Aggravated Assault - Domestic Violence (DV)","res":""}]}},{"type":"Feature","geometry":{"type":"Polygon","coordinates":[[[-111.00133245155584,32.269490985215306],[-111.00009407096904,32.27114873408342],[-111.00118039104113,32.27286839243383],[-111.00350512458688,32.27293028158194],[-111.00474346981346,32.27127251574534],[-111.00365711685743,32.26955287772916],[-111.00133245155584,32.269490985215306],[-111.00133245155584,32.269490985215306]]]},"properties":{"h3":"8948e854c2bffff","count":5,"c3":0,"c6":0,"c12":2,"c24":5,"score":2.4,"risk":11,"peakDay":"Friday","peakTime":"night","hood":"Flowing Wells","bk12":{"morning":0,"afternoon":0,"evening":1,"night":1},"bk24":{"morning":1,"afternoon":0,"evening":2,"night":2},"recent":[{"d":"2025-12-11","day":"Thu","time":"03:54","desc":"Aggravated Assault - Other","res":""},{"d":"2025-08-22","day":"Fri","time":"19:10","desc":"Aggravated Assault - Other","res":""},{"d":"2025-06-20","day":"Fri","time":"05:47","desc":"Robbery - Highway","res":""},{"d":"2025-06-19","day":"Thu","time":"18:26","desc":"Aggravated Assault - Other","res":""},{"d":"2025-03-07","day":"Fri","time":"03:51","desc":"Aggravated Assault - Other","res":""}]}},{"type":"Feature","geometry":{"type":"Polygon","coordinates":[[[-110.94983901731257,32.173401360416186],[-110.94860084402595,32.17505933830219],[-110.94968557079497,32.17678034381321],[-110.95200850382976,32.17684335110374],[-110.9532466419653,32.17518535614283],[-110.95216188222,32.17346437096637],[-110.94983901731257,32.173401360416186],[-110.94983901731257,32.173401360416186]]]},"properties":{"h3":"8948e856663ffff","count":7,"c3":0,"c6":0,"c12":0,"c24":7,"score":2.6,"risk":12,"peakDay":"Saturday","peakTime":"morning","hood":"","bk12":{"morning":0,"afternoon":0,"evening":0,"night":0},"bk24":{"morning":4,"afternoon":1,"evening":2,"night":0},"recent":[{"d":"2025-04-05","day":"Sat","time":"09:44","desc":"Aggravated Assault - Domestic Violence (DV)","res":""},{"d":"2025-03-27","day":"Thu","time":"12:52","desc":"Aggravated Assault - Other","res":""},{"d":"2025-03-25","day":"Tue","time":"17:51","desc":"Robbery - Residence","res":""},{"d":"2025-03-22","day":"Sat","time":"06:51","desc":"Aggravated Assault - Other","res":""},{"d":"2025-03-22","day":"Sat","time":"06:51","desc":"Aggravated Assault - Other","res":""},{"d":"2025-03-21","day":"Fri","time":"21:14","desc":"Aggravated Assault - Other","res":""},{"d":"2025-03-07","day":"Fri","time":"07:58","desc":"Aggravated Assault - Other","res":""}]}},{"type":"Feature","geometry":{"type":"Polygon","coordinates":[[[-110.96335774038768,32.26001969105592],[-110.96211885577736,32.26167717738753],[-110.96320457630972,32.26339728745647],[-110.96552921444236,32.263459890894765],[-110.96676806380938,32.261802387550304],[-110.96568231028996,32.26008229778047],[-110.96335774038768,32.26001969105592],[-110.96335774038768,32.26001969105592]]]},"properties":{"h3":"8948e8543a7ffff","count":5,"c3":0,"c6":0,"c12":1,"c24":5,"score":2.2,"risk":10,"peakDay":"Friday","peakTime":"afternoon","hood":"Keeling","bk12":{"morning":0,"afternoon":1,"evening":0,"night":0},"bk24":{"morning":1,"afternoon":4,"evening":0,"night":0},"recent":[{"d":"2025-12-19","day":"Fri","time":"12:54","desc":"Aggravated Assault - Other","res":""},{"d":"2025-04-15","day":"Tue","time":"16:50","desc":"Aggravated Assault - Other","res":""},{"d":"2025-04-15","day":"Tue","time":"16:50","desc":"Aggravated Assault - Other","res":""},{"d":"2025-04-14","day":"Mon","time":"16:07","desc":"Aggravated Assault - Other","res":""},{"d":"2025-03-07","day":"Fri","time":"10:06","desc":"Aggravated Assault - Domestic Violence (DV)","res":""}]}},{"type":"Feature","geometry":{"type":"Polygon","coordinates":[[[-110.90895953909077,32.22810281787801],[-110.90772013071833,32.22976005657212],[-110.90880481912887,32.2314809742832],[-110.91112894903878,32.231544633041125],[-110.91236832234661,32.22988737726058],[-110.91128360081204,32.22816647980865],[-110.90895953909077,32.22810281787801],[-110.90895953909077,32.22810281787801]]]},"properties":{"h3":"8948e855587ffff","count":4,"c3":0,"c6":0,"c12":2,"c24":4,"score":1.9,"risk":8,"peakDay":"Sunday","peakTime":"afternoon","hood":"Miramonte","bk12":{"morning":0,"afternoon":2,"evening":0,"night":0},"bk24":{"morning":1,"afternoon":3,"evening":0,"night":0},"recent":[{"d":"2025-10-26","day":"Sun","time":"13:31","desc":"Robbery - Convenience Stores","res":""},{"d":"2025-09-01","day":"Mon","time":"12:08","desc":"Robbery - Miscellaneous","res":""},{"d":"2025-06-01","day":"Sun","time":"06:59","desc":"Aggravated Assault - Other","res":""},{"d":"2025-03-07","day":"Fri","time":"14:23","desc":"Aggravated Assault - Domestic Violence (DV)","res":""}]}},{"type":"Feature","geometry":{"type":"Polygon","coordinates":[[[-110.82654757188301,32.19875446200305],[-110.82530717061302,32.20041118865859],[-110.82639047090066,32.20213315694836],[-110.82871420580318,32.202198378395444],[-110.82995457226788,32.20054163455283],[-110.82887123863824,32.198819686450285],[-110.82654757188301,32.19875446200305],[-110.82654757188301,32.19875446200305]]]},"properties":{"h3":"8948e85080bffff","count":6,"c3":0,"c6":0,"c12":0,"c24":6,"score":2.4,"risk":11,"peakDay":"Friday","peakTime":"evening","hood":"Dietz","bk12":{"morning":0,"afternoon":0,"evening":0,"night":0},"bk24":{"morning":1,"afternoon":2,"evening":3,"night":0},"recent":[{"d":"2025-08-08","day":"Fri","time":"17:01","desc":"Aggravated Assault - Domestic Violence (DV)","res":""},{"d":"2025-04-30","day":"Wed","time":"14:14","desc":"Aggravated Assault - Domestic Violence (DV)","res":""},{"d":"2025-03-24","day":"Mon","time":"16:45","desc":"Aggravated Assault - Domestic Violence (DV)","res":""},{"d":"2025-03-21","day":"Fri","time":"06:01","desc":"Aggravated Assault - Other","res":""},{"d":"2025-03-07","day":"Fri","time":"17:16","desc":"Aggravated Assault - Other","res":""},{"d":"2025-03-07","day":"Fri","time":"17:16","desc":"Aggravated Assault - Other","res":""}]}},{"type":"Feature","geometry":{"type":"Polygon","coordinates":[[[-110.94366631105346,32.232431368005905],[-110.94242740823825,32.234088878034356],[-110.94351260494719,32.23580942278102],[-110.94583673750175,32.23587243720537],[-110.94707560514811,32.23421491012852],[-110.94599037541163,32.23249438567577],[-110.94366631105346,32.232431368005905],[-110.94366631105346,32.232431368005905]]]},"properties":{"h3":"8948e8540cfffff","count":2,"c3":0,"c6":0,"c12":0,"c24":2,"score":0.8,"risk":4,"peakDay":"Friday","peakTime":"evening","hood":"Sam Hughes","bk12":{"morning":0,"afternoon":0,"evening":0,"night":0},"bk24":{"morning":0,"afternoon":0,"evening":2,"night":0},"recent":[{"d":"2025-06-08","day":"Sun","time":"17:33","desc":"Aggravated Assault - Other","res":""},{"d":"2025-03-07","day":"Fri","time":"17:24","desc":"Aggravated Assault - Other","res":""}]}},{"type":"Feature","geometry":{"type":"Polygon","coordinates":[[[-110.96205233963943,32.13482261865749],[-110.96081477278021,32.13648097111845],[-110.96189930272534,32.13820219704343],[-110.9642214324521,32.13826505013755],[-110.96545896414798,32.13660668059273],[-110.96437440128331,32.134885475037706],[-110.96205233963943,32.13482261865749],[-110.96205233963943,32.13482261865749]]]},"properties":{"h3":"8948e8cd987ffff","count":1,"c3":0,"c6":0,"c12":0,"c24":1,"score":0.4,"risk":2,"peakDay":"Saturday","peakTime":"morning","hood":"Sunnyside","bk12":{"morning":0,"afternoon":0,"evening":0,"night":0},"bk24":{"morning":1,"afternoon":0,"evening":0,"night":0},"recent":[{"d":"2025-03-08","day":"Sat","time":"06:12","desc":"Aggravated Assault - Other","res":""}]}},{"type":"Feature","geometry":{"type":"Polygon","coordinates":[[[-110.99785806841888,32.19160966290488],[-110.99662046531117,32.19326792934071],[-110.99770600812565,32.19498831085034],[-111.00002918690038,32.195050405548756],[-111.00126675470557,32.19339212209764],[-111.00018117904145,32.191671760963466],[-110.99785806841888,32.19160966290488],[-110.99785806841888,32.19160966290488]]]},"properties":{"h3":"8948e85610bffff","count":10,"c3":0,"c6":0,"c12":1,"c24":10,"score":4.5,"risk":20,"peakDay":"Thursday","peakTime":"morning","hood":"A Mountain","bk12":{"morning":1,"afternoon":0,"evening":0,"night":0},"bk24":{"morning":5,"afternoon":3,"evening":1,"night":1},"recent":[{"d":"2025-09-14","day":"Sun","time":"07:21","desc":"Aggravated Assault - Peace Officer (Non-Serious Injury)","res":""},{"d":"2025-08-14","day":"Thu","time":"05:31","desc":"Robbery - Convenience Stores","res":""},{"d":"2025-08-14","day":"Thu","time":"05:31","desc":"Robbery - Convenience Stores","res":""},{"d":"2025-08-05","day":"Tue","time":"16:43","desc":"Aggravated Assault - Domestic Violence (DV)","res":""},{"d":"2025-07-16","day":"Wed","time":"17:03","desc":"Aggravated Assault - Domestic Violence (DV)","res":""},{"d":"2025-05-24","day":"Sat","time":"02:55","desc":"Robbery - Convenience Stores","res":""},{"d":"2025-05-05","day":"Mon","time":"14:04","desc":"Robbery - Convenience Stores","res":""},{"d":"2025-05-05","day":"Mon","time":"14:04","desc":"Robbery - Convenience Stores","res":""},{"d":"2025-05-01","day":"Thu","time":"09:43","desc":"Aggravated Assault - Domestic Violence (DV)","res":""},{"d":"2025-03-08","day":"Sat","time":"06:34","desc":"Aggravated Assault - Other","res":""}]}},{"type":"Feature","geometry":{"type":"Polygon","coordinates":[[[-110.906634316361,32.20266933206327],[-110.90539514325606,32.20432672959112],[-110.90647956208741,32.20604789400825],[-110.90880318714271,32.20611164062632],[-110.91004232520525,32.204454225995505],[-110.90895787325778,32.202733081849665],[-110.906634316361,32.20266933206327],[-110.906634316361,32.20266933206327]]]},"properties":{"h3":"8948e857383ffff","count":1,"c3":0,"c6":0,"c12":0,"c24":1,"score":0.4,"risk":2,"peakDay":"Saturday","peakTime":"afternoon","hood":"","bk12":{"morning":0,"afternoon":0,"evening":0,"night":0},"bk24":{"morning":0,"afternoon":1,"evening":0,"night":0},"recent":[{"d":"2025-03-08","day":"Sat","time":"14:17","desc":"Robbery - Miscellaneous","res":""}]}},{"type":"Feature","geometry":{"type":"Polygon","coordinates":[[[-110.98203605360985,32.1556632905478],[-110.98079858235904,32.15732167096114],[-110.98188357592315,32.15904252147044],[-110.98420607361534,32.159104971187155],[-110.98544350963172,32.157446573722204],[-110.98435848319325,32.155725743592214],[-110.98203605360985,32.1556632905478],[-110.98203605360985,32.1556632905478]]]},"properties":{"h3":"8948e856407ffff","count":1,"c3":0,"c6":0,"c12":0,"c24":1,"score":0.4,"risk":2,"peakDay":"Saturday","peakTime":"afternoon","hood":"","bk12":{"morning":0,"afternoon":0,"evening":0,"night":0},"bk24":{"morning":0,"afternoon":1,"evening":0,"night":0},"recent":[{"d":"2025-03-08","day":"Sat","time":"15:57","desc":"Aggravated Assault - Domestic Violence (DV)","res":""}]}},{"type":"Feature","geometry":{"type":"Polygon","coordinates":[[[-110.99058417058146,32.19818037540988],[-110.98934638130085,32.199838532928226],[-110.99043188800383,32.201558926858525],[-110.99275521686444,32.201621142906696],[-110.99399297085982,32.19996296836923],[-110.9929074312827,32.19824259480281],[-110.99058417058146,32.19818037540988],[-110.99058417058146,32.19818037540988]]]},"properties":{"h3":"8948e8563b7ffff","count":2,"c3":0,"c6":0,"c12":0,"c24":2,"score":0.8,"risk":3,"peakDay":"Saturday","peakTime":"afternoon","hood":"Santa Cruz Southwest","bk12":{"morning":0,"afternoon":0,"evening":0,"night":0},"bk24":{"morning":1,"afternoon":1,"evening":0,"night":0},"recent":[{"d":"2025-05-12","day":"Mon","time":"09:05","desc":"Aggravated Assault - Peace Officer (Non-Serious Injury)","res":""},{"d":"2025-03-08","day":"Sat","time":"16:51","desc":"Aggravated Assault - Other","res":""}]}},{"type":"Feature","geometry":{"type":"Polygon","coordinates":[[[-110.90446693176398,32.24996433485515],[-110.90322721790032,32.25162137997801],[-110.90431205057541,32.253342147644915],[-110.90663663026646,32.25340584994726],[-110.90787630906544,32.2517487877455],[-110.90679144324098,32.250028040320366],[-110.90446693176398,32.24996433485515],[-110.90446693176398,32.24996433485515]]]},"properties":{"h3":"8948e855183ffff","count":2,"c3":0,"c6":0,"c12":0,"c24":2,"score":0.8,"risk":4,"peakDay":"Saturday","peakTime":"evening","hood":"Oak Flower","bk12":{"morning":0,"afternoon":0,"evening":0,"night":0},"bk24":{"morning":1,"afternoon":0,"evening":1,"night":0},"recent":[{"d":"2025-06-22","day":"Sun","time":"10:43","desc":"Aggravated Assault - Other","res":""},{"d":"2025-03-08","day":"Sat","time":"17:10","desc":"Aggravated Assault - Other","res":""}]}},{"type":"Feature","geometry":{"type":"Polygon","coordinates":[[[-110.93434109782166,32.13068534923294],[-110.93310313444816,32.13234349045056],[-110.93418725293346,32.13406501955352],[-110.93650936779122,32.13412838709633],[-110.93774729608484,32.13247022876403],[-110.93666314460344,32.13074872000367],[-110.93434109782166,32.13068534923294],[-110.93434109782166,32.13068534923294]]]},"properties":{"h3":"8948e8cd807ffff","count":2,"c3":0,"c6":0,"c12":1,"c24":2,"score":0.9,"risk":4,"peakDay":"Saturday","peakTime":"evening","hood":"Richard G. Fimbres","bk12":{"morning":0,"afternoon":0,"evening":1,"night":0},"bk24":{"morning":0,"afternoon":0,"evening":2,"night":0},"recent":[{"d":"2025-09-26","day":"Fri","time":"18:40","desc":"Aggravated Assault - Other","res":""},{"d":"2025-03-08","day":"Sat","time":"18:35","desc":"Aggravated Assault - Other","res":""}]}},{"type":"Feature","geometry":{"type":"Polygon","coordinates":[[[-110.82775568860275,32.24783806162316],[-110.82651478052532,32.249494451844235],[-110.827598556499,32.25121597605121],[-110.82992327391982,32.25128108987682],[-110.83116414715889,32.24962468249725],[-110.83008033781839,32.247903178450656],[-110.82775568860275,32.24783806162316],[-110.82775568860275,32.24783806162316]]]},"properties":{"h3":"8948e84250fffff","count":5,"c3":0,"c6":0,"c12":3,"c24":5,"score":2.5,"risk":11,"peakDay":"Saturday","peakTime":"evening","hood":"Bear Canyon","bk12":{"morning":1,"afternoon":1,"evening":1,"night":0},"bk24":{"morning":2,"afternoon":1,"evening":2,"night":0},"recent":[{"d":"2025-12-05","day":"Fri","time":"21:35","desc":"Aggravated Assault - Domestic Violence (DV)","res":""},{"d":"2025-10-01","day":"Wed","time":"14:14","desc":"Aggravated Assault - Other","res":""},{"d":"2025-08-21","day":"Thu","time":"11:53","desc":"Aggravated Assault - Other","res":""},{"d":"2025-07-07","day":"Mon","time":"10:43","desc":"Aggravated Assault - Other","res":""},{"d":"2025-03-08","day":"Sat","time":"19:19","desc":"Robbery - Convenience Stores","res":""}]}},{"type":"Feature","geometry":{"type":"Polygon","coordinates":[[[-110.99079521799874,32.270900657288344],[-110.98955665423144,32.272558304817245],[-110.99064284592515,32.27427805270766],[-110.9929676343039,32.27434013274706],[-110.99420616274097,32.27268246823955],[-110.99311993813241,32.27096274067132],[-110.99079521799874,32.270900657288344],[-110.99079521799874,32.270900657288344]]]},"properties":{"h3":"8948e854c6bffff","count":4,"c3":0,"c6":0,"c12":0,"c24":4,"score":1.7,"risk":8,"peakDay":"Sunday","peakTime":"night","hood":"Flowing Wells","bk12":{"morning":0,"afternoon":0,"evening":0,"night":0},"bk24":{"morning":1,"afternoon":0,"evening":0,"night":3},"recent":[{"d":"2025-08-12","day":"Tue","time":"11:30","desc":"Aggravated Assault - Other","res":""},{"d":"2025-06-12","day":"Thu","time":"01:00","desc":"Aggravated Assault - Domestic Violence (DV)","res":""},{"d":"2025-05-24","day":"Sat","time":"04:31","desc":"Robbery - Residence","res":""},{"d":"2025-03-09","day":"Sun","time":"02:40","desc":"Aggravated Assault - Other","res":""}]}},{"type":"Feature","geometry":{"type":"Polygon","coordinates":[[[-110.99557622891402,32.24228377946133],[-110.99433804763584,32.24394167045728],[-110.99542403500296,32.24566162614],[-110.99774823653608,32.245723670483066],[-110.99898638248753,32.244065762497605],[-110.99790036223548,32.24234582715866],[-110.99557622891402,32.24228377946133],[-110.99557622891402,32.24228377946133]]]},"properties":{"h3":"8948e856a73ffff","count":1,"c3":0,"c6":0,"c12":0,"c24":1,"score":0.4,"risk":2,"peakDay":"Sunday","peakTime":"morning","hood":"Barrio El Rio","bk12":{"morning":0,"afternoon":0,"evening":0,"night":0},"bk24":{"morning":1,"afternoon":0,"evening":0,"night":0},"recent":[{"d":"2025-03-09","day":"Sun","time":"11:35","desc":"Aggravated Assault - Domestic Violence (DV)","res":""}]}},{"type":"Feature","geometry":{"type":"Polygon","coordinates":[[[-110.90276181467969,32.21101994397472],[-110.90152249070105,32.21267724907206],[-110.90260693550195,32.21439837720433],[-110.90493073741632,32.21446217997701],[-110.90617002635885,32.212804857777385],[-110.905085548426,32.21108374990743],[-110.90276181467969,32.21101994397472],[-110.90276181467969,32.21101994397472]]]},"properties":{"h3":"8948e857303ffff","count":1,"c3":0,"c6":0,"c12":0,"c24":1,"score":0.4,"risk":2,"peakDay":"Sunday","peakTime":"afternoon","hood":"","bk12":{"morning":0,"afternoon":0,"evening":0,"night":0},"bk24":{"morning":0,"afternoon":1,"evening":0,"night":0},"recent":[{"d":"2025-03-09","day":"Sun","time":"12:45","desc":"Aggravated Assault - Domestic Violence (DV)","res":""}]}},{"type":"Feature","geometry":{"type":"Polygon","coordinates":[[[-110.9499924548492,32.17002232388312],[-110.94875432011557,32.17168032670626],[-110.94983901731257,32.173401360416186],[-110.95216188222,32.17346437096637],[-110.95339998180415,32.17180635106662],[-110.95231525163325,32.170085337693365],[-110.9499924548492,32.17002232388312],[-110.9499924548492,32.17002232388312]]]},"properties":{"h3":"8948e856673ffff","count":1,"c3":0,"c6":0,"c12":0,"c24":1,"score":0.4,"risk":2,"peakDay":"Sunday","peakTime":"evening","hood":"Bravo Park Lane","bk12":{"morning":0,"afternoon":0,"evening":0,"night":0},"bk24":{"morning":0,"afternoon":0,"evening":1,"night":0},"recent":[{"d":"2025-03-09","day":"Sun","time":"17:17","desc":"Robbery - Carjacking","res":""}]}},{"type":"Feature","geometry":{"type":"Polygon","coordinates":[[[-110.97572822728345,32.2180767910577],[-110.97448998854682,32.219734680347734],[-110.97557548210469,32.2214550422788],[-110.97789924733,32.22151749458336],[-110.97913745081273,32.21985958826994],[-110.97805192432699,32.21813924667539],[-110.97572822728345,32.2180767910577],[-110.97572822728345,32.2180767910577]]]},"properties":{"h3":"8948e85458bffff","count":1,"c3":0,"c6":0,"c12":0,"c24":1,"score":0.4,"risk":2,"peakDay":"Sunday","peakTime":"night","hood":"Downtown","bk12":{"morning":0,"afternoon":0,"evening":0,"night":0},"bk24":{"morning":0,"afternoon":0,"evening":0,"night":1},"recent":[{"d":"2025-03-09","day":"Sun","time":"23:15","desc":"Aggravated Assault - Other","res":""}]}},{"type":"Feature","geometry":{"type":"Polygon","coordinates":[[[-111.00921738148892,32.249411023795],[-111.00797934158409,32.25106898272194],[-111.00906557907004,32.25278874306525],[-111.01138988931373,32.25285052412747],[-111.01262789384758,32.25119254822905],[-111.01154162351163,32.24947280823996],[-111.00921738148892,32.249411023795],[-111.00921738148892,32.249411023795]]]},"properties":{"h3":"8948e856b5bffff","count":6,"c3":0,"c6":0,"c12":2,"c24":6,"score":3,"risk":13,"peakDay":"Thursday","peakTime":"morning","hood":"","bk12":{"morning":0,"afternoon":2,"evening":0,"night":0},"bk24":{"morning":2,"afternoon":2,"evening":0,"night":2},"recent":[{"d":"2025-12-30","day":"Tue","time":"12:56","desc":"Robbery - Miscellaneous","res":""},{"d":"2025-12-06","day":"Sat","time":"12:08","desc":"Robbery - Miscellaneous","res":""},{"d":"2025-07-24","day":"Thu","time":"01:00","desc":"Aggravated Assault - Other","res":""},{"d":"2025-07-24","day":"Thu","time":"01:00","desc":"Aggravated Assault - Other","res":""},{"d":"2025-05-21","day":"Wed","time":"10:00","desc":"Aggravated Assault - Other","res":""},{"d":"2025-03-10","day":"Mon","time":"07:01","desc":"Robbery - Miscellaneous","res":""}]}},{"type":"Feature","geometry":{"type":"Polygon","coordinates":[[[-110.95791719750059,32.22605260194293],[-110.9566785897767,32.22771028065612],[-110.95776391852925,32.22943074419873],[-110.96008788799183,32.22949350871538],[-110.96132646050903,32.22783581296492],[-110.96024109877327,32.22611536973515],[-110.95791719750059,32.22605260194293],[-110.95791719750059,32.22605260194293]]]},"properties":{"h3":"8948e854097ffff","count":2,"c3":0,"c6":0,"c12":1,"c24":2,"score":1,"risk":4,"peakDay":"Monday","peakTime":"morning","hood":"Pie Allen","bk12":{"morning":0,"afternoon":0,"evening":0,"night":1},"bk24":{"morning":1,"afternoon":0,"evening":0,"night":1},"recent":[{"d":"2025-12-20","day":"Sat","time":"04:59","desc":"Aggravated Assault - Domestic Violence (DV)","res":""},{"d":"2025-03-10","day":"Mon","time":"10:54","desc":"Aggravated Assault - Other","res":""}]}},{"type":"Feature","geometry":{"type":"Polygon","coordinates":[[[-110.98513874074871,32.16420491951577],[-110.98390122769885,32.16586326726506],[-110.98498634292885,32.16758401282893],[-110.98730900408206,32.16764639026591],[-110.98854648188328,32.16598802547297],[-110.98746133378287,32.16426730028678],[-110.98513874074871,32.16420491951577],[-110.98513874074871,32.16420491951577]]]},"properties":{"h3":"8948e85642fffff","count":4,"c3":0,"c6":0,"c12":2,"c24":4,"score":2,"risk":9,"peakDay":"Saturday","peakTime":"morning","hood":"","bk12":{"morning":1,"afternoon":0,"evening":1,"night":0},"bk24":{"morning":2,"afternoon":1,"evening":1,"night":0},"recent":[{"d":"2025-12-27","day":"Sat","time":"09:59","desc":"Robbery - Miscellaneous","res":""},{"d":"2025-11-01","day":"Sat","time":"19:05","desc":"Aggravated Assault - Other","res":""},{"d":"2025-05-22","day":"Thu","time":"09:25","desc":"Robbery - Miscellaneous","res":""},{"d":"2025-03-10","day":"Mon","time":"16:15","desc":"Aggravated Assault - Other","res":""}]}},{"type":"Feature","geometry":{"type":"Polygon","coordinates":[[[-110.83121026834046,32.173510405491776],[-110.82997021115901,32.17516735040549],[-110.83105333848302,32.176889495482044],[-110.83337655630555,32.1769546754382],[-110.8346165786832,32.1752977133281],[-110.83353341804501,32.1735755884583],[-110.83121026834046,32.173510405491776],[-110.83121026834046,32.173510405491776]]]},"properties":{"h3":"8948e850c03ffff","count":3,"c3":0,"c6":0,"c12":1,"c24":3,"score":1.4,"risk":6,"peakDay":"Monday","peakTime":"evening","hood":"Groves Lincoln Park","bk12":{"morning":0,"afternoon":0,"evening":0,"night":1},"bk24":{"morning":0,"afternoon":1,"evening":1,"night":1},"recent":[{"d":"2025-11-29","day":"Sat","time":"02:44","desc":"Aggravated Assault - Domestic Violence (DV)","res":""},{"d":"2025-06-06","day":"Fri","time":"15:50","desc":"Aggravated Assault - Domestic Violence (DV)","res":""},{"d":"2025-03-10","day":"Mon","time":"18:58","desc":"Aggravated Assault - Domestic Violence (DV)","res":""}]}},{"type":"Feature","geometry":{"type":"Polygon","coordinates":[[[-110.958874484865,32.28187914842629],[-110.95763529474728,32.283536440988925],[-110.958721160071,32.28525640014002],[-110.96104624852762,32.285319046446816],[-110.96228540340184,32.28366173687882],[-110.96119950506582,32.28194179800947],[-110.958874484865,32.28187914842629],[-110.958874484865,32.28187914842629]]]},"properties":{"h3":"8948e855da3ffff","count":9,"c3":0,"c6":0,"c12":5,"c24":9,"score":4.4,"risk":20,"peakDay":"Saturday","peakTime":"morning","hood":"Campus Farm","bk12":{"morning":2,"afternoon":1,"evening":0,"night":2},"bk24":{"morning":3,"afternoon":2,"evening":2,"night":2},"recent":[{"d":"2025-11-01","day":"Sat","time":"04:48","desc":"Aggravated Assault - Other","res":""},{"d":"2025-11-01","day":"Sat","time":"04:48","desc":"Aggravated Assault - Other","res":""},{"d":"2025-10-17","day":"Fri","time":"10:32","desc":"Aggravated Assault - Other","res":""},{"d":"2025-09-12","day":"Fri","time":"11:33","desc":"Aggravated Assault - Other","res":""},{"d":"2025-08-30","day":"Sat","time":"13:00","desc":"Aggravated Assault - Domestic Violence (DV)","res":""},{"d":"2025-07-15","day":"Tue","time":"19:15","desc":"Aggravated Assault - Other","res":""},{"d":"2025-06-01","day":"Sun","time":"07:04","desc":"Aggravated Assault - Other","res":""},{"d":"2025-04-23","day":"Wed","time":"18:29","desc":"Aggravated Assault - Other","res":""},{"d":"2025-03-11","day":"Tue","time":"14:40","desc":"Aggravated Assault - Domestic Violence (DV)","res":""}]}},{"type":"Feature","geometry":{"type":"Polygon","coordinates":[[[-110.91779599402655,32.26385677895778],[-110.91655634321147,32.26551384183066],[-110.91764148593144,32.26723435786002],[-110.91996631258873,32.26729779076847],[-110.92120592829163,32.265640710838056],[-110.92012075245236,32.263920215056814],[-110.91779599402655,32.26385677895778],[-110.91779599402655,32.26385677895778]]]},"properties":{"h3":"8948e855cc3ffff","count":6,"c3":0,"c6":0,"c12":3,"c24":6,"score":3,"risk":13,"peakDay":"Monday","peakTime":"night","hood":"","bk12":{"morning":1,"afternoon":0,"evening":0,"night":2},"bk24":{"morning":2,"afternoon":1,"evening":0,"night":3},"recent":[{"d":"2025-12-29","day":"Mon","time":"00:16","desc":"Aggravated Assault - Domestic Violence (DV)","res":""},{"d":"2025-11-10","day":"Mon","time":"09:43","desc":"Aggravated Assault - Domestic Violence (DV)","res":""},{"d":"2025-10-10","day":"Fri","time":"02:11","desc":"Aggravated Assault - Domestic Violence (DV)","res":""},{"d":"2025-06-16","day":"Mon","time":"10:00","desc":"Aggravated Assault - Domestic Violence (DV)","res":""},{"d":"2025-03-26","day":"Wed","time":"04:03","desc":"Aggravated Assault - Domestic Violence (DV)","res":""},{"d":"2025-03-11","day":"Tue","time":"15:46","desc":"Aggravated Assault - Domestic Violence (DV)","res":""}]}},{"type":"Feature","geometry":{"type":"Polygon","coordinates":[[[-110.90136757556073,32.24142391795819],[-110.90012790392646,32.243080996473864],[-110.90121261474124,32.24480186958267],[-110.90353703034653,32.24486564393253],[-110.90477666693037,32.24320854833004],[-110.90369192296227,32.24148769546458],[-110.90136757556073,32.24142391795819],[-110.90136757556073,32.24142391795819]]]},"properties":{"h3":"8948e855577ffff","count":3,"c3":0,"c6":0,"c12":1,"c24":3,"score":1.3,"risk":6,"peakDay":"Tuesday","peakTime":"morning","hood":"Garden District","bk12":{"morning":1,"afternoon":0,"evening":0,"night":0},"bk24":{"morning":2,"afternoon":1,"evening":0,"night":0},"recent":[{"d":"2025-09-12","day":"Fri","time":"06:55","desc":"Robbery - Convenience Stores","res":""},{"d":"2025-04-28","day":"Mon","time":"07:53","desc":"Aggravated Assault - Domestic Violence (DV)","res":""},{"d":"2025-03-11","day":"Tue","time":"16:51","desc":"Aggravated Assault - Domestic Violence (DV)","res":""}]}},{"type":"Feature","geometry":{"type":"Polygon","coordinates":[[[-110.97745783792367,32.25701705945126],[-110.97621921012534,32.25867468941378],[-110.97730509217877,32.26039468976036],[-110.97962963497852,32.26045703982858],[-110.98086822749414,32.25879939286605],[-110.97978231249563,32.257079412835395],[-110.97745783792367,32.25701705945126],[-110.97745783792367,32.25701705945126]]]},"properties":{"h3":"8948e85412bffff","count":6,"c3":0,"c6":0,"c12":2,"c24":6,"score":2.8,"risk":13,"peakDay":"Wednesday","peakTime":"night","hood":"Coronado Heights","bk12":{"morning":1,"afternoon":1,"evening":0,"night":0},"bk24":{"morning":1,"afternoon":1,"evening":1,"night":3},"recent":[{"d":"2025-11-19","day":"Wed","time":"12:13","desc":"Aggravated Assault - Other","res":""},{"d":"2025-11-19","day":"Wed","time":"08:34","desc":"Aggravated Assault - Other","res":""},{"d":"2025-06-22","day":"Sun","time":"03:14","desc":"Aggravated Assault - Domestic Violence (DV)","res":""},{"d":"2025-05-17","day":"Sat","time":"02:13","desc":"Robbery - Miscellaneous","res":""},{"d":"2025-03-24","day":"Mon","time":"17:00","desc":"Aggravated Assault - Other","res":""},{"d":"2025-03-12","day":"Wed","time":"03:45","desc":"Aggravated Assault - Other","res":""}]}},{"type":"Feature","geometry":{"type":"Polygon","coordinates":[[[-110.87581066912706,32.18997899595232],[-110.87457114251384,32.19163621426906],[-110.8756550266306,32.19335778681637],[-110.87797847056011,32.193422120801614],[-110.87921796222889,32.19176488534327],[-110.87813404491547,32.190043333041366],[-110.87581066912706,32.18997899595232],[-110.87581066912706,32.18997899595232]]]},"properties":{"h3":"8948e8572d7ffff","count":2,"c3":0,"c6":0,"c12":0,"c24":2,"score":0.8,"risk":3,"peakDay":"Wednesday","peakTime":"morning","hood":"","bk12":{"morning":0,"afternoon":0,"evening":0,"night":0},"bk24":{"morning":1,"afternoon":0,"evening":0,"night":1},"recent":[{"d":"2025-04-06","day":"Sun","time":"03:13","desc":"Aggravated Assault - Other","res":""},{"d":"2025-03-12","day":"Wed","time":"05:02","desc":"Aggravated Assault - Other","res":""}]}},{"type":"Feature","geometry":{"type":"Polygon","coordinates":[[[-110.82266903892221,32.20710319378798],[-110.82142848682804,32.208759827673425],[-110.82251181271174,32.21048175976023],[-110.82483572405035,32.210547037783435],[-110.82607624134558,32.20889038671164],[-110.82499288210403,32.20716847480306],[-110.82266903892221,32.20710319378798],[-110.82266903892221,32.20710319378798]]]},"properties":{"h3":"8948e85086bffff","count":1,"c3":0,"c6":0,"c12":0,"c24":1,"score":0.4,"risk":2,"peakDay":"Wednesday","peakTime":"morning","hood":"","bk12":{"morning":0,"afternoon":0,"evening":0,"night":0},"bk24":{"morning":1,"afternoon":0,"evening":0,"night":0},"recent":[{"d":"2025-03-12","day":"Wed","time":"05:40","desc":"Aggravated Assault - Other","res":""}]}},{"type":"Feature","geometry":{"type":"Polygon","coordinates":[[[-110.96880143943146,32.293980827978785],[-110.96756227784421,32.29563812093143],[-110.96864839040877,32.2973578762772],[-110.97097369755436,32.29742031838498],[-110.97221282386167,32.29576300844385],[-110.97112667830623,32.29404327338351],[-110.96880143943146,32.293980827978785],[-110.96880143943146,32.293980827978785]]]},"properties":{"h3":"8948e854a1bffff","count":1,"c3":0,"c6":0,"c12":0,"c24":1,"score":0.4,"risk":2,"peakDay":"Wednesday","peakTime":"morning","hood":"","bk12":{"morning":0,"afternoon":0,"evening":0,"night":0},"bk24":{"morning":1,"afternoon":0,"evening":0,"night":0},"recent":[{"d":"2025-03-12","day":"Wed","time":"07:06","desc":"Robbery - Convenience Stores","res":""}]}},{"type":"Feature","geometry":{"type":"Polygon","coordinates":[[[-110.95447310943102,32.148151829303735],[-110.95323527963998,32.14981002345736],[-110.95431983239796,32.151531205780984],[-110.95664224789857,32.151594173596926],[-110.95788004254028,32.149935962359116],[-110.9567954568336,32.14821480038961],[-110.95447310943102,32.148151829303735],[-110.95447310943102,32.148151829303735]]]},"properties":{"h3":"8948e8cd977ffff","count":4,"c3":0,"c6":0,"c12":2,"c24":4,"score":2,"risk":9,"peakDay":"Wednesday","peakTime":"afternoon","hood":"","bk12":{"morning":1,"afternoon":1,"evening":0,"night":0},"bk24":{"morning":1,"afternoon":3,"evening":0,"night":0},"recent":[{"d":"2025-12-18","day":"Thu","time":"06:03","desc":"Robbery - Miscellaneous","res":""},{"d":"2025-12-11","day":"Thu","time":"16:20","desc":"Aggravated Assault - Other","res":""},{"d":"2025-03-12","day":"Wed","time":"14:20","desc":"Aggravated Assault - Other","res":""},{"d":"2025-03-12","day":"Wed","time":"14:20","desc":"Aggravated Assault - Other","res":""}]}},{"type":"Feature","geometry":{"type":"Polygon","coordinates":[[[-110.92629639808166,32.15415162985951],[-110.92505805617272,32.15580953793404],[-110.92614228585603,32.157530939182706],[-110.92846489048355,32.1575944120365],[-110.92970319732191,32.15593648685214],[-110.92861893460622,32.15421510592388],[-110.92629639808166,32.15415162985951],[-110.92629639808166,32.15415162985951]]]},"properties":{"h3":"8948e8cdb0bffff","count":3,"c3":0,"c6":0,"c12":0,"c24":3,"score":1.2,"risk":5,"peakDay":"Thursday","peakTime":"morning","hood":"","bk12":{"morning":0,"afternoon":0,"evening":0,"night":0},"bk24":{"morning":3,"afternoon":0,"evening":0,"night":0},"recent":[{"d":"2025-05-31","day":"Sat","time":"07:45","desc":"Robbery - Miscellaneous","res":""},{"d":"2025-05-26","day":"Mon","time":"11:24","desc":"Robbery - Convenience Stores","res":""},{"d":"2025-03-13","day":"Thu","time":"06:57","desc":"Robbery - Commercial House","res":""}]}},{"type":"Feature","geometry":{"type":"Polygon","coordinates":[[[-110.95309329315101,32.178564308072445],[-110.95185511646174,32.180222278083136],[-110.95293993536055,32.18194320683314],[-110.95526296392146,32.18200614523744],[-110.956501105447,32.18034815815808],[-110.95541625357825,32.178627249743144],[-110.95309329315101,32.178564308072445],[-110.95309329315101,32.178564308072445]]]},"properties":{"h3":"8948e85629bffff","count":4,"c3":0,"c6":0,"c12":1,"c24":4,"score":1.8,"risk":8,"peakDay":"Tuesday","peakTime":"afternoon","hood":"","bk12":{"morning":0,"afternoon":1,"evening":0,"night":0},"bk24":{"morning":1,"afternoon":2,"evening":0,"night":1},"recent":[{"d":"2025-11-04","day":"Tue","time":"12:33","desc":"Robbery - Miscellaneous","res":""},{"d":"2025-06-03","day":"Tue","time":"13:10","desc":"Aggravated Assault - Other","res":""},{"d":"2025-03-15","day":"Sat","time":"08:36","desc":"Aggravated Assault - Domestic Violence (DV)","res":""},{"d":"2025-03-14","day":"Fri","time":"03:20","desc":"Aggravated Assault - Other","res":""}]}},{"type":"Feature","geometry":{"type":"Polygon","coordinates":[[[-110.94597082300756,32.18175413563014],[-110.94473249890294,32.18341202156246],[-110.9458172518287,32.18513299096835],[-110.94814036185403,32.18519605411644],[-110.94937865081378,32.18353815110992],[-110.94829386489596,32.18181720202961],[-110.94597082300756,32.18175413563014],[-110.94597082300756,32.18175413563014]]]},"properties":{"h3":"8948e8562c3ffff","count":5,"c3":0,"c6":0,"c12":3,"c24":5,"score":2.6,"risk":12,"peakDay":"Tuesday","peakTime":"afternoon","hood":"South Park","bk12":{"morning":0,"afternoon":3,"evening":0,"night":0},"bk24":{"morning":1,"afternoon":3,"evening":0,"night":1},"recent":[{"d":"2025-11-25","day":"Tue","time":"12:09","desc":"Aggravated Assault - Other","res":""},{"d":"2025-11-25","day":"Tue","time":"12:09","desc":"Aggravated Assault - Other","res":""},{"d":"2025-09-29","day":"Mon","time":"15:06","desc":"Robbery - Commercial House","res":""},{"d":"2025-07-29","day":"Tue","time":"01:00","desc":"Aggravated Assault - Other","res":""},{"d":"2025-03-15","day":"Sat","time":"08:15","desc":"Robbery - Miscellaneous","res":""}]}},{"type":"Feature","geometry":{"type":"Polygon","coordinates":[[[-110.97404753824816,32.25523461141222],[-110.97280887517813,32.256892224370226],[-110.97389469463837,32.258612273527625],[-110.97621921012534,32.25867468941378],[-110.97745783792367,32.25701705945126],[-110.97637198550964,32.255297030607174],[-110.97404753824816,32.25523461141222],[-110.97404753824816,32.25523461141222]]]},"properties":{"h3":"8948e854177ffff","count":3,"c3":0,"c6":0,"c12":0,"c24":3,"score":1.3,"risk":6,"peakDay":"Saturday","peakTime":"morning","hood":"Balboa Heights","bk12":{"morning":0,"afternoon":0,"evening":0,"night":0},"bk24":{"morning":2,"afternoon":0,"evening":1,"night":0},"recent":[{"d":"2025-07-31","day":"Thu","time":"17:34","desc":"Robbery - Highway","res":""},{"d":"2025-07-26","day":"Sat","time":"10:46","desc":"Aggravated Assault - Other","res":""},{"d":"2025-03-15","day":"Sat","time":"10:46","desc":"Aggravated Assault - Other","res":""}]}},{"type":"Feature","geometry":{"type":"Polygon","coordinates":[[[-110.84021630245854,32.12977294315471],[-110.83897685573069,32.13143027263063],[-110.84005969612777,32.13315271365693],[-110.84238201651901,32.13321780496571],[-110.84362142844293,32.1315604582781],[-110.84253855478241,32.129838037493464],[-110.84021630245854,32.12977294315471],[-110.84021630245854,32.12977294315471]]]},"properties":{"h3":"8948e852e33ffff","count":1,"c3":0,"c6":0,"c12":0,"c24":1,"score":0.4,"risk":2,"peakDay":"Saturday","peakTime":"afternoon","hood":"","bk12":{"morning":0,"afternoon":0,"evening":0,"night":0},"bk24":{"morning":0,"afternoon":1,"evening":0,"night":0},"recent":[{"d":"2025-03-15","day":"Sat","time":"16:35","desc":"Robbery - Miscellaneous","res":""}]}},{"type":"Feature","geometry":{"type":"Polygon","coordinates":[[[-110.90880481912887,32.2314809742832],[-110.90756537213119,32.233138187798126],[-110.90865009010676,32.23485907715561],[-110.91097428820929,32.23492273274117],[-110.91221370014075,32.233265502141535],[-110.91112894903878,32.231544633041125],[-110.90880481912887,32.2314809742832],[-110.90880481912887,32.2314809742832]]]},"properties":{"h3":"8948e8555bbffff","count":5,"c3":0,"c6":0,"c12":0,"c24":5,"score":2.2,"risk":10,"peakDay":"Wednesday","peakTime":"night","hood":"Peter Howell","bk12":{"morning":0,"afternoon":0,"evening":0,"night":0},"bk24":{"morning":0,"afternoon":0,"evening":0,"night":5},"recent":[{"d":"2025-08-03","day":"Sun","time":"22:55","desc":"Aggravated Assault - Other","res":""},{"d":"2025-06-11","day":"Wed","time":"01:11","desc":"Aggravated Assault - Other","res":""},{"d":"2025-06-11","day":"Wed","time":"01:11","desc":"Aggravated Assault - Other","res":""},{"d":"2025-06-11","day":"Wed","time":"01:11","desc":"Aggravated Assault - Other","res":""},{"d":"2025-03-16","day":"Sun","time":"04:53","desc":"Aggravated Assault - Other","res":""}]}},{"type":"Feature","geometry":{"type":"Polygon","coordinates":[[[-110.77244992640458,32.087237874890604],[-110.77120986320436,32.0888949089658],[-110.77229138949124,32.09061836731978],[-110.77461301241267,32.090684771405954],[-110.77585304103296,32.08902772002607],[-110.77477148131462,32.08730428186479],[-110.77244992640458,32.087237874890604],[-110.77244992640458,32.087237874890604]]]},"properties":{"h3":"8948e8535a3ffff","count":1,"c3":0,"c6":0,"c12":0,"c24":1,"score":0.4,"risk":2,"peakDay":"Sunday","peakTime":"morning","hood":"Rita Ranch","bk12":{"morning":0,"afternoon":0,"evening":0,"night":0},"bk24":{"morning":1,"afternoon":0,"evening":0,"night":0},"recent":[{"d":"2025-03-16","day":"Sun","time":"11:00","desc":"Aggravated Assault - Other","res":""}]}},{"type":"Feature","geometry":{"type":"Polygon","coordinates":[[[-110.82141097146746,32.23413022442585],[-110.82017010985518,32.23578665626933],[-110.82125367159844,32.237508362376204],[-110.82357812833389,32.23757361647827],[-110.82481895513469,32.235917167462205],[-110.82373536001441,32.23419548151671],[-110.82141097146746,32.23413022442585],[-110.82141097146746,32.23413022442585]]]},"properties":{"h3":"8948e8425d3ffff","count":8,"c3":0,"c6":0,"c12":0,"c24":8,"score":3.5,"risk":16,"peakDay":"Monday","peakTime":"night","hood":"Carriage Park","bk12":{"morning":0,"afternoon":0,"evening":0,"night":0},"bk24":{"morning":0,"afternoon":2,"evening":1,"night":5},"recent":[{"d":"2025-08-10","day":"Sun","time":"15:56","desc":"Aggravated Assault - Peace Officer (Non-Serious Injury)","res":""},{"d":"2025-08-02","day":"Sat","time":"22:03","desc":"Aggravated Assault - Domestic Violence (DV)","res":""},{"d":"2025-08-02","day":"Sat","time":"22:03","desc":"Aggravated Assault - Domestic Violence (DV)","res":""},{"d":"2025-07-23","day":"Wed","time":"02:19","desc":"Aggravated Assault - Other","res":""},{"d":"2025-05-26","day":"Mon","time":"15:29","desc":"Aggravated Assault - Other","res":""},{"d":"2025-04-24","day":"Thu","time":"04:30","desc":"Robbery - Miscellaneous","res":""},{"d":"2025-04-21","day":"Mon","time":"17:19","desc":"Robbery - Miscellaneous","res":""},{"d":"2025-03-17","day":"Mon","time":"01:38","desc":"Aggravated Assault - Other","res":""}]}},{"type":"Feature","geometry":{"type":"Polygon","coordinates":[[[-110.95355331266842,32.16842729286613],[-110.95231525163325,32.170085337693365],[-110.95339998180415,32.17180635106662],[-110.95572280597595,32.17186929927129],[-110.9569608318522,32.17021123737022],[-110.95587606871844,32.168490244338386],[-110.95355331266842,32.16842729286613],[-110.95355331266842,32.16842729286613]]]},"properties":{"h3":"8948e85660fffff","count":4,"c3":0,"c6":0,"c12":0,"c24":4,"score":1.5,"risk":7,"peakDay":"Monday","peakTime":"afternoon","hood":"Bravo Park Lane","bk12":{"morning":0,"afternoon":0,"evening":0,"night":0},"bk24":{"morning":0,"afternoon":4,"evening":0,"night":0},"recent":[{"d":"2025-03-17","day":"Mon","time":"16:47","desc":"Aggravated Assault - Domestic Violence (DV)","res":""},{"d":"2025-03-17","day":"Mon","time":"16:47","desc":"Aggravated Assault - Domestic Violence (DV)","res":""},{"d":"2025-03-17","day":"Mon","time":"16:47","desc":"Aggravated Assault - Domestic Violence (DV)","res":""},{"d":"2025-03-17","day":"Mon","time":"16:47","desc":"Aggravated Assault - Domestic Violence (DV)","res":""}]}},{"type":"Feature","geometry":{"type":"Polygon","coordinates":[[[-110.99292749016286,32.223611486362735],[-110.99168946635992,32.225269485786306],[-110.99277524298104,32.2269896324471],[-110.99509907628992,32.227051759332696],[-110.99633706478525,32.22539374290654],[-110.99525125528224,32.22367361659744],[-110.99292749016286,32.223611486362735],[-110.99292749016286,32.223611486362735]]]},"properties":{"h3":"8948e856e6bffff","count":2,"c3":0,"c6":0,"c12":1,"c24":2,"score":0.9,"risk":4,"peakDay":"Monday","peakTime":"evening","hood":"Menlo Park","bk12":{"morning":0,"afternoon":0,"evening":0,"night":1},"bk24":{"morning":0,"afternoon":0,"evening":1,"night":1},"recent":[{"d":"2025-10-10","day":"Fri","time":"01:11","desc":"Aggravated Assault - Other","res":""},{"d":"2025-03-17","day":"Mon","time":"19:00","desc":"Aggravated Assault - Other","res":""}]}},{"type":"Feature","geometry":{"type":"Polygon","coordinates":[[[-110.9350005779688,32.26939781892281],[-110.93376114145683,32.27105499232204],[-110.93484656808431,32.27277529312548],[-110.93717146430004,32.2728384002664],[-110.93841086564605,32.271181209830345],[-110.93732540594519,32.269460929290275],[-110.9350005779688,32.26939781892281],[-110.9350005779688,32.26939781892281]]]},"properties":{"h3":"8948e855ca3ffff","count":1,"c3":0,"c6":0,"c12":0,"c24":1,"score":0.4,"risk":2,"peakDay":"Wednesday","peakTime":"morning","hood":"RillitoBend","bk12":{"morning":0,"afternoon":0,"evening":0,"night":0},"bk24":{"morning":1,"afternoon":0,"evening":0,"night":0},"recent":[{"d":"2025-03-19","day":"Wed","time":"06:50","desc":"Aggravated Assault - Domestic Violence (DV)","res":""}]}},{"type":"Feature","geometry":{"type":"Polygon","coordinates":[[[-110.90678906157517,32.19929071677442],[-110.90554992707803,32.200948139388984],[-110.906634316361,32.20266933206327],[-110.90895787325778,32.202733081849665],[-110.91019697271412,32.20107564213043],[-110.90911255031742,32.19935446972953],[-110.90678906157517,32.19929071677442],[-110.90678906157517,32.19929071677442]]]},"properties":{"h3":"8948e857393ffff","count":9,"c3":0,"c6":0,"c12":1,"c24":9,"score":4,"risk":18,"peakDay":"Saturday","peakTime":"night","hood":"Julia Keen","bk12":{"morning":0,"afternoon":1,"evening":0,"night":0},"bk24":{"morning":0,"afternoon":1,"evening":2,"night":6},"recent":[{"d":"2025-08-20","day":"Wed","time":"15:29","desc":"Aggravated Assault - Other","res":""},{"d":"2025-08-01","day":"Fri","time":"21:24","desc":"Robbery - Convenience Stores","res":""},{"d":"2025-07-05","day":"Sat","time":"23:20","desc":"Robbery - Service Station","res":""},{"d":"2025-07-05","day":"Sat","time":"23:20","desc":"Robbery - Convenience Stores","res":""},{"d":"2025-07-05","day":"Sat","time":"23:20","desc":"Robbery - Convenience Stores","res":""},{"d":"2025-07-05","day":"Sat","time":"23:20","desc":"Robbery - Convenience Stores","res":""},{"d":"2025-06-21","day":"Sat","time":"02:12","desc":"Robbery - Convenience Stores","res":""},{"d":"2025-03-20","day":"Thu","time":"04:30","desc":"Aggravated Assault - Domestic Violence (DV)","res":""},{"d":"2025-03-19","day":"Wed","time":"17:45","desc":"Robbery - Commercial House","res":""}]}},{"type":"Feature","geometry":{"type":"Polygon","coordinates":[[[-110.88773211420562,32.234284253352115],[-110.88649230248036,32.23594126347571],[-110.88757676236489,32.237662330997416],[-110.88990106716568,32.23772636816282],[-110.8911408438848,32.236069340934485],[-110.89005635081216,32.23434829364555],[-110.88773211420562,32.234284253352115],[-110.88773211420562,32.234284253352115]]]},"properties":{"h3":"8948e85555bffff","count":3,"c3":0,"c6":0,"c12":0,"c24":3,"score":1.2,"risk":5,"peakDay":"Wednesday","peakTime":"evening","hood":"Swan Way Park","bk12":{"morning":0,"afternoon":0,"evening":0,"night":0},"bk24":{"morning":1,"afternoon":0,"evening":1,"night":1},"recent":[{"d":"2025-05-26","day":"Mon","time":"02:37","desc":"Aggravated Assault - Other","res":""},{"d":"2025-05-03","day":"Sat","time":"07:33","desc":"Aggravated Assault - Other","res":""},{"d":"2025-03-19","day":"Wed","time":"18:17","desc":"Aggravated Assault - Other","res":""}]}},{"type":"Feature","geometry":{"type":"Polygon","coordinates":[[[-110.83661203737942,32.207494239204706],[-110.83537170189055,32.20915099221961],[-110.83645522011375,32.210872787152525],[-110.83877910714708,32.21093780887753],[-110.84001940779586,32.20928103869072],[-110.83893585625427,32.20755926395088],[-110.83661203737942,32.207494239204706],[-110.83661203737942,32.207494239204706]]]},"properties":{"h3":"8948e85082fffff","count":1,"c3":0,"c6":0,"c12":0,"c24":1,"score":0.4,"risk":2,"peakDay":"Wednesday","peakTime":"evening","hood":"","bk12":{"morning":0,"afternoon":0,"evening":0,"night":0},"bk24":{"morning":0,"afternoon":0,"evening":1,"night":0},"recent":[{"d":"2025-03-19","day":"Wed","time":"19:17","desc":"Aggravated Assault - Domestic Violence (DV)","res":""}]}},{"type":"Feature","geometry":{"type":"Polygon","coordinates":[[[-110.93513236846366,32.189916883832936],[-110.93389378470111,32.19157461854492],[-110.93497846815164,32.19329562065887],[-110.93730176839524,32.19335886775165],[-110.93854031703971,32.19170111595886],[-110.93745560056156,32.18998013415415],[-110.93513236846366,32.189916883832936],[-110.93513236846366,32.189916883832936]]]},"properties":{"h3":"8948e857197ffff","count":2,"c3":0,"c6":0,"c12":0,"c24":2,"score":0.8,"risk":3,"peakDay":"Thursday","peakTime":"morning","hood":"Las Vistas","bk12":{"morning":0,"afternoon":0,"evening":0,"night":0},"bk24":{"morning":2,"afternoon":0,"evening":0,"night":0},"recent":[{"d":"2025-04-19","day":"Sat","time":"05:52","desc":"Robbery - Residence","res":""},{"d":"2025-03-20","day":"Thu","time":"05:23","desc":"Aggravated Assault - Domestic Violence (DV)","res":""}]}},{"type":"Feature","geometry":{"type":"Polygon","coordinates":[[[-110.8979585745829,32.23963917325599],[-110.89671886790926,32.24129623468038],[-110.89780351599859,32.24301715640964],[-110.90012790392646,32.243080996473864],[-110.90136757556073,32.24142391795819],[-110.90028289430938,32.23970301646963],[-110.8979585745829,32.23963917325599],[-110.8979585745829,32.23963917325599]]]},"properties":{"h3":"8948e855573ffff","count":2,"c3":0,"c6":0,"c12":0,"c24":2,"score":0.9,"risk":4,"peakDay":"Thursday","peakTime":"morning","hood":"Garden District","bk12":{"morning":0,"afternoon":0,"evening":0,"night":0},"bk24":{"morning":1,"afternoon":0,"evening":1,"night":0},"recent":[{"d":"2025-08-09","day":"Sat","time":"17:46","desc":"Aggravated Assault - Domestic Violence (DV)","res":""},{"d":"2025-03-20","day":"Thu","time":"05:39","desc":"Aggravated Assault - Domestic Violence (DV)","res":""}]}},{"type":"Feature","geometry":{"type":"Polygon","coordinates":[[[-111.0217207539998,32.20408447455399],[-111.02048339824161,32.20574286000204],[-111.02156937829956,32.20746290047524],[-111.02389274690715,32.20752453510677],[-111.02513006728553,32.205866132675006],[-111.024044054439,32.20414611259552],[-111.0217207539998,32.20408447455399],[-111.0217207539998,32.20408447455399]]]},"properties":{"h3":"8948e856c0bffff","count":2,"c3":0,"c6":0,"c12":0,"c24":2,"score":0.8,"risk":3,"peakDay":"Friday","peakTime":"morning","hood":"Westside","bk12":{"morning":0,"afternoon":0,"evening":0,"night":0},"bk24":{"morning":2,"afternoon":0,"evening":0,"night":0},"recent":[{"d":"2025-03-21","day":"Fri","time":"06:04","desc":"Aggravated Assault - Other","res":""},{"d":"2025-03-21","day":"Fri","time":"06:04","desc":"Aggravated Assault - Other","res":""}]}},{"type":"Feature","geometry":{"type":"Polygon","coordinates":[[[-110.99505801499042,32.176311838884345],[-110.99382053068632,32.1779701879796],[-110.99490589254732,32.17969073126512],[-110.99722877156425,32.17975290507416],[-110.99846622058334,32.178094538952244],[-110.99738082587339,32.17637401604802],[-110.99505801499042,32.176311838884345],[-110.99505801499042,32.176311838884345]]]},"properties":{"h3":"8948e85656bffff","count":8,"c3":0,"c6":0,"c12":1,"c24":8,"score":3.6,"risk":16,"peakDay":"Thursday","peakTime":"evening","hood":"","bk12":{"morning":0,"afternoon":0,"evening":0,"night":1},"bk24":{"morning":1,"afternoon":2,"evening":3,"night":2},"recent":[{"d":"2025-11-09","day":"Sun","time":"02:30","desc":"Aggravated Assault - Other","res":""},{"d":"2025-07-20","day":"Sun","time":"13:18","desc":"Aggravated Assault - Other","res":""},{"d":"2025-07-14","day":"Mon","time":"20:59","desc":"Aggravated Assault - Other","res":""},{"d":"2025-07-14","day":"Mon","time":"20:59","desc":"Aggravated Assault - Other","res":""},{"d":"2025-05-17","day":"Sat","time":"01:22","desc":"Aggravated Assault - Domestic Violence (DV)","res":""},{"d":"2025-05-15","day":"Thu","time":"17:00","desc":"Aggravated Assault - Domestic Violence (DV)","res":""},{"d":"2025-04-10","day":"Thu","time":"11:30","desc":"Aggravated Assault - Other","res":""},{"d":"2025-03-21","day":"Fri","time":"12:12","desc":"Robbery - Convenience Stores","res":""}]}},{"type":"Feature","geometry":{"type":"Polygon","coordinates":[[[-110.96392916869347,32.17039976702808],[-110.96269125171003,32.17205788798464],[-110.96377613990082,32.173778783927595],[-110.96609897801235,32.17384153856268],[-110.96733685980537,32.17218340054406],[-110.96625193868017,32.17046252495249],[-110.96392916869347,32.17039976702808],[-110.96392916869347,32.17039976702808]]]},"properties":{"h3":"8948e856637ffff","count":3,"c3":0,"c6":0,"c12":0,"c24":3,"score":1.3,"risk":6,"peakDay":"Friday","peakTime":"morning","hood":"Fairgrounds","bk12":{"morning":0,"afternoon":0,"evening":0,"night":0},"bk24":{"morning":2,"afternoon":1,"evening":0,"night":0},"recent":[{"d":"2025-07-29","day":"Tue","time":"07:38","desc":"Aggravated Assault - Domestic Violence (DV)","res":""},{"d":"2025-05-03","day":"Sat","time":"07:07","desc":"Aggravated Assault - Other","res":""},{"d":"2025-03-21","day":"Fri","time":"13:30","desc":"Aggravated Assault - Domestic Violence (DV)","res":""}]}},{"type":"Feature","geometry":{"type":"Polygon","coordinates":[[[-110.87672815174395,32.24581862939198],[-110.87548804178574,32.24747546195904],[-110.87657246112514,32.2491965334164],[-110.87889702365169,32.249260752092425],[-110.88013709862908,32.247603902415754],[-110.8790526460636,32.24588285117272],[-110.87672815174395,32.24581862939198],[-110.87672815174395,32.24581862939198]]]},"properties":{"h3":"8948e855003ffff","count":1,"c3":0,"c6":0,"c12":0,"c24":1,"score":0.4,"risk":2,"peakDay":"Friday","peakTime":"evening","hood":"","bk12":{"morning":0,"afternoon":0,"evening":0,"night":0},"bk24":{"morning":0,"afternoon":0,"evening":1,"night":0},"recent":[{"d":"2025-03-21","day":"Fri","time":"17:00","desc":"Aggravated Assault - Other","res":""}]}},{"type":"Feature","geometry":{"type":"Polygon","coordinates":[[[-110.91252293549866,32.22650919885855],[-110.91128360081204,32.22816647980865],[-110.91236832234661,32.22988737726058],[-110.91469241168367,32.2299509734986],[-110.91593171129618,32.22829367546484],[-110.91484695664865,32.22657279827681],[-110.91252293549866,32.22650919885855],[-110.91252293549866,32.22650919885855]]]},"properties":{"h3":"8948e85464bffff","count":3,"c3":0,"c6":0,"c12":1,"c24":3,"score":1.4,"risk":6,"peakDay":"Friday","peakTime":"night","hood":"Miramonte","bk12":{"morning":1,"afternoon":0,"evening":0,"night":0},"bk24":{"morning":1,"afternoon":0,"evening":1,"night":1},"recent":[{"d":"2025-11-28","day":"Fri","time":"10:08","desc":"Aggravated Assault - Domestic Violence (DV)","res":""},{"d":"2025-05-09","day":"Fri","time":"18:53","desc":"Robbery - Carjacking","res":""},{"d":"2025-03-22","day":"Sat","time":"01:18","desc":"Aggravated Assault - Domestic Violence (DV)","res":""}]}},{"type":"Feature","geometry":{"type":"Polygon","coordinates":[[[-110.96102008919583,32.23459198063715],[-110.95978143951186,32.23624962614782],[-110.96086689008267,32.237969984181696],[-110.96319102331955,32.238032676393715],[-110.96442963778254,32.236375013853696],[-110.96334415423253,32.23465467613108],[-110.96102008919583,32.23459198063715],[-110.96102008919583,32.23459198063715]]]},"properties":{"h3":"8948e8540a3ffff","count":1,"c3":0,"c6":0,"c12":0,"c24":1,"score":0.4,"risk":2,"peakDay":"Saturday","peakTime":"night","hood":"Feldman's","bk12":{"morning":0,"afternoon":0,"evening":0,"night":0},"bk24":{"morning":0,"afternoon":0,"evening":0,"night":1},"recent":[{"d":"2025-03-22","day":"Sat","time":"04:01","desc":"Aggravated Assault - Other","res":""}]}},{"type":"Feature","geometry":{"type":"Polygon","coordinates":[[[-110.98081598220242,32.18269565183073],[-110.97957820274789,32.18435383312259],[-110.98066343310238,32.186074457885994],[-110.98298647580756,32.18613688099523],[-110.98422422001481,32.18447868266558],[-110.98313895676708,32.18275807826453],[-110.98081598220242,32.18269565183073],[-110.98081598220242,32.18269565183073]]]},"properties":{"h3":"8948e85603bffff","count":1,"c3":0,"c6":0,"c12":0,"c24":1,"score":0.4,"risk":2,"peakDay":"Saturday","peakTime":"night","hood":"Sunset Villa","bk12":{"morning":0,"afternoon":0,"evening":0,"night":0},"bk24":{"morning":0,"afternoon":0,"evening":0,"night":1},"recent":[{"d":"2025-03-22","day":"Sat","time":"04:52","desc":"Robbery - Miscellaneous","res":""}]}},{"type":"Feature","geometry":{"type":"Polygon","coordinates":[[[-110.98784171942,32.25898612724614],[-110.98660323608425,32.26064383337982],[-110.98768927623739,32.26236371574927],[-110.99001383264567,32.262425871659225],[-110.99125228066711,32.26076814853733],[-110.99016620759745,32.25904828649376],[-110.98784171942,32.25898612724614],[-110.98784171942,32.25898612724614]]]},"properties":{"h3":"8948e854c53ffff","count":5,"c3":0,"c6":0,"c12":2,"c24":5,"score":2.4,"risk":11,"peakDay":"Thursday","peakTime":"morning","hood":"Flowing Wells","bk12":{"morning":0,"afternoon":2,"evening":0,"night":0},"bk24":{"morning":2,"afternoon":2,"evening":1,"night":0},"recent":[{"d":"2025-12-23","day":"Tue","time":"14:31","desc":"Aggravated Assault - Other","res":""},{"d":"2025-11-27","day":"Thu","time":"12:35","desc":"Aggravated Assault - Other","res":""},{"d":"2025-04-10","day":"Thu","time":"17:35","desc":"Aggravated Assault - Other","res":""},{"d":"2025-03-24","day":"Mon","time":"07:47","desc":"Aggravated Assault - Domestic Violence (DV)","res":""},{"d":"2025-03-23","day":"Sun","time":"09:20","desc":"Aggravated Assault - Other","res":""}]}},{"type":"Feature","geometry":{"type":"Polygon","coordinates":[[[-110.9759846420906,32.13519911799855],[-110.97474729297046,32.136857588359526],[-110.97583201367745,32.13857867659462],[-110.97815411638749,32.13864127408413],[-110.97939143030334,32.13698278665388],[-110.97830667671633,32.13526171880346],[-110.9759846420906,32.13519911799855],[-110.9759846420906,32.13519911799855]]]},"properties":{"h3":"8948e8cca73ffff","count":7,"c3":0,"c6":0,"c12":6,"c24":7,"score":3.8,"risk":17,"peakDay":"Friday","peakTime":"morning","hood":"Sunnyside","bk12":{"morning":3,"afternoon":2,"evening":1,"night":0},"bk24":{"morning":4,"afternoon":2,"evening":1,"night":0},"recent":[{"d":"2025-12-12","day":"Fri","time":"16:37","desc":"Aggravated Assault - Other","res":""},{"d":"2025-11-21","day":"Fri","time":"09:08","desc":"Aggravated Assault - Peace Officer (Non-Serious Injury)","res":""},{"d":"2025-11-21","day":"Fri","time":"09:08","desc":"Aggravated Assault - Peace Officer (Non-Serious Injury)","res":""},{"d":"2025-09-29","day":"Mon","time":"14:53","desc":"Aggravated Assault - Other","res":""},{"d":"2025-09-12","day":"Fri","time":"08:19","desc":"Aggravated Assault - Other","res":""},{"d":"2025-09-11","day":"Thu","time":"18:24","desc":"Aggravated Assault - Domestic Violence (DV)","res":""},{"d":"2025-03-23","day":"Sun","time":"10:28","desc":"Aggravated Assault - Domestic Violence (DV)","res":""}]}},{"type":"Feature","geometry":{"type":"Polygon","coordinates":[[[-110.84808628544128,32.18582474058248],[-110.84684636374527,32.187481746330626],[-110.84792983442998,32.189203621587126],[-110.85025326008686,32.189268470877664],[-110.8514931469222,32.18761144795723],[-110.85040964296425,32.185889592918635],[-110.84808628544128,32.18582474058248],[-110.84808628544128,32.18582474058248]]]},"properties":{"h3":"8948e850d57ffff","count":2,"c3":0,"c6":0,"c12":0,"c24":2,"score":0.8,"risk":4,"peakDay":"Sunday","peakTime":"morning","hood":"Stella Mann","bk12":{"morning":0,"afternoon":0,"evening":0,"night":0},"bk24":{"morning":1,"afternoon":1,"evening":0,"night":0},"recent":[{"d":"2025-06-14","day":"Sat","time":"13:38","desc":"Aggravated Assault - Other","res":""},{"d":"2025-03-23","day":"Sun","time":"11:32","desc":"Aggravated Assault - Domestic Violence (DV)","res":""}]}},{"type":"Feature","geometry":{"type":"Polygon","coordinates":[[[-110.9722724825154,32.140174462429066],[-110.97103502117936,32.14183286612806],[-110.9721197385703,32.143553946633695],[-110.9744419501936,32.14361660306259],[-110.97567937633316,32.14195818229328],[-110.97459462604878,32.14023712216545],[-110.9722724825154,32.140174462429066],[-110.9722724825154,32.140174462429066]]]},"properties":{"h3":"8948e8cca6bffff","count":2,"c3":0,"c6":0,"c12":1,"c24":2,"score":1,"risk":5,"peakDay":"Sunday","peakTime":"afternoon","hood":"Sunnyside","bk12":{"morning":0,"afternoon":0,"evening":0,"night":1},"bk24":{"morning":0,"afternoon":1,"evening":0,"night":1},"recent":[{"d":"2025-12-17","day":"Wed","time":"23:43","desc":"Aggravated Assault - Other","res":""},{"d":"2025-03-23","day":"Sun","time":"12:05","desc":"Aggravated Assault - Domestic Violence (DV)","res":""}]}},{"type":"Feature","geometry":{"type":"Polygon","coordinates":[[[-110.83813816667532,32.24981970768398],[-110.83689740184367,32.251476174704656],[-110.83798133690499,32.25319758172324],[-110.84030607013929,32.253262501550765],[-110.84154680010091,32.251606017383295],[-110.8404628317012,32.24988463053516],[-110.83813816667532,32.24981970768398],[-110.83813816667532,32.24981970768398]]]},"properties":{"h3":"8948e842537ffff","count":4,"c3":0,"c6":0,"c12":2,"c24":4,"score":1.9,"risk":9,"peakDay":"Sunday","peakTime":"night","hood":"","bk12":{"morning":0,"afternoon":0,"evening":0,"night":2},"bk24":{"morning":0,"afternoon":1,"evening":1,"night":2},"recent":[{"d":"2025-11-26","day":"Wed","time":"03:17","desc":"Robbery - Miscellaneous","res":""},{"d":"2025-09-09","day":"Tue","time":"04:51","desc":"Aggravated Assault - Other","res":""},{"d":"2025-05-16","day":"Fri","time":"17:00","desc":"Aggravated Assault - Other","res":""},{"d":"2025-03-23","day":"Sun","time":"12:50","desc":"Robbery - Commercial House","res":""}]}},{"type":"Feature","geometry":{"type":"Polygon","coordinates":[[[-110.87193621871272,32.19832929913167],[-110.8706965412738,32.199986424991735],[-110.87178045121144,32.20170796136568],[-110.87410407180333,32.201772351643186],[-110.87534371430414,32.200115208642195],[-110.87425977115402,32.198393692504695],[-110.87193621871272,32.19832929913167],[-110.87193621871272,32.19832929913167]]]},"properties":{"h3":"8948e857257ffff","count":5,"c3":0,"c6":0,"c12":1,"c24":5,"score":2.2,"risk":10,"peakDay":"Friday","peakTime":"afternoon","hood":"Corbett","bk12":{"morning":0,"afternoon":0,"evening":0,"night":1},"bk24":{"morning":1,"afternoon":2,"evening":0,"night":2},"recent":[{"d":"2025-10-13","day":"Mon","time":"04:48","desc":"Aggravated Assault - Domestic Violence (DV)","res":""},{"d":"2025-05-28","day":"Wed","time":"12:26","desc":"Aggravated Assault - Domestic Violence (DV)","res":""},{"d":"2025-04-25","day":"Fri","time":"09:57","desc":"Aggravated Assault - Other","res":""},{"d":"2025-04-04","day":"Fri","time":"22:43","desc":"Robbery - Convenience Stores","res":""},{"d":"2025-03-23","day":"Sun","time":"15:25","desc":"Aggravated Assault - Other","res":""}]}},{"type":"Feature","geometry":{"type":"Polygon","coordinates":[[[-110.92939515915342,32.16269498977952],[-110.9281567751923,32.16435286512173],[-110.92924112654819,32.166074161645554],[-110.93156389489654,32.16613756250845],[-110.93280224377284,32.16447967006436],[-110.93171785938851,32.16275839385932],[-110.92939515915342,32.16269498977952],[-110.92939515915342,32.16269498977952]]]},"properties":{"h3":"8948e8cdb67ffff","count":1,"c3":0,"c6":0,"c12":0,"c24":1,"score":0.4,"risk":2,"peakDay":"Monday","peakTime":"morning","hood":"","bk12":{"morning":0,"afternoon":0,"evening":0,"night":0},"bk24":{"morning":1,"afternoon":0,"evening":0,"night":0},"recent":[{"d":"2025-03-24","day":"Mon","time":"06:24","desc":"Aggravated Assault - Other","res":""}]}},{"type":"Feature","geometry":{"type":"Polygon","coordinates":[[[-110.8880427905978,32.227527937408006],[-110.88680305615873,32.229184997948714],[-110.88788745694967,32.23090612214821],[-110.89021162536592,32.23097016557008],[-110.89145132480203,32.22931308792119],[-110.89036689082776,32.227591983958696],[-110.8880427905978,32.227527937408006],[-110.8880427905978,32.227527937408006]]]},"properties":{"h3":"8948e855437ffff","count":2,"c3":0,"c6":0,"c12":0,"c24":2,"score":0.8,"risk":4,"peakDay":"Monday","peakTime":"morning","hood":"","bk12":{"morning":0,"afternoon":0,"evening":0,"night":0},"bk24":{"morning":1,"afternoon":0,"evening":0,"night":1},"recent":[{"d":"2025-05-20","day":"Tue","time":"03:33","desc":"Aggravated Assault - Other","res":""},{"d":"2025-03-24","day":"Mon","time":"10:00","desc":"Aggravated Assault - Other","res":""}]}},{"type":"Feature","geometry":{"type":"Polygon","coordinates":[[[-110.88587747031004,32.1987150189437],[-110.88463800994124,32.200372263572746],[-110.88572211171648,32.202093662531404],[-110.88804570703637,32.20215779660984],[-110.88928513242597,32.20050053485435],[-110.88820099747772,32.19877915614694],[-110.88587747031004,32.1987150189437],[-110.88587747031004,32.1987150189437]]]},"properties":{"h3":"8948e8572abffff","count":11,"c3":0,"c6":0,"c12":2,"c24":11,"score":4.9,"risk":22,"peakDay":"Sunday","peakTime":"evening","hood":"Myers","bk12":{"morning":0,"afternoon":1,"evening":1,"night":0},"bk24":{"morning":3,"afternoon":4,"evening":4,"night":0},"recent":[{"d":"2025-10-15","day":"Wed","time":"13:30","desc":"Aggravated Assault - Domestic Violence (DV)","res":""},{"d":"2025-08-29","day":"Fri","time":"19:00","desc":"Aggravated Assault - Domestic Violence (DV)","res":""},{"d":"2025-07-27","day":"Sun","time":"12:34","desc":"Aggravated Assault - Other","res":""},{"d":"2025-07-27","day":"Sun","time":"12:34","desc":"Aggravated Assault - Other","res":""},{"d":"2025-06-01","day":"Sun","time":"18:46","desc":"Aggravated Assault - Other","res":""},{"d":"2025-06-01","day":"Sun","time":"18:46","desc":"Aggravated Assault - Other","res":""},{"d":"2025-05-15","day":"Thu","time":"15:09","desc":"Aggravated Assault - Domestic Violence (DV)","res":""},{"d":"2025-05-12","day":"Mon","time":"18:13","desc":"Aggravated Assault - Domestic Violence (DV)","res":""},{"d":"2025-05-04","day":"Sun","time":"08:14","desc":"Aggravated Assault - Other","res":""},{"d":"2025-05-04","day":"Sun","time":"08:14","desc":"Aggravated Assault - Other","res":""}]}},{"type":"Feature","geometry":{"type":"Polygon","coordinates":[[[-111.08713833400444,32.14491464604439],[-111.08590265503783,32.14657400702547],[-111.08698895641025,32.1482939342169],[-111.08931096932055,32.14835447992964],[-111.09054661275273,32.14669510199972],[-111.08946027881193,32.14497519530597],[-111.08713833400444,32.14491464604439],[-111.08713833400444,32.14491464604439]]]},"properties":{"h3":"8948e81865bffff","count":1,"c3":0,"c6":0,"c12":0,"c24":1,"score":0.4,"risk":2,"peakDay":"Monday","peakTime":"morning","hood":"Sunnyside","bk12":{"morning":0,"afternoon":0,"evening":0,"night":0},"bk24":{"morning":1,"afternoon":0,"evening":0,"night":0},"recent":[{"d":"2025-03-24","day":"Mon","time":"11:56","desc":"Aggravated Assault - Domestic Violence (DV)","res":""}]}},{"type":"Feature","geometry":{"type":"Polygon","coordinates":[[[-110.935286259767,32.18653809375704],[-110.93404771458044,32.18819585347874],[-110.93513236846366,32.189916883832936],[-110.93745560056156,32.18998013415415],[-110.93869411063162,32.18832235734991],[-110.93760942372316,32.18660134730708],[-110.935286259767,32.18653809375704],[-110.935286259767,32.18653809375704]]]},"properties":{"h3":"8948e85752fffff","count":2,"c3":0,"c6":0,"c12":1,"c24":2,"score":0.9,"risk":4,"peakDay":"Tuesday","peakTime":"night","hood":"Western Hills II","bk12":{"morning":1,"afternoon":0,"evening":0,"night":0},"bk24":{"morning":1,"afternoon":0,"evening":0,"night":1},"recent":[{"d":"2025-08-31","day":"Sun","time":"05:40","desc":"Aggravated Assault - Domestic Violence (DV)","res":""},{"d":"2025-03-25","day":"Tue","time":"01:04","desc":"Aggravated Assault - Domestic Violence (DV)","res":""}]}},{"type":"Feature","geometry":{"type":"Polygon","coordinates":[[[-110.84792983442998,32.189203621587126],[-110.84668987408736,32.19086060222113],[-110.847773374261,32.19258244931615],[-110.85009686805576,32.19264729556144],[-110.85133679353612,32.19099029775688],[-110.85025326008686,32.189268470877664],[-110.84792983442998,32.189203621587126],[-110.84792983442998,32.189203621587126]]]},"properties":{"h3":"8948e850d47ffff","count":8,"c3":0,"c6":0,"c12":3,"c24":8,"score":3.8,"risk":17,"peakDay":"Tuesday","peakTime":"morning","hood":"Stella Mann","bk12":{"morning":2,"afternoon":1,"evening":0,"night":0},"bk24":{"morning":6,"afternoon":2,"evening":0,"night":0},"recent":[{"d":"2025-11-27","day":"Thu","time":"15:54","desc":"Aggravated Assault - Other","res":""},{"d":"2025-10-07","day":"Tue","time":"08:40","desc":"Aggravated Assault - Domestic Violence (DV)","res":""},{"d":"2025-09-06","day":"Sat","time":"07:30","desc":"Aggravated Assault - Other","res":""},{"d":"2025-06-11","day":"Wed","time":"05:59","desc":"Aggravated Assault - Other","res":""},{"d":"2025-06-11","day":"Wed","time":"05:59","desc":"Aggravated Assault - Other","res":""},{"d":"2025-05-12","day":"Mon","time":"14:16","desc":"Aggravated Assault - Domestic Violence (DV)","res":""},{"d":"2025-05-03","day":"Sat","time":"06:30","desc":"Aggravated Assault - Other","res":""},{"d":"2025-03-25","day":"Tue","time":"10:00","desc":"Aggravated Assault - Other","res":""}]}},{"type":"Feature","geometry":{"type":"Polygon","coordinates":[[[-110.79938570538772,32.25718701270417],[-110.7981442479327,32.25884308794876],[-110.79922772709169,32.26056480162058],[-110.80155269716161,32.260630419923494],[-110.80279411985599,32.25897432749671],[-110.80171060724398,32.25725263394927],[-110.79938570538772,32.25718701270417],[-110.79938570538772,32.25718701270417]]]},"properties":{"h3":"8948e84200bffff","count":1,"c3":0,"c6":0,"c12":0,"c24":1,"score":0.4,"risk":2,"peakDay":"Tuesday","peakTime":"morning","hood":"Bear Canyon","bk12":{"morning":0,"afternoon":0,"evening":0,"night":0},"bk24":{"morning":1,"afternoon":0,"evening":0,"night":0},"recent":[{"d":"2025-03-25","day":"Tue","time":"11:03","desc":"Aggravated Assault - Other","res":""}]}},{"type":"Feature","geometry":{"type":"Polygon","coordinates":[[[-111.02528133630463,32.202487685211445],[-111.024044054439,32.20414611259552],[-111.02513006728553,32.205866132675006],[-111.02745339477809,32.205927704972076],[-111.02869064125444,32.2042692606071],[-111.0276045956304,32.202549260926034],[-111.02528133630463,32.202487685211445],[-111.02528133630463,32.202487685211445]]]},"properties":{"h3":"8948e856c03ffff","count":2,"c3":0,"c6":0,"c12":0,"c24":2,"score":0.8,"risk":3,"peakDay":"Tuesday","peakTime":"afternoon","hood":"Westside","bk12":{"morning":0,"afternoon":0,"evening":0,"night":0},"bk24":{"morning":0,"afternoon":2,"evening":0,"night":0},"recent":[{"d":"2025-03-25","day":"Tue","time":"13:15","desc":"Robbery - Residence","res":""},{"d":"2025-03-25","day":"Tue","time":"13:15","desc":"Robbery - Residence","res":""}]}},{"type":"Feature","geometry":{"type":"Polygon","coordinates":[[[-110.98086822749414,32.25879939286605],[-110.97962963497852,32.26045703982858],[-110.98071557962037,32.2621769913529],[-110.98304014971708,32.26223927559623],[-110.9842787069389,32.26058161163818],[-110.98319272936071,32.25886168043241],[-110.98086822749414,32.25879939286605],[-110.98086822749414,32.25879939286605]]]},"properties":{"h3":"8948e85412fffff","count":6,"c3":0,"c6":0,"c12":4,"c24":6,"score":2.9,"risk":13,"peakDay":"Thursday","peakTime":"evening","hood":"Miracle Manor","bk12":{"morning":0,"afternoon":0,"evening":1,"night":3},"bk24":{"morning":0,"afternoon":0,"evening":3,"night":3},"recent":[{"d":"2025-10-31","day":"Fri","time":"01:55","desc":"Robbery - Highway","res":""},{"d":"2025-10-13","day":"Mon","time":"04:30","desc":"Robbery - Highway","res":""},{"d":"2025-09-12","day":"Fri","time":"22:44","desc":"Robbery - Highway","res":""},{"d":"2025-08-28","day":"Thu","time":"17:46","desc":"Aggravated Assault - Other","res":""},{"d":"2025-04-17","day":"Thu","time":"19:58","desc":"Aggravated Assault - Domestic Violence (DV)","res":""},{"d":"2025-03-25","day":"Tue","time":"18:05","desc":"Aggravated Assault - Domestic Violence (DV)","res":""}]}},{"type":"Feature","geometry":{"type":"Polygon","coordinates":[[[-110.95060611520198,32.15650564683717],[-110.94936813465648,32.1581637492952],[-110.95045271358127,32.15988489569105],[-110.9527753060189,32.15994791928381],[-110.95401325142134,32.158289799742256],[-110.95292863953208,32.15656867369154],[-110.95060611520198,32.15650564683717],[-110.95060611520198,32.15650564683717]]]},"properties":{"h3":"8948e8566d7ffff","count":1,"c3":0,"c6":0,"c12":0,"c24":1,"score":0.4,"risk":2,"peakDay":"Tuesday","peakTime":"evening","hood":"Cherry Avenue","bk12":{"morning":0,"afternoon":0,"evening":0,"night":0},"bk24":{"morning":0,"afternoon":0,"evening":1,"night":0},"recent":[{"d":"2025-03-25","day":"Tue","time":"18:37","desc":"Aggravated Assault - Domestic Violence (DV)","res":""}]}},{"type":"Feature","geometry":{"type":"Polygon","coordinates":[[[-110.87719516889956,32.23568459557779],[-110.87595517491708,32.23734150390811],[-110.87703950563038,32.23906266045039],[-110.87936386354801,32.23912688844176],[-110.8806038225544,32.23746996299669],[-110.87951945862214,32.235748826675064],[-110.87719516889956,32.23568459557779],[-110.87719516889956,32.23568459557779]]]},"properties":{"h3":"8948e85509bffff","count":6,"c3":0,"c6":0,"c12":2,"c24":6,"score":2.9,"risk":13,"peakDay":"Tuesday","peakTime":"morning","hood":"Avondale","bk12":{"morning":1,"afternoon":0,"evening":1,"night":0},"bk24":{"morning":3,"afternoon":0,"evening":1,"night":2},"recent":[{"d":"2025-12-30","day":"Tue","time":"10:39","desc":"Aggravated Assault - Other","res":""},{"d":"2025-11-16","day":"Sun","time":"17:46","desc":"Aggravated Assault - Other","res":""},{"d":"2025-06-18","day":"Wed","time":"00:14","desc":"Aggravated Assault - Other","res":""},{"d":"2025-04-27","day":"Sun","time":"11:45","desc":"Aggravated Assault - Peace Officer (Non-Serious Injury)","res":""},{"d":"2025-04-18","day":"Fri","time":"11:00","desc":"Aggravated Assault - Domestic Violence (DV)","res":""},{"d":"2025-03-25","day":"Tue","time":"23:30","desc":"Aggravated Assault - Other","res":""}]}},{"type":"Feature","geometry":{"type":"Polygon","coordinates":[[[-110.99527183217776,32.24903941922258],[-110.99403357376978,32.2506972599671],[-110.99511962043768,32.25241715868681],[-110.99744395840611,32.25247919632253],[-110.9986821814841,32.250821338591955],[-110.99759610192655,32.24910146021178],[-110.99527183217776,32.24903941922258],[-110.99527183217776,32.24903941922258]]]},"properties":{"h3":"8948e856a6fffff","count":10,"c3":0,"c6":0,"c12":1,"c24":10,"score":4.4,"risk":20,"peakDay":"Tuesday","peakTime":"evening","hood":"Barrio El Rio","bk12":{"morning":0,"afternoon":0,"evening":1,"night":0},"bk24":{"morning":3,"afternoon":0,"evening":5,"night":2},"recent":[{"d":"2025-11-04","day":"Tue","time":"18:30","desc":"Robbery - Highway","res":""},{"d":"2025-07-15","day":"Tue","time":"19:00","desc":"Aggravated Assault - Other","res":""},{"d":"2025-07-15","day":"Tue","time":"19:00","desc":"Aggravated Assault - Other","res":""},{"d":"2025-06-28","day":"Sat","time":"07:03","desc":"Robbery - Miscellaneous","res":""},{"d":"2025-06-28","day":"Sat","time":"07:03","desc":"Robbery - Miscellaneous","res":""},{"d":"2025-05-12","day":"Mon","time":"18:36","desc":"Aggravated Assault - Other","res":""},{"d":"2025-04-29","day":"Tue","time":"01:55","desc":"Aggravated Assault - Domestic Violence (DV)","res":""},{"d":"2025-04-21","day":"Mon","time":"11:12","desc":"Robbery - Service Station","res":""},{"d":"2025-04-16","day":"Wed","time":"17:30","desc":"Aggravated Assault - Other","res":""},{"d":"2025-03-26","day":"Wed","time":"00:08","desc":"Aggravated Assault - Other","res":""}]}},{"type":"Feature","geometry":{"type":"Polygon","coordinates":[[[-110.90678549298694,32.123162001803564],[-110.90554717226463,32.12481995630568],[-110.90663084930215,32.12654181618471],[-110.90895288013512,32.12660570124439],[-110.91019116586264,32.12494772959506],[-110.90910745575488,32.12322589003333],[-110.90678549298694,32.123162001803564],[-110.90678549298694,32.123162001803564]]]},"properties":{"h3":"8948e8cde77ffff","count":1,"c3":0,"c6":0,"c12":0,"c24":1,"score":0.4,"risk":2,"peakDay":"Wednesday","peakTime":"morning","hood":"","bk12":{"morning":0,"afternoon":0,"evening":0,"night":0},"bk24":{"morning":1,"afternoon":0,"evening":0,"night":0},"recent":[{"d":"2025-03-26","day":"Wed","time":"10:35","desc":"Aggravated Assault - Domestic Violence (DV)","res":""}]}},{"type":"Feature","geometry":{"type":"Polygon","coordinates":[[[-110.98915559314743,32.15247124787621],[-110.98791826939723,32.154129712061945],[-110.98900332869907,32.1558505218079],[-110.99132574460627,32.15591284697938],[-110.9925630331032,32.154254365747605],[-110.99147794094908,32.15253357639043],[-110.98915559314743,32.15247124787621],[-110.98915559314743,32.15247124787621]]]},"properties":{"h3":"8948e8564a3ffff","count":1,"c3":0,"c6":0,"c12":0,"c24":1,"score":0.4,"risk":2,"peakDay":"Wednesday","peakTime":"afternoon","hood":"Midvale Park","bk12":{"morning":0,"afternoon":0,"evening":0,"night":0},"bk24":{"morning":0,"afternoon":1,"evening":0,"night":0},"recent":[{"d":"2025-03-26","day":"Wed","time":"14:13","desc":"Aggravated Assault - Other","res":""}]}},{"type":"Feature","geometry":{"type":"Polygon","coordinates":[[[-110.85024206352908,32.21464075309088],[-110.84900186746695,32.21629757476661],[-110.85008563690353,32.21801917597612],[-110.85240963568876,32.218083935306296],[-110.85364979686652,32.216427096476565],[-110.85256599414629,32.21470551547074],[-110.85024206352908,32.21464075309088],[-110.85024206352908,32.21464075309088]]]},"properties":{"h3":"8948e850973ffff","count":1,"c3":0,"c6":0,"c12":0,"c24":1,"score":0.4,"risk":2,"peakDay":"Wednesday","peakTime":"evening","hood":"Palo Verde Park","bk12":{"morning":0,"afternoon":0,"evening":0,"night":0},"bk24":{"morning":0,"afternoon":0,"evening":1,"night":0},"recent":[{"d":"2025-03-26","day":"Wed","time":"17:08","desc":"Aggravated Assault - Other","res":""}]}},{"type":"Feature","geometry":{"type":"Polygon","coordinates":[[[-110.87022227452916,32.23549164579348],[-110.86898217196833,32.23714849464121],[-110.8700664066764,32.23886971995448],[-110.87239077718692,32.23893407620684],[-110.8736308447922,32.2372772102371],[-110.87254657684541,32.2355560051371],[-110.87022227452916,32.23549164579348],[-110.87022227452916,32.23549164579348]]]},"properties":{"h3":"8948e8550d3ffff","count":2,"c3":0,"c6":0,"c12":0,"c24":2,"score":0.8,"risk":4,"peakDay":"Wednesday","peakTime":"evening","hood":"","bk12":{"morning":0,"afternoon":0,"evening":0,"night":0},"bk24":{"morning":1,"afternoon":0,"evening":1,"night":0},"recent":[{"d":"2025-06-20","day":"Fri","time":"06:00","desc":"Aggravated Assault - Domestic Violence (DV)","res":""},{"d":"2025-03-26","day":"Wed","time":"18:18","desc":"Aggravated Assault - Other","res":""}]}},{"type":"Feature","geometry":{"type":"Polygon","coordinates":[[[-110.85833541318425,32.11505059377655],[-110.85709641077412,32.11670818357837],[-110.85817935845222,32.11843057923507],[-110.86050134174685,32.11849536482029],[-110.86174030930887,32.11683775781706],[-110.86065732842725,32.11511538243011],[-110.85833541318425,32.11505059377655],[-110.85833541318425,32.11505059377655]]]},"properties":{"h3":"8948e852c03ffff","count":1,"c3":0,"c6":0,"c12":0,"c24":1,"score":0.4,"risk":2,"peakDay":"Thursday","peakTime":"morning","hood":"","bk12":{"morning":0,"afternoon":0,"evening":0,"night":0},"bk24":{"morning":1,"afternoon":0,"evening":0,"night":0},"recent":[{"d":"2025-03-27","day":"Thu","time":"07:06","desc":"Robbery - Highway","res":""}]}},{"type":"Feature","geometry":{"type":"Polygon","coordinates":[[[-111.00838790337131,32.19019943174691],[-111.0071504832436,32.19185779909112],[-111.00823615420657,32.19357809115477],[-111.01055927811892,32.19363999548677],[-111.0117966629142,32.191981611137365],[-111.01071095913245,32.19026133946122],[-111.00838790337131,32.19019943174691],[-111.00838790337131,32.19019943174691]]]},"properties":{"h3":"8948e8561abffff","count":2,"c3":0,"c6":0,"c12":1,"c24":2,"score":0.9,"risk":4,"peakDay":"Thursday","peakTime":"afternoon","hood":"Enchanted Hills","bk12":{"morning":0,"afternoon":0,"evening":1,"night":0},"bk24":{"morning":0,"afternoon":1,"evening":1,"night":0},"recent":[{"d":"2025-10-03","day":"Fri","time":"20:21","desc":"Aggravated Assault - Other","res":""},{"d":"2025-03-27","day":"Thu","time":"13:32","desc":"Aggravated Assault - Domestic Violence (DV)","res":""}]}},{"type":"Feature","geometry":{"type":"Polygon","coordinates":[[[-110.8835461360609,32.249389061140256],[-110.8823060960755,32.25104592792204],[-110.88339064095749,32.252766902176404],[-110.88571525903656,32.252830989429434],[-110.88695526401897,32.25117410554701],[-110.88587068592827,32.249453151512256],[-110.8835461360609,32.249389061140256],[-110.8835461360609,32.249389061140256]]]},"properties":{"h3":"8948e855033ffff","count":4,"c3":0,"c6":0,"c12":0,"c24":4,"score":1.7,"risk":8,"peakDay":"Monday","peakTime":"afternoon","hood":"","bk12":{"morning":0,"afternoon":0,"evening":0,"night":0},"bk24":{"morning":2,"afternoon":2,"evening":0,"night":0},"recent":[{"d":"2025-07-07","day":"Mon","time":"09:35","desc":"Aggravated Assault - Other","res":""},{"d":"2025-07-07","day":"Mon","time":"09:35","desc":"Aggravated Assault - Other","res":""},{"d":"2025-06-02","day":"Mon","time":"16:29","desc":"Aggravated Assault - Other","res":""},{"d":"2025-03-27","day":"Thu","time":"13:51","desc":"Robbery - Convenience Stores","res":""}]}},{"type":"Feature","geometry":{"type":"Polygon","coordinates":[[[-110.94765951288298,32.14458322112209],[-110.94642161282644,32.14624138109378],[-110.94750604053836,32.14796266034888],[-110.94982840127577,32.14802575928349],[-110.95106626620507,32.14636758221857],[-110.9499818055271,32.14464632331233],[-110.94765951288298,32.14458322112209],[-110.94765951288298,32.14458322112209]]]},"properties":{"h3":"8948e8cd947ffff","count":5,"c3":0,"c6":0,"c12":3,"c24":5,"score":2.5,"risk":11,"peakDay":"Wednesday","peakTime":"morning","hood":"Copper Vista","bk12":{"morning":3,"afternoon":0,"evening":0,"night":0},"bk24":{"morning":5,"afternoon":0,"evening":0,"night":0},"recent":[{"d":"2025-10-18","day":"Sat","time":"08:12","desc":"Aggravated Assault - Domestic Violence (DV)","res":""},{"d":"2025-10-15","day":"Wed","time":"05:42","desc":"Aggravated Assault - Other","res":""},{"d":"2025-10-15","day":"Wed","time":"05:42","desc":"Aggravated Assault - Other","res":""},{"d":"2025-04-15","day":"Tue","time":"06:01","desc":"Aggravated Assault - Other","res":""},{"d":"2025-03-28","day":"Fri","time":"06:11","desc":"Aggravated Assault - Other","res":""}]}},{"type":"Feature","geometry":{"type":"Polygon","coordinates":[[[-110.85427502115105,32.202912995851584],[-110.85303501459944,32.20456993540133],[-110.8541187288054,32.206291601109186],[-110.85644248283133,32.20635630705259],[-110.85768245449381,32.2046993503464],[-110.8565987070224,32.20297770485332],[-110.85427502115105,32.202912995851584],[-110.85427502115105,32.202912995851584]]]},"properties":{"h3":"8948e85098bffff","count":1,"c3":0,"c6":0,"c12":0,"c24":1,"score":0.4,"risk":2,"peakDay":"Friday","peakTime":"afternoon","hood":"Terra Del Sol","bk12":{"morning":0,"afternoon":0,"evening":0,"night":0},"bk24":{"morning":0,"afternoon":1,"evening":0,"night":0},"recent":[{"d":"2025-03-28","day":"Fri","time":"15:27","desc":"Robbery - Miscellaneous","res":""}]}},{"type":"Feature","geometry":{"type":"Polygon","coordinates":[[[-110.78558846113964,32.104537527018095],[-110.7843484204107,32.10619455558712],[-110.78543028605371,32.107917738574464],[-110.78775222583272,32.107983872795835],[-110.78899223193297,32.10632682694521],[-110.78791033288577,32.10460366415489],[-110.78558846113964,32.104537527018095],[-110.78558846113964,32.104537527018095]]]},"properties":{"h3":"8948e85220fffff","count":1,"c3":0,"c6":0,"c12":0,"c24":1,"score":0.4,"risk":2,"peakDay":"Friday","peakTime":"afternoon","hood":"Rita Ranch","bk12":{"morning":0,"afternoon":0,"evening":0,"night":0},"bk24":{"morning":0,"afternoon":1,"evening":0,"night":0},"recent":[{"d":"2025-03-28","day":"Fri","time":"15:30","desc":"Aggravated Assault - Other","res":""}]}},{"type":"Feature","geometry":{"type":"Polygon","coordinates":[[[-110.91035161116993,32.197697004933204],[-110.90911255031742,32.19935446972953],[-110.91019697271412,32.20107564213043],[-110.91252048906898,32.20113932945689],[-110.91375951487124,32.199481847558644],[-110.91267505937185,32.19776069543591],[-110.91035161116993,32.197697004933204],[-110.91035161116993,32.197697004933204]]]},"properties":{"h3":"8948e85702fffff","count":3,"c3":0,"c6":0,"c12":0,"c24":3,"score":1.1,"risk":5,"peakDay":"Saturday","peakTime":"evening","hood":"Roberts","bk12":{"morning":0,"afternoon":0,"evening":0,"night":0},"bk24":{"morning":0,"afternoon":1,"evening":2,"night":0},"recent":[{"d":"2025-03-29","day":"Sat","time":"18:30","desc":"Aggravated Assault - Other","res":""},{"d":"2025-03-29","day":"Sat","time":"18:30","desc":"Aggravated Assault - Other","res":""},{"d":"2025-03-29","day":"Sat","time":"13:44","desc":"Robbery - Highway","res":""}]}},{"type":"Feature","geometry":{"type":"Polygon","coordinates":[[[-110.84033281950389,32.2025238450688],[-110.83909259618555,32.20418066562453],[-110.84017611823667,32.205902468573925],[-110.84249989691389,32.20596743076773],[-110.84374008538424,32.20431059304111],[-110.84265653002822,32.202588810291644],[-110.84033281950389,32.2025238450688],[-110.84033281950389,32.2025238450688]]]},"properties":{"h3":"8948e850837ffff","count":3,"c3":0,"c6":0,"c12":2,"c24":3,"score":1.5,"risk":7,"peakDay":"Sunday","peakTime":"morning","hood":"Dietz","bk12":{"morning":1,"afternoon":0,"evening":1,"night":0},"bk24":{"morning":2,"afternoon":0,"evening":1,"night":0},"recent":[{"d":"2025-11-17","day":"Mon","time":"17:18","desc":"Aggravated Assault - Domestic Violence (DV)","res":""},{"d":"2025-10-03","day":"Fri","time":"11:00","desc":"Aggravated Assault - Domestic Violence (DV)","res":""},{"d":"2025-03-30","day":"Sun","time":"07:43","desc":"Aggravated Assault - Other","res":""}]}},{"type":"Feature","geometry":{"type":"Polygon","coordinates":[[[-110.93979566833424,32.24078181003915],[-110.93855661455011,32.24243922753284],[-110.93964183741382,32.244159735757044],[-110.94196614710793,32.244222806202686],[-110.94320516572944,32.24256537166124],[-110.94211990982241,32.240844883722],[-110.93979566833424,32.24078181003915],[-110.93979566833424,32.24078181003915]]]},"properties":{"h3":"8948e85404fffff","count":1,"c3":0,"c6":0,"c12":0,"c24":1,"score":0.4,"risk":2,"peakDay":"Sunday","peakTime":"morning","hood":"Catalina Vista","bk12":{"morning":0,"afternoon":0,"evening":0,"night":0},"bk24":{"morning":1,"afternoon":0,"evening":0,"night":0},"recent":[{"d":"2025-03-30","day":"Sun","time":"10:16","desc":"Aggravated Assault - Domestic Violence (DV)","res":""}]}},{"type":"Feature","geometry":{"type":"Polygon","coordinates":[[[-111.0461905005162,32.20304032988887],[-111.04495354664657,32.20469893391052],[-111.04603984500595,32.20641874641911],[-111.04836312995602,32.206479934485756],[-111.049600048375,32.20482131350514],[-111.0485137172975,32.20310152141695],[-111.0461905005162,32.20304032988887],[-111.0461905005162,32.20304032988887]]]},"properties":{"h3":"8948e81936fffff","count":1,"c3":0,"c6":0,"c12":0,"c24":1,"score":0.4,"risk":2,"peakDay":"Sunday","peakTime":"afternoon","hood":"","bk12":{"morning":0,"afternoon":0,"evening":0,"night":0},"bk24":{"morning":0,"afternoon":1,"evening":0,"night":0},"recent":[{"d":"2025-03-30","day":"Sun","time":"12:11","desc":"Aggravated Assault - Domestic Violence (DV)","res":""}]}},{"type":"Feature","geometry":{"type":"Polygon","coordinates":[[[-110.96504195331597,32.22286259124262],[-110.96380349317056,32.22452035422374],[-110.96488888787849,32.226240777135935],[-110.96721277569577,32.22630341674474],[-110.96845120061558,32.22464563673187],[-110.9673657729466,32.222925234142004],[-110.96504195331597,32.22286259124262],[-110.96504195331597,32.22286259124262]]]},"properties":{"h3":"8948e854553ffff","count":13,"c3":0,"c6":0,"c12":4,"c24":13,"score":6.1,"risk":27,"peakDay":"Saturday","peakTime":"evening","hood":"Pie Allen","bk12":{"morning":0,"afternoon":0,"evening":4,"night":0},"bk24":{"morning":1,"afternoon":3,"evening":9,"night":0},"recent":[{"d":"2025-11-28","day":"Fri","time":"18:11","desc":"Aggravated Assault - Other","res":""},{"d":"2025-10-18","day":"Sat","time":"18:46","desc":"Aggravated Assault - Other","res":""},{"d":"2025-10-18","day":"Sat","time":"18:46","desc":"Aggravated Assault - Other","res":""},{"d":"2025-10-18","day":"Sat","time":"18:46","desc":"Aggravated Assault - Other","res":""},{"d":"2025-07-05","day":"Sat","time":"19:00","desc":"Aggravated Assault - Domestic Violence (DV)","res":""},{"d":"2025-06-14","day":"Sat","time":"20:12","desc":"Aggravated Assault - Other","res":""},{"d":"2025-06-12","day":"Thu","time":"15:56","desc":"Aggravated Assault - Other","res":""},{"d":"2025-06-12","day":"Thu","time":"15:15","desc":"Aggravated Assault - Other","res":""},{"d":"2025-06-02","day":"Mon","time":"19:56","desc":"Robbery - Highway","res":""},{"d":"2025-05-08","day":"Thu","time":"11:25","desc":"Aggravated Assault - Peace Officer (Non-Serious Injury)","res":""}]}},{"type":"Feature","geometry":{"type":"Polygon","coordinates":[[[-110.9741525115063,32.17575032500718],[-110.97291470012732,32.17740849713638],[-110.97399977586801,32.17912924735999],[-110.97632269589883,32.17919180509519],[-110.97756047205425,32.177533615917426],[-110.97647536340527,32.175812886053095],[-110.9741525115063,32.17575032500718],[-110.9741525115063,32.17575032500718]]]},"properties":{"h3":"8948e85601bffff","count":3,"c3":0,"c6":0,"c12":0,"c24":3,"score":1.2,"risk":5,"peakDay":"Sunday","peakTime":"afternoon","hood":"","bk12":{"morning":0,"afternoon":0,"evening":0,"night":0},"bk24":{"morning":1,"afternoon":1,"evening":0,"night":1},"recent":[{"d":"2025-04-19","day":"Sat","time":"02:09","desc":"Aggravated Assault - Domestic Violence (DV)","res":""},{"d":"2025-04-17","day":"Thu","time":"05:39","desc":"Aggravated Assault - Domestic Violence (DV)","res":""},{"d":"2025-03-30","day":"Sun","time":"16:03","desc":"Aggravated Assault - Domestic Violence (DV)","res":""}]}},{"type":"Feature","geometry":{"type":"Polygon","coordinates":[[[-110.99201387331993,32.24387956031137],[-110.99077561816073,32.245537409194974],[-110.99186157263182,32.247257385216734],[-110.99418581516105,32.247319492015905],[-110.99542403500296,32.24566162614],[-110.99433804763584,32.24394167045728],[-110.99201387331993,32.24387956031137],[-110.99201387331993,32.24387956031137]]]},"properties":{"h3":"8948e856a7bffff","count":1,"c3":0,"c6":0,"c12":0,"c24":1,"score":0.4,"risk":2,"peakDay":"Sunday","peakTime":"evening","hood":"Barrio El Rio","bk12":{"morning":0,"afternoon":0,"evening":0,"night":0},"bk24":{"morning":0,"afternoon":0,"evening":1,"night":0},"recent":[{"d":"2025-03-30","day":"Sun","time":"17:00","desc":"Aggravated Assault - Domestic Violence (DV)","res":""}]}},{"type":"Feature","geometry":{"type":"Polygon","coordinates":[[[-111.00680070364899,32.14786870044871],[-111.00556371025627,32.149527349065146],[-111.00664896331863,32.151248028654855],[-111.00897124257595,32.1513100392179],[-111.01020820066672,32.14965137357105],[-111.00912291480503,32.14793071439165],[-111.00680070364899,32.14786870044871],[-111.00680070364899,32.14786870044871]]]},"properties":{"h3":"8948e8ccb3bffff","count":1,"c3":0,"c6":0,"c12":0,"c24":1,"score":0.4,"risk":2,"peakDay":"Sunday","peakTime":"evening","hood":"Midvale Park","bk12":{"morning":0,"afternoon":0,"evening":0,"night":0},"bk24":{"morning":0,"afternoon":0,"evening":1,"night":0},"recent":[{"d":"2025-03-30","day":"Sun","time":"17:06","desc":"Aggravated Assault - Domestic Violence (DV)","res":""}]}},{"type":"Feature","geometry":{"type":"Polygon","coordinates":[[[-110.9689100497845,32.21451085336055],[-110.96767174057311,32.216168708590324],[-110.96875710901725,32.21788916791428],[-110.97108081962098,32.21795175167725],[-110.97231909360053,32.21629387941509],[-110.9712336922111,32.214573440422406],[-110.9689100497845,32.21451085336055],[-110.9689100497845,32.21451085336055]]]},"properties":{"h3":"8948e8545d3ffff","count":3,"c3":0,"c6":0,"c12":2,"c24":3,"score":1.5,"risk":7,"peakDay":"Sunday","peakTime":"night","hood":"Armory Park","bk12":{"morning":0,"afternoon":1,"evening":1,"night":0},"bk24":{"morning":0,"afternoon":1,"evening":1,"night":1},"recent":[{"d":"2025-11-20","day":"Thu","time":"14:10","desc":"Aggravated Assault - Other","res":""},{"d":"2025-09-05","day":"Fri","time":"18:51","desc":"Aggravated Assault - Other","res":""},{"d":"2025-03-30","day":"Sun","time":"23:50","desc":"Aggravated Assault - Domestic Violence (DV)","res":""}]}},{"type":"Feature","geometry":{"type":"Polygon","coordinates":[[[-110.89485994944701,32.23109812419142],[-110.89362028502492,32.23275521894401],[-110.8947048112746,32.23447624599539],[-110.89702903511522,32.23454015805198],[-110.89826866451219,32.23288304620017],[-110.89718410509657,32.23116203939107],[-110.89485994944701,32.23109812419142],[-110.89485994944701,32.23109812419142]]]},"properties":{"h3":"8948e8555cfffff","count":3,"c3":0,"c6":0,"c12":2,"c24":3,"score":1.6,"risk":7,"peakDay":"Monday","peakTime":"night","hood":"Midway Village","bk12":{"morning":0,"afternoon":1,"evening":1,"night":0},"bk24":{"morning":0,"afternoon":1,"evening":1,"night":1},"recent":[{"d":"2025-12-29","day":"Mon","time":"20:00","desc":"Aggravated Assault - Domestic Violence (DV)","res":""},{"d":"2025-09-21","day":"Sun","time":"13:48","desc":"Aggravated Assault - Other","res":""},{"d":"2025-03-31","day":"Mon","time":"04:35","desc":"Aggravated Assault - Domestic Violence (DV)","res":""}]}},{"type":"Feature","geometry":{"type":"Polygon","coordinates":[[[-110.96718392872454,32.17556238594398],[-110.96594600839133,32.177220499039564],[-110.96703098869207,32.17894131819965],[-110.96935392225699,32.17900400391233],[-110.97059180738711,32.17734587376093],[-110.9695067941583,32.175625074952734],[-110.96718392872454,32.17556238594398],[-110.96718392872454,32.17556238594398]]]},"properties":{"h3":"8948e856053ffff","count":9,"c3":0,"c6":0,"c12":0,"c24":9,"score":3.8,"risk":17,"peakDay":"Thursday","peakTime":"morning","hood":"Fairgrounds","bk12":{"morning":0,"afternoon":0,"evening":0,"night":0},"bk24":{"morning":3,"afternoon":1,"evening":3,"night":2},"recent":[{"d":"2025-08-16","day":"Sat","time":"17:56","desc":"Aggravated Assault - Domestic Violence (DV)","res":""},{"d":"2025-07-17","day":"Thu","time":"04:21","desc":"Aggravated Assault - Other","res":""},{"d":"2025-06-18","day":"Wed","time":"07:31","desc":"Aggravated Assault - Other","res":""},{"d":"2025-05-08","day":"Thu","time":"18:22","desc":"Aggravated Assault - Other","res":""},{"d":"2025-05-08","day":"Thu","time":"18:22","desc":"Aggravated Assault - Other","res":""},{"d":"2025-04-27","day":"Sun","time":"03:26","desc":"Aggravated Assault - Domestic Violence (DV)","res":""},{"d":"2025-04-19","day":"Sat","time":"14:59","desc":"Aggravated Assault - Other","res":""},{"d":"2025-04-06","day":"Sun","time":"07:42","desc":"Aggravated Assault - Other","res":""},{"d":"2025-03-31","day":"Mon","time":"07:12","desc":"Aggravated Assault - Other","res":""}]}},{"type":"Feature","geometry":{"type":"Polygon","coordinates":[[[-110.84487316935835,32.10452063982856],[-110.84363406626107,32.106178185629176],[-110.84471673377564,32.10790080188323],[-110.84703853762608,32.10796585207548],[-110.84827760592097,32.10630828905375],[-110.84719490517068,32.10458569306097],[-110.84487316935835,32.10452063982856],[-110.84487316935835,32.10452063982856]]]},"properties":{"h3":"8948e8521afffff","count":1,"c3":0,"c6":0,"c12":0,"c24":1,"score":0.4,"risk":2,"peakDay":"Monday","peakTime":"afternoon","hood":"","bk12":{"morning":0,"afternoon":0,"evening":0,"night":0},"bk24":{"morning":0,"afternoon":1,"evening":0,"night":0},"recent":[{"d":"2025-03-31","day":"Mon","time":"13:44","desc":"Aggravated Assault - Other","res":""}]}},{"type":"Feature","geometry":{"type":"Polygon","coordinates":[[[-110.81443778172407,32.23393419664799],[-110.8131968118184,32.23559056883008],[-110.81428027729132,32.237312343535464],[-110.8166047460695,32.237377725904885],[-110.81784568118428,32.23572133654299],[-110.81676218231465,32.23399958199156],[-110.81443778172407,32.23393419664799],[-110.81443778172407,32.23393419664799]]]},"properties":{"h3":"8948e8424afffff","count":1,"c3":0,"c6":0,"c12":0,"c24":1,"score":0.4,"risk":2,"peakDay":"Monday","peakTime":"afternoon","hood":"","bk12":{"morning":0,"afternoon":0,"evening":0,"night":0},"bk24":{"morning":0,"afternoon":1,"evening":0,"night":0},"recent":[{"d":"2025-03-31","day":"Mon","time":"14:52","desc":"Aggravated Assault - Other","res":""}]}},{"type":"Feature","geometry":{"type":"Polygon","coordinates":[[[-110.98239421460255,32.22502045885803],[-110.98115600782418,32.2266783571225],[-110.98224165610416,32.228398593217904],[-110.98456554407821,32.22846091070928],[-110.98580371557891,32.22680299543216],[-110.98471803438616,32.22508277967638],[-110.98239421460255,32.22502045885803],[-110.98239421460255,32.22502045885803]]]},"properties":{"h3":"8948e8545abffff","count":2,"c3":0,"c6":0,"c12":1,"c24":2,"score":1,"risk":4,"peakDay":"Monday","peakTime":"afternoon","hood":"Menlo Park","bk12":{"morning":1,"afternoon":0,"evening":0,"night":0},"bk24":{"morning":1,"afternoon":1,"evening":0,"night":0},"recent":[{"d":"2025-12-09","day":"Tue","time":"07:45","desc":"Robbery - Highway","res":""},{"d":"2025-03-31","day":"Mon","time":"14:56","desc":"Aggravated Assault - Other","res":""}]}},{"type":"Feature","geometry":{"type":"Polygon","coordinates":[[[-110.81166028936887,32.218633694684776],[-110.81041943948986,32.22029015081899],[-110.81150272417474,32.222012086970025],[-110.81382689213737,32.22207754682718],[-110.8150677072428,32.220421073501804],[-110.8139843891621,32.2186991575105],[-110.81166028936887,32.218633694684776],[-110.81166028936887,32.218633694684776]]]},"properties":{"h3":"8948e850a2fffff","count":2,"c3":0,"c6":0,"c12":1,"c24":2,"score":0.9,"risk":4,"peakDay":"Monday","peakTime":"evening","hood":"","bk12":{"morning":0,"afternoon":0,"evening":1,"night":0},"bk24":{"morning":0,"afternoon":0,"evening":2,"night":0},"recent":[{"d":"2025-09-19","day":"Fri","time":"21:23","desc":"Aggravated Assault - Other","res":""},{"d":"2025-03-31","day":"Mon","time":"17:59","desc":"Aggravated Assault - Other","res":""}]}},{"type":"Feature","geometry":{"type":"Polygon","coordinates":[[[-111.01338628323158,32.23430330738525],[-111.01214847144014,32.23596140875674],[-111.01323462312108,32.23768126267341],[-111.0155586194259,32.23774299485128],[-111.0167963958434,32.236084876504236],[-111.01571021133294,32.234365042954934],[-111.01338628323158,32.23430330738525],[-111.01338628323158,32.23430330738525]]]},"properties":{"h3":"8948e856ab7ffff","count":7,"c3":0,"c6":0,"c12":3,"c24":7,"score":3.5,"risk":16,"peakDay":"Saturday","peakTime":"morning","hood":"","bk12":{"morning":3,"afternoon":0,"evening":0,"night":0},"bk24":{"morning":4,"afternoon":2,"evening":1,"night":0},"recent":[{"d":"2025-11-29","day":"Sat","time":"10:09","desc":"Robbery - Highway","res":""},{"d":"2025-11-29","day":"Sat","time":"10:09","desc":"Robbery - Highway","res":""},{"d":"2025-11-29","day":"Sat","time":"10:09","desc":"Robbery - Highway","res":""},{"d":"2025-07-12","day":"Sat","time":"15:50","desc":"Aggravated Assault - Domestic Violence (DV)","res":""},{"d":"2025-07-12","day":"Sat","time":"15:50","desc":"Aggravated Assault - Domestic Violence (DV)","res":""},{"d":"2025-04-25","day":"Fri","time":"09:00","desc":"Aggravated Assault - Other","res":""},{"d":"2025-03-31","day":"Mon","time":"20:32","desc":"Aggravated Assault - Domestic Violence (DV)","res":""}]}},{"type":"Feature","geometry":{"type":"Polygon","coordinates":[[[-110.94348490965714,32.159695569112046],[-110.9422467817629,32.16135358760172],[-110.9433312947256,32.16307477467362],[-110.945653968572,32.163137922920264],[-110.94689206134203,32.161479887341535],[-110.94580751539277,32.15975872060528],[-110.94348490965714,32.159695569112046],[-110.94348490965714,32.159695569112046]]]},"properties":{"h3":"8948e8566cbffff","count":4,"c3":0,"c6":0,"c12":2,"c24":4,"score":1.9,"risk":8,"peakDay":"Tuesday","peakTime":"morning","hood":"Cherry Avenue","bk12":{"morning":2,"afternoon":0,"evening":0,"night":0},"bk24":{"morning":2,"afternoon":1,"evening":0,"night":1},"recent":[{"d":"2025-09-28","day":"Sun","time":"08:24","desc":"Aggravated Assault - Other","res":""},{"d":"2025-08-20","day":"Wed","time":"05:50","desc":"Aggravated Assault - Other","res":""},{"d":"2025-05-23","day":"Fri","time":"16:09","desc":"Aggravated Assault - Drive-By","res":""},{"d":"2025-04-01","day":"Tue","time":"01:00","desc":"Aggravated Assault - Other","res":""}]}},{"type":"Feature","geometry":{"type":"Polygon","coordinates":[[[-110.85596380988734,32.24186072361513],[-110.85472341292856,32.24351740288567],[-110.85580751457107,32.245238709004425],[-110.85813204645824,32.24530331565844],[-110.85937240849945,32.24364661925487],[-110.85828827357395,32.24192533333037],[-110.85596380988734,32.24186072361513],[-110.85596380988734,32.24186072361513]]]},"properties":{"h3":"8948e85562bffff","count":5,"c3":0,"c6":0,"c12":2,"c24":5,"score":2.3,"risk":10,"peakDay":"Wednesday","peakTime":"night","hood":"","bk12":{"morning":0,"afternoon":0,"evening":1,"night":1},"bk24":{"morning":1,"afternoon":1,"evening":1,"night":2},"recent":[{"d":"2025-10-29","day":"Wed","time":"00:15","desc":"Robbery - Highway","res":""},{"d":"2025-10-06","day":"Mon","time":"17:24","desc":"Aggravated Assault - Domestic Violence (DV)","res":""},{"d":"2025-05-24","day":"Sat","time":"14:29","desc":"Robbery - Miscellaneous","res":""},{"d":"2025-05-07","day":"Wed","time":"09:00","desc":"Aggravated Assault - Domestic Violence (DV)","res":""},{"d":"2025-04-01","day":"Tue","time":"23:11","desc":"Robbery - Highway","res":""}]}},{"type":"Feature","geometry":{"type":"Polygon","coordinates":[[[-110.92461595285053,32.267424528213404],[-110.92337637227088,32.26908162519687],[-110.92446164041188,32.270802043765514],[-110.92678652223734,32.27086534509741],[-110.92802606768267,32.26920823106539],[-110.92694076643978,32.26748783275011],[-110.92461595285053,32.267424528213404],[-110.92461595285053,32.267424528213404]]]},"properties":{"h3":"8948e855c13ffff","count":4,"c3":0,"c6":0,"c12":1,"c24":4,"score":1.8,"risk":8,"peakDay":"Wednesday","peakTime":"morning","hood":"","bk12":{"morning":0,"afternoon":1,"evening":0,"night":0},"bk24":{"morning":2,"afternoon":2,"evening":0,"night":0},"recent":[{"d":"2025-12-21","day":"Sun","time":"16:30","desc":"Aggravated Assault - Other","res":""},{"d":"2025-05-22","day":"Thu","time":"07:21","desc":"Aggravated Assault - Domestic Violence (DV)","res":""},{"d":"2025-04-11","day":"Fri","time":"16:11","desc":"Aggravated Assault - Domestic Violence (DV)","res":""},{"d":"2025-04-02","day":"Wed","time":"09:00","desc":"Robbery - Miscellaneous","res":""}]}},{"type":"Feature","geometry":{"type":"Polygon","coordinates":[[[-110.85580751457107,32.245238709004425],[-110.85456707893469,32.246895362985526],[-110.85565121010171,32.24861664075189],[-110.85797581019342,32.248681244345086],[-110.85921621091066,32.24702457323268],[-110.85813204645824,32.24530331565844],[-110.85580751457107,32.245238709004425],[-110.85580751457107,32.245238709004425]]]},"properties":{"h3":"8948e855293ffff","count":1,"c3":0,"c6":0,"c12":0,"c24":1,"score":0.4,"risk":2,"peakDay":"Wednesday","peakTime":"morning","hood":"","bk12":{"morning":0,"afternoon":0,"evening":0,"night":0},"bk24":{"morning":1,"afternoon":0,"evening":0,"night":0},"recent":[{"d":"2025-04-02","day":"Wed","time":"09:40","desc":"Aggravated Assault - Domestic Violence (DV)","res":""}]}},{"type":"Feature","geometry":{"type":"Polygon","coordinates":[[[-110.99740186083125,32.20174544693386],[-110.99616414213219,32.20340363848594],[-110.9972497738285,32.2051239350273],[-110.99957315708349,32.20518601964755],[-111.00081084047521,32.20352781108536],[-110.9997251759222,32.2018075349131],[-110.99740186083125,32.20174544693386],[-110.99740186083125,32.20174544693386]]]},"properties":{"h3":"8948e85616fffff","count":1,"c3":0,"c6":0,"c12":0,"c24":1,"score":0.4,"risk":2,"peakDay":"Wednesday","peakTime":"morning","hood":"A Mountain","bk12":{"morning":0,"afternoon":0,"evening":0,"night":0},"bk24":{"morning":1,"afternoon":0,"evening":0,"night":0},"recent":[{"d":"2025-04-02","day":"Wed","time":"10:36","desc":"Aggravated Assault - Other","res":""}]}},{"type":"Feature","geometry":{"type":"Polygon","coordinates":[[[-110.90616686395941,32.1366809421868],[-110.90492838899449,32.13833879728038],[-110.90601218407976,32.14006054506584],[-110.90833448721256,32.14012441744896],[-110.90957292717631,32.138466545215095],[-110.9084890990113,32.136744817738474],[-110.90616686395941,32.1366809421868],[-110.90616686395941,32.1366809421868]]]},"properties":{"h3":"8948e8cda13ffff","count":1,"c3":0,"c6":0,"c12":0,"c24":1,"score":0.4,"risk":2,"peakDay":"Wednesday","peakTime":"afternoon","hood":"","bk12":{"morning":0,"afternoon":0,"evening":0,"night":0},"bk24":{"morning":0,"afternoon":1,"evening":0,"night":0},"recent":[{"d":"2025-04-02","day":"Wed","time":"14:04","desc":"Aggravated Assault - Domestic Violence (DV)","res":""}]}},{"type":"Feature","geometry":{"type":"Polygon","coordinates":[[[-110.95404786723205,32.23440363771461],[-110.95280910854918,32.236061224019586],[-110.95389446351976,32.23778165107556],[-110.95621861017513,32.23784447152272],[-110.95745733365756,32.23618686818111],[-110.95637194568798,32.23446646142902],[-110.95404786723205,32.23440363771461],[-110.95404786723205,32.23440363771461]]]},"properties":{"h3":"8948e854017ffff","count":4,"c3":0,"c6":0,"c12":2,"c24":4,"score":2,"risk":9,"peakDay":"Wednesday","peakTime":"afternoon","hood":"Feldman's","bk12":{"morning":0,"afternoon":0,"evening":1,"night":1},"bk24":{"morning":1,"afternoon":1,"evening":1,"night":1},"recent":[{"d":"2025-10-30","day":"Thu","time":"18:19","desc":"Aggravated Assault - Other","res":""},{"d":"2025-10-22","day":"Wed","time":"03:57","desc":"Robbery - Highway","res":""},{"d":"2025-05-23","day":"Fri","time":"05:02","desc":"Robbery - Convenience Stores","res":""},{"d":"2025-04-02","day":"Wed","time":"15:37","desc":"Aggravated Assault - Other","res":""}]}},{"type":"Feature","geometry":{"type":"Polygon","coordinates":[[[-110.78202650880802,32.106128356054384],[-110.78078639481683,32.10778534241695],[-110.78186822704465,32.109508545596526],[-110.78419020668176,32.10957474222136],[-110.78543028605371,32.107917738574464],[-110.7843484204107,32.10619455558712],[-110.78202650880802,32.106128356054384],[-110.78202650880802,32.106128356054384]]]},"properties":{"h3":"8948e852273ffff","count":1,"c3":0,"c6":0,"c12":0,"c24":1,"score":0.4,"risk":2,"peakDay":"Thursday","peakTime":"morning","hood":"Rita Ranch","bk12":{"morning":0,"afternoon":0,"evening":0,"night":0},"bk24":{"morning":1,"afternoon":0,"evening":0,"night":0},"recent":[{"d":"2025-04-03","day":"Thu","time":"06:48","desc":"Robbery - Miscellaneous","res":""}]}},{"type":"Feature","geometry":{"type":"Polygon","coordinates":[[[-110.95883668287499,32.20578262610796],[-110.95759830660397,32.20744045525806],[-110.95868345774362,32.20916108890949],[-110.96100701812624,32.20922387308538],[-110.9622453592002,32.20756602688769],[-110.96116017509149,32.205845413561775],[-110.95883668287499,32.20578262610796],[-110.95883668287499,32.20578262610796]]]},"properties":{"h3":"8948e854487ffff","count":1,"c3":0,"c6":0,"c12":0,"c24":1,"score":0.4,"risk":2,"peakDay":"Thursday","peakTime":"morning","hood":"Millville","bk12":{"morning":0,"afternoon":0,"evening":0,"night":0},"bk24":{"morning":1,"afternoon":0,"evening":0,"night":0},"recent":[{"d":"2025-04-03","day":"Thu","time":"08:21","desc":"Aggravated Assault - Other","res":""}]}},{"type":"Feature","geometry":{"type":"Polygon","coordinates":[[[-110.96010075991973,32.2548591980973],[-110.9588618786784,32.25651669261646],[-110.95994750696224,32.25823687996307],[-110.96227204948369,32.25829955249198],[-110.9635108954944,32.25664204095375],[-110.96242523421718,32.254921873905744],[-110.96010075991973,32.2548591980973],[-110.96010075991973,32.2548591980973]]]},"properties":{"h3":"8948e8543b3ffff","count":3,"c3":0,"c6":0,"c12":2,"c24":3,"score":1.7,"risk":7,"peakDay":"Thursday","peakTime":"evening","hood":"Mountain First Avenue","bk12":{"morning":1,"afternoon":0,"evening":0,"night":1},"bk24":{"morning":1,"afternoon":0,"evening":1,"night":1},"recent":[{"d":"2025-12-22","day":"Mon","time":"08:24","desc":"Aggravated Assault - Other","res":""},{"d":"2025-12-21","day":"Sun","time":"01:25","desc":"Aggravated Assault - Other","res":""},{"d":"2025-04-03","day":"Thu","time":"19:36","desc":"Aggravated Assault - Other","res":""}]}},{"type":"Feature","geometry":{"type":"Polygon","coordinates":[[[-110.95481475106115,32.21751276831065],[-110.9535761853053,32.21917048016963],[-110.95466139225704,32.220891049130366],[-110.95698519795474,32.220953885917766],[-110.95822372851818,32.219296157013574],[-110.95713848857923,32.21757560836728],[-110.95481475106115,32.21751276831065],[-110.95481475106115,32.21751276831065]]]},"properties":{"h3":"8948e85443bffff","count":4,"c3":0,"c6":0,"c12":3,"c24":4,"score":2.1,"risk":9,"peakDay":"Friday","peakTime":"night","hood":"Barrio San Antonio","bk12":{"morning":0,"afternoon":2,"evening":0,"night":1},"bk24":{"morning":0,"afternoon":2,"evening":0,"night":2},"recent":[{"d":"2025-11-06","day":"Thu","time":"12:06","desc":"Aggravated Assault - Other","res":""},{"d":"2025-10-28","day":"Tue","time":"16:09","desc":"Robbery - Highway","res":""},{"d":"2025-10-12","day":"Sun","time":"23:28","desc":"Aggravated Assault - Other","res":""},{"d":"2025-04-04","day":"Fri","time":"02:30","desc":"Aggravated Assault - Other","res":""}]}},{"type":"Feature","geometry":{"type":"Polygon","coordinates":[[[-110.93436277680114,32.20681003501683],[-110.93312400012296,32.20846764451006],[-110.93420883143396,32.21018850525832],[-110.9365324724655,32.21025173621475],[-110.93777121401762,32.20859410964933],[-110.93668634966717,32.20687326919974],[-110.93436277680114,32.20681003501683],[-110.93436277680114,32.20681003501683]]]},"properties":{"h3":"8948e857123ffff","count":1,"c3":0,"c6":0,"c12":0,"c24":1,"score":0.4,"risk":2,"peakDay":"Friday","peakTime":"morning","hood":"Arroyo Chico","bk12":{"morning":0,"afternoon":0,"evening":0,"night":0},"bk24":{"morning":1,"afternoon":0,"evening":0,"night":0},"recent":[{"d":"2025-04-04","day":"Fri","time":"10:06","desc":"Aggravated Assault - Domestic Violence (DV)","res":""}]}},{"type":"Feature","geometry":{"type":"Polygon","coordinates":[[[-110.83398919452748,32.188813629476044],[-110.83274901753356,32.1904704911345],[-110.83383232553696,32.192192475373965],[-110.83615584385227,32.1922575777541],[-110.83739598602504,32.19060069891063],[-110.83631264470655,32.18887873487211],[-110.83398919452748,32.188813629476044],[-110.83398919452748,32.188813629476044]]]},"properties":{"h3":"8948e850883ffff","count":3,"c3":0,"c6":0,"c12":0,"c24":3,"score":1.3,"risk":6,"peakDay":"Friday","peakTime":"morning","hood":"","bk12":{"morning":0,"afternoon":0,"evening":0,"night":0},"bk24":{"morning":2,"afternoon":1,"evening":0,"night":0},"recent":[{"d":"2025-08-06","day":"Wed","time":"11:00","desc":"Aggravated Assault - Domestic Violence (DV)","res":""},{"d":"2025-06-09","day":"Mon","time":"08:52","desc":"Aggravated Assault - Domestic Violence (DV)","res":""},{"d":"2025-04-04","day":"Fri","time":"13:00","desc":"Aggravated Assault - Other","res":""}]}},{"type":"Feature","geometry":{"type":"Polygon","coordinates":[[[-110.955274773601,32.207377605391414],[-110.95403632357282,32.20903539244668],[-110.95512144173235,32.21075604641887],[-110.95744504290306,32.21081889301512],[-110.95868345774362,32.20916108890949],[-110.95759830660397,32.20744045525806],[-110.955274773601,32.207377605391414],[-110.955274773601,32.207377605391414]]]},"properties":{"h3":"8948e85448fffff","count":2,"c3":0,"c6":0,"c12":0,"c24":2,"score":0.9,"risk":4,"peakDay":"Friday","peakTime":"afternoon","hood":"Millville","bk12":{"morning":0,"afternoon":0,"evening":0,"night":0},"bk24":{"morning":1,"afternoon":1,"evening":0,"night":0},"recent":[{"d":"2025-07-29","day":"Tue","time":"05:49","desc":"Aggravated Assault - Other","res":""},{"d":"2025-04-04","day":"Fri","time":"13:18","desc":"Aggravated Assault - Other","res":""}]}},{"type":"Feature","geometry":{"type":"Polygon","coordinates":[[[-110.83168100281353,32.16337281654192],[-110.83044106157396,32.16502983666996],[-110.83152410050492,32.16675206599939],[-110.83384711398536,32.16681725498777],[-110.83508702042583,32.16516021765815],[-110.83400394818786,32.1634380085418],[-110.83168100281353,32.16337281654192],[-110.83168100281353,32.16337281654192]]]},"properties":{"h3":"8948e850c9bffff","count":5,"c3":0,"c6":0,"c12":2,"c24":5,"score":2.5,"risk":11,"peakDay":"Friday","peakTime":"evening","hood":"Groves Lincoln Park","bk12":{"morning":0,"afternoon":1,"evening":0,"night":1},"bk24":{"morning":0,"afternoon":2,"evening":2,"night":1},"recent":[{"d":"2025-12-27","day":"Sat","time":"22:37","desc":"Aggravated Assault - Domestic Violence (DV)","res":""},{"d":"2025-10-28","day":"Tue","time":"13:46","desc":"Aggravated Assault - Domestic Violence (DV)","res":""},{"d":"2025-07-31","day":"Thu","time":"12:09","desc":"Aggravated Assault - Drive-By","res":""},{"d":"2025-04-04","day":"Fri","time":"17:44","desc":"Aggravated Assault - Domestic Violence (DV)","res":""},{"d":"2025-04-04","day":"Fri","time":"17:44","desc":"Aggravated Assault - Domestic Violence (DV)","res":""}]}},{"type":"Feature","geometry":{"type":"Polygon","coordinates":[[[-110.93374694124883,32.22032359559084],[-110.93250801019532,32.22198110470482],[-110.93359295982329,32.22370185216334],[-110.93591687355656,32.22376507021772],[-110.93715576947758,32.22210754403842],[-110.93607078680071,32.22038681687014],[-110.93374694124883,32.22032359559084],[-110.93374694124883,32.22032359559084]]]},"properties":{"h3":"8948e8546bbffff","count":1,"c3":0,"c6":0,"c12":0,"c24":1,"score":0.4,"risk":2,"peakDay":"Saturday","peakTime":"night","hood":"Arroyo Chico","bk12":{"morning":0,"afternoon":0,"evening":0,"night":0},"bk24":{"morning":0,"afternoon":0,"evening":0,"night":1},"recent":[{"d":"2025-04-05","day":"Sat","time":"01:08","desc":"Robbery - Miscellaneous","res":""}]}},{"type":"Feature","geometry":{"type":"Polygon","coordinates":[[[-110.83466040313579,32.099157011218516],[-110.83342119569754,32.100814505328934],[-110.83450367513555,32.10253726596497],[-110.83682539527638,32.10260251223734],[-110.83806456794535,32.10094500089236],[-110.83698205524567,32.09922226050965],[-110.83466040313579,32.099157011218516],[-110.83466040313579,32.099157011218516]]]},"properties":{"h3":"8948e852113ffff","count":2,"c3":0,"c6":0,"c12":1,"c24":2,"score":0.9,"risk":4,"peakDay":"Saturday","peakTime":"morning","hood":"","bk12":{"morning":0,"afternoon":0,"evening":1,"night":0},"bk24":{"morning":1,"afternoon":0,"evening":1,"night":0},"recent":[{"d":"2025-09-19","day":"Fri","time":"20:35","desc":"Aggravated Assault - Other","res":""},{"d":"2025-04-05","day":"Sat","time":"05:00","desc":"Aggravated Assault - Domestic Violence (DV)","res":""}]}},{"type":"Feature","geometry":{"type":"Polygon","coordinates":[[[-110.91082169273382,32.26366621394483],[-110.90958193308255,32.2653232174063],[-110.9106669799458,32.26704380238954],[-110.91299181960235,32.26710736367066],[-110.914231544162,32.26545034314442],[-110.91314646415962,32.26372977840191],[-110.91082169273382,32.26366621394483],[-110.91082169273382,32.26366621394483]]]},"properties":{"h3":"8948e855137ffff","count":1,"c3":0,"c6":0,"c12":0,"c24":1,"score":0.4,"risk":2,"peakDay":"Saturday","peakTime":"morning","hood":"North Dodge","bk12":{"morning":0,"afternoon":0,"evening":0,"night":0},"bk24":{"morning":1,"afternoon":0,"evening":0,"night":0},"recent":[{"d":"2025-04-05","day":"Sat","time":"06:58","desc":"Aggravated Assault - Other","res":""}]}},{"type":"Feature","geometry":{"type":"Polygon","coordinates":[[[-110.86480956435443,32.20151453433175],[-110.86356973979268,32.20317157563964],[-110.86465358327209,32.2048931524722],[-110.86697728455079,32.20495766777001],[-110.86821707419337,32.20330060931569],[-110.86713319747935,32.20157905271005],[-110.86480956435443,32.20151453433175],[-110.86480956435443,32.20151453433175]]]},"properties":{"h3":"8948e85724bffff","count":1,"c3":0,"c6":0,"c12":0,"c24":1,"score":0.4,"risk":2,"peakDay":"Saturday","peakTime":"afternoon","hood":"Corbett","bk12":{"morning":0,"afternoon":0,"evening":0,"night":0},"bk24":{"morning":0,"afternoon":1,"evening":0,"night":0},"recent":[{"d":"2025-04-05","day":"Sat","time":"14:00","desc":"Aggravated Assault - Domestic Violence (DV)","res":""}]}},{"type":"Feature","geometry":{"type":"Polygon","coordinates":[[[-110.9616327959433,32.221079431330374],[-110.96039430058337,32.222737177275285],[-110.96147963271065,32.22445764888179],[-110.96380349317056,32.22452035422374],[-110.96504195331597,32.22286259124262],[-110.9639565882189,32.2211421399558],[-110.9616327959433,32.221079431330374],[-110.9616327959433,32.221079431330374]]]},"properties":{"h3":"8948e854427ffff","count":5,"c3":0,"c6":0,"c12":2,"c24":5,"score":2.5,"risk":11,"peakDay":"Saturday","peakTime":"afternoon","hood":"Iron Horse","bk12":{"morning":0,"afternoon":2,"evening":0,"night":0},"bk24":{"morning":1,"afternoon":3,"evening":1,"night":0},"recent":[{"d":"2025-12-02","day":"Tue","time":"15:30","desc":"Aggravated Assault - Other","res":""},{"d":"2025-09-19","day":"Fri","time":"12:00","desc":"Robbery - Highway","res":""},{"d":"2025-07-19","day":"Sat","time":"11:15","desc":"Aggravated Assault - Other","res":""},{"d":"2025-07-13","day":"Sun","time":"14:06","desc":"Aggravated Assault - Domestic Violence (DV)","res":""},{"d":"2025-04-05","day":"Sat","time":"17:04","desc":"Aggravated Assault - Other","res":""}]}},{"type":"Feature","geometry":{"type":"Polygon","coordinates":[[[-110.95761063058183,32.232808832952216],[-110.95637194568798,32.23446646142902],[-110.95745733365756,32.23618686818111],[-110.95978143951186,32.23624962614782],[-110.96102008919583,32.23459198063715],[-110.95993466823829,32.2328715941937],[-110.95761063058183,32.232808832952216],[-110.95761063058183,32.232808832952216]]]},"properties":{"h3":"8948e8540bbffff","count":2,"c3":0,"c6":0,"c12":0,"c24":2,"score":0.9,"risk":4,"peakDay":"Saturday","peakTime":"night","hood":"West University","bk12":{"morning":0,"afternoon":0,"evening":0,"night":0},"bk24":{"morning":0,"afternoon":0,"evening":1,"night":1},"recent":[{"d":"2025-07-09","day":"Wed","time":"21:30","desc":"Aggravated Assault - Domestic Violence (DV)","res":""},{"d":"2025-04-05","day":"Sat","time":"22:45","desc":"Aggravated Assault - Domestic Violence (DV)","res":""}]}},{"type":"Feature","geometry":{"type":"Polygon","coordinates":[[[-110.95757367484023,32.156694599515205],[-110.95633580312985,32.158352761019565],[-110.9574204775429,32.16007383856961],[-110.95974305661399,32.16013673426287],[-110.96098089316084,32.15847855568227],[-110.95989618580305,32.15675749848473],[-110.95757367484023,32.156694599515205],[-110.95757367484023,32.156694599515205]]]},"properties":{"h3":"8948e856683ffff","count":2,"c3":0,"c6":0,"c12":1,"c24":2,"score":0.9,"risk":4,"peakDay":"Sunday","peakTime":"morning","hood":"","bk12":{"morning":1,"afternoon":0,"evening":0,"night":0},"bk24":{"morning":2,"afternoon":0,"evening":0,"night":0},"recent":[{"d":"2025-09-05","day":"Fri","time":"05:55","desc":"Aggravated Assault - Other","res":""},{"d":"2025-04-06","day":"Sun","time":"05:07","desc":"Aggravated Assault - Other","res":""}]}},{"type":"Feature","geometry":{"type":"Polygon","coordinates":[[[-110.9487647030454,32.19705312708897],[-110.9475262598215,32.1987109300972],[-110.94861119363914,32.20043173790889],[-110.95093460367636,32.20049472239268],[-110.95217301173797,32.198836902321624],[-110.95108804492754,32.19711611482967],[-110.9487647030454,32.19705312708897],[-110.9487647030454,32.19705312708897]]]},"properties":{"h3":"8948e856263ffff","count":2,"c3":0,"c6":0,"c12":1,"c24":2,"score":0.9,"risk":4,"peakDay":"Sunday","peakTime":"morning","hood":"South Park","bk12":{"morning":0,"afternoon":1,"evening":0,"night":0},"bk24":{"morning":1,"afternoon":1,"evening":0,"night":0},"recent":[{"d":"2025-09-01","day":"Mon","time":"15:34","desc":"Aggravated Assault - Domestic Violence (DV)","res":""},{"d":"2025-04-06","day":"Sun","time":"07:22","desc":"Aggravated Assault - Domestic Violence (DV)","res":""}]}},{"type":"Feature","geometry":{"type":"Polygon","coordinates":[[[-110.97878125375038,32.15050057781857],[-110.97754378579265,32.152158966013126],[-110.9786286872943,32.153879893228016],[-110.98095108963739,32.15394241186962],[-110.98218852237339,32.15228400661721],[-110.98110358799097,32.15056309978114],[-110.97878125375038,32.15050057781857],[-110.97878125375038,32.15050057781857]]]},"properties":{"h3":"8948e856413ffff","count":3,"c3":0,"c6":0,"c12":1,"c24":3,"score":1.3,"risk":6,"peakDay":"Sunday","peakTime":"morning","hood":"Sunnyside","bk12":{"morning":0,"afternoon":0,"evening":1,"night":0},"bk24":{"morning":2,"afternoon":0,"evening":1,"night":0},"recent":[{"d":"2025-10-16","day":"Thu","time":"19:57","desc":"Aggravated Assault - Drive-By","res":""},{"d":"2025-04-16","day":"Wed","time":"06:51","desc":"Aggravated Assault - Other","res":""},{"d":"2025-04-06","day":"Sun","time":"08:08","desc":"Robbery - Miscellaneous","res":""}]}},{"type":"Feature","geometry":{"type":"Polygon","coordinates":[[[-110.97969646502791,32.130223573668204],[-110.97845922811877,32.131882110648114],[-110.97954395212764,32.133603206592696],[-110.98186594591513,32.13366574516592],[-110.98310314761214,32.13200719111779],[-110.9820183907367,32.130286115564736],[-110.97969646502791,32.130223573668204],[-110.97969646502791,32.130223573668204]]]},"properties":{"h3":"8948e8cca03ffff","count":3,"c3":0,"c6":0,"c12":1,"c24":3,"score":1.3,"risk":6,"peakDay":"Sunday","peakTime":"afternoon","hood":"Elvira","bk12":{"morning":1,"afternoon":0,"evening":0,"night":0},"bk24":{"morning":1,"afternoon":2,"evening":0,"night":0},"recent":[{"d":"2025-09-18","day":"Thu","time":"07:06","desc":"Robbery - Highway","res":""},{"d":"2025-04-06","day":"Sun","time":"12:31","desc":"Aggravated Assault - Other","res":""},{"d":"2025-04-06","day":"Sun","time":"12:31","desc":"Aggravated Assault - Other","res":""}]}},{"type":"Feature","geometry":{"type":"Polygon","coordinates":[[[-110.96147963271065,32.22445764888179],[-110.96024109877327,32.22611536973515],[-110.96132646050903,32.22783581296492],[-110.96365038915722,32.227898515023796],[-110.96488888787849,32.226240777135935],[-110.96380349317056,32.22452035422374],[-110.96147963271065,32.22445764888179],[-110.96147963271065,32.22445764888179]]]},"properties":{"h3":"8948e85455bffff","count":5,"c3":0,"c6":0,"c12":4,"c24":5,"score":2.5,"risk":11,"peakDay":"Friday","peakTime":"afternoon","hood":"West University","bk12":{"morning":2,"afternoon":2,"evening":0,"night":0},"bk24":{"morning":2,"afternoon":3,"evening":0,"night":0},"recent":[{"d":"2025-11-06","day":"Thu","time":"08:30","desc":"Robbery - Highway","res":""},{"d":"2025-09-11","day":"Thu","time":"08:30","desc":"Robbery - Highway","res":""},{"d":"2025-09-05","day":"Fri","time":"14:54","desc":"Aggravated Assault - Other","res":""},{"d":"2025-09-05","day":"Fri","time":"14:54","desc":"Aggravated Assault - Other","res":""},{"d":"2025-04-06","day":"Sun","time":"15:42","desc":"Aggravated Assault - Domestic Violence (DV)","res":""}]}},{"type":"Feature","geometry":{"type":"Polygon","coordinates":[[[-110.87844014698184,32.20865814989582],[-110.87720046216313,32.21031525976259],[-110.87828455660994,32.212036642716164],[-110.88060836907825,32.21210089556556],[-110.88184801893355,32.2104437685703],[-110.88076389128686,32.20872240585422],[-110.87844014698184,32.20865814989582],[-110.87844014698184,32.20865814989582]]]},"properties":{"h3":"8948e857267ffff","count":1,"c3":0,"c6":0,"c12":0,"c24":1,"score":0.4,"risk":2,"peakDay":"Sunday","peakTime":"afternoon","hood":"Desert Aire/Loma Linda","bk12":{"morning":0,"afternoon":0,"evening":0,"night":0},"bk24":{"morning":0,"afternoon":1,"evening":0,"night":0},"recent":[{"d":"2025-04-06","day":"Sun","time":"16:40","desc":"Aggravated Assault - Domestic Violence (DV)","res":""}]}},{"type":"Feature","geometry":{"type":"Polygon","coordinates":[[[-110.88788745694967,32.23090612214821],[-110.8866476838687,32.232563157486034],[-110.88773211420562,32.234284253352115],[-110.89005635081216,32.23434829364555],[-110.89129608888861,32.23269124120127],[-110.89021162536592,32.23097016557008],[-110.88788745694967,32.23090612214821],[-110.88788745694967,32.23090612214821]]]},"properties":{"h3":"8948e855427ffff","count":1,"c3":0,"c6":0,"c12":0,"c24":1,"score":0.4,"risk":2,"peakDay":"Monday","peakTime":"night","hood":"","bk12":{"morning":0,"afternoon":0,"evening":0,"night":0},"bk24":{"morning":0,"afternoon":0,"evening":0,"night":1},"recent":[{"d":"2025-04-07","day":"Mon","time":"00:20","desc":"Aggravated Assault - Other","res":""}]}},{"type":"Feature","geometry":{"type":"Polygon","coordinates":[[[-110.82497614811865,32.23253900720398],[-110.82373536001441,32.23419548151671],[-110.82481895513469,32.235917167462205],[-110.82714337172798,32.2359823589289],[-110.8283841250112,32.23432586744632],[-110.82730049652504,32.23260420166697],[-110.82497614811865,32.23253900720398],[-110.82497614811865,32.23253900720398]]]},"properties":{"h3":"8948e850b6fffff","count":3,"c3":0,"c6":0,"c12":0,"c24":3,"score":1.3,"risk":6,"peakDay":"Monday","peakTime":"morning","hood":"","bk12":{"morning":0,"afternoon":0,"evening":0,"night":0},"bk24":{"morning":2,"afternoon":0,"evening":0,"night":1},"recent":[{"d":"2025-07-18","day":"Fri","time":"11:30","desc":"Robbery - Convenience Stores","res":""},{"d":"2025-05-11","day":"Sun","time":"07:34","desc":"Aggravated Assault - Other","res":""},{"d":"2025-04-07","day":"Mon","time":"00:53","desc":"Robbery - Commercial House","res":""}]}},{"type":"Feature","geometry":{"type":"Polygon","coordinates":[[[-110.90741193166748,32.261881970279724],[-110.90617213693567,32.2635389566719],[-110.90725712106786,32.265259590354205],[-110.90958193308255,32.2653232174063],[-110.91082169273382,32.26366621394483],[-110.90973667545383,32.261945600500624],[-110.90741193166748,32.261881970279724],[-110.90741193166748,32.261881970279724]]]},"properties":{"h3":"8948e855133ffff","count":3,"c3":0,"c6":0,"c12":1,"c24":3,"score":1.4,"risk":6,"peakDay":"Monday","peakTime":"afternoon","hood":"Oak Flower","bk12":{"morning":0,"afternoon":1,"evening":0,"night":0},"bk24":{"morning":0,"afternoon":2,"evening":0,"night":1},"recent":[{"d":"2025-11-28","day":"Fri","time":"12:47","desc":"Aggravated Assault - Domestic Violence (DV)","res":""},{"d":"2025-04-23","day":"Wed","time":"15:50","desc":"Aggravated Assault - Other","res":""},{"d":"2025-04-07","day":"Mon","time":"03:09","desc":"Aggravated Assault - Other","res":""}]}},{"type":"Feature","geometry":{"type":"Polygon","coordinates":[[[-111.00936917501674,32.24603325090877],[-111.00813117366677,32.24769123495129],[-111.00921738148892,32.249411023795],[-111.01154162351163,32.24947280823996],[-111.01277958949225,32.24781480722425],[-111.01169334882243,32.24609503873684],[-111.00936917501674,32.24603325090877],[-111.00936917501674,32.24603325090877]]]},"properties":{"h3":"8948e856a27ffff","count":4,"c3":0,"c6":0,"c12":1,"c24":4,"score":1.9,"risk":8,"peakDay":"Monday","peakTime":"afternoon","hood":"","bk12":{"morning":0,"afternoon":1,"evening":0,"night":0},"bk24":{"morning":1,"afternoon":2,"evening":0,"night":1},"recent":[{"d":"2025-09-21","day":"Sun","time":"16:48","desc":"Aggravated Assault - Domestic Violence (DV)","res":""},{"d":"2025-08-05","day":"Tue","time":"06:00","desc":"Aggravated Assault - Other","res":""},{"d":"2025-07-24","day":"Thu","time":"03:25","desc":"Aggravated Assault - Domestic Violence (DV)","res":""},{"d":"2025-04-07","day":"Mon","time":"15:00","desc":"Aggravated Assault - Other","res":""}]}},{"type":"Feature","geometry":{"type":"Polygon","coordinates":[[[-110.9761864091615,32.2079417169555],[-110.97494828610222,32.20959968137067],[-110.9760336908111,32.21132012837375],[-110.97835725150294,32.211382590618875],[-110.97959533931312,32.20972460917516],[-110.97850990168347,32.208004182514934],[-110.9761864091615,32.2079417169555],[-110.9761864091615,32.2079417169555]]]},"properties":{"h3":"8948e856377ffff","count":4,"c3":0,"c6":0,"c12":0,"c24":4,"score":1.6,"risk":7,"peakDay":"Thursday","peakTime":"morning","hood":"Barrio Santa Rosa","bk12":{"morning":0,"afternoon":0,"evening":0,"night":0},"bk24":{"morning":4,"afternoon":0,"evening":0,"night":0},"recent":[{"d":"2025-06-12","day":"Thu","time":"11:32","desc":"Aggravated Assault - Drive-By","res":""},{"d":"2025-05-02","day":"Fri","time":"08:20","desc":"Aggravated Assault - Other","res":""},{"d":"2025-05-01","day":"Thu","time":"05:28","desc":"Aggravated Assault - Domestic Violence (DV)","res":""},{"d":"2025-04-08","day":"Tue","time":"05:41","desc":"Aggravated Assault - Other","res":""}]}},{"type":"Feature","geometry":{"type":"Polygon","coordinates":[[[-110.92598816461138,32.16091019546627],[-110.92474974557652,32.1625680537021],[-110.92583403434696,32.16428939868788],[-110.9281567751923,32.16435286512173],[-110.92939515915342,32.16269498977952],[-110.92831083734583,32.16097366510991],[-110.92598816461138,32.16091019546627],[-110.92598816461138,32.16091019546627]]]},"properties":{"h3":"8948e8cdb63ffff","count":2,"c3":0,"c6":0,"c12":0,"c24":2,"score":0.9,"risk":4,"peakDay":"Tuesday","peakTime":"morning","hood":"","bk12":{"morning":0,"afternoon":0,"evening":0,"night":0},"bk24":{"morning":1,"afternoon":0,"evening":0,"night":1},"recent":[{"d":"2025-07-17","day":"Thu","time":"04:05","desc":"Aggravated Assault - Other","res":""},{"d":"2025-04-08","day":"Tue","time":"07:47","desc":"Aggravated Assault - Other","res":""}]}},{"type":"Feature","geometry":{"type":"Polygon","coordinates":[[[-110.91484991348788,32.25193957862716],[-110.9136103434878,32.253596700223895],[-110.91469533473797,32.25531735031014],[-110.91701992911202,32.25538085854793],[-110.91825946401578,32.25372371988404],[-110.91717443964473,32.252003090049584],[-110.91484991348788,32.25193957862716],[-110.91484991348788,32.25193957862716]]]},"properties":{"h3":"8948e85424fffff","count":2,"c3":0,"c6":0,"c12":1,"c24":2,"score":0.9,"risk":4,"peakDay":"Tuesday","peakTime":"afternoon","hood":"Dodge Flower","bk12":{"morning":1,"afternoon":0,"evening":0,"night":0},"bk24":{"morning":1,"afternoon":1,"evening":0,"night":0},"recent":[{"d":"2025-10-14","day":"Tue","time":"05:00","desc":"Aggravated Assault - Other","res":""},{"d":"2025-04-08","day":"Tue","time":"12:11","desc":"Aggravated Assault - Other","res":""}]}},{"type":"Feature","geometry":{"type":"Polygon","coordinates":[[[-110.97297744493973,32.278877117977636],[-110.97173851168958,32.28053455437399],[-110.97282453864263,32.282254403804465],[-110.97514953181901,32.2823167965401],[-110.97638842978618,32.28065934315122],[-110.97530236986285,32.27893951401931],[-110.97297744493973,32.278877117977636],[-110.97297744493973,32.278877117977636]]]},"properties":{"h3":"8948e854e77ffff","count":1,"c3":0,"c6":0,"c12":0,"c24":1,"score":0.4,"risk":2,"peakDay":"Tuesday","peakTime":"night","hood":"Amphi","bk12":{"morning":0,"afternoon":0,"evening":0,"night":0},"bk24":{"morning":0,"afternoon":0,"evening":0,"night":1},"recent":[{"d":"2025-04-08","day":"Tue","time":"22:33","desc":"Aggravated Assault - Other","res":""}]}},{"type":"Feature","geometry":{"type":"Polygon","coordinates":[[[-110.96255158703538,32.200809004436316],[-110.96131332309015,32.20246690069232],[-110.9623984775999,32.20418754232925],[-110.96472192901338,32.20425026737789],[-110.96596015775368,32.20259235407534],[-110.96487497028834,32.20087173277076],[-110.96255158703538,32.200809004436316],[-110.96255158703538,32.200809004436316]]]},"properties":{"h3":"8948e85635bffff","count":2,"c3":0,"c6":0,"c12":0,"c24":2,"score":0.8,"risk":4,"peakDay":"Tuesday","peakTime":"night","hood":"Barrio Santa Rita Park-West Ochoa","bk12":{"morning":0,"afternoon":0,"evening":0,"night":0},"bk24":{"morning":0,"afternoon":0,"evening":0,"night":2},"recent":[{"d":"2025-06-18","day":"Wed","time":"00:56","desc":"Aggravated Assault - Other","res":""},{"d":"2025-04-08","day":"Tue","time":"23:52","desc":"Aggravated Assault - Other","res":""}]}},{"type":"Feature","geometry":{"type":"Polygon","coordinates":[[[-111.19931644591819,32.13087660689036],[-111.19808271475745,32.132537024930535],[-111.19917038022659,32.134255983401104],[-111.20149180909921,32.13431450320683],[-111.20272550440781,32.13265406832693],[-111.20163780669881,32.13093513048108],[-111.19931644591819,32.13087660689036],[-111.19931644591819,32.13087660689036]]]},"properties":{"h3":"8948e81ac77ffff","count":2,"c3":0,"c6":0,"c12":1,"c24":2,"score":1,"risk":4,"peakDay":"Wednesday","peakTime":"night","hood":"Midvale Park","bk12":{"morning":0,"afternoon":0,"evening":1,"night":0},"bk24":{"morning":0,"afternoon":0,"evening":1,"night":1},"recent":[{"d":"2025-10-16","day":"Thu","time":"18:56","desc":"Aggravated Assault - Other","res":""},{"d":"2025-04-09","day":"Wed","time":"03:36","desc":"Aggravated Assault - Other","res":""}]}},{"type":"Feature","geometry":{"type":"Polygon","coordinates":[[[-110.88138151358595,32.22057899262114],[-110.88014174781684,32.22223604412014],[-110.88122599359365,32.223957293726606],[-110.88355003834081,32.224021471600324],[-110.88478976913066,32.22236440298247],[-110.8837054901555,32.22064317360981],[-110.88138151358595,32.22057899262114],[-110.88138151358595,32.22057899262114]]]},"properties":{"h3":"8948e855417ffff","count":2,"c3":0,"c6":0,"c12":1,"c24":2,"score":1,"risk":5,"peakDay":"Wednesday","peakTime":"night","hood":"","bk12":{"morning":0,"afternoon":0,"evening":0,"night":1},"bk24":{"morning":0,"afternoon":0,"evening":0,"night":2},"recent":[{"d":"2025-12-26","day":"Fri","time":"00:12","desc":"Aggravated Assault - Other","res":""},{"d":"2025-04-09","day":"Wed","time":"04:45","desc":"Aggravated Assault - Other","res":""}]}},{"type":"Feature","geometry":{"type":"Polygon","coordinates":[[[-110.99481517020976,32.259172476671104],[-110.99357679608931,32.26083024195345],[-110.99466293172036,32.262550055146626],[-110.9969874743715,32.26261208272431],[-110.9982258131571,32.26095430046102],[-110.99713964462936,32.25923450760107],[-110.99481517020976,32.259172476671104],[-110.99481517020976,32.259172476671104]]]},"properties":{"h3":"8948e854c1bffff","count":4,"c3":0,"c6":0,"c12":2,"c24":4,"score":1.9,"risk":8,"peakDay":"Wednesday","peakTime":"evening","hood":"Flowing Wells","bk12":{"morning":0,"afternoon":0,"evening":0,"night":2},"bk24":{"morning":0,"afternoon":0,"evening":2,"night":2},"recent":[{"d":"2025-10-31","day":"Fri","time":"00:42","desc":"Aggravated Assault - Other","res":""},{"d":"2025-09-22","day":"Mon","time":"23:43","desc":"Aggravated Assault - Other","res":""},{"d":"2025-04-13","day":"Sun","time":"18:36","desc":"Aggravated Assault - Other","res":""},{"d":"2025-04-09","day":"Wed","time":"17:15","desc":"Aggravated Assault - Other","res":""}]}},{"type":"Feature","geometry":{"type":"Polygon","coordinates":[[[-110.96748978193534,32.1688043620222],[-110.96625193868017,32.17046252495249],[-110.96733685980537,32.17218340054406],[-110.96965965711195,32.172246092849285],[-110.97089746516724,32.1705879128597],[-110.96981251111872,32.16886705762427],[-110.96748978193534,32.1688043620222],[-110.96748978193534,32.1688043620222]]]},"properties":{"h3":"8948e8560dbffff","count":10,"c3":0,"c6":0,"c12":0,"c24":10,"score":4.2,"risk":19,"peakDay":"Sunday","peakTime":"morning","hood":"Fairgrounds","bk12":{"morning":0,"afternoon":0,"evening":0,"night":0},"bk24":{"morning":7,"afternoon":0,"evening":1,"night":2},"recent":[{"d":"2025-06-02","day":"Mon","time":"04:07","desc":"Aggravated Assault - Domestic Violence (DV)","res":""},{"d":"2025-06-02","day":"Mon","time":"04:07","desc":"Aggravated Assault - Domestic Violence (DV)","res":""},{"d":"2025-05-25","day":"Sun","time":"06:43","desc":"Aggravated Assault - Other","res":""},{"d":"2025-05-25","day":"Sun","time":"06:43","desc":"Aggravated Assault - Other","res":""},{"d":"2025-05-25","day":"Sun","time":"06:43","desc":"Aggravated Assault - Other","res":""},{"d":"2025-05-25","day":"Sun","time":"06:43","desc":"Aggravated Assault - Other","res":""},{"d":"2025-05-19","day":"Mon","time":"11:00","desc":"Aggravated Assault - Domestic Violence (DV)","res":""},{"d":"2025-05-19","day":"Mon","time":"11:00","desc":"Aggravated Assault - Domestic Violence (DV)","res":""},{"d":"2025-05-04","day":"Sun","time":"21:52","desc":"Aggravated Assault - Other","res":""},{"d":"2025-04-10","day":"Thu","time":"05:48","desc":"Aggravated Assault - Domestic Violence (DV)","res":""}]}},{"type":"Feature","geometry":{"type":"Polygon","coordinates":[[[-110.93251483733661,32.24734814967917],[-110.93127559741832,32.24900545749029],[-110.93236078375648,32.25072597784376],[-110.93468524308368,32.25078917011279],[-110.93592444785669,32.24913184525008],[-110.9348392284507,32.24741134516999],[-110.93251483733661,32.24734814967917],[-110.93251483733661,32.24734814967917]]]},"properties":{"h3":"8948e8542abffff","count":3,"c3":0,"c6":0,"c12":1,"c24":3,"score":1.4,"risk":6,"peakDay":"Thursday","peakTime":"afternoon","hood":"Country Glenn","bk12":{"morning":1,"afternoon":0,"evening":0,"night":0},"bk24":{"morning":1,"afternoon":2,"evening":0,"night":0},"recent":[{"d":"2025-11-01","day":"Sat","time":"08:52","desc":"Aggravated Assault - Other","res":""},{"d":"2025-04-10","day":"Thu","time":"15:17","desc":"Aggravated Assault - Other","res":""},{"d":"2025-04-10","day":"Thu","time":"15:17","desc":"Aggravated Assault - Other","res":""}]}},{"type":"Feature","geometry":{"type":"Polygon","coordinates":[[[-110.99807367255916,32.26433184705566],[-110.99683529519957,32.265989604140515],[-110.99792152304877,32.26770933993231],[-111.00024616115083,32.26777129830561],[-111.0014845031629,32.266113524246016],[-111.00039824242334,32.26439380878794],[-110.99807367255916,32.26433184705566],[-110.99807367255916,32.26433184705566]]]},"properties":{"h3":"8948e854c0fffff","count":3,"c3":0,"c6":0,"c12":2,"c24":3,"score":1.6,"risk":7,"peakDay":"Saturday","peakTime":"afternoon","hood":"Flowing Wells","bk12":{"morning":0,"afternoon":2,"evening":0,"night":0},"bk24":{"morning":0,"afternoon":3,"evening":0,"night":0},"recent":[{"d":"2025-12-13","day":"Sat","time":"15:19","desc":"Aggravated Assault - Domestic Violence (DV)","res":""},{"d":"2025-12-13","day":"Sat","time":"15:19","desc":"Aggravated Assault - Domestic Violence (DV)","res":""},{"d":"2025-04-10","day":"Thu","time":"15:40","desc":"Aggravated Assault - Domestic Violence (DV)","res":""}]}},{"type":"Feature","geometry":{"type":"Polygon","coordinates":[[[-110.96962975235587,32.12149225741899],[-110.96839244838128,32.123150767919704],[-110.96947695545539,32.124872037302815],[-110.97179879939738,32.12493477579946],[-110.9730360681946,32.123276248215255],[-110.97195152823012,32.12155499921794],[-110.96962975235587,32.12149225741899],[-110.96962975235587,32.12149225741899]]]},"properties":{"h3":"8948e8ccadbffff","count":2,"c3":0,"c6":0,"c12":0,"c24":2,"score":0.9,"risk":4,"peakDay":"Thursday","peakTime":"evening","hood":"Barrio Nopal","bk12":{"morning":0,"afternoon":0,"evening":0,"night":0},"bk24":{"morning":1,"afternoon":0,"evening":1,"night":0},"recent":[{"d":"2025-08-16","day":"Sat","time":"09:29","desc":"Aggravated Assault - Domestic Violence (DV)","res":""},{"d":"2025-04-10","day":"Thu","time":"17:00","desc":"Aggravated Assault - Domestic Violence (DV)","res":""}]}},{"type":"Feature","geometry":{"type":"Polygon","coordinates":[[[-110.95266691033117,32.26480382798191],[-110.95142780422981,32.26646118757551],[-110.95251342573452,32.26818135851344],[-110.95483818636382,32.26824414957291],[-110.95607725725024,32.26658677295811],[-110.95499160272524,32.26486662230511],[-110.95266691033117,32.26480382798191],[-110.95266691033117,32.26480382798191]]]},"properties":{"h3":"8948e85433bffff","count":4,"c3":0,"c6":0,"c12":2,"c24":4,"score":1.9,"risk":9,"peakDay":"Thursday","peakTime":"night","hood":"Mountain View","bk12":{"morning":0,"afternoon":1,"evening":0,"night":1},"bk24":{"morning":1,"afternoon":1,"evening":0,"night":2},"recent":[{"d":"2025-10-23","day":"Thu","time":"15:56","desc":"Aggravated Assault - Domestic Violence (DV)","res":""},{"d":"2025-10-05","day":"Sun","time":"03:23","desc":"Aggravated Assault - Other","res":""},{"d":"2025-04-25","day":"Fri","time":"11:30","desc":"Aggravated Assault - Domestic Violence (DV)","res":""},{"d":"2025-04-10","day":"Thu","time":"22:44","desc":"Robbery - Residence","res":""}]}},{"type":"Feature","geometry":{"type":"Polygon","coordinates":[[[-110.91624071494485,32.22153722121432],[-110.9150014925645,32.22319456955661],[-110.91608621764388,32.22491547508311],[-110.91841019820602,32.22497901199663],[-110.91964938550444,32.223321646571726],[-110.91856462732555,32.22160076131599],[-110.91624071494485,32.22153722121432],[-110.91624071494485,32.22153722121432]]]},"properties":{"h3":"8948e854653ffff","count":2,"c3":0,"c6":0,"c12":0,"c24":2,"score":0.8,"risk":4,"peakDay":"Friday","peakTime":"morning","hood":"","bk12":{"morning":0,"afternoon":0,"evening":0,"night":0},"bk24":{"morning":2,"afternoon":0,"evening":0,"night":0},"recent":[{"d":"2025-04-14","day":"Mon","time":"07:13","desc":"Aggravated Assault - Other","res":""},{"d":"2025-04-11","day":"Fri","time":"07:35","desc":"Robbery - Convenience Stores","res":""}]}},{"type":"Feature","geometry":{"type":"Polygon","coordinates":[[[-110.81648450043834,32.19001341927189],[-110.81524403349387,32.191670119506135],[-110.81632711582913,32.19339226098507],[-110.8186506984773,32.1934576820485],[-110.81989113065124,32.191800964612064],[-110.81880801495042,32.19007884331447],[-110.81648450043834,32.19001341927189],[-110.81648450043834,32.19001341927189]]]},"properties":{"h3":"8948e850e37ffff","count":5,"c3":0,"c6":0,"c12":3,"c24":5,"score":2.5,"risk":11,"peakDay":"Tuesday","peakTime":"night","hood":"","bk12":{"morning":0,"afternoon":0,"evening":0,"night":3},"bk24":{"morning":1,"afternoon":1,"evening":0,"night":3},"recent":[{"d":"2025-11-04","day":"Tue","time":"01:26","desc":"Aggravated Assault - Domestic Violence (DV)","res":""},{"d":"2025-11-04","day":"Tue","time":"01:26","desc":"Aggravated Assault - Domestic Violence (DV)","res":""},{"d":"2025-09-29","day":"Mon","time":"01:54","desc":"Robbery - Miscellaneous","res":""},{"d":"2025-06-07","day":"Sat","time":"12:33","desc":"Robbery - Miscellaneous","res":""},{"d":"2025-04-11","day":"Fri","time":"11:57","desc":"Aggravated Assault - Domestic Violence (DV)","res":""}]}},{"type":"Feature","geometry":{"type":"Polygon","coordinates":[[[-110.83309271052651,32.13295718410701],[-110.8318531169841,32.13461442926459],[-110.83293589082115,32.1363369107599],[-110.83525829148904,32.136402126865605],[-110.83649785024647,32.13474486449087],[-110.83541504312389,32.13302240322767],[-110.83309271052651,32.13295718410701],[-110.83309271052651,32.13295718410701]]]},"properties":{"h3":"8948e852e77ffff","count":1,"c3":0,"c6":0,"c12":0,"c24":1,"score":0.4,"risk":2,"peakDay":"Friday","peakTime":"afternoon","hood":"","bk12":{"morning":0,"afternoon":0,"evening":0,"night":0},"bk24":{"morning":0,"afternoon":1,"evening":0,"night":0},"recent":[{"d":"2025-04-11","day":"Fri","time":"15:47","desc":"Aggravated Assault - Other","res":""}]}},{"type":"Feature","geometry":{"type":"Polygon","coordinates":[[[-110.89594566234632,32.207449773827925],[-110.89470626832866,32.209107044707245],[-110.89579058774522,32.210828269909754],[-110.89811433433164,32.21089220397598],[-110.89935369333534,32.209234915985405],[-110.89826934076945,32.20751371103993],[-110.89594566234632,32.207449773827925],[-110.89594566234632,32.207449773827925]]]},"properties":{"h3":"8948e8573cfffff","count":3,"c3":0,"c6":0,"c12":0,"c24":3,"score":1.2,"risk":5,"peakDay":"Saturday","peakTime":"morning","hood":"Toumey Park","bk12":{"morning":0,"afternoon":0,"evening":0,"night":0},"bk24":{"morning":2,"afternoon":1,"evening":0,"night":0},"recent":[{"d":"2025-04-12","day":"Sat","time":"09:33","desc":"Aggravated Assault - Other","res":""},{"d":"2025-04-12","day":"Sat","time":"09:33","desc":"Aggravated Assault - Other","res":""},{"d":"2025-04-11","day":"Fri","time":"16:54","desc":"Aggravated Assault - Other","res":""}]}},{"type":"Feature","geometry":{"type":"Polygon","coordinates":[[[-110.86821707419337,32.20330060931569],[-110.86697728455079,32.20495766777001],[-110.86806119077912,32.20667919615006],[-110.87038491987889,32.2067436458463],[-110.87162467459125,32.20508657025001],[-110.87054073513697,32.203365062099536],[-110.86821707419337,32.20330060931569],[-110.86821707419337,32.20330060931569]]]},"properties":{"h3":"8948e85724fffff","count":2,"c3":0,"c6":0,"c12":0,"c24":2,"score":0.8,"risk":4,"peakDay":"Friday","peakTime":"evening","hood":"Corbett","bk12":{"morning":0,"afternoon":0,"evening":0,"night":0},"bk24":{"morning":0,"afternoon":1,"evening":1,"night":0},"recent":[{"d":"2025-05-01","day":"Thu","time":"13:30","desc":"Aggravated Assault - Other","res":""},{"d":"2025-04-11","day":"Fri","time":"17:25","desc":"Aggravated Assault - Domestic Violence (DV)","res":""}]}},{"type":"Feature","geometry":{"type":"Polygon","coordinates":[[[-110.78701957725147,32.223011369899005],[-110.78577829069889,32.224667579181514],[-110.78686128239589,32.226389712788425],[-110.78918559411684,32.22645561698236],[-110.79042684596561,32.224799390486055],[-110.78934382080014,32.22307727700968],[-110.78701957725147,32.223011369899005],[-110.78701957725147,32.223011369899005]]]},"properties":{"h3":"8948e851933ffff","count":2,"c3":0,"c6":0,"c12":1,"c24":2,"score":0.9,"risk":4,"peakDay":"Saturday","peakTime":"night","hood":"Bonanza","bk12":{"morning":0,"afternoon":1,"evening":0,"night":0},"bk24":{"morning":0,"afternoon":1,"evening":0,"night":1},"recent":[{"d":"2025-09-13","day":"Sat","time":"12:07","desc":"Aggravated Assault - Domestic Violence (DV)","res":""},{"d":"2025-04-12","day":"Sat","time":"04:26","desc":"Aggravated Assault - Other","res":""}]}},{"type":"Feature","geometry":{"type":"Polygon","coordinates":[[[-110.90105764484646,32.24817976758407],[-110.89981789592919,32.24983679562356],[-110.90090266587563,32.25155761194006],[-110.90322721790032,32.25162137997801],[-110.90446693176398,32.24996433485515],[-110.90338212865947,32.248243538777764],[-110.90105764484646,32.24817976758407],[-110.90105764484646,32.24817976758407]]]},"properties":{"h3":"8948e85519bffff","count":1,"c3":0,"c6":0,"c12":0,"c24":1,"score":0.4,"risk":2,"peakDay":"Saturday","peakTime":"morning","hood":"Oak Flower","bk12":{"morning":0,"afternoon":0,"evening":0,"night":0},"bk24":{"morning":1,"afternoon":0,"evening":0,"night":0},"recent":[{"d":"2025-04-12","day":"Sat","time":"06:45","desc":"Aggravated Assault - Other","res":""}]}},{"type":"Feature","geometry":{"type":"Polygon","coordinates":[[[-110.97476336466998,32.162234104388304],[-110.97352570741525,32.16389237610989],[-110.97461066478593,32.16561323917951],[-110.97693331231311,32.165675810159904],[-110.97817093435071,32.16401752138286],[-110.97708594408117,32.16229667868096],[-110.97476336466998,32.162234104388304],[-110.97476336466998,32.162234104388304]]]},"properties":{"h3":"8948e856463ffff","count":1,"c3":0,"c6":0,"c12":0,"c24":1,"score":0.4,"risk":2,"peakDay":"Saturday","peakTime":"afternoon","hood":"Sunnyside","bk12":{"morning":0,"afternoon":0,"evening":0,"night":0},"bk24":{"morning":0,"afternoon":1,"evening":0,"night":0},"recent":[{"d":"2025-04-12","day":"Sat","time":"13:00","desc":"Robbery - Convenience Stores","res":""}]}},{"type":"Feature","geometry":{"type":"Polygon","coordinates":[[[-110.96397030699494,32.24650876866015],[-110.96273157676876,32.24816635575027],[-110.96381717879723,32.249886579733584],[-110.96614154403231,32.249949196319285],[-110.96738023902161,32.24829159220944],[-110.96629460401556,32.24657138853368],[-110.96397030699494,32.24650876866015],[-110.96397030699494,32.24650876866015]]]},"properties":{"h3":"8948e854153ffff","count":1,"c3":0,"c6":0,"c12":0,"c24":1,"score":0.4,"risk":2,"peakDay":"Saturday","peakTime":"afternoon","hood":"Sugar Hill","bk12":{"morning":0,"afternoon":0,"evening":0,"night":0},"bk24":{"morning":0,"afternoon":1,"evening":0,"night":0},"recent":[{"d":"2025-04-12","day":"Sat","time":"13:12","desc":"Robbery - Highway","res":""}]}},{"type":"Feature","geometry":{"type":"Polygon","coordinates":[[[-110.91685861369753,32.20802367131445],[-110.91561954575295,32.20968112013771],[-110.91670415257545,32.21140213890853],[-110.91902786043548,32.21146568857696],[-110.92026689330447,32.20980822266421],[-110.91918225339192,32.20808722417258],[-110.91685861369753,32.20802367131445],[-110.91685861369753,32.20802367131445]]]},"properties":{"h3":"8948e8573b7ffff","count":1,"c3":0,"c6":0,"c12":0,"c24":1,"score":0.4,"risk":2,"peakDay":"Saturday","peakTime":"evening","hood":"Karin Uhlich","bk12":{"morning":0,"afternoon":0,"evening":0,"night":0},"bk24":{"morning":0,"afternoon":0,"evening":1,"night":0},"recent":[{"d":"2025-04-12","day":"Sat","time":"17:00","desc":"Aggravated Assault - Other","res":""}]}},{"type":"Feature","geometry":{"type":"Polygon","coordinates":[[[-110.7780666855094,32.19061721123178],[-110.7768256046306,32.1922735708903],[-110.77790817205697,32.19399607473863],[-110.78023185384023,32.19406219878912],[-110.78147290006088,32.19240582188962],[-110.78039029915932,32.19068333818068],[-110.7780666855094,32.19061721123178],[-110.7780666855094,32.19061721123178]]]},"properties":{"h3":"8948e851dc7ffff","count":3,"c3":0,"c6":0,"c12":0,"c24":3,"score":1.2,"risk":5,"peakDay":"Saturday","peakTime":"night","hood":"Old Spanish Trail","bk12":{"morning":0,"afternoon":0,"evening":0,"night":0},"bk24":{"morning":0,"afternoon":0,"evening":0,"night":3},"recent":[{"d":"2025-04-12","day":"Sat","time":"22:30","desc":"Aggravated Assault - Domestic Violence (DV)","res":""},{"d":"2025-04-12","day":"Sat","time":"22:30","desc":"Aggravated Assault - Domestic Violence (DV)","res":""},{"d":"2025-04-12","day":"Sat","time":"22:30","desc":"Aggravated Assault - Domestic Violence (DV)","res":""}]}},{"type":"Feature","geometry":{"type":"Polygon","coordinates":[[[-110.94440641049047,32.139419222518924],[-110.94316851385494,32.141077390235665],[-110.94425284948527,32.1427987460327],[-110.94657511472646,32.14286191376471],[-110.9478129762474,32.1412037289485],[-110.94672860764464,32.139482393499826],[-110.94440641049047,32.139419222518924],[-110.94440641049047,32.139419222518924]]]},"properties":{"h3":"8948e8cd953ffff","count":3,"c3":0,"c6":0,"c12":1,"c24":3,"score":1.3,"risk":6,"peakDay":"Monday","peakTime":"night","hood":"","bk12":{"morning":0,"afternoon":0,"evening":0,"night":1},"bk24":{"morning":1,"afternoon":0,"evening":0,"night":2},"recent":[{"d":"2025-09-15","day":"Mon","time":"04:58","desc":"Aggravated Assault - Other","res":""},{"d":"2025-05-19","day":"Mon","time":"04:28","desc":"Aggravated Assault - Other","res":""},{"d":"2025-04-14","day":"Mon","time":"06:00","desc":"Aggravated Assault - Other","res":""}]}},{"type":"Feature","geometry":{"type":"Polygon","coordinates":[[[-110.96071368199739,32.241347934168786],[-110.95947495513714,32.243005529394296],[-110.96056046493926,32.244725830576186],[-110.96288473458846,32.244788516225604],[-110.96412342622452,32.24313090397417],[-110.96303788343846,32.24141062309933],[-110.96071368199739,32.241347934168786],[-110.96071368199739,32.241347934168786]]]},"properties":{"h3":"8948e854037ffff","count":2,"c3":0,"c6":0,"c12":0,"c24":2,"score":0.8,"risk":4,"peakDay":"Monday","peakTime":"afternoon","hood":"","bk12":{"morning":0,"afternoon":0,"evening":0,"night":0},"bk24":{"morning":0,"afternoon":2,"evening":0,"night":0},"recent":[{"d":"2025-05-17","day":"Sat","time":"15:52","desc":"Aggravated Assault - Domestic Violence (DV)","res":""},{"d":"2025-04-14","day":"Mon","time":"15:56","desc":"Robbery - Miscellaneous","res":""}]}},{"type":"Feature","geometry":{"type":"Polygon","coordinates":[[[-110.87750646809387,32.22892830514043],[-110.87626655141662,32.2305852639229],[-110.87735082305379,32.2323064771337],[-110.87967504458531,32.23237071133725],[-110.88091492628965,32.2307137354366],[-110.87983062143829,32.22899254245064],[-110.87750646809387,32.22892830514043],[-110.87750646809387,32.22892830514043]]]},"properties":{"h3":"8948e855477ffff","count":1,"c3":0,"c6":0,"c12":0,"c24":1,"score":0.4,"risk":2,"peakDay":"Tuesday","peakTime":"night","hood":"Duffy","bk12":{"morning":0,"afternoon":0,"evening":0,"night":0},"bk24":{"morning":0,"afternoon":0,"evening":0,"night":1},"recent":[{"d":"2025-04-15","day":"Tue","time":"04:50","desc":"Aggravated Assault - Drive-By","res":""}]}},{"type":"Feature","geometry":{"type":"Polygon","coordinates":[[[-111.01740255606424,32.2225726477383],[-111.01616493379142,32.22423086626658],[-111.01725102932035,32.22595078514032],[-111.0195747799364,32.226012465107424],[-111.0208123668307,32.22435422960124],[-111.01972623849038,32.22263433110593],[-111.01740255606424,32.2225726477383],[-111.01740255606424,32.2225726477383]]]},"properties":{"h3":"8948e8568cfffff","count":1,"c3":0,"c6":0,"c12":0,"c24":1,"score":0.4,"risk":2,"peakDay":"Tuesday","peakTime":"morning","hood":"","bk12":{"morning":0,"afternoon":0,"evening":0,"night":0},"bk24":{"morning":1,"afternoon":0,"evening":0,"night":0},"recent":[{"d":"2025-04-15","day":"Tue","time":"09:16","desc":"Aggravated Assault - Domestic Violence (DV)","res":""}]}},{"type":"Feature","geometry":{"type":"Polygon","coordinates":[[[-110.96527904162068,32.371639251323224],[-110.96403899116628,32.37329595897812],[-110.96512578613567,32.37501505325761],[-110.96745266460768,32.375077419645095],[-110.96869267974505,32.37342069504085],[-110.96760585173033,32.37170162099853],[-110.96527904162068,32.371639251323224],[-110.96527904162068,32.371639251323224]]]},"properties":{"h3":"8948e846373ffff","count":6,"c3":0,"c6":0,"c12":3,"c24":6,"score":3,"risk":13,"peakDay":"Tuesday","peakTime":"morning","hood":"Miracle Manor","bk12":{"morning":2,"afternoon":0,"evening":0,"night":1},"bk24":{"morning":4,"afternoon":0,"evening":1,"night":1},"recent":[{"d":"2025-11-18","day":"Tue","time":"11:02","desc":"Aggravated Assault - Other","res":""},{"d":"2025-10-22","day":"Wed","time":"04:30","desc":"Aggravated Assault - Other","res":""},{"d":"2025-08-22","day":"Fri","time":"05:57","desc":"Robbery - Highway","res":""},{"d":"2025-07-31","day":"Thu","time":"18:03","desc":"Aggravated Assault - Other","res":""},{"d":"2025-05-08","day":"Thu","time":"06:35","desc":"Aggravated Assault - Other","res":""},{"d":"2025-04-15","day":"Tue","time":"10:00","desc":"Aggravated Assault - Other","res":""}]}},{"type":"Feature","geometry":{"type":"Polygon","coordinates":[[[-110.94925665348904,32.26302076841463],[-110.94801751218384,32.26467811098254],[-110.94910307103827,32.26639833070409],[-110.95142780422981,32.26646118757551],[-110.95266691033117,32.26480382798191],[-110.95158131844772,32.26308362854266],[-110.94925665348904,32.26302076841463],[-110.94925665348904,32.26302076841463]]]},"properties":{"h3":"8948e85430fffff","count":1,"c3":0,"c6":0,"c12":0,"c24":1,"score":0.4,"risk":2,"peakDay":"Wednesday","peakTime":"morning","hood":"Hedrick Acres","bk12":{"morning":0,"afternoon":0,"evening":0,"night":0},"bk24":{"morning":1,"afternoon":0,"evening":0,"night":0},"recent":[{"d":"2025-04-16","day":"Wed","time":"05:31","desc":"Robbery - Convenience Stores","res":""}]}},{"type":"Feature","geometry":{"type":"Polygon","coordinates":[[[-111.00695243509979,32.14448931929456],[-111.00571548019634,32.14614799269398],[-111.00680070364899,32.14786870044871],[-111.00912291480503,32.14793071439165],[-111.01035983440813,32.1462720239601],[-111.00927457815847,32.144551336617816],[-111.00695243509979,32.14448931929456],[-111.00695243509979,32.14448931929456]]]},"properties":{"h3":"8948e8ccb07ffff","count":2,"c3":0,"c6":0,"c12":0,"c24":2,"score":0.8,"risk":4,"peakDay":"Wednesday","peakTime":"morning","hood":"Midvale Park","bk12":{"morning":0,"afternoon":0,"evening":0,"night":0},"bk24":{"morning":1,"afternoon":1,"evening":0,"night":0},"recent":[{"d":"2025-05-04","day":"Sun","time":"12:10","desc":"Aggravated Assault - Other","res":""},{"d":"2025-04-16","day":"Wed","time":"08:00","desc":"Aggravated Assault - Other","res":""}]}},{"type":"Feature","geometry":{"type":"Polygon","coordinates":[[[-110.9385647686637,32.26780371358029],[-110.93732540594519,32.269460929290275],[-110.93841086564605,32.271181209830345],[-110.94073572113057,32.27124425439239],[-110.94197504867363,32.26958702164837],[-110.94088955591053,32.26786676137641],[-110.9385647686637,32.26780371358029],[-110.9385647686637,32.26780371358029]]]},"properties":{"h3":"8948e855cb7ffff","count":2,"c3":0,"c6":0,"c12":0,"c24":2,"score":0.8,"risk":4,"peakDay":"Wednesday","peakTime":"afternoon","hood":"Richland Heights East","bk12":{"morning":0,"afternoon":0,"evening":0,"night":0},"bk24":{"morning":0,"afternoon":2,"evening":0,"night":0},"recent":[{"d":"2025-04-16","day":"Wed","time":"14:50","desc":"Robbery - Highway","res":""},{"d":"2025-04-16","day":"Wed","time":"14:50","desc":"Robbery - Highway","res":""}]}},{"type":"Feature","geometry":{"type":"Polygon","coordinates":[[[-110.95339998180415,32.17180635106662],[-110.95216188222,32.17346437096637],[-110.9532466419653,32.17518535614283],[-110.95556953426284,32.17524830108033],[-110.95680759868647,32.17359026410847],[-110.95572280597595,32.17186929927129],[-110.95339998180415,32.17180635106662],[-110.95339998180415,32.17180635106662]]]},"properties":{"h3":"8948e856677ffff","count":1,"c3":0,"c6":0,"c12":0,"c24":1,"score":0.4,"risk":2,"peakDay":"Wednesday","peakTime":"evening","hood":"Fairgrounds","bk12":{"morning":0,"afternoon":0,"evening":0,"night":0},"bk24":{"morning":0,"afternoon":0,"evening":1,"night":0},"recent":[{"d":"2025-04-16","day":"Wed","time":"19:12","desc":"Robbery - Highway","res":""}]}},{"type":"Feature","geometry":{"type":"Polygon","coordinates":[[[-111.01603849585098,32.252973957966596],[-111.01480052669916,32.254631950832],[-111.01588688921585,32.25635161343697],[-111.01821125371976,32.256413262817155],[-111.01944918747843,32.25475525298928],[-111.01836279212922,32.25303561074375],[-111.01603849585098,32.252973957966596],[-111.01603849585098,32.252973957966596]]]},"properties":{"h3":"8948e856b47ffff","count":1,"c3":0,"c6":0,"c12":0,"c24":1,"score":0.4,"risk":2,"peakDay":"Thursday","peakTime":"night","hood":"Kevin Dahl","bk12":{"morning":0,"afternoon":0,"evening":0,"night":0},"bk24":{"morning":0,"afternoon":0,"evening":0,"night":1},"recent":[{"d":"2025-04-17","day":"Thu","time":"01:54","desc":"Aggravated Assault - Other","res":""}]}},{"type":"Feature","geometry":{"type":"Polygon","coordinates":[[[-110.85133679353612,32.19099029775688],[-110.85009686805576,32.19264729556144],[-110.8511804309979,32.194369094270314],[-110.85350395269025,32.19443387495626],[-110.85474384329727,32.192776859985614],[-110.85366024708816,32.19105508149519],[-110.85133679353612,32.19099029775688],[-110.85133679353612,32.19099029775688]]]},"properties":{"h3":"8948e850d73ffff","count":12,"c3":0,"c6":0,"c12":6,"c24":12,"score":6.2,"risk":28,"peakDay":"Friday","peakTime":"afternoon","hood":"Terra Del Sol","bk12":{"morning":0,"afternoon":3,"evening":3,"night":0},"bk24":{"morning":0,"afternoon":6,"evening":4,"night":2},"recent":[{"d":"2025-12-17","day":"Wed","time":"19:52","desc":"Aggravated Assault - Other","res":""},{"d":"2025-12-12","day":"Fri","time":"13:58","desc":"Aggravated Assault - Domestic Violence (DV)","res":""},{"d":"2025-11-28","day":"Fri","time":"18:33","desc":"Aggravated Assault - Domestic Violence (DV)","res":""},{"d":"2025-11-28","day":"Fri","time":"18:33","desc":"Aggravated Assault - Domestic Violence (DV)","res":""},{"d":"2025-11-07","day":"Fri","time":"14:30","desc":"Aggravated Assault - Other","res":""},{"d":"2025-09-25","day":"Thu","time":"14:07","desc":"Aggravated Assault - Domestic Violence (DV)","res":""},{"d":"2025-08-02","day":"Sat","time":"12:30","desc":"Aggravated Assault - Domestic Violence (DV)","res":""},{"d":"2025-06-04","day":"Wed","time":"18:00","desc":"Aggravated Assault - Domestic Violence (DV)","res":""},{"d":"2025-05-23","day":"Fri","time":"12:18","desc":"Aggravated Assault - Domestic Violence (DV)","res":""},{"d":"2025-05-16","day":"Fri","time":"12:34","desc":"Aggravated Assault - Other","res":""}]}},{"type":"Feature","geometry":{"type":"Polygon","coordinates":[[[-110.91035752718129,32.27379881795832],[-110.90911765158056,32.27545574550311],[-110.91020278720316,32.277176245037886],[-110.91252783157566,32.277239796793516],[-110.91376767208,32.27558285218907],[-110.91268250331115,32.27386237288873],[-110.91035752718129,32.27379881795832],[-110.91035752718129,32.27379881795832]]]},"properties":{"h3":"8948e855c4bffff","count":1,"c3":0,"c6":0,"c12":0,"c24":1,"score":0.4,"risk":2,"peakDay":"Thursday","peakTime":"night","hood":"","bk12":{"morning":0,"afternoon":0,"evening":0,"night":0},"bk24":{"morning":0,"afternoon":0,"evening":0,"night":1},"recent":[{"d":"2025-04-17","day":"Thu","time":"04:38","desc":"Aggravated Assault - Other","res":""}]}},{"type":"Feature","geometry":{"type":"Polygon","coordinates":[[[-110.9611732793377,32.23121392355746],[-110.95993466823829,32.2328715941937],[-110.96102008919583,32.23459198063715],[-110.96334415423253,32.23465467613108],[-110.96458273011255,32.23299698846377],[-110.96349727617816,32.23127662233368],[-110.9611732793377,32.23121392355746],[-110.9611732793377,32.23121392355746]]]},"properties":{"h3":"8948e8540b3ffff","count":1,"c3":0,"c6":0,"c12":0,"c24":1,"score":0.4,"risk":2,"peakDay":"Thursday","peakTime":"morning","hood":"West University","bk12":{"morning":0,"afternoon":0,"evening":0,"night":0},"bk24":{"morning":1,"afternoon":0,"evening":0,"night":0},"recent":[{"d":"2025-04-17","day":"Thu","time":"05:00","desc":"Aggravated Assault - Domestic Violence (DV)","res":""}]}},{"type":"Feature","geometry":{"type":"Polygon","coordinates":[[[-110.97318875852669,32.119896446890806],[-110.97195152823012,32.12155499921794],[-110.9730360681946,32.123276248215255],[-110.97535787133788,32.12333892449494],[-110.97659506644759,32.12168035508707],[-110.9755104936038,32.11995912648032],[-110.97318875852669,32.119896446890806],[-110.97318875852669,32.119896446890806]]]},"properties":{"h3":"8948e8ccad3ffff","count":2,"c3":0,"c6":0,"c12":0,"c24":2,"score":0.8,"risk":4,"peakDay":"Thursday","peakTime":"morning","hood":"Barrio Nopal","bk12":{"morning":0,"afternoon":0,"evening":0,"night":0},"bk24":{"morning":2,"afternoon":0,"evening":0,"night":0},"recent":[{"d":"2025-05-15","day":"Thu","time":"08:48","desc":"Aggravated Assault - Other","res":""},{"d":"2025-04-17","day":"Thu","time":"06:00","desc":"Aggravated Assault - Other","res":""}]}},{"type":"Feature","geometry":{"type":"Polygon","coordinates":[[[-110.79636254102812,32.17252754142222],[-110.79512194305453,32.17418418862799],[-110.79620458943458,32.175906675981956],[-110.79852786720389,32.17597249596063],[-110.79976843047649,32.17431583152237],[-110.79868575068369,32.172593364338006],[-110.79636254102812,32.17252754142222],[-110.79636254102812,32.17252754142222]]]},"properties":{"h3":"8948e8503a7ffff","count":4,"c3":0,"c6":0,"c12":3,"c24":4,"score":2,"risk":9,"peakDay":"Friday","peakTime":"evening","hood":"","bk12":{"morning":0,"afternoon":0,"evening":3,"night":0},"bk24":{"morning":1,"afternoon":0,"evening":3,"night":0},"recent":[{"d":"2025-09-26","day":"Fri","time":"17:00","desc":"Aggravated Assault - Domestic Violence (DV)","res":""},{"d":"2025-09-26","day":"Fri","time":"17:00","desc":"Aggravated Assault - Domestic Violence (DV)","res":""},{"d":"2025-09-26","day":"Fri","time":"17:00","desc":"Aggravated Assault - Domestic Violence (DV)","res":""},{"d":"2025-04-17","day":"Thu","time":"10:00","desc":"Aggravated Assault - Other","res":""}]}},{"type":"Feature","geometry":{"type":"Polygon","coordinates":[[[-110.79595791989446,32.106524914714896],[-110.7947180217208,32.10818202003126],[-110.7958000463421,32.109905086736326],[-110.7981220025158,32.10997102791798],[-110.79936186602912,32.10831390533172],[-110.79827980803198,32.10659085883376],[-110.79595791989446,32.106524914714896],[-110.79595791989446,32.106524914714896]]]},"properties":{"h3":"8948e852237ffff","count":1,"c3":0,"c6":0,"c12":0,"c24":1,"score":0.4,"risk":2,"peakDay":"Thursday","peakTime":"afternoon","hood":"Rita Ranch","bk12":{"morning":0,"afternoon":0,"evening":0,"night":0},"bk24":{"morning":0,"afternoon":1,"evening":0,"night":0},"recent":[{"d":"2025-04-17","day":"Thu","time":"14:39","desc":"Aggravated Assault - Peace Officer (Non-Serious Injury)","res":""}]}},{"type":"Feature","geometry":{"type":"Polygon","coordinates":[[[-110.87053398285484,32.2287353367758],[-110.86929395761035,32.230392236091475],[-110.87037813325502,32.232113518059826],[-110.87270236738102,32.23217788049508],[-110.87394235767313,32.23052096405396],[-110.87285814879453,32.228799702303085],[-110.87053398285484,32.2287353367758],[-110.87053398285484,32.2287353367758]]]},"properties":{"h3":"8948e85547bffff","count":1,"c3":0,"c6":0,"c12":0,"c24":1,"score":0.4,"risk":2,"peakDay":"Friday","peakTime":"morning","hood":"Mitman","bk12":{"morning":0,"afternoon":0,"evening":0,"night":0},"bk24":{"morning":1,"afternoon":0,"evening":0,"night":0},"recent":[{"d":"2025-04-18","day":"Fri","time":"08:52","desc":"Aggravated Assault - Other","res":""}]}},{"type":"Feature","geometry":{"type":"Polygon","coordinates":[[[-110.83367544736419,32.19557126797163],[-110.83243519304786,32.197228079336156],[-110.8335185600084,32.19895000724673],[-110.83584221460805,32.19901510359612],[-110.83708243410008,32.19735827505003],[-110.8359990338197,32.1956363673362],[-110.83367544736419,32.19557126797163],[-110.83367544736419,32.19557126797163]]]},"properties":{"h3":"8948e850817ffff","count":1,"c3":0,"c6":0,"c12":0,"c24":1,"score":0.4,"risk":2,"peakDay":"Friday","peakTime":"morning","hood":"Dietz","bk12":{"morning":0,"afternoon":0,"evening":0,"night":0},"bk24":{"morning":1,"afternoon":0,"evening":0,"night":0},"recent":[{"d":"2025-04-18","day":"Fri","time":"11:22","desc":"Aggravated Assault - Domestic Violence (DV)","res":""}]}},{"type":"Feature","geometry":{"type":"Polygon","coordinates":[[[-110.91097639646003,32.26028857175627],[-110.90973667545383,32.261945600500624],[-110.91082169273382,32.26366621394483],[-110.91314646415962,32.26372977840191],[-110.91438615007581,32.26207273259103],[-110.91330109965911,32.260352139389674],[-110.91097639646003,32.26028857175627],[-110.91097639646003,32.26028857175627]]]},"properties":{"h3":"8948e8551afffff","count":6,"c3":0,"c6":0,"c12":1,"c24":6,"score":2.7,"risk":12,"peakDay":"Saturday","peakTime":"morning","hood":"North Dodge","bk12":{"morning":1,"afternoon":0,"evening":0,"night":0},"bk24":{"morning":4,"afternoon":1,"evening":1,"night":0},"recent":[{"d":"2025-10-25","day":"Sat","time":"11:38","desc":"Aggravated Assault - Other","res":""},{"d":"2025-08-16","day":"Sat","time":"16:23","desc":"Aggravated Assault - Other","res":""},{"d":"2025-06-03","day":"Tue","time":"06:38","desc":"Aggravated Assault - Domestic Violence (DV)","res":""},{"d":"2025-06-03","day":"Tue","time":"06:38","desc":"Aggravated Assault - Domestic Violence (DV)","res":""},{"d":"2025-05-10","day":"Sat","time":"19:08","desc":"Aggravated Assault - Other","res":""},{"d":"2025-04-18","day":"Fri","time":"11:30","desc":"Aggravated Assault - Other","res":""}]}},{"type":"Feature","geometry":{"type":"Polygon","coordinates":[[[-110.98580371557891,32.22680299543216],[-110.98456554407821,32.22846091070928],[-110.98565125490231,32.2301810980593],[-110.9879751701341,32.23024334979001],[-110.98921330634609,32.22858541750472],[-110.9881275626179,32.226865250496935],[-110.98580371557891,32.22680299543216],[-110.98580371557891,32.22680299543216]]]},"properties":{"h3":"8948e8545afffff","count":4,"c3":0,"c6":0,"c12":0,"c24":4,"score":1.7,"risk":8,"peakDay":"Friday","peakTime":"evening","hood":"Menlo Park","bk12":{"morning":0,"afternoon":0,"evening":0,"night":0},"bk24":{"morning":1,"afternoon":1,"evening":2,"night":0},"recent":[{"d":"2025-06-20","day":"Fri","time":"15:20","desc":"Aggravated Assault - Domestic Violence (DV)","res":""},{"d":"2025-06-13","day":"Fri","time":"09:00","desc":"Aggravated Assault - Other","res":""},{"d":"2025-04-18","day":"Fri","time":"19:42","desc":"Aggravated Assault - Domestic Violence (DV)","res":""},{"d":"2025-04-18","day":"Fri","time":"19:42","desc":"Aggravated Assault - Domestic Violence (DV)","res":""}]}},{"type":"Feature","geometry":{"type":"Polygon","coordinates":[[[-110.87688383324543,32.242440671729206],[-110.87564376194818,32.24409752956203],[-110.87672815174395,32.24581862939198],[-110.8790526460636,32.24588285117272],[-110.88029268238158,32.244225976228584],[-110.87920825936209,32.24250489661508],[-110.87688383324543,32.242440671729206],[-110.87688383324543,32.242440671729206]]]},"properties":{"h3":"8948e855013ffff","count":4,"c3":0,"c6":0,"c12":1,"c24":4,"score":1.8,"risk":8,"peakDay":"Saturday","peakTime":"night","hood":"Avondale","bk12":{"morning":0,"afternoon":0,"evening":0,"night":1},"bk24":{"morning":2,"afternoon":0,"evening":0,"night":2},"recent":[{"d":"2025-10-25","day":"Sat","time":"01:40","desc":"Aggravated Assault - Other","res":""},{"d":"2025-05-19","day":"Mon","time":"10:49","desc":"Aggravated Assault - Domestic Violence (DV)","res":""},{"d":"2025-05-19","day":"Mon","time":"10:49","desc":"Aggravated Assault - Domestic Violence (DV)","res":""},{"d":"2025-04-19","day":"Sat","time":"01:46","desc":"Aggravated Assault - Domestic Violence (DV)","res":""}]}},{"type":"Feature","geometry":{"type":"Polygon","coordinates":[[[-110.8541187288054,32.206291601109186],[-110.85287868360082,32.20794851549595],[-110.85396242730997,32.209670152980756],[-110.85628624949439,32.20973485586621],[-110.85752625980827,32.20807792432473],[-110.85644248283133,32.20635630705259],[-110.8541187288054,32.206291601109186],[-110.8541187288054,32.206291601109186]]]},"properties":{"h3":"8948e850913ffff","count":2,"c3":0,"c6":0,"c12":0,"c24":2,"score":0.8,"risk":4,"peakDay":"Saturday","peakTime":"night","hood":"Paul Cunningham","bk12":{"morning":0,"afternoon":0,"evening":0,"night":0},"bk24":{"morning":1,"afternoon":0,"evening":0,"night":1},"recent":[{"d":"2025-05-23","day":"Fri","time":"11:19","desc":"Robbery - Commercial House","res":""},{"d":"2025-04-19","day":"Sat","time":"03:20","desc":"Aggravated Assault - Other","res":""}]}},{"type":"Feature","geometry":{"type":"Polygon","coordinates":[[[-111.00589012844533,32.16814387468397],[-111.0046529040671,32.1698023743639],[-111.00573833482096,32.17152288473314],[-111.00806102276937,32.17158487502491],[-111.00929821183594,32.16992635832493],[-111.00821274826865,32.1682058683533],[-111.00589012844533,32.16814387468397],[-111.00589012844533,32.16814387468397]]]},"properties":{"h3":"8948e856507ffff","count":3,"c3":0,"c6":0,"c12":1,"c24":3,"score":1.5,"risk":7,"peakDay":"Saturday","peakTime":"night","hood":"","bk12":{"morning":0,"afternoon":0,"evening":0,"night":1},"bk24":{"morning":1,"afternoon":0,"evening":0,"night":2},"recent":[{"d":"2025-12-14","day":"Sun","time":"00:15","desc":"Aggravated Assault - Domestic Violence (DV)","res":""},{"d":"2025-06-20","day":"Fri","time":"00:47","desc":"Aggravated Assault - Domestic Violence (DV)","res":""},{"d":"2025-04-19","day":"Sat","time":"05:18","desc":"Aggravated Assault - Domestic Violence (DV)","res":""}]}},{"type":"Feature","geometry":{"type":"Polygon","coordinates":[[[-110.9484576752456,32.20381029541429],[-110.9472191548754,32.2054680483553],[-110.94830414786408,32.20718879958283],[-110.9506276942234,32.207251777553914],[-110.95186617942812,32.20559400755353],[-110.95078115344192,32.20387327664152],[-110.9484576752456,32.20381029541429],[-110.9484576752456,32.20381029541429]]]},"properties":{"h3":"8948e8544d7ffff","count":2,"c3":0,"c6":0,"c12":0,"c24":2,"score":0.8,"risk":4,"peakDay":"Sunday","peakTime":"night","hood":"South Park","bk12":{"morning":0,"afternoon":0,"evening":0,"night":0},"bk24":{"morning":0,"afternoon":0,"evening":1,"night":1},"recent":[{"d":"2025-05-31","day":"Sat","time":"17:00","desc":"Aggravated Assault - Other","res":""},{"d":"2025-04-20","day":"Sun","time":"00:00","desc":"Aggravated Assault - Domestic Violence (DV)","res":""}]}},{"type":"Feature","geometry":{"type":"Polygon","coordinates":[[[-110.97048438701984,32.25682974267308],[-110.96924565009756,32.258487313434685],[-110.97033143659293,32.26020738290066],[-110.97265599297833,32.26026986129652],[-110.97389469463837,32.258612273527625],[-110.97280887517813,32.256892224370226],[-110.97048438701984,32.25682974267308],[-110.97048438701984,32.25682974267308]]]},"properties":{"h3":"8948e854163ffff","count":5,"c3":0,"c6":0,"c12":1,"c24":5,"score":2.3,"risk":10,"peakDay":"Sunday","peakTime":"afternoon","hood":"Balboa Heights","bk12":{"morning":0,"afternoon":1,"evening":0,"night":0},"bk24":{"morning":1,"afternoon":3,"evening":1,"night":0},"recent":[{"d":"2025-08-30","day":"Sat","time":"13:00","desc":"Aggravated Assault - Domestic Violence (DV)","res":""},{"d":"2025-07-16","day":"Wed","time":"17:28","desc":"Aggravated Assault - Domestic Violence (DV)","res":""},{"d":"2025-06-23","day":"Mon","time":"14:18","desc":"Aggravated Assault - Other","res":""},{"d":"2025-06-20","day":"Fri","time":"16:30","desc":"Aggravated Assault - Domestic Violence (DV)","res":""},{"d":"2025-04-20","day":"Sun","time":"10:00","desc":"Aggravated Assault - Other","res":""}]}},{"type":"Feature","geometry":{"type":"Polygon","coordinates":[[[-110.97445795596448,32.168992320894624],[-110.97322022165237,32.170650542842736],[-110.97430523820486,32.17237134951128],[-110.97662802197594,32.17243391386829],[-110.9778657210677,32.17077567486818],[-110.97678067161162,32.16905488856312],[-110.97445795596448,32.168992320894624],[-110.97445795596448,32.168992320894624]]]},"properties":{"h3":"8948e8560d7ffff","count":2,"c3":0,"c6":0,"c12":0,"c24":2,"score":0.8,"risk":4,"peakDay":"Sunday","peakTime":"afternoon","hood":"","bk12":{"morning":0,"afternoon":0,"evening":0,"night":0},"bk24":{"morning":0,"afternoon":2,"evening":0,"night":0},"recent":[{"d":"2025-04-20","day":"Sun","time":"12:17","desc":"Aggravated Assault - Peace Officer (Non-Serious Injury)","res":""},{"d":"2025-04-20","day":"Sun","time":"12:17","desc":"Aggravated Assault - Peace Officer (Non-Serious Injury)","res":""}]}},{"type":"Feature","geometry":{"type":"Polygon","coordinates":[[[-110.99323195778233,32.21685503386078],[-110.99199401107913,32.218513083373615],[-110.9930797284297,32.22023328682653],[-110.99540342536353,32.22029542041076],[-110.99664133676235,32.2186373538919],[-110.9955555865346,32.216917170794915],[-110.99323195778233,32.21685503386078],[-110.99323195778233,32.21685503386078]]]},"properties":{"h3":"8948e856e47ffff","count":1,"c3":0,"c6":0,"c12":0,"c24":1,"score":0.4,"risk":2,"peakDay":"Monday","peakTime":"night","hood":"Downtown","bk12":{"morning":0,"afternoon":0,"evening":0,"night":0},"bk24":{"morning":0,"afternoon":0,"evening":0,"night":1},"recent":[{"d":"2025-04-21","day":"Mon","time":"01:00","desc":"Aggravated Assault - Other","res":""}]}},{"type":"Feature","geometry":{"type":"Polygon","coordinates":[[[-110.86062165999559,32.21662105862059],[-110.85938160727672,32.21827795694539],[-110.86046553555805,32.21999944101522],[-110.86278954981633,32.22006400654657],[-110.86402956761921,32.21840709107948],[-110.86294560608266,32.21668562722339],[-110.86062165999559,32.21662105862059],[-110.86062165999559,32.21662105862059]]]},"properties":{"h3":"8948e850923ffff","count":1,"c3":0,"c6":0,"c12":0,"c24":1,"score":0.4,"risk":2,"peakDay":"Monday","peakTime":"night","hood":"Colonia Del Valle","bk12":{"morning":0,"afternoon":0,"evening":0,"night":0},"bk24":{"morning":0,"afternoon":0,"evening":0,"night":1},"recent":[{"d":"2025-04-21","day":"Mon","time":"02:20","desc":"Aggravated Assault - Domestic Violence (DV)","res":""}]}},{"type":"Feature","geometry":{"type":"Polygon","coordinates":[[[-110.90756673319976,32.258504296471926],[-110.9063269771146,32.26016130814531],[-110.90741193166748,32.261881970279724],[-110.90973667545383,32.261945600500624],[-110.91097639646003,32.26028857175627],[-110.90989140876175,32.25856792986205],[-110.90756673319976,32.258504296471926],[-110.90756673319976,32.258504296471926]]]},"properties":{"h3":"8948e8551abffff","count":3,"c3":0,"c6":0,"c12":2,"c24":3,"score":1.5,"risk":7,"peakDay":"Monday","peakTime":"night","hood":"North Dodge","bk12":{"morning":0,"afternoon":0,"evening":1,"night":1},"bk24":{"morning":0,"afternoon":0,"evening":1,"night":2},"recent":[{"d":"2025-10-18","day":"Sat","time":"19:34","desc":"Aggravated Assault - Other","res":""},{"d":"2025-10-15","day":"Wed","time":"04:47","desc":"Aggravated Assault - Other","res":""},{"d":"2025-04-21","day":"Mon","time":"02:30","desc":"Aggravated Assault - Other","res":""}]}},{"type":"Feature","geometry":{"type":"Polygon","coordinates":[[[-110.94504926107402,32.20202646899213],[-110.94381070554935,32.203684204869255],[-110.94489563594547,32.20540500470725],[-110.9472191548754,32.2054680483553],[-110.9484576752456,32.20381029541429],[-110.94737271184326,32.2020895158892],[-110.94504926107402,32.20202646899213],[-110.94504926107402,32.20202646899213]]]},"properties":{"h3":"8948e8544d3ffff","count":1,"c3":0,"c6":0,"c12":0,"c24":1,"score":0.4,"risk":2,"peakDay":"Monday","peakTime":"morning","hood":"South Park","bk12":{"morning":0,"afternoon":0,"evening":0,"night":0},"bk24":{"morning":1,"afternoon":0,"evening":0,"night":0},"recent":[{"d":"2025-04-21","day":"Mon","time":"07:02","desc":"Aggravated Assault - Domestic Violence (DV)","res":""}]}},{"type":"Feature","geometry":{"type":"Polygon","coordinates":[[[-110.9922586907124,32.16101279756117],[-110.99102132519792,32.16267122911582],[-110.99210650615768,32.164391933919596],[-110.99442908548306,32.16445418678163],[-110.99566641573006,32.16279573818888],[-110.99458120192203,32.161075053772265],[-110.9922586907124,32.16101279756117],[-110.9922586907124,32.16101279756117]]]},"properties":{"h3":"8948e8565cbffff","count":4,"c3":0,"c6":0,"c12":1,"c24":4,"score":1.9,"risk":8,"peakDay":"Wednesday","peakTime":"afternoon","hood":"Midvale Park","bk12":{"morning":0,"afternoon":1,"evening":0,"night":0},"bk24":{"morning":0,"afternoon":4,"evening":0,"night":0},"recent":[{"d":"2025-10-11","day":"Sat","time":"15:33","desc":"Aggravated Assault - Other","res":""},{"d":"2025-08-13","day":"Wed","time":"12:31","desc":"Aggravated Assault - Peace Officer (Non-Serious Injury)","res":""},{"d":"2025-04-30","day":"Wed","time":"14:56","desc":"Robbery - Miscellaneous","res":""},{"d":"2025-04-21","day":"Mon","time":"15:24","desc":"Aggravated Assault - Domestic Violence (DV)","res":""}]}},{"type":"Feature","geometry":{"type":"Polygon","coordinates":[[[-110.87982590378786,32.25435959382113],[-110.87858575148462,32.25601639292887],[-110.87967029269758,32.25773735899479],[-110.88199501943889,32.25780150574027],[-110.88323513674705,32.25614468953084],[-110.88215056231189,32.25442374367769],[-110.87982590378786,32.25435959382113],[-110.87982590378786,32.25435959382113]]]},"properties":{"h3":"8948e85502bffff","count":1,"c3":0,"c6":0,"c12":0,"c24":1,"score":0.4,"risk":2,"peakDay":"Monday","peakTime":"night","hood":"","bk12":{"morning":0,"afternoon":0,"evening":0,"night":0},"bk24":{"morning":0,"afternoon":0,"evening":0,"night":1},"recent":[{"d":"2025-04-21","day":"Mon","time":"22:20","desc":"Aggravated Assault - Domestic Violence (DV)","res":""}]}},{"type":"Feature","geometry":{"type":"Polygon","coordinates":[[[-111.01959670963289,32.095761320093196],[-111.01836047609251,32.09742043963981],[-111.01944541303068,32.0991414512064],[-111.0217666162455,32.0992033227722],[-111.02300281447835,32.097544186179285],[-111.0219178448068,32.09582319506694],[-111.01959670963289,32.095761320093196],[-111.01959670963289,32.095761320093196]]]},"properties":{"h3":"8948e8ccca7ffff","count":2,"c3":0,"c6":0,"c12":0,"c24":2,"score":0.8,"risk":4,"peakDay":"Tuesday","peakTime":"night","hood":"A Mountain","bk12":{"morning":0,"afternoon":0,"evening":0,"night":0},"bk24":{"morning":0,"afternoon":0,"evening":0,"night":2},"recent":[{"d":"2025-04-22","day":"Tue","time":"00:30","desc":"Aggravated Assault - Domestic Violence (DV)","res":""},{"d":"2025-04-22","day":"Tue","time":"00:30","desc":"Aggravated Assault - Domestic Violence (DV)","res":""}]}},{"type":"Feature","geometry":{"type":"Polygon","coordinates":[[[-110.91531359542246,32.2418059416754],[-110.91407414131707,32.24346313895602],[-110.91515904382933,32.24518387428752],[-110.91748343356369,32.245247392080366],[-110.91872285257757,32.24359017772745],[-110.91763791695155,32.24186946265405],[-110.91531359542246,32.2418059416754],[-110.91531359542246,32.2418059416754]]]},"properties":{"h3":"8948e8542cbffff","count":1,"c3":0,"c6":0,"c12":0,"c24":1,"score":0.4,"risk":2,"peakDay":"Tuesday","peakTime":"night","hood":"Palo Verde ","bk12":{"morning":0,"afternoon":0,"evening":0,"night":0},"bk24":{"morning":0,"afternoon":0,"evening":0,"night":1},"recent":[{"d":"2025-04-22","day":"Tue","time":"01:30","desc":"Aggravated Assault - Domestic Violence (DV)","res":""}]}},{"type":"Feature","geometry":{"type":"Polygon","coordinates":[[[-110.98147872958639,32.245288462265975],[-110.98024029139418,32.2469462098853],[-110.98132611747218,32.24866627536935],[-110.98365041467216,32.24872857290716],[-110.98488881757699,32.24707080828547],[-110.98380295857211,32.245350763128386],[-110.98147872958639,32.245288462265975],[-110.98147872958639,32.245288462265975]]]},"properties":{"h3":"8948e8541bbffff","count":1,"c3":0,"c6":0,"c12":0,"c24":1,"score":0.4,"risk":2,"peakDay":"Tuesday","peakTime":"night","hood":"","bk12":{"morning":0,"afternoon":0,"evening":0,"night":0},"bk24":{"morning":0,"afternoon":0,"evening":0,"night":1},"recent":[{"d":"2025-04-22","day":"Tue","time":"04:40","desc":"Aggravated Assault - Domestic Violence (DV)","res":""}]}},{"type":"Feature","geometry":{"type":"Polygon","coordinates":[[[-110.97079026099875,32.25007430120566],[-110.9695516012574,32.251731922330706],[-110.97063732848817,32.25345204876732],[-110.97296174842337,32.253514533766136],[-110.97420037290574,32.251856895630354],[-110.97311461271481,32.25013678950655],[-110.97079026099875,32.25007430120566],[-110.97079026099875,32.25007430120566]]]},"properties":{"h3":"8948e85410bffff","count":12,"c3":0,"c6":0,"c12":2,"c24":12,"score":5.4,"risk":24,"peakDay":"Tuesday","peakTime":"evening","hood":"Keeling","bk12":{"morning":1,"afternoon":1,"evening":0,"night":0},"bk24":{"morning":3,"afternoon":3,"evening":4,"night":2},"recent":[{"d":"2025-09-09","day":"Tue","time":"06:23","desc":"Aggravated Assault - Domestic Violence (DV)","res":""},{"d":"2025-09-01","day":"Mon","time":"14:48","desc":"Aggravated Assault - Domestic Violence (DV)","res":""},{"d":"2025-07-17","day":"Thu","time":"14:46","desc":"Robbery - Residence","res":""},{"d":"2025-07-10","day":"Thu","time":"22:56","desc":"Aggravated Assault - Other","res":""},{"d":"2025-07-10","day":"Thu","time":"22:56","desc":"Aggravated Assault - Other","res":""},{"d":"2025-07-06","day":"Sun","time":"19:30","desc":"Robbery - Highway","res":""},{"d":"2025-06-10","day":"Tue","time":"16:57","desc":"Aggravated Assault - Other","res":""},{"d":"2025-06-02","day":"Mon","time":"19:57","desc":"Aggravated Assault - Other","res":""},{"d":"2025-05-02","day":"Fri","time":"17:00","desc":"Aggravated Assault - Other","res":""},{"d":"2025-05-02","day":"Fri","time":"17:00","desc":"Aggravated Assault - Other","res":""}]}},{"type":"Feature","geometry":{"type":"Polygon","coordinates":[[[-110.96661499759408,32.26517995216076],[-110.96537610962669,32.266837430285555],[-110.96646192241232,32.26855746303678],[-110.96878665614896,32.26861999736366],[-110.97002550886037,32.266962502232225],[-110.96893966309406,32.26524248978062],[-110.96661499759408,32.26517995216076],[-110.96661499759408,32.26517995216076]]]},"properties":{"h3":"8948e854ec3ffff","count":7,"c3":0,"c6":0,"c12":0,"c24":7,"score":3,"risk":13,"peakDay":"Tuesday","peakTime":"morning","hood":"Amphi","bk12":{"morning":0,"afternoon":0,"evening":0,"night":0},"bk24":{"morning":4,"afternoon":2,"evening":0,"night":1},"recent":[{"d":"2025-08-01","day":"Fri","time":"05:38","desc":"Aggravated Assault - Domestic Violence (DV)","res":""},{"d":"2025-05-31","day":"Sat","time":"09:43","desc":"Aggravated Assault - Domestic Violence (DV)","res":""},{"d":"2025-05-31","day":"Sat","time":"09:43","desc":"Aggravated Assault - Domestic Violence (DV)","res":""},{"d":"2025-05-13","day":"Tue","time":"02:59","desc":"Aggravated Assault - Other","res":""},{"d":"2025-04-27","day":"Sun","time":"14:02","desc":"Aggravated Assault - Peace Officer (Non-Serious Injury)","res":""},{"d":"2025-04-27","day":"Sun","time":"14:02","desc":"Aggravated Assault - Peace Officer (Non-Serious Injury)","res":""},{"d":"2025-04-22","day":"Tue","time":"10:29","desc":"Aggravated Assault - Other","res":""}]}},{"type":"Feature","geometry":{"type":"Polygon","coordinates":[[[-110.90462180388207,32.24658646840942],[-110.90338212865947,32.248243538777764],[-110.90446693176398,32.24996433485515],[-110.90679144324098,32.250028040320366],[-110.90803108340046,32.24837095287139],[-110.90694624714895,32.24665017703791],[-110.90462180388207,32.24658646840942],[-110.90462180388207,32.24658646840942]]]},"properties":{"h3":"8948e855193ffff","count":1,"c3":0,"c6":0,"c12":0,"c24":1,"score":0.4,"risk":2,"peakDay":"Wednesday","peakTime":"afternoon","hood":"Oak Flower","bk12":{"morning":0,"afternoon":0,"evening":0,"night":0},"bk24":{"morning":0,"afternoon":1,"evening":0,"night":0},"recent":[{"d":"2025-04-23","day":"Wed","time":"15:50","desc":"Aggravated Assault - Other","res":""}]}},{"type":"Feature","geometry":{"type":"Polygon","coordinates":[[[-110.8644975930582,32.208271717239505],[-110.86325769120717,32.2099287082451],[-110.86434159371196,32.21165022861135],[-110.86666543131011,32.21171473774934],[-110.86790529823887,32.210057729600734],[-110.86682136249465,32.2083362294572],[-110.8644975930582,32.208271717239505],[-110.8644975930582,32.208271717239505]]]},"properties":{"h3":"8948e8509a3ffff","count":1,"c3":0,"c6":0,"c12":0,"c24":1,"score":0.4,"risk":2,"peakDay":"Wednesday","peakTime":"evening","hood":"Colonia Del Valle","bk12":{"morning":0,"afternoon":0,"evening":0,"night":0},"bk24":{"morning":0,"afternoon":0,"evening":1,"night":0},"recent":[{"d":"2025-04-23","day":"Wed","time":"18:10","desc":"Robbery - Highway","res":""}]}},{"type":"Feature","geometry":{"type":"Polygon","coordinates":[[[-110.92800854109893,32.193105623283124],[-110.92676980996785,32.19476327377344],[-110.92785442732998,32.196484316491656],[-110.93017780887583,32.19654768841985],[-110.93141650490773,32.19489002084316],[-110.93033185449586,32.1931689984247],[-110.92800854109893,32.193105623283124],[-110.92800854109893,32.193105623283124]]]},"properties":{"h3":"8948e85718bffff","count":2,"c3":0,"c6":0,"c12":0,"c24":2,"score":0.8,"risk":4,"peakDay":"Thursday","peakTime":"morning","hood":"Pueblo Gardens","bk12":{"morning":0,"afternoon":0,"evening":0,"night":0},"bk24":{"morning":2,"afternoon":0,"evening":0,"night":0},"recent":[{"d":"2025-04-24","day":"Thu","time":"05:00","desc":"Aggravated Assault - Domestic Violence (DV)","res":""},{"d":"2025-04-24","day":"Thu","time":"05:00","desc":"Aggravated Assault - Domestic Violence (DV)","res":""}]}},{"type":"Feature","geometry":{"type":"Polygon","coordinates":[[[-110.86634587072996,32.243840123097016],[-110.86510561722757,32.24549687903647],[-110.86618987775084,32.24721806785518],[-110.86851442503401,32.24728248053018],[-110.86975464358719,32.24562570746941],[-110.86867034980934,32.24390453885499],[-110.86634587072996,32.243840123097016],[-110.86634587072996,32.243840123097016]]]},"properties":{"h3":"8948e855053ffff","count":2,"c3":0,"c6":0,"c12":1,"c24":2,"score":1,"risk":5,"peakDay":"Thursday","peakTime":"morning","hood":"","bk12":{"morning":1,"afternoon":0,"evening":0,"night":0},"bk24":{"morning":2,"afternoon":0,"evening":0,"night":0},"recent":[{"d":"2025-12-19","day":"Fri","time":"06:07","desc":"Aggravated Assault - Domestic Violence (DV)","res":""},{"d":"2025-04-24","day":"Thu","time":"10:07","desc":"Aggravated Assault - Other","res":""}]}},{"type":"Feature","geometry":{"type":"Polygon","coordinates":[[[-110.90648293203179,32.282146883947746],[-110.90524290537002,32.28380371841493],[-110.90632806701144,32.28552418115485],[-110.90865328847957,32.285587789202204],[-110.90989328005124,32.28393093767601],[-110.90880808524777,32.28221049516157],[-110.90648293203179,32.282146883947746],[-110.90648293203179,32.282146883947746]]]},"properties":{"h3":"8948e855eabffff","count":6,"c3":0,"c6":0,"c12":4,"c24":6,"score":3,"risk":13,"peakDay":"Thursday","peakTime":"afternoon","hood":"Dodge Flower","bk12":{"morning":0,"afternoon":3,"evening":1,"night":0},"bk24":{"morning":1,"afternoon":4,"evening":1,"night":0},"recent":[{"d":"2025-10-04","day":"Sat","time":"14:06","desc":"Aggravated Assault - Other","res":""},{"d":"2025-10-01","day":"Wed","time":"21:05","desc":"Aggravated Assault - Other","res":""},{"d":"2025-09-14","day":"Sun","time":"13:51","desc":"Aggravated Assault - Other","res":""},{"d":"2025-08-23","day":"Sat","time":"16:17","desc":"Aggravated Assault - Other","res":""},{"d":"2025-07-31","day":"Thu","time":"06:06","desc":"Aggravated Assault - Other","res":""},{"d":"2025-04-24","day":"Thu","time":"15:50","desc":"Aggravated Assault - Peace Officer (Non-Serious Injury)","res":""}]}},{"type":"Feature","geometry":{"type":"Polygon","coordinates":[[[-110.8549306075482,32.11326331614436],[-110.85369157030095,32.11492088874028],[-110.85477445530641,32.11664333259079],[-110.85709641077412,32.11670818357837],[-110.85833541318425,32.11505059377655],[-110.85725249496667,32.11332817019314],[-110.8549306075482,32.11326331614436],[-110.8549306075482,32.11326331614436]]]},"properties":{"h3":"8948e852c1bffff","count":1,"c3":0,"c6":0,"c12":0,"c24":1,"score":0.4,"risk":2,"peakDay":"Thursday","peakTime":"evening","hood":"","bk12":{"morning":0,"afternoon":0,"evening":0,"night":0},"bk24":{"morning":0,"afternoon":0,"evening":1,"night":0},"recent":[{"d":"2025-04-24","day":"Thu","time":"18:18","desc":"Aggravated Assault - Other","res":""}]}},{"type":"Feature","geometry":{"type":"Polygon","coordinates":[[[-110.97908635987959,32.14374178809691],[-110.97784896894753,32.14540022593205],[-110.97893381127857,32.1471212094341],[-110.98125607742061,32.147183734718],[-110.98249343313414,32.14552527982155],[-110.98140855792705,32.14380431670257],[-110.97908635987959,32.14374178809691],[-110.97908635987959,32.14374178809691]]]},"properties":{"h3":"8948e85649bffff","count":1,"c3":0,"c6":0,"c12":0,"c24":1,"score":0.4,"risk":2,"peakDay":"Friday","peakTime":"morning","hood":"Sunnyside","bk12":{"morning":0,"afternoon":0,"evening":0,"night":0},"bk24":{"morning":1,"afternoon":0,"evening":0,"night":0},"recent":[{"d":"2025-04-25","day":"Fri","time":"11:27","desc":"Aggravated Assault - Other","res":""}]}},{"type":"Feature","geometry":{"type":"Polygon","coordinates":[[[-110.87178045121144,32.20170796136568],[-110.87054073513697,32.203365062099536],[-110.87162467459125,32.20508657025001],[-110.87394836333776,32.20515095743239],[-110.87518804447252,32.20349383955935],[-110.87410407180333,32.201772351643186],[-110.87178045121144,32.20170796136568],[-110.87178045121144,32.20170796136568]]]},"properties":{"h3":"8948e857247ffff","count":3,"c3":0,"c6":0,"c12":2,"c24":3,"score":1.6,"risk":7,"peakDay":"Friday","peakTime":"afternoon","hood":"Corbett","bk12":{"morning":1,"afternoon":1,"evening":0,"night":0},"bk24":{"morning":1,"afternoon":2,"evening":0,"night":0},"recent":[{"d":"2025-12-31","day":"Wed","time":"11:53","desc":"Aggravated Assault - Domestic Violence (DV)","res":""},{"d":"2025-10-05","day":"Sun","time":"16:46","desc":"Aggravated Assault - Domestic Violence (DV)","res":""},{"d":"2025-04-25","day":"Fri","time":"12:26","desc":"Aggravated Assault - Domestic Violence (DV)","res":""}]}},{"type":"Feature","geometry":{"type":"Polygon","coordinates":[[[-110.85830714180952,32.191184520913126],[-110.85706732472875,32.19284157816469],[-110.85815098369295,32.19456330825481],[-110.86047449298806,32.19462796086759],[-110.86171427517498,32.192970886457196],[-110.86063058296355,32.191249176592905],[-110.85830714180952,32.191184520913126],[-110.85830714180952,32.191184520913126]]]},"properties":{"h3":"8948e850d3bffff","count":4,"c3":0,"c6":0,"c12":2,"c24":4,"score":1.9,"risk":9,"peakDay":"Friday","peakTime":"afternoon","hood":"","bk12":{"morning":0,"afternoon":0,"evening":2,"night":0},"bk24":{"morning":0,"afternoon":2,"evening":2,"night":0},"recent":[{"d":"2025-09-21","day":"Sun","time":"18:00","desc":"Aggravated Assault - Other","res":""},{"d":"2025-08-31","day":"Sun","time":"20:27","desc":"Robbery - Convenience Stores","res":""},{"d":"2025-07-18","day":"Fri","time":"14:48","desc":"Aggravated Assault - Other","res":""},{"d":"2025-04-25","day":"Fri","time":"12:45","desc":"Robbery - Miscellaneous","res":""}]}},{"type":"Feature","geometry":{"type":"Polygon","coordinates":[[[-110.96703098869207,32.17894131819965],[-110.96579302981631,32.180599406360834],[-110.96687803970723,32.182320197288725],[-110.96920104140727,32.182382879705735],[-110.97043896507836,32.18072477449044],[-110.96935392225699,32.17900400391233],[-110.96703098869207,32.17894131819965],[-110.96703098869207,32.17894131819965]]]},"properties":{"h3":"8948e856043ffff","count":5,"c3":0,"c6":0,"c12":2,"c24":5,"score":2.3,"risk":10,"peakDay":"Friday","peakTime":"night","hood":"","bk12":{"morning":0,"afternoon":0,"evening":2,"night":0},"bk24":{"morning":0,"afternoon":1,"evening":2,"night":2},"recent":[{"d":"2025-09-05","day":"Fri","time":"19:12","desc":"Aggravated Assault - Other","res":""},{"d":"2025-09-05","day":"Fri","time":"19:12","desc":"Aggravated Assault - Other","res":""},{"d":"2025-06-28","day":"Sat","time":"02:57","desc":"Aggravated Assault - Other","res":""},{"d":"2025-06-28","day":"Sat","time":"02:57","desc":"Aggravated Assault - Other","res":""},{"d":"2025-04-25","day":"Fri","time":"13:00","desc":"Aggravated Assault - Other","res":""}]}},{"type":"Feature","geometry":{"type":"Polygon","coordinates":[[[-110.8378662450952,32.180463935093385],[-110.8366262188835,32.182120889297806],[-110.83770950124638,32.18384290961712],[-110.84003284312311,32.18390795552215],[-110.84127283450732,32.18225098413201],[-110.84018951884521,32.18052898402264],[-110.8378662450952,32.180463935093385],[-110.8378662450952,32.180463935093385]]]},"properties":{"h3":"8948e850c23ffff","count":1,"c3":0,"c6":0,"c12":0,"c24":1,"score":0.4,"risk":2,"peakDay":"Friday","peakTime":"evening","hood":"","bk12":{"morning":0,"afternoon":0,"evening":0,"night":0},"bk24":{"morning":0,"afternoon":0,"evening":1,"night":0},"recent":[{"d":"2025-04-25","day":"Fri","time":"17:00","desc":"Aggravated Assault - Other","res":""}]}},{"type":"Feature","geometry":{"type":"Polygon","coordinates":[[[-110.9440992794943,32.14617821661031],[-110.94286130578203,32.14783633463017],[-110.94394570051679,32.149557634229396],[-110.94626810194389,32.14962079546471],[-110.94750604053836,32.14796266034888],[-110.94642161282644,32.14624138109378],[-110.9440992794943,32.14617821661031],[-110.9440992794943,32.14617821661031]]]},"properties":{"h3":"8948e8cd94fffff","count":3,"c3":0,"c6":0,"c12":1,"c24":3,"score":1.5,"risk":7,"peakDay":"Friday","peakTime":"evening","hood":"Cherry Avenue","bk12":{"morning":0,"afternoon":0,"evening":1,"night":0},"bk24":{"morning":0,"afternoon":0,"evening":2,"night":1},"recent":[{"d":"2025-12-29","day":"Mon","time":"20:05","desc":"Robbery - Convenience Stores","res":""},{"d":"2025-05-25","day":"Sun","time":"01:30","desc":"Robbery - Convenience Stores","res":""},{"d":"2025-04-25","day":"Fri","time":"17:45","desc":"Aggravated Assault - Other","res":""}]}},{"type":"Feature","geometry":{"type":"Polygon","coordinates":[[[-110.76587245348063,32.15304835061298],[-110.76463158238707,32.15470486763208],[-110.76571363350126,32.156427816608804],[-110.7680365892,32.156494228418794],[-110.76927742569366,32.15483769412528],[-110.76819534109134,32.153114765296266],[-110.76587245348063,32.15304835061298],[-110.76587245348063,32.15304835061298]]]},"properties":{"h3":"8948e850287ffff","count":2,"c3":0,"c6":0,"c12":0,"c24":2,"score":0.9,"risk":4,"peakDay":"Saturday","peakTime":"night","hood":"Houghton South","bk12":{"morning":0,"afternoon":0,"evening":0,"night":0},"bk24":{"morning":0,"afternoon":1,"evening":0,"night":1},"recent":[{"d":"2025-07-20","day":"Sun","time":"14:27","desc":"Robbery - Miscellaneous","res":""},{"d":"2025-04-26","day":"Sat","time":"04:52","desc":"Aggravated Assault - Other","res":""}]}},{"type":"Feature","geometry":{"type":"Polygon","coordinates":[[[-110.95462637749499,32.14477239985855],[-110.95338858623631,32.14643061886014],[-110.95447310943102,32.148151829303735],[-110.9567954568336,32.14821480038961],[-110.95803321294457,32.146556564302095],[-110.95694865680352,32.14483537421472],[-110.95462637749499,32.14477239985855],[-110.95462637749499,32.14477239985855]]]},"properties":{"h3":"8948e8cd90fffff","count":5,"c3":0,"c6":0,"c12":0,"c24":5,"score":2.1,"risk":9,"peakDay":"Saturday","peakTime":"morning","hood":"Copper Vista","bk12":{"morning":0,"afternoon":0,"evening":0,"night":0},"bk24":{"morning":2,"afternoon":2,"evening":0,"night":1},"recent":[{"d":"2025-06-26","day":"Thu","time":"23:28","desc":"Aggravated Assault - Domestic Violence (DV)","res":""},{"d":"2025-05-23","day":"Fri","time":"15:14","desc":"Aggravated Assault - Other","res":""},{"d":"2025-04-27","day":"Sun","time":"13:38","desc":"Aggravated Assault - Domestic Violence (DV)","res":""},{"d":"2025-04-26","day":"Sat","time":"10:35","desc":"Aggravated Assault - Domestic Violence (DV)","res":""},{"d":"2025-04-26","day":"Sat","time":"10:35","desc":"Aggravated Assault - Domestic Violence (DV)","res":""}]}},{"type":"Feature","geometry":{"type":"Polygon","coordinates":[[[-110.99657874982692,32.1425199960846],[-110.99534165059447,32.144178593582765],[-110.99642671638931,32.14589941885625],[-110.99874891424496,32.145961626229166],[-110.99998597820851,32.14430301168708],[-110.99890087958822,32.142582206816066],[-110.99657874982692,32.1425199960846],[-110.99657874982692,32.1425199960846]]]},"properties":{"h3":"8948e8ccb57ffff","count":1,"c3":0,"c6":0,"c12":0,"c24":1,"score":0.4,"risk":2,"peakDay":"Saturday","peakTime":"afternoon","hood":"Midvale Park","bk12":{"morning":0,"afternoon":0,"evening":0,"night":0},"bk24":{"morning":0,"afternoon":1,"evening":0,"night":0},"recent":[{"d":"2025-04-26","day":"Sat","time":"12:00","desc":"Robbery - Miscellaneous","res":""}]}},{"type":"Feature","geometry":{"type":"Polygon","coordinates":[[[-110.77259789462389,32.2327499499549],[-110.7713562757071,32.234405963699984],[-110.77243916286294,32.236128149542736],[-110.77476370245357,32.23619430153114],[-110.77600528670303,32.23453827056305],[-110.77492236603209,32.232816104829624],[-110.77259789462389,32.2327499499549],[-110.77259789462389,32.2327499499549]]]},"properties":{"h3":"8948e8426d3ffff","count":1,"c3":0,"c6":0,"c12":0,"c24":1,"score":0.4,"risk":2,"peakDay":"Saturday","peakTime":"afternoon","hood":"Bonanza","bk12":{"morning":0,"afternoon":0,"evening":0,"night":0},"bk24":{"morning":0,"afternoon":1,"evening":0,"night":0},"recent":[{"d":"2025-04-26","day":"Sat","time":"15:38","desc":"Aggravated Assault - Other","res":""}]}},{"type":"Feature","geometry":{"type":"Polygon","coordinates":[[[-110.92615858023653,32.233646419359275],[-110.92491938591263,32.23530376861709],[-110.92600435814975,32.23702447154693],[-110.92832855779182,32.23708780494459],[-110.92956771699738,32.23543043862108],[-110.92848271168211,32.23370975596568],[-110.92615858023653,32.233646419359275],[-110.92615858023653,32.233646419359275]]]},"properties":{"h3":"8948e854667ffff","count":2,"c3":0,"c6":0,"c12":1,"c24":2,"score":1,"risk":5,"peakDay":"Sunday","peakTime":"night","hood":"Sam Hughes","bk12":{"morning":0,"afternoon":0,"evening":0,"night":1},"bk24":{"morning":0,"afternoon":0,"evening":0,"night":2},"recent":[{"d":"2025-12-25","day":"Thu","time":"03:17","desc":"Aggravated Assault - Other","res":""},{"d":"2025-04-27","day":"Sun","time":"00:30","desc":"Aggravated Assault - Other","res":""}]}},{"type":"Feature","geometry":{"type":"Polygon","coordinates":[[[-111.02778348129944,32.2245389542041],[-111.02654600372068,32.22619724867467],[-111.02763225698408,32.22791704953961],[-111.02995602061199,32.2279785355457],[-111.03119346278068,32.22632022410905],[-111.03010717673445,32.22460044363246],[-111.02778348129944,32.2245389542041],[-111.02778348129944,32.2245389542041]]]},"properties":{"h3":"8948e856817ffff","count":2,"c3":0,"c6":0,"c12":1,"c24":2,"score":1,"risk":5,"peakDay":"Sunday","peakTime":"morning","hood":"","bk12":{"morning":0,"afternoon":0,"evening":0,"night":1},"bk24":{"morning":1,"afternoon":0,"evening":0,"night":1},"recent":[{"d":"2025-12-08","day":"Mon","time":"23:10","desc":"Aggravated Assault - Domestic Violence (DV)","res":""},{"d":"2025-04-27","day":"Sun","time":"07:29","desc":"Aggravated Assault - Domestic Violence (DV)","res":""}]}},{"type":"Feature","geometry":{"type":"Polygon","coordinates":[[[-110.9283344697858,32.26245310205849],[-110.92709500160746,32.26411026663944],[-110.92818027325043,32.265830693437955],[-110.93050504616308,32.26589393539537],[-110.9317444791992,32.2642367537669],[-110.9306591744678,32.262516347228605],[-110.9283344697858,32.26245310205849],[-110.9283344697858,32.26245310205849]]]},"properties":{"h3":"8948e855c83ffff","count":3,"c3":0,"c6":0,"c12":1,"c24":3,"score":1.5,"risk":7,"peakDay":"Sunday","peakTime":"morning","hood":"La Madera","bk12":{"morning":0,"afternoon":1,"evening":0,"night":0},"bk24":{"morning":1,"afternoon":1,"evening":1,"night":0},"recent":[{"d":"2025-12-14","day":"Sun","time":"12:00","desc":"Aggravated Assault - Other","res":""},{"d":"2025-07-11","day":"Fri","time":"18:00","desc":"Aggravated Assault - Other","res":""},{"d":"2025-04-27","day":"Sun","time":"10:21","desc":"Aggravated Assault - Other","res":""}]}},{"type":"Feature","geometry":{"type":"Polygon","coordinates":[[[-110.95450802447286,32.22426927650291],[-110.95326938155334,32.22592693817431],[-110.95435464770782,32.227647450405996],[-110.9566785897767,32.22771028065612],[-110.95791719750059,32.22605260194293],[-110.95683189835417,32.22433211002148],[-110.95450802447286,32.22426927650291],[-110.95450802447286,32.22426927650291]]]},"properties":{"h3":"8948e854093ffff","count":1,"c3":0,"c6":0,"c12":0,"c24":1,"score":0.4,"risk":2,"peakDay":"Sunday","peakTime":"afternoon","hood":"Rincon Heights","bk12":{"morning":0,"afternoon":0,"evening":0,"night":0},"bk24":{"morning":0,"afternoon":1,"evening":0,"night":0},"recent":[{"d":"2025-04-27","day":"Sun","time":"14:06","desc":"Aggravated Assault - Domestic Violence (DV)","res":""}]}},{"type":"Feature","geometry":{"type":"Polygon","coordinates":[[[-110.93078104705407,32.13228005740109],[-110.92954301007053,32.13393815667505],[-110.93062709554864,32.13565970611586],[-110.93294925102035,32.13572313594493],[-110.93418725293346,32.13406501955352],[-110.93310313444816,32.13234349045056],[-110.93078104705407,32.13228005740109],[-110.93078104705407,32.13228005740109]]]},"properties":{"h3":"8948e8cd80fffff","count":4,"c3":0,"c6":0,"c12":3,"c24":4,"score":2.2,"risk":10,"peakDay":"Wednesday","peakTime":"evening","hood":"","bk12":{"morning":0,"afternoon":0,"evening":3,"night":0},"bk24":{"morning":0,"afternoon":0,"evening":4,"night":0},"recent":[{"d":"2025-12-10","day":"Wed","time":"17:07","desc":"Aggravated Assault - Other","res":""},{"d":"2025-12-10","day":"Wed","time":"17:07","desc":"Aggravated Assault - Other","res":""},{"d":"2025-09-03","day":"Wed","time":"21:00","desc":"Aggravated Assault - Other","res":""},{"d":"2025-04-27","day":"Sun","time":"17:41","desc":"Aggravated Assault - Other","res":""}]}},{"type":"Feature","geometry":{"type":"Polygon","coordinates":[[[-110.94164093693387,32.20024252830548],[-110.94040234626581,32.20190024711424],[-110.94148721406462,32.203621095551235],[-110.94381070554935,32.203684204869255],[-110.94504926107402,32.20202646899213],[-110.94396436026024,32.200305640865416],[-110.94164093693387,32.20024252830548],[-110.94164093693387,32.20024252830548]]]},"properties":{"h3":"8948e8571a7ffff","count":4,"c3":0,"c6":0,"c12":3,"c24":4,"score":1.9,"risk":9,"peakDay":"Monday","peakTime":"morning","hood":"Pueblo Gardens","bk12":{"morning":3,"afternoon":0,"evening":0,"night":0},"bk24":{"morning":4,"afternoon":0,"evening":0,"night":0},"recent":[{"d":"2025-09-01","day":"Mon","time":"10:48","desc":"Robbery - Residence","res":""},{"d":"2025-09-01","day":"Mon","time":"10:48","desc":"Robbery - Residence","res":""},{"d":"2025-09-01","day":"Mon","time":"10:48","desc":"Robbery - Residence","res":""},{"d":"2025-04-28","day":"Mon","time":"06:10","desc":"Aggravated Assault - Other","res":""}]}},{"type":"Feature","geometry":{"type":"Polygon","coordinates":[[[-110.78749440621841,32.21287602020205],[-110.78625323581426,32.21453230535171],[-110.78733613916194,32.216254523583515],[-110.78966024637792,32.21632043652883],[-110.79090138208292,32.2146641341602],[-110.78981844527401,32.21294193606528],[-110.78749440621841,32.21287602020205],[-110.78749440621841,32.21287602020205]]]},"properties":{"h3":"8948e851987ffff","count":1,"c3":0,"c6":0,"c12":0,"c24":1,"score":0.4,"risk":2,"peakDay":"Monday","peakTime":"morning","hood":"","bk12":{"morning":0,"afternoon":0,"evening":0,"night":0},"bk24":{"morning":1,"afternoon":0,"evening":0,"night":0},"recent":[{"d":"2025-04-28","day":"Mon","time":"08:55","desc":"Aggravated Assault - Other","res":""}]}},{"type":"Feature","geometry":{"type":"Polygon","coordinates":[[[-110.9659177282519,32.12646772232967],[-110.96468031209608,32.12812616622933],[-110.96576481583118,32.12984742793477],[-110.96808676862877,32.12991022536165],[-110.969324149615,32.128251764377445],[-110.96823961297615,32.12653052305097],[-110.9659177282519,32.12646772232967],[-110.9659177282519,32.12646772232967]]]},"properties":{"h3":"8948e8cdd27ffff","count":3,"c3":0,"c6":0,"c12":1,"c24":3,"score":1.4,"risk":6,"peakDay":"Monday","peakTime":"afternoon","hood":"Barrio Nopal","bk12":{"morning":1,"afternoon":0,"evening":0,"night":0},"bk24":{"morning":1,"afternoon":2,"evening":0,"night":0},"recent":[{"d":"2025-11-21","day":"Fri","time":"09:08","desc":"Aggravated Assault - Peace Officer (Non-Serious Injury)","res":""},{"d":"2025-04-28","day":"Mon","time":"15:44","desc":"Aggravated Assault - Other","res":""},{"d":"2025-04-28","day":"Mon","time":"15:44","desc":"Aggravated Assault - Other","res":""}]}},{"type":"Feature","geometry":{"type":"Polygon","coordinates":[[[-110.96906298159705,32.211132485406594],[-110.96782471095038,32.21279036568599],[-110.9689100497845,32.21451085336055],[-110.9712336922111,32.214573440422406],[-110.97247192762755,32.21291554310891],[-110.97138655585053,32.211195075767726],[-110.96906298159705,32.211132485406594],[-110.96906298159705,32.211132485406594]]]},"properties":{"h3":"8948e85636bffff","count":1,"c3":0,"c6":0,"c12":0,"c24":1,"score":0.4,"risk":2,"peakDay":"Monday","peakTime":"evening","hood":"Armory Park","bk12":{"morning":0,"afternoon":0,"evening":0,"night":0},"bk24":{"morning":0,"afternoon":0,"evening":1,"night":0},"recent":[{"d":"2025-04-28","day":"Mon","time":"17:00","desc":"Aggravated Assault - Other","res":""}]}},{"type":"Feature","geometry":{"type":"Polygon","coordinates":[[[-110.75938078457726,32.142710108661426],[-110.75813992169869,32.14436664129068],[-110.75922178824509,32.14608974238248],[-110.76154455117357,32.1461562906985],[-110.76278537947748,32.144499740782436],[-110.76170347943047,32.14277665983723],[-110.75938078457726,32.142710108661426],[-110.75938078457726,32.142710108661426]]]},"properties":{"h3":"8948e850677ffff","count":1,"c3":0,"c6":0,"c12":0,"c24":1,"score":0.4,"risk":2,"peakDay":"Monday","peakTime":"evening","hood":"Houghton South","bk12":{"morning":0,"afternoon":0,"evening":0,"night":0},"bk24":{"morning":0,"afternoon":0,"evening":1,"night":0},"recent":[{"d":"2025-04-28","day":"Mon","time":"17:00","desc":"Aggravated Assault - Domestic Violence (DV)","res":""}]}},{"type":"Feature","geometry":{"type":"Polygon","coordinates":[[[-110.92197784399305,32.24875216880925],[-110.92073842145578,32.25040937500993],[-110.92182347893663,32.25212998458785],[-110.92414799205642,32.252193367703896],[-110.92538737947844,32.250536144441625],[-110.92430228889884,32.248815555124956],[-110.92197784399305,32.24875216880925],[-110.92197784399305,32.24875216880925]]]},"properties":{"h3":"8948e85420bffff","count":3,"c3":0,"c6":0,"c12":1,"c24":3,"score":1.5,"risk":7,"peakDay":"Monday","peakTime":"evening","hood":"Doolen/Fruitvale","bk12":{"morning":0,"afternoon":0,"evening":0,"night":1},"bk24":{"morning":0,"afternoon":1,"evening":1,"night":1},"recent":[{"d":"2025-12-31","day":"Wed","time":"04:49","desc":"Aggravated Assault - Other","res":""},{"d":"2025-06-08","day":"Sun","time":"15:20","desc":"Aggravated Assault - Other","res":""},{"d":"2025-04-28","day":"Mon","time":"20:55","desc":"Aggravated Assault - Other","res":""}]}},{"type":"Feature","geometry":{"type":"Polygon","coordinates":[[[-110.94910307103827,32.26639833070409],[-110.94786389111752,32.26805564802689],[-110.94894947959084,32.26977583924502],[-110.95127428101922,32.26983869286022],[-110.95251342573452,32.26818135851344],[-110.95142780422981,32.26646118757551],[-110.94910307103827,32.26639833070409],[-110.94910307103827,32.26639833070409]]]},"properties":{"h3":"8948e854377ffff","count":1,"c3":0,"c6":0,"c12":0,"c24":1,"score":0.4,"risk":2,"peakDay":"Wednesday","peakTime":"night","hood":"Richland Heights West","bk12":{"morning":0,"afternoon":0,"evening":0,"night":0},"bk24":{"morning":0,"afternoon":0,"evening":0,"night":1},"recent":[{"d":"2025-04-30","day":"Wed","time":"02:14","desc":"Aggravated Assault - Other","res":""}]}},{"type":"Feature","geometry":{"type":"Polygon","coordinates":[[[-110.95994750696224,32.25823687996307],[-110.95870858711967,32.25989434927731],[-110.95979424502791,32.261614508137754],[-110.96211885577736,32.26167717738753],[-110.96335774038768,32.26001969105592],[-110.96227204948369,32.25829955249198],[-110.95994750696224,32.25823687996307],[-110.95994750696224,32.25823687996307]]]},"properties":{"h3":"8948e8543a3ffff","count":1,"c3":0,"c6":0,"c12":0,"c24":1,"score":0.4,"risk":2,"peakDay":"Wednesday","peakTime":"night","hood":"Keeling","bk12":{"morning":0,"afternoon":0,"evening":0,"night":0},"bk24":{"morning":0,"afternoon":0,"evening":0,"night":1},"recent":[{"d":"2025-04-30","day":"Wed","time":"02:16","desc":"Robbery - Miscellaneous","res":""}]}},{"type":"Feature","geometry":{"type":"Polygon","coordinates":[[[-110.79255406466027,32.104735810728705],[-110.79131413183732,32.10639289877069],[-110.79239609367389,32.10811601352416],[-110.7947180217208,32.10818202003126],[-110.79595791989446,32.106524914714896],[-110.79487592467338,32.104801820165896],[-110.79255406466027,32.104735810728705],[-110.79255406466027,32.104735810728705]]]},"properties":{"h3":"8948e852233ffff","count":4,"c3":0,"c6":0,"c12":1,"c24":4,"score":1.8,"risk":8,"peakDay":"Saturday","peakTime":"night","hood":"Rita Ranch","bk12":{"morning":0,"afternoon":1,"evening":0,"night":0},"bk24":{"morning":1,"afternoon":1,"evening":1,"night":1},"recent":[{"d":"2025-08-30","day":"Sat","time":"15:58","desc":"Aggravated Assault - Domestic Violence (DV)","res":""},{"d":"2025-07-26","day":"Sat","time":"06:54","desc":"Aggravated Assault - Domestic Violence (DV)","res":""},{"d":"2025-05-11","day":"Sun","time":"21:00","desc":"Aggravated Assault - Domestic Violence (DV)","res":""},{"d":"2025-04-30","day":"Wed","time":"23:15","desc":"Aggravated Assault - Other","res":""}]}},{"type":"Feature","geometry":{"type":"Polygon","coordinates":[[[-110.93759354881298,32.13584986780295],[-110.93635558198137,32.137508001307324],[-110.93743979254508,32.13922945394922],[-110.93976200293305,32.13929275274372],[-110.94099993467216,32.137634602130916],[-110.93991569111867,32.13591316983212],[-110.93759354881298,32.13584986780295],[-110.93759354881298,32.13584986780295]]]},"properties":{"h3":"8948e8cd823ffff","count":1,"c3":0,"c6":0,"c12":0,"c24":1,"score":0.4,"risk":2,"peakDay":"Thursday","peakTime":"night","hood":"","bk12":{"morning":0,"afternoon":0,"evening":0,"night":0},"bk24":{"morning":0,"afternoon":0,"evening":0,"night":1},"recent":[{"d":"2025-05-01","day":"Thu","time":"04:45","desc":"Aggravated Assault - Other","res":""}]}},{"type":"Feature","geometry":{"type":"Polygon","coordinates":[[[-110.92893303429186,32.17283234607069],[-110.9276945346288,32.174490146564466],[-110.92877897463917,32.17621135858512],[-110.93110194735102,32.17627474979961],[-110.93234041192447,32.17461693220914],[-110.93125593887858,32.17289574050092],[-110.92893303429186,32.17283234607069],[-110.92893303429186,32.17283234607069]]]},"properties":{"h3":"8948e857513ffff","count":3,"c3":0,"c6":0,"c12":1,"c24":3,"score":1.4,"risk":6,"peakDay":"Saturday","peakTime":"night","hood":"","bk12":{"morning":0,"afternoon":0,"evening":0,"night":1},"bk24":{"morning":1,"afternoon":0,"evening":0,"night":2},"recent":[{"d":"2025-09-06","day":"Sat","time":"01:17","desc":"Aggravated Assault - Other","res":""},{"d":"2025-07-26","day":"Sat","time":"01:00","desc":"Aggravated Assault - Other","res":""},{"d":"2025-05-01","day":"Thu","time":"06:41","desc":"Aggravated Assault - Peace Officer (Non-Serious Injury)","res":""}]}},{"type":"Feature","geometry":{"type":"Polygon","coordinates":[[[-110.89051977295021,32.2495812039529],[-110.88927984163647,32.251238130204115],[-110.89036448248271,32.252959035617494],[-110.89268908783451,32.25302299455274],[-110.89392898412471,32.25136605120813],[-110.89284431008952,32.24964516602175],[-110.89051977295021,32.2495812039529],[-110.89051977295021,32.2495812039529]]]},"properties":{"h3":"8948e8551dbffff","count":5,"c3":0,"c6":0,"c12":3,"c24":5,"score":2.7,"risk":12,"peakDay":"Sunday","peakTime":"morning","hood":"Garden District","bk12":{"morning":1,"afternoon":0,"evening":0,"night":2},"bk24":{"morning":3,"afternoon":0,"evening":0,"night":2},"recent":[{"d":"2025-12-14","day":"Sun","time":"02:23","desc":"Aggravated Assault - Other","res":""},{"d":"2025-12-14","day":"Sun","time":"02:23","desc":"Aggravated Assault - Other","res":""},{"d":"2025-10-14","day":"Tue","time":"08:32","desc":"Robbery - Commercial House","res":""},{"d":"2025-07-07","day":"Mon","time":"10:40","desc":"Aggravated Assault - Other","res":""},{"d":"2025-05-01","day":"Thu","time":"08:55","desc":"Aggravated Assault - Other","res":""}]}},{"type":"Feature","geometry":{"type":"Polygon","coordinates":[[[-110.8175859348247,32.166360036354206],[-110.81634573853863,32.16801691243755],[-110.8174286146794,32.16973925064247],[-110.81975172045797,32.16980469256798],[-110.8209918819845,32.16814779927032],[-110.8199089724949,32.16642548126154],[-110.8175859348247,32.166360036354206],[-110.8175859348247,32.166360036354206]]]},"properties":{"h3":"8948e850137ffff","count":3,"c3":0,"c6":0,"c12":0,"c24":3,"score":1.2,"risk":5,"peakDay":"Thursday","peakTime":"afternoon","hood":"Groves Lincoln Park","bk12":{"morning":0,"afternoon":0,"evening":0,"night":0},"bk24":{"morning":0,"afternoon":3,"evening":0,"night":0},"recent":[{"d":"2025-05-01","day":"Thu","time":"14:40","desc":"Robbery - Highway","res":""},{"d":"2025-05-01","day":"Thu","time":"14:40","desc":"Robbery - Highway","res":""},{"d":"2025-05-01","day":"Thu","time":"14:40","desc":"Robbery - Highway","res":""}]}},{"type":"Feature","geometry":{"type":"Polygon","coordinates":[[[-110.98763254756324,32.18626159920881],[-110.9863948386143,32.187919814571785],[-110.9874801939671,32.18964034206806],[-110.98980329114754,32.18970263383381],[-110.99104096482712,32.18804440144206],[-110.98995557659852,32.18632389431338],[-110.98763254756324,32.18626159920881],[-110.98763254756324,32.18626159920881]]]},"properties":{"h3":"8948e856027ffff","count":2,"c3":0,"c6":0,"c12":0,"c24":2,"score":0.9,"risk":4,"peakDay":"Thursday","peakTime":"afternoon","hood":"Santa Cruz Southwest","bk12":{"morning":0,"afternoon":0,"evening":0,"night":0},"bk24":{"morning":0,"afternoon":2,"evening":0,"night":0},"recent":[{"d":"2025-07-13","day":"Sun","time":"14:58","desc":"Aggravated Assault - Domestic Violence (DV)","res":""},{"d":"2025-05-01","day":"Thu","time":"16:33","desc":"Aggravated Assault - Domestic Violence (DV)","res":""}]}},{"type":"Feature","geometry":{"type":"Polygon","coordinates":[[[-110.95669071435563,32.253076240676734],[-110.95545179789475,32.25473371817234],[-110.95653736355364,32.25645395429016],[-110.9588618786784,32.25651669261646],[-110.96010075991973,32.2548591980973],[-110.95901516125873,32.253138982275466],[-110.95669071435563,32.253076240676734],[-110.95669071435563,32.253076240676734]]]},"properties":{"h3":"8948e854387ffff","count":3,"c3":0,"c6":0,"c12":1,"c24":3,"score":1.4,"risk":6,"peakDay":"Thursday","peakTime":"evening","hood":"Mountain First Avenue","bk12":{"morning":0,"afternoon":0,"evening":0,"night":1},"bk24":{"morning":1,"afternoon":0,"evening":1,"night":1},"recent":[{"d":"2025-10-18","day":"Sat","time":"02:58","desc":"Aggravated Assault - Domestic Violence (DV)","res":""},{"d":"2025-06-16","day":"Mon","time":"08:36","desc":"Aggravated Assault - Domestic Violence (DV)","res":""},{"d":"2025-05-01","day":"Thu","time":"19:26","desc":"Aggravated Assault - Domestic Violence (DV)","res":""}]}},{"type":"Feature","geometry":{"type":"Polygon","coordinates":[[[-110.93420883143396,32.21018850525832],[-110.9329700161655,32.211846089673756],[-110.93405487705338,32.21356692211603],[-110.93637858625439,32.21363014984636],[-110.93761736639517,32.21197254836046],[-110.9365324724655,32.21025173621475],[-110.93420883143396,32.21018850525832],[-110.93420883143396,32.21018850525832]]]},"properties":{"h3":"8948e85712fffff","count":2,"c3":0,"c6":0,"c12":1,"c24":2,"score":1,"risk":5,"peakDay":"Thursday","peakTime":"night","hood":"Arroyo Chico","bk12":{"morning":1,"afternoon":0,"evening":0,"night":0},"bk24":{"morning":1,"afternoon":0,"evening":0,"night":1},"recent":[{"d":"2025-11-30","day":"Sun","time":"10:25","desc":"Aggravated Assault - Domestic Violence (DV)","res":""},{"d":"2025-05-01","day":"Thu","time":"22:01","desc":"Aggravated Assault - Peace Officer (Non-Serious Injury)","res":""}]}},{"type":"Feature","geometry":{"type":"Polygon","coordinates":[[[-110.90834060487877,32.24161512221282],[-110.90710104199115,32.24327226012217],[-110.9081858486713,32.24499306435307],[-110.9105102513755,32.245056710423974],[-110.91174977919214,32.24339955543506],[-110.91066493937844,32.241678771454886],[-110.90834060487877,32.24161512221282],[-110.90834060487877,32.24161512221282]]]},"properties":{"h3":"8948e855523ffff","count":2,"c3":0,"c6":0,"c12":0,"c24":2,"score":0.9,"risk":4,"peakDay":"Friday","peakTime":"evening","hood":"Palo Verde ","bk12":{"morning":0,"afternoon":0,"evening":0,"night":0},"bk24":{"morning":1,"afternoon":0,"evening":1,"night":0},"recent":[{"d":"2025-08-01","day":"Fri","time":"08:46","desc":"Aggravated Assault - Other","res":""},{"d":"2025-05-02","day":"Fri","time":"17:00","desc":"Aggravated Assault - Other","res":""}]}},{"type":"Feature","geometry":{"type":"Polygon","coordinates":[[[-110.85984094638876,32.23351243562993],[-110.85860070036131,32.23516920783901],[-110.8596847762377,32.23689055043121],[-110.86200913141161,32.23695510061122],[-110.86324934251518,32.23529831126844],[-110.86216523337163,32.23357698887944],[-110.85984094638876,32.23351243562993],[-110.85984094638876,32.23351243562993]]]},"properties":{"h3":"8948e8556abffff","count":2,"c3":0,"c6":0,"c12":1,"c24":2,"score":0.9,"risk":4,"peakDay":"Saturday","peakTime":"morning","hood":"Thunderbird Hts/Wilmot Desert Ests","bk12":{"morning":0,"afternoon":0,"evening":0,"night":1},"bk24":{"morning":1,"afternoon":0,"evening":0,"night":1},"recent":[{"d":"2025-08-18","day":"Mon","time":"03:44","desc":"Robbery - Highway","res":""},{"d":"2025-05-03","day":"Sat","time":"08:35","desc":"Aggravated Assault - Other","res":""}]}},{"type":"Feature","geometry":{"type":"Polygon","coordinates":[[[-110.9721197385703,32.143553946633695],[-110.97088223871941,32.14521232552155],[-110.97196698568698,32.14693337790681],[-110.97428926540414,32.14699603102861],[-110.97552673005696,32.14533763507217],[-110.9744419501936,32.14361660306259],[-110.9721197385703,32.143553946633695],[-110.9721197385703,32.143553946633695]]]},"properties":{"h3":"8948e8564d3ffff","count":4,"c3":0,"c6":0,"c12":2,"c24":4,"score":1.9,"risk":9,"peakDay":"Saturday","peakTime":"evening","hood":"Sunnyside","bk12":{"morning":0,"afternoon":0,"evening":2,"night":0},"bk24":{"morning":1,"afternoon":1,"evening":2,"night":0},"recent":[{"d":"2025-09-06","day":"Sat","time":"17:58","desc":"Aggravated Assault - Other","res":""},{"d":"2025-09-06","day":"Sat","time":"17:58","desc":"Aggravated Assault - Other","res":""},{"d":"2025-07-30","day":"Wed","time":"14:07","desc":"Aggravated Assault - Other","res":""},{"d":"2025-05-03","day":"Sat","time":"08:59","desc":"Robbery - Miscellaneous","res":""}]}},{"type":"Feature","geometry":{"type":"Polygon","coordinates":[[[-110.84142947158206,32.178871987533164],[-110.84018951884521,32.18052898402264],[-110.84127283450732,32.18225098413201],[-110.8435961361974,32.18231596753727],[-110.84483605409727,32.18065895386483],[-110.84375270514694,32.17893697397017],[-110.84142947158206,32.178871987533164],[-110.84142947158206,32.178871987533164]]]},"properties":{"h3":"8948e850c37ffff","count":1,"c3":0,"c6":0,"c12":0,"c24":1,"score":0.4,"risk":2,"peakDay":"Saturday","peakTime":"morning","hood":"","bk12":{"morning":0,"afternoon":0,"evening":0,"night":0},"bk24":{"morning":1,"afternoon":0,"evening":0,"night":0},"recent":[{"d":"2025-05-03","day":"Sat","time":"09:22","desc":"Aggravated Assault - Domestic Violence (DV)","res":""}]}},{"type":"Feature","geometry":{"type":"Polygon","coordinates":[[[-110.93480257848454,32.12054602120234],[-110.93356473071562,32.12220423683035],[-110.93464876059642,32.12392585003499],[-110.93697067123809,32.123989227262726],[-110.9382084839319,32.12233099451483],[-110.93712442106207,32.12060940165915],[-110.93480257848454,32.12054602120234],[-110.93480257848454,32.12054602120234]]]},"properties":{"h3":"8948e8cd883ffff","count":1,"c3":0,"c6":0,"c12":0,"c24":1,"score":0.4,"risk":2,"peakDay":"Saturday","peakTime":"afternoon","hood":"","bk12":{"morning":0,"afternoon":0,"evening":0,"night":0},"bk24":{"morning":0,"afternoon":1,"evening":0,"night":0},"recent":[{"d":"2025-05-03","day":"Sat","time":"15:03","desc":"Aggravated Assault - Other","res":""}]}},{"type":"Feature","geometry":{"type":"Polygon","coordinates":[[[-110.96209223183548,32.210944458089315],[-110.96085385219358,32.21260227924084],[-110.96193909550493,32.214322835911844],[-110.96426275142377,32.21438555110537],[-110.96550109585596,32.21272771291248],[-110.9644158195819,32.2110071765675],[-110.96209223183548,32.210944458089315],[-110.96209223183548,32.210944458089315]]]},"properties":{"h3":"8948e8544a3ffff","count":2,"c3":0,"c6":0,"c12":1,"c24":2,"score":0.9,"risk":4,"peakDay":"Saturday","peakTime":"night","hood":"Armory Park","bk12":{"morning":0,"afternoon":0,"evening":0,"night":1},"bk24":{"morning":0,"afternoon":0,"evening":0,"night":2},"recent":[{"d":"2025-09-13","day":"Sat","time":"04:08","desc":"Robbery - Miscellaneous","res":""},{"d":"2025-05-03","day":"Sat","time":"22:00","desc":"Aggravated Assault - Other","res":""}]}},{"type":"Feature","geometry":{"type":"Polygon","coordinates":[[[-110.99049046492485,32.277655394341046],[-110.98925182398176,32.27931299141799],[-110.99033807499707,32.281032682166234],[-110.99266299987794,32.28109475551964],[-110.99390160548755,32.279437141467525],[-110.99281532155268,32.27771747103725],[-110.99049046492485,32.277655394341046],[-110.99049046492485,32.277655394341046]]]},"properties":{"h3":"8948e8548c3ffff","count":1,"c3":0,"c6":0,"c12":0,"c24":1,"score":0.4,"risk":2,"peakDay":"Sunday","peakTime":"morning","hood":"Flowing Wells","bk12":{"morning":0,"afternoon":0,"evening":0,"night":0},"bk24":{"morning":1,"afternoon":0,"evening":0,"night":0},"recent":[{"d":"2025-05-04","day":"Sun","time":"10:07","desc":"Robbery - Miscellaneous","res":""}]}},{"type":"Feature","geometry":{"type":"Polygon","coordinates":[[[-110.87503236552757,32.20687241711623],[-110.87379264575651,32.208529509849996],[-110.87487667746854,32.21025094129057],[-110.87720046216313,32.21031525976259],[-110.87844014698184,32.20865814989582],[-110.87735608206123,32.206936738690125],[-110.87503236552757,32.20687241711623],[-110.87503236552757,32.20687241711623]]]},"properties":{"h3":"8948e857263ffff","count":3,"c3":0,"c6":0,"c12":1,"c24":3,"score":1.5,"risk":7,"peakDay":"Monday","peakTime":"night","hood":"","bk12":{"morning":0,"afternoon":0,"evening":0,"night":1},"bk24":{"morning":0,"afternoon":1,"evening":0,"night":2},"recent":[{"d":"2025-11-04","day":"Tue","time":"02:41","desc":"Aggravated Assault - Domestic Violence (DV)","res":""},{"d":"2025-07-18","day":"Fri","time":"13:26","desc":"Robbery - Residence","res":""},{"d":"2025-05-05","day":"Mon","time":"03:50","desc":"Aggravated Assault - Domestic Violence (DV)","res":""}]}},{"type":"Feature","geometry":{"type":"Polygon","coordinates":[[[-110.90725324286925,32.18915455106778],[-110.90601422418113,32.19081204887437],[-110.90709852482851,32.19253332625436],[-110.90942187727352,32.19259708554808],[-110.91066086092557,32.1909395706316],[-110.90957652717158,32.18921831353137],[-110.90725324286925,32.18915455106778],[-110.90725324286925,32.18915455106778]]]},"properties":{"h3":"8948e857007ffff","count":3,"c3":0,"c6":0,"c12":0,"c24":3,"score":1.4,"risk":6,"peakDay":"Tuesday","peakTime":"night","hood":"Roberts","bk12":{"morning":0,"afternoon":0,"evening":0,"night":0},"bk24":{"morning":1,"afternoon":0,"evening":0,"night":2},"recent":[{"d":"2025-08-05","day":"Tue","time":"02:49","desc":"Aggravated Assault - Peace Officer (Non-Serious Injury)","res":""},{"d":"2025-08-05","day":"Tue","time":"02:49","desc":"Aggravated Assault - Peace Officer (Non-Serious Injury)","res":""},{"d":"2025-05-05","day":"Mon","time":"09:30","desc":"Aggravated Assault - Other","res":""}]}},{"type":"Feature","geometry":{"type":"Polygon","coordinates":[[[-110.81863257675079,32.2188299549746],[-110.8173918351225,32.220486470745854],[-110.81847521606564,32.222208338339506],[-110.82079937201603,32.22227366999483],[-110.82204007885016,32.22061713703964],[-110.82095666453097,32.21889528961313],[-110.81863257675079,32.2188299549746],[-110.81863257675079,32.2188299549746]]]},"properties":{"h3":"8948e850b53ffff","count":2,"c3":0,"c6":0,"c12":1,"c24":2,"score":1,"risk":5,"peakDay":"Monday","peakTime":"evening","hood":"Carriage Park","bk12":{"morning":0,"afternoon":1,"evening":0,"night":0},"bk24":{"morning":0,"afternoon":1,"evening":1,"night":0},"recent":[{"d":"2025-12-18","day":"Thu","time":"12:58","desc":"Aggravated Assault - Domestic Violence (DV)","res":""},{"d":"2025-05-05","day":"Mon","time":"17:00","desc":"Aggravated Assault - Domestic Violence (DV)","res":""}]}},{"type":"Feature","geometry":{"type":"Polygon","coordinates":[[[-110.85490009905176,32.18939804140696],[-110.85366024708816,32.19105508149519],[-110.85474384329727,32.192776859985614],[-110.85706732472875,32.19284157816469],[-110.85830714180952,32.191184520913126],[-110.85722351234455,32.189462762645896],[-110.85490009905176,32.18939804140696],[-110.85490009905176,32.18939804140696]]]},"properties":{"h3":"8948e850d0fffff","count":3,"c3":0,"c6":0,"c12":0,"c24":3,"score":1.3,"risk":6,"peakDay":"Tuesday","peakTime":"night","hood":"Terra Del Sol","bk12":{"morning":0,"afternoon":0,"evening":0,"night":0},"bk24":{"morning":1,"afternoon":1,"evening":0,"night":1},"recent":[{"d":"2025-07-06","day":"Sun","time":"16:30","desc":"Aggravated Assault - Other","res":""},{"d":"2025-05-14","day":"Wed","time":"11:56","desc":"Aggravated Assault - Other","res":""},{"d":"2025-05-06","day":"Tue","time":"02:43","desc":"Aggravated Assault - Peace Officer (Serious Injury)","res":""}]}},{"type":"Feature","geometry":{"type":"Polygon","coordinates":[[[-110.76737214265968,32.19538740639085],[-110.76613084173225,32.197043638633694],[-110.76721330866671,32.198766202871546],[-110.76953711003986,32.19883251474157],[-110.77077837633769,32.19717626524953],[-110.76969587589488,32.195453721136744],[-110.76737214265968,32.19538740639085],[-110.76737214265968,32.19538740639085]]]},"properties":{"h3":"8948e851d5bffff","count":1,"c3":0,"c6":0,"c12":0,"c24":1,"score":0.4,"risk":2,"peakDay":"Tuesday","peakTime":"morning","hood":"Houghton East","bk12":{"morning":0,"afternoon":0,"evening":0,"night":0},"bk24":{"morning":1,"afternoon":0,"evening":0,"night":0},"recent":[{"d":"2025-05-06","day":"Tue","time":"11:47","desc":"Aggravated Assault - Other","res":""}]}},{"type":"Feature","geometry":{"type":"Polygon","coordinates":[[[-110.84064619452087,32.1957664379827],[-110.83940604852344,32.197423308861964],[-110.84048951159836,32.199145168197624],[-110.84281315397375,32.199210136449906],[-110.84405326512633,32.1975532483963],[-110.84296976875126,32.19583140926482],[-110.84064619452087,32.1957664379827],[-110.84064619452087,32.1957664379827]]]},"properties":{"h3":"8948e8508a3ffff","count":1,"c3":0,"c6":0,"c12":0,"c24":1,"score":0.4,"risk":2,"peakDay":"Tuesday","peakTime":"afternoon","hood":"Terra Del Sol","bk12":{"morning":0,"afternoon":0,"evening":0,"night":0},"bk24":{"morning":0,"afternoon":1,"evening":0,"night":0},"recent":[{"d":"2025-05-06","day":"Tue","time":"13:31","desc":"Aggravated Assault - Domestic Violence (DV)","res":""}]}},{"type":"Feature","geometry":{"type":"Polygon","coordinates":[[[-110.99627467405467,32.1492787886893],[-110.99503749782684,32.15093733659777],[-110.9961226228222,32.15265810556142],[-110.9984449568784,32.152720306218434],[-110.99968209783412,32.15106174126949],[-110.99859694000861,32.149340992704076],[-110.99627467405467,32.1492787886893],[-110.99627467405467,32.1492787886893]]]},"properties":{"h3":"8948e8ccb7bffff","count":2,"c3":0,"c6":0,"c12":0,"c24":2,"score":0.8,"risk":4,"peakDay":"Wednesday","peakTime":"morning","hood":"Midvale Park","bk12":{"morning":0,"afternoon":0,"evening":0,"night":0},"bk24":{"morning":2,"afternoon":0,"evening":0,"night":0},"recent":[{"d":"2025-05-27","day":"Tue","time":"11:48","desc":"Aggravated Assault - Other","res":""},{"d":"2025-05-07","day":"Wed","time":"08:52","desc":"Aggravated Assault - Domestic Violence (DV)","res":""}]}},{"type":"Feature","geometry":{"type":"Polygon","coordinates":[[[-110.97186053782154,32.226428567779735],[-110.9706221481384,32.228086364819816],[-110.9717076679933,32.229806690309],[-110.97403161047788,32.22986919843059],[-110.9752699649133,32.22821138436777],[-110.97418441211477,32.22649107920615],[-110.97186053782154,32.226428567779735],[-110.97186053782154,32.226428567779735]]]},"properties":{"h3":"8948e85450bffff","count":2,"c3":0,"c6":0,"c12":0,"c24":2,"score":0.9,"risk":4,"peakDay":"Wednesday","peakTime":"morning","hood":"Armory Park","bk12":{"morning":0,"afternoon":0,"evening":0,"night":0},"bk24":{"morning":1,"afternoon":0,"evening":1,"night":0},"recent":[{"d":"2025-07-30","day":"Wed","time":"18:58","desc":"Robbery - Highway","res":""},{"d":"2025-05-07","day":"Wed","time":"10:00","desc":"Aggravated Assault - Other","res":""}]}},{"type":"Feature","geometry":{"type":"Polygon","coordinates":[[[-111.00725587136564,32.13773039823164],[-111.00601899343366,32.13938912116293],[-111.00710415767175,32.14110988521476],[-111.00942623263704,32.141171905918696],[-111.0106630752719,32.13951316595185],[-111.0095778782415,32.13779242231669],[-111.00725587136564,32.13773039823164],[-111.00725587136564,32.13773039823164]]]},"properties":{"h3":"8948e8ccb8fffff","count":3,"c3":0,"c6":0,"c12":1,"c24":3,"score":1.4,"risk":6,"peakDay":"Wednesday","peakTime":"morning","hood":"Midvale Park","bk12":{"morning":0,"afternoon":1,"evening":0,"night":0},"bk24":{"morning":2,"afternoon":1,"evening":0,"night":0},"recent":[{"d":"2025-11-30","day":"Sun","time":"15:22","desc":"Aggravated Assault - Domestic Violence (DV)","res":""},{"d":"2025-05-07","day":"Wed","time":"10:37","desc":"Aggravated Assault - Domestic Violence (DV)","res":""},{"d":"2025-05-07","day":"Wed","time":"10:37","desc":"Aggravated Assault - Domestic Violence (DV)","res":""}]}},{"type":"Feature","geometry":{"type":"Polygon","coordinates":[[[-110.74448796709338,32.16258701535304],[-110.74324665639388,32.16424327788372],[-110.7443285063473,32.16596634764625],[-110.7466517005575,32.166033134759175],[-110.74789297671423,32.1643768549377],[-110.7468110932064,32.16265380529418],[-110.74448796709338,32.16258701535304],[-110.74448796709338,32.16258701535304]]]},"properties":{"h3":"8948e85024bffff","count":1,"c3":0,"c6":0,"c12":0,"c24":1,"score":0.4,"risk":2,"peakDay":"Wednesday","peakTime":"morning","hood":"","bk12":{"morning":0,"afternoon":0,"evening":0,"night":0},"bk24":{"morning":1,"afternoon":0,"evening":0,"night":0},"recent":[{"d":"2025-05-07","day":"Wed","time":"10:46","desc":"Aggravated Assault - Other","res":""}]}},{"type":"Feature","geometry":{"type":"Polygon","coordinates":[[[-110.97725518730407,32.18429134435204],[-110.97601733407554,32.18594948366202],[-110.97710253152574,32.18767012878307],[-110.97942561511168,32.18773261423656],[-110.98066343310238,32.186074457885994],[-110.97957820274789,32.18435383312259],[-110.97725518730407,32.18429134435204],[-110.97725518730407,32.18429134435204]]]},"properties":{"h3":"8948e856077ffff","count":2,"c3":0,"c6":0,"c12":1,"c24":2,"score":0.9,"risk":4,"peakDay":"Wednesday","peakTime":"afternoon","hood":"Sunset Villa","bk12":{"morning":1,"afternoon":0,"evening":0,"night":0},"bk24":{"morning":1,"afternoon":1,"evening":0,"night":0},"recent":[{"d":"2025-09-20","day":"Sat","time":"06:41","desc":"Aggravated Assault - Domestic Violence (DV)","res":""},{"d":"2025-05-07","day":"Wed","time":"12:07","desc":"Aggravated Assault - Domestic Violence (DV)","res":""}]}},{"type":"Feature","geometry":{"type":"Polygon","coordinates":[[[-110.9249245506124,32.26066933584014],[-110.92368504730292,32.26232648336912],[-110.92477025625044,32.26404695889754],[-110.92709500160746,32.26411026663944],[-110.9283344697858,32.26245310205849],[-110.92724922774114,32.260732646787666],[-110.9249245506124,32.26066933584014],[-110.9249245506124,32.26066933584014]]]},"properties":{"h3":"8948e855c9bffff","count":4,"c3":0,"c6":0,"c12":2,"c24":4,"score":2,"risk":9,"peakDay":"Wednesday","peakTime":"afternoon","hood":"La Madera","bk12":{"morning":1,"afternoon":1,"evening":0,"night":0},"bk24":{"morning":1,"afternoon":3,"evening":0,"night":0},"recent":[{"d":"2025-12-19","day":"Fri","time":"14:00","desc":"Aggravated Assault - Other","res":""},{"d":"2025-10-22","day":"Wed","time":"08:44","desc":"Robbery - Highway","res":""},{"d":"2025-05-09","day":"Fri","time":"13:49","desc":"Robbery - Highway","res":""},{"d":"2025-05-07","day":"Wed","time":"13:22","desc":"Aggravated Assault - Other","res":""}]}},{"type":"Feature","geometry":{"type":"Polygon","coordinates":[[[-110.8192619273749,32.205315886927785],[-110.81802134049286,32.20697250362238],[-110.81910460353474,32.208694484082955],[-110.82142848682804,32.208759827673425],[-110.82266903892221,32.20710319378798],[-110.82158574251383,32.205381233502976],[-110.8192619273749,32.205315886927785],[-110.8192619273749,32.205315886927785]]]},"properties":{"h3":"8948e850ab7ffff","count":1,"c3":0,"c6":0,"c12":0,"c24":1,"score":0.4,"risk":2,"peakDay":"Thursday","peakTime":"night","hood":"","bk12":{"morning":0,"afternoon":0,"evening":0,"night":0},"bk24":{"morning":0,"afternoon":0,"evening":0,"night":1},"recent":[{"d":"2025-05-08","day":"Thu","time":"00:45","desc":"Aggravated Assault - Other","res":""}]}},{"type":"Feature","geometry":{"type":"Polygon","coordinates":[[[-110.89641083168218,32.19731396539724],[-110.8951715535164,32.19897131158927],[-110.896255784314,32.200692621549365],[-110.89857932642241,32.20075656505411],[-110.89981856957894,32.199099201745646],[-110.89873430563915,32.19737791204894],[-110.89641083168218,32.19731396539724],[-110.89641083168218,32.19731396539724]]]},"properties":{"h3":"8948e85706bffff","count":2,"c3":0,"c6":0,"c12":0,"c24":2,"score":0.8,"risk":4,"peakDay":"Thursday","peakTime":"night","hood":"Roberts","bk12":{"morning":0,"afternoon":0,"evening":0,"night":0},"bk24":{"morning":0,"afternoon":0,"evening":0,"night":2},"recent":[{"d":"2025-05-08","day":"Thu","time":"04:35","desc":"Aggravated Assault - Other","res":""},{"d":"2025-05-08","day":"Thu","time":"04:35","desc":"Aggravated Assault - Other","res":""}]}},{"type":"Feature","geometry":{"type":"Polygon","coordinates":[[[-110.94243641011803,32.25945430558057],[-110.9411971984384,32.26111161408362],[-110.94228263197793,32.26283193133803],[-110.94460731024651,32.26289491981243],[-110.94584648674446,32.26123759427472],[-110.94476102015847,32.25951729729735],[-110.94243641011803,32.25945430558057],[-110.94243641011803,32.25945430558057]]]},"properties":{"h3":"8948e854357ffff","count":3,"c3":0,"c6":0,"c12":2,"c24":3,"score":1.4,"risk":6,"peakDay":"Monday","peakTime":"morning","hood":"Hedrick Acres","bk12":{"morning":2,"afternoon":0,"evening":0,"night":0},"bk24":{"morning":3,"afternoon":0,"evening":0,"night":0},"recent":[{"d":"2025-09-01","day":"Mon","time":"11:58","desc":"Aggravated Assault - Other","res":""},{"d":"2025-09-01","day":"Mon","time":"11:58","desc":"Aggravated Assault - Other","res":""},{"d":"2025-05-08","day":"Thu","time":"10:00","desc":"Aggravated Assault - Domestic Violence (DV)","res":""}]}},{"type":"Feature","geometry":{"type":"Polygon","coordinates":[[[-110.7959773820333,32.25539958379887],[-110.79473588982869,32.2570556418568],[-110.79581930604607,32.25877740399257],[-110.7981442479327,32.25884308794876],[-110.79938570538772,32.25718701270417],[-110.79830225570862,32.255465270690124],[-110.7959773820333,32.25539958379887],[-110.7959773820333,32.25539958379887]]]},"properties":{"h3":"8948e842057ffff","count":1,"c3":0,"c6":0,"c12":0,"c24":1,"score":0.4,"risk":2,"peakDay":"Thursday","peakTime":"evening","hood":"Bear Canyon","bk12":{"morning":0,"afternoon":0,"evening":0,"night":0},"bk24":{"morning":0,"afternoon":0,"evening":1,"night":0},"recent":[{"d":"2025-05-08","day":"Thu","time":"17:00","desc":"Aggravated Assault - Domestic Violence (DV)","res":""}]}},{"type":"Feature","geometry":{"type":"Polygon","coordinates":[[[-110.97613726157343,32.131819506527414],[-110.97489995095944,32.13347800166717],[-110.9759846420906,32.13519911799855],[-110.97830667671633,32.13526171880346],[-110.97954395212764,32.133603206592696],[-110.97845922811877,32.131882110648114],[-110.97613726157343,32.131819506527414],[-110.97613726157343,32.131819506527414]]]},"properties":{"h3":"8948e8cca0bffff","count":3,"c3":0,"c6":0,"c12":0,"c24":3,"score":1.3,"risk":6,"peakDay":"Friday","peakTime":"morning","hood":"Sunnyside","bk12":{"morning":0,"afternoon":0,"evening":0,"night":0},"bk24":{"morning":2,"afternoon":0,"evening":0,"night":1},"recent":[{"d":"2025-06-06","day":"Fri","time":"10:43","desc":"Robbery - Commercial House","res":""},{"d":"2025-06-06","day":"Fri","time":"10:43","desc":"Robbery - Miscellaneous","res":""},{"d":"2025-05-09","day":"Fri","time":"01:12","desc":"Robbery - Convenience Stores","res":""}]}},{"type":"Feature","geometry":{"type":"Polygon","coordinates":[[[-110.89191697800824,32.21917830702264],[-110.89067739447877,32.220835460217295],[-110.89176176936105,32.222556620809584],[-110.89408576094321,32.22262060796132],[-110.8953253094634,32.220963437657794],[-110.89424090141358,32.21924229731147],[-110.89191697800824,32.21917830702264],[-110.89191697800824,32.21917830702264]]]},"properties":{"h3":"8948e8554b7ffff","count":7,"c3":0,"c6":0,"c12":3,"c24":7,"score":3.3,"risk":15,"peakDay":"Sunday","peakTime":"evening","hood":"","bk12":{"morning":0,"afternoon":1,"evening":1,"night":1},"bk24":{"morning":0,"afternoon":2,"evening":3,"night":2},"recent":[{"d":"2025-09-14","day":"Sun","time":"13:00","desc":"Aggravated Assault - Other","res":""},{"d":"2025-08-23","day":"Sat","time":"17:22","desc":"Aggravated Assault - Other","res":""},{"d":"2025-08-20","day":"Wed","time":"03:14","desc":"Aggravated Assault - Other","res":""},{"d":"2025-07-03","day":"Thu","time":"16:42","desc":"Robbery - Convenience Stores","res":""},{"d":"2025-06-18","day":"Wed","time":"20:35","desc":"Robbery - Highway","res":""},{"d":"2025-06-15","day":"Sun","time":"20:01","desc":"Robbery - Miscellaneous","res":""},{"d":"2025-05-09","day":"Fri","time":"02:00","desc":"Aggravated Assault - Other","res":""}]}},{"type":"Feature","geometry":{"type":"Polygon","coordinates":[[[-111.00558653231153,32.174901841678],[-111.00434923091917,32.17656029162156],[-111.00543472091627,32.178280745496245],[-111.00775754512676,32.178342729034064],[-111.00899481120423,32.17668426207393],[-111.00790928838899,32.17496382859261],[-111.00558653231153,32.174901841678],[-111.00558653231153,32.174901841678]]]},"properties":{"h3":"8948e85652bffff","count":2,"c3":0,"c6":0,"c12":0,"c24":2,"score":0.8,"risk":4,"peakDay":"Friday","peakTime":"morning","hood":"Santa Cruz Southwest","bk12":{"morning":0,"afternoon":0,"evening":0,"night":0},"bk24":{"morning":2,"afternoon":0,"evening":0,"night":0},"recent":[{"d":"2025-05-09","day":"Fri","time":"07:24","desc":"Aggravated Assault - Domestic Violence (DV)","res":""},{"d":"2025-05-09","day":"Fri","time":"07:24","desc":"Aggravated Assault - Domestic Violence (DV)","res":""}]}},{"type":"Feature","geometry":{"type":"Polygon","coordinates":[[[-110.91716750881416,32.201266576021865],[-110.91592851807322,32.20292407501755],[-110.9170130657768,32.20464515034479],[-110.91933663730957,32.20470870639302],[-110.92057559297814,32.20305119030441],[-110.91949101218924,32.20133013526058],[-110.91716750881416,32.201266576021865],[-110.91716750881416,32.201266576021865]]]},"properties":{"h3":"8948e857143ffff","count":2,"c3":0,"c6":0,"c12":0,"c24":2,"score":0.8,"risk":4,"peakDay":"Friday","peakTime":"afternoon","hood":"Julia Keen","bk12":{"morning":0,"afternoon":0,"evening":0,"night":0},"bk24":{"morning":0,"afternoon":2,"evening":0,"night":0},"recent":[{"d":"2025-05-09","day":"Fri","time":"13:02","desc":"Aggravated Assault - Domestic Violence (DV)","res":""},{"d":"2025-05-09","day":"Fri","time":"13:02","desc":"Aggravated Assault - Domestic Violence (DV)","res":""}]}},{"type":"Feature","geometry":{"type":"Polygon","coordinates":[[[-110.97293037602168,32.2027802139486],[-110.97169225628032,32.204438186348035],[-110.97277756883734,32.206158710353364],[-110.97510103406579,32.206221241616994],[-110.9763391185707,32.204563252182794],[-110.97525377308654,32.2028427485198],[-110.97293037602168,32.2027802139486],[-110.97293037602168,32.2027802139486]]]},"properties":{"h3":"8948e85630bffff","count":4,"c3":0,"c6":0,"c12":2,"c24":4,"score":2,"risk":9,"peakDay":"Friday","peakTime":"night","hood":"Barrio Santa Rita Park-West Ochoa","bk12":{"morning":1,"afternoon":0,"evening":0,"night":1},"bk24":{"morning":1,"afternoon":1,"evening":0,"night":2},"recent":[{"d":"2025-12-13","day":"Sat","time":"09:04","desc":"Robbery - Highway","res":""},{"d":"2025-09-12","day":"Fri","time":"00:00","desc":"Aggravated Assault - Other","res":""},{"d":"2025-06-28","day":"Sat","time":"23:00","desc":"Aggravated Assault - Other","res":""},{"d":"2025-05-09","day":"Fri","time":"13:05","desc":"Aggravated Assault - Peace Officer (Non-Serious Injury)","res":""}]}},{"type":"Feature","geometry":{"type":"Polygon","coordinates":[[[-110.85721384300366,32.21483491206926],[-110.85597375537989,32.21649179324727],[-110.857057620883,32.21821332579085],[-110.85938160727672,32.21827795694539],[-110.86062165999559,32.21662105862059],[-110.85953776122855,32.2148995462881],[-110.85721384300366,32.21483491206926],[-110.85721384300366,32.21483491206926]]]},"properties":{"h3":"8948e85093bffff","count":1,"c3":0,"c6":0,"c12":0,"c24":1,"score":0.4,"risk":2,"peakDay":"Friday","peakTime":"afternoon","hood":"Palo Verde Park","bk12":{"morning":0,"afternoon":0,"evening":0,"night":0},"bk24":{"morning":0,"afternoon":1,"evening":0,"night":0},"recent":[{"d":"2025-05-09","day":"Fri","time":"14:30","desc":"Aggravated Assault - Domestic Violence (DV)","res":""}]}},{"type":"Feature","geometry":{"type":"Polygon","coordinates":[[[-110.90772152566548,32.2551265689531],[-110.90648180822461,32.25678360589633],[-110.90756673319976,32.258504296471926],[-110.90989140876175,32.25856792986205],[-110.91113109112527,32.25691087584612],[-110.91004613300707,32.255190205512825],[-110.90772152566548,32.2551265689531],[-110.90772152566548,32.2551265689531]]]},"properties":{"h3":"8948e8551bbffff","count":3,"c3":0,"c6":0,"c12":2,"c24":3,"score":1.5,"risk":7,"peakDay":"Wednesday","peakTime":"evening","hood":"Oak Flower","bk12":{"morning":1,"afternoon":1,"evening":0,"night":0},"bk24":{"morning":1,"afternoon":1,"evening":1,"night":0},"recent":[{"d":"2025-10-08","day":"Wed","time":"05:00","desc":"Aggravated Assault - Other","res":""},{"d":"2025-10-01","day":"Wed","time":"13:10","desc":"Aggravated Assault - Domestic Violence (DV)","res":""},{"d":"2025-05-09","day":"Fri","time":"17:30","desc":"Aggravated Assault - Domestic Violence (DV)","res":""}]}},{"type":"Feature","geometry":{"type":"Polygon","coordinates":[[[-110.89130269746495,32.15657373047045],[-110.89006377395603,32.15823131765077],[-110.89114755464692,32.15995303432087],[-110.89347029198306,32.16001714352939],[-110.89470918052233,32.15835953920469],[-110.89362536669799,32.156637842815925],[-110.89130269746495,32.15657373047045],[-110.89130269746495,32.15657373047045]]]},"properties":{"h3":"8948e852937ffff","count":1,"c3":0,"c6":0,"c12":0,"c24":1,"score":0.4,"risk":2,"peakDay":"Friday","peakTime":"night","hood":"Toumey Park","bk12":{"morning":0,"afternoon":0,"evening":0,"night":0},"bk24":{"morning":0,"afternoon":0,"evening":0,"night":1},"recent":[{"d":"2025-05-09","day":"Fri","time":"22:10","desc":"Aggravated Assault - Domestic Violence (DV)","res":""}]}},{"type":"Feature","geometry":{"type":"Polygon","coordinates":[[[-110.88557711414266,32.12934472397582],[-110.88433839082676,32.13100245126326],[-110.88542183971687,32.13272446095493],[-110.88774404505992,32.13278872306836],[-110.88898273343935,32.131130978615424],[-110.88789925141506,32.129408989214646],[-110.88557711414266,32.12934472397582],[-110.88557711414266,32.12934472397582]]]},"properties":{"h3":"8948e852d07ffff","count":2,"c3":0,"c6":0,"c12":1,"c24":2,"score":1,"risk":4,"peakDay":"Saturday","peakTime":"evening","hood":"","bk12":{"morning":1,"afternoon":0,"evening":0,"night":0},"bk24":{"morning":1,"afternoon":0,"evening":1,"night":0},"recent":[{"d":"2025-11-11","day":"Tue","time":"07:54","desc":"Aggravated Assault - Domestic Violence (DV)","res":""},{"d":"2025-05-10","day":"Sat","time":"17:23","desc":"Aggravated Assault - Drive-By","res":""}]}},{"type":"Feature","geometry":{"type":"Polygon","coordinates":[[[-110.90895454378042,32.151984514120734],[-110.90771594954245,32.153642286757254],[-110.90879992531463,32.15536387388045],[-110.91112252840826,32.15542766806418],[-110.9123610876277,32.15376987829881],[-110.91127707877494,32.15204831147862],[-110.90895454378042,32.151984514120734],[-110.90895454378042,32.151984514120734]]]},"properties":{"h3":"8948e857493ffff","count":1,"c3":0,"c6":0,"c12":0,"c24":1,"score":0.4,"risk":2,"peakDay":"Saturday","peakTime":"evening","hood":"","bk12":{"morning":0,"afternoon":0,"evening":0,"night":0},"bk24":{"morning":0,"afternoon":0,"evening":1,"night":0},"recent":[{"d":"2025-05-10","day":"Sat","time":"17:35","desc":"Aggravated Assault - Other","res":""}]}},{"type":"Feature","geometry":{"type":"Polygon","coordinates":[[[-110.8153826146861,32.213664190883065],[-110.81414187696646,32.215320714712036],[-110.81522516557347,32.21704265892765],[-110.81754922528535,32.21710805914779],[-110.81878992822348,32.215451518128674],[-110.81770660623415,32.21372959407965],[-110.8153826146861,32.213664190883065],[-110.8153826146861,32.213664190883065]]]},"properties":{"h3":"8948e850a37ffff","count":1,"c3":0,"c6":0,"c12":0,"c24":1,"score":0.4,"risk":2,"peakDay":"Sunday","peakTime":"night","hood":"","bk12":{"morning":0,"afternoon":0,"evening":0,"night":0},"bk24":{"morning":0,"afternoon":0,"evening":0,"night":1},"recent":[{"d":"2025-05-11","day":"Sun","time":"04:00","desc":"Aggravated Assault - Other","res":""}]}},{"type":"Feature","geometry":{"type":"Polygon","coordinates":[[[-110.95918110750684,32.275124483480354],[-110.95794199462252,32.276781826600065],[-110.95902780067668,32.27850184286565],[-110.96135275262567,32.278564495725604],[-110.96259183026973,32.2769071355971],[-110.96150599120799,32.275187139617486],[-110.95918110750684,32.275124483480354],[-110.95918110750684,32.275124483480354]]]},"properties":{"h3":"8948e854e4bffff","count":1,"c3":0,"c6":0,"c12":0,"c24":1,"score":0.4,"risk":2,"peakDay":"Sunday","peakTime":"morning","hood":"Campus Farm","bk12":{"morning":0,"afternoon":0,"evening":0,"night":0},"bk24":{"morning":1,"afternoon":0,"evening":0,"night":0},"recent":[{"d":"2025-05-11","day":"Sun","time":"06:42","desc":"Aggravated Assault - Domestic Violence (DV)","res":""}]}},{"type":"Feature","geometry":{"type":"Polygon","coordinates":[[[-110.83892217778279,32.23292953276108],[-110.8376816064024,32.23458612629939],[-110.83876539392452,32.23630767496826],[-110.84108978615635,32.236372609917915],[-110.84233032267457,32.23471599922421],[-110.84124650182603,32.232994470736315],[-110.83892217778279,32.23292953276108],[-110.83892217778279,32.23292953276108]]]},"properties":{"h3":"8948e85565bffff","count":1,"c3":0,"c6":0,"c12":0,"c24":1,"score":0.4,"risk":2,"peakDay":"Sunday","peakTime":"morning","hood":"El Gheko","bk12":{"morning":0,"afternoon":0,"evening":0,"night":0},"bk24":{"morning":1,"afternoon":0,"evening":0,"night":0},"recent":[{"d":"2025-05-11","day":"Sun","time":"07:21","desc":"Robbery - Miscellaneous","res":""}]}},{"type":"Feature","geometry":{"type":"Polygon","coordinates":[[[-110.8629371885079,32.24205442448336],[-110.86169690006737,32.24371116329704],[-110.86278109779413,32.245432400674396],[-110.86510561722757,32.24549687903647],[-110.86634587072996,32.243840123097016],[-110.86526163973996,32.24211890592131],[-110.8629371885079,32.24205442448336],[-110.8629371885079,32.24205442448336]]]},"properties":{"h3":"8948e855627ffff","count":3,"c3":0,"c6":0,"c12":0,"c24":3,"score":1.3,"risk":6,"peakDay":"Monday","peakTime":"night","hood":"","bk12":{"morning":0,"afternoon":0,"evening":0,"night":0},"bk24":{"morning":0,"afternoon":1,"evening":1,"night":1},"recent":[{"d":"2025-07-31","day":"Thu","time":"20:24","desc":"Aggravated Assault - Domestic Violence (DV)","res":""},{"d":"2025-05-24","day":"Sat","time":"12:57","desc":"Aggravated Assault - Drive-By","res":""},{"d":"2025-05-12","day":"Mon","time":"00:00","desc":"Aggravated Assault - Other","res":""}]}},{"type":"Feature","geometry":{"type":"Polygon","coordinates":[[[-110.82481895513469,32.235917167462205],[-110.82357812833389,32.23757361647827],[-110.82466175294607,32.239295274129084],[-110.82698623773027,32.23936046259986],[-110.82822702970846,32.23770399641566],[-110.82714337172798,32.2359823589289],[-110.82481895513469,32.235917167462205],[-110.82481895513469,32.235917167462205]]]},"properties":{"h3":"8948e8425d7ffff","count":1,"c3":0,"c6":0,"c12":0,"c24":1,"score":0.4,"risk":2,"peakDay":"Monday","peakTime":"morning","hood":"Garden District","bk12":{"morning":0,"afternoon":0,"evening":0,"night":0},"bk24":{"morning":1,"afternoon":0,"evening":0,"night":0},"recent":[{"d":"2025-05-12","day":"Mon","time":"05:23","desc":"Aggravated Assault - Other","res":""}]}},{"type":"Feature","geometry":{"type":"Polygon","coordinates":[[[-110.97124900479183,32.23994073680794],[-110.97001046080395,32.241598433393186],[-110.97109609914979,32.24331864520369],[-110.97342031443947,32.24338114010991],[-110.97465882317317,32.241723426508806],[-110.97357315187428,32.24000323501742],[-110.97124900479183,32.23994073680794],[-110.97124900479183,32.23994073680794]]]},"properties":{"h3":"8948e8541d7ffff","count":1,"c3":0,"c6":0,"c12":0,"c24":1,"score":0.4,"risk":2,"peakDay":"Monday","peakTime":"morning","hood":"Bronx Park","bk12":{"morning":0,"afternoon":0,"evening":0,"night":0},"bk24":{"morning":1,"afternoon":0,"evening":0,"night":0},"recent":[{"d":"2025-05-12","day":"Mon","time":"06:50","desc":"Aggravated Assault - Domestic Violence (DV)","res":""}]}},{"type":"Feature","geometry":{"type":"Polygon","coordinates":[[[-110.83472962408717,32.2480332837957],[-110.83348882439654,32.24968973366511],[-110.83457269659979,32.25141118920345],[-110.83689740184367,32.251476174704656],[-110.83813816667532,32.24981970768398],[-110.837054261125,32.24809827231344],[-110.83472962408717,32.2480332837957],[-110.83472962408717,32.2480332837957]]]},"properties":{"h3":"8948e842533ffff","count":1,"c3":0,"c6":0,"c12":0,"c24":1,"score":0.4,"risk":2,"peakDay":"Monday","peakTime":"morning","hood":"","bk12":{"morning":0,"afternoon":0,"evening":0,"night":0},"bk24":{"morning":1,"afternoon":0,"evening":0,"night":0},"recent":[{"d":"2025-05-12","day":"Mon","time":"07:59","desc":"Aggravated Assault - Other","res":""}]}},{"type":"Feature","geometry":{"type":"Polygon","coordinates":[[[-110.97491605561748,32.158854916543305],[-110.97367843688784,32.16051321313459],[-110.97476336466998,32.162234104388304],[-110.97708594408117,32.16229667868096],[-110.97832352759524,32.16063836503251],[-110.97723856691658,32.15891749414863],[-110.97491605561748,32.158854916543305],[-110.97491605561748,32.158854916543305]]]},"properties":{"h3":"8948e856473ffff","count":4,"c3":0,"c6":0,"c12":2,"c24":4,"score":2,"risk":9,"peakDay":"Monday","peakTime":"afternoon","hood":"Sunnyside","bk12":{"morning":1,"afternoon":1,"evening":0,"night":0},"bk24":{"morning":1,"afternoon":3,"evening":0,"night":0},"recent":[{"d":"2025-11-30","day":"Sun","time":"13:08","desc":"Aggravated Assault - Domestic Violence (DV)","res":""},{"d":"2025-11-05","day":"Wed","time":"10:25","desc":"Aggravated Assault - Other","res":""},{"d":"2025-05-12","day":"Mon","time":"15:46","desc":"Aggravated Assault - Other","res":""},{"d":"2025-05-12","day":"Mon","time":"15:46","desc":"Aggravated Assault - Other","res":""}]}},{"type":"Feature","geometry":{"type":"Polygon","coordinates":[[[-110.93313096144416,32.2338363009538],[-110.9318918759773,32.235493709507054],[-110.93297694394766,32.23721434350063],[-110.93530113044613,32.2372775486592],[-110.93654018077412,32.235620123047504],[-110.93545507974541,32.233899509335735],[-110.93313096144416,32.2338363009538],[-110.93313096144416,32.2338363009538]]]},"properties":{"h3":"8948e85462fffff","count":2,"c3":0,"c6":0,"c12":1,"c24":2,"score":0.9,"risk":4,"peakDay":"Monday","peakTime":"evening","hood":"Sam Hughes","bk12":{"morning":0,"afternoon":0,"evening":0,"night":1},"bk24":{"morning":0,"afternoon":0,"evening":1,"night":1},"recent":[{"d":"2025-09-07","day":"Sun","time":"01:50","desc":"Aggravated Assault - Other","res":""},{"d":"2025-05-12","day":"Mon","time":"17:34","desc":"Robbery - Highway","res":""}]}},{"type":"Feature","geometry":{"type":"Polygon","coordinates":[[[-110.83320475774444,32.20570732573996],[-110.83196438742657,32.20736406157847],[-110.83304784283467,32.20908590491347],[-110.83537170189055,32.20915099221961],[-110.83661203737942,32.207494239204706],[-110.83552854864428,32.20577241606012],[-110.83320475774444,32.20570732573996],[-110.83320475774444,32.20570732573996]]]},"properties":{"h3":"8948e85082bffff","count":6,"c3":0,"c6":0,"c12":3,"c24":6,"score":3.1,"risk":14,"peakDay":"Tuesday","peakTime":"evening","hood":"Dietz","bk12":{"morning":1,"afternoon":1,"evening":1,"night":0},"bk24":{"morning":1,"afternoon":1,"evening":4,"night":0},"recent":[{"d":"2025-12-03","day":"Wed","time":"12:30","desc":"Aggravated Assault - Domestic Violence (DV)","res":""},{"d":"2025-11-28","day":"Fri","time":"17:19","desc":"Aggravated Assault - Drive-By","res":""},{"d":"2025-09-13","day":"Sat","time":"11:20","desc":"Aggravated Assault - Other","res":""},{"d":"2025-08-05","day":"Tue","time":"20:00","desc":"Aggravated Assault - Other","res":""},{"d":"2025-08-05","day":"Tue","time":"20:00","desc":"Aggravated Assault - Other","res":""},{"d":"2025-05-12","day":"Mon","time":"20:55","desc":"Aggravated Assault - Domestic Violence (DV)","res":""}]}},{"type":"Feature","geometry":{"type":"Polygon","coordinates":[[[-110.96956655005287,32.2770947780866],[-110.96832758153087,32.27875219748592],[-110.96941354585825,32.280472095777554],[-110.97173851168958,32.28053455437399],[-110.97297744493973,32.278877117977636],[-110.9718914476333,32.27715723998195],[-110.96956655005287,32.2770947780866],[-110.96956655005287,32.2770947780866]]]},"properties":{"h3":"8948e854e73ffff","count":2,"c3":0,"c6":0,"c12":0,"c24":2,"score":0.9,"risk":4,"peakDay":"Tuesday","peakTime":"morning","hood":"Amphi","bk12":{"morning":0,"afternoon":0,"evening":0,"night":0},"bk24":{"morning":1,"afternoon":1,"evening":0,"night":0},"recent":[{"d":"2025-06-10","day":"Tue","time":"13:00","desc":"Aggravated Assault - Other","res":""},{"d":"2025-05-13","day":"Tue","time":"11:12","desc":"Aggravated Assault - Domestic Violence (DV)","res":""}]}},{"type":"Feature","geometry":{"type":"Polygon","coordinates":[[[-110.80888352150288,32.203331973521585],[-110.80764279163598,32.204988513408225],[-110.80872589558524,32.206710610747265],[-110.81104976279919,32.206776148034244],[-110.81229045790984,32.20511959094508],[-110.81120732056571,32.20339751377153],[-110.80888352150288,32.203331973521585],[-110.80888352150288,32.203331973521585]]]},"properties":{"h3":"8948e850a8fffff","count":1,"c3":0,"c6":0,"c12":0,"c24":1,"score":0.4,"risk":2,"peakDay":"Tuesday","peakTime":"afternoon","hood":"","bk12":{"morning":0,"afternoon":0,"evening":0,"night":0},"bk24":{"morning":0,"afternoon":1,"evening":0,"night":0},"recent":[{"d":"2025-05-13","day":"Tue","time":"15:25","desc":"Aggravated Assault - Domestic Violence (DV)","res":""}]}},{"type":"Feature","geometry":{"type":"Polygon","coordinates":[[[-110.97557548210469,32.2214550422788],[-110.97433720480414,32.22311290650443],[-110.97542272798155,32.22483324005624],[-110.9777465613926,32.22489568904808],[-110.97898480343761,32.22323780780077],[-110.97789924733,32.22151749458336],[-110.97557548210469,32.2214550422788],[-110.97557548210469,32.2214550422788]]]},"properties":{"h3":"8948e854513ffff","count":2,"c3":0,"c6":0,"c12":0,"c24":2,"score":0.9,"risk":4,"peakDay":"Tuesday","peakTime":"evening","hood":"Downtown","bk12":{"morning":0,"afternoon":0,"evening":0,"night":0},"bk24":{"morning":0,"afternoon":0,"evening":1,"night":1},"recent":[{"d":"2025-08-06","day":"Wed","time":"03:10","desc":"Aggravated Assault - Peace Officer (Non-Serious Injury)","res":""},{"d":"2025-05-13","day":"Tue","time":"20:11","desc":"Aggravated Assault - Other","res":""}]}},{"type":"Feature","geometry":{"type":"Polygon","coordinates":[[[-110.94907169489937,32.190295745594675],[-110.94783332881228,32.19195359862476],[-110.94891820346523,32.19367446297679],[-110.9512414771962,32.19373745397482],[-110.95247980812422,32.192079583878474],[-110.9513949004832,32.190358739850424],[-110.94907169489937,32.190295745594675],[-110.94907169489937,32.190295745594675]]]},"properties":{"h3":"8948e85620bffff","count":1,"c3":0,"c6":0,"c12":0,"c24":1,"score":0.4,"risk":2,"peakDay":"Tuesday","peakTime":"night","hood":"South Park","bk12":{"morning":0,"afternoon":0,"evening":0,"night":0},"bk24":{"morning":0,"afternoon":0,"evening":0,"night":1},"recent":[{"d":"2025-05-13","day":"Tue","time":"23:00","desc":"Aggravated Assault - Other","res":""}]}},{"type":"Feature","geometry":{"type":"Polygon","coordinates":[[[-110.9596026739889,32.18888951235281],[-110.95836449052993,32.19054746655497],[-110.95944949370255,32.192268241662504],[-110.96177271329428,32.19233104223187],[-110.9630108615642,32.1906730709735],[-110.96192582543435,32.188952316202055],[-110.9596026739889,32.18888951235281],[-110.9596026739889,32.18888951235281]]]},"properties":{"h3":"8948e8562abffff","count":1,"c3":0,"c6":0,"c12":0,"c24":1,"score":0.4,"risk":2,"peakDay":"Wednesday","peakTime":"morning","hood":"South Park","bk12":{"morning":0,"afternoon":0,"evening":0,"night":0},"bk24":{"morning":1,"afternoon":0,"evening":0,"night":0},"recent":[{"d":"2025-05-14","day":"Wed","time":"10:37","desc":"Aggravated Assault - Domestic Violence (DV)","res":""}]}},{"type":"Feature","geometry":{"type":"Polygon","coordinates":[[[-110.98723189310678,32.272496158917896],[-110.98599325543199,32.274153764245106],[-110.98707941419974,32.27587353245298],[-110.98940424357113,32.27593567501626],[-110.99064284592515,32.27427805270766],[-110.98955665423144,32.272558304817245],[-110.98723189310678,32.272496158917896],[-110.98723189310678,32.272496158917896]]]},"properties":{"h3":"8948e854ea7ffff","count":2,"c3":0,"c6":0,"c12":0,"c24":2,"score":0.8,"risk":4,"peakDay":"Wednesday","peakTime":"afternoon","hood":"","bk12":{"morning":0,"afternoon":0,"evening":0,"night":0},"bk24":{"morning":0,"afternoon":2,"evening":0,"night":0},"recent":[{"d":"2025-05-16","day":"Fri","time":"12:06","desc":"Aggravated Assault - Other","res":""},{"d":"2025-05-14","day":"Wed","time":"13:48","desc":"Aggravated Assault - Other","res":""}]}},{"type":"Feature","geometry":{"type":"Polygon","coordinates":[[[-110.92677537828322,32.220133675421295],[-110.925536338395,32.221791125271444],[-110.92662119231504,32.223511941639316],[-110.92894511919489,32.22357528787426],[-110.93018412397119,32.22191782095153],[-110.92909923698245,32.22019702486653],[-110.92677537828322,32.220133675421295],[-110.92677537828322,32.220133675421295]]]},"properties":{"h3":"8948e854613ffff","count":1,"c3":0,"c6":0,"c12":0,"c24":1,"score":0.4,"risk":2,"peakDay":"Wednesday","peakTime":"afternoon","hood":"Arroyo Chico","bk12":{"morning":0,"afternoon":0,"evening":0,"night":0},"bk24":{"morning":0,"afternoon":1,"evening":0,"night":0},"recent":[{"d":"2025-05-14","day":"Wed","time":"15:03","desc":"Aggravated Assault - Other","res":""}]}},{"type":"Feature","geometry":{"type":"Polygon","coordinates":[[[-110.97328323066165,32.27212238487936],[-110.97204437461772,32.27377987177855],[-110.97313034227913,32.27549977832853],[-110.97545519895296,32.27556217767661],[-110.97669401971714,32.27390467378149],[-110.97560801909016,32.27218478753428],[-110.97328323066165,32.27212238487936],[-110.97328323066165,32.27212238487936]]]},"properties":{"h3":"8948e854e03ffff","count":1,"c3":0,"c6":0,"c12":0,"c24":1,"score":0.4,"risk":2,"peakDay":"Thursday","peakTime":"night","hood":"Amphi","bk12":{"morning":0,"afternoon":0,"evening":0,"night":0},"bk24":{"morning":0,"afternoon":0,"evening":0,"night":1},"recent":[{"d":"2025-05-15","day":"Thu","time":"02:30","desc":"Aggravated Assault - Domestic Violence (DV)","res":""}]}},{"type":"Feature","geometry":{"type":"Polygon","coordinates":[[[-110.9935970125465,32.28619159942057],[-110.99235832975481,32.287849162972],[-110.99344470269114,32.28956874761338],[-110.99576979133764,32.28963074838701],[-110.99700843878158,32.287973167868316],[-110.99592203292967,32.28625360354333],[-110.9935970125465,32.28619159942057],[-110.9935970125465,32.28619159942057]]]},"properties":{"h3":"8948e85480bffff","count":2,"c3":0,"c6":0,"c12":0,"c24":2,"score":0.8,"risk":4,"peakDay":"Friday","peakTime":"morning","hood":"","bk12":{"morning":0,"afternoon":0,"evening":0,"night":0},"bk24":{"morning":2,"afternoon":0,"evening":0,"night":0},"recent":[{"d":"2025-05-16","day":"Fri","time":"06:42","desc":"Aggravated Assault - Peace Officer (Non-Serious Injury)","res":""},{"d":"2025-05-16","day":"Fri","time":"06:42","desc":"Aggravated Assault - Peace Officer (Non-Serious Injury)","res":""}]}},{"type":"Feature","geometry":{"type":"Polygon","coordinates":[[[-111.00383156065779,32.29153596025477],[-111.00259298394266,32.293193574694484],[-111.0036795446294,32.29491301250427],[-111.00600471492353,32.2949748155502],[-111.00724325625768,32.29331718415671],[-111.0061566626816,32.29159776667117],[-111.00383156065779,32.29153596025477],[-111.00383156065779,32.29153596025477]]]},"properties":{"h3":"8948e854823ffff","count":2,"c3":0,"c6":0,"c12":0,"c24":2,"score":0.8,"risk":4,"peakDay":"Friday","peakTime":"morning","hood":"Flowing Wells","bk12":{"morning":0,"afternoon":0,"evening":0,"night":0},"bk24":{"morning":2,"afternoon":0,"evening":0,"night":0},"recent":[{"d":"2025-05-16","day":"Fri","time":"09:00","desc":"Aggravated Assault - Other","res":""},{"d":"2025-05-16","day":"Fri","time":"09:00","desc":"Aggravated Assault - Other","res":""}]}},{"type":"Feature","geometry":{"type":"Polygon","coordinates":[[[-111.02899295709153,32.19751226933978],[-111.02775578763033,32.19917076357879],[-111.02884180359798,32.200890791618356],[-111.03116502179385,32.20095230501371],[-111.032402155858,32.19929379379486],[-111.03131610712626,32.19757378616056],[-111.02899295709153,32.19751226933978],[-111.02899295709153,32.19751226933978]]]},"properties":{"h3":"8948e856c8fffff","count":1,"c3":0,"c6":0,"c12":0,"c24":1,"score":0.4,"risk":2,"peakDay":"Saturday","peakTime":"morning","hood":"","bk12":{"morning":0,"afternoon":0,"evening":0,"night":0},"bk24":{"morning":1,"afternoon":0,"evening":0,"night":0},"recent":[{"d":"2025-05-17","day":"Sat","time":"05:00","desc":"Aggravated Assault - Domestic Violence (DV)","res":""}]}},{"type":"Feature","geometry":{"type":"Polygon","coordinates":[[[-110.96377613990082,32.173778783927595],[-110.96253818437555,32.175436879962845],[-110.96362310215098,32.17715774769343],[-110.96594600839133,32.177220499039564],[-110.96718392872454,32.17556238594398],[-110.96609897801235,32.17384153856268],[-110.96377613990082,32.173778783927595],[-110.96377613990082,32.173778783927595]]]},"properties":{"h3":"8948e856627ffff","count":2,"c3":0,"c6":0,"c12":0,"c24":2,"score":0.9,"risk":4,"peakDay":"Saturday","peakTime":"morning","hood":"Fairgrounds","bk12":{"morning":0,"afternoon":0,"evening":0,"night":0},"bk24":{"morning":2,"afternoon":0,"evening":0,"night":0},"recent":[{"d":"2025-06-16","day":"Mon","time":"05:48","desc":"Aggravated Assault - Domestic Violence (DV)","res":""},{"d":"2025-05-17","day":"Sat","time":"07:07","desc":"Aggravated Assault - Domestic Violence (DV)","res":""}]}},{"type":"Feature","geometry":{"type":"Polygon","coordinates":[[[-110.99898638248753,32.244065762497605],[-110.99774823653608,32.245723670483066],[-110.99883428644007,32.247443577348086],[-111.00115851517464,32.247505555881354],[-111.00239662578828,32.24584763091089],[-111.00131054300809,32.24412774439225],[-110.99898638248753,32.244065762497605],[-110.99898638248753,32.244065762497605]]]},"properties":{"h3":"8948e856a77ffff","count":1,"c3":0,"c6":0,"c12":0,"c24":1,"score":0.4,"risk":2,"peakDay":"Saturday","peakTime":"afternoon","hood":"Barrio El Rio","bk12":{"morning":0,"afternoon":0,"evening":0,"night":0},"bk24":{"morning":0,"afternoon":1,"evening":0,"night":0},"recent":[{"d":"2025-05-17","day":"Sat","time":"13:11","desc":"Aggravated Assault - Domestic Violence (DV)","res":""}]}},{"type":"Feature","geometry":{"type":"Polygon","coordinates":[[[-110.89423934224543,32.244610289973586],[-110.89299952325413,32.246267283832864],[-110.89408416772905,32.24798819741413],[-110.89640866437361,32.24805209690234],[-110.89764844833343,32.246395085950724],[-110.89656377068304,32.24467419260331],[-110.89423934224543,32.244610289973586],[-110.89423934224543,32.244610289973586]]]},"properties":{"h3":"8948e85556bffff","count":2,"c3":0,"c6":0,"c12":0,"c24":2,"score":0.9,"risk":4,"peakDay":"Saturday","peakTime":"afternoon","hood":"Garden District","bk12":{"morning":0,"afternoon":0,"evening":0,"night":0},"bk24":{"morning":0,"afternoon":1,"evening":0,"night":1},"recent":[{"d":"2025-08-17","day":"Sun","time":"01:59","desc":"Aggravated Assault - Domestic Violence (DV)","res":""},{"d":"2025-05-17","day":"Sat","time":"16:00","desc":"Aggravated Assault - Domestic Violence (DV)","res":""}]}},{"type":"Feature","geometry":{"type":"Polygon","coordinates":[[[-110.86527745282012,32.19137835989462],[-110.86403774417448,32.19303547657082],[-110.86512149912765,32.194757138020655],[-110.86744499595687,32.1948216625611],[-110.8686846696881,32.193164528733284],[-110.86760088150743,32.191442887516715],[-110.86527745282012,32.19137835989462],[-110.86527745282012,32.19137835989462]]]},"properties":{"h3":"8948e850d37ffff","count":2,"c3":0,"c6":0,"c12":1,"c24":2,"score":0.9,"risk":4,"peakDay":"Saturday","peakTime":"evening","hood":"Corbett","bk12":{"morning":1,"afternoon":0,"evening":0,"night":0},"bk24":{"morning":1,"afternoon":0,"evening":1,"night":0},"recent":[{"d":"2025-08-30","day":"Sat","time":"07:46","desc":"Aggravated Assault - Other","res":""},{"d":"2025-05-17","day":"Sat","time":"19:24","desc":"Aggravated Assault - Domestic Violence (DV)","res":""}]}},{"type":"Feature","geometry":{"type":"Polygon","coordinates":[[[-110.99064284592515,32.27427805270766],[-110.98940424357113,32.27593567501626],[-110.99049046492485,32.277655394341046],[-110.99281532155268,32.27771747103725],[-110.99405388857484,32.27605983175177],[-110.9929676343039,32.27434013274706],[-110.99064284592515,32.27427805270766],[-110.99064284592515,32.27427805270766]]]},"properties":{"h3":"8948e8548d3ffff","count":1,"c3":0,"c6":0,"c12":0,"c24":1,"score":0.4,"risk":2,"peakDay":"Saturday","peakTime":"evening","hood":"Flowing Wells","bk12":{"morning":0,"afternoon":0,"evening":0,"night":0},"bk24":{"morning":0,"afternoon":0,"evening":1,"night":0},"recent":[{"d":"2025-05-17","day":"Sat","time":"21:30","desc":"Aggravated Assault - Domestic Violence (DV)","res":""}]}},{"type":"Feature","geometry":{"type":"Polygon","coordinates":[[[-110.96779559934595,32.162046125701984],[-110.9665578331593,32.16370433842157],[-110.96764269511529,32.16542527040074],[-110.96996535617939,32.165487969300045],[-110.97120308716934,32.16382973951775],[-110.97011819229478,32.162108827898926],[-110.96779559934595,32.162046125701984],[-110.96779559934595,32.162046125701984]]]},"properties":{"h3":"8948e8566b7ffff","count":5,"c3":0,"c6":0,"c12":1,"c24":5,"score":2.5,"risk":11,"peakDay":"Saturday","peakTime":"morning","hood":"Rose","bk12":{"morning":1,"afternoon":0,"evening":0,"night":0},"bk24":{"morning":4,"afternoon":0,"evening":0,"night":1},"recent":[{"d":"2025-11-12","day":"Wed","time":"11:01","desc":"Aggravated Assault - Drive-By","res":""},{"d":"2025-08-02","day":"Sat","time":"07:24","desc":"Aggravated Assault - Other","res":""},{"d":"2025-08-02","day":"Sat","time":"07:24","desc":"Aggravated Assault - Other","res":""},{"d":"2025-07-28","day":"Mon","time":"07:59","desc":"Aggravated Assault - Other","res":""},{"d":"2025-05-18","day":"Sun","time":"01:01","desc":"Aggravated Assault - Other","res":""}]}},{"type":"Feature","geometry":{"type":"Polygon","coordinates":[[[-110.9842787069389,32.26058161163818],[-110.98304014971708,32.26223927559623],[-110.98412615694261,32.26395917828684],[-110.98645075432043,32.264021396698325],[-110.98768927623739,32.26236371574927],[-110.98660323608425,32.26064383337982],[-110.9842787069389,32.26058161163818],[-110.9842787069389,32.26058161163818]]]},"properties":{"h3":"8948e854c5bffff","count":1,"c3":0,"c6":0,"c12":0,"c24":1,"score":0.4,"risk":2,"peakDay":"Sunday","peakTime":"morning","hood":"Miracle Manor","bk12":{"morning":0,"afternoon":0,"evening":0,"night":0},"bk24":{"morning":1,"afternoon":0,"evening":0,"night":0},"recent":[{"d":"2025-05-18","day":"Sun","time":"10:25","desc":"Robbery - Residence","res":""}]}},{"type":"Feature","geometry":{"type":"Polygon","coordinates":[[[-110.85627637306392,32.235104592000205],[-110.8550360534532,32.23676132181564],[-110.85612009605136,32.23848268460629],[-110.85844449154138,32.23854729738312],[-110.8596847762377,32.23689055043121],[-110.85860070036131,32.23516920783901],[-110.85627637306392,32.235104592000205],[-110.85627637306392,32.235104592000205]]]},"properties":{"h3":"8948e855607ffff","count":2,"c3":0,"c6":0,"c12":0,"c24":2,"score":0.9,"risk":4,"peakDay":"Sunday","peakTime":"afternoon","hood":"","bk12":{"morning":0,"afternoon":0,"evening":0,"night":0},"bk24":{"morning":1,"afternoon":1,"evening":0,"night":0},"recent":[{"d":"2025-08-07","day":"Thu","time":"09:38","desc":"Robbery - Miscellaneous","res":""},{"d":"2025-05-18","day":"Sun","time":"13:00","desc":"Robbery - Convenience Stores","res":""}]}},{"type":"Feature","geometry":{"type":"Polygon","coordinates":[[[-110.82979756891136,32.20392029831498],[-110.82855716377556,32.20557701697263],[-110.82964055636386,32.20729890869822],[-110.83196438742657,32.20736406157847],[-110.83320475774444,32.20570732573996],[-110.83212133182043,32.20398545420214],[-110.82979756891136,32.20392029831498],[-110.82979756891136,32.20392029831498]]]},"properties":{"h3":"8948e850877ffff","count":4,"c3":0,"c6":0,"c12":1,"c24":4,"score":1.9,"risk":8,"peakDay":"Sunday","peakTime":"afternoon","hood":"Dietz","bk12":{"morning":0,"afternoon":1,"evening":0,"night":0},"bk24":{"morning":0,"afternoon":2,"evening":0,"night":2},"recent":[{"d":"2025-09-22","day":"Mon","time":"15:20","desc":"Aggravated Assault - Domestic Violence (DV)","res":""},{"d":"2025-07-13","day":"Sun","time":"01:06","desc":"Aggravated Assault - Domestic Violence (DV)","res":""},{"d":"2025-07-13","day":"Sun","time":"01:06","desc":"Aggravated Assault - Domestic Violence (DV)","res":""},{"d":"2025-05-18","day":"Sun","time":"14:33","desc":"Aggravated Assault - Other","res":""}]}},{"type":"Feature","geometry":{"type":"Polygon","coordinates":[[[-110.9586458049417,32.13303844273547],[-110.95740820293014,32.13469677810809],[-110.95849267038386,32.136418052483215],[-110.96081477278021,32.13648097111845],[-110.96205233963943,32.13482261865749],[-110.9609678392575,32.133101364649704],[-110.9586458049417,32.13303844273547],[-110.9586458049417,32.13303844273547]]]},"properties":{"h3":"8948e8cd983ffff","count":7,"c3":0,"c6":0,"c12":4,"c24":7,"score":3.6,"risk":16,"peakDay":"Sunday","peakTime":"afternoon","hood":"Barrio Nopal","bk12":{"morning":0,"afternoon":3,"evening":0,"night":1},"bk24":{"morning":1,"afternoon":4,"evening":1,"night":1},"recent":[{"d":"2025-12-17","day":"Wed","time":"15:47","desc":"Robbery - Convenience Stores","res":""},{"d":"2025-10-29","day":"Wed","time":"14:40","desc":"Robbery - Convenience Stores","res":""},{"d":"2025-10-16","day":"Thu","time":"22:04","desc":"Robbery - Convenience Stores","res":""},{"d":"2025-09-07","day":"Sun","time":"15:15","desc":"Aggravated Assault - Other","res":""},{"d":"2025-08-02","day":"Sat","time":"09:30","desc":"Aggravated Assault - Domestic Violence (DV)","res":""},{"d":"2025-06-01","day":"Sun","time":"15:30","desc":"Aggravated Assault - Other","res":""},{"d":"2025-05-18","day":"Sun","time":"19:12","desc":"Aggravated Assault - Other","res":""}]}},{"type":"Feature","geometry":{"type":"Polygon","coordinates":[[[-110.95634784537171,32.183727025424794],[-110.95510966529166,32.18538498754087],[-110.956194576325,32.1871058394897],[-110.9585177004049,32.187168708986945],[-110.95975584530858,32.18551072980844],[-110.95867090131162,32.18378989819518],[-110.95634784537171,32.183727025424794],[-110.95634784537171,32.183727025424794]]]},"properties":{"h3":"8948e85628fffff","count":2,"c3":0,"c6":0,"c12":1,"c24":2,"score":1,"risk":4,"peakDay":"Monday","peakTime":"night","hood":"South Park","bk12":{"morning":0,"afternoon":0,"evening":0,"night":1},"bk24":{"morning":0,"afternoon":0,"evening":0,"night":2},"recent":[{"d":"2025-10-26","day":"Sun","time":"02:36","desc":"Robbery - Convenience Stores","res":""},{"d":"2025-05-19","day":"Mon","time":"00:03","desc":"Robbery - Highway","res":""}]}},{"type":"Feature","geometry":{"type":"Polygon","coordinates":[[[-110.91577719590099,32.23167182233722],[-110.91453785766882,32.23332909519969],[-110.91562267145751,32.23504991567796],[-110.9179468565879,32.235113443029405],[-110.91918615973333,32.23345615308948],[-110.918101312838,32.23173535287563],[-110.91577719590099,32.23167182233722],[-110.91577719590099,32.23167182233722]]]},"properties":{"h3":"8948e8555b7ffff","count":3,"c3":0,"c6":0,"c12":2,"c24":3,"score":1.7,"risk":8,"peakDay":"Monday","peakTime":"morning","hood":"Miramonte","bk12":{"morning":1,"afternoon":1,"evening":0,"night":0},"bk24":{"morning":2,"afternoon":1,"evening":0,"night":0},"recent":[{"d":"2025-12-31","day":"Wed","time":"07:31","desc":"Aggravated Assault - Other","res":""},{"d":"2025-12-01","day":"Mon","time":"15:24","desc":"Aggravated Assault - Other","res":""},{"d":"2025-05-19","day":"Mon","time":"09:49","desc":"Aggravated Assault - Domestic Violence (DV)","res":""}]}},{"type":"Feature","geometry":{"type":"Polygon","coordinates":[[[-110.87146888885142,32.20846512576235],[-110.87022909549876,32.21012217620972],[-110.87131309399113,32.21184362788041],[-110.87363691905874,32.21190800887369],[-110.87487667746854,32.21025094129057],[-110.87379264575651,32.208529509849996],[-110.87146888885142,32.20846512576235],[-110.87146888885142,32.20846512576235]]]},"properties":{"h3":"8948e85726bffff","count":1,"c3":0,"c6":0,"c12":0,"c24":1,"score":0.4,"risk":2,"peakDay":"Monday","peakTime":"morning","hood":"Colonia Del Valle","bk12":{"morning":0,"afternoon":0,"evening":0,"night":0},"bk24":{"morning":1,"afternoon":0,"evening":0,"night":0},"recent":[{"d":"2025-05-19","day":"Mon","time":"10:56","desc":"Aggravated Assault - Drive-By","res":""}]}},{"type":"Feature","geometry":{"type":"Polygon","coordinates":[[[-110.8909992067632,32.087189998804746],[-110.88976101966716,32.088848065705115],[-110.89084414786115,32.09057039032717],[-110.89316549624877,32.09063462772783],[-110.89440364841789,32.088976543643895],[-110.89332048712922,32.087254239342926],[-110.8909992067632,32.087189998804746],[-110.8909992067632,32.087189998804746]]]},"properties":{"h3":"8948e8cd023ffff","count":1,"c3":0,"c6":0,"c12":0,"c24":1,"score":0.4,"risk":2,"peakDay":"Monday","peakTime":"afternoon","hood":"Toumey Park","bk12":{"morning":0,"afternoon":0,"evening":0,"night":0},"bk24":{"morning":0,"afternoon":1,"evening":0,"night":0},"recent":[{"d":"2025-05-19","day":"Mon","time":"12:30","desc":"Robbery - Miscellaneous","res":""}]}},{"type":"Feature","geometry":{"type":"Polygon","coordinates":[[[-110.96576481583118,32.12984742793477],[-110.96452736116437,32.13150584706086],[-110.96561189446346,32.13322708069658],[-110.96793391533836,32.13328987482944],[-110.96917133483399,32.131631438620545],[-110.96808676862877,32.12991022536165],[-110.96576481583118,32.12984742793477],[-110.96576481583118,32.12984742793477]]]},"properties":{"h3":"8948e8cca5bffff","count":1,"c3":0,"c6":0,"c12":0,"c24":1,"score":0.4,"risk":2,"peakDay":"Monday","peakTime":"afternoon","hood":"Barrio Nopal","bk12":{"morning":0,"afternoon":0,"evening":0,"night":0},"bk24":{"morning":0,"afternoon":1,"evening":0,"night":0},"recent":[{"d":"2025-05-19","day":"Mon","time":"16:50","desc":"Aggravated Assault - Drive-By","res":""}]}},{"type":"Feature","geometry":{"type":"Polygon","coordinates":[[[-110.79185020434078,32.19439217860107],[-110.79060930085883,32.196048632408115],[-110.7916920904384,32.19777097131475],[-110.79401581694097,32.197836836262255],[-110.79525668572202,32.19618036523033],[-110.79417386270431,32.19445804647587],[-110.79185020434078,32.19439217860107],[-110.79185020434078,32.19439217860107]]]},"properties":{"h3":"8948e851da3ffff","count":1,"c3":0,"c6":0,"c12":0,"c24":1,"score":0.4,"risk":2,"peakDay":"Tuesday","peakTime":"night","hood":"","bk12":{"morning":0,"afternoon":0,"evening":0,"night":0},"bk24":{"morning":0,"afternoon":0,"evening":0,"night":1},"recent":[{"d":"2025-05-20","day":"Tue","time":"04:48","desc":"Aggravated Assault - Domestic Violence (DV)","res":""}]}},{"type":"Feature","geometry":{"type":"Polygon","coordinates":[[[-110.90167746997705,32.23466785392898],[-110.90043787561626,32.23632498287553],[-110.90152252730573,32.23804591273286],[-110.9038468065075,32.23810969339617],[-110.90508636582106,32.236452547359384],[-110.904001680983,32.23473163774962],[-110.90167746997705,32.23466785392898],[-110.90167746997705,32.23466785392898]]]},"properties":{"h3":"8948e855503ffff","count":4,"c3":0,"c6":0,"c12":1,"c24":4,"score":2,"risk":9,"peakDay":"Tuesday","peakTime":"morning","hood":"Midway Village","bk12":{"morning":1,"afternoon":0,"evening":0,"night":0},"bk24":{"morning":3,"afternoon":1,"evening":0,"night":0},"recent":[{"d":"2025-11-25","day":"Tue","time":"11:00","desc":"Robbery - Highway","res":""},{"d":"2025-07-11","day":"Fri","time":"09:29","desc":"Robbery - Miscellaneous","res":""},{"d":"2025-07-08","day":"Tue","time":"12:15","desc":"Aggravated Assault - Other","res":""},{"d":"2025-05-20","day":"Tue","time":"07:30","desc":"Aggravated Assault - Other","res":""}]}},{"type":"Feature","geometry":{"type":"Polygon","coordinates":[[[-110.96274503024054,32.27352975422569],[-110.96150599120799,32.275187139617486],[-110.96259183026973,32.2769071355971],[-110.96491674136347,32.27696972589428],[-110.96615574514628,32.27531232349647],[-110.96506987308803,32.27359234780757],[-110.96274503024054,32.27352975422569],[-110.96274503024054,32.27352975422569]]]},"properties":{"h3":"8948e854e43ffff","count":1,"c3":0,"c6":0,"c12":0,"c24":1,"score":0.4,"risk":2,"peakDay":"Tuesday","peakTime":"morning","hood":"Amphi","bk12":{"morning":0,"afternoon":0,"evening":0,"night":0},"bk24":{"morning":1,"afternoon":0,"evening":0,"night":0},"recent":[{"d":"2025-05-20","day":"Tue","time":"08:06","desc":"Aggravated Assault - Domestic Violence (DV)","res":""}]}},{"type":"Feature","geometry":{"type":"Polygon","coordinates":[[[-110.92614228585603,32.157530939182706],[-110.9249039053853,32.15918882234356],[-110.92598816461138,32.16091019546627],[-110.92831083734583,32.16097366510991],[-110.92954918274438,32.15931576484094],[-110.92846489048355,32.1575944120365],[-110.92614228585603,32.157530939182706],[-110.92614228585603,32.157530939182706]]]},"properties":{"h3":"8948e8cdb73ffff","count":1,"c3":0,"c6":0,"c12":0,"c24":1,"score":0.4,"risk":2,"peakDay":"Tuesday","peakTime":"morning","hood":"","bk12":{"morning":0,"afternoon":0,"evening":0,"night":0},"bk24":{"morning":1,"afternoon":0,"evening":0,"night":0},"recent":[{"d":"2025-05-20","day":"Tue","time":"10:03","desc":"Robbery - Convenience Stores","res":""}]}},{"type":"Feature","geometry":{"type":"Polygon","coordinates":[[[-110.79557269061284,32.189422681936385],[-110.79433189921725,32.19107920336043],[-110.79541469279144,32.19280155024222],[-110.79773831118882,32.192867355541004],[-110.7989790678756,32.191210816893104],[-110.79789624087668,32.18948849017036],[-110.79557269061284,32.189422681936385],[-110.79557269061284,32.189422681936385]]]},"properties":{"h3":"8948e850e4fffff","count":3,"c3":0,"c6":0,"c12":0,"c24":3,"score":1.3,"risk":6,"peakDay":"Tuesday","peakTime":"evening","hood":"South Harrison","bk12":{"morning":0,"afternoon":0,"evening":0,"night":0},"bk24":{"morning":1,"afternoon":1,"evening":1,"night":0},"recent":[{"d":"2025-07-28","day":"Mon","time":"09:36","desc":"Aggravated Assault - Domestic Violence (DV)","res":""},{"d":"2025-06-14","day":"Sat","time":"14:18","desc":"Aggravated Assault - Other","res":""},{"d":"2025-05-20","day":"Tue","time":"17:00","desc":"Aggravated Assault - Domestic Violence (DV)","res":""}]}},{"type":"Feature","geometry":{"type":"Polygon","coordinates":[[[-110.82314066233461,32.19696717554612],[-110.8219002262704,32.19862388501013],[-110.82298346373283,32.200345901658615],[-110.82530717061302,32.20041118865859],[-110.82654757188301,32.19875446200305],[-110.82546430106994,32.197032465539124],[-110.82314066233461,32.19696717554612],[-110.82314066233461,32.19696717554612]]]},"properties":{"h3":"8948e850857ffff","count":1,"c3":0,"c6":0,"c12":0,"c24":1,"score":0.4,"risk":2,"peakDay":"Thursday","peakTime":"afternoon","hood":"Dietz","bk12":{"morning":0,"afternoon":0,"evening":0,"night":0},"bk24":{"morning":0,"afternoon":1,"evening":0,"night":0},"recent":[{"d":"2025-05-22","day":"Thu","time":"13:42","desc":"Aggravated Assault - Domestic Violence (DV)","res":""}]}},{"type":"Feature","geometry":{"type":"Polygon","coordinates":[[[-110.99989877173672,32.223797748903124],[-110.99866085710786,32.225455807381095],[-110.99974672912408,32.22717588492551],[-111.00207054863412,32.22723788363297],[-111.00330842793485,32.2255798081597],[-111.00222252305655,32.223859750974334],[-110.99989877173672,32.223797748903124],[-110.99989877173672,32.223797748903124]]]},"properties":{"h3":"8948e856e67ffff","count":1,"c3":0,"c6":0,"c12":0,"c24":1,"score":0.4,"risk":2,"peakDay":"Thursday","peakTime":"evening","hood":"Menlo Park","bk12":{"morning":0,"afternoon":0,"evening":0,"night":0},"bk24":{"morning":0,"afternoon":0,"evening":1,"night":0},"recent":[{"d":"2025-05-22","day":"Thu","time":"18:25","desc":"Aggravated Assault - Peace Officer (Non-Serious Injury)","res":""}]}},{"type":"Feature","geometry":{"type":"Polygon","coordinates":[[[-110.98015395019245,32.12008435793838],[-110.97891682877564,32.121742969157474],[-110.98000146405954,32.12346414931869],[-110.9823232536227,32.12352669786299],[-110.98356033983222,32.121868069570475],[-110.98247567168877,32.120146909807154],[-110.98015395019245,32.12008435793838],[-110.98015395019245,32.12008435793838]]]},"properties":{"h3":"8948e8cca9bffff","count":3,"c3":0,"c6":0,"c12":2,"c24":3,"score":1.5,"risk":7,"peakDay":"Thursday","peakTime":"morning","hood":"Elvira","bk12":{"morning":2,"afternoon":0,"evening":0,"night":0},"bk24":{"morning":2,"afternoon":0,"evening":1,"night":0},"recent":[{"d":"2025-09-16","day":"Tue","time":"10:19","desc":"Aggravated Assault - Drive-By","res":""},{"d":"2025-08-22","day":"Fri","time":"11:02","desc":"Aggravated Assault - Domestic Violence (DV)","res":""},{"d":"2025-05-22","day":"Thu","time":"20:57","desc":"Aggravated Assault - Drive-By","res":""}]}},{"type":"Feature","geometry":{"type":"Polygon","coordinates":[[[-110.98574824284435,32.15068801585454],[-110.98451088385195,32.15234646298972],[-110.98559588069647,32.15406732128646],[-110.98791826939723,32.154129712061945],[-110.98915559314743,32.15247124787621],[-110.98807056344194,32.15075040996562],[-110.98574824284435,32.15068801585454],[-110.98574824284435,32.15068801585454]]]},"properties":{"h3":"8948e8564bbffff","count":2,"c3":0,"c6":0,"c12":1,"c24":2,"score":1,"risk":4,"peakDay":"Friday","peakTime":"morning","hood":"Sunnyside","bk12":{"morning":0,"afternoon":0,"evening":1,"night":0},"bk24":{"morning":1,"afternoon":0,"evening":1,"night":0},"recent":[{"d":"2025-09-25","day":"Thu","time":"20:12","desc":"Aggravated Assault - Drive-By","res":""},{"d":"2025-05-23","day":"Fri","time":"06:00","desc":"Aggravated Assault - Other","res":""}]}},{"type":"Feature","geometry":{"type":"Polygon","coordinates":[[[-110.76650764048516,32.13952995619224],[-110.76526692413275,32.141186573524536],[-110.76634885766931,32.14290963431836],[-110.76867154103972,32.1429760576238],[-110.76991222279844,32.14131942301016],[-110.76883025578334,32.13959638237251],[-110.76650764048516,32.13952995619224],[-110.76650764048516,32.13952995619224]]]},"properties":{"h3":"8948e850633ffff","count":2,"c3":0,"c6":0,"c12":0,"c24":2,"score":0.8,"risk":4,"peakDay":"Friday","peakTime":"afternoon","hood":"","bk12":{"morning":0,"afternoon":0,"evening":0,"night":0},"bk24":{"morning":0,"afternoon":2,"evening":0,"night":0},"recent":[{"d":"2025-05-23","day":"Fri","time":"13:24","desc":"Aggravated Assault - Drive-By","res":""},{"d":"2025-05-23","day":"Fri","time":"13:24","desc":"Aggravated Assault - Drive-By","res":""}]}},{"type":"Feature","geometry":{"type":"Polygon","coordinates":[[[-110.89361858964885,32.258121597767314],[-110.89237861605025,32.259778490551945],[-110.89346337877578,32.26149929048799],[-110.89578814828779,32.26156317741406],[-110.89702808684858,32.25990626754396],[-110.89594329093806,32.25818548783334],[-110.89361858964885,32.258121597767314],[-110.89361858964885,32.258121597767314]]]},"properties":{"h3":"8948e855157ffff","count":1,"c3":0,"c6":0,"c12":0,"c24":1,"score":0.4,"risk":2,"peakDay":"Friday","peakTime":"afternoon","hood":"Vista Del Monte","bk12":{"morning":0,"afternoon":0,"evening":0,"night":0},"bk24":{"morning":0,"afternoon":1,"evening":0,"night":0},"recent":[{"d":"2025-05-23","day":"Fri","time":"13:39","desc":"Aggravated Assault - Domestic Violence (DV)","res":""}]}},{"type":"Feature","geometry":{"type":"Polygon","coordinates":[[[-110.77323272874169,32.219236615938314],[-110.77199126475742,32.22089273101615],[-110.7730740341495,32.222615029747665],[-110.77539830103424,32.22268119328364],[-110.77663973035745,32.22102506097586],[-110.77555692745987,32.21930278236213],[-110.77323272874169,32.219236615938314],[-110.77323272874169,32.219236615938314]]]},"properties":{"h3":"8948e851957ffff","count":3,"c3":0,"c6":0,"c12":1,"c24":3,"score":1.4,"risk":6,"peakDay":"Friday","peakTime":"afternoon","hood":"Bonanza","bk12":{"morning":0,"afternoon":1,"evening":0,"night":0},"bk24":{"morning":0,"afternoon":3,"evening":0,"night":0},"recent":[{"d":"2025-10-08","day":"Wed","time":"12:41","desc":"Aggravated Assault - Other","res":""},{"d":"2025-06-08","day":"Sun","time":"12:00","desc":"Aggravated Assault - Other","res":""},{"d":"2025-05-23","day":"Fri","time":"14:36","desc":"Aggravated Assault - Other","res":""}]}},{"type":"Feature","geometry":{"type":"Polygon","coordinates":[[[-110.84001940779586,32.20928103869072],[-110.83877910714708,32.21093780887753],[-110.83986268818067,32.212659555396854],[-110.84218660317563,32.212724511533686],[-110.84342686897325,32.21106772417943],[-110.84234325462997,32.20934599785584],[-110.84001940779586,32.20928103869072],[-110.84001940779586,32.20928103869072]]]},"properties":{"h3":"8948e85095bffff","count":1,"c3":0,"c6":0,"c12":0,"c24":1,"score":0.4,"risk":2,"peakDay":"Friday","peakTime":"evening","hood":"Palo Verde Park","bk12":{"morning":0,"afternoon":0,"evening":0,"night":0},"bk24":{"morning":0,"afternoon":0,"evening":1,"night":0},"recent":[{"d":"2025-05-23","day":"Fri","time":"18:43","desc":"Aggravated Assault - Other","res":""}]}},{"type":"Feature","geometry":{"type":"Polygon","coordinates":[[[-110.89811362408716,32.236261136512084],[-110.89687395605306,32.237918223155845],[-110.8979585745829,32.23963917325599],[-110.90028289430938,32.23970301646963],[-110.90152252730573,32.23804591273286],[-110.90043787561626,32.23632498287553],[-110.89811362408716,32.236261136512084],[-110.89811362408716,32.236261136512084]]]},"properties":{"h3":"8948e85550bffff","count":3,"c3":0,"c6":0,"c12":1,"c24":3,"score":1.4,"risk":6,"peakDay":"Friday","peakTime":"night","hood":"Garden District","bk12":{"morning":0,"afternoon":0,"evening":1,"night":0},"bk24":{"morning":0,"afternoon":0,"evening":1,"night":2},"recent":[{"d":"2025-10-13","day":"Mon","time":"18:00","desc":"Aggravated Assault - Other","res":""},{"d":"2025-05-23","day":"Fri","time":"22:04","desc":"Aggravated Assault - Domestic Violence (DV)","res":""},{"d":"2025-05-23","day":"Fri","time":"22:04","desc":"Aggravated Assault - Domestic Violence (DV)","res":""}]}},{"type":"Feature","geometry":{"type":"Polygon","coordinates":[[[-110.96722720866433,32.251669371534966],[-110.96598847508417,32.25332695047047],[-110.96707416934372,32.25504709721514],[-110.96939863015753,32.25510964471633],[-110.97063732848817,32.25345204876732],[-110.9695516012574,32.251731922330706],[-110.96722720866433,32.251669371534966],[-110.96722720866433,32.251669371534966]]]},"properties":{"h3":"8948e854147ffff","count":1,"c3":0,"c6":0,"c12":0,"c24":1,"score":0.4,"risk":2,"peakDay":"Saturday","peakTime":"afternoon","hood":"Keeling","bk12":{"morning":0,"afternoon":0,"evening":0,"night":0},"bk24":{"morning":0,"afternoon":1,"evening":0,"night":0},"recent":[{"d":"2025-05-24","day":"Sat","time":"16:28","desc":"Aggravated Assault - Other","res":""}]}},{"type":"Feature","geometry":{"type":"Polygon","coordinates":[[[-110.95143878176347,32.291822565733945],[-110.95019936668385,32.29347972303594],[-110.95128522521607,32.29519966556979],[-110.95361053187005,32.295262430533626],[-110.95484991172194,32.293605256224104],[-110.95376402015047,32.29188533395835],[-110.95143878176347,32.291822565733945],[-110.95143878176347,32.291822565733945]]]},"properties":{"h3":"8948e855d2bffff","count":1,"c3":0,"c6":0,"c12":0,"c24":1,"score":0.4,"risk":2,"peakDay":"Saturday","peakTime":"evening","hood":"","bk12":{"morning":0,"afternoon":0,"evening":0,"night":0},"bk24":{"morning":0,"afternoon":0,"evening":1,"night":0},"recent":[{"d":"2025-05-24","day":"Sat","time":"20:08","desc":"Aggravated Assault - Other","res":""}]}},{"type":"Feature","geometry":{"type":"Polygon","coordinates":[[[-110.83939247428087,32.222794784828295],[-110.83815201894264,32.22445145414116],[-110.83923571796018,32.226173087668805],[-110.84155990563812,32.22623803169637],[-110.84280032611893,32.22458134522296],[-110.84171659378214,32.2228597318826],[-110.83939247428087,32.222794784828295],[-110.83939247428087,32.222794784828295]]]},"properties":{"h3":"8948e850bafffff","count":1,"c3":0,"c6":0,"c12":0,"c24":1,"score":0.4,"risk":2,"peakDay":"Sunday","peakTime":"morning","hood":"Broadway Northeast","bk12":{"morning":0,"afternoon":0,"evening":0,"night":0},"bk24":{"morning":1,"afternoon":0,"evening":0,"night":0},"recent":[{"d":"2025-05-25","day":"Sun","time":"11:15","desc":"Aggravated Assault - Other","res":""}]}},{"type":"Feature","geometry":{"type":"Polygon","coordinates":[[[-110.9035360745742,32.194126977269576],[-110.90229694365429,32.195784407848606],[-110.90338124072521,32.19750567727719],[-110.90570470183899,32.19756949585395],[-110.90694379773075,32.19591204816402],[-110.90585946753977,32.19419079900831],[-110.9035360745742,32.194126977269576],[-110.9035360745742,32.194126977269576]]]},"properties":{"h3":"8948e857077ffff","count":2,"c3":0,"c6":0,"c12":1,"c24":2,"score":1,"risk":4,"peakDay":"Sunday","peakTime":"afternoon","hood":"Roberts","bk12":{"morning":0,"afternoon":0,"evening":0,"night":1},"bk24":{"morning":0,"afternoon":1,"evening":0,"night":1},"recent":[{"d":"2025-09-14","day":"Sun","time":"22:54","desc":"Aggravated Assault - Other","res":""},{"d":"2025-05-25","day":"Sun","time":"15:51","desc":"Aggravated Assault - Other","res":""}]}},{"type":"Feature","geometry":{"type":"Polygon","coordinates":[[[-110.91515904382933,32.24518387428752],[-110.91391955109475,32.2468410463515],[-110.91500448318473,32.24856175327887],[-110.91732894112837,32.24862526788631],[-110.91856839876984,32.24696807875173],[-110.91748343356369,32.245247392080366],[-110.91515904382933,32.24518387428752],[-110.91515904382933,32.24518387428752]]]},"properties":{"h3":"8948e854253ffff","count":1,"c3":0,"c6":0,"c12":0,"c24":1,"score":0.4,"risk":2,"peakDay":"Sunday","peakTime":"evening","hood":"Jefferson Park","bk12":{"morning":0,"afternoon":0,"evening":0,"night":0},"bk24":{"morning":0,"afternoon":0,"evening":1,"night":0},"recent":[{"d":"2025-05-25","day":"Sun","time":"17:00","desc":"Aggravated Assault - Drive-By","res":""}]}},{"type":"Feature","geometry":{"type":"Polygon","coordinates":[[[-110.95389446351976,32.23778165107556],[-110.95265566624431,32.23943921223573],[-110.95374105082344,32.241159610877915],[-110.95606526568224,32.2412224280582],[-110.95730402775561,32.23956484986311],[-110.95621861017513,32.23784447152272],[-110.95389446351976,32.23778165107556],[-110.95389446351976,32.23778165107556]]]},"properties":{"h3":"8948e854007ffff","count":1,"c3":0,"c6":0,"c12":0,"c24":1,"score":0.4,"risk":2,"peakDay":"Monday","peakTime":"night","hood":"Feldman's","bk12":{"morning":0,"afternoon":0,"evening":0,"night":0},"bk24":{"morning":0,"afternoon":0,"evening":0,"night":1},"recent":[{"d":"2025-05-26","day":"Mon","time":"04:06","desc":"Aggravated Assault - Other","res":""}]}},{"type":"Feature","geometry":{"type":"Polygon","coordinates":[[[-110.79239609367389,32.10811601352416],[-110.79115612221345,32.10977307665189],[-110.79223811344787,32.1114961635593],[-110.79456010953248,32.11156216713672],[-110.7958000463421,32.109905086736326],[-110.7947180217208,32.10818202003126],[-110.79239609367389,32.10811601352416],[-110.79239609367389,32.10811601352416]]]},"properties":{"h3":"8948e852223ffff","count":1,"c3":0,"c6":0,"c12":0,"c24":1,"score":0.4,"risk":2,"peakDay":"Monday","peakTime":"morning","hood":"Rita Ranch","bk12":{"morning":0,"afternoon":0,"evening":0,"night":0},"bk24":{"morning":1,"afternoon":0,"evening":0,"night":0},"recent":[{"d":"2025-05-26","day":"Mon","time":"05:01","desc":"Aggravated Assault - Other","res":""}]}},{"type":"Feature","geometry":{"type":"Polygon","coordinates":[[[-110.8806038225544,32.23746996299669],[-110.87936386354801,32.23912688844176],[-110.8804482570231,32.2408479964148],[-110.88277264271773,32.24091215871955],[-110.88401256673694,32.23925521616421],[-110.8829281400516,32.23753412841445],[-110.8806038225544,32.23746996299669],[-110.8806038225544,32.23746996299669]]]},"properties":{"h3":"8948e855083ffff","count":1,"c3":0,"c6":0,"c12":0,"c24":1,"score":0.4,"risk":2,"peakDay":"Monday","peakTime":"morning","hood":"Avondale","bk12":{"morning":0,"afternoon":0,"evening":0,"night":0},"bk24":{"morning":1,"afternoon":0,"evening":0,"night":0},"recent":[{"d":"2025-05-26","day":"Mon","time":"08:57","desc":"Aggravated Assault - Other","res":""}]}},{"type":"Feature","geometry":{"type":"Polygon","coordinates":[[[-110.94455996251071,32.13603964609128],[-110.94332210440999,32.13769783863943],[-110.94440641049047,32.139419222518924],[-110.94672860764464,32.139482393499826],[-110.9479664306324,32.13782418385049],[-110.94688209158184,32.136102820321504],[-110.94455996251071,32.13603964609128],[-110.94455996251071,32.13603964609128]]]},"properties":{"h3":"8948e8cd9cbffff","count":6,"c3":0,"c6":0,"c12":3,"c24":6,"score":3.2,"risk":15,"peakDay":"Friday","peakTime":"afternoon","hood":"","bk12":{"morning":2,"afternoon":0,"evening":0,"night":1},"bk24":{"morning":2,"afternoon":2,"evening":0,"night":2},"recent":[{"d":"2025-12-07","day":"Sun","time":"07:44","desc":"Aggravated Assault - Drive-By","res":""},{"d":"2025-12-07","day":"Sun","time":"05:00","desc":"Aggravated Assault - Domestic Violence (DV)","res":""},{"d":"2025-11-22","day":"Sat","time":"22:56","desc":"Robbery - Miscellaneous","res":""},{"d":"2025-08-15","day":"Fri","time":"14:40","desc":"Aggravated Assault - Domestic Violence (DV)","res":""},{"d":"2025-08-01","day":"Fri","time":"03:27","desc":"Aggravated Assault - Drive-By","res":""},{"d":"2025-05-26","day":"Mon","time":"12:51","desc":"Robbery - Highway","res":""}]}},{"type":"Feature","geometry":{"type":"Polygon","coordinates":[[[-110.94117974132556,32.21037807000636],[-110.93994103491059,32.21203571363947],[-110.94102599145417,32.213756477171124],[-110.94334968743767,32.213819576765765],[-110.94458835870445,32.21216191606944],[-110.94350336913884,32.21044117284173],[-110.94117974132556,32.21037807000636],[-110.94117974132556,32.21037807000636]]]},"properties":{"h3":"8948e854453ffff","count":1,"c3":0,"c6":0,"c12":0,"c24":1,"score":0.4,"risk":2,"peakDay":"Monday","peakTime":"afternoon","hood":"Arroyo Chico","bk12":{"morning":0,"afternoon":0,"evening":0,"night":0},"bk24":{"morning":0,"afternoon":1,"evening":0,"night":0},"recent":[{"d":"2025-05-26","day":"Mon","time":"15:40","desc":"Aggravated Assault - Other","res":""}]}},{"type":"Feature","geometry":{"type":"Polygon","coordinates":[[[-110.92740915507181,32.28271784360935],[-110.92616945506387,32.28437485640755],[-110.92725490433018,32.28609511214259],[-110.92958008670996,32.28615833483193],[-110.93081975156613,32.284501304996496],[-110.92973426919714,32.28278106950905],[-110.92740915507181,32.28271784360935],[-110.92740915507181,32.28271784360935]]]},"properties":{"h3":"8948e855893ffff","count":1,"c3":0,"c6":0,"c12":0,"c24":1,"score":0.4,"risk":2,"peakDay":"Tuesday","peakTime":"morning","hood":"Cabrini","bk12":{"morning":0,"afternoon":0,"evening":0,"night":0},"bk24":{"morning":1,"afternoon":0,"evening":0,"night":0},"recent":[{"d":"2025-05-27","day":"Tue","time":"06:38","desc":"Aggravated Assault - Other","res":""}]}},{"type":"Feature","geometry":{"type":"Polygon","coordinates":[[[-110.94151360614505,32.27971925376852],[-110.9402741627171,32.28137641065159],[-110.94135977394646,32.283096556827445],[-110.94368486166732,32.283159525855865],[-110.94492426990395,32.281502351948376],[-110.94383862561392,32.279782226036964],[-110.94151360614505,32.27971925376852],[-110.94151360614505,32.27971925376852]]]},"properties":{"h3":"8948e855dcfffff","count":3,"c3":0,"c6":0,"c12":2,"c24":3,"score":1.5,"risk":7,"peakDay":"Tuesday","peakTime":"morning","hood":"Sam Hughes","bk12":{"morning":1,"afternoon":0,"evening":1,"night":0},"bk24":{"morning":2,"afternoon":0,"evening":1,"night":0},"recent":[{"d":"2025-10-21","day":"Tue","time":"10:27","desc":"Aggravated Assault - Other","res":""},{"d":"2025-10-06","day":"Mon","time":"17:00","desc":"Aggravated Assault - Other","res":""},{"d":"2025-05-27","day":"Tue","time":"09:59","desc":"Aggravated Assault - Drive-By","res":""}]}},{"type":"Feature","geometry":{"type":"Polygon","coordinates":[[[-110.78860201624624,32.189225001104155],[-110.78736111677158,32.19088146288018],[-110.78844381402595,32.19260387818636],[-110.79076744420237,32.19266981156499],[-110.79200830898881,32.191013332557915],[-110.79092557828997,32.18929093740335],[-110.78860201624624,32.189225001104155],[-110.78860201624624,32.189225001104155]]]},"properties":{"h3":"8948e851d87ffff","count":7,"c3":0,"c6":0,"c12":1,"c24":7,"score":3.4,"risk":15,"peakDay":"Wednesday","peakTime":"morning","hood":"South Harrison","bk12":{"morning":0,"afternoon":0,"evening":1,"night":0},"bk24":{"morning":5,"afternoon":1,"evening":1,"night":0},"recent":[{"d":"2025-11-20","day":"Thu","time":"21:07","desc":"Robbery - Miscellaneous","res":""},{"d":"2025-07-16","day":"Wed","time":"11:42","desc":"Robbery - Commercial House","res":""},{"d":"2025-07-16","day":"Wed","time":"11:42","desc":"Robbery - Commercial House","res":""},{"d":"2025-07-16","day":"Wed","time":"11:42","desc":"Robbery - Commercial House","res":""},{"d":"2025-07-16","day":"Wed","time":"11:42","desc":"Robbery - Commercial House","res":""},{"d":"2025-07-16","day":"Wed","time":"11:42","desc":"Robbery - Commercial House","res":""},{"d":"2025-05-27","day":"Tue","time":"12:53","desc":"Robbery - Commercial House","res":""}]}},{"type":"Feature","geometry":{"type":"Polygon","coordinates":[[[-110.91980377601301,32.219943370752105],[-110.91856462732555,32.22160076131599],[-110.91964938550444,32.223321646571726],[-110.92197332546216,32.22338512098817],[-110.92321243905823,32.22172771334445],[-110.92212764779087,32.2200068483642],[-110.91980377601301,32.219943370752105],[-110.91980377601301,32.219943370752105]]]},"properties":{"h3":"8948e8546cfffff","count":2,"c3":0,"c6":0,"c12":0,"c24":2,"score":0.9,"risk":4,"peakDay":"Wednesday","peakTime":"afternoon","hood":"","bk12":{"morning":0,"afternoon":0,"evening":0,"night":0},"bk24":{"morning":0,"afternoon":2,"evening":0,"night":0},"recent":[{"d":"2025-05-28","day":"Wed","time":"14:26","desc":"Aggravated Assault - Other","res":""},{"d":"2025-05-28","day":"Wed","time":"14:26","desc":"Aggravated Assault - Other","res":""}]}},{"type":"Feature","geometry":{"type":"Polygon","coordinates":[[[-110.91592213582267,32.15217577831827],[-110.91468365020177,32.15383361012783],[-110.91576772165494,32.15555512854088],[-110.91809031179277,32.15561879483404],[-110.91932876237466,32.15396094590288],[-110.91824465786067,32.15223944780021],[-110.91592213582267,32.15217577831827],[-110.91592213582267,32.15217577831827]]]},"properties":{"h3":"8948e8cdb5bffff","count":1,"c3":0,"c6":0,"c12":0,"c24":1,"score":0.4,"risk":2,"peakDay":"Wednesday","peakTime":"evening","hood":"Mortimore","bk12":{"morning":0,"afternoon":0,"evening":0,"night":0},"bk24":{"morning":0,"afternoon":0,"evening":1,"night":0},"recent":[{"d":"2025-05-28","day":"Wed","time":"17:18","desc":"Aggravated Assault - Other","res":""}]}},{"type":"Feature","geometry":{"type":"Polygon","coordinates":[[[-110.84761690493355,32.195961223747204],[-110.84637686729063,32.19761815411887],[-110.84746042644684,32.199339944858],[-110.84978405652924,32.19940478501399],[-110.85102405930677,32.19774783747521],[-110.84994046687017,32.19602606694764],[-110.84761690493355,32.195961223747204],[-110.84761690493355,32.195961223747204]]]},"properties":{"h3":"8948e850d6bffff","count":1,"c3":0,"c6":0,"c12":0,"c24":1,"score":0.4,"risk":2,"peakDay":"Wednesday","peakTime":"night","hood":"Terra Del Sol","bk12":{"morning":0,"afternoon":0,"evening":0,"night":0},"bk24":{"morning":0,"afternoon":0,"evening":0,"night":1},"recent":[{"d":"2025-05-28","day":"Wed","time":"23:10","desc":"Aggravated Assault - Other","res":""}]}},{"type":"Feature","geometry":{"type":"Polygon","coordinates":[[[-110.82235457729678,32.21386027230779],[-110.82111394783742,32.21551685575079],[-110.82219733267654,32.217238731408365],[-110.82452138034056,32.21730400344897],[-110.82576197499786,32.215647402823066],[-110.82467855679612,32.213925547339514],[-110.82235457729678,32.21386027230779],[-110.82235457729678,32.21386027230779]]]},"properties":{"h3":"8948e850bc3ffff","count":1,"c3":0,"c6":0,"c12":0,"c24":1,"score":0.4,"risk":2,"peakDay":"Thursday","peakTime":"night","hood":"","bk12":{"morning":0,"afternoon":0,"evening":0,"night":0},"bk24":{"morning":0,"afternoon":0,"evening":0,"night":1},"recent":[{"d":"2025-05-29","day":"Thu","time":"02:34","desc":"Aggravated Assault - Domestic Violence (DV)","res":""}]}},{"type":"Feature","geometry":{"type":"Polygon","coordinates":[[[-111.0058069587956,32.247629384682824],[-111.00456888353084,32.24928732663377],[-111.00565505849427,32.2510071358291],[-111.00797934158409,32.25106898272194],[-111.00921738148892,32.249411023795],[-111.00813117366677,32.24769123495129],[-111.0058069587956,32.247629384682824],[-111.0058069587956,32.247629384682824]]]},"properties":{"h3":"8948e856a2fffff","count":1,"c3":0,"c6":0,"c12":0,"c24":1,"score":0.4,"risk":2,"peakDay":"Thursday","peakTime":"morning","hood":"","bk12":{"morning":0,"afternoon":0,"evening":0,"night":0},"bk24":{"morning":1,"afternoon":0,"evening":0,"night":0},"recent":[{"d":"2025-05-29","day":"Thu","time":"06:00","desc":"Robbery - Miscellaneous","res":""}]}},{"type":"Feature","geometry":{"type":"Polygon","coordinates":[[[-110.96615574514628,32.27531232349647],[-110.96491674136347,32.27696972589428],[-110.9660026430604,32.27868967303563],[-110.96832758153087,32.27875219748592],[-110.96956655005287,32.2770947780866],[-110.96848061536815,32.27537485123857],[-110.96615574514628,32.27531232349647],[-110.96615574514628,32.27531232349647]]]},"properties":{"h3":"8948e854e47ffff","count":4,"c3":0,"c6":0,"c12":3,"c24":4,"score":2,"risk":9,"peakDay":"Monday","peakTime":"morning","hood":"Amphi","bk12":{"morning":2,"afternoon":1,"evening":0,"night":0},"bk24":{"morning":3,"afternoon":1,"evening":0,"night":0},"recent":[{"d":"2025-09-21","day":"Sun","time":"16:11","desc":"Aggravated Assault - Other","res":""},{"d":"2025-08-25","day":"Mon","time":"09:55","desc":"Aggravated Assault - Domestic Violence (DV)","res":""},{"d":"2025-08-25","day":"Mon","time":"09:55","desc":"Aggravated Assault - Domestic Violence (DV)","res":""},{"d":"2025-05-29","day":"Thu","time":"11:10","desc":"Aggravated Assault - Other","res":""}]}},{"type":"Feature","geometry":{"type":"Polygon","coordinates":[[[-110.80453019638468,32.22181545099358],[-110.80328919958704,32.223471822193446],[-110.80437241744713,32.22519379864961],[-110.80669666552569,32.2252593837558],[-110.80793762756882,32.22360299535927],[-110.80685437629077,32.22188103905331],[-110.80453019638468,32.22181545099358],[-110.80453019638468,32.22181545099358]]]},"properties":{"h3":"8948e84249bffff","count":1,"c3":0,"c6":0,"c12":0,"c24":1,"score":0.4,"risk":2,"peakDay":"Thursday","peakTime":"afternoon","hood":"","bk12":{"morning":0,"afternoon":0,"evening":0,"night":0},"bk24":{"morning":0,"afternoon":1,"evening":0,"night":0},"recent":[{"d":"2025-05-29","day":"Thu","time":"13:18","desc":"Aggravated Assault - Other","res":""}]}},{"type":"Feature","geometry":{"type":"Polygon","coordinates":[[[-110.95247980812422,32.192079583878474],[-110.9512414771962,32.19373745397482],[-110.95232641442117,32.1954582697403],[-110.95464971555636,32.195521195082904],[-110.95588801131419,32.19386330792479],[-110.95480304110988,32.192142512485916],[-110.95247980812422,32.192079583878474],[-110.95247980812422,32.192079583878474]]]},"properties":{"h3":"8948e85620fffff","count":4,"c3":0,"c6":0,"c12":2,"c24":4,"score":1.9,"risk":8,"peakDay":"Thursday","peakTime":"afternoon","hood":"South Park","bk12":{"morning":2,"afternoon":0,"evening":0,"night":0},"bk24":{"morning":2,"afternoon":2,"evening":0,"night":0},"recent":[{"d":"2025-09-05","day":"Fri","time":"09:16","desc":"Aggravated Assault - Other","res":""},{"d":"2025-09-05","day":"Fri","time":"09:16","desc":"Aggravated Assault - Other","res":""},{"d":"2025-05-29","day":"Thu","time":"14:00","desc":"Aggravated Assault - Domestic Violence (DV)","res":""},{"d":"2025-05-29","day":"Thu","time":"14:00","desc":"Aggravated Assault - Domestic Violence (DV)","res":""}]}},{"type":"Feature","geometry":{"type":"Polygon","coordinates":[[[-110.89749337158665,32.24977296185697],[-110.89625354898018,32.25142994755521],[-110.89733828575744,32.253150784106104],[-110.89966287831328,32.25321461472445],[-110.90090266587563,32.25155761194006],[-110.89981789592919,32.24983679562356],[-110.89749337158665,32.24977296185697],[-110.89749337158665,32.24977296185697]]]},"properties":{"h3":"8948e8551d7ffff","count":7,"c3":0,"c6":0,"c12":2,"c24":7,"score":3.5,"risk":15,"peakDay":"Thursday","peakTime":"evening","hood":"Vista Del Monte","bk12":{"morning":2,"afternoon":0,"evening":0,"night":0},"bk24":{"morning":2,"afternoon":0,"evening":3,"night":2},"recent":[{"d":"2025-11-06","day":"Thu","time":"09:00","desc":"Aggravated Assault - Other","res":""},{"d":"2025-11-06","day":"Thu","time":"07:27","desc":"Aggravated Assault - Domestic Violence (DV)","res":""},{"d":"2025-07-25","day":"Fri","time":"18:00","desc":"Aggravated Assault - Other","res":""},{"d":"2025-07-20","day":"Sun","time":"22:53","desc":"Aggravated Assault - Domestic Violence (DV)","res":""},{"d":"2025-07-20","day":"Sun","time":"22:53","desc":"Aggravated Assault - Domestic Violence (DV)","res":""},{"d":"2025-05-29","day":"Thu","time":"17:00","desc":"Aggravated Assault - Domestic Violence (DV)","res":""},{"d":"2025-05-29","day":"Thu","time":"17:00","desc":"Aggravated Assault - Domestic Violence (DV)","res":""}]}},{"type":"Feature","geometry":{"type":"Polygon","coordinates":[[[-110.94130722498082,32.13087533376746],[-110.94006937031217,32.13253353402825],[-110.94115358432137,32.13425499438964],[-110.94347568597848,32.134318234140345],[-110.94471350554677,32.13266001677216],[-110.9436292585612,32.13093857676075],[-110.94130722498082,32.13087533376746],[-110.94130722498082,32.13087533376746]]]},"properties":{"h3":"8948e8cd8afffff","count":3,"c3":0,"c6":0,"c12":2,"c24":3,"score":1.5,"risk":7,"peakDay":"Saturday","peakTime":"afternoon","hood":"","bk12":{"morning":0,"afternoon":2,"evening":0,"night":0},"bk24":{"morning":0,"afternoon":2,"evening":0,"night":1},"recent":[{"d":"2025-09-13","day":"Sat","time":"14:30","desc":"Aggravated Assault - Other","res":""},{"d":"2025-09-13","day":"Sat","time":"14:30","desc":"Aggravated Assault - Other","res":""},{"d":"2025-05-30","day":"Fri","time":"04:30","desc":"Robbery - Miscellaneous","res":""}]}},{"type":"Feature","geometry":{"type":"Polygon","coordinates":[[[-110.88385709894986,32.24263321811188],[-110.88261713627759,32.2442901354207],[-110.8837016220581,32.24601116644464],[-110.8860261037177,32.24607525993602],[-110.88726603139011,32.244418325523114],[-110.88618151240566,32.24269731472299],[-110.88385709894986,32.24263321811188],[-110.88385709894986,32.24263321811188]]]},"properties":{"h3":"8948e8550bbffff","count":2,"c3":0,"c6":0,"c12":0,"c24":2,"score":0.9,"risk":4,"peakDay":"Friday","peakTime":"morning","hood":"Pinecrest","bk12":{"morning":0,"afternoon":0,"evening":0,"night":0},"bk24":{"morning":1,"afternoon":1,"evening":0,"night":0},"recent":[{"d":"2025-08-17","day":"Sun","time":"15:37","desc":"Aggravated Assault - Other","res":""},{"d":"2025-05-30","day":"Fri","time":"07:39","desc":"Aggravated Assault - Other","res":""}]}},{"type":"Feature","geometry":{"type":"Polygon","coordinates":[[[-110.94474200182253,32.208783487073795],[-110.94350336913884,32.21044117284173],[-110.94458835870445,32.21216191606944],[-110.94691201396765,32.21222495322059],[-110.94815061149372,32.21056725039222],[-110.94706558891713,32.208846527473185],[-110.94474200182253,32.208783487073795],[-110.94474200182253,32.208783487073795]]]},"properties":{"h3":"8948e8544cfffff","count":1,"c3":0,"c6":0,"c12":0,"c24":1,"score":0.4,"risk":2,"peakDay":"Friday","peakTime":"morning","hood":"Arroyo Chico","bk12":{"morning":0,"afternoon":0,"evening":0,"night":0},"bk24":{"morning":1,"afternoon":0,"evening":0,"night":0},"recent":[{"d":"2025-05-30","day":"Fri","time":"10:30","desc":"Aggravated Assault - Other","res":""}]}},{"type":"Feature","geometry":{"type":"Polygon","coordinates":[[[-110.91964938550444,32.223321646571726],[-110.91841019820602,32.22497901199663],[-110.91949498595548,32.22669986891602],[-110.92181899409707,32.226763340137204],[-110.92305814630245,32.22510595763417],[-110.92197332546216,32.22338512098817],[-110.91964938550444,32.223321646571726],[-110.91964938550444,32.223321646571726]]]},"properties":{"h3":"8948e854657ffff","count":1,"c3":0,"c6":0,"c12":0,"c24":1,"score":0.4,"risk":2,"peakDay":"Friday","peakTime":"afternoon","hood":"El Encanto","bk12":{"morning":0,"afternoon":0,"evening":0,"night":0},"bk24":{"morning":0,"afternoon":1,"evening":0,"night":0},"recent":[{"d":"2025-05-30","day":"Fri","time":"14:00","desc":"Robbery - Miscellaneous","res":""}]}},{"type":"Feature","geometry":{"type":"Polygon","coordinates":[[[-110.81134514975548,32.225390425750795],[-110.81010422247802,32.22704683133948],[-110.81118756611026,32.2287687110048],[-110.8135118704235,32.228834164925985],[-110.81475276292429,32.22717774214957],[-110.81366938589144,32.22545588263977],[-110.81134514975548,32.225390425750795],[-110.81134514975548,32.225390425750795]]]},"properties":{"h3":"8948e842487ffff","count":1,"c3":0,"c6":0,"c12":0,"c24":1,"score":0.4,"risk":2,"peakDay":"Friday","peakTime":"night","hood":"Carriage Park","bk12":{"morning":0,"afternoon":0,"evening":0,"night":0},"bk24":{"morning":0,"afternoon":0,"evening":0,"night":1},"recent":[{"d":"2025-05-30","day":"Fri","time":"23:00","desc":"Aggravated Assault - Domestic Violence (DV)","res":""}]}},{"type":"Feature","geometry":{"type":"Polygon","coordinates":[[[-111.00081084047521,32.20352781108536],[-110.99957315708349,32.20518601964755],[-111.00065885126932,32.20690626747726],[-111.00298226169775,32.20696828637313],[-111.00421990977107,32.20531006080534],[-111.00313418273724,32.203589833347344],[-111.00081084047521,32.20352781108536],[-111.00081084047521,32.20352781108536]]]},"properties":{"h3":"8948e856e9bffff","count":1,"c3":0,"c6":0,"c12":0,"c24":1,"score":0.4,"risk":2,"peakDay":"Saturday","peakTime":"night","hood":"A Mountain","bk12":{"morning":0,"afternoon":0,"evening":0,"night":0},"bk24":{"morning":0,"afternoon":0,"evening":0,"night":1},"recent":[{"d":"2025-05-31","day":"Sat","time":"03:36","desc":"Aggravated Assault - Domestic Violence (DV)","res":""}]}},{"type":"Feature","geometry":{"type":"Polygon","coordinates":[[[-110.90694379773075,32.19591204816402],[-110.90570470183899,32.19756949585395],[-110.90678906157517,32.19929071677442],[-110.90911255031742,32.19935446972953],[-110.91035161116993,32.197697004933204],[-110.90926721832237,32.19597580428823],[-110.90694379773075,32.19591204816402],[-110.90694379773075,32.19591204816402]]]},"properties":{"h3":"8948e85702bffff","count":2,"c3":0,"c6":0,"c12":1,"c24":2,"score":1.1,"risk":5,"peakDay":"Saturday","peakTime":"morning","hood":"Roberts","bk12":{"morning":0,"afternoon":1,"evening":0,"night":0},"bk24":{"morning":1,"afternoon":1,"evening":0,"night":0},"recent":[{"d":"2025-12-29","day":"Mon","time":"15:07","desc":"Aggravated Assault - Peace Officer (Non-Serious Injury)","res":""},{"d":"2025-05-31","day":"Sat","time":"11:37","desc":"Aggravated Assault - Drive-By","res":""}]}},{"type":"Feature","geometry":{"type":"Polygon","coordinates":[[[-110.94197504867363,32.26958702164837],[-110.94073572113057,32.27124425439239],[-110.94182124350786,32.27296448615672],[-110.9441461264847,32.27302746490637],[-110.94538541884127,32.2713702151328],[-110.94429986341041,32.26965000363921],[-110.94197504867363,32.26958702164837],[-110.94197504867363,32.26958702164837]]]},"properties":{"h3":"8948e85436bffff","count":3,"c3":0,"c6":0,"c12":2,"c24":3,"score":1.7,"risk":7,"peakDay":"Monday","peakTime":"morning","hood":"Campus Farm","bk12":{"morning":2,"afternoon":0,"evening":0,"night":0},"bk24":{"morning":2,"afternoon":0,"evening":0,"night":1},"recent":[{"d":"2025-12-20","day":"Sat","time":"08:20","desc":"Robbery - Convenience Stores","res":""},{"d":"2025-11-19","day":"Wed","time":"06:23","desc":"Robbery - Convenience Stores","res":""},{"d":"2025-06-02","day":"Mon","time":"02:57","desc":"Aggravated Assault - Other","res":""}]}},{"type":"Feature","geometry":{"type":"Polygon","coordinates":[[[-110.88819811515083,32.22414969915376],[-110.88695841935129,32.22580678488602],[-110.8880427905978,32.227527937408006],[-110.89036689082776,32.227591983958696],[-110.89160655162591,32.225934881116544],[-110.89052214719842,32.22421374883367],[-110.88819811515083,32.22414969915376],[-110.88819811515083,32.22414969915376]]]},"properties":{"h3":"8948e8554afffff","count":1,"c3":0,"c6":0,"c12":0,"c24":1,"score":0.4,"risk":2,"peakDay":"Monday","peakTime":"night","hood":"","bk12":{"morning":0,"afternoon":0,"evening":0,"night":0},"bk24":{"morning":0,"afternoon":0,"evening":0,"night":1},"recent":[{"d":"2025-06-02","day":"Mon","time":"04:23","desc":"Aggravated Assault - Other","res":""}]}},{"type":"Feature","geometry":{"type":"Polygon","coordinates":[[[-110.94704556961536,32.15810066012522],[-110.94580751539277,32.15975872060528],[-110.94689206134203,32.161479887341535],[-110.94921469449231,32.161542973257404],[-110.95045271358127,32.15988489569105],[-110.94936813465648,32.1581637492952],[-110.94704556961536,32.15810066012522],[-110.94704556961536,32.15810066012522]]]},"properties":{"h3":"8948e8566c3ffff","count":2,"c3":0,"c6":0,"c12":0,"c24":2,"score":0.9,"risk":4,"peakDay":"Monday","peakTime":"morning","hood":"Cherry Avenue","bk12":{"morning":0,"afternoon":0,"evening":0,"night":0},"bk24":{"morning":2,"afternoon":0,"evening":0,"night":0},"recent":[{"d":"2025-06-02","day":"Mon","time":"05:23","desc":"Aggravated Assault - Domestic Violence (DV)","res":""},{"d":"2025-06-02","day":"Mon","time":"05:23","desc":"Aggravated Assault - Domestic Violence (DV)","res":""}]}},{"type":"Feature","geometry":{"type":"Polygon","coordinates":[[[-110.9221322000091,32.24537429938877],[-110.92089281609782,32.24703153080951],[-110.92197784399305,32.24875216880925],[-110.92430228889884,32.248815555124956],[-110.92554163769647,32.24715830664089],[-110.9244565767049,32.245437688904524],[-110.9221322000091,32.24537429938877],[-110.9221322000091,32.24537429938877]]]},"properties":{"h3":"8948e85421bffff","count":5,"c3":0,"c6":0,"c12":3,"c24":5,"score":2.8,"risk":12,"peakDay":"Sunday","peakTime":"morning","hood":"Palo Verde ","bk12":{"morning":1,"afternoon":2,"evening":0,"night":0},"bk24":{"morning":2,"afternoon":2,"evening":1,"night":0},"recent":[{"d":"2025-12-14","day":"Sun","time":"16:10","desc":"Aggravated Assault - Domestic Violence (DV)","res":""},{"d":"2025-12-14","day":"Sun","time":"16:10","desc":"Aggravated Assault - Domestic Violence (DV)","res":""},{"d":"2025-11-14","day":"Fri","time":"11:53","desc":"Aggravated Assault - Other","res":""},{"d":"2025-07-19","day":"Sat","time":"19:46","desc":"Aggravated Assault - Domestic Violence (DV)","res":""},{"d":"2025-06-02","day":"Mon","time":"09:16","desc":"Aggravated Assault - Other","res":""}]}},{"type":"Feature","geometry":{"type":"Polygon","coordinates":[[[-110.83990308063473,32.136532431250316],[-110.83866355667332,32.138189710837764],[-110.83974645597864,32.13991209591253],[-110.84206891251651,32.1399771811625],[-110.84330840167085,32.138319884366844],[-110.8422254690973,32.13659751952951],[-110.83990308063473,32.136532431250316],[-110.83990308063473,32.136532431250316]]]},"properties":{"h3":"8948e852e2fffff","count":1,"c3":0,"c6":0,"c12":0,"c24":1,"score":0.4,"risk":2,"peakDay":"Monday","peakTime":"morning","hood":"","bk12":{"morning":0,"afternoon":0,"evening":0,"night":0},"bk24":{"morning":1,"afternoon":0,"evening":0,"night":0},"recent":[{"d":"2025-06-02","day":"Mon","time":"09:19","desc":"Aggravated Assault - Other","res":""}]}},{"type":"Feature","geometry":{"type":"Polygon","coordinates":[[[-110.9478129762474,32.1412037289485],[-110.94657511472646,32.14286191376471],[-110.94765951288298,32.14458322112209],[-110.9499818055271,32.14464632331233],[-110.95121963192241,32.1429881214012],[-110.95013520080215,32.14126683439481],[-110.9478129762474,32.1412037289485],[-110.9478129762474,32.1412037289485]]]},"properties":{"h3":"8948e8cd957ffff","count":1,"c3":0,"c6":0,"c12":0,"c24":1,"score":0.4,"risk":2,"peakDay":"Monday","peakTime":"afternoon","hood":"Copper Vista","bk12":{"morning":0,"afternoon":0,"evening":0,"night":0},"bk24":{"morning":0,"afternoon":1,"evening":0,"night":0},"recent":[{"d":"2025-06-02","day":"Mon","time":"14:02","desc":"Aggravated Assault - Other","res":""}]}},{"type":"Feature","geometry":{"type":"Polygon","coordinates":[[[-110.8823269480676,32.124178534643995],[-110.88108822840397,32.12583626962988],[-110.88217158517082,32.12755835559624],[-110.8844936947447,32.127622686286486],[-110.88573237948452,32.12596493412889],[-110.88464898957717,32.12424286845288],[-110.8823269480676,32.124178534643995],[-110.8823269480676,32.124178534643995]]]},"properties":{"h3":"8948e852d13ffff","count":2,"c3":0,"c6":0,"c12":1,"c24":2,"score":1,"risk":4,"peakDay":"Monday","peakTime":"afternoon","hood":"","bk12":{"morning":1,"afternoon":0,"evening":0,"night":0},"bk24":{"morning":1,"afternoon":1,"evening":0,"night":0},"recent":[{"d":"2025-10-18","day":"Sat","time":"09:00","desc":"Aggravated Assault - Other","res":""},{"d":"2025-06-02","day":"Mon","time":"14:20","desc":"Aggravated Assault - Domestic Violence (DV)","res":""}]}},{"type":"Feature","geometry":{"type":"Polygon","coordinates":[[[-111.00634545601591,32.15800652613383],[-111.00510834714107,32.15966510033315],[-111.00619368904201,32.161385695361986],[-111.00851617262705,32.16144769578762],[-111.00975324619506,32.159789104563075],[-111.00866787148775,32.158068529938205],[-111.00634545601591,32.15800652613383],[-111.00634545601591,32.15800652613383]]]},"properties":{"h3":"8948e856583ffff","count":1,"c3":0,"c6":0,"c12":0,"c24":1,"score":0.4,"risk":2,"peakDay":"Monday","peakTime":"evening","hood":"","bk12":{"morning":0,"afternoon":0,"evening":0,"night":0},"bk24":{"morning":0,"afternoon":0,"evening":1,"night":0},"recent":[{"d":"2025-06-02","day":"Mon","time":"17:00","desc":"Aggravated Assault - Other","res":""}]}},{"type":"Feature","geometry":{"type":"Polygon","coordinates":[[[-111.00626260632305,32.23749580970047],[-111.00502464672056,32.239153826958976],[-111.00611073270923,32.24087372159622],[-111.00843481115494,32.240935578617105],[-111.00967273540238,32.23927754437745],[-111.00858661656203,32.23755767009813],[-111.00626260632305,32.23749580970047],[-111.00626260632305,32.23749580970047]]]},"properties":{"h3":"8948e856aabffff","count":2,"c3":0,"c6":0,"c12":1,"c24":2,"score":1,"risk":4,"peakDay":"Tuesday","peakTime":"night","hood":"","bk12":{"morning":0,"afternoon":0,"evening":0,"night":1},"bk24":{"morning":0,"afternoon":0,"evening":0,"night":2},"recent":[{"d":"2025-10-02","day":"Thu","time":"02:42","desc":"Aggravated Assault - Other","res":""},{"d":"2025-06-03","day":"Tue","time":"04:40","desc":"Aggravated Assault - Other","res":""}]}},{"type":"Feature","geometry":{"type":"Polygon","coordinates":[[[-110.75219226276742,32.07311569878495],[-110.75095203096865,32.07477265379718],[-110.75203315098359,32.076496427383184],[-110.75435453628103,32.076563225778216],[-110.7555947335677,32.0749062534327],[-110.75451358007194,32.07318250002551],[-110.75219226276742,32.07311569878495],[-110.75219226276742,32.07311569878495]]]},"properties":{"h3":"8948e8534b7ffff","count":2,"c3":0,"c6":0,"c12":0,"c24":2,"score":0.9,"risk":4,"peakDay":"Tuesday","peakTime":"afternoon","hood":"Rita Ranch","bk12":{"morning":0,"afternoon":0,"evening":0,"night":0},"bk24":{"morning":0,"afternoon":2,"evening":0,"night":0},"recent":[{"d":"2025-06-03","day":"Tue","time":"16:21","desc":"Aggravated Assault - Drive-By","res":""},{"d":"2025-06-03","day":"Tue","time":"16:21","desc":"Aggravated Assault - Drive-By","res":""}]}},{"type":"Feature","geometry":{"type":"Polygon","coordinates":[[[-110.96251139666022,32.12468356632461],[-110.96127394534584,32.12634199313525],[-110.96235838660608,32.12806330327573],[-110.96468031209608,32.12812616622933],[-110.9659177282519,32.12646772232967],[-110.9648332540792,32.124746432565495],[-110.96251139666022,32.12468356632461],[-110.96251139666022,32.12468356632461]]]},"properties":{"h3":"8948e8cdd23ffff","count":1,"c3":0,"c6":0,"c12":0,"c24":1,"score":0.4,"risk":2,"peakDay":"Tuesday","peakTime":"evening","hood":"Barrio Nopal","bk12":{"morning":0,"afternoon":0,"evening":0,"night":0},"bk24":{"morning":0,"afternoon":0,"evening":1,"night":0},"recent":[{"d":"2025-06-03","day":"Tue","time":"20:21","desc":"Aggravated Assault - Domestic Violence (DV)","res":""}]}},{"type":"Feature","geometry":{"type":"Polygon","coordinates":[[[-110.88989855650625,32.26309220843887],[-110.88865847055978,32.26474903353164],[-110.88974322965348,32.26646982524761],[-110.89206810789499,32.26653377165231],[-110.89330815881155,32.26487692947301],[-110.8922233665194,32.263156157975615],[-110.88989855650625,32.26309220843887],[-110.88989855650625,32.26309220843887]]]},"properties":{"h3":"8948e85514fffff","count":1,"c3":0,"c6":0,"c12":0,"c24":1,"score":0.4,"risk":2,"peakDay":"Wednesday","peakTime":"night","hood":"","bk12":{"morning":0,"afternoon":0,"evening":0,"night":0},"bk24":{"morning":0,"afternoon":0,"evening":0,"night":1},"recent":[{"d":"2025-06-04","day":"Wed","time":"02:03","desc":"Aggravated Assault - Other","res":""}]}},{"type":"Feature","geometry":{"type":"Polygon","coordinates":[[[-110.89313671605844,32.49640221929404],[-110.89189417494637,32.49805739095512],[-110.89298117056974,32.49977605517918],[-110.8953107406316,32.499839527653116],[-110.89655324656246,32.49818433903698],[-110.89546621761556,32.49646569490205],[-110.89313671605844,32.49640221929404],[-110.89313671605844,32.49640221929404]]]},"properties":{"h3":"8948e87b407ffff","count":2,"c3":0,"c6":0,"c12":1,"c24":2,"score":1,"risk":4,"peakDay":"Wednesday","peakTime":"afternoon","hood":"Vista Del Monte","bk12":{"morning":0,"afternoon":0,"evening":1,"night":0},"bk24":{"morning":0,"afternoon":1,"evening":1,"night":0},"recent":[{"d":"2025-09-10","day":"Wed","time":"21:57","desc":"Robbery - Highway","res":""},{"d":"2025-06-04","day":"Wed","time":"14:37","desc":"Aggravated Assault - Domestic Violence (DV)","res":""}]}},{"type":"Feature","geometry":{"type":"Polygon","coordinates":[[[-110.82188281581689,32.22399548917931],[-110.82064207029178,32.225651996873594],[-110.82172554357588,32.22737378780511],[-110.82404979575777,32.22743905087472],[-110.82529050647608,32.22578252600269],[-110.82420699982218,32.22406075523888],[-110.82188281581689,32.22399548917931],[-110.82188281581689,32.22399548917931]]]},"properties":{"h3":"8948e850b47ffff","count":1,"c3":0,"c6":0,"c12":0,"c24":1,"score":0.4,"risk":2,"peakDay":"Wednesday","peakTime":"night","hood":"","bk12":{"morning":0,"afternoon":0,"evening":0,"night":0},"bk24":{"morning":0,"afternoon":0,"evening":0,"night":1},"recent":[{"d":"2025-06-04","day":"Wed","time":"23:00","desc":"Aggravated Assault - Domestic Violence (DV)","res":""}]}},{"type":"Feature","geometry":{"type":"Polygon","coordinates":[[[-111.00421990977107,32.20531006080534],[-111.00298226169775,32.20696828637313],[-111.00406801836833,32.208688485479726],[-111.00639145595439,32.20875043864428],[-111.00762906869822,32.20709219607539],[-111.0065432791884,32.20537201734314],[-111.00421990977107,32.20531006080534],[-111.00421990977107,32.20531006080534]]]},"properties":{"h3":"8948e856e83ffff","count":2,"c3":0,"c6":0,"c12":0,"c24":2,"score":0.9,"risk":4,"peakDay":"Thursday","peakTime":"night","hood":"A Mountain","bk12":{"morning":0,"afternoon":0,"evening":0,"night":0},"bk24":{"morning":0,"afternoon":0,"evening":0,"night":2},"recent":[{"d":"2025-06-05","day":"Thu","time":"01:07","desc":"Aggravated Assault - Domestic Violence (DV)","res":""},{"d":"2025-06-05","day":"Thu","time":"01:07","desc":"Aggravated Assault - Domestic Violence (DV)","res":""}]}},{"type":"Feature","geometry":{"type":"Polygon","coordinates":[[[-110.96596015775368,32.20259235407534],[-110.96472192901338,32.20425026737789],[-110.96580714608007,32.20597086037356],[-110.96813062483685,32.20603351973176],[-110.96936881836122,32.20437558938717],[-110.96828356834764,32.20265501672648],[-110.96596015775368,32.20259235407534],[-110.96596015775368,32.20259235407534]]]},"properties":{"h3":"8948e856343ffff","count":3,"c3":0,"c6":0,"c12":1,"c24":3,"score":1.4,"risk":6,"peakDay":"Thursday","peakTime":"morning","hood":"Barrio Santa Rita Park-West Ochoa","bk12":{"morning":0,"afternoon":0,"evening":1,"night":0},"bk24":{"morning":2,"afternoon":0,"evening":1,"night":0},"recent":[{"d":"2025-09-16","day":"Tue","time":"19:51","desc":"Aggravated Assault - Peace Officer (Non-Serious Injury)","res":""},{"d":"2025-07-20","day":"Sun","time":"05:02","desc":"Aggravated Assault - Other","res":""},{"d":"2025-06-05","day":"Thu","time":"10:25","desc":"Aggravated Assault - Other","res":""}]}},{"type":"Feature","geometry":{"type":"Polygon","coordinates":[[[-110.88153702447283,32.21720063804505],[-110.88029729734404,32.21885771472083],[-110.88138151358595,32.22057899262114],[-110.8837054901555,32.22064317360981],[-110.88494518230665,32.21898607981347],[-110.88386093286877,32.21726482214909],[-110.88153702447283,32.21720063804505],[-110.88153702447283,32.21720063804505]]]},"properties":{"h3":"8948e85548fffff","count":1,"c3":0,"c6":0,"c12":0,"c24":1,"score":0.4,"risk":2,"peakDay":"Thursday","peakTime":"evening","hood":"Myers","bk12":{"morning":0,"afternoon":0,"evening":0,"night":0},"bk24":{"morning":0,"afternoon":0,"evening":1,"night":0},"recent":[{"d":"2025-06-05","day":"Thu","time":"19:02","desc":"Aggravated Assault - Domestic Violence (DV)","res":""}]}},{"type":"Feature","geometry":{"type":"Polygon","coordinates":[[[-110.93930919498389,32.174806790755234],[-110.93807083918765,32.17646466749163],[-110.93915543739655,32.17818576218312],[-110.94147842441167,32.178248959815825],[-110.94271674508677,32.176591065994494],[-110.94163211387078,32.17486999162545],[-110.93930919498389,32.174806790755234],[-110.93930919498389,32.174806790755234]]]},"properties":{"h3":"8948e8575a3ffff","count":1,"c3":0,"c6":0,"c12":0,"c24":1,"score":0.4,"risk":2,"peakDay":"Friday","peakTime":"morning","hood":"Las Vistas","bk12":{"morning":0,"afternoon":0,"evening":0,"night":0},"bk24":{"morning":1,"afternoon":0,"evening":0,"night":0},"recent":[{"d":"2025-06-06","day":"Fri","time":"09:38","desc":"Aggravated Assault - Domestic Violence (DV)","res":""}]}},{"type":"Feature","geometry":{"type":"Polygon","coordinates":[[[-110.84824272729571,32.18244580632451],[-110.8470028442439,32.18410283717546],[-110.84808628544128,32.18582474058248],[-110.85040964296425,32.185889592918635],[-110.85164949115695,32.18423254489369],[-110.85056601668873,32.182510661706665],[-110.84824272729571,32.18244580632451],[-110.84824272729571,32.18244580632451]]]},"properties":{"h3":"8948e850dcfffff","count":3,"c3":0,"c6":0,"c12":0,"c24":3,"score":1.3,"risk":6,"peakDay":"Saturday","peakTime":"afternoon","hood":"Stella Mann","bk12":{"morning":0,"afternoon":0,"evening":0,"night":0},"bk24":{"morning":1,"afternoon":2,"evening":0,"night":0},"recent":[{"d":"2025-06-08","day":"Sun","time":"06:30","desc":"Aggravated Assault - Domestic Violence (DV)","res":""},{"d":"2025-06-07","day":"Sat","time":"12:00","desc":"Aggravated Assault - Domestic Violence (DV)","res":""},{"d":"2025-06-07","day":"Sat","time":"12:00","desc":"Aggravated Assault - Domestic Violence (DV)","res":""}]}},{"type":"Feature","geometry":{"type":"Polygon","coordinates":[[[-110.92182347893663,32.25212998458785],[-110.92058401777098,32.25378716555714],[-110.92166910483908,32.25550774670231],[-110.92399368617681,32.2555711266191],[-110.9252331122256,32.25391392858992],[-110.92414799205642,32.252193367703896],[-110.92182347893663,32.25212998458785],[-110.92182347893663,32.25212998458785]]]},"properties":{"h3":"8948e854273ffff","count":1,"c3":0,"c6":0,"c12":0,"c24":1,"score":0.4,"risk":2,"peakDay":"Saturday","peakTime":"evening","hood":"Doolen/Fruitvale","bk12":{"morning":0,"afternoon":0,"evening":0,"night":0},"bk24":{"morning":0,"afternoon":0,"evening":1,"night":0},"recent":[{"d":"2025-06-07","day":"Sat","time":"17:39","desc":"Aggravated Assault - Other","res":""}]}},{"type":"Feature","geometry":{"type":"Polygon","coordinates":[[[-110.91391404657429,32.19610318847019],[-110.91267505937185,32.19776069543591],[-110.91375951487124,32.199481847558644],[-110.91608299066763,32.199545472432845],[-110.91732194281035,32.19788794836798],[-110.91623745421931,32.19616681652814],[-110.91391404657429,32.19610318847019],[-110.91391404657429,32.19610318847019]]]},"properties":{"h3":"8948e857027ffff","count":2,"c3":0,"c6":0,"c12":0,"c24":2,"score":0.9,"risk":4,"peakDay":"Sunday","peakTime":"night","hood":"Julia Keen","bk12":{"morning":0,"afternoon":0,"evening":0,"night":0},"bk24":{"morning":0,"afternoon":0,"evening":0,"night":2},"recent":[{"d":"2025-06-08","day":"Sun","time":"02:48","desc":"Aggravated Assault - Domestic Violence (DV)","res":""},{"d":"2025-06-08","day":"Sun","time":"02:48","desc":"Aggravated Assault - Domestic Violence (DV)","res":""}]}},{"type":"Feature","geometry":{"type":"Polygon","coordinates":[[[-110.96794849462812,32.158666927948275],[-110.96671076697221,32.16032516554545],[-110.96779559934595,32.162046125701984],[-110.97011819229478,32.162108827898926],[-110.97135588475562,32.1604505732373],[-110.97027101946561,32.158729633443244],[-110.96794849462812,32.158666927948275],[-110.96794849462812,32.158666927948275]]]},"properties":{"h3":"8948e85644fffff","count":5,"c3":0,"c6":0,"c12":1,"c24":5,"score":2.4,"risk":11,"peakDay":"Sunday","peakTime":"night","hood":"Sunnyside","bk12":{"morning":0,"afternoon":0,"evening":1,"night":0},"bk24":{"morning":1,"afternoon":1,"evening":1,"night":2},"recent":[{"d":"2025-09-30","day":"Tue","time":"20:50","desc":"Robbery - Carjacking","res":""},{"d":"2025-08-15","day":"Fri","time":"03:30","desc":"Aggravated Assault - Other","res":""},{"d":"2025-07-24","day":"Thu","time":"16:40","desc":"Aggravated Assault - Other","res":""},{"d":"2025-06-14","day":"Sat","time":"01:58","desc":"Robbery - Miscellaneous","res":""},{"d":"2025-06-08","day":"Sun","time":"05:00","desc":"Aggravated Assault - Other","res":""}]}},{"type":"Feature","geometry":{"type":"Polygon","coordinates":[[[-110.83383232553696,32.192192475373965],[-110.83259210988301,32.193849311891135],[-110.83367544736419,32.19557126797163],[-110.8359990338197,32.1956363673362],[-110.83723921465091,32.19397951363575],[-110.83615584385227,32.1922575777541],[-110.83383232553696,32.192192475373965],[-110.83383232553696,32.192192475373965]]]},"properties":{"h3":"8948e85088fffff","count":4,"c3":0,"c6":0,"c12":2,"c24":4,"score":2,"risk":9,"peakDay":"Monday","peakTime":"evening","hood":"Dietz","bk12":{"morning":0,"afternoon":1,"evening":1,"night":0},"bk24":{"morning":0,"afternoon":1,"evening":3,"night":0},"recent":[{"d":"2025-12-22","day":"Mon","time":"18:58","desc":"Aggravated Assault - Domestic Violence (DV)","res":""},{"d":"2025-09-07","day":"Sun","time":"16:10","desc":"Aggravated Assault - Domestic Violence (DV)","res":""},{"d":"2025-06-09","day":"Mon","time":"18:35","desc":"Aggravated Assault - Domestic Violence (DV)","res":""},{"d":"2025-06-09","day":"Mon","time":"18:35","desc":"Aggravated Assault - Domestic Violence (DV)","res":""}]}},{"type":"Feature","geometry":{"type":"Polygon","coordinates":[[[-110.9091091531987,32.148605101352004],[-110.90787059753283,32.15026289890491],[-110.90895454378042,32.151984514120734],[-110.91127707877494,32.15204831147862],[-110.91251559942386,32.15039049679514],[-110.91143162009809,32.148668901884434],[-110.9091091531987,32.148605101352004],[-110.9091091531987,32.148605101352004]]]},"properties":{"h3":"8948e8cda2bffff","count":3,"c3":0,"c6":0,"c12":2,"c24":3,"score":1.6,"risk":7,"peakDay":"Monday","peakTime":"evening","hood":"Mortimore","bk12":{"morning":0,"afternoon":1,"evening":1,"night":0},"bk24":{"morning":0,"afternoon":1,"evening":2,"night":0},"recent":[{"d":"2025-11-06","day":"Thu","time":"17:02","desc":"Robbery - Convenience Stores","res":""},{"d":"2025-09-19","day":"Fri","time":"15:30","desc":"Robbery - Convenience Stores","res":""},{"d":"2025-06-09","day":"Mon","time":"20:07","desc":"Robbery - Convenience Stores","res":""}]}},{"type":"Feature","geometry":{"type":"Polygon","coordinates":[[[-110.92658802043343,32.07124663288769],[-110.92535056827401,32.07290511832325],[-110.92643402691836,32.07462723952008],[-110.92875497070939,32.074690854912745],[-110.9299923878475,32.073032352321206],[-110.92890889621879,32.07131025149305],[-110.92658802043343,32.07124663288769],[-110.92658802043343,32.07124663288769]]]},"properties":{"h3":"8948e8cc2d3ffff","count":1,"c3":0,"c6":0,"c12":0,"c24":1,"score":0.4,"risk":2,"peakDay":"Tuesday","peakTime":"afternoon","hood":"Las Vistas","bk12":{"morning":0,"afternoon":0,"evening":0,"night":0},"bk24":{"morning":0,"afternoon":1,"evening":0,"night":0},"recent":[{"d":"2025-06-10","day":"Tue","time":"15:00","desc":"Aggravated Assault - Other","res":""}]}},{"type":"Feature","geometry":{"type":"Polygon","coordinates":[[[-110.92366060292332,32.135469161027146],[-110.92242241873615,32.13712717637658],[-110.92350643816678,32.13884876647885],[-110.92582867481678,32.13891232090341],[-110.92706682395242,32.137254288430995],[-110.92598277149253,32.13553271865706],[-110.92366060292332,32.135469161027146],[-110.92366060292332,32.135469161027146]]]},"properties":{"h3":"8948e8cd87bffff","count":1,"c3":0,"c6":0,"c12":0,"c24":1,"score":0.4,"risk":2,"peakDay":"Wednesday","peakTime":"morning","hood":"","bk12":{"morning":0,"afternoon":0,"evening":0,"night":0},"bk24":{"morning":1,"afternoon":0,"evening":0,"night":0},"recent":[{"d":"2025-06-11","day":"Wed","time":"10:30","desc":"Aggravated Assault - Other","res":""}]}},{"type":"Feature","geometry":{"type":"Polygon","coordinates":[[[-111.00141870832253,32.19001345257208],[-111.00018117904145,32.191671760963466],[-111.00126675470557,32.19339212209764],[-111.00358989249227,32.19345415446033],[-111.00482738646144,32.19179582905647],[-111.00374177795874,32.19007548830245],[-111.00141870832253,32.19001345257208],[-111.00141870832253,32.19001345257208]]]},"properties":{"h3":"8948e856103ffff","count":1,"c3":0,"c6":0,"c12":0,"c24":1,"score":0.4,"risk":2,"peakDay":"Wednesday","peakTime":"afternoon","hood":"","bk12":{"morning":0,"afternoon":0,"evening":0,"night":0},"bk24":{"morning":0,"afternoon":1,"evening":0,"night":0},"recent":[{"d":"2025-06-11","day":"Wed","time":"12:17","desc":"Aggravated Assault - Other","res":""}]}},{"type":"Feature","geometry":{"type":"Polygon","coordinates":[[[-110.92660459547908,32.147392852183586],[-110.92536633068657,32.14905081005138],[-110.92645050128907,32.150772267519024],[-110.92877296971463,32.150835746794336],[-110.93001119943973,32.14917777181327],[-110.92892699580958,32.147456334670245],[-110.92660459547908,32.147392852183586],[-110.92660459547908,32.147392852183586]]]},"properties":{"h3":"8948e8cdbc7ffff","count":1,"c3":0,"c6":0,"c12":0,"c24":1,"score":0.4,"risk":2,"peakDay":"Wednesday","peakTime":"evening","hood":"","bk12":{"morning":0,"afternoon":0,"evening":0,"night":0},"bk24":{"morning":0,"afternoon":0,"evening":1,"night":0},"recent":[{"d":"2025-06-11","day":"Wed","time":"17:26","desc":"Aggravated Assault - Other","res":""}]}},{"type":"Feature","geometry":{"type":"Polygon","coordinates":[[[-110.98610861014983,32.220046629774224],[-110.98487051576484,32.22170459517912],[-110.98595616732783,32.22342483932969],[-110.98827994617801,32.223487097728984],[-110.98951800527752,32.2218291153125],[-110.98843232081522,32.22010889150838],[-110.98610861014983,32.220046629774224],[-110.98610861014983,32.220046629774224]]]},"properties":{"h3":"8948e8545b3ffff","count":2,"c3":0,"c6":0,"c12":1,"c24":2,"score":0.9,"risk":4,"peakDay":"Thursday","peakTime":"night","hood":"Menlo Park","bk12":{"morning":1,"afternoon":0,"evening":0,"night":0},"bk24":{"morning":1,"afternoon":0,"evening":0,"night":1},"recent":[{"d":"2025-08-25","day":"Mon","time":"05:23","desc":"Aggravated Assault - Domestic Violence (DV)","res":""},{"d":"2025-06-12","day":"Thu","time":"03:29","desc":"Aggravated Assault - Domestic Violence (DV)","res":""}]}},{"type":"Feature","geometry":{"type":"Polygon","coordinates":[[[-110.81554005458155,32.210285669390316],[-110.81429935555121,32.21194221845408],[-110.8153826146861,32.213664190883065],[-110.81770660623415,32.21372959407965],[-110.81894727048453,32.212073027824026],[-110.81786397796971,32.21035107556374],[-110.81554005458155,32.210285669390316],[-110.81554005458155,32.210285669390316]]]},"properties":{"h3":"8948e850aafffff","count":1,"c3":0,"c6":0,"c12":0,"c24":1,"score":0.4,"risk":2,"peakDay":"Thursday","peakTime":"afternoon","hood":"","bk12":{"morning":0,"afternoon":0,"evening":0,"night":0},"bk24":{"morning":0,"afternoon":1,"evening":0,"night":0},"recent":[{"d":"2025-06-12","day":"Thu","time":"12:25","desc":"Aggravated Assault - Domestic Violence (DV)","res":""}]}},{"type":"Feature","geometry":{"type":"Polygon","coordinates":[[[-110.9873278314519,32.193019031697304],[-110.98609004543472,32.19467719715944],[-110.98717546001683,32.196397668074226],[-110.9894986934995,32.19645995316355],[-110.99073644424405,32.19480177067605],[-110.98965099678145,32.19308132012465],[-110.9873278314519,32.193019031697304],[-110.9873278314519,32.193019031697304]]]},"properties":{"h3":"8948e85614bffff","count":1,"c3":0,"c6":0,"c12":0,"c24":1,"score":0.4,"risk":2,"peakDay":"Friday","peakTime":"afternoon","hood":"Santa Cruz Southwest","bk12":{"morning":0,"afternoon":0,"evening":0,"night":0},"bk24":{"morning":0,"afternoon":1,"evening":0,"night":0},"recent":[{"d":"2025-06-13","day":"Fri","time":"12:02","desc":"Robbery - Highway","res":""}]}},{"type":"Feature","geometry":{"type":"Polygon","coordinates":[[[-110.96305140325974,32.26677483013312],[-110.96181244144304,32.26843226601748],[-110.96289822123694,32.27015231906361],[-110.96522299584217,32.27021491593057],[-110.96646192241232,32.26855746303678],[-110.96537610962669,32.266837430285555],[-110.96305140325974,32.26677483013312],[-110.96305140325974,32.26677483013312]]]},"properties":{"h3":"8948e854ecbffff","count":4,"c3":0,"c6":0,"c12":2,"c24":4,"score":2.1,"risk":9,"peakDay":"Friday","peakTime":"afternoon","hood":"Amphi","bk12":{"morning":0,"afternoon":1,"evening":0,"night":1},"bk24":{"morning":0,"afternoon":3,"evening":0,"night":1},"recent":[{"d":"2025-12-12","day":"Fri","time":"02:00","desc":"Aggravated Assault - Other","res":""},{"d":"2025-11-01","day":"Sat","time":"15:29","desc":"Aggravated Assault - Other","res":""},{"d":"2025-06-13","day":"Fri","time":"12:45","desc":"Aggravated Assault - Domestic Violence (DV)","res":""},{"d":"2025-06-13","day":"Fri","time":"12:45","desc":"Aggravated Assault - Domestic Violence (DV)","res":""}]}},{"type":"Feature","geometry":{"type":"Polygon","coordinates":[[[-110.90617002635885,32.212804857777385],[-110.90493073741632,32.21446217997701],[-110.90601524490229,32.21618325955694],[-110.90833907445695,32.21624699667235],[-110.9095783283523,32.21458965737492],[-110.90849378774308,32.21286859805996],[-110.90617002635885,32.212804857777385],[-110.90617002635885,32.212804857777385]]]},"properties":{"h3":"8948e857307ffff","count":2,"c3":0,"c6":0,"c12":0,"c24":2,"score":0.9,"risk":4,"peakDay":"Saturday","peakTime":"evening","hood":"","bk12":{"morning":0,"afternoon":0,"evening":0,"night":0},"bk24":{"morning":0,"afternoon":0,"evening":2,"night":0},"recent":[{"d":"2025-06-14","day":"Sat","time":"21:49","desc":"Aggravated Assault - Domestic Violence (DV)","res":""},{"d":"2025-06-14","day":"Sat","time":"21:49","desc":"Aggravated Assault - Domestic Violence (DV)","res":""}]}},{"type":"Feature","geometry":{"type":"Polygon","coordinates":[[[-110.77093710347832,32.19379744640965],[-110.76969587589488,32.195453721136744],[-110.77077837633769,32.19717626524953],[-110.77310213786414,32.197242514505454],[-110.7743433308085,32.19558622253191],[-110.77326079686839,32.19386369854896],[-110.77093710347832,32.19379744640965],[-110.77093710347832,32.19379744640965]]]},"properties":{"h3":"8948e851d53ffff","count":1,"c3":0,"c6":0,"c12":0,"c24":1,"score":0.4,"risk":2,"peakDay":"Sunday","peakTime":"morning","hood":"Old Spanish Trail","bk12":{"morning":0,"afternoon":0,"evening":0,"night":0},"bk24":{"morning":1,"afternoon":0,"evening":0,"night":0},"recent":[{"d":"2025-06-15","day":"Sun","time":"10:30","desc":"Aggravated Assault - Other","res":""}]}},{"type":"Feature","geometry":{"type":"Polygon","coordinates":[[[-110.87487667746854,32.21025094129057],[-110.87363691905874,32.21190800887369],[-110.87472098029457,32.21362941206003],[-110.87704483315407,32.21369372743057],[-110.87828455660994,32.212036642716164],[-110.87720046216313,32.21031525976259],[-110.87487667746854,32.21025094129057],[-110.87487667746854,32.21025094129057]]]},"properties":{"h3":"8948e85726fffff","count":2,"c3":0,"c6":0,"c12":0,"c24":2,"score":0.9,"risk":4,"peakDay":"Sunday","peakTime":"morning","hood":"Desert Aire/Loma Linda","bk12":{"morning":0,"afternoon":0,"evening":0,"night":0},"bk24":{"morning":1,"afternoon":1,"evening":0,"night":0},"recent":[{"d":"2025-06-28","day":"Sat","time":"12:42","desc":"Aggravated Assault - Other","res":""},{"d":"2025-06-15","day":"Sun","time":"10:30","desc":"Aggravated Assault - Other","res":""}]}},{"type":"Feature","geometry":{"type":"Polygon","coordinates":[[[-110.84718304716985,32.129968098374356],[-110.84594370867099,32.131625487199834],[-110.84702664504204,32.133347859772],[-110.84934895315855,32.133412823269666],[-110.85058825683296,32.131755417239745],[-110.8495052872182,32.13003306491666],[-110.84718304716985,32.129968098374356],[-110.84718304716985,32.129968098374356]]]},"properties":{"h3":"8948e8528dbffff","count":1,"c3":0,"c6":0,"c12":0,"c24":1,"score":0.4,"risk":2,"peakDay":"Sunday","peakTime":"evening","hood":"","bk12":{"morning":0,"afternoon":0,"evening":0,"night":0},"bk24":{"morning":0,"afternoon":0,"evening":1,"night":0},"recent":[{"d":"2025-06-15","day":"Sun","time":"19:11","desc":"Aggravated Assault - Domestic Violence (DV)","res":""}]}},{"type":"Feature","geometry":{"type":"Polygon","coordinates":[[[-110.94551008250129,32.191890541978246],[-110.94427164269734,32.19354835293403],[-110.94535648435112,32.19526923760532],[-110.94767979881091,32.19533229100163],[-110.94891820346523,32.19367446297679],[-110.94783332881228,32.19195359862476],[-110.94551008250129,32.191890541978246],[-110.94551008250129,32.191890541978246]]]},"properties":{"h3":"8948e856247ffff","count":2,"c3":0,"c6":0,"c12":1,"c24":2,"score":1,"risk":5,"peakDay":"Monday","peakTime":"morning","hood":"South Park","bk12":{"morning":0,"afternoon":0,"evening":0,"night":1},"bk24":{"morning":1,"afternoon":0,"evening":0,"night":1},"recent":[{"d":"2025-11-16","day":"Sun","time":"04:34","desc":"Aggravated Assault - Other","res":""},{"d":"2025-06-16","day":"Mon","time":"10:31","desc":"Aggravated Assault - Other","res":""}]}},{"type":"Feature","geometry":{"type":"Polygon","coordinates":[[[-110.93777121401762,32.20859410964933],[-110.9365324724655,32.21025173621475],[-110.93761736639517,32.21197254836046],[-110.93994103491059,32.21203571363947],[-110.94117974132556,32.21037807000636],[-110.94009481436517,32.20865727816198],[-110.93777121401762,32.20859410964933],[-110.93777121401762,32.20859410964933]]]},"properties":{"h3":"8948e857127ffff","count":1,"c3":0,"c6":0,"c12":0,"c24":1,"score":0.4,"risk":2,"peakDay":"Tuesday","peakTime":"night","hood":"Arroyo Chico","bk12":{"morning":0,"afternoon":0,"evening":0,"night":0},"bk24":{"morning":0,"afternoon":0,"evening":0,"night":1},"recent":[{"d":"2025-06-17","day":"Tue","time":"04:04","desc":"Aggravated Assault - Domestic Violence (DV)","res":""}]}},{"type":"Feature","geometry":{"type":"Polygon","coordinates":[[[-110.98976456184377,32.138953622528476],[-110.98852739210668,32.140612185925214],[-110.98961233303268,32.142333108263884],[-110.99193447654153,32.14239544680862],[-110.99317161103183,32.14073686635894],[-110.99208663726294,32.13901596441753],[-110.98976456184377,32.138953622528476],[-110.98976456184377,32.138953622528476]]]},"properties":{"h3":"8948e8cca27ffff","count":4,"c3":0,"c6":0,"c12":0,"c24":4,"score":1.8,"risk":8,"peakDay":"Tuesday","peakTime":"morning","hood":"Midvale Park","bk12":{"morning":0,"afternoon":0,"evening":0,"night":0},"bk24":{"morning":4,"afternoon":0,"evening":0,"night":0},"recent":[{"d":"2025-06-17","day":"Tue","time":"11:53","desc":"Aggravated Assault - Peace Officer (Non-Serious Injury)","res":""},{"d":"2025-06-17","day":"Tue","time":"11:53","desc":"Aggravated Assault - Peace Officer (Non-Serious Injury)","res":""},{"d":"2025-06-17","day":"Tue","time":"11:53","desc":"Aggravated Assault - Peace Officer (Non-Serious Injury)","res":""},{"d":"2025-06-17","day":"Tue","time":"11:53","desc":"Aggravated Assault - Peace Officer (Non-Serious Injury)","res":""}]}},{"type":"Feature","geometry":{"type":"Polygon","coordinates":[[[-110.98117349641923,32.25204403485201],[-110.9799349810701,32.2537017321656],[-110.98102086642682,32.25542174069166],[-110.98334530006726,32.25548403158144],[-110.98458378012579,32.25382631726892],[-110.98349786183745,32.252106329065604],[-110.98117349641923,32.25204403485201],[-110.98117349641923,32.25204403485201]]]},"properties":{"h3":"8948e854133ffff","count":2,"c3":0,"c6":0,"c12":1,"c24":2,"score":1,"risk":4,"peakDay":"Tuesday","peakTime":"afternoon","hood":"Miracle Manor","bk12":{"morning":0,"afternoon":1,"evening":0,"night":0},"bk24":{"morning":0,"afternoon":2,"evening":0,"night":0},"recent":[{"d":"2025-10-06","day":"Mon","time":"13:21","desc":"Aggravated Assault - Other","res":""},{"d":"2025-06-17","day":"Tue","time":"14:20","desc":"Aggravated Assault - Other","res":""}]}},{"type":"Feature","geometry":{"type":"Polygon","coordinates":[[[-110.99944261718649,32.233931996529165],[-110.99820458690704,32.235589979811905],[-110.99929054785994,32.23730997206586],[-111.00161457196437,32.237371960684456],[-111.00285256691089,32.23571396041157],[-111.00176657308882,32.23399398851031],[-110.99944261718649,32.233931996529165],[-110.99944261718649,32.233931996529165]]]},"properties":{"h3":"8948e856a13ffff","count":2,"c3":0,"c6":0,"c12":1,"c24":2,"score":1,"risk":5,"peakDay":"Tuesday","peakTime":"afternoon","hood":"Barrio Hollywood","bk12":{"morning":0,"afternoon":0,"evening":1,"night":0},"bk24":{"morning":0,"afternoon":1,"evening":1,"night":0},"recent":[{"d":"2025-11-09","day":"Sun","time":"20:26","desc":"Aggravated Assault - Other","res":""},{"d":"2025-06-17","day":"Tue","time":"16:00","desc":"Robbery - Highway","res":""}]}},{"type":"Feature","geometry":{"type":"Polygon","coordinates":[[[-110.91562267145751,32.23504991567796],[-110.9143832946033,32.236707163357835],[-110.91546813796494,32.238427955464786],[-110.91779239129268,32.23849147962964],[-110.91903173305855,32.23683421487403],[-110.9179468565879,32.235113443029405],[-110.91562267145751,32.23504991567796],[-110.91562267145751,32.23504991567796]]]},"properties":{"h3":"8948e8555a7ffff","count":1,"c3":0,"c6":0,"c12":0,"c24":1,"score":0.4,"risk":2,"peakDay":"Tuesday","peakTime":"evening","hood":"Palo Verde ","bk12":{"morning":0,"afternoon":0,"evening":0,"night":0},"bk24":{"morning":0,"afternoon":0,"evening":1,"night":0},"recent":[{"d":"2025-06-17","day":"Tue","time":"17:30","desc":"Aggravated Assault - Domestic Violence (DV)","res":""}]}},{"type":"Feature","geometry":{"type":"Polygon","coordinates":[[[-111.0040005594685,32.13256794502138],[-111.0027636847342,32.1342266756597],[-111.00384875696541,32.13594751638093],[-111.00617073673246,32.136009606047715],[-111.00740757618226,32.134350858367576],[-111.0063224711524,32.132630038062516],[-111.0040005594685,32.13256794502138],[-111.0040005594685,32.13256794502138]]]},"properties":{"h3":"8948e8ccb9bffff","count":2,"c3":0,"c6":0,"c12":0,"c24":2,"score":0.9,"risk":4,"peakDay":"Thursday","peakTime":"morning","hood":"Midvale Park","bk12":{"morning":0,"afternoon":0,"evening":0,"night":0},"bk24":{"morning":2,"afternoon":0,"evening":0,"night":0},"recent":[{"d":"2025-06-19","day":"Thu","time":"08:27","desc":"Robbery - Convenience Stores","res":""},{"d":"2025-06-19","day":"Thu","time":"08:27","desc":"Robbery - Convenience Stores","res":""}]}},{"type":"Feature","geometry":{"type":"Polygon","coordinates":[[[-110.98595616732783,32.22342483932969],[-110.98471803438616,32.22508277967638],[-110.98580371557891,32.22680299543216],[-110.9881275626179,32.226865250496935],[-110.98936566027247,32.22520729314039],[-110.98827994617801,32.223487097728984],[-110.98595616732783,32.22342483932969],[-110.98595616732783,32.22342483932969]]]},"properties":{"h3":"8948e8545a3ffff","count":2,"c3":0,"c6":0,"c12":0,"c24":2,"score":0.9,"risk":4,"peakDay":"Thursday","peakTime":"afternoon","hood":"Menlo Park","bk12":{"morning":0,"afternoon":0,"evening":0,"night":0},"bk24":{"morning":0,"afternoon":1,"evening":0,"night":1},"recent":[{"d":"2025-06-21","day":"Sat","time":"04:08","desc":"Aggravated Assault - Other","res":""},{"d":"2025-06-19","day":"Thu","time":"12:44","desc":"Aggravated Assault - Other","res":""}]}},{"type":"Feature","geometry":{"type":"Polygon","coordinates":[[[-110.90059268070253,32.25831313962678],[-110.89935281584287,32.259970091866975],[-110.90043767449869,32.261690822912946],[-110.90276243118225,32.26175458148599],[-110.90400226098353,32.260097612167556],[-110.90291736916251,32.258376901354396],[-110.90059268070253,32.25831313962678],[-110.90059268070253,32.25831313962678]]]},"properties":{"h3":"8948e855103ffff","count":4,"c3":0,"c6":0,"c12":3,"c24":4,"score":2.2,"risk":10,"peakDay":"Friday","peakTime":"morning","hood":"","bk12":{"morning":1,"afternoon":0,"evening":2,"night":0},"bk24":{"morning":2,"afternoon":0,"evening":2,"night":0},"recent":[{"d":"2025-12-29","day":"Mon","time":"11:05","desc":"Robbery - Residence","res":""},{"d":"2025-11-08","day":"Sat","time":"21:48","desc":"Aggravated Assault - Other","res":""},{"d":"2025-09-04","day":"Thu","time":"17:25","desc":"Aggravated Assault - Domestic Violence (DV)","res":""},{"d":"2025-06-20","day":"Fri","time":"06:35","desc":"Aggravated Assault - Domestic Violence (DV)","res":""}]}},{"type":"Feature","geometry":{"type":"Polygon","coordinates":[[[-110.97369427776908,32.185886932547064],[-110.972456350772,32.187545029862754],[-110.97354151530689,32.18926569533671],[-110.97586463975708,32.18932824314213],[-110.97710253152574,32.18767012878307],[-110.97601733407554,32.18594948366202],[-110.97369427776908,32.185886932547064],[-110.97369427776908,32.185886932547064]]]},"properties":{"h3":"8948e856063ffff","count":1,"c3":0,"c6":0,"c12":0,"c24":1,"score":0.4,"risk":2,"peakDay":"Friday","peakTime":"afternoon","hood":"Sunset Villa","bk12":{"morning":0,"afternoon":0,"evening":0,"night":0},"bk24":{"morning":0,"afternoon":1,"evening":0,"night":0},"recent":[{"d":"2025-06-20","day":"Fri","time":"12:08","desc":"Robbery - Highway","res":""}]}},{"type":"Feature","geometry":{"type":"Polygon","coordinates":[[[-110.98295073237112,32.135386792626925],[-110.98171349217353,32.137045321904196],[-110.98279830821163,32.13876634126217],[-110.98512039731051,32.13882881095092],[-110.98635760228336,32.137170264611676],[-110.98527275338498,32.135449265645725],[-110.98295073237112,32.135386792626925],[-110.98295073237112,32.135386792626925]]]},"properties":{"h3":"8948e8cca3bffff","count":3,"c3":0,"c6":0,"c12":0,"c24":3,"score":1.4,"risk":6,"peakDay":"Wednesday","peakTime":"evening","hood":"Sunnyside","bk12":{"morning":0,"afternoon":0,"evening":0,"night":0},"bk24":{"morning":1,"afternoon":0,"evening":2,"night":0},"recent":[{"d":"2025-06-25","day":"Wed","time":"21:55","desc":"Aggravated Assault - Domestic Violence (DV)","res":""},{"d":"2025-06-25","day":"Wed","time":"21:55","desc":"Aggravated Assault - Domestic Violence (DV)","res":""},{"d":"2025-06-21","day":"Sat","time":"05:46","desc":"Aggravated Assault - Domestic Violence (DV)","res":""}]}},{"type":"Feature","geometry":{"type":"Polygon","coordinates":[[[-110.85105711576449,32.121615908819265],[-110.84981792790133,32.12327338957817],[-110.8509008385967,32.1249957978181],[-110.85322297038606,32.125060705041115],[-110.85446212341841,32.12340320707704],[-110.85337917949512,32.121680819095204],[-110.85105711576449,32.121615908819265],[-110.85105711576449,32.121615908819265]]]},"properties":{"h3":"8948e852c7bffff","count":1,"c3":0,"c6":0,"c12":0,"c24":1,"score":0.4,"risk":2,"peakDay":"Saturday","peakTime":"afternoon","hood":"","bk12":{"morning":0,"afternoon":0,"evening":0,"night":0},"bk24":{"morning":0,"afternoon":1,"evening":0,"night":0},"recent":[{"d":"2025-06-21","day":"Sat","time":"12:39","desc":"Aggravated Assault - Domestic Violence (DV)","res":""}]}},{"type":"Feature","geometry":{"type":"Polygon","coordinates":[[[-111.02937936105577,32.266853451241516],[-111.02814145644545,32.26851146164409],[-111.02922812834582,32.27023087149556],[-111.0315527376617,32.2702922505789],[-111.03279060683141,32.268634223235296],[-111.03170390212875,32.26691483374948],[-111.02937936105577,32.266853451241516],[-111.02937936105577,32.266853451241516]]]},"properties":{"h3":"8948e854d87ffff","count":2,"c3":0,"c6":0,"c12":1,"c24":2,"score":1,"risk":4,"peakDay":"Saturday","peakTime":"afternoon","hood":"Menlo Park","bk12":{"morning":0,"afternoon":1,"evening":0,"night":0},"bk24":{"morning":0,"afternoon":2,"evening":0,"night":0},"recent":[{"d":"2025-09-12","day":"Fri","time":"15:18","desc":"Aggravated Assault - Other","res":""},{"d":"2025-06-21","day":"Sat","time":"14:30","desc":"Aggravated Assault - Other","res":""}]}},{"type":"Feature","geometry":{"type":"Polygon","coordinates":[[[-110.95818637438606,32.143177113288864],[-110.95694865680352,32.14483537421472],[-110.95803321294457,32.146556564302095],[-110.96035551960635,32.14661947310272],[-110.96159320203174,32.144961195093714],[-110.96050861295542,32.14324002536731],[-110.95818637438606,32.143177113288864],[-110.95818637438606,32.143177113288864]]]},"properties":{"h3":"8948e8cd907ffff","count":5,"c3":0,"c6":0,"c12":4,"c24":5,"score":2.7,"risk":12,"peakDay":"Sunday","peakTime":"morning","hood":"","bk12":{"morning":3,"afternoon":0,"evening":0,"night":1},"bk24":{"morning":4,"afternoon":0,"evening":0,"night":1},"recent":[{"d":"2025-10-19","day":"Sun","time":"08:58","desc":"Aggravated Assault - Domestic Violence (DV)","res":""},{"d":"2025-10-19","day":"Sun","time":"08:58","desc":"Aggravated Assault - Domestic Violence (DV)","res":""},{"d":"2025-10-19","day":"Sun","time":"08:58","desc":"Aggravated Assault - Domestic Violence (DV)","res":""},{"d":"2025-09-15","day":"Mon","time":"04:03","desc":"Aggravated Assault - Other","res":""},{"d":"2025-06-22","day":"Sun","time":"06:01","desc":"Aggravated Assault - Domestic Violence (DV)","res":""}]}},{"type":"Feature","geometry":{"type":"Polygon","coordinates":[[[-110.92136032951737,32.26226310984968],[-110.92012075245236,32.263920215056814],[-110.92120592829163,32.265640710838056],[-110.92353071430708,32.265704081159406],[-110.92477025625044,32.26404695889754],[-110.92368504730292,32.26232648336912],[-110.92136032951737,32.26226310984968],[-110.92136032951737,32.26226310984968]]]},"properties":{"h3":"8948e855cd7ffff","count":1,"c3":0,"c6":0,"c12":0,"c24":1,"score":0.4,"risk":2,"peakDay":"Sunday","peakTime":"afternoon","hood":"Cabrini","bk12":{"morning":0,"afternoon":0,"evening":0,"night":0},"bk24":{"morning":0,"afternoon":1,"evening":0,"night":0},"recent":[{"d":"2025-06-22","day":"Sun","time":"16:00","desc":"Aggravated Assault - Other","res":""}]}},{"type":"Feature","geometry":{"type":"Polygon","coordinates":[[[-110.97063732848817,32.25345204876732],[-110.96939863015753,32.25510964471633],[-110.97048438701984,32.25682974267308],[-110.97280887517813,32.256892224370226],[-110.97404753824816,32.25523461141222],[-110.97296174842337,32.253514533766136],[-110.97063732848817,32.25345204876732],[-110.97063732848817,32.25345204876732]]]},"properties":{"h3":"8948e854173ffff","count":2,"c3":0,"c6":0,"c12":0,"c24":2,"score":0.9,"risk":4,"peakDay":"Monday","peakTime":"morning","hood":"Balboa Heights","bk12":{"morning":0,"afternoon":0,"evening":0,"night":0},"bk24":{"morning":2,"afternoon":0,"evening":0,"night":0},"recent":[{"d":"2025-06-23","day":"Mon","time":"07:25","desc":"Aggravated Assault - Domestic Violence (DV)","res":""},{"d":"2025-06-23","day":"Mon","time":"07:25","desc":"Aggravated Assault - Domestic Violence (DV)","res":""}]}},{"type":"Feature","geometry":{"type":"Polygon","coordinates":[[[-110.95730402775561,32.23956484986311],[-110.95606526568224,32.2412224280582],[-110.95715071287523,32.24294277797596],[-110.95947495513714,32.243005529394296],[-110.96071368199739,32.241347934168786],[-110.95962820181175,32.23962760455544],[-110.95730402775561,32.23956484986311],[-110.95730402775561,32.23956484986311]]]},"properties":{"h3":"8948e854033ffff","count":1,"c3":0,"c6":0,"c12":0,"c24":1,"score":0.5,"risk":2,"peakDay":"Tuesday","peakTime":"evening","hood":"","bk12":{"morning":0,"afternoon":0,"evening":0,"night":0},"bk24":{"morning":0,"afternoon":0,"evening":1,"night":0},"recent":[{"d":"2025-06-24","day":"Tue","time":"17:00","desc":"Aggravated Assault - Other","res":""}]}},{"type":"Feature","geometry":{"type":"Polygon","coordinates":[[[-110.93743979254508,32.13922945394922],[-110.93620178717308,32.140887562614274],[-110.93728602728032,32.14260898718047],[-110.9396083057546,32.142672282740705],[-110.94084627603246,32.141014156968936],[-110.93976200293305,32.13929275274372],[-110.93743979254508,32.13922945394922],[-110.93743979254508,32.13922945394922]]]},"properties":{"h3":"8948e8cd82fffff","count":1,"c3":0,"c6":0,"c12":0,"c24":1,"score":0.5,"risk":2,"peakDay":"Tuesday","peakTime":"evening","hood":"","bk12":{"morning":0,"afternoon":0,"evening":0,"night":0},"bk24":{"morning":0,"afternoon":0,"evening":1,"night":0},"recent":[{"d":"2025-06-24","day":"Tue","time":"21:30","desc":"Aggravated Assault - Other","res":""}]}},{"type":"Feature","geometry":{"type":"Polygon","coordinates":[[[-110.85443130434771,32.19953433723024],[-110.85319133644667,32.201191301931644],[-110.85427502115105,32.202912995851584],[-110.8565987070224,32.20297770485332],[-110.85783864003591,32.20132072299376],[-110.85675492206848,32.19959904929071],[-110.85443130434771,32.19953433723024],[-110.85443130434771,32.19953433723024]]]},"properties":{"h3":"8948e85099bffff","count":2,"c3":0,"c6":0,"c12":0,"c24":2,"score":0.9,"risk":4,"peakDay":"Wednesday","peakTime":"morning","hood":"Terra Del Sol","bk12":{"morning":0,"afternoon":0,"evening":0,"night":0},"bk24":{"morning":2,"afternoon":0,"evening":0,"night":0},"recent":[{"d":"2025-06-25","day":"Wed","time":"06:21","desc":"Aggravated Assault - Domestic Violence (DV)","res":""},{"d":"2025-06-25","day":"Wed","time":"06:21","desc":"Aggravated Assault - Domestic Violence (DV)","res":""}]}},{"type":"Feature","geometry":{"type":"Polygon","coordinates":[[[-111.0207339009578,32.14824014494429],[-111.01949712580236,32.14989891122366],[-111.02058256923864,32.151619452797746],[-111.0229048205931,32.15168120766754],[-111.02414156040568,32.15002242437236],[-111.02305608420957,32.14830190322327],[-111.0207339009578,32.14824014494429],[-111.0207339009578,32.14824014494429]]]},"properties":{"h3":"8948e8196c3ffff","count":1,"c3":0,"c6":0,"c12":0,"c24":1,"score":0.5,"risk":2,"peakDay":"Wednesday","peakTime":"afternoon","hood":"Sunnyside","bk12":{"morning":0,"afternoon":0,"evening":0,"night":0},"bk24":{"morning":0,"afternoon":1,"evening":0,"night":0},"recent":[{"d":"2025-06-25","day":"Wed","time":"13:51","desc":"Aggravated Assault - Other","res":""}]}},{"type":"Feature","geometry":{"type":"Polygon","coordinates":[[[-110.82822702970846,32.23770399641566],[-110.82698623773027,32.23936046259986],[-110.82806992520669,32.24108207178311],[-110.83039443802387,32.24114719461553],[-110.83163519516842,32.239490711267685],[-110.83055147433237,32.23776912225114],[-110.82822702970846,32.23770399641566],[-110.82822702970846,32.23770399641566]]]},"properties":{"h3":"8948e84258bffff","count":1,"c3":0,"c6":0,"c12":0,"c24":1,"score":0.5,"risk":2,"peakDay":"Thursday","peakTime":"afternoon","hood":"Pio Decimo ","bk12":{"morning":0,"afternoon":0,"evening":0,"night":0},"bk24":{"morning":0,"afternoon":1,"evening":0,"night":0},"recent":[{"d":"2025-06-26","day":"Thu","time":"13:36","desc":"Aggravated Assault - Domestic Violence (DV)","res":""}]}},{"type":"Feature","geometry":{"type":"Polygon","coordinates":[[[-110.87518804447252,32.20349383955935],[-110.87394836333776,32.20515095743239],[-110.87503236552757,32.20687241711623],[-110.87735608206123,32.206936738690125],[-110.8785957282452,32.20527960368235],[-110.87751169284918,32.20355816423549],[-110.87518804447252,32.20349383955935],[-110.87518804447252,32.20349383955935]]]},"properties":{"h3":"8948e857273ffff","count":10,"c3":0,"c6":0,"c12":5,"c24":10,"score":5.3,"risk":24,"peakDay":"Friday","peakTime":"night","hood":"Myers","bk12":{"morning":2,"afternoon":0,"evening":1,"night":2},"bk24":{"morning":3,"afternoon":2,"evening":1,"night":4},"recent":[{"d":"2025-12-17","day":"Wed","time":"09:27","desc":"Aggravated Assault - Other","res":""},{"d":"2025-12-10","day":"Wed","time":"10:11","desc":"Robbery - Miscellaneous","res":""},{"d":"2025-11-14","day":"Fri","time":"03:57","desc":"Robbery - Convenience Stores","res":""},{"d":"2025-10-28","day":"Tue","time":"17:44","desc":"Aggravated Assault - Other","res":""},{"d":"2025-10-20","day":"Mon","time":"02:56","desc":"Robbery - Residence","res":""},{"d":"2025-07-25","day":"Fri","time":"08:46","desc":"Aggravated Assault - Other","res":""},{"d":"2025-07-18","day":"Fri","time":"03:34","desc":"Aggravated Assault - Domestic Violence (DV)","res":""},{"d":"2025-07-18","day":"Fri","time":"03:34","desc":"Aggravated Assault - Domestic Violence (DV)","res":""},{"d":"2025-06-26","day":"Thu","time":"16:49","desc":"Aggravated Assault - Domestic Violence (DV)","res":""},{"d":"2025-06-26","day":"Thu","time":"16:49","desc":"Aggravated Assault - Domestic Violence (DV)","res":""}]}},{"type":"Feature","geometry":{"type":"Polygon","coordinates":[[[-110.86839461077722,32.12379163744756],[-110.86715567435824,32.12544925396728],[-110.86823883950014,32.12717147700913],[-110.87056097424376,32.12723606325575],[-110.87179987577991,32.125578429549805],[-110.87071667745813,32.12385622678353],[-110.86839461077722,32.12379163744756],[-110.86839461077722,32.12379163744756]]]},"properties":{"h3":"8948e852c27ffff","count":2,"c3":0,"c6":0,"c12":1,"c24":2,"score":1.1,"risk":5,"peakDay":"Thursday","peakTime":"evening","hood":"","bk12":{"morning":0,"afternoon":0,"evening":1,"night":0},"bk24":{"morning":0,"afternoon":0,"evening":2,"night":0},"recent":[{"d":"2025-11-29","day":"Sat","time":"21:00","desc":"Aggravated Assault - Other","res":""},{"d":"2025-06-26","day":"Thu","time":"17:08","desc":"Aggravated Assault - Other","res":""}]}},{"type":"Feature","geometry":{"type":"Polygon","coordinates":[[[-110.91841393591615,32.25034592614469],[-110.91717443964473,32.252003090049584],[-110.91825946401578,32.25372371988404],[-110.92058401777098,32.25378716555714],[-110.92182347893663,32.25212998458785],[-110.92073842145578,32.25040937500993],[-110.91841393591615,32.25034592614469],[-110.91841393591615,32.25034592614469]]]},"properties":{"h3":"8948e854247ffff","count":4,"c3":0,"c6":0,"c12":2,"c24":4,"score":2.1,"risk":9,"peakDay":"Friday","peakTime":"morning","hood":"Doolen/Fruitvale","bk12":{"morning":2,"afternoon":0,"evening":0,"night":0},"bk24":{"morning":3,"afternoon":0,"evening":0,"night":1},"recent":[{"d":"2025-11-15","day":"Sat","time":"09:38","desc":"Aggravated Assault - Other","res":""},{"d":"2025-09-11","day":"Thu","time":"10:21","desc":"Aggravated Assault - Other","res":""},{"d":"2025-07-28","day":"Mon","time":"11:38","desc":"Aggravated Assault - Domestic Violence (DV)","res":""},{"d":"2025-06-27","day":"Fri","time":"01:00","desc":"Aggravated Assault - Other","res":""}]}},{"type":"Feature","geometry":{"type":"Polygon","coordinates":[[[-110.96098089316084,32.15847855568227],[-110.95974305661399,32.16013673426287],[-110.9608277935461,32.161857763300766],[-110.963150399964,32.16192059340302],[-110.96438820133625,32.16026239775068],[-110.9633034314681,32.1585413890679],[-110.96098089316084,32.15847855568227],[-110.96098089316084,32.15847855568227]]]},"properties":{"h3":"8948e856687ffff","count":2,"c3":0,"c6":0,"c12":0,"c24":2,"score":0.9,"risk":4,"peakDay":"Friday","peakTime":"evening","hood":"Sunnyside","bk12":{"morning":0,"afternoon":0,"evening":0,"night":0},"bk24":{"morning":0,"afternoon":0,"evening":2,"night":0},"recent":[{"d":"2025-06-27","day":"Fri","time":"17:27","desc":"Aggravated Assault - Domestic Violence (DV)","res":""},{"d":"2025-06-27","day":"Fri","time":"17:27","desc":"Aggravated Assault - Domestic Violence (DV)","res":""}]}},{"type":"Feature","geometry":{"type":"Polygon","coordinates":[[[-110.97216625062438,32.219672162310495],[-110.97092793807933,32.22133000950997],[-110.97201339869832,32.2230503917728],[-110.97433720480414,32.22311290650443],[-110.97557548210469,32.2214550422788],[-110.97448998854682,32.219734680347734],[-110.97216625062438,32.219672162310495],[-110.97216625062438,32.219672162310495]]]},"properties":{"h3":"8948e8545c7ffff","count":3,"c3":0,"c6":0,"c12":1,"c24":3,"score":1.5,"risk":7,"peakDay":"Friday","peakTime":"evening","hood":"Pie Allen","bk12":{"morning":0,"afternoon":0,"evening":1,"night":0},"bk24":{"morning":0,"afternoon":0,"evening":3,"night":0},"recent":[{"d":"2025-11-07","day":"Fri","time":"18:45","desc":"Aggravated Assault - Other","res":""},{"d":"2025-06-27","day":"Fri","time":"18:55","desc":"Aggravated Assault - Other","res":""},{"d":"2025-06-27","day":"Fri","time":"18:55","desc":"Aggravated Assault - Other","res":""}]}},{"type":"Feature","geometry":{"type":"Polygon","coordinates":[[[-110.83105333848302,32.176889495482044],[-110.82981324264948,32.17854641530159],[-110.83089639944097,32.1802685322719],[-110.83321968538547,32.180333709218104],[-110.83445974641361,32.17867677220387],[-110.83337655630555,32.1769546754382],[-110.83105333848302,32.176889495482044],[-110.83105333848302,32.176889495482044]]]},"properties":{"h3":"8948e850c0fffff","count":3,"c3":0,"c6":0,"c12":2,"c24":3,"score":1.7,"risk":8,"peakDay":"Tuesday","peakTime":"afternoon","hood":"","bk12":{"morning":0,"afternoon":2,"evening":0,"night":0},"bk24":{"morning":0,"afternoon":2,"evening":0,"night":1},"recent":[{"d":"2025-12-02","day":"Tue","time":"14:00","desc":"Aggravated Assault - Domestic Violence (DV)","res":""},{"d":"2025-12-02","day":"Tue","time":"14:00","desc":"Aggravated Assault - Domestic Violence (DV)","res":""},{"d":"2025-06-28","day":"Sat","time":"04:24","desc":"Aggravated Assault - Domestic Violence (DV)","res":""}]}},{"type":"Feature","geometry":{"type":"Polygon","coordinates":[[[-110.95684405617602,32.24969847340505],[-110.95560517831561,32.25135597609252],[-110.95669071435563,32.253076240676734],[-110.95901516125873,32.253138982275466],[-110.96025400390121,32.251481462562715],[-110.95916843486144,32.24976121827659],[-110.95684405617602,32.24969847340505],[-110.95684405617602,32.24969847340505]]]},"properties":{"h3":"8948e854397ffff","count":2,"c3":0,"c6":0,"c12":0,"c24":2,"score":0.9,"risk":4,"peakDay":"Saturday","peakTime":"morning","hood":"Mountain First Avenue","bk12":{"morning":0,"afternoon":0,"evening":0,"night":0},"bk24":{"morning":2,"afternoon":0,"evening":0,"night":0},"recent":[{"d":"2025-07-29","day":"Tue","time":"09:20","desc":"Robbery - Banks","res":""},{"d":"2025-06-28","day":"Sat","time":"07:00","desc":"Aggravated Assault - Other","res":""}]}},{"type":"Feature","geometry":{"type":"Polygon","coordinates":[[[-110.83907895246107,32.22955133698716],[-110.8378384197638,32.23120795579499],[-110.83892217778279,32.23292953276108],[-110.84124650182603,32.232994470736315],[-110.84248699966274,32.23133783477137],[-110.84140320831969,32.22961627798837],[-110.83907895246107,32.22955133698716],[-110.83907895246107,32.22955133698716]]]},"properties":{"h3":"8948e850b27ffff","count":1,"c3":0,"c6":0,"c12":0,"c24":1,"score":0.5,"risk":2,"peakDay":"Saturday","peakTime":"evening","hood":"Broadway Northeast","bk12":{"morning":0,"afternoon":0,"evening":0,"night":0},"bk24":{"morning":0,"afternoon":0,"evening":1,"night":0},"recent":[{"d":"2025-06-28","day":"Sat","time":"19:06","desc":"Aggravated Assault - Other","res":""}]}},{"type":"Feature","geometry":{"type":"Polygon","coordinates":[[[-110.8171139467678,32.176497519722574],[-110.81587363449958,32.178154320510146],[-110.81695659899994,32.17987657446975],[-110.81927990912746,32.17994200745206],[-110.82052018663141,32.17828518945539],[-110.81943718877504,32.176562955685576],[-110.8171139467678,32.176497519722574],[-110.8171139467678,32.176497519722574]]]},"properties":{"h3":"8948e850c4bffff","count":1,"c3":0,"c6":0,"c12":0,"c24":1,"score":0.5,"risk":2,"peakDay":"Monday","peakTime":"morning","hood":"","bk12":{"morning":0,"afternoon":0,"evening":0,"night":0},"bk24":{"morning":1,"afternoon":0,"evening":0,"night":0},"recent":[{"d":"2025-06-30","day":"Mon","time":"09:17","desc":"Aggravated Assault - Other","res":""}]}},{"type":"Feature","geometry":{"type":"Polygon","coordinates":[[[-110.97481162202983,32.23834549628388],[-110.97357315187428,32.24000323501742],[-110.97465882317317,32.241723426508806],[-110.97698299757255,32.24178585894288],[-110.97822143246452,32.24012810319627],[-110.97713572822362,32.238407932028714],[-110.97481162202983,32.23834549628388],[-110.97481162202983,32.23834549628388]]]},"properties":{"h3":"8948e85419bffff","count":3,"c3":0,"c6":0,"c12":2,"c24":3,"score":1.5,"risk":7,"peakDay":"Saturday","peakTime":"afternoon","hood":"Bronx Park","bk12":{"morning":0,"afternoon":2,"evening":0,"night":0},"bk24":{"morning":0,"afternoon":3,"evening":0,"night":0},"recent":[{"d":"2025-09-27","day":"Sat","time":"15:44","desc":"Aggravated Assault - Domestic Violence (DV)","res":""},{"d":"2025-09-27","day":"Sat","time":"15:44","desc":"Aggravated Assault - Domestic Violence (DV)","res":""},{"d":"2025-06-30","day":"Mon","time":"14:37","desc":"Aggravated Assault - Other","res":""}]}},{"type":"Feature","geometry":{"type":"Polygon","coordinates":[[[-110.98824187277269,32.1727460959181],[-110.98700431793172,32.17440441094647],[-110.98808955484503,32.17612505147421],[-110.99041237946862,32.17618735659755],[-110.99164989904666,32.17452902453349],[-110.99056462926697,32.17280840438183],[-110.98824187277269,32.1727460959181],[-110.98824187277269,32.1727460959181]]]},"properties":{"h3":"8948e8560b3ffff","count":3,"c3":0,"c6":0,"c12":0,"c24":3,"score":1.4,"risk":6,"peakDay":"Monday","peakTime":"afternoon","hood":"West Lamar","bk12":{"morning":0,"afternoon":0,"evening":0,"night":0},"bk24":{"morning":0,"afternoon":3,"evening":0,"night":0},"recent":[{"d":"2025-07-01","day":"Tue","time":"13:00","desc":"Aggravated Assault - Domestic Violence (DV)","res":""},{"d":"2025-06-30","day":"Mon","time":"14:51","desc":"Aggravated Assault - Domestic Violence (DV)","res":""},{"d":"2025-06-30","day":"Mon","time":"14:51","desc":"Aggravated Assault - Domestic Violence (DV)","res":""}]}},{"type":"Feature","geometry":{"type":"Polygon","coordinates":[[[-110.99861823637626,32.17471562503295],[-110.99738082587339,32.17637401604802],[-110.99846622058334,32.178094538952244],[-111.00078905863697,32.17815665045545],[-111.0020264338454,32.1764982424165],[-111.00094100629754,32.17477773989831],[-110.99861823637626,32.17471562503295],[-110.99861823637626,32.17471562503295]]]},"properties":{"h3":"8948e856563ffff","count":1,"c3":0,"c6":0,"c12":0,"c24":1,"score":0.5,"risk":2,"peakDay":"Monday","peakTime":"evening","hood":"","bk12":{"morning":0,"afternoon":0,"evening":0,"night":0},"bk24":{"morning":0,"afternoon":0,"evening":1,"night":0},"recent":[{"d":"2025-06-30","day":"Mon","time":"20:00","desc":"Robbery - Highway","res":""}]}},{"type":"Feature","geometry":{"type":"Polygon","coordinates":[[[-110.92042124765953,32.206429733166225],[-110.91918225339192,32.20808722417258],[-110.92026689330447,32.20980822266421],[-110.9225905605665,32.20987170986561],[-110.92382951974906,32.208214201772535],[-110.92274484675752,32.20649322356484],[-110.92042124765953,32.206429733166225],[-110.92042124765953,32.206429733166225]]]},"properties":{"h3":"8948e85717bffff","count":1,"c3":0,"c6":0,"c12":0,"c24":1,"score":0.5,"risk":2,"peakDay":"Tuesday","peakTime":"night","hood":"Julia Keen","bk12":{"morning":0,"afternoon":0,"evening":0,"night":0},"bk24":{"morning":0,"afternoon":0,"evening":0,"night":1},"recent":[{"d":"2025-07-01","day":"Tue","time":"04:55","desc":"Aggravated Assault - Other","res":""}]}},{"type":"Feature","geometry":{"type":"Polygon","coordinates":[[[-110.89702808684858,32.25990626754396],[-110.89578814828779,32.26156317741406],[-110.89687297376733,32.26328392868812],[-110.8991977709868,32.26334774986407],[-110.90043767449869,32.261690822912946],[-110.89935281584287,32.259970091866975],[-110.89702808684858,32.25990626754396],[-110.89702808684858,32.25990626754396]]]},"properties":{"h3":"8948e85510bffff","count":1,"c3":0,"c6":0,"c12":0,"c24":1,"score":0.5,"risk":2,"peakDay":"Tuesday","peakTime":"morning","hood":"Hedrick Acres","bk12":{"morning":0,"afternoon":0,"evening":0,"night":0},"bk24":{"morning":1,"afternoon":0,"evening":0,"night":0},"recent":[{"d":"2025-07-01","day":"Tue","time":"05:25","desc":"Aggravated Assault - Other","res":""}]}},{"type":"Feature","geometry":{"type":"Polygon","coordinates":[[[-110.88912987151639,32.20387914708243],[-110.88789040750395,32.20553638372579],[-110.88897460151726,32.207257705952586],[-110.8912982927126,32.20732177128434],[-110.89253772173316,32.20566451752077],[-110.89145349455313,32.20394321554574],[-110.88912987151639,32.20387914708243],[-110.88912987151639,32.20387914708243]]]},"properties":{"h3":"8948e857237ffff","count":3,"c3":0,"c6":0,"c12":0,"c24":3,"score":1.4,"risk":6,"peakDay":"Tuesday","peakTime":"night","hood":"","bk12":{"morning":0,"afternoon":0,"evening":0,"night":0},"bk24":{"morning":0,"afternoon":0,"evening":0,"night":3},"recent":[{"d":"2025-07-01","day":"Tue","time":"23:20","desc":"Robbery - Highway","res":""},{"d":"2025-07-01","day":"Tue","time":"23:20","desc":"Robbery - Highway","res":""},{"d":"2025-07-01","day":"Tue","time":"23:20","desc":"Robbery - Highway","res":""}]}},{"type":"Feature","geometry":{"type":"Polygon","coordinates":[[[-110.95431983239796,32.151531205780984],[-110.95308196407217,32.15318937507528],[-110.954166546395,32.15491052926793],[-110.95648902999754,32.15497349381437],[-110.95772686317244,32.153315307437595],[-110.95664224789857,32.151594173596926],[-110.95431983239796,32.151531205780984],[-110.95431983239796,32.151531205780984]]]},"properties":{"h3":"8948e8cd967ffff","count":1,"c3":0,"c6":0,"c12":0,"c24":1,"score":0.5,"risk":2,"peakDay":"Wednesday","peakTime":"night","hood":"Cherry Avenue","bk12":{"morning":0,"afternoon":0,"evening":0,"night":0},"bk24":{"morning":0,"afternoon":0,"evening":0,"night":1},"recent":[{"d":"2025-07-02","day":"Wed","time":"03:00","desc":"Aggravated Assault - Other","res":""}]}},{"type":"Feature","geometry":{"type":"Polygon","coordinates":[[[-110.90198732810178,32.22791157567474],[-110.90074781100495,32.229568755006774],[-110.90183240357547,32.23128974156886],[-110.90415654638957,32.23135352854717],[-110.90539602844235,32.22969633212145],[-110.90431140272801,32.227975365811155],[-110.90198732810178,32.22791157567474],[-110.90198732810178,32.22791157567474]]]},"properties":{"h3":"8948e85558bffff","count":1,"c3":0,"c6":0,"c12":0,"c24":1,"score":0.5,"risk":2,"peakDay":"Wednesday","peakTime":"afternoon","hood":"Peter Howell","bk12":{"morning":0,"afternoon":0,"evening":0,"night":0},"bk24":{"morning":0,"afternoon":1,"evening":0,"night":0},"recent":[{"d":"2025-07-02","day":"Wed","time":"15:19","desc":"Aggravated Assault - Domestic Violence (DV)","res":""}]}},{"type":"Feature","geometry":{"type":"Polygon","coordinates":[[[-110.91454074693422,32.25869506830553],[-110.91330109965911,32.260352139389674],[-110.91438615007581,32.26207273259103],[-110.91671088089618,32.26213623446075],[-110.91795049307177,32.26047914631286],[-110.91686540952944,32.258758573359074],[-110.91454074693422,32.25869506830553],[-110.91454074693422,32.25869506830553]]]},"properties":{"h3":"8948e8551a7ffff","count":2,"c3":0,"c6":0,"c12":0,"c24":2,"score":1,"risk":4,"peakDay":"Wednesday","peakTime":"evening","hood":"Dodge Flower","bk12":{"morning":0,"afternoon":0,"evening":0,"night":0},"bk24":{"morning":1,"afternoon":0,"evening":1,"night":0},"recent":[{"d":"2025-08-17","day":"Sun","time":"07:54","desc":"Aggravated Assault - Other","res":""},{"d":"2025-07-02","day":"Wed","time":"17:30","desc":"Robbery - Highway","res":""}]}},{"type":"Feature","geometry":{"type":"Polygon","coordinates":[[[-110.81601231897281,32.20014978444624],[-110.81477173599615,32.20180640914631],[-110.8158549067241,32.2035284661496],[-110.81817869380438,32.20359387827787],[-110.81941924200582,32.20193723638079],[-110.81833603790508,32.20021519955252],[-110.81601231897281,32.20014978444624],[-110.81601231897281,32.20014978444624]]]},"properties":{"h3":"8948e85084bffff","count":1,"c3":0,"c6":0,"c12":0,"c24":1,"score":0.5,"risk":2,"peakDay":"Thursday","peakTime":"morning","hood":"Bravo Park Lane","bk12":{"morning":0,"afternoon":0,"evening":0,"night":0},"bk24":{"morning":1,"afternoon":0,"evening":0,"night":0},"recent":[{"d":"2025-07-03","day":"Thu","time":"09:48","desc":"Aggravated Assault - Other","res":""}]}},{"type":"Feature","geometry":{"type":"Polygon","coordinates":[[[-110.87504965500622,32.13074488539071],[-110.87381074977837,32.13240251139068],[-110.87489406971466,32.134124609930495],[-110.87721632804657,32.134189062191666],[-110.87845519836793,32.132531419016175],[-110.87737184526672,32.13080934075511],[-110.87504965500622,32.13074488539071],[-110.87504965500622,32.13074488539071]]]},"properties":{"h3":"8948e852d47ffff","count":1,"c3":0,"c6":0,"c12":0,"c24":1,"score":0.5,"risk":2,"peakDay":"Thursday","peakTime":"morning","hood":"","bk12":{"morning":0,"afternoon":0,"evening":0,"night":0},"bk24":{"morning":1,"afternoon":0,"evening":0,"night":0},"recent":[{"d":"2025-07-03","day":"Thu","time":"11:49","desc":"Aggravated Assault - Other","res":""}]}},{"type":"Feature","geometry":{"type":"Polygon","coordinates":[[[-110.90493152090978,32.239830574639264],[-110.90369192296227,32.24148769546458],[-110.90477666693037,32.24320854833004],[-110.90710104199115,32.24327226012217],[-110.90834060487877,32.24161512221282],[-110.90725582776841,32.239894289595455],[-110.90493152090978,32.239830574639264],[-110.90493152090978,32.239830574639264]]]},"properties":{"h3":"8948e85553bffff","count":2,"c3":0,"c6":0,"c12":0,"c24":2,"score":0.9,"risk":4,"peakDay":"Friday","peakTime":"night","hood":"Garden District","bk12":{"morning":0,"afternoon":0,"evening":0,"night":0},"bk24":{"morning":0,"afternoon":0,"evening":0,"night":2},"recent":[{"d":"2025-07-04","day":"Fri","time":"04:30","desc":"Aggravated Assault - Domestic Violence (DV)","res":""},{"d":"2025-07-04","day":"Fri","time":"04:30","desc":"Aggravated Assault - Domestic Violence (DV)","res":""}]}},{"type":"Feature","geometry":{"type":"Polygon","coordinates":[[[-110.95849267038386,32.136418052483215],[-110.957255029851,32.13807636305161],[-110.95833952686556,32.1397976093418],[-110.96066169734644,32.13986052469845],[-110.96189930272534,32.13820219704343],[-110.96081477278021,32.13648097111845],[-110.95849267038386,32.136418052483215],[-110.95849267038386,32.136418052483215]]]},"properties":{"h3":"8948e8cd98fffff","count":3,"c3":0,"c6":0,"c12":0,"c24":3,"score":1.4,"risk":6,"peakDay":"Friday","peakTime":"afternoon","hood":"","bk12":{"morning":0,"afternoon":0,"evening":0,"night":0},"bk24":{"morning":0,"afternoon":3,"evening":0,"night":0},"recent":[{"d":"2025-07-04","day":"Fri","time":"14:40","desc":"Aggravated Assault - Other","res":""},{"d":"2025-07-04","day":"Fri","time":"14:40","desc":"Aggravated Assault - Other","res":""},{"d":"2025-07-04","day":"Fri","time":"14:40","desc":"Aggravated Assault - Other","res":""}]}},{"type":"Feature","geometry":{"type":"Polygon","coordinates":[[[-110.8785957282452,32.20527960368235],[-110.87735608206123,32.206936738690125],[-110.87844014698184,32.20865814989582],[-110.88076389128686,32.20872240585422],[-110.88200350250898,32.207065253716216],[-110.88091940439085,32.20534386275013],[-110.8785957282452,32.20527960368235],[-110.8785957282452,32.20527960368235]]]},"properties":{"h3":"8948e857277ffff","count":4,"c3":0,"c6":0,"c12":2,"c24":4,"score":2.1,"risk":9,"peakDay":"Friday","peakTime":"evening","hood":"Myers","bk12":{"morning":1,"afternoon":1,"evening":0,"night":0},"bk24":{"morning":1,"afternoon":1,"evening":1,"night":1},"recent":[{"d":"2025-11-01","day":"Sat","time":"10:47","desc":"Aggravated Assault - Other","res":""},{"d":"2025-10-10","day":"Fri","time":"14:43","desc":"Aggravated Assault - Other","res":""},{"d":"2025-07-29","day":"Tue","time":"04:14","desc":"Aggravated Assault - Other","res":""},{"d":"2025-07-04","day":"Fri","time":"17:00","desc":"Aggravated Assault - Domestic Violence (DV)","res":""}]}},{"type":"Feature","geometry":{"type":"Polygon","coordinates":[[[-110.92506324770034,32.181184618085],[-110.92382459723066,32.18284232653213],[-110.92490906330057,32.18456350246596],[-110.92723221289444,32.18462694964926],[-110.9284708282808,32.18296922410611],[-110.92738632915953,32.18124806847575],[-110.92506324770034,32.181184618085],[-110.92506324770034,32.181184618085]]]},"properties":{"h3":"8948e857573ffff","count":3,"c3":0,"c6":0,"c12":0,"c24":3,"score":1.4,"risk":6,"peakDay":"Saturday","peakTime":"night","hood":"Las Vistas","bk12":{"morning":0,"afternoon":0,"evening":0,"night":0},"bk24":{"morning":0,"afternoon":0,"evening":0,"night":3},"recent":[{"d":"2025-07-05","day":"Sat","time":"04:40","desc":"Robbery - Miscellaneous","res":""},{"d":"2025-07-05","day":"Sat","time":"04:40","desc":"Robbery - Miscellaneous","res":""},{"d":"2025-07-05","day":"Sat","time":"04:40","desc":"Robbery - Miscellaneous","res":""}]}},{"type":"Feature","geometry":{"type":"Polygon","coordinates":[[[-110.99983404246707,32.14768240295286],[-110.99859694000861,32.149340992704076],[-110.99968209783412,32.15106174126949],[-111.00200439094007,32.151123879680775],[-111.00324145811702,32.149465272891874],[-111.0021562674724,32.147744544729434],[-110.99983404246707,32.14768240295286],[-110.99983404246707,32.14768240295286]]]},"properties":{"h3":"8948e8ccb73ffff","count":2,"c3":0,"c6":0,"c12":0,"c24":2,"score":0.9,"risk":4,"peakDay":"Saturday","peakTime":"morning","hood":"Midvale Park","bk12":{"morning":0,"afternoon":0,"evening":0,"night":0},"bk24":{"morning":2,"afternoon":0,"evening":0,"night":0},"recent":[{"d":"2025-07-05","day":"Sat","time":"05:00","desc":"Aggravated Assault - Domestic Violence (DV)","res":""},{"d":"2025-07-05","day":"Sat","time":"05:00","desc":"Aggravated Assault - Domestic Violence (DV)","res":""}]}},{"type":"Feature","geometry":{"type":"Polygon","coordinates":[[[-110.82827507594718,32.161585301675885],[-110.82703509991958,32.16324230459785],[-110.82811807607368,32.16496458220007],[-110.83044106157396,32.16502983666996],[-110.83168100281353,32.16337281654192],[-110.83059799334376,32.16165055915014],[-110.82827507594718,32.161585301675885],[-110.82827507594718,32.161585301675885]]]},"properties":{"h3":"8948e852a6fffff","count":2,"c3":0,"c6":0,"c12":0,"c24":2,"score":0.9,"risk":4,"peakDay":"Saturday","peakTime":"morning","hood":"Groves Lincoln Park","bk12":{"morning":0,"afternoon":0,"evening":0,"night":0},"bk24":{"morning":2,"afternoon":0,"evening":0,"night":0},"recent":[{"d":"2025-07-05","day":"Sat","time":"08:54","desc":"Aggravated Assault - Other","res":""},{"d":"2025-07-05","day":"Sat","time":"08:54","desc":"Aggravated Assault - Other","res":""}]}},{"type":"Feature","geometry":{"type":"Polygon","coordinates":[[[-110.97984896900493,32.12684388790275],[-110.97861177059562,32.12850244964043],[-110.97969646502791,32.130223573668204],[-110.9820183907367,32.130286115564736],[-110.98325555393549,32.12862753675711],[-110.98217082663895,32.12690643312298],[-110.97984896900493,32.12684388790275],[-110.97984896900493,32.12684388790275]]]},"properties":{"h3":"8948e8cca13ffff","count":1,"c3":0,"c6":0,"c12":0,"c24":1,"score":0.5,"risk":2,"peakDay":"Saturday","peakTime":"evening","hood":"Elvira","bk12":{"morning":0,"afternoon":0,"evening":0,"night":0},"bk24":{"morning":0,"afternoon":0,"evening":1,"night":0},"recent":[{"d":"2025-07-05","day":"Sat","time":"17:58","desc":"Aggravated Assault - Domestic Violence (DV)","res":""}]}},{"type":"Feature","geometry":{"type":"Polygon","coordinates":[[[-110.98066343310238,32.186074457885994],[-110.97942561511168,32.18773261423656],[-110.98051087507216,32.18945321073239],[-110.98283398592177,32.189515630517455],[-110.9840717686636,32.18785745713079],[-110.98298647580756,32.18613688099523],[-110.98066343310238,32.186074457885994],[-110.98066343310238,32.186074457885994]]]},"properties":{"h3":"8948e85602bffff","count":1,"c3":0,"c6":0,"c12":0,"c24":1,"score":0.5,"risk":2,"peakDay":"Sunday","peakTime":"night","hood":"Sunset Villa","bk12":{"morning":0,"afternoon":0,"evening":0,"night":0},"bk24":{"morning":0,"afternoon":0,"evening":0,"night":1},"recent":[{"d":"2025-07-06","day":"Sun","time":"00:45","desc":"Aggravated Assault - Domestic Violence (DV)","res":""}]}},{"type":"Feature","geometry":{"type":"Polygon","coordinates":[[[-110.91221370014075,32.233265502141535],[-110.91097428820929,32.23492273274117],[-110.91205906888023,32.23664357347912],[-110.9143832946033,32.236707163357835],[-110.91562267145751,32.23504991567796],[-110.91453785766882,32.23332909519969],[-110.91221370014075,32.233265502141535],[-110.91221370014075,32.233265502141535]]]},"properties":{"h3":"8948e8555a3ffff","count":3,"c3":0,"c6":0,"c12":0,"c24":3,"score":1.4,"risk":6,"peakDay":"Monday","peakTime":"night","hood":"Miramonte","bk12":{"morning":0,"afternoon":0,"evening":0,"night":0},"bk24":{"morning":0,"afternoon":0,"evening":0,"night":3},"recent":[{"d":"2025-07-07","day":"Mon","time":"00:00","desc":"Aggravated Assault - Other","res":""},{"d":"2025-07-07","day":"Mon","time":"00:00","desc":"Aggravated Assault - Other","res":""},{"d":"2025-07-07","day":"Mon","time":"00:00","desc":"Aggravated Assault - Other","res":""}]}},{"type":"Feature","geometry":{"type":"Polygon","coordinates":[[[-110.85768245449381,32.2046993503464],[-110.85644248283133,32.20635630705259],[-110.85752625980827,32.20807792432473],[-110.85985004170738,32.20814256467335],[-110.86108997846969,32.20648559081521],[-110.86000616823597,32.20476399376048],[-110.85768245449381,32.2046993503464],[-110.85768245449381,32.2046993503464]]]},"properties":{"h3":"8948e85098fffff","count":2,"c3":0,"c6":0,"c12":1,"c24":2,"score":1,"risk":5,"peakDay":"Monday","peakTime":"evening","hood":"Colonia Del Valle","bk12":{"morning":0,"afternoon":0,"evening":1,"night":0},"bk24":{"morning":0,"afternoon":0,"evening":2,"night":0},"recent":[{"d":"2025-10-01","day":"Wed","time":"19:13","desc":"Aggravated Assault - Other","res":""},{"d":"2025-07-07","day":"Mon","time":"18:19","desc":"Aggravated Assault - Domestic Violence (DV)","res":""}]}},{"type":"Feature","geometry":{"type":"Polygon","coordinates":[[[-110.95125240701243,32.21910757766996],[-110.95001376749296,32.22076524739281],[-110.95109894144642,32.22248583666327],[-110.95342278792053,32.22254873590122],[-110.95466139225704,32.220891049130366],[-110.9535761853053,32.21917048016963],[-110.95125240701243,32.21910757766996],[-110.95125240701243,32.21910757766996]]]},"properties":{"h3":"8948e854477ffff","count":3,"c3":0,"c6":0,"c12":1,"c24":3,"score":1.5,"risk":7,"peakDay":"Tuesday","peakTime":"night","hood":"Rincon Heights","bk12":{"morning":0,"afternoon":0,"evening":0,"night":1},"bk24":{"morning":1,"afternoon":0,"evening":0,"night":2},"recent":[{"d":"2025-09-14","day":"Sun","time":"00:57","desc":"Aggravated Assault - Domestic Violence (DV)","res":""},{"d":"2025-08-06","day":"Wed","time":"02:01","desc":"Aggravated Assault - Other","res":""},{"d":"2025-07-08","day":"Tue","time":"05:25","desc":"Aggravated Assault - Other","res":""}]}},{"type":"Feature","geometry":{"type":"Polygon","coordinates":[[[-111.00163654586306,32.26273600954823],[-111.00039824242334,32.26439380878794],[-111.0014845031629,32.266113524246016],[-111.00380910022429,32.266175420126],[-111.00504736830705,32.26451760391435],[-111.00396107468828,32.26279790879472],[-111.00163654586306,32.26273600954823],[-111.00163654586306,32.26273600954823]]]},"properties":{"h3":"8948e854c07ffff","count":2,"c3":0,"c6":0,"c12":1,"c24":2,"score":1.1,"risk":5,"peakDay":"Tuesday","peakTime":"morning","hood":"Flowing Wells","bk12":{"morning":0,"afternoon":0,"evening":1,"night":0},"bk24":{"morning":1,"afternoon":0,"evening":1,"night":0},"recent":[{"d":"2025-11-16","day":"Sun","time":"18:34","desc":"Aggravated Assault - Drive-By","res":""},{"d":"2025-07-08","day":"Tue","time":"09:19","desc":"Aggravated Assault - Other","res":""}]}},{"type":"Feature","geometry":{"type":"Polygon","coordinates":[[[-110.98346187400458,32.20137202257429],[-110.9822239371009,32.20303009607537],[-110.98330937802238,32.204750530719245],[-110.98563278874671,32.204812871507684],[-110.98687069038401,32.20315478098189],[-110.98578521656626,32.20143436669244],[-110.98346187400458,32.20137202257429],[-110.98346187400458,32.20137202257429]]]},"properties":{"h3":"8948e8563abffff","count":1,"c3":0,"c6":0,"c12":0,"c24":1,"score":0.5,"risk":2,"peakDay":"Tuesday","peakTime":"morning","hood":"Barrio Santa Cruz","bk12":{"morning":0,"afternoon":0,"evening":0,"night":0},"bk24":{"morning":1,"afternoon":0,"evening":0,"night":0},"recent":[{"d":"2025-07-08","day":"Tue","time":"11:13","desc":"Aggravated Assault - Domestic Violence (DV)","res":""}]}},{"type":"Feature","geometry":{"type":"Polygon","coordinates":[[[-110.87766210402062,32.22555007962022],[-110.87642222599239,32.227207063611765],[-110.87750646809387,32.22892830514043],[-110.87983062143829,32.22899254245064],[-110.88107046449515,32.2273355413392],[-110.87998618918188,32.22561432003751],[-110.87766210402062,32.22555007962022],[-110.87766210402062,32.22555007962022]]]},"properties":{"h3":"8948e85540fffff","count":2,"c3":0,"c6":0,"c12":0,"c24":2,"score":0.9,"risk":4,"peakDay":"Wednesday","peakTime":"night","hood":"Highland Vista Cinco Via","bk12":{"morning":0,"afternoon":0,"evening":0,"night":0},"bk24":{"morning":0,"afternoon":0,"evening":0,"night":2},"recent":[{"d":"2025-07-09","day":"Wed","time":"01:20","desc":"Aggravated Assault - Domestic Violence (DV)","res":""},{"d":"2025-07-09","day":"Wed","time":"01:20","desc":"Aggravated Assault - Domestic Violence (DV)","res":""}]}},{"type":"Feature","geometry":{"type":"Polygon","coordinates":[[[-111.01619009360618,32.24959624885916],[-111.01495216300599,32.25125426684357],[-111.01603849585098,32.252973957966596],[-111.01836279212922,32.25303561074375],[-111.01960068733791,32.25137757579517],[-111.01851432166276,32.24965790503368],[-111.01619009360618,32.24959624885916],[-111.01619009360618,32.24959624885916]]]},"properties":{"h3":"8948e856b57ffff","count":3,"c3":0,"c6":0,"c12":0,"c24":3,"score":1.4,"risk":6,"peakDay":"Wednesday","peakTime":"morning","hood":"Ironwood Ridge","bk12":{"morning":0,"afternoon":0,"evening":0,"night":0},"bk24":{"morning":3,"afternoon":0,"evening":0,"night":0},"recent":[{"d":"2025-08-03","day":"Sun","time":"08:06","desc":"Aggravated Assault - Domestic Violence (DV)","res":""},{"d":"2025-07-09","day":"Wed","time":"10:00","desc":"Aggravated Assault - Domestic Violence (DV)","res":""},{"d":"2025-07-09","day":"Wed","time":"10:00","desc":"Aggravated Assault - Domestic Violence (DV)","res":""}]}},{"type":"Feature","geometry":{"type":"Polygon","coordinates":[[[-110.972883368929,32.126655996742265],[-110.97164606162876,32.12831449957218],[-110.97273066072904,32.13003569244951],[-110.97505260001647,32.130098362110715],[-110.97628987212666,32.128439842203555],[-110.97520524014236,32.126718669712524],[-110.972883368929,32.126655996742265],[-110.972883368929,32.126655996742265]]]},"properties":{"h3":"8948e8ccacfffff","count":3,"c3":0,"c6":0,"c12":1,"c24":3,"score":1.5,"risk":7,"peakDay":"Monday","peakTime":"afternoon","hood":"Barrio Nopal","bk12":{"morning":1,"afternoon":0,"evening":0,"night":0},"bk24":{"morning":1,"afternoon":1,"evening":0,"night":1},"recent":[{"d":"2025-09-22","day":"Mon","time":"09:05","desc":"Aggravated Assault - Other","res":""},{"d":"2025-08-11","day":"Mon","time":"01:30","desc":"Aggravated Assault - Other","res":""},{"d":"2025-07-09","day":"Wed","time":"13:09","desc":"Aggravated Assault - Domestic Violence (DV)","res":""}]}},{"type":"Feature","geometry":{"type":"Polygon","coordinates":[[[-110.94535648435112,32.19526923760532],[-110.944118005976,32.19692702354625],[-110.94520287720896,32.19864787995072],[-110.9475262598215,32.1987109300972],[-110.9487647030454,32.19705312708897],[-110.94767979881091,32.19533229100163],[-110.94535648435112,32.19526923760532],[-110.94535648435112,32.19526923760532]]]},"properties":{"h3":"8948e85627bffff","count":1,"c3":0,"c6":0,"c12":0,"c24":1,"score":0.5,"risk":2,"peakDay":"Wednesday","peakTime":"afternoon","hood":"South Park","bk12":{"morning":0,"afternoon":0,"evening":0,"night":0},"bk24":{"morning":0,"afternoon":1,"evening":0,"night":0},"recent":[{"d":"2025-07-09","day":"Wed","time":"16:39","desc":"Aggravated Assault - Domestic Violence (DV)","res":""}]}},{"type":"Feature","geometry":{"type":"Polygon","coordinates":[[[-110.87517083514324,32.27959525223594],[-110.87393033844432,32.28125183152233],[-110.87501505330698,32.282972618652074],[-110.8773402981214,32.2830368063022],[-110.87858075982362,32.281380209923356],[-110.87749601171099,32.279659442986905],[-110.87517083514324,32.27959525223594],[-110.87517083514324,32.27959525223594]]]},"properties":{"h3":"8948e855367ffff","count":1,"c3":0,"c6":0,"c12":0,"c24":1,"score":0.5,"risk":2,"peakDay":"Friday","peakTime":"afternoon","hood":"","bk12":{"morning":0,"afternoon":0,"evening":0,"night":0},"bk24":{"morning":0,"afternoon":1,"evening":0,"night":0},"recent":[{"d":"2025-07-11","day":"Fri","time":"16:21","desc":"Aggravated Assault - Other","res":""}]}},{"type":"Feature","geometry":{"type":"Polygon","coordinates":[[[-110.9585678262939,32.288633597984585],[-110.95732855893331,32.29029083994482],[-110.9584144835329,32.29201074193774],[-110.96073970851307,32.29207338169295],[-110.96197894062695,32.29041612273076],[-110.96089298301028,32.28869624101539],[-110.9585678262939,32.288633597984585],[-110.9585678262939,32.288633597984585]]]},"properties":{"h3":"8948e855d37ffff","count":2,"c3":0,"c6":0,"c12":1,"c24":2,"score":1,"risk":4,"peakDay":"Friday","peakTime":"evening","hood":"","bk12":{"morning":1,"afternoon":0,"evening":0,"night":0},"bk24":{"morning":1,"afternoon":0,"evening":1,"night":0},"recent":[{"d":"2025-09-24","day":"Wed","time":"09:58","desc":"Aggravated Assault - Other","res":""},{"d":"2025-07-11","day":"Fri","time":"19:30","desc":"Aggravated Assault - Drive-By","res":""}]}},{"type":"Feature","geometry":{"type":"Polygon","coordinates":[[[-110.98041025704656,32.268932027174934],[-110.9791715487634,32.27058959852588],[-110.98025758234489,32.27230946446557],[-110.98258235715588,32.27237173874217],[-110.98382103014036,32.27071415040085],[-110.98273496361547,32.26899430477338],[-110.98041025704656,32.268932027174934],[-110.98041025704656,32.268932027174934]]]},"properties":{"h3":"8948e854ebbffff","count":1,"c3":0,"c6":0,"c12":0,"c24":1,"score":0.5,"risk":2,"peakDay":"Friday","peakTime":"night","hood":"","bk12":{"morning":0,"afternoon":0,"evening":0,"night":0},"bk24":{"morning":0,"afternoon":0,"evening":0,"night":1},"recent":[{"d":"2025-07-11","day":"Fri","time":"22:22","desc":"Aggravated Assault - Other","res":""}]}},{"type":"Feature","geometry":{"type":"Polygon","coordinates":[[[-110.8804482570231,32.2408479964148],[-110.87920825936209,32.24250489661508],[-110.88029268238158,32.244225976228584],[-110.88261713627759,32.2442901354207],[-110.88385709894986,32.24263321811188],[-110.88277264271773,32.24091215871955],[-110.8804482570231,32.2408479964148],[-110.8804482570231,32.2408479964148]]]},"properties":{"h3":"8948e85508fffff","count":2,"c3":0,"c6":0,"c12":0,"c24":2,"score":0.9,"risk":4,"peakDay":"Saturday","peakTime":"night","hood":"Avondale","bk12":{"morning":0,"afternoon":0,"evening":0,"night":0},"bk24":{"morning":0,"afternoon":0,"evening":0,"night":2},"recent":[{"d":"2025-07-12","day":"Sat","time":"00:45","desc":"Aggravated Assault - Domestic Violence (DV)","res":""},{"d":"2025-07-12","day":"Sat","time":"00:45","desc":"Aggravated Assault - Domestic Violence (DV)","res":""}]}},{"type":"Feature","geometry":{"type":"Polygon","coordinates":[[[-110.78899223193297,32.10632682694521],[-110.78775222583272,32.107983872795835],[-110.78883415427377,32.10970700774897],[-110.79115612221345,32.10977307665189],[-110.79239609367389,32.10811601352416],[-110.79131413183732,32.10639289877069],[-110.78899223193297,32.10632682694521],[-110.78899223193297,32.10632682694521]]]},"properties":{"h3":"8948e85223bffff","count":3,"c3":0,"c6":0,"c12":1,"c24":3,"score":1.5,"risk":7,"peakDay":"Saturday","peakTime":"afternoon","hood":"Rita Ranch","bk12":{"morning":1,"afternoon":0,"evening":0,"night":0},"bk24":{"morning":1,"afternoon":2,"evening":0,"night":0},"recent":[{"d":"2025-12-01","day":"Mon","time":"05:51","desc":"Aggravated Assault - Domestic Violence (DV)","res":""},{"d":"2025-07-12","day":"Sat","time":"12:30","desc":"Aggravated Assault - Domestic Violence (DV)","res":""},{"d":"2025-07-12","day":"Sat","time":"12:30","desc":"Aggravated Assault - Domestic Violence (DV)","res":""}]}},{"type":"Feature","geometry":{"type":"Polygon","coordinates":[[[-110.80809529963187,32.22022462538007],[-110.80685437629077,32.22188103905331],[-110.80793762756882,32.22360299535927],[-110.8102618355977,32.22366851783715],[-110.81150272417474,32.222012086970025],[-110.81041943948986,32.22029015081899],[-110.80809529963187,32.22022462538007],[-110.80809529963187,32.22022462538007]]]},"properties":{"h3":"8948e842493ffff","count":4,"c3":0,"c6":0,"c12":2,"c24":4,"score":2.1,"risk":9,"peakDay":"Sunday","peakTime":"night","hood":"Carriage Park","bk12":{"morning":0,"afternoon":0,"evening":0,"night":2},"bk24":{"morning":1,"afternoon":1,"evening":0,"night":2},"recent":[{"d":"2025-10-25","day":"Sat","time":"02:38","desc":"Robbery - Commercial House","res":""},{"d":"2025-10-16","day":"Thu","time":"00:31","desc":"Robbery - Highway","res":""},{"d":"2025-07-30","day":"Wed","time":"14:26","desc":"Robbery - Commercial House","res":""},{"d":"2025-07-13","day":"Sun","time":"10:41","desc":"Robbery - Miscellaneous","res":""}]}},{"type":"Feature","geometry":{"type":"Polygon","coordinates":[[[-110.84899039404063,32.24166663791339],[-110.84774988859922,32.24332325761846],[-110.84883389412428,32.24504463245704],[-110.85115843839644,32.245109367403806],[-110.85239890894087,32.243452730558495],[-110.85131487011304,32.24173137590673],[-110.84899039404063,32.24166663791339],[-110.84899039404063,32.24166663791339]]]},"properties":{"h3":"8948e855663ffff","count":3,"c3":0,"c6":0,"c12":1,"c24":3,"score":1.6,"risk":7,"peakDay":"Sunday","peakTime":"afternoon","hood":"","bk12":{"morning":0,"afternoon":1,"evening":0,"night":0},"bk24":{"morning":0,"afternoon":2,"evening":0,"night":1},"recent":[{"d":"2025-11-26","day":"Wed","time":"14:31","desc":"Aggravated Assault - Other","res":""},{"d":"2025-08-14","day":"Thu","time":"00:00","desc":"Aggravated Assault - Domestic Violence (DV)","res":""},{"d":"2025-07-13","day":"Sun","time":"14:44","desc":"Aggravated Assault - Other","res":""}]}},{"type":"Feature","geometry":{"type":"Polygon","coordinates":[[[-111.00997626023312,32.232521623649504],[-111.00873841307879,32.234179708040955],[-111.00982450226171,32.23589961077692],[-111.01214847144014,32.23596140875674],[-111.01338628323158,32.23430330738525],[-111.0123001612104,32.23258342501404],[-111.00997626023312,32.232521623649504],[-111.00997626023312,32.232521623649504]]]},"properties":{"h3":"8948e856ab3ffff","count":3,"c3":0,"c6":0,"c12":1,"c24":3,"score":1.5,"risk":7,"peakDay":"Sunday","peakTime":"evening","hood":"","bk12":{"morning":0,"afternoon":1,"evening":0,"night":0},"bk24":{"morning":0,"afternoon":1,"evening":2,"night":0},"recent":[{"d":"2025-10-20","day":"Mon","time":"12:45","desc":"Robbery - Miscellaneous","res":""},{"d":"2025-07-13","day":"Sun","time":"17:00","desc":"Aggravated Assault - Domestic Violence (DV)","res":""},{"d":"2025-07-13","day":"Sun","time":"17:00","desc":"Aggravated Assault - Domestic Violence (DV)","res":""}]}},{"type":"Feature","geometry":{"type":"Polygon","coordinates":[[[-110.94861119363914,32.20043173790889],[-110.94737271184326,32.2020895158892],[-110.9484576752456,32.20381029541429],[-110.95078115344192,32.20387327664152],[-110.9520196000739,32.20221548160014],[-110.95093460367636,32.20049472239268],[-110.94861119363914,32.20043173790889],[-110.94861119363914,32.20043173790889]]]},"properties":{"h3":"8948e85626fffff","count":1,"c3":0,"c6":0,"c12":0,"c24":1,"score":0.5,"risk":2,"peakDay":"Sunday","peakTime":"night","hood":"South Park","bk12":{"morning":0,"afternoon":0,"evening":0,"night":0},"bk24":{"morning":0,"afternoon":0,"evening":0,"night":1},"recent":[{"d":"2025-07-13","day":"Sun","time":"22:15","desc":"Aggravated Assault - Peace Officer (Non-Serious Injury)","res":""}]}},{"type":"Feature","geometry":{"type":"Polygon","coordinates":[[[-110.93869411063162,32.18832235734991],[-110.93745560056156,32.18998013415415],[-110.93854031703971,32.19170111595886],[-110.94086357660737,32.1917643006454],[-110.94210205154988,32.19010650676315],[-110.9410173020552,32.18838554527243],[-110.93869411063162,32.18832235734991],[-110.93869411063162,32.18832235734991]]]},"properties":{"h3":"8948e85625bffff","count":1,"c3":0,"c6":0,"c12":0,"c24":1,"score":0.5,"risk":2,"peakDay":"Monday","peakTime":"morning","hood":"Las Vistas","bk12":{"morning":0,"afternoon":0,"evening":0,"night":0},"bk24":{"morning":1,"afternoon":0,"evening":0,"night":0},"recent":[{"d":"2025-07-14","day":"Mon","time":"09:56","desc":"Aggravated Assault - Domestic Violence (DV)","res":""}]}},{"type":"Feature","geometry":{"type":"Polygon","coordinates":[[[-110.8867998666828,32.25455191506508],[-110.88555982304177,32.25620877366528],[-110.8866444602451,32.25792967089088],[-110.88896917429473,32.2579936892962],[-110.89020918292007,32.25633681360154],[-110.88912451251436,32.2546159365961],[-110.8867998666828,32.25455191506508],[-110.8867998666828,32.25455191506508]]]},"properties":{"h3":"8948e855027ffff","count":3,"c3":0,"c6":0,"c12":1,"c24":3,"score":1.5,"risk":7,"peakDay":"Monday","peakTime":"afternoon","hood":"Pinecrest","bk12":{"morning":0,"afternoon":1,"evening":0,"night":0},"bk24":{"morning":0,"afternoon":2,"evening":0,"night":1},"recent":[{"d":"2025-11-07","day":"Fri","time":"16:30","desc":"Aggravated Assault - Other","res":""},{"d":"2025-08-02","day":"Sat","time":"22:08","desc":"Robbery - Miscellaneous","res":""},{"d":"2025-07-14","day":"Mon","time":"12:50","desc":"Aggravated Assault - Other","res":""}]}},{"type":"Feature","geometry":{"type":"Polygon","coordinates":[[[-110.85952859694153,32.24026861164696],[-110.85828827357395,32.24192533333037],[-110.85937240849945,32.24364661925487],[-110.86169690006737,32.24371116329704],[-110.8629371885079,32.24205442448336],[-110.86185302031046,32.240333158757856],[-110.85952859694153,32.24026861164696],[-110.85952859694153,32.24026861164696]]]},"properties":{"h3":"8948e855623ffff","count":2,"c3":0,"c6":0,"c12":1,"c24":2,"score":1,"risk":4,"peakDay":"Monday","peakTime":"afternoon","hood":"","bk12":{"morning":0,"afternoon":0,"evening":1,"night":0},"bk24":{"morning":0,"afternoon":1,"evening":1,"night":0},"recent":[{"d":"2025-09-23","day":"Tue","time":"19:54","desc":"Aggravated Assault - Domestic Violence (DV)","res":""},{"d":"2025-07-14","day":"Mon","time":"13:00","desc":"Aggravated Assault - Domestic Violence (DV)","res":""}]}},{"type":"Feature","geometry":{"type":"Polygon","coordinates":[[[-110.78670297827229,32.22976800213591],[-110.78546161427546,32.23142416078361],[-110.78654466487991,32.23314623791916],[-110.78886911295734,32.233212136280756],[-110.79011044224723,32.231555960422696],[-110.78902735816952,32.229833903413486],[-110.78670297827229,32.22976800213591],[-110.78670297827229,32.22976800213591]]]},"properties":{"h3":"8948e85192fffff","count":1,"c3":0,"c6":0,"c12":0,"c24":1,"score":0.5,"risk":2,"peakDay":"Monday","peakTime":"evening","hood":"Bonanza","bk12":{"morning":0,"afternoon":0,"evening":0,"night":0},"bk24":{"morning":0,"afternoon":0,"evening":1,"night":0},"recent":[{"d":"2025-07-14","day":"Mon","time":"18:19","desc":"Aggravated Assault - Domestic Violence (DV)","res":""}]}},{"type":"Feature","geometry":{"type":"Polygon","coordinates":[[[-110.86991052969601,32.242247740520554],[-110.86867034980934,32.24390453885499],[-110.86975464358719,32.24562570746941],[-110.87207915049812,32.24569005754041],[-110.87331929542609,32.24403324208741],[-110.87223496840478,32.24231209368203],[-110.86991052969601,32.242247740520554],[-110.86991052969601,32.242247740520554]]]},"properties":{"h3":"8948e8550cfffff","count":2,"c3":0,"c6":0,"c12":0,"c24":2,"score":0.9,"risk":4,"peakDay":"Wednesday","peakTime":"morning","hood":"","bk12":{"morning":0,"afternoon":0,"evening":0,"night":0},"bk24":{"morning":2,"afternoon":0,"evening":0,"night":0},"recent":[{"d":"2025-07-16","day":"Wed","time":"09:30","desc":"Aggravated Assault - Domestic Violence (DV)","res":""},{"d":"2025-07-16","day":"Wed","time":"09:30","desc":"Aggravated Assault - Domestic Violence (DV)","res":""}]}},{"type":"Feature","geometry":{"type":"Polygon","coordinates":[[[-110.80112285622357,32.220027792672255],[-110.79988182468249,32.22168414667102],[-110.80096497964946,32.22340617150534],[-110.80328919958704,32.223471822193446],[-110.80453019638468,32.22181545099358],[-110.8034470079911,32.220093446306784],[-110.80112285622357,32.220027792672255],[-110.80112285622357,32.220027792672255]]]},"properties":{"h3":"8948e850a6fffff","count":1,"c3":0,"c6":0,"c12":0,"c24":1,"score":0.5,"risk":2,"peakDay":"Wednesday","peakTime":"afternoon","hood":"","bk12":{"morning":0,"afternoon":0,"evening":0,"night":0},"bk24":{"morning":0,"afternoon":1,"evening":0,"night":0},"recent":[{"d":"2025-07-16","day":"Wed","time":"12:30","desc":"Aggravated Assault - Other","res":""}]}},{"type":"Feature","geometry":{"type":"Polygon","coordinates":[[[-111.00815457780102,32.27305393150399],[-111.0069162679457,32.27471171430462],[-111.00800271312293,32.27643127483887],[-111.01032750102486,32.27649303223308],[-111.01156577549786,32.274835232472945],[-111.01047929745414,32.27311569227817],[-111.00815457780102,32.27305393150399],[-111.00815457780102,32.27305393150399]]]},"properties":{"h3":"8948e854d5bffff","count":2,"c3":0,"c6":0,"c12":0,"c24":2,"score":0.9,"risk":4,"peakDay":"Thursday","peakTime":"morning","hood":"Flowing Wells","bk12":{"morning":0,"afternoon":0,"evening":0,"night":0},"bk24":{"morning":2,"afternoon":0,"evening":0,"night":0},"recent":[{"d":"2025-07-17","day":"Thu","time":"06:00","desc":"Robbery - Miscellaneous","res":""},{"d":"2025-07-17","day":"Thu","time":"06:00","desc":"Robbery - Miscellaneous","res":""}]}},{"type":"Feature","geometry":{"type":"Polygon","coordinates":[[[-110.91267010217885,32.14701106229419],[-110.91143162009809,32.148668901884434],[-110.91251559942386,32.15039049679514],[-110.91483809390043,32.150454231805824],[-110.91607654095479,32.14879637508777],[-110.91499252856187,32.14707480048692],[-110.91267010217885,32.14701106229419],[-110.91267010217885,32.14701106229419]]]},"properties":{"h3":"8948e8cda23ffff","count":1,"c3":0,"c6":0,"c12":0,"c24":1,"score":0.5,"risk":2,"peakDay":"Friday","peakTime":"night","hood":"South Park","bk12":{"morning":0,"afternoon":0,"evening":0,"night":0},"bk24":{"morning":0,"afternoon":0,"evening":0,"night":1},"recent":[{"d":"2025-07-18","day":"Fri","time":"02:24","desc":"Robbery - Miscellaneous","res":""}]}},{"type":"Feature","geometry":{"type":"Polygon","coordinates":[[[-110.90942364462325,32.21796802768846],[-110.90818435211219,32.219625341852066],[-110.90926895183718,32.22134634455834],[-110.91159287719304,32.22141001283559],[-110.91283213464429,32.21975268158041],[-110.91174750180237,32.218031699139615],[-110.90942364462325,32.21796802768846],[-110.90942364462325,32.21796802768846]]]},"properties":{"h3":"8948e857323ffff","count":1,"c3":0,"c6":0,"c12":0,"c24":1,"score":0.5,"risk":2,"peakDay":"Friday","peakTime":"morning","hood":"","bk12":{"morning":0,"afternoon":0,"evening":0,"night":0},"bk24":{"morning":1,"afternoon":0,"evening":0,"night":0},"recent":[{"d":"2025-07-18","day":"Fri","time":"06:18","desc":"Aggravated Assault - Other","res":""}]}},{"type":"Feature","geometry":{"type":"Polygon","coordinates":[[[-110.76208229975377,32.08524824461977],[-110.76084209423342,32.08690520187821],[-110.76192346143701,32.08862877630283],[-110.76424506762359,32.08869537328654],[-110.76548523859559,32.08703839871174],[-110.76440383793228,32.08531484446969],[-110.76208229975377,32.08524824461977],[-110.76208229975377,32.08524824461977]]]},"properties":{"h3":"8948e853513ffff","count":2,"c3":0,"c6":0,"c12":0,"c24":2,"score":0.9,"risk":4,"peakDay":"Friday","peakTime":"afternoon","hood":"Rita Ranch","bk12":{"morning":0,"afternoon":0,"evening":0,"night":0},"bk24":{"morning":0,"afternoon":2,"evening":0,"night":0},"recent":[{"d":"2025-07-18","day":"Fri","time":"13:00","desc":"Aggravated Assault - Domestic Violence (DV)","res":""},{"d":"2025-07-18","day":"Fri","time":"13:00","desc":"Aggravated Assault - Domestic Violence (DV)","res":""}]}},{"type":"Feature","geometry":{"type":"Polygon","coordinates":[[[-110.93187849897653,32.18475371600295],[-110.93063991868456,32.186411458637615],[-110.93172450996808,32.188132537529846],[-110.93404771458044,32.18819585347874],[-110.935286259767,32.18653809375704],[-110.93420163544951,32.18481703517355],[-110.93187849897653,32.18475371600295],[-110.93187849897653,32.18475371600295]]]},"properties":{"h3":"8948e85752bffff","count":1,"c3":0,"c6":0,"c12":0,"c24":1,"score":0.5,"risk":2,"peakDay":"Friday","peakTime":"afternoon","hood":"Las Vistas","bk12":{"morning":0,"afternoon":0,"evening":0,"night":0},"bk24":{"morning":0,"afternoon":1,"evening":0,"night":0},"recent":[{"d":"2025-07-18","day":"Fri","time":"14:24","desc":"Aggravated Assault - Peace Officer (Non-Serious Injury)","res":""}]}},{"type":"Feature","geometry":{"type":"Polygon","coordinates":[[[-110.90229714994132,32.22115508337374],[-110.90105771009891,32.22281231304592],[-110.90214224355681,32.22453335626893],[-110.90446624999912,32.224597149563834],[-110.90570565480067,32.22293990279452],[-110.90462108820367,32.221218879827504],[-110.90229714994132,32.22115508337374],[-110.90229714994132,32.22115508337374]]]},"properties":{"h3":"8948e857367ffff","count":1,"c3":0,"c6":0,"c12":0,"c24":1,"score":0.5,"risk":2,"peakDay":"Friday","peakTime":"afternoon","hood":"Peter Howell","bk12":{"morning":0,"afternoon":0,"evening":0,"night":0},"bk24":{"morning":0,"afternoon":1,"evening":0,"night":0},"recent":[{"d":"2025-07-18","day":"Fri","time":"16:13","desc":"Robbery - Highway","res":""}]}},{"type":"Feature","geometry":{"type":"Polygon","coordinates":[[[-110.92382951974906,32.208214201772535],[-110.9225905605665,32.20987170986561],[-110.92367526312462,32.21159265978287],[-110.92599895793845,32.211656081320555],[-110.92723788202493,32.20999855614524],[-110.92615314639653,32.20827762651455],[-110.92382951974906,32.208214201772535],[-110.92382951974906,32.208214201772535]]]},"properties":{"h3":"8948e857163ffff","count":1,"c3":0,"c6":0,"c12":0,"c24":1,"score":0.5,"risk":2,"peakDay":"Saturday","peakTime":"morning","hood":"","bk12":{"morning":0,"afternoon":0,"evening":0,"night":0},"bk24":{"morning":1,"afternoon":0,"evening":0,"night":0},"recent":[{"d":"2025-07-19","day":"Sat","time":"06:21","desc":"Robbery - Miscellaneous","res":""}]}},{"type":"Feature","geometry":{"type":"Polygon","coordinates":[[[-110.97033143659293,32.26020738290066],[-110.96909266107667,32.26186492846353],[-110.97017847720673,32.2635849694278],[-110.97250310182316,32.26364744452277],[-110.97374184207561,32.26198988195431],[-110.97265599297833,32.26026986129652],[-110.97033143659293,32.26020738290066],[-110.97033143659293,32.26020738290066]]]},"properties":{"h3":"8948e85416fffff","count":1,"c3":0,"c6":0,"c12":0,"c24":1,"score":0.5,"risk":2,"peakDay":"Saturday","peakTime":"evening","hood":"Downtown","bk12":{"morning":0,"afternoon":0,"evening":0,"night":0},"bk24":{"morning":0,"afternoon":0,"evening":1,"night":0},"recent":[{"d":"2025-07-19","day":"Sat","time":"20:00","desc":"Robbery - Carjacking","res":""}]}},{"type":"Feature","geometry":{"type":"Polygon","coordinates":[[[-110.98565125490231,32.2301810980593],[-110.98441304484022,32.23183898825553],[-110.98549878529728,32.23355914718885],[-110.9878227687258,32.233621395585864],[-110.98906094349758,32.23196348838318],[-110.9879751701341,32.23024334979001],[-110.98565125490231,32.2301810980593],[-110.98565125490231,32.2301810980593]]]},"properties":{"h3":"8948e854537ffff","count":2,"c3":0,"c6":0,"c12":1,"c24":2,"score":1.1,"risk":5,"peakDay":"Saturday","peakTime":"night","hood":"Barrio Hollywood","bk12":{"morning":0,"afternoon":1,"evening":0,"night":0},"bk24":{"morning":0,"afternoon":1,"evening":0,"night":1},"recent":[{"d":"2025-12-28","day":"Sun","time":"13:07","desc":"Aggravated Assault - Domestic Violence (DV)","res":""},{"d":"2025-07-19","day":"Sat","time":"23:40","desc":"Aggravated Assault - Other","res":""}]}},{"type":"Feature","geometry":{"type":"Polygon","coordinates":[[[-110.92985720288675,32.15255715583547],[-110.92861893460622,32.15421510592388],[-110.92970319732191,32.15593648685214],[-110.93202576134239,32.15599989736694],[-110.93326399454294,32.154341930171476],[-110.93217969880588,32.15262056956835],[-110.92985720288675,32.15255715583547],[-110.92985720288675,32.15255715583547]]]},"properties":{"h3":"8948e8cdb03ffff","count":2,"c3":0,"c6":0,"c12":1,"c24":2,"score":1,"risk":5,"peakDay":"Sunday","peakTime":"morning","hood":"","bk12":{"morning":1,"afternoon":0,"evening":0,"night":0},"bk24":{"morning":2,"afternoon":0,"evening":0,"night":0},"recent":[{"d":"2025-09-29","day":"Mon","time":"06:19","desc":"Aggravated Assault - Domestic Violence (DV)","res":""},{"d":"2025-07-20","day":"Sun","time":"05:40","desc":"Aggravated Assault - Other","res":""}]}},{"type":"Feature","geometry":{"type":"Polygon","coordinates":[[[-110.91066086092557,32.1909395706316],[-110.90942187727352,32.19259708554808],[-110.9105062405735,32.19431831442617],[-110.91282962062638,32.19438200810549],[-110.91406856923139,32.192724476083654],[-110.91298417283346,32.19100326748795],[-110.91066086092557,32.1909395706316],[-110.91066086092557,32.1909395706316]]]},"properties":{"h3":"8948e857033ffff","count":1,"c3":0,"c6":0,"c12":0,"c24":1,"score":0.5,"risk":2,"peakDay":"Sunday","peakTime":"morning","hood":"Terra Del Sol","bk12":{"morning":0,"afternoon":0,"evening":0,"night":0},"bk24":{"morning":1,"afternoon":0,"evening":0,"night":0},"recent":[{"d":"2025-07-20","day":"Sun","time":"07:35","desc":"Aggravated Assault - Peace Officer (Non-Serious Injury)","res":""}]}},{"type":"Feature","geometry":{"type":"Polygon","coordinates":[[[-110.99913846962724,32.24068789406277],[-110.99790036223548,32.24234582715866],[-110.99898638248753,32.244065762497605],[-111.00131054300809,32.24412774439225],[-111.0025486150636,32.24246979430965],[-111.00146256193773,32.24074987931919],[-110.99913846962724,32.24068789406277],[-110.99913846962724,32.24068789406277]]]},"properties":{"h3":"8948e856a0fffff","count":2,"c3":0,"c6":0,"c12":1,"c24":2,"score":1,"risk":5,"peakDay":"Tuesday","peakTime":"night","hood":"Barrio El Rio","bk12":{"morning":0,"afternoon":0,"evening":0,"night":1},"bk24":{"morning":0,"afternoon":0,"evening":0,"night":2},"recent":[{"d":"2025-10-03","day":"Fri","time":"00:51","desc":"Aggravated Assault - Domestic Violence (DV)","res":""},{"d":"2025-07-22","day":"Tue","time":"02:17","desc":"Aggravated Assault - Domestic Violence (DV)","res":""}]}},{"type":"Feature","geometry":{"type":"Polygon","coordinates":[[[-110.99231844793792,32.23712374976631],[-110.99108026990697,32.23878164887526],[-110.99216616508836,32.24050168182047],[-110.9944902711949,32.24056379531353],[-110.99572841391178,32.23890587920887],[-110.9946424858391,32.23718586660691],[-110.99231844793792,32.23712374976631],[-110.99231844793792,32.23712374976631]]]},"properties":{"h3":"8948e856a57ffff","count":1,"c3":0,"c6":0,"c12":0,"c24":1,"score":0.5,"risk":2,"peakDay":"Tuesday","peakTime":"morning","hood":"Barrio El Rio","bk12":{"morning":0,"afternoon":0,"evening":0,"night":0},"bk24":{"morning":1,"afternoon":0,"evening":0,"night":0},"recent":[{"d":"2025-07-22","day":"Tue","time":"06:12","desc":"Aggravated Assault - Domestic Violence (DV)","res":""}]}},{"type":"Feature","geometry":{"type":"Polygon","coordinates":[[[-111.03635297012103,32.26703747042499],[-111.03511517494961,32.26869553985703],[-111.03620194214042,32.27041488039054],[-111.03852653728799,32.27047613111912],[-111.0397642969983,32.26881804475337],[-111.03867749702508,32.26709872459281],[-111.03635297012103,32.26703747042499],[-111.03635297012103,32.26703747042499]]]},"properties":{"h3":"8948e80b64fffff","count":1,"c3":0,"c6":0,"c12":0,"c24":1,"score":0.5,"risk":2,"peakDay":"Tuesday","peakTime":"afternoon","hood":"","bk12":{"morning":0,"afternoon":0,"evening":0,"night":0},"bk24":{"morning":0,"afternoon":1,"evening":0,"night":0},"recent":[{"d":"2025-07-22","day":"Tue","time":"12:43","desc":"Aggravated Assault - Other","res":""}]}},{"type":"Feature","geometry":{"type":"Polygon","coordinates":[[[-111.01520551201587,32.193763676120916],[-111.01396816256403,32.195422077471],[-111.01505395843313,32.197142272119585],[-111.01737713655834,32.19720404502542],[-111.01861445065568,32.195545626679184],[-111.0175286219852,32.19382545242332],[-111.01520551201587,32.193763676120916],[-111.01520551201587,32.193763676120916]]]},"properties":{"h3":"8948e856cdbffff","count":1,"c3":0,"c6":0,"c12":0,"c24":1,"score":0.5,"risk":2,"peakDay":"Tuesday","peakTime":"afternoon","hood":"Westside","bk12":{"morning":0,"afternoon":0,"evening":0,"night":0},"bk24":{"morning":0,"afternoon":1,"evening":0,"night":0},"recent":[{"d":"2025-07-22","day":"Tue","time":"13:07","desc":"Aggravated Assault - Domestic Violence (DV)","res":""}]}},{"type":"Feature","geometry":{"type":"Polygon","coordinates":[[[-110.956194576325,32.1871058394897],[-110.95495635768806,32.188763776631134],[-110.95604129830612,32.19048460033047],[-110.95836449052993,32.19054746655497],[-110.9596026739889,32.18888951235281],[-110.9585177004049,32.187168708986945],[-110.956194576325,32.1871058394897],[-110.956194576325,32.1871058394897]]]},"properties":{"h3":"8948e856217ffff","count":2,"c3":0,"c6":0,"c12":1,"c24":2,"score":1.1,"risk":5,"peakDay":"Tuesday","peakTime":"afternoon","hood":"South Park","bk12":{"morning":1,"afternoon":0,"evening":0,"night":0},"bk24":{"morning":1,"afternoon":1,"evening":0,"night":0},"recent":[{"d":"2025-11-17","day":"Mon","time":"09:40","desc":"Aggravated Assault - Domestic Violence (DV)","res":""},{"d":"2025-07-22","day":"Tue","time":"13:16","desc":"Aggravated Assault - Other","res":""}]}},{"type":"Feature","geometry":{"type":"Polygon","coordinates":[[[-110.8756550266306,32.19335778681637],[-110.87441546139057,32.19501498003921],[-110.87549937502321,32.196736524387106],[-110.87782288709784,32.19680085526893],[-110.87906241739185,32.1951436449062],[-110.87797847056011,32.193422120801614],[-110.8756550266306,32.19335778681637],[-110.8756550266306,32.19335778681637]]]},"properties":{"h3":"8948e8572c7ffff","count":2,"c3":0,"c6":0,"c12":1,"c24":2,"score":1.1,"risk":5,"peakDay":"Tuesday","peakTime":"afternoon","hood":"Myers","bk12":{"morning":0,"afternoon":1,"evening":0,"night":0},"bk24":{"morning":0,"afternoon":2,"evening":0,"night":0},"recent":[{"d":"2025-12-21","day":"Sun","time":"12:56","desc":"Aggravated Assault - Other","res":""},{"d":"2025-07-22","day":"Tue","time":"15:29","desc":"Robbery - Carjacking","res":""}]}},{"type":"Feature","geometry":{"type":"Polygon","coordinates":[[[-110.96530602488393,32.139986227600886],[-110.96406845467,32.14164457233801],[-110.96515307667057,32.14336572169871],[-110.96747530180116,32.14342850595187],[-110.9687128368391,32.141770144137126],[-110.96762818192535,32.1400490151469],[-110.96530602488393,32.139986227600886],[-110.96530602488393,32.139986227600886]]]},"properties":{"h3":"8948e8cd9a3ffff","count":4,"c3":0,"c6":0,"c12":0,"c24":4,"score":1.9,"risk":9,"peakDay":"Wednesday","peakTime":"morning","hood":"Sunnyside","bk12":{"morning":0,"afternoon":0,"evening":0,"night":0},"bk24":{"morning":3,"afternoon":1,"evening":0,"night":0},"recent":[{"d":"2025-08-14","day":"Thu","time":"16:48","desc":"Aggravated Assault - Other","res":""},{"d":"2025-07-23","day":"Wed","time":"08:24","desc":"Robbery - Miscellaneous","res":""},{"d":"2025-07-23","day":"Wed","time":"08:24","desc":"Robbery - Miscellaneous","res":""},{"d":"2025-07-23","day":"Wed","time":"08:24","desc":"Robbery - Miscellaneous","res":""}]}},{"type":"Feature","geometry":{"type":"Polygon","coordinates":[[[-110.85055488930776,32.207883747015615],[-110.84931477056664,32.20954061907059],[-110.85039848099687,32.21126227676328],[-110.85272234345004,32.21132704219319],[-110.85396242730997,32.209670152980756],[-110.85287868360082,32.20794851549595],[-110.85055488930776,32.207883747015615],[-110.85055488930776,32.207883747015615]]]},"properties":{"h3":"8948e85091bffff","count":2,"c3":0,"c6":0,"c12":1,"c24":2,"score":1,"risk":5,"peakDay":"Thursday","peakTime":"morning","hood":"Palo Verde Park","bk12":{"morning":0,"afternoon":1,"evening":0,"night":0},"bk24":{"morning":1,"afternoon":1,"evening":0,"night":0},"recent":[{"d":"2025-09-18","day":"Thu","time":"14:22","desc":"Aggravated Assault - Domestic Violence (DV)","res":""},{"d":"2025-07-24","day":"Thu","time":"11:38","desc":"Aggravated Assault - Other","res":""}]}},{"type":"Feature","geometry":{"type":"Polygon","coordinates":[[[-110.91764148593144,32.26723435786002],[-110.9164017964745,32.26889139544659],[-110.91748696878568,32.270611882997315],[-110.9198118636784,32.27067531271558],[-110.92105151802159,32.26901825807321],[-110.91996631258873,32.26729779076847],[-110.91764148593144,32.26723435786002],[-110.91764148593144,32.26723435786002]]]},"properties":{"h3":"8948e855ccfffff","count":1,"c3":0,"c6":0,"c12":0,"c24":1,"score":0.5,"risk":2,"peakDay":"Thursday","peakTime":"evening","hood":"Palo Verde ","bk12":{"morning":0,"afternoon":0,"evening":0,"night":0},"bk24":{"morning":0,"afternoon":0,"evening":1,"night":0},"recent":[{"d":"2025-07-24","day":"Thu","time":"19:00","desc":"Robbery - Miscellaneous","res":""}]}},{"type":"Feature","geometry":{"type":"Polygon","coordinates":[[[-110.79223811344787,32.1114961635593],[-110.79099810334758,32.113153201761435],[-110.79208012398139,32.1148762608118],[-110.7944021881077,32.11494226145987],[-110.7956421635556,32.11328520598684],[-110.79456010953248,32.11156216713672],[-110.79223811344787,32.1114961635593],[-110.79223811344787,32.1114961635593]]]},"properties":{"h3":"8948e85222fffff","count":1,"c3":0,"c6":0,"c12":0,"c24":1,"score":0.5,"risk":2,"peakDay":"Friday","peakTime":"night","hood":"Rita Ranch","bk12":{"morning":0,"afternoon":0,"evening":0,"night":0},"bk24":{"morning":0,"afternoon":0,"evening":0,"night":1},"recent":[{"d":"2025-07-25","day":"Fri","time":"03:52","desc":"Robbery - Residence","res":""}]}},{"type":"Feature","geometry":{"type":"Polygon","coordinates":[[[-110.97923889955426,32.14036231382941],[-110.97800154713147,32.14202077646778],[-110.97908635987959,32.14374178809691],[-110.98140855792705,32.14380431670257],[-110.98264587513289,32.14214583700115],[-110.9815610295111,32.14042484575719],[-110.97923889955426,32.14036231382941],[-110.97923889955426,32.14036231382941]]]},"properties":{"h3":"8948e8cca67ffff","count":1,"c3":0,"c6":0,"c12":0,"c24":1,"score":0.5,"risk":2,"peakDay":"Friday","peakTime":"morning","hood":"Sunnyside","bk12":{"morning":0,"afternoon":0,"evening":0,"night":0},"bk24":{"morning":1,"afternoon":0,"evening":0,"night":0},"recent":[{"d":"2025-07-25","day":"Fri","time":"07:14","desc":"Aggravated Assault - Domestic Violence (DV)","res":""}]}},{"type":"Feature","geometry":{"type":"Polygon","coordinates":[[[-110.97308317426004,32.19940166422225],[-110.97184509307226,32.20105966162763],[-110.97293037602168,32.2027802139486],[-110.97525377308654,32.2028427485198],[-110.97649181903947,32.20118473407793],[-110.97540650316526,32.19946420210142],[-110.97308317426004,32.19940166422225],[-110.97308317426004,32.19940166422225]]]},"properties":{"h3":"8948e85631bffff","count":1,"c3":0,"c6":0,"c12":0,"c24":1,"score":0.5,"risk":2,"peakDay":"Friday","peakTime":"morning","hood":"","bk12":{"morning":0,"afternoon":0,"evening":0,"night":0},"bk24":{"morning":1,"afternoon":0,"evening":0,"night":0},"recent":[{"d":"2025-07-25","day":"Fri","time":"07:35","desc":"Aggravated Assault - Other","res":""}]}},{"type":"Feature","geometry":{"type":"Polygon","coordinates":[[[-110.89966361990264,32.20247782651136],[-110.89842433813276,32.204135164725216],[-110.89950866115502,32.20585639793205],[-110.90183229908595,32.20592027266121],[-110.90307154583392,32.20426291733716],[-110.9019871896758,32.20254170439422],[-110.89966361990264,32.20247782651136],[-110.89966361990264,32.20247782651136]]]},"properties":{"h3":"8948e8573d7ffff","count":1,"c3":0,"c6":0,"c12":0,"c24":1,"score":0.5,"risk":2,"peakDay":"Friday","peakTime":"night","hood":"","bk12":{"morning":0,"afternoon":0,"evening":0,"night":0},"bk24":{"morning":0,"afternoon":0,"evening":0,"night":1},"recent":[{"d":"2025-07-25","day":"Fri","time":"22:21","desc":"Aggravated Assault - Domestic Violence (DV)","res":""}]}},{"type":"Feature","geometry":{"type":"Polygon","coordinates":[[[-110.9119044285643,32.24002159125106],[-110.91066493937844,32.241678771454886],[-110.91174977919214,32.24339955543506],[-110.91407414131707,32.24346313895602],[-110.91531359542246,32.2418059416754],[-110.91422872248631,32.24008517795068],[-110.9119044285643,32.24002159125106],[-110.9119044285643,32.24002159125106]]]},"properties":{"h3":"8948e855537ffff","count":2,"c3":0,"c6":0,"c12":0,"c24":2,"score":1,"risk":4,"peakDay":"Saturday","peakTime":"night","hood":"Palo Verde ","bk12":{"morning":0,"afternoon":0,"evening":0,"night":0},"bk24":{"morning":0,"afternoon":0,"evening":0,"night":2},"recent":[{"d":"2025-07-26","day":"Sat","time":"00:53","desc":"Aggravated Assault - Other","res":""},{"d":"2025-07-26","day":"Sat","time":"00:53","desc":"Aggravated Assault - Other","res":""}]}},{"type":"Feature","geometry":{"type":"Polygon","coordinates":[[[-110.9635108954944,32.25664204095375],[-110.96227204948369,32.25829955249198],[-110.96335774038768,32.26001969105592],[-110.96568231028996,32.26008229778047],[-110.96692112105897,32.25842476922767],[-110.96583539717031,32.25670465096496],[-110.9635108954944,32.25664204095375],[-110.9635108954944,32.25664204095375]]]},"properties":{"h3":"8948e8543b7ffff","count":1,"c3":0,"c6":0,"c12":0,"c24":1,"score":0.5,"risk":2,"peakDay":"Saturday","peakTime":"morning","hood":"Keeling","bk12":{"morning":0,"afternoon":0,"evening":0,"night":0},"bk24":{"morning":1,"afternoon":0,"evening":0,"night":0},"recent":[{"d":"2025-07-26","day":"Sat","time":"07:21","desc":"Aggravated Assault - Domestic Violence (DV)","res":""}]}},{"type":"Feature","geometry":{"type":"Polygon","coordinates":[[[-110.82408366074678,32.176693699607625],[-110.8228434566781,32.17835055992234],[-110.82392651734055,32.1800727453981],[-110.82624981541089,32.180138050362],[-110.82748998469475,32.178481172845366],[-110.82640689069599,32.17675900756682],[-110.82408366074678,32.176693699607625],[-110.82408366074678,32.176693699607625]]]},"properties":{"h3":"8948e850c47ffff","count":1,"c3":0,"c6":0,"c12":0,"c24":1,"score":0.5,"risk":2,"peakDay":"Saturday","peakTime":"morning","hood":"","bk12":{"morning":0,"afternoon":0,"evening":0,"night":0},"bk24":{"morning":1,"afternoon":0,"evening":0,"night":0},"recent":[{"d":"2025-07-26","day":"Sat","time":"10:29","desc":"Robbery - Convenience Stores","res":""}]}},{"type":"Feature","geometry":{"type":"Polygon","coordinates":[[[-110.94166742933191,32.27634189687086],[-110.94042802453465,32.27799907905225],[-110.94151360614505,32.27971925376852],[-110.94383862561392,32.279782226036964],[-110.9450779952215,32.27812502682945],[-110.94399238055279,32.27640487237971],[-110.94166742933191,32.27634189687086],[-110.94166742933191,32.27634189687086]]]},"properties":{"h3":"8948e855dc3ffff","count":3,"c3":0,"c6":0,"c12":1,"c24":3,"score":1.5,"risk":7,"peakDay":"Saturday","peakTime":"afternoon","hood":"RillitoBend","bk12":{"morning":0,"afternoon":0,"evening":1,"night":0},"bk24":{"morning":0,"afternoon":2,"evening":1,"night":0},"recent":[{"d":"2025-11-05","day":"Wed","time":"20:39","desc":"Aggravated Assault - Domestic Violence (DV)","res":""},{"d":"2025-07-31","day":"Thu","time":"12:45","desc":"Robbery - Miscellaneous","res":""},{"d":"2025-07-26","day":"Sat","time":"13:45","desc":"Robbery - Residence","res":""}]}},{"type":"Feature","geometry":{"type":"Polygon","coordinates":[[[-110.83011156643418,32.19716291743407],[-110.82887123863824,32.198819686450285],[-110.82995457226788,32.20054163455283],[-110.83227826702725,32.200606793447264],[-110.8335185600084,32.19895000724673],[-110.83243519304786,32.197228079336156],[-110.83011156643418,32.19716291743407],[-110.83011156643418,32.19716291743407]]]},"properties":{"h3":"8948e850803ffff","count":4,"c3":0,"c6":0,"c12":3,"c24":4,"score":2.1,"risk":9,"peakDay":"Wednesday","peakTime":"afternoon","hood":"Dietz","bk12":{"morning":1,"afternoon":2,"evening":0,"night":0},"bk24":{"morning":1,"afternoon":2,"evening":1,"night":0},"recent":[{"d":"2025-10-01","day":"Wed","time":"12:09","desc":"Aggravated Assault - Peace Officer (Non-Serious Injury)","res":""},{"d":"2025-10-01","day":"Wed","time":"12:09","desc":"Aggravated Assault - Peace Officer (Non-Serious Injury)","res":""},{"d":"2025-08-21","day":"Thu","time":"06:30","desc":"Aggravated Assault - Other","res":""},{"d":"2025-07-26","day":"Sat","time":"17:17","desc":"Aggravated Assault - Domestic Violence (DV)","res":""}]}},{"type":"Feature","geometry":{"type":"Polygon","coordinates":[[[-110.84452296599933,32.1874168314949],[-110.84328297080552,32.18907379495385],[-110.84436640820596,32.19079569042351],[-110.84668987408736,32.19086060222113],[-110.84792983442998,32.189203621587126],[-110.84684636374527,32.187481746330626],[-110.84452296599933,32.1874168314949],[-110.84452296599933,32.1874168314949]]]},"properties":{"h3":"8948e850d43ffff","count":2,"c3":0,"c6":0,"c12":0,"c24":2,"score":1,"risk":4,"peakDay":"Sunday","peakTime":"afternoon","hood":"Stella Mann","bk12":{"morning":0,"afternoon":0,"evening":0,"night":0},"bk24":{"morning":0,"afternoon":2,"evening":0,"night":0},"recent":[{"d":"2025-07-27","day":"Sun","time":"14:00","desc":"Aggravated Assault - Other","res":""},{"d":"2025-07-27","day":"Sun","time":"14:00","desc":"Aggravated Assault - Other","res":""}]}},{"type":"Feature","geometry":{"type":"Polygon","coordinates":[[[-110.83430290496501,32.18205577786867],[-110.83306280528397,32.18371268977567],[-110.83414605433654,32.185434730300166],[-110.83646943638335,32.18549983871258],[-110.83770950124638,32.18384290961712],[-110.8366262188835,32.182120889297806],[-110.83430290496501,32.18205577786867],[-110.83430290496501,32.18205577786867]]]},"properties":{"h3":"8948e850c2bffff","count":1,"c3":0,"c6":0,"c12":0,"c24":1,"score":0.5,"risk":2,"peakDay":"Sunday","peakTime":"afternoon","hood":"","bk12":{"morning":0,"afternoon":0,"evening":0,"night":0},"bk24":{"morning":0,"afternoon":1,"evening":0,"night":0},"recent":[{"d":"2025-07-27","day":"Sun","time":"14:14","desc":"Aggravated Assault - Other","res":""}]}},{"type":"Feature","geometry":{"type":"Polygon","coordinates":[[[-110.79588865851485,32.18266478546074],[-110.79464794449521,32.184321357231525],[-110.79573067918706,32.1860437603351],[-110.79805416132132,32.186109571504694],[-110.79929484063527,32.1844529825066],[-110.79821207252351,32.1827305995663],[-110.79588865851485,32.18266478546074],[-110.79588865851485,32.18266478546074]]]},"properties":{"h3":"8948e850e53ffff","count":1,"c3":0,"c6":0,"c12":0,"c24":1,"score":0.5,"risk":2,"peakDay":"Sunday","peakTime":"afternoon","hood":"South Harrison","bk12":{"morning":0,"afternoon":0,"evening":0,"night":0},"bk24":{"morning":0,"afternoon":1,"evening":0,"night":0},"recent":[{"d":"2025-07-27","day":"Sun","time":"14:21","desc":"Aggravated Assault - Other","res":""}]}},{"type":"Feature","geometry":{"type":"Polygon","coordinates":[[[-110.98382103014036,32.27071415040085],[-110.98258235715588,32.27237173874217],[-110.98366845333288,32.274091555821684],[-110.98599325543199,32.274153764245106],[-110.98723189310678,32.272496158917896],[-110.98614576399508,32.27077636215323],[-110.98382103014036,32.27071415040085],[-110.98382103014036,32.27071415040085]]]},"properties":{"h3":"8948e854ea3ffff","count":3,"c3":0,"c6":0,"c12":2,"c24":3,"score":1.7,"risk":8,"peakDay":"Tuesday","peakTime":"morning","hood":"","bk12":{"morning":0,"afternoon":1,"evening":0,"night":1},"bk24":{"morning":1,"afternoon":1,"evening":0,"night":1},"recent":[{"d":"2025-12-25","day":"Thu","time":"12:55","desc":"Aggravated Assault - Domestic Violence (DV)","res":""},{"d":"2025-10-24","day":"Fri","time":"01:42","desc":"Aggravated Assault - Domestic Violence (DV)","res":""},{"d":"2025-07-29","day":"Tue","time":"07:16","desc":"Aggravated Assault - Domestic Violence (DV)","res":""}]}},{"type":"Feature","geometry":{"type":"Polygon","coordinates":[[[-110.82078171672248,32.247642454519855],[-110.81954070029387,32.24929878507025],[-110.82062438000483,32.2510203779243],[-110.82294910953385,32.25108562007503],[-110.82419009114466,32.249429272358924],[-110.82310637804716,32.24770769965785],[-110.82078171672248,32.247642454519855],[-110.82078171672248,32.247642454519855]]]},"properties":{"h3":"8948e842547ffff","count":1,"c3":0,"c6":0,"c12":0,"c24":1,"score":0.5,"risk":2,"peakDay":"Tuesday","peakTime":"evening","hood":"","bk12":{"morning":0,"afternoon":0,"evening":0,"night":0},"bk24":{"morning":0,"afternoon":0,"evening":1,"night":0},"recent":[{"d":"2025-07-29","day":"Tue","time":"19:00","desc":"Aggravated Assault - Domestic Violence (DV)","res":""}]}},{"type":"Feature","geometry":{"type":"Polygon","coordinates":[[[-110.97343611008804,32.26874493765244],[-110.97219729264364,32.27040244978605],[-110.97328323066165,32.27212238487936],[-110.97560801909016,32.27218478753428],[-110.9768468012564,32.27052725840303],[-110.97576083027519,32.268807343614576],[-110.97343611008804,32.26874493765244],[-110.97343611008804,32.26874493765244]]]},"properties":{"h3":"8948e854e13ffff","count":1,"c3":0,"c6":0,"c12":0,"c24":1,"score":0.5,"risk":2,"peakDay":"Tuesday","peakTime":"night","hood":"Amphi","bk12":{"morning":0,"afternoon":0,"evening":0,"night":0},"bk24":{"morning":0,"afternoon":0,"evening":0,"night":1},"recent":[{"d":"2025-07-29","day":"Tue","time":"22:00","desc":"Robbery - Highway","res":""}]}},{"type":"Feature","geometry":{"type":"Polygon","coordinates":[[[-110.96814525638571,32.231401891681024],[-110.96690675431509,32.23305962149257],[-110.96799227083325,32.23477993889921],[-110.97031632238202,32.23484250617365],[-110.97155478921279,32.233184759338315],[-110.97046923973754,32.23146446225239],[-110.96814525638571,32.231401891681024],[-110.96814525638571,32.231401891681024]]]},"properties":{"h3":"8948e85457bffff","count":1,"c3":0,"c6":0,"c12":0,"c24":1,"score":0.5,"risk":2,"peakDay":"Wednesday","peakTime":"morning","hood":"West University","bk12":{"morning":0,"afternoon":0,"evening":0,"night":0},"bk24":{"morning":1,"afternoon":0,"evening":0,"night":0},"recent":[{"d":"2025-07-30","day":"Wed","time":"06:39","desc":"Aggravated Assault - Other","res":""}]}},{"type":"Feature","geometry":{"type":"Polygon","coordinates":[[[-110.8787513004008,32.201901004098055],[-110.87751169284918,32.20355816423549],[-110.8785957282452,32.20527960368235],[-110.88091940439085,32.20534386275013],[-110.8821589769822,32.20368668548074],[-110.88107490839104,32.2019652662756],[-110.8787513004008,32.201901004098055],[-110.8787513004008,32.201901004098055]]]},"properties":{"h3":"8948e85720fffff","count":1,"c3":0,"c6":0,"c12":0,"c24":1,"score":0.5,"risk":2,"peakDay":"Wednesday","peakTime":"morning","hood":"Desert Aire/Loma Linda","bk12":{"morning":0,"afternoon":0,"evening":0,"night":0},"bk24":{"morning":1,"afternoon":0,"evening":0,"night":0},"recent":[{"d":"2025-07-30","day":"Wed","time":"11:26","desc":"Aggravated Assault - Other","res":""}]}},{"type":"Feature","geometry":{"type":"Polygon","coordinates":[[[-110.87440955859873,32.220386193295184],[-110.87316968425847,32.22204318535834],[-110.87425383407522,32.22376450371627],[-110.87657789145322,32.22382880978467],[-110.87781773083478,32.22217180059541],[-110.87673354779992,32.22045050246391],[-110.87440955859873,32.220386193295184],[-110.87440955859873,32.220386193295184]]]},"properties":{"h3":"8948e85541bffff","count":2,"c3":0,"c6":0,"c12":1,"c24":2,"score":1,"risk":4,"peakDay":"Thursday","peakTime":"evening","hood":"Highland Vista Cinco Via","bk12":{"morning":0,"afternoon":0,"evening":1,"night":0},"bk24":{"morning":0,"afternoon":0,"evening":2,"night":0},"recent":[{"d":"2025-09-03","day":"Wed","time":"17:19","desc":"Robbery - Miscellaneous","res":""},{"d":"2025-07-31","day":"Thu","time":"20:35","desc":"Robbery - Miscellaneous","res":""}]}},{"type":"Feature","geometry":{"type":"Polygon","coordinates":[[[-110.9315705119454,32.191511305817336],[-110.93033185449586,32.1931689984247],[-110.93141650490773,32.19489002084316],[-110.9337398458107,32.19495333034981],[-110.93497846815164,32.19329562065887],[-110.93389378470111,32.19157461854492],[-110.9315705119454,32.191511305817336],[-110.9315705119454,32.191511305817336]]]},"properties":{"h3":"8948e857183ffff","count":4,"c3":0,"c6":0,"c12":2,"c24":4,"score":2.1,"risk":9,"peakDay":"Friday","peakTime":"morning","hood":"Pueblo Gardens","bk12":{"morning":0,"afternoon":0,"evening":0,"night":2},"bk24":{"morning":2,"afternoon":0,"evening":0,"night":2},"recent":[{"d":"2025-10-12","day":"Sun","time":"23:45","desc":"Aggravated Assault - Other","res":""},{"d":"2025-09-13","day":"Sat","time":"23:40","desc":"Aggravated Assault - Domestic Violence (DV)","res":""},{"d":"2025-08-01","day":"Fri","time":"07:08","desc":"Aggravated Assault - Other","res":""},{"d":"2025-08-01","day":"Fri","time":"07:08","desc":"Aggravated Assault - Other","res":""}]}},{"type":"Feature","geometry":{"type":"Polygon","coordinates":[[[-110.90012763485244,32.2684460282596],[-110.89888765402897,32.27010290459854],[-110.89997260140845,32.271823550275535],[-110.90229756278664,32.27188729938717],[-110.90353750854695,32.27023040597513],[-110.90245252799512,32.26850978052464],[-110.90012763485244,32.2684460282596],[-110.90012763485244,32.2684460282596]]]},"properties":{"h3":"8948e855167ffff","count":1,"c3":0,"c6":0,"c12":0,"c24":1,"score":0.5,"risk":2,"peakDay":"Friday","peakTime":"morning","hood":"","bk12":{"morning":0,"afternoon":0,"evening":0,"night":0},"bk24":{"morning":1,"afternoon":0,"evening":0,"night":0},"recent":[{"d":"2025-08-01","day":"Fri","time":"11:44","desc":"Aggravated Assault - Other","res":""}]}},{"type":"Feature","geometry":{"type":"Polygon","coordinates":[[[-110.95826113178724,32.29538783197723],[-110.9570217871742,32.29704502328978],[-110.9581077710561,32.298764868080816],[-110.96043313257567,32.29882750128601],[-110.96167244193879,32.29717029297491],[-110.96058642503512,32.29545046845725],[-110.95826113178724,32.29538783197723],[-110.95826113178724,32.29538783197723]]]},"properties":{"h3":"8948e854a5bffff","count":1,"c3":0,"c6":0,"c12":0,"c24":1,"score":0.5,"risk":2,"peakDay":"Friday","peakTime":"evening","hood":"","bk12":{"morning":0,"afternoon":0,"evening":0,"night":0},"bk24":{"morning":0,"afternoon":0,"evening":1,"night":0},"recent":[{"d":"2025-08-01","day":"Fri","time":"17:12","desc":"Aggravated Assault - Other","res":""}]}},{"type":"Feature","geometry":{"type":"Polygon","coordinates":[[[-110.93561652730196,32.25588738460334],[-110.93437724529214,32.25754465902354],[-110.93546255349781,32.259265073764986],[-110.93778717678006,32.259328193814504],[-110.93902642363035,32.25767090235064],[-110.93794108236078,32.25595050788099],[-110.93561652730196,32.25588738460334],[-110.93561652730196,32.25588738460334]]]},"properties":{"h3":"8948e854227ffff","count":1,"c3":0,"c6":0,"c12":0,"c24":1,"score":0.5,"risk":2,"peakDay":"Saturday","peakTime":"night","hood":"Campbell-Grant","bk12":{"morning":0,"afternoon":0,"evening":0,"night":0},"bk24":{"morning":0,"afternoon":0,"evening":0,"night":1},"recent":[{"d":"2025-08-02","day":"Sat","time":"01:02","desc":"Aggravated Assault - Domestic Violence (DV)","res":""}]}},{"type":"Feature","geometry":{"type":"Polygon","coordinates":[[[-110.86309327008132,32.23867639467395],[-110.86185302031046,32.240333158757856],[-110.8629371885079,32.24205442448336],[-110.86526163973996,32.24211890592131],[-110.86650185457425,32.24046212470991],[-110.86541765311597,32.238740879188136],[-110.86309327008132,32.23867639467395],[-110.86309327008132,32.23867639467395]]]},"properties":{"h3":"8948e855637ffff","count":1,"c3":0,"c6":0,"c12":0,"c24":1,"score":0.5,"risk":2,"peakDay":"Saturday","peakTime":"morning","hood":"","bk12":{"morning":0,"afternoon":0,"evening":0,"night":0},"bk24":{"morning":1,"afternoon":0,"evening":0,"night":0},"recent":[{"d":"2025-08-02","day":"Sat","time":"08:58","desc":"Aggravated Assault - Domestic Violence (DV)","res":""}]}},{"type":"Feature","geometry":{"type":"Polygon","coordinates":[[[-110.92166910483908,32.25550774670231],[-110.92042960504268,32.25716490242887],[-110.92151472169958,32.25888545513033],[-110.92383937125926,32.258948831848265],[-110.92507883593717,32.25729165906352],[-110.92399368617681,32.2555711266191],[-110.92166910483908,32.25550774670231],[-110.92166910483908,32.25550774670231]]]},"properties":{"h3":"8948e854263ffff","count":2,"c3":0,"c6":0,"c12":1,"c24":2,"score":1.1,"risk":5,"peakDay":"Saturday","peakTime":"afternoon","hood":"Cabrini","bk12":{"morning":0,"afternoon":1,"evening":0,"night":0},"bk24":{"morning":0,"afternoon":2,"evening":0,"night":0},"recent":[{"d":"2025-12-01","day":"Mon","time":"12:00","desc":"Aggravated Assault - Other","res":""},{"d":"2025-08-02","day":"Sat","time":"15:35","desc":"Aggravated Assault - Other","res":""}]}},{"type":"Feature","geometry":{"type":"Polygon","coordinates":[[[-110.89981957894747,32.12297008160886],[-110.89858114970848,32.124627976971475],[-110.89966473106901,32.126349905471045],[-110.90198677476145,32.12641391829814],[-110.90322516902619,32.124756005781066],[-110.90214155457564,32.12303409759142],[-110.89981957894747,32.12297008160886],[-110.89981957894747,32.12297008160886]]]},"properties":{"h3":"8948e8cde7bffff","count":4,"c3":0,"c6":0,"c12":3,"c24":4,"score":2,"risk":9,"peakDay":"Saturday","peakTime":"night","hood":"","bk12":{"morning":0,"afternoon":0,"evening":0,"night":3},"bk24":{"morning":0,"afternoon":0,"evening":1,"night":3},"recent":[{"d":"2025-09-06","day":"Sat","time":"03:45","desc":"Aggravated Assault - Other","res":""},{"d":"2025-08-22","day":"Fri","time":"02:11","desc":"Aggravated Assault - Domestic Violence (DV)","res":""},{"d":"2025-08-22","day":"Fri","time":"02:11","desc":"Aggravated Assault - Domestic Violence (DV)","res":""},{"d":"2025-08-02","day":"Sat","time":"17:40","desc":"Aggravated Assault - Domestic Violence (DV)","res":""}]}},{"type":"Feature","geometry":{"type":"Polygon","coordinates":[[[-110.98936566027247,32.22520729314039],[-110.9881275626179,32.226865250496935],[-110.98921330634609,32.22858541750472],[-110.99153718062466,32.22864760680903],[-110.99277524298104,32.2269896324471],[-110.99168946635992,32.225269485786306],[-110.98936566027247,32.22520729314039],[-110.98936566027247,32.22520729314039]]]},"properties":{"h3":"8948e8545a7ffff","count":7,"c3":0,"c6":0,"c12":6,"c24":7,"score":3.9,"risk":18,"peakDay":"Monday","peakTime":"afternoon","hood":"Menlo Park","bk12":{"morning":2,"afternoon":3,"evening":0,"night":1},"bk24":{"morning":2,"afternoon":4,"evening":0,"night":1},"recent":[{"d":"2025-11-26","day":"Wed","time":"15:00","desc":"Aggravated Assault - Domestic Violence (DV)","res":""},{"d":"2025-11-26","day":"Wed","time":"15:00","desc":"Aggravated Assault - Domestic Violence (DV)","res":""},{"d":"2025-11-11","day":"Tue","time":"15:16","desc":"Robbery - Miscellaneous","res":""},{"d":"2025-11-07","day":"Fri","time":"11:21","desc":"Aggravated Assault - Domestic Violence (DV)","res":""},{"d":"2025-10-17","day":"Fri","time":"08:01","desc":"Aggravated Assault - Domestic Violence (DV)","res":""},{"d":"2025-09-01","day":"Mon","time":"23:31","desc":"Aggravated Assault - Domestic Violence (DV)","res":""},{"d":"2025-08-04","day":"Mon","time":"14:40","desc":"Robbery - Miscellaneous","res":""}]}},{"type":"Feature","geometry":{"type":"Polygon","coordinates":[[[-110.83100711276494,32.2530025655782],[-110.82976620082292,32.25465894761233],[-110.83085006917429,32.25638039495756],[-110.83317488283107,32.256445440107775],[-110.83441575992207,32.25478904092132],[-110.83333185821017,32.25306761373704],[-110.83100711276494,32.2530025655782],[-110.83100711276494,32.2530025655782]]]},"properties":{"h3":"8948e84252bffff","count":1,"c3":0,"c6":0,"c12":0,"c24":1,"score":0.5,"risk":2,"peakDay":"Monday","peakTime":"evening","hood":"","bk12":{"morning":0,"afternoon":0,"evening":0,"night":0},"bk24":{"morning":0,"afternoon":0,"evening":1,"night":0},"recent":[{"d":"2025-08-04","day":"Mon","time":"20:58","desc":"Aggravated Assault - Other","res":""}]}},{"type":"Feature","geometry":{"type":"Polygon","coordinates":[[[-110.90384735257864,32.26347526385586],[-110.90260748412672,32.26513220788349],[-110.90369243510003,32.26685286179914],[-110.90601728768702,32.26691655145388],[-110.90725712106786,32.265259590354205],[-110.90617213693567,32.2635389566719],[-110.90384735257864,32.26347526385586],[-110.90384735257864,32.26347526385586]]]},"properties":{"h3":"8948e85513bffff","count":1,"c3":0,"c6":0,"c12":0,"c24":1,"score":0.5,"risk":2,"peakDay":"Tuesday","peakTime":"morning","hood":"Oak Flower","bk12":{"morning":0,"afternoon":0,"evening":0,"night":0},"bk24":{"morning":1,"afternoon":0,"evening":0,"night":0},"recent":[{"d":"2025-08-05","day":"Tue","time":"10:20","desc":"Aggravated Assault - Other","res":""}]}},{"type":"Feature","geometry":{"type":"Polygon","coordinates":[[[-110.84358348176276,32.207689185309725],[-110.84234325462997,32.20934599785584],[-110.84342686897325,32.21106772417943],[-110.84575074375087,32.21113261775649],[-110.846990936023,32.209475788045694],[-110.84590728838107,32.20775408192259],[-110.84358348176276,32.207689185309725],[-110.84358348176276,32.207689185309725]]]},"properties":{"h3":"8948e850953ffff","count":1,"c3":0,"c6":0,"c12":0,"c24":1,"score":0.5,"risk":2,"peakDay":"Tuesday","peakTime":"evening","hood":"Palo Verde Park","bk12":{"morning":0,"afternoon":0,"evening":0,"night":0},"bk24":{"morning":0,"afternoon":0,"evening":1,"night":0},"recent":[{"d":"2025-08-05","day":"Tue","time":"17:00","desc":"Aggravated Assault - Domestic Violence (DV)","res":""}]}},{"type":"Feature","geometry":{"type":"Polygon","coordinates":[[[-110.93295616970386,32.16110047648676],[-110.93171785938851,32.16275839385932],[-110.93280224377284,32.16447967006436],[-110.93512497149281,32.16454300857336],[-110.9363632467139,32.16288507410167],[-110.93527882931217,32.16116381822017],[-110.93295616970386,32.16110047648676],[-110.93295616970386,32.16110047648676]]]},"properties":{"h3":"8948e8cdb2bffff","count":1,"c3":0,"c6":0,"c12":0,"c24":1,"score":0.5,"risk":2,"peakDay":"Wednesday","peakTime":"night","hood":"","bk12":{"morning":0,"afternoon":0,"evening":0,"night":0},"bk24":{"morning":0,"afternoon":0,"evening":0,"night":1},"recent":[{"d":"2025-08-06","day":"Wed","time":"04:23","desc":"Aggravated Assault - Domestic Violence (DV)","res":""}]}},{"type":"Feature","geometry":{"type":"Polygon","coordinates":[[[-110.87489406971466,32.134124609930495],[-110.87365512589885,32.13578221103142],[-110.87473847532017,32.137504281567196],[-110.87706080172751,32.13756873072552],[-110.8782997106352,32.13591111245084],[-110.87721632804657,32.134189062191666],[-110.87489406971466,32.134124609930495],[-110.87489406971466,32.134124609930495]]]},"properties":{"h3":"8948e852d7bffff","count":1,"c3":0,"c6":0,"c12":0,"c24":1,"score":0.5,"risk":2,"peakDay":"Wednesday","peakTime":"morning","hood":"","bk12":{"morning":0,"afternoon":0,"evening":0,"night":0},"bk24":{"morning":1,"afternoon":0,"evening":0,"night":0},"recent":[{"d":"2025-08-06","day":"Wed","time":"05:32","desc":"Aggravated Assault - Other","res":""}]}},{"type":"Feature","geometry":{"type":"Polygon","coordinates":[[[-110.96753326041637,32.244913759260825],[-110.96629460401556,32.24657138853368],[-110.96738023902161,32.24829159220944],[-110.9697045633979,32.24835414630014],[-110.97094318455237,32.24669650001035],[-110.96985751657981,32.24497631664687],[-110.96753326041637,32.244913759260825],[-110.96753326041637,32.244913759260825]]]},"properties":{"h3":"8948e8541cfffff","count":1,"c3":0,"c6":0,"c12":0,"c24":1,"score":0.5,"risk":2,"peakDay":"Wednesday","peakTime":"morning","hood":"Sugar Hill","bk12":{"morning":0,"afternoon":0,"evening":0,"night":0},"bk24":{"morning":1,"afternoon":0,"evening":0,"night":0},"recent":[{"d":"2025-08-06","day":"Wed","time":"05:40","desc":"Robbery - Miscellaneous","res":""}]}},{"type":"Feature","geometry":{"type":"Polygon","coordinates":[[[-110.98906094349758,32.23196348838318],[-110.9878227687258,32.233621395585864],[-110.98890857172621,32.2353415057535],[-110.99123258239898,32.2354036883758],[-110.99247072186937,32.233745764171175],[-110.99138488597127,32.23202567434629],[-110.98906094349758,32.23196348838318],[-110.98906094349758,32.23196348838318]]]},"properties":{"h3":"8948e856acbffff","count":2,"c3":0,"c6":0,"c12":1,"c24":2,"score":1.1,"risk":5,"peakDay":"Wednesday","peakTime":"morning","hood":"Barrio Hollywood","bk12":{"morning":1,"afternoon":0,"evening":0,"night":0},"bk24":{"morning":2,"afternoon":0,"evening":0,"night":0},"recent":[{"d":"2025-12-06","day":"Sat","time":"10:45","desc":"Aggravated Assault - Other","res":""},{"d":"2025-08-06","day":"Wed","time":"06:28","desc":"Aggravated Assault - Domestic Violence (DV)","res":""}]}},{"type":"Feature","geometry":{"type":"Polygon","coordinates":[[[-110.90322639781205,32.200884323973824],[-110.9019871896758,32.20254170439422],[-110.90307154583392,32.20426291733716],[-110.90539514325606,32.20432672959112],[-110.906634316361,32.20266933206327],[-110.90554992707803,32.200948139388984],[-110.90322639781205,32.200884323973824],[-110.90322639781205,32.200884323973824]]]},"properties":{"h3":"8948e85739bffff","count":1,"c3":0,"c6":0,"c12":0,"c24":1,"score":0.5,"risk":2,"peakDay":"Wednesday","peakTime":"afternoon","hood":"","bk12":{"morning":0,"afternoon":0,"evening":0,"night":0},"bk24":{"morning":0,"afternoon":1,"evening":0,"night":0},"recent":[{"d":"2025-08-06","day":"Wed","time":"12:11","desc":"Aggravated Assault - Other","res":""}]}},{"type":"Feature","geometry":{"type":"Polygon","coordinates":[[[-110.99277524298104,32.2269896324471],[-110.99153718062466,32.22864760680903],[-110.99262298688346,32.230367725057356],[-110.99494688838581,32.23042984859421],[-110.99618491543296,32.228771857231415],[-110.99509907628992,32.227051759332696],[-110.99277524298104,32.2269896324471],[-110.99277524298104,32.2269896324471]]]},"properties":{"h3":"8948e856ad3ffff","count":1,"c3":0,"c6":0,"c12":0,"c24":1,"score":0.5,"risk":2,"peakDay":"Wednesday","peakTime":"afternoon","hood":"Barrio Hollywood","bk12":{"morning":0,"afternoon":0,"evening":0,"night":0},"bk24":{"morning":0,"afternoon":1,"evening":0,"night":0},"recent":[{"d":"2025-08-06","day":"Wed","time":"12:40","desc":"Aggravated Assault - Domestic Violence (DV)","res":""}]}},{"type":"Feature","geometry":{"type":"Polygon","coordinates":[[[-110.86124606635086,32.20310699474725],[-110.86000616823597,32.20476399376048],[-110.86108997846969,32.20648559081521],[-110.86341372006687,32.20655016863462],[-110.86465358327209,32.2048931524722],[-110.86356973979268,32.20317157563964],[-110.86124606635086,32.20310699474725],[-110.86124606635086,32.20310699474725]]]},"properties":{"h3":"8948e850987ffff","count":1,"c3":0,"c6":0,"c12":0,"c24":1,"score":0.5,"risk":2,"peakDay":"Friday","peakTime":"morning","hood":"Corbett","bk12":{"morning":0,"afternoon":0,"evening":0,"night":0},"bk24":{"morning":1,"afternoon":0,"evening":0,"night":0},"recent":[{"d":"2025-08-08","day":"Fri","time":"09:46","desc":"Aggravated Assault - Other","res":""}]}},{"type":"Feature","geometry":{"type":"Polygon","coordinates":[[[-110.77885911362827,32.17372209450234],[-110.77761822624619,32.175378580069655],[-110.77870064655423,32.17710122433319],[-110.7810239877104,32.17716736287955],[-110.78226484044212,32.1755108600626],[-110.78118238667092,32.17378823594902],[-110.77885911362827,32.17372209450234],[-110.77885911362827,32.17372209450234]]]},"properties":{"h3":"8948e85030bffff","count":1,"c3":0,"c6":0,"c12":0,"c24":1,"score":0.5,"risk":2,"peakDay":"Friday","peakTime":"afternoon","hood":"","bk12":{"morning":0,"afternoon":0,"evening":0,"night":0},"bk24":{"morning":0,"afternoon":1,"evening":0,"night":0},"recent":[{"d":"2025-08-08","day":"Fri","time":"13:37","desc":"Aggravated Assault - Other","res":""}]}},{"type":"Feature","geometry":{"type":"Polygon","coordinates":[[[-110.87148851919936,32.132337993677766],[-110.87024954048654,32.13399557760043],[-110.87133282724683,32.1357176964142],[-110.87365512589885,32.13578221103142],[-110.87489406971466,32.134124609930495],[-110.87381074977837,32.13240251139068],[-110.87148851919936,32.132337993677766],[-110.87148851919936,32.132337993677766]]]},"properties":{"h3":"8948e852d4fffff","count":1,"c3":0,"c6":0,"c12":0,"c24":1,"score":0.5,"risk":2,"peakDay":"Friday","peakTime":"afternoon","hood":"","bk12":{"morning":0,"afternoon":0,"evening":0,"night":0},"bk24":{"morning":0,"afternoon":1,"evening":0,"night":0},"recent":[{"d":"2025-08-08","day":"Fri","time":"14:55","desc":"Aggravated Assault - Peace Officer (Non-Serious Injury)","res":""}]}},{"type":"Feature","geometry":{"type":"Polygon","coordinates":[[[-110.96840712679158,32.14852901658077],[-110.96716951471355,32.150187328742575],[-110.96825425835014,32.15190837336533],[-110.97057664697685,32.15197108545752],[-110.97181422386461,32.15031275622607],[-110.97072944731883,32.14859173197214],[-110.96840712679158,32.14852901658077],[-110.96840712679158,32.14852901658077]]]},"properties":{"h3":"8948e8564cbffff","count":1,"c3":0,"c6":0,"c12":0,"c24":1,"score":0.5,"risk":2,"peakDay":"Saturday","peakTime":"night","hood":"Barrio Nopal","bk12":{"morning":0,"afternoon":0,"evening":0,"night":0},"bk24":{"morning":0,"afternoon":0,"evening":0,"night":1},"recent":[{"d":"2025-08-09","day":"Sat","time":"04:17","desc":"Aggravated Assault - Other","res":""}]}},{"type":"Feature","geometry":{"type":"Polygon","coordinates":[[[-110.79755763290166,32.22161843040803],[-110.79631652791912,32.22327474191833],[-110.79739964944842,32.2249967868954],[-110.79972390940085,32.22506250021951],[-110.80096497964946,32.22340617150534],[-110.79988182468249,32.22168414667102],[-110.79755763290166,32.22161843040803],[-110.79755763290166,32.22161843040803]]]},"properties":{"h3":"8948e8424d3ffff","count":1,"c3":0,"c6":0,"c12":0,"c24":1,"score":0.5,"risk":2,"peakDay":"Saturday","peakTime":"afternoon","hood":"","bk12":{"morning":0,"afternoon":0,"evening":0,"night":0},"bk24":{"morning":0,"afternoon":1,"evening":0,"night":0},"recent":[{"d":"2025-08-09","day":"Sat","time":"13:21","desc":"Aggravated Assault - Domestic Violence (DV)","res":""}]}},{"type":"Feature","geometry":{"type":"Polygon","coordinates":[[[-111.02316276375633,32.249781089113135],[-111.02192494249617,32.25143916613249],[-111.02301137066684,32.25315878801387],[-111.02533565291091,32.25322031250708],[-111.02657343875907,32.251562218530836],[-111.02548697777807,32.24984261701834],[-111.02316276375633,32.249781089113135],[-111.02316276375633,32.249781089113135]]]},"properties":{"h3":"8948e856b03ffff","count":1,"c3":0,"c6":0,"c12":0,"c24":1,"score":0.5,"risk":2,"peakDay":"Sunday","peakTime":"night","hood":"","bk12":{"morning":0,"afternoon":0,"evening":0,"night":0},"bk24":{"morning":0,"afternoon":0,"evening":0,"night":1},"recent":[{"d":"2025-08-10","day":"Sun","time":"03:00","desc":"Aggravated Assault - Other","res":""}]}},{"type":"Feature","geometry":{"type":"Polygon","coordinates":[[[-110.96707416934372,32.25504709721514],[-110.96583539717031,32.25670465096496],[-110.96692112105897,32.25842476922767],[-110.96924565009756,32.258487313434685],[-110.97048438701984,32.25682974267308],[-110.96939863015753,32.25510964471633],[-110.96707416934372,32.25504709721514],[-110.96707416934372,32.25504709721514]]]},"properties":{"h3":"8948e85417bffff","count":5,"c3":0,"c6":0,"c12":0,"c24":5,"score":2.5,"risk":11,"peakDay":"Sunday","peakTime":"afternoon","hood":"Keeling","bk12":{"morning":0,"afternoon":0,"evening":0,"night":0},"bk24":{"morning":0,"afternoon":5,"evening":0,"night":0},"recent":[{"d":"2025-08-10","day":"Sun","time":"14:26","desc":"Aggravated Assault - Other","res":""},{"d":"2025-08-10","day":"Sun","time":"14:26","desc":"Aggravated Assault - Other","res":""},{"d":"2025-08-10","day":"Sun","time":"14:26","desc":"Aggravated Assault - Other","res":""},{"d":"2025-08-10","day":"Sun","time":"14:26","desc":"Aggravated Assault - Other","res":""},{"d":"2025-08-10","day":"Sun","time":"14:26","desc":"Aggravated Assault - Other","res":""}]}},{"type":"Feature","geometry":{"type":"Polygon","coordinates":[[[-110.95910515486051,32.122899296380744],[-110.95786766839862,32.124557706097825],[-110.95895204717924,32.12627906466189],[-110.96127394534584,32.12634199313525],[-110.96251139666022,32.12468356632461],[-110.96142698495841,32.12296222813425],[-110.95910515486051,32.122899296380744],[-110.95910515486051,32.122899296380744]]]},"properties":{"h3":"8948e8cdd3bffff","count":1,"c3":0,"c6":0,"c12":0,"c24":1,"score":0.5,"risk":2,"peakDay":"Sunday","peakTime":"afternoon","hood":"Barrio Nopal","bk12":{"morning":0,"afternoon":0,"evening":0,"night":0},"bk24":{"morning":0,"afternoon":1,"evening":0,"night":0},"recent":[{"d":"2025-08-10","day":"Sun","time":"16:16","desc":"Aggravated Assault - Domestic Violence (DV)","res":""}]}},{"type":"Feature","geometry":{"type":"Polygon","coordinates":[[[-110.94182124350786,32.27296448615672],[-110.94058187733889,32.27462169362509],[-110.94166742933191,32.27634189687086],[-110.94399238055279,32.27640487237971],[-110.94523171153368,32.274747647883515],[-110.9441461264847,32.27302746490637],[-110.94182124350786,32.27296448615672],[-110.94182124350786,32.27296448615672]]]},"properties":{"h3":"8948e855dd3ffff","count":3,"c3":0,"c6":0,"c12":1,"c24":3,"score":1.5,"risk":7,"peakDay":"Monday","peakTime":"night","hood":"RillitoBend","bk12":{"morning":1,"afternoon":0,"evening":0,"night":0},"bk24":{"morning":1,"afternoon":0,"evening":0,"night":2},"recent":[{"d":"2025-09-20","day":"Sat","time":"09:42","desc":"Aggravated Assault - Domestic Violence (DV)","res":""},{"d":"2025-08-11","day":"Mon","time":"04:50","desc":"Aggravated Assault - Other","res":""},{"d":"2025-08-11","day":"Mon","time":"04:50","desc":"Aggravated Assault - Other","res":""}]}},{"type":"Feature","geometry":{"type":"Polygon","coordinates":[[[-110.8095742496322,32.11368019677994],[-110.8083344901661,32.11533737114909],[-110.80941676587959,32.11706024554518],[-110.81173883440336,32.11712592535444],[-110.81297855916493,32.115468733733294],[-110.81189625011017,32.11374587955497],[-110.8095742496322,32.11368019677994],[-110.8095742496322,32.11368019677994]]]},"properties":{"h3":"8948e852303ffff","count":2,"c3":0,"c6":0,"c12":0,"c24":2,"score":1,"risk":4,"peakDay":"Tuesday","peakTime":"afternoon","hood":"Rita Ranch","bk12":{"morning":0,"afternoon":0,"evening":0,"night":0},"bk24":{"morning":0,"afternoon":2,"evening":0,"night":0},"recent":[{"d":"2025-08-12","day":"Tue","time":"16:30","desc":"Aggravated Assault - Domestic Violence (DV)","res":""},{"d":"2025-08-12","day":"Tue","time":"16:30","desc":"Aggravated Assault - Domestic Violence (DV)","res":""}]}},{"type":"Feature","geometry":{"type":"Polygon","coordinates":[[[-110.89966473106901,32.126349905471045],[-110.89842626326738,32.12800777599067],[-110.89950987413116,32.12972967649007],[-110.90183198589186,32.129793686162095],[-110.90307041871762,32.12813579848974],[-110.90198677476145,32.12641391829814],[-110.89966473106901,32.126349905471045],[-110.89966473106901,32.126349905471045]]]},"properties":{"h3":"8948e8cde6bffff","count":1,"c3":0,"c6":0,"c12":0,"c24":1,"score":0.5,"risk":2,"peakDay":"Wednesday","peakTime":"night","hood":"","bk12":{"morning":0,"afternoon":0,"evening":0,"night":0},"bk24":{"morning":0,"afternoon":0,"evening":0,"night":1},"recent":[{"d":"2025-08-13","day":"Wed","time":"03:31","desc":"Aggravated Assault - Domestic Violence (DV)","res":""}]}},{"type":"Feature","geometry":{"type":"Polygon","coordinates":[[[-110.9574204775429,32.16007383856961],[-110.9561825672946,32.16173197519018],[-110.95726727127963,32.163453024578466],[-110.95958991846295,32.16351591699586],[-110.9608277935461,32.161857763300766],[-110.95974305661399,32.16013673426287],[-110.9574204775429,32.16007383856961],[-110.9574204775429,32.16007383856961]]]},"properties":{"h3":"8948e85668fffff","count":1,"c3":0,"c6":0,"c12":0,"c24":1,"score":0.5,"risk":2,"peakDay":"Wednesday","peakTime":"evening","hood":"","bk12":{"morning":0,"afternoon":0,"evening":0,"night":0},"bk24":{"morning":0,"afternoon":0,"evening":1,"night":0},"recent":[{"d":"2025-08-13","day":"Wed","time":"19:25","desc":"Aggravated Assault - Domestic Violence (DV)","res":""}]}},{"type":"Feature","geometry":{"type":"Polygon","coordinates":[[[-110.92475486987551,32.18794233362869],[-110.92351614224185,32.18959999205541],[-110.92460066742431,32.19132111155086],[-110.9269239532994,32.19138455232043],[-110.92816264584653,32.18972687680113],[-110.92707808760798,32.18800577760493],[-110.92475486987551,32.18794233362869],[-110.92475486987551,32.18794233362869]]]},"properties":{"h3":"8948e85756fffff","count":1,"c3":0,"c6":0,"c12":0,"c24":1,"score":0.5,"risk":2,"peakDay":"Thursday","peakTime":"afternoon","hood":"Pueblo Gardens","bk12":{"morning":0,"afternoon":0,"evening":0,"night":0},"bk24":{"morning":0,"afternoon":1,"evening":0,"night":0},"recent":[{"d":"2025-08-14","day":"Thu","time":"13:14","desc":"Aggravated Assault - Other","res":""}]}},{"type":"Feature","geometry":{"type":"Polygon","coordinates":[[[-110.91825946401578,32.25372371988404],[-110.91701992911202,32.25538085854793],[-110.91810498306792,32.25710145994753],[-110.92042960504268,32.25716490242887],[-110.92166910483908,32.25550774670231],[-110.92058401777098,32.25378716555714],[-110.91825946401578,32.25372371988404],[-110.91825946401578,32.25372371988404]]]},"properties":{"h3":"8948e85427bffff","count":2,"c3":0,"c6":0,"c12":1,"c24":2,"score":1.1,"risk":5,"peakDay":"Friday","peakTime":"evening","hood":"Doolen/Fruitvale","bk12":{"morning":1,"afternoon":0,"evening":0,"night":0},"bk24":{"morning":1,"afternoon":0,"evening":1,"night":0},"recent":[{"d":"2025-12-01","day":"Mon","time":"11:30","desc":"Aggravated Assault - Other","res":""},{"d":"2025-08-15","day":"Fri","time":"18:32","desc":"Aggravated Assault - Domestic Violence (DV)","res":""}]}},{"type":"Feature","geometry":{"type":"Polygon","coordinates":[[[-110.80364762496707,32.165966471185065],[-110.80240721242176,32.16762322819449],[-110.80348989617735,32.169345703261776],[-110.8058130258694,32.16941140113845],[-110.80705340369624,32.167754626900276],[-110.80597068655241,32.166032172014255],[-110.80364762496707,32.165966471185065],[-110.80364762496707,32.165966471185065]]]},"properties":{"h3":"8948e850173ffff","count":1,"c3":0,"c6":0,"c12":0,"c24":1,"score":0.5,"risk":2,"peakDay":"Saturday","peakTime":"night","hood":"","bk12":{"morning":0,"afternoon":0,"evening":0,"night":0},"bk24":{"morning":0,"afternoon":0,"evening":0,"night":1},"recent":[{"d":"2025-08-16","day":"Sat","time":"00:10","desc":"Aggravated Assault - Other","res":""}]}},{"type":"Feature","geometry":{"type":"Polygon","coordinates":[[[-110.96941354585825,32.280472095777554],[-110.96817453872794,32.28212948991018],[-110.96926053269956,32.2838493596345],[-110.97158556678582,32.283911814932424],[-110.97282453864263,32.282254403804465],[-110.97173851168958,32.28053455437399],[-110.96941354585825,32.280472095777554],[-110.96941354585825,32.280472095777554]]]},"properties":{"h3":"8948e854e63ffff","count":1,"c3":0,"c6":0,"c12":0,"c24":1,"score":0.5,"risk":2,"peakDay":"Saturday","peakTime":"night","hood":"Limberlost","bk12":{"morning":0,"afternoon":0,"evening":0,"night":0},"bk24":{"morning":0,"afternoon":0,"evening":0,"night":1},"recent":[{"d":"2025-08-16","day":"Sat","time":"01:08","desc":"Aggravated Assault - Other","res":""}]}},{"type":"Feature","geometry":{"type":"Polygon","coordinates":[[[-111.01694794921073,32.23270689954557],[-111.01571021133294,32.234365042954934],[-111.0167963958434,32.236084876504236],[-111.01912035105299,32.23614654627213],[-111.0203580535474,32.23448838589001],[-111.01927183621848,32.23276857271281],[-111.01694794921073,32.23270689954557],[-111.01694794921073,32.23270689954557]]]},"properties":{"h3":"8948e85687bffff","count":1,"c3":0,"c6":0,"c12":0,"c24":1,"score":0.5,"risk":2,"peakDay":"Saturday","peakTime":"afternoon","hood":"Barrio Hollywood","bk12":{"morning":0,"afternoon":0,"evening":0,"night":0},"bk24":{"morning":0,"afternoon":1,"evening":0,"night":0},"recent":[{"d":"2025-08-16","day":"Sat","time":"15:00","desc":"Aggravated Assault - Other","res":""}]}},{"type":"Feature","geometry":{"type":"Polygon","coordinates":[[[-110.83508702042583,32.16516021765815],[-110.83384711398536,32.16681725498777],[-110.83493021568852,32.16853943603291],[-110.83725325713336,32.168604559532746],[-110.83849312876367,32.166947505006014],[-110.83740999376218,32.16522534417662],[-110.83508702042583,32.16516021765815],[-110.83508702042583,32.16516021765815]]]},"properties":{"h3":"8948e850c83ffff","count":2,"c3":0,"c6":0,"c12":1,"c24":2,"score":1,"risk":5,"peakDay":"Saturday","peakTime":"evening","hood":"Groves Lincoln Park","bk12":{"morning":0,"afternoon":1,"evening":0,"night":0},"bk24":{"morning":0,"afternoon":1,"evening":1,"night":0},"recent":[{"d":"2025-09-05","day":"Fri","time":"16:06","desc":"Aggravated Assault - Domestic Violence (DV)","res":""},{"d":"2025-08-16","day":"Sat","time":"20:01","desc":"Aggravated Assault - Domestic Violence (DV)","res":""}]}},{"type":"Feature","geometry":{"type":"Polygon","coordinates":[[[-110.97893381127857,32.1471212094341],[-110.97769638183483,32.14877962245461],[-110.97878125375038,32.15050057781857],[-110.98110358799097,32.15056309978114],[-110.98234098221455,32.14890466970102],[-110.98125607742061,32.147183734718],[-110.97893381127857,32.1471212094341],[-110.97893381127857,32.1471212094341]]]},"properties":{"h3":"8948e85648bffff","count":2,"c3":0,"c6":0,"c12":0,"c24":2,"score":1,"risk":4,"peakDay":"Sunday","peakTime":"night","hood":"Sunnyside","bk12":{"morning":0,"afternoon":0,"evening":0,"night":0},"bk24":{"morning":0,"afternoon":0,"evening":0,"night":2},"recent":[{"d":"2025-08-17","day":"Sun","time":"00:11","desc":"Aggravated Assault - Other","res":""},{"d":"2025-08-17","day":"Sun","time":"00:11","desc":"Aggravated Assault - Other","res":""}]}},{"type":"Feature","geometry":{"type":"Polygon","coordinates":[[[-110.93018412397119,32.22191782095153],[-110.92894511919489,32.22357528787426],[-110.93003003576288,32.225296055618294],[-110.93235399017003,32.225359336154156],[-110.93359295982329,32.22370185216334],[-110.93250801019532,32.22198110470482],[-110.93018412397119,32.22191782095153],[-110.93018412397119,32.22191782095153]]]},"properties":{"h3":"8948e854617ffff","count":1,"c3":0,"c6":0,"c12":0,"c24":1,"score":0.5,"risk":2,"peakDay":"Sunday","peakTime":"afternoon","hood":"Sam Hughes","bk12":{"morning":0,"afternoon":0,"evening":0,"night":0},"bk24":{"morning":0,"afternoon":1,"evening":0,"night":0},"recent":[{"d":"2025-08-17","day":"Sun","time":"15:12","desc":"Aggravated Assault - Other","res":""}]}},{"type":"Feature","geometry":{"type":"Polygon","coordinates":[[[-111.06199291852082,32.3184245697685],[-111.06075498334839,32.320082497099826],[-111.06184257739099,32.32180112970505],[-111.0641681393471,32.3218618146084],[-111.0654060389519,32.32020387039818],[-111.06431841217112,32.318485258163584],[-111.06199291852082,32.3184245697685],[-111.06199291852082,32.3184245697685]]]},"properties":{"h3":"8948e8095cfffff","count":3,"c3":0,"c6":0,"c12":3,"c24":3,"score":1.5,"risk":7,"peakDay":"Wednesday","peakTime":"morning","hood":"Menlo Park","bk12":{"morning":3,"afternoon":0,"evening":0,"night":0},"bk24":{"morning":3,"afternoon":0,"evening":0,"night":0},"recent":[{"d":"2025-09-10","day":"Wed","time":"08:49","desc":"Aggravated Assault - Peace Officer (Non-Serious Injury)","res":""},{"d":"2025-09-10","day":"Wed","time":"08:49","desc":"Aggravated Assault - Other","res":""},{"d":"2025-08-18","day":"Mon","time":"10:23","desc":"Robbery - Highway","res":""}]}},{"type":"Feature","geometry":{"type":"Polygon","coordinates":[[[-110.97231909360053,32.21629387941509],[-110.97108081962098,32.21795175167725],[-110.97216625062438,32.219672162310495],[-110.97448998854682,32.219734680347734],[-110.97572822728345,32.2180767910577],[-110.97464276334351,32.21635640075835],[-110.97231909360053,32.21629387941509],[-110.97231909360053,32.21629387941509]]]},"properties":{"h3":"8948e8545d7ffff","count":3,"c3":0,"c6":0,"c12":3,"c24":3,"score":1.5,"risk":7,"peakDay":"Monday","peakTime":"evening","hood":"Downtown","bk12":{"morning":0,"afternoon":0,"evening":3,"night":0},"bk24":{"morning":0,"afternoon":0,"evening":3,"night":0},"recent":[{"d":"2025-08-18","day":"Mon","time":"18:08","desc":"Robbery - Highway","res":""},{"d":"2025-08-18","day":"Mon","time":"18:08","desc":"Robbery - Highway","res":""},{"d":"2025-08-18","day":"Mon","time":"18:08","desc":"Robbery - Highway","res":""}]}},{"type":"Feature","geometry":{"type":"Polygon","coordinates":[[[-110.94811987603876,32.134444585850396],[-110.94688209158184,32.136102820321504],[-110.9479664306324,32.13782418385049],[-110.95028858710174,32.13788729255323],[-110.95152633643622,32.136229040983736],[-110.95044196442666,32.13450769780995],[-110.94811987603876,32.134444585850396],[-110.94811987603876,32.134444585850396]]]},"properties":{"h3":"8948e8cd9c3ffff","count":1,"c3":0,"c6":0,"c12":1,"c24":1,"score":0.5,"risk":2,"peakDay":"Monday","peakTime":"night","hood":"","bk12":{"morning":0,"afternoon":0,"evening":0,"night":1},"bk24":{"morning":0,"afternoon":0,"evening":0,"night":1},"recent":[{"d":"2025-08-18","day":"Mon","time":"22:05","desc":"Aggravated Assault - Other","res":""}]}},{"type":"Feature","geometry":{"type":"Polygon","coordinates":[[[-111.00474346981346,32.27127251574534],[-111.00350512458688,32.27293028158194],[-111.00459150721392,32.27464989102999],[-111.0069162679457,32.27471171430462],[-111.00815457780102,32.27305393150399],[-111.00706816229875,32.271334342392805],[-111.00474346981346,32.27127251574534],[-111.00474346981346,32.27127251574534]]]},"properties":{"h3":"8948e854c2fffff","count":1,"c3":0,"c6":0,"c12":1,"c24":1,"score":0.5,"risk":2,"peakDay":"Monday","peakTime":"night","hood":"Flowing Wells","bk12":{"morning":0,"afternoon":0,"evening":0,"night":1},"bk24":{"morning":0,"afternoon":0,"evening":0,"night":1},"recent":[{"d":"2025-08-18","day":"Mon","time":"23:15","desc":"Aggravated Assault - Other","res":""}]}},{"type":"Feature","geometry":{"type":"Polygon","coordinates":[[[-110.93838651444467,32.195079821307246],[-110.93714792722342,32.196737548077266],[-110.93823270284574,32.198458473372796],[-110.94055609871347,32.19852165158862],[-110.94179465080397,32.19686390774402],[-110.94070984216039,32.19514300275824],[-110.93838651444467,32.195079821307246],[-110.93838651444467,32.195079821307246]]]},"properties":{"h3":"8948e8571b3ffff","count":1,"c3":0,"c6":0,"c12":1,"c24":1,"score":0.5,"risk":2,"peakDay":"Tuesday","peakTime":"morning","hood":"Pueblo Gardens","bk12":{"morning":1,"afternoon":0,"evening":0,"night":0},"bk24":{"morning":1,"afternoon":0,"evening":0,"night":0},"recent":[{"d":"2025-08-19","day":"Tue","time":"11:18","desc":"Aggravated Assault - Other","res":""}]}},{"type":"Feature","geometry":{"type":"Polygon","coordinates":[[[-110.8779733485372,32.21879346808826],[-110.87673354779992,32.22045050246391],[-110.87781773083478,32.22217180059541],[-110.88014174781684,32.22223604412014],[-110.88138151358595,32.22057899262114],[-110.88029729734404,32.21885771472083],[-110.8779733485372,32.21879346808826],[-110.8779733485372,32.21879346808826]]]},"properties":{"h3":"8948e855413ffff","count":2,"c3":0,"c6":0,"c12":2,"c24":2,"score":1,"risk":5,"peakDay":"Tuesday","peakTime":"evening","hood":"Highland Vista Cinco Via","bk12":{"morning":0,"afternoon":0,"evening":1,"night":1},"bk24":{"morning":0,"afternoon":0,"evening":1,"night":1},"recent":[{"d":"2025-08-25","day":"Mon","time":"23:05","desc":"Robbery - Miscellaneous","res":""},{"d":"2025-08-19","day":"Tue","time":"18:06","desc":"Aggravated Assault - Other","res":""}]}},{"type":"Feature","geometry":{"type":"Polygon","coordinates":[[[-110.83551412369657,32.23114295218883],[-110.83427351746509,32.23279952856728],[-110.83535724214902,32.23452112571168],[-110.8376816064024,32.23458612629939],[-110.83892217778279,32.23292953276108],[-110.8378384197638,32.23120795579499],[-110.83551412369657,32.23114295218883],[-110.83551412369657,32.23114295218883]]]},"properties":{"h3":"8948e850b2fffff","count":1,"c3":0,"c6":0,"c12":1,"c24":1,"score":0.5,"risk":2,"peakDay":"Tuesday","peakTime":"evening","hood":"Broadway Northeast","bk12":{"morning":0,"afternoon":0,"evening":1,"night":0},"bk24":{"morning":0,"afternoon":0,"evening":1,"night":0},"recent":[{"d":"2025-08-19","day":"Tue","time":"20:51","desc":"Aggravated Assault - Other","res":""}]}},{"type":"Feature","geometry":{"type":"Polygon","coordinates":[[[-110.97277756883734,32.206158710353364],[-110.97153941054,32.2078166577355],[-110.97262475270625,32.20953715341423],[-110.97494828610222,32.20959968137067],[-110.9761864091615,32.2079417169555],[-110.97510103406579,32.206221241616994],[-110.97277756883734,32.206158710353364],[-110.97277756883734,32.206158710353364]]]},"properties":{"h3":"8948e856373ffff","count":2,"c3":0,"c6":0,"c12":2,"c24":2,"score":1.1,"risk":5,"peakDay":"Wednesday","peakTime":"night","hood":"Barrio Santa Rita Park-West Ochoa","bk12":{"morning":0,"afternoon":0,"evening":1,"night":1},"bk24":{"morning":0,"afternoon":0,"evening":1,"night":1},"recent":[{"d":"2025-12-01","day":"Mon","time":"21:30","desc":"Robbery - Miscellaneous","res":""},{"d":"2025-08-20","day":"Wed","time":"03:21","desc":"Aggravated Assault - Domestic Violence (DV)","res":""}]}},{"type":"Feature","geometry":{"type":"Polygon","coordinates":[[[-110.98529112964941,32.160825773139415],[-110.98405365511746,32.16248414575221],[-110.98513874074871,32.16420491951577],[-110.98746133378287,32.16426730028678],[-110.98869877306778,32.162608910628606],[-110.98761365456849,32.16088815724485],[-110.98529112964941,32.160825773139415],[-110.98529112964941,32.160825773139415]]]},"properties":{"h3":"8948e856423ffff","count":1,"c3":0,"c6":0,"c12":1,"c24":1,"score":0.5,"risk":2,"peakDay":"Wednesday","peakTime":"afternoon","hood":"Rose","bk12":{"morning":0,"afternoon":1,"evening":0,"night":0},"bk24":{"morning":0,"afternoon":1,"evening":0,"night":0},"recent":[{"d":"2025-08-20","day":"Wed","time":"13:52","desc":"Aggravated Assault - Other","res":""}]}},{"type":"Feature","geometry":{"type":"Polygon","coordinates":[[[-110.7595397716079,32.139330421940194],[-110.75829894741652,32.1409869796386],[-110.75938078457726,32.142710108661426],[-110.76170347943047,32.14277665983723],[-110.76294426904873,32.141120084850286],[-110.76186239838981,32.13939697597614],[-110.7595397716079,32.139330421940194],[-110.7595397716079,32.139330421940194]]]},"properties":{"h3":"8948e85060fffff","count":1,"c3":0,"c6":0,"c12":1,"c24":1,"score":0.5,"risk":2,"peakDay":"Friday","peakTime":"night","hood":"Mesquite Ranch","bk12":{"morning":0,"afternoon":0,"evening":0,"night":1},"bk24":{"morning":0,"afternoon":0,"evening":0,"night":1},"recent":[{"d":"2025-08-22","day":"Fri","time":"03:20","desc":"Aggravated Assault - Other","res":""}]}},{"type":"Feature","geometry":{"type":"Polygon","coordinates":[[[-110.99125228066711,32.26076814853733],[-110.99001383264567,32.262425871659225],[-110.99109993536894,32.26414570518092],[-110.99342451902432,32.26420779525225],[-110.99466293172036,32.262550055146626],[-110.99357679608931,32.26083024195345],[-110.99125228066711,32.26076814853733],[-110.99125228066711,32.26076814853733]]]},"properties":{"h3":"8948e854c57ffff","count":2,"c3":0,"c6":0,"c12":2,"c24":2,"score":1.1,"risk":5,"peakDay":"Friday","peakTime":"morning","hood":"Flowing Wells","bk12":{"morning":1,"afternoon":0,"evening":0,"night":1},"bk24":{"morning":1,"afternoon":0,"evening":0,"night":1},"recent":[{"d":"2025-11-03","day":"Mon","time":"03:47","desc":"Robbery - Residence","res":""},{"d":"2025-08-22","day":"Fri","time":"05:00","desc":"Aggravated Assault - Other","res":""}]}},{"type":"Feature","geometry":{"type":"Polygon","coordinates":[[[-110.9649725216646,32.37839080073575],[-110.9637323938578,32.380047457212626],[-110.96481924820667,32.38176649373546],[-110.96714626341529,32.3818288535485],[-110.96838635590181,32.38017218012566],[-110.96729946850293,32.37845316383582],[-110.9649725216646,32.37839080073575],[-110.9649725216646,32.37839080073575]]]},"properties":{"h3":"8948e84636fffff","count":1,"c3":0,"c6":0,"c12":1,"c24":1,"score":0.5,"risk":2,"peakDay":"Friday","peakTime":"morning","hood":"Balboa Heights","bk12":{"morning":1,"afternoon":0,"evening":0,"night":0},"bk24":{"morning":1,"afternoon":0,"evening":0,"night":0},"recent":[{"d":"2025-08-22","day":"Fri","time":"05:57","desc":"Robbery - Highway","res":""}]}},{"type":"Feature","geometry":{"type":"Polygon","coordinates":[[[-110.97461066478593,32.16561323917951],[-110.97337296900368,32.167271486020034],[-110.97445795596448,32.168992320894624],[-110.97678067161162,32.16905488856312],[-110.97801833217511,32.167396624668854],[-110.97693331231311,32.165675810159904],[-110.97461066478593,32.16561323917951],[-110.97461066478593,32.16561323917951]]]},"properties":{"h3":"8948e85646fffff","count":2,"c3":0,"c6":0,"c12":2,"c24":2,"score":1,"risk":5,"peakDay":"Friday","peakTime":"afternoon","hood":"","bk12":{"morning":0,"afternoon":2,"evening":0,"night":0},"bk24":{"morning":0,"afternoon":2,"evening":0,"night":0},"recent":[{"d":"2025-08-22","day":"Fri","time":"14:45","desc":"Aggravated Assault - Drive-By","res":""},{"d":"2025-08-22","day":"Fri","time":"14:45","desc":"Aggravated Assault - Drive-By","res":""}]}},{"type":"Feature","geometry":{"type":"Polygon","coordinates":[[[-110.79739964944842,32.2249967868954],[-110.79615850575442,32.226653073111486],[-110.79724165674543,32.228375089853714],[-110.79956598487345,32.2284408002393],[-110.80080709383195,32.22678449682108],[-110.79972390940085,32.22506250021951],[-110.79739964944842,32.2249967868954],[-110.79739964944842,32.2249967868954]]]},"properties":{"h3":"8948e8424c3ffff","count":1,"c3":0,"c6":0,"c12":1,"c24":1,"score":0.5,"risk":2,"peakDay":"Friday","peakTime":"evening","hood":"","bk12":{"morning":0,"afternoon":0,"evening":1,"night":0},"bk24":{"morning":0,"afternoon":0,"evening":1,"night":0},"recent":[{"d":"2025-08-22","day":"Fri","time":"17:00","desc":"Aggravated Assault - Domestic Violence (DV)","res":""}]}},{"type":"Feature","geometry":{"type":"Polygon","coordinates":[[[-110.91795049307177,32.26047914631286],[-110.91671088089618,32.26213623446075],[-110.91779599402655,32.26385677895778],[-110.92012075245236,32.263920215056814],[-110.92136032951737,32.26226310984968],[-110.92027518327008,32.26054258560285],[-110.91795049307177,32.26047914631286],[-110.91795049307177,32.26047914631286]]]},"properties":{"h3":"8948e855cd3ffff","count":1,"c3":0,"c6":0,"c12":1,"c24":1,"score":0.5,"risk":2,"peakDay":"Saturday","peakTime":"evening","hood":"Cabrini","bk12":{"morning":0,"afternoon":0,"evening":1,"night":0},"bk24":{"morning":0,"afternoon":0,"evening":1,"night":0},"recent":[{"d":"2025-08-23","day":"Sat","time":"21:57","desc":"Aggravated Assault - Domestic Violence (DV)","res":""}]}},{"type":"Feature","geometry":{"type":"Polygon","coordinates":[[[-110.98356033983222,32.121868069570475],[-110.9823232536227,32.12352669786299],[-110.98340795134193,32.125247829567215],[-110.98572976812446,32.12531031257847],[-110.98696681911568,32.12365166721704],[-110.98588208854558,32.12193055591334],[-110.98356033983222,32.121868069570475],[-110.98356033983222,32.121868069570475]]]},"properties":{"h3":"8948e8cca83ffff","count":1,"c3":0,"c6":0,"c12":1,"c24":1,"score":0.5,"risk":2,"peakDay":"Saturday","peakTime":"night","hood":"Elvira","bk12":{"morning":0,"afternoon":0,"evening":0,"night":1},"bk24":{"morning":0,"afternoon":0,"evening":0,"night":1},"recent":[{"d":"2025-08-23","day":"Sat","time":"22:56","desc":"Aggravated Assault - Domestic Violence (DV)","res":""}]}},{"type":"Feature","geometry":{"type":"Polygon","coordinates":[[[-110.9106669799458,32.26704380238954],[-110.9094271816471,32.26870078055676],[-110.91051225809524,32.27042133706813],[-110.91283716598643,32.27048489517369],[-110.91407692919195,32.26882789994339],[-110.91299181960235,32.26710736367066],[-110.9106669799458,32.26704380238954],[-110.9106669799458,32.26704380238954]]]},"properties":{"h3":"8948e855127ffff","count":2,"c3":0,"c6":0,"c12":2,"c24":2,"score":1,"risk":5,"peakDay":"Sunday","peakTime":"evening","hood":"","bk12":{"morning":0,"afternoon":0,"evening":2,"night":0},"bk24":{"morning":0,"afternoon":0,"evening":2,"night":0},"recent":[{"d":"2025-08-24","day":"Sun","time":"18:30","desc":"Aggravated Assault - Domestic Violence (DV)","res":""},{"d":"2025-08-24","day":"Sun","time":"18:30","desc":"Aggravated Assault - Domestic Violence (DV)","res":""}]}},{"type":"Feature","geometry":{"type":"Polygon","coordinates":[[[-110.88307962342874,32.25952242318129],[-110.88183946745565,32.26117921408754],[-110.88292410100182,32.26290010310545],[-110.88524892373982,32.26296418100389],[-110.88648904470514,32.26130737300214],[-110.88540437794313,32.25958650419753],[-110.88307962342874,32.25952242318129],[-110.88307962342874,32.25952242318129]]]},"properties":{"h3":"8948e855397ffff","count":1,"c3":0,"c6":0,"c12":1,"c24":1,"score":0.5,"risk":2,"peakDay":"Monday","peakTime":"night","hood":"Old Fort Lowell","bk12":{"morning":0,"afternoon":0,"evening":0,"night":1},"bk24":{"morning":0,"afternoon":0,"evening":0,"night":1},"recent":[{"d":"2025-08-25","day":"Mon","time":"00:51","desc":"Robbery - Carjacking","res":""}]}},{"type":"Feature","geometry":{"type":"Polygon","coordinates":[[[-110.85208609538942,32.25020860321202],[-110.85084554747948,32.251865189447884],[-110.85192967487379,32.253586459036185],[-110.85425438347981,32.25365112220344],[-110.85549489647853,32.25199451883525],[-110.85441073578538,32.250273269432206],[-110.85208609538942,32.25020860321202],[-110.85208609538942,32.25020860321202]]]},"properties":{"h3":"8948e85528bffff","count":3,"c3":0,"c6":0,"c12":3,"c24":3,"score":1.6,"risk":7,"peakDay":"Monday","peakTime":"morning","hood":"","bk12":{"morning":3,"afternoon":0,"evening":0,"night":0},"bk24":{"morning":3,"afternoon":0,"evening":0,"night":0},"recent":[{"d":"2025-10-26","day":"Sun","time":"07:15","desc":"Robbery - Miscellaneous","res":""},{"d":"2025-08-25","day":"Mon","time":"10:46","desc":"Robbery - Miscellaneous","res":""},{"d":"2025-08-25","day":"Mon","time":"10:46","desc":"Robbery - Miscellaneous","res":""}]}},{"type":"Feature","geometry":{"type":"Polygon","coordinates":[[[-110.7859047835603,32.09777694571057],[-110.78466482011014,32.09943402408973],[-110.7857466269749,32.10115726272267],[-110.78806843069209,32.10122340277526],[-110.78930835951658,32.09956630711103],[-110.78822651925245,32.09784308867934],[-110.7859047835603,32.09777694571057],[-110.7859047835603,32.09777694571057]]]},"properties":{"h3":"8948e852213ffff","count":1,"c3":0,"c6":0,"c12":1,"c24":1,"score":0.5,"risk":2,"peakDay":"Monday","peakTime":"morning","hood":"Rita Ranch","bk12":{"morning":1,"afternoon":0,"evening":0,"night":0},"bk24":{"morning":1,"afternoon":0,"evening":0,"night":0},"recent":[{"d":"2025-08-25","day":"Mon","time":"11:31","desc":"Aggravated Assault - Other","res":""}]}},{"type":"Feature","geometry":{"type":"Polygon","coordinates":[[[-110.85477445530641,32.11664333259079],[-110.8535353794665,32.1183008803208],[-110.85461829393007,32.12002329624247],[-110.85694031745099,32.12008814416923],[-110.85817935845222,32.11843057923507],[-110.85709641077412,32.11670818357837],[-110.85477445530641,32.11664333259079],[-110.85477445530641,32.11664333259079]]]},"properties":{"h3":"8948e852c0bffff","count":3,"c3":0,"c6":0,"c12":3,"c24":3,"score":1.5,"risk":7,"peakDay":"Thursday","peakTime":"night","hood":"","bk12":{"morning":0,"afternoon":0,"evening":0,"night":3},"bk24":{"morning":0,"afternoon":0,"evening":0,"night":3},"recent":[{"d":"2025-08-28","day":"Thu","time":"04:00","desc":"Aggravated Assault - Domestic Violence (DV)","res":""},{"d":"2025-08-28","day":"Thu","time":"04:00","desc":"Aggravated Assault - Domestic Violence (DV)","res":""},{"d":"2025-08-28","day":"Thu","time":"04:00","desc":"Aggravated Assault - Domestic Violence (DV)","res":""}]}},{"type":"Feature","geometry":{"type":"Polygon","coordinates":[[[-110.79936186602912,32.10831390533172],[-110.7981220025158,32.10997102791798],[-110.79920408991714,32.1116940465631],[-110.80152607420194,32.11175992241226],[-110.8027659030439,32.11010278256056],[-110.80168378227535,32.108379784125205],[-110.79936186602912,32.10831390533172],[-110.79936186602912,32.10831390533172]]]},"properties":{"h3":"8948e8523cbffff","count":1,"c3":0,"c6":0,"c12":1,"c24":1,"score":0.5,"risk":2,"peakDay":"Thursday","peakTime":"afternoon","hood":"Rita Ranch","bk12":{"morning":0,"afternoon":1,"evening":0,"night":0},"bk24":{"morning":0,"afternoon":1,"evening":0,"night":0},"recent":[{"d":"2025-08-28","day":"Thu","time":"12:15","desc":"Aggravated Assault - Other","res":""}]}},{"type":"Feature","geometry":{"type":"Polygon","coordinates":[[[-110.77402606236674,32.20234374484299],[-110.77278479199435,32.20399998633164],[-110.77386741421714,32.20572242592751],[-110.7761913403087,32.205788603906534],[-110.77743257602782,32.204132345179346],[-110.77634992031155,32.202409925711756],[-110.77402606236674,32.20234374484299],[-110.77402606236674,32.20234374484299]]]},"properties":{"h3":"8948e851d7bffff","count":1,"c3":0,"c6":0,"c12":1,"c24":1,"score":0.5,"risk":2,"peakDay":"Thursday","peakTime":"afternoon","hood":"Old Spanish Trail","bk12":{"morning":0,"afternoon":1,"evening":0,"night":0},"bk24":{"morning":0,"afternoon":1,"evening":0,"night":0},"recent":[{"d":"2025-08-28","day":"Thu","time":"14:54","desc":"Aggravated Assault - Domestic Violence (DV)","res":""}]}},{"type":"Feature","geometry":{"type":"Polygon","coordinates":[[[-110.9002805387245,32.49321863500697],[-110.89903814560836,32.49487389270915],[-110.90012520786763,32.49659251675024],[-110.90245469654718,32.49665586299062],[-110.90369705446302,32.49500058833896],[-110.90260995890253,32.49328198439645],[-110.9002805387245,32.49321863500697],[-110.9002805387245,32.49321863500697]]]},"properties":{"h3":"8948e87b4a3ffff","count":2,"c3":0,"c6":0,"c12":2,"c24":2,"score":1,"risk":5,"peakDay":"Thursday","peakTime":"evening","hood":"","bk12":{"morning":0,"afternoon":0,"evening":2,"night":0},"bk24":{"morning":0,"afternoon":0,"evening":2,"night":0},"recent":[{"d":"2025-08-28","day":"Thu","time":"18:00","desc":"Aggravated Assault - Domestic Violence (DV)","res":""},{"d":"2025-08-28","day":"Thu","time":"18:00","desc":"Aggravated Assault - Domestic Violence (DV)","res":""}]}},{"type":"Feature","geometry":{"type":"Polygon","coordinates":[[[-110.92722088208063,32.13387466133917],[-110.92598277149253,32.13553271865706],[-110.92706682395242,32.137254288430995],[-110.92938902002155,32.137317780553985],[-110.93062709554864,32.13565970611586],[-110.92954301007053,32.13393815667505],[-110.92722088208063,32.13387466133917],[-110.92722088208063,32.13387466133917]]]},"properties":{"h3":"8948e8cd873ffff","count":1,"c3":0,"c6":0,"c12":1,"c24":1,"score":0.5,"risk":2,"peakDay":"Thursday","peakTime":"night","hood":"","bk12":{"morning":0,"afternoon":0,"evening":0,"night":1},"bk24":{"morning":0,"afternoon":0,"evening":0,"night":1},"recent":[{"d":"2025-08-28","day":"Thu","time":"23:52","desc":"Aggravated Assault - Other","res":""}]}},{"type":"Feature","geometry":{"type":"Polygon","coordinates":[[[-110.78717786283987,32.21963297348993],[-110.78593661500582,32.221289208072825],[-110.78701957725147,32.223011369899005],[-110.78934382080014,32.22307727700968],[-110.79058503393193,32.22142102521126],[-110.78950203822025,32.219698883517744],[-110.78717786283987,32.21963297348993],[-110.78717786283987,32.21963297348993]]]},"properties":{"h3":"8948e8519abffff","count":2,"c3":0,"c6":0,"c12":2,"c24":2,"score":1,"risk":5,"peakDay":"Friday","peakTime":"night","hood":"Bonanza","bk12":{"morning":1,"afternoon":0,"evening":0,"night":1},"bk24":{"morning":1,"afternoon":0,"evening":0,"night":1},"recent":[{"d":"2025-09-12","day":"Fri","time":"11:59","desc":"Aggravated Assault - Other","res":""},{"d":"2025-08-29","day":"Fri","time":"03:42","desc":"Aggravated Assault - Other","res":""}]}},{"type":"Feature","geometry":{"type":"Polygon","coordinates":[[[-110.93977041375396,32.16466955766724],[-110.93853217363818,32.16632750923353],[-110.9396166831618,32.16804868847497],[-110.94193946580414,32.168111895821376],[-110.94317767080356,32.166453927164966],[-110.94209312827994,32.16473276825233],[-110.93977041375396,32.16466955766724],[-110.93977041375396,32.16466955766724]]]},"properties":{"h3":"8948e85665bffff","count":2,"c3":0,"c6":0,"c12":2,"c24":2,"score":1,"risk":5,"peakDay":"Friday","peakTime":"morning","hood":"","bk12":{"morning":2,"afternoon":0,"evening":0,"night":0},"bk24":{"morning":2,"afternoon":0,"evening":0,"night":0},"recent":[{"d":"2025-08-29","day":"Fri","time":"11:20","desc":"Aggravated Assault - Other","res":""},{"d":"2025-08-29","day":"Fri","time":"11:20","desc":"Aggravated Assault - Other","res":""}]}},{"type":"Feature","geometry":{"type":"Polygon","coordinates":[[[-110.82811807607368,32.16496458220007],[-110.8268780613996,32.16662156006369],[-110.82796106701251,32.16834380960145],[-110.83028412062045,32.168409061067344],[-110.83152410050492,32.16675206599939],[-110.83044106157396,32.16502983666996],[-110.82811807607368,32.16496458220007],[-110.82811807607368,32.16496458220007]]]},"properties":{"h3":"8948e850cd7ffff","count":1,"c3":0,"c6":0,"c12":1,"c24":1,"score":0.5,"risk":2,"peakDay":"Friday","peakTime":"evening","hood":"Groves Lincoln Park","bk12":{"morning":0,"afternoon":0,"evening":1,"night":0},"bk24":{"morning":0,"afternoon":0,"evening":1,"night":0},"recent":[{"d":"2025-08-29","day":"Fri","time":"19:03","desc":"Aggravated Assault - Domestic Violence (DV)","res":""}]}},{"type":"Feature","geometry":{"type":"Polygon","coordinates":[[[-110.95895204717924,32.12627906466189],[-110.95771452220316,32.127937449608844],[-110.95879893053991,32.12965878012091],[-110.96112089677914,32.1297217053145],[-110.96235838660608,32.12806330327573],[-110.96127394534584,32.12634199313525],[-110.95895204717924,32.12627906466189],[-110.95895204717924,32.12627906466189]]]},"properties":{"h3":"8948e8cdd2bffff","count":1,"c3":0,"c6":0,"c12":1,"c24":1,"score":0.5,"risk":2,"peakDay":"Friday","peakTime":"night","hood":"Barrio Nopal","bk12":{"morning":0,"afternoon":0,"evening":0,"night":1},"bk24":{"morning":0,"afternoon":0,"evening":0,"night":1},"recent":[{"d":"2025-08-29","day":"Fri","time":"23:35","desc":"Aggravated Assault - Other","res":""}]}},{"type":"Feature","geometry":{"type":"Polygon","coordinates":[[[-110.78503751479803,32.190815464004814],[-110.7837965419476,32.19247188334875],[-110.7848792057465,32.19419431880178],[-110.78720287585425,32.194260314764094],[-110.78844381402595,32.19260387818636],[-110.78736111677158,32.19088146288018],[-110.78503751479803,32.190815464004814],[-110.78503751479803,32.190815464004814]]]},"properties":{"h3":"8948e851d8fffff","count":1,"c3":0,"c6":0,"c12":1,"c24":1,"score":0.5,"risk":2,"peakDay":"Saturday","peakTime":"night","hood":"South Harrison","bk12":{"morning":0,"afternoon":0,"evening":0,"night":1},"bk24":{"morning":0,"afternoon":0,"evening":0,"night":1},"recent":[{"d":"2025-08-30","day":"Sat","time":"02:06","desc":"Aggravated Assault - Domestic Violence (DV)","res":""}]}},{"type":"Feature","geometry":{"type":"Polygon","coordinates":[[[-110.82156826212633,32.23075203289472],[-110.82032743921218,32.23240849003314],[-110.82141097146746,32.23413022442585],[-110.82373536001441,32.23419548151671],[-110.82497614811865,32.23253900720398],[-110.82389258248877,32.23081729297476],[-110.82156826212633,32.23075203289472],[-110.82156826212633,32.23075203289472]]]},"properties":{"h3":"8948e850b6bffff","count":1,"c3":0,"c6":0,"c12":1,"c24":1,"score":0.5,"risk":2,"peakDay":"Saturday","peakTime":"morning","hood":"Carriage Park","bk12":{"morning":1,"afternoon":0,"evening":0,"night":0},"bk24":{"morning":1,"afternoon":0,"evening":0,"night":0},"recent":[{"d":"2025-08-30","day":"Sat","time":"06:08","desc":"Aggravated Assault - Domestic Violence (DV)","res":""}]}},{"type":"Feature","geometry":{"type":"Polygon","coordinates":[[[-110.8675934857771,32.21681463626168],[-110.8663535415527,32.21847159405919],[-110.86743756585402,32.22019300942738],[-110.86976156761813,32.22025744677701],[-110.87100147690597,32.21860047184444],[-110.86991741936919,32.21687907669739],[-110.8675934857771,32.21681463626168],[-110.8675934857771,32.21681463626168]]]},"properties":{"h3":"8948e8554cbffff","count":1,"c3":0,"c6":0,"c12":1,"c24":1,"score":0.5,"risk":2,"peakDay":"Saturday","peakTime":"afternoon","hood":"Loma Verde","bk12":{"morning":0,"afternoon":1,"evening":0,"night":0},"bk24":{"morning":0,"afternoon":1,"evening":0,"night":0},"recent":[{"d":"2025-08-30","day":"Sat","time":"15:14","desc":"Aggravated Assault - Other","res":""}]}},{"type":"Feature","geometry":{"type":"Polygon","coordinates":[[[-110.77165714911828,32.10413981029451],[-110.77041689268404,32.105796719850744],[-110.77149856584107,32.10752003924084],[-110.77382052887872,32.10758642889268],[-110.7750607507253,32.10592950204046],[-110.77397904412479,32.10420620283247],[-110.77165714911828,32.10413981029451],[-110.77165714911828,32.10413981029451]]]},"properties":{"h3":"8948e85224bffff","count":1,"c3":0,"c6":0,"c12":1,"c24":1,"score":0.5,"risk":2,"peakDay":"Sunday","peakTime":"evening","hood":"Mesquite Ranch","bk12":{"morning":0,"afternoon":0,"evening":1,"night":0},"bk24":{"morning":0,"afternoon":0,"evening":1,"night":0},"recent":[{"d":"2025-08-31","day":"Sun","time":"18:30","desc":"Robbery - Highway","res":""}]}},{"type":"Feature","geometry":{"type":"Polygon","coordinates":[[[-110.86866318516154,32.26926997295786],[-110.86742269587603,32.27092656878581],[-110.8685072259963,32.272647510167026],[-110.87083227866756,32.27271183552815],[-110.87207273298169,32.27105522259537],[-110.87098816959887,32.26933430140636],[-110.86866318516154,32.26926997295786],[-110.86866318516154,32.26926997295786]]]},"properties":{"h3":"8948e855357ffff","count":1,"c3":0,"c6":0,"c12":1,"c24":1,"score":0.5,"risk":2,"peakDay":"Monday","peakTime":"night","hood":"","bk12":{"morning":0,"afternoon":0,"evening":0,"night":1},"bk24":{"morning":0,"afternoon":0,"evening":0,"night":1},"recent":[{"d":"2025-09-01","day":"Mon","time":"01:12","desc":"Aggravated Assault - Other","res":""}]}},{"type":"Feature","geometry":{"type":"Polygon","coordinates":[[[-110.82434732095189,32.24605132659974],[-110.82310637804716,32.24770769965785],[-110.82419009114466,32.249429272358924],[-110.82651478052532,32.249494451844235],[-110.82775568860275,32.24783806162316],[-110.82667194212975,32.24611650907981],[-110.82434732095189,32.24605132659974],[-110.82434732095189,32.24605132659974]]]},"properties":{"h3":"8948e84250bffff","count":3,"c3":0,"c6":0,"c12":3,"c24":3,"score":1.5,"risk":7,"peakDay":"Monday","peakTime":"afternoon","hood":"","bk12":{"morning":0,"afternoon":3,"evening":0,"night":0},"bk24":{"morning":0,"afternoon":3,"evening":0,"night":0},"recent":[{"d":"2025-09-01","day":"Mon","time":"13:23","desc":"Aggravated Assault - Domestic Violence (DV)","res":""},{"d":"2025-09-01","day":"Mon","time":"13:23","desc":"Aggravated Assault - Domestic Violence (DV)","res":""},{"d":"2025-09-01","day":"Mon","time":"13:23","desc":"Aggravated Assault - Domestic Violence (DV)","res":""}]}},{"type":"Feature","geometry":{"type":"Polygon","coordinates":[[[-110.89764844833343,32.246395085950724],[-110.89640866437361,32.24805209690234],[-110.89749337158665,32.24977296185697],[-110.89981789592919,32.24983679562356],[-110.90105764484646,32.24817976758407],[-110.89997290446665,32.24645892286595],[-110.89764844833343,32.246395085950724],[-110.89764844833343,32.246395085950724]]]},"properties":{"h3":"8948e85556fffff","count":1,"c3":0,"c6":0,"c12":1,"c24":1,"score":0.5,"risk":2,"peakDay":"Wednesday","peakTime":"morning","hood":"Garden District","bk12":{"morning":1,"afternoon":0,"evening":0,"night":0},"bk24":{"morning":1,"afternoon":0,"evening":0,"night":0},"recent":[{"d":"2025-09-03","day":"Wed","time":"11:30","desc":"Aggravated Assault - Domestic Violence (DV)","res":""}]}},{"type":"Feature","geometry":{"type":"Polygon","coordinates":[[[-110.80024193717918,32.16417820178861],[-110.79900148992652,32.16583494156483],[-110.80008411084789,32.16755746485704],[-110.80240721242176,32.16762322819449],[-110.80364762496707,32.165966471185065],[-110.8025649706488,32.16424396807147],[-110.80024193717918,32.16417820178861],[-110.80024193717918,32.16417820178861]]]},"properties":{"h3":"8948e850147ffff","count":1,"c3":0,"c6":0,"c12":1,"c24":1,"score":0.5,"risk":2,"peakDay":"Thursday","peakTime":"evening","hood":"","bk12":{"morning":0,"afternoon":0,"evening":1,"night":0},"bk24":{"morning":0,"afternoon":0,"evening":1,"night":0},"recent":[{"d":"2025-09-04","day":"Thu","time":"18:57","desc":"Aggravated Assault - Other","res":""}]}},{"type":"Feature","geometry":{"type":"Polygon","coordinates":[[[-110.91732194281035,32.19788794836798],[-110.91608299066763,32.199545472432845],[-110.91716750881416,32.201266576021865],[-110.91949101218924,32.20133013526058],[-110.92072992926116,32.19967259410106],[-110.9196453780317,32.19795151079756],[-110.91732194281035,32.19788794836798],[-110.91732194281035,32.19788794836798]]]},"properties":{"h3":"8948e857153ffff","count":1,"c3":0,"c6":0,"c12":1,"c24":1,"score":0.5,"risk":2,"peakDay":"Friday","peakTime":"night","hood":"Julia Keen","bk12":{"morning":0,"afternoon":0,"evening":0,"night":1},"bk24":{"morning":0,"afternoon":0,"evening":0,"night":1},"recent":[{"d":"2025-09-05","day":"Fri","time":"00:22","desc":"Aggravated Assault - Domestic Violence (DV)","res":""}]}},{"type":"Feature","geometry":{"type":"Polygon","coordinates":[[[-110.96825425835014,32.15190837336533],[-110.96701660774853,32.15356666068362],[-110.9681013809626,32.15528767716196],[-110.9704238376927,32.15535038595533],[-110.97166145310247,32.153692081569126],[-110.97057664697685,32.15197108545752],[-110.96825425835014,32.15190837336533],[-110.96825425835014,32.15190837336533]]]},"properties":{"h3":"8948e856453ffff","count":2,"c3":0,"c6":0,"c12":2,"c24":2,"score":1.1,"risk":5,"peakDay":"Friday","peakTime":"night","hood":"Sunnyside","bk12":{"morning":0,"afternoon":0,"evening":1,"night":1},"bk24":{"morning":0,"afternoon":0,"evening":1,"night":1},"recent":[{"d":"2025-11-13","day":"Thu","time":"18:41","desc":"Robbery - Residence","res":""},{"d":"2025-09-05","day":"Fri","time":"04:00","desc":"Aggravated Assault - Other","res":""}]}},{"type":"Feature","geometry":{"type":"Polygon","coordinates":[[[-110.99216616508836,32.24050168182047],[-110.99092794849447,32.24215955582242],[-110.99201387331993,32.24387956031137],[-110.99433804763584,32.24394167045728],[-110.99557622891402,32.24228377946133],[-110.9944902711949,32.24056379531353],[-110.99216616508836,32.24050168182047],[-110.99216616508836,32.24050168182047]]]},"properties":{"h3":"8948e856a47ffff","count":1,"c3":0,"c6":0,"c12":1,"c24":1,"score":0.5,"risk":2,"peakDay":"Friday","peakTime":"afternoon","hood":"Barrio El Rio","bk12":{"morning":0,"afternoon":1,"evening":0,"night":0},"bk24":{"morning":0,"afternoon":1,"evening":0,"night":0},"recent":[{"d":"2025-09-05","day":"Fri","time":"12:38","desc":"Robbery - Highway","res":""}]}},{"type":"Feature","geometry":{"type":"Polygon","coordinates":[[[-110.96550109585596,32.21272771291248],[-110.96426275142377,32.21438555110537],[-110.96534805730391,32.21610605910859],[-110.96767174057311,32.216168708590324],[-110.9689100497845,32.21451085336055],[-110.96782471095038,32.21279036568599],[-110.96550109585596,32.21272771291248],[-110.96550109585596,32.21272771291248]]]},"properties":{"h3":"8948e8544a7ffff","count":1,"c3":0,"c6":0,"c12":1,"c24":1,"score":0.5,"risk":2,"peakDay":"Saturday","peakTime":"afternoon","hood":"Armory Park","bk12":{"morning":0,"afternoon":1,"evening":0,"night":0},"bk24":{"morning":0,"afternoon":1,"evening":0,"night":0},"recent":[{"d":"2025-09-06","day":"Sat","time":"15:42","desc":"Aggravated Assault - Other","res":""}]}},{"type":"Feature","geometry":{"type":"Polygon","coordinates":[[[-111.00990490656098,32.15640991389487],[-111.00866787148775,32.158068529938205],[-111.00975324619506,32.159789104563075],[-111.01207568877383,32.15985104273601],[-111.01331268853085,32.15819240967024],[-111.0122272810282,32.15647185545406],[-111.00990490656098,32.15640991389487],[-111.00990490656098,32.15640991389487]]]},"properties":{"h3":"8948e856597ffff","count":2,"c3":0,"c6":0,"c12":2,"c24":2,"score":1.1,"risk":5,"peakDay":"Saturday","peakTime":"evening","hood":"Enchanted Hills","bk12":{"morning":0,"afternoon":1,"evening":1,"night":0},"bk24":{"morning":0,"afternoon":1,"evening":1,"night":0},"recent":[{"d":"2025-11-20","day":"Thu","time":"14:10","desc":"Aggravated Assault - Domestic Violence (DV)","res":""},{"d":"2025-09-06","day":"Sat","time":"17:44","desc":"Aggravated Assault - Domestic Violence (DV)","res":""}]}},{"type":"Feature","geometry":{"type":"Polygon","coordinates":[[[-110.92026689330447,32.20980822266421],[-110.91902786043548,32.21146568857696],[-110.92011252991223,32.21318665877605],[-110.92243626534224,32.213250142780616],[-110.92367526312462,32.21159265978287],[-110.9225905605665,32.20987170986561],[-110.92026689330447,32.20980822266421],[-110.92026689330447,32.20980822266421]]]},"properties":{"h3":"8948e85716bffff","count":1,"c3":0,"c6":0,"c12":1,"c24":1,"score":0.5,"risk":2,"peakDay":"Sunday","peakTime":"morning","hood":"Julia Keen","bk12":{"morning":1,"afternoon":0,"evening":0,"night":0},"bk24":{"morning":1,"afternoon":0,"evening":0,"night":0},"recent":[{"d":"2025-09-07","day":"Sun","time":"07:17","desc":"Aggravated Assault - Other","res":""}]}},{"type":"Feature","geometry":{"type":"Polygon","coordinates":[[[-110.93172450996808,32.188132537529846],[-110.9304858910985,32.18979025515653],[-110.9315705119454,32.191511305817336],[-110.93389378470111,32.19157461854492],[-110.93513236846366,32.189916883832936],[-110.93404771458044,32.18819585347874],[-110.93172450996808,32.188132537529846],[-110.93172450996808,32.188132537529846]]]},"properties":{"h3":"8948e857193ffff","count":6,"c3":0,"c6":0,"c12":6,"c24":6,"score":3.4,"risk":15,"peakDay":"Sunday","peakTime":"morning","hood":"Las Vistas","bk12":{"morning":2,"afternoon":2,"evening":2,"night":0},"bk24":{"morning":2,"afternoon":2,"evening":2,"night":0},"recent":[{"d":"2025-12-04","day":"Thu","time":"19:25","desc":"Aggravated Assault - Domestic Violence (DV)","res":""},{"d":"2025-12-04","day":"Thu","time":"19:25","desc":"Aggravated Assault - Domestic Violence (DV)","res":""},{"d":"2025-09-28","day":"Sun","time":"15:22","desc":"Aggravated Assault - Domestic Violence (DV)","res":""},{"d":"2025-09-28","day":"Sun","time":"15:22","desc":"Aggravated Assault - Domestic Violence (DV)","res":""},{"d":"2025-09-07","day":"Sun","time":"10:05","desc":"Aggravated Assault - Other","res":""},{"d":"2025-09-07","day":"Sun","time":"10:05","desc":"Aggravated Assault - Other","res":""}]}},{"type":"Feature","geometry":{"type":"Polygon","coordinates":[[[-110.95435464770782,32.227647450405996],[-110.9531159662029,32.22930508696659],[-110.95420126196116,32.231025570817316],[-110.95652527222155,32.23108839779939],[-110.95776391852925,32.22943074419873],[-110.9566785897767,32.22771028065612],[-110.95435464770782,32.227647450405996],[-110.95435464770782,32.227647450405996]]]},"properties":{"h3":"8948e854083ffff","count":1,"c3":0,"c6":0,"c12":1,"c24":1,"score":0.5,"risk":2,"peakDay":"Sunday","peakTime":"morning","hood":"West University","bk12":{"morning":1,"afternoon":0,"evening":0,"night":0},"bk24":{"morning":1,"afternoon":0,"evening":0,"night":0},"recent":[{"d":"2025-09-07","day":"Sun","time":"11:45","desc":"Aggravated Assault - Peace Officer (Non-Serious Injury)","res":""}]}},{"type":"Feature","geometry":{"type":"Polygon","coordinates":[[[-111.08157433363448,32.34935602932285],[-111.08033638069925,32.35101390588842],[-111.08142452825194,32.35273207022844],[-111.08375066144234,32.35279233762935],[-111.08498857873363,32.35113444422213],[-111.08390039848133,32.349416300255726],[-111.08157433363448,32.34935602932285],[-111.08157433363448,32.34935602932285]]]},"properties":{"h3":"8948e809cdbffff","count":1,"c3":0,"c6":0,"c12":1,"c24":1,"score":0.5,"risk":2,"peakDay":"Sunday","peakTime":"evening","hood":"Flowing Wells","bk12":{"morning":0,"afternoon":0,"evening":1,"night":0},"bk24":{"morning":0,"afternoon":0,"evening":1,"night":0},"recent":[{"d":"2025-09-07","day":"Sun","time":"19:59","desc":"Aggravated Assault - Other","res":""}]}},{"type":"Feature","geometry":{"type":"Polygon","coordinates":[[[-110.84483605409727,32.18065895386483],[-110.8435961361974,32.18231596753727],[-110.84467951462952,32.18403791930122],[-110.8470028442439,32.18410283717546],[-110.84824272729571,32.18244580632451],[-110.8471593155841,32.180723874777925],[-110.84483605409727,32.18065895386483],[-110.84483605409727,32.18065895386483]]]},"properties":{"h3":"8948e850dcbffff","count":2,"c3":0,"c6":0,"c12":2,"c24":2,"score":1,"risk":5,"peakDay":"Monday","peakTime":"morning","hood":"Stella Mann","bk12":{"morning":2,"afternoon":0,"evening":0,"night":0},"bk24":{"morning":2,"afternoon":0,"evening":0,"night":0},"recent":[{"d":"2025-09-08","day":"Mon","time":"10:50","desc":"Aggravated Assault - Domestic Violence (DV)","res":""},{"d":"2025-09-08","day":"Mon","time":"10:50","desc":"Aggravated Assault - Domestic Violence (DV)","res":""}]}},{"type":"Feature","geometry":{"type":"Polygon","coordinates":[[[-110.90725712106786,32.265259590354205],[-110.90601728768702,32.26691655145388],[-110.9071023014001,32.268637156673115],[-110.9094271816471,32.26870078055676],[-110.9106669799458,32.26704380238954],[-110.90958193308255,32.2653232174063],[-110.90725712106786,32.265259590354205],[-110.90725712106786,32.265259590354205]]]},"properties":{"h3":"8948e855123ffff","count":1,"c3":0,"c6":0,"c12":1,"c24":1,"score":0.5,"risk":2,"peakDay":"Monday","peakTime":"night","hood":"","bk12":{"morning":0,"afternoon":0,"evening":0,"night":1},"bk24":{"morning":0,"afternoon":0,"evening":0,"night":1},"recent":[{"d":"2025-09-08","day":"Mon","time":"23:41","desc":"Aggravated Assault - Other","res":""}]}},{"type":"Feature","geometry":{"type":"Polygon","coordinates":[[[-110.99262298688346,32.230367725057356],[-110.99138488597127,32.23202567434629],[-110.99247072186937,32.233745764171175],[-110.99479469156914,32.23380788435972],[-110.99603275717048,32.23214991807163],[-110.99494688838581,32.23042984859421],[-110.99262298688346,32.230367725057356],[-110.99262298688346,32.230367725057356]]]},"properties":{"h3":"8948e856ac3ffff","count":2,"c3":0,"c6":0,"c12":2,"c24":2,"score":1.1,"risk":5,"peakDay":"Wednesday","peakTime":"afternoon","hood":"Barrio Hollywood","bk12":{"morning":1,"afternoon":1,"evening":0,"night":0},"bk24":{"morning":1,"afternoon":1,"evening":0,"night":0},"recent":[{"d":"2025-11-27","day":"Thu","time":"06:39","desc":"Aggravated Assault - Other","res":""},{"d":"2025-09-10","day":"Wed","time":"16:44","desc":"Aggravated Assault - Other","res":""}]}},{"type":"Feature","geometry":{"type":"Polygon","coordinates":[[[-110.74799374442411,32.08822830094432],[-110.74675328484797,32.08988511421776],[-110.74783448875291,32.09160879707739],[-110.75015618573833,32.09167564649814],[-110.75139661080571,32.09001881589568],[-110.75031537339929,32.08829515320157],[-110.74799374442411,32.08822830094432],[-110.74799374442411,32.08822830094432]]]},"properties":{"h3":"8948e85355bffff","count":1,"c3":0,"c6":0,"c12":1,"c24":1,"score":0.5,"risk":2,"peakDay":"Thursday","peakTime":"morning","hood":"Rita Ranch","bk12":{"morning":1,"afternoon":0,"evening":0,"night":0},"bk24":{"morning":1,"afternoon":0,"evening":0,"night":0},"recent":[{"d":"2025-09-11","day":"Thu","time":"11:47","desc":"Aggravated Assault - Other","res":""}]}},{"type":"Feature","geometry":{"type":"Polygon","coordinates":[[[-110.96243862132376,32.280284463155546],[-110.96119950506582,32.28194179800947],[-110.96228540340184,32.28366173687882],[-110.96461045099996,32.28372432060782],[-110.96584953200494,32.2820669687513],[-110.9647636006677,32.28034705016845],[-110.96243862132376,32.280284463155546],[-110.96243862132376,32.280284463155546]]]},"properties":{"h3":"8948e855db7ffff","count":1,"c3":0,"c6":0,"c12":1,"c24":1,"score":0.5,"risk":2,"peakDay":"Thursday","peakTime":"afternoon","hood":"Limberlost","bk12":{"morning":0,"afternoon":1,"evening":0,"night":0},"bk24":{"morning":0,"afternoon":1,"evening":0,"night":0},"recent":[{"d":"2025-09-11","day":"Thu","time":"16:49","desc":"Aggravated Assault - Domestic Violence (DV)","res":""}]}},{"type":"Feature","geometry":{"type":"Polygon","coordinates":[[[-110.80405683185766,32.23195033335565],[-110.80281571893502,32.23360662866251],[-110.80389902520413,32.235328520361044],[-110.8062234778239,32.2353940966089],[-110.80746455598731,32.233737784110545],[-110.80638121629309,32.23201591255589],[-110.80405683185766,32.23195033335565],[-110.80405683185766,32.23195033335565]]]},"properties":{"h3":"8948e842403ffff","count":1,"c3":0,"c6":0,"c12":1,"c24":1,"score":0.5,"risk":2,"peakDay":"Friday","peakTime":"afternoon","hood":"","bk12":{"morning":0,"afternoon":1,"evening":0,"night":0},"bk24":{"morning":0,"afternoon":1,"evening":0,"night":0},"recent":[{"d":"2025-09-12","day":"Fri","time":"16:00","desc":"Robbery - Miscellaneous","res":""}]}},{"type":"Feature","geometry":{"type":"Polygon","coordinates":[[[-110.97699957384592,32.26714978925851],[-110.97576083027519,32.268807343614576],[-110.9768468012564,32.27052725840303],[-110.9791715487634,32.27058959852588],[-110.98041025704656,32.268932027174934],[-110.97932425311319,32.26721213269608],[-110.97699957384592,32.26714978925851],[-110.97699957384592,32.26714978925851]]]},"properties":{"h3":"8948e854e8fffff","count":1,"c3":0,"c6":0,"c12":1,"c24":1,"score":0.5,"risk":2,"peakDay":"Friday","peakTime":"evening","hood":"Amphi","bk12":{"morning":0,"afternoon":0,"evening":1,"night":0},"bk24":{"morning":0,"afternoon":0,"evening":1,"night":0},"recent":[{"d":"2025-09-12","day":"Fri","time":"17:10","desc":"Aggravated Assault - Other","res":""}]}},{"type":"Feature","geometry":{"type":"Polygon","coordinates":[[[-110.97496441193822,32.234967512503864],[-110.9737259803584,32.2366252763585],[-110.97481162202983,32.23834549628388],[-110.97713572822362,32.238407932028714],[-110.97837412454143,32.236750151159285],[-110.97728844993036,32.235029951559866],[-110.97496441193822,32.234967512503864],[-110.97496441193822,32.234967512503864]]]},"properties":{"h3":"8948e854567ffff","count":2,"c3":0,"c6":0,"c12":2,"c24":2,"score":1.1,"risk":5,"peakDay":"Friday","peakTime":"evening","hood":"Bronx Park","bk12":{"morning":0,"afternoon":0,"evening":1,"night":1},"bk24":{"morning":0,"afternoon":0,"evening":1,"night":1},"recent":[{"d":"2025-11-22","day":"Sat","time":"03:42","desc":"Aggravated Assault - Other","res":""},{"d":"2025-09-12","day":"Fri","time":"20:59","desc":"Aggravated Assault - Domestic Violence (DV)","res":""}]}},{"type":"Feature","geometry":{"type":"Polygon","coordinates":[[[-110.90338124072521,32.19750567727719],[-110.90214207119831,32.199163082782576],[-110.90322639781205,32.200884323973824],[-110.90554992707803,32.200948139388984],[-110.90678906157517,32.19929071677442],[-110.90570470183899,32.19756949585395],[-110.90338124072521,32.19750567727719],[-110.90338124072521,32.19750567727719]]]},"properties":{"h3":"8948e857067ffff","count":3,"c3":0,"c6":0,"c12":3,"c24":3,"score":1.8,"risk":8,"peakDay":"Saturday","peakTime":"morning","hood":"Roberts","bk12":{"morning":1,"afternoon":0,"evening":1,"night":1},"bk24":{"morning":1,"afternoon":0,"evening":1,"night":1},"recent":[{"d":"2025-12-24","day":"Wed","time":"21:41","desc":"Aggravated Assault - Domestic Violence (DV)","res":""},{"d":"2025-11-09","day":"Sun","time":"00:58","desc":"Aggravated Assault - Domestic Violence (DV)","res":""},{"d":"2025-09-13","day":"Sat","time":"05:28","desc":"Aggravated Assault - Domestic Violence (DV)","res":""}]}},{"type":"Feature","geometry":{"type":"Polygon","coordinates":[[[-110.98132611747218,32.24866627536935],[-110.98008764070269,32.250323997841484],[-110.98117349641923,32.25204403485201],[-110.98349786183745,32.252106329065604],[-110.98473630331797,32.250448589592814],[-110.98365041467216,32.24872857290716],[-110.98132611747218,32.24866627536935],[-110.98132611747218,32.24866627536935]]]},"properties":{"h3":"8948e8541abffff","count":3,"c3":0,"c6":0,"c12":3,"c24":3,"score":1.8,"risk":8,"peakDay":"Wednesday","peakTime":"afternoon","hood":"Miracle Manor","bk12":{"morning":1,"afternoon":2,"evening":0,"night":0},"bk24":{"morning":1,"afternoon":2,"evening":0,"night":0},"recent":[{"d":"2025-12-31","day":"Wed","time":"14:00","desc":"Aggravated Assault - Domestic Violence (DV)","res":""},{"d":"2025-12-31","day":"Wed","time":"14:00","desc":"Aggravated Assault - Domestic Violence (DV)","res":""},{"d":"2025-09-13","day":"Sat","time":"08:23","desc":"Aggravated Assault - Other","res":""}]}},{"type":"Feature","geometry":{"type":"Polygon","coordinates":[[[-110.89207217756822,32.21579993977798],[-110.89083263266956,32.21745711813188],[-110.89191697800824,32.21917830702264],[-110.89424090141358,32.21924229731147],[-110.89548041130456,32.21758510184698],[-110.89439603280074,32.21586393320431],[-110.89207217756822,32.21579993977798],[-110.89207217756822,32.21579993977798]]]},"properties":{"h3":"8948e85734fffff","count":1,"c3":0,"c6":0,"c12":1,"c24":1,"score":0.5,"risk":2,"peakDay":"Saturday","peakTime":"afternoon","hood":"Rosemont West","bk12":{"morning":0,"afternoon":1,"evening":0,"night":0},"bk24":{"morning":0,"afternoon":1,"evening":0,"night":0},"recent":[{"d":"2025-09-13","day":"Sat","time":"14:00","desc":"Aggravated Assault - Domestic Violence (DV)","res":""}]}},{"type":"Feature","geometry":{"type":"Polygon","coordinates":[[[-110.99801011981046,32.18823096172002],[-110.99677255522847,32.18988925309441],[-110.99785806841888,32.19160966290488],[-111.00018117904145,32.191671760963466],[-111.00141870832253,32.19001345257208],[-111.00033316228486,32.18829306313917],[-110.99801011981046,32.18823096172002],[-110.99801011981046,32.18823096172002]]]},"properties":{"h3":"8948e85611bffff","count":2,"c3":0,"c6":0,"c12":2,"c24":2,"score":1.1,"risk":5,"peakDay":"Sunday","peakTime":"morning","hood":"","bk12":{"morning":1,"afternoon":0,"evening":1,"night":0},"bk24":{"morning":1,"afternoon":0,"evening":1,"night":0},"recent":[{"d":"2025-11-13","day":"Thu","time":"21:48","desc":"Aggravated Assault - Other","res":""},{"d":"2025-09-14","day":"Sun","time":"07:45","desc":"Aggravated Assault - Peace Officer (Non-Serious Injury)","res":""}]}},{"type":"Feature","geometry":{"type":"Polygon","coordinates":[[[-110.78962445012603,32.09280557645714],[-110.78838459856769,32.094462721889485],[-110.78946640944268,32.096185968125354],[-110.79178810526481,32.09625204872079],[-110.7930279221896,32.09459488600435],[-110.79194607792866,32.092871659976645],[-110.78962445012603,32.09280557645714],[-110.78962445012603,32.09280557645714]]]},"properties":{"h3":"8948e852283ffff","count":1,"c3":0,"c6":0,"c12":1,"c24":1,"score":0.5,"risk":2,"peakDay":"Sunday","peakTime":"evening","hood":"Rita Ranch","bk12":{"morning":0,"afternoon":0,"evening":1,"night":0},"bk24":{"morning":0,"afternoon":0,"evening":1,"night":0},"recent":[{"d":"2025-09-14","day":"Sun","time":"18:30","desc":"Aggravated Assault - Domestic Violence (DV)","res":""}]}},{"type":"Feature","geometry":{"type":"Polygon","coordinates":[[[-110.89579058774522,32.210828269909754],[-110.8945511551055,32.21248551566213],[-110.8956355040649,32.214206712590205],[-110.89795931881862,32.214270643511036],[-110.89919871644275,32.21261338064911],[-110.89811433433164,32.21089220397598],[-110.89579058774522,32.210828269909754],[-110.89579058774522,32.210828269909754]]]},"properties":{"h3":"8948e857357ffff","count":2,"c3":0,"c6":0,"c12":2,"c24":2,"score":1.1,"risk":5,"peakDay":"Thursday","peakTime":"morning","hood":"Toumey Park","bk12":{"morning":1,"afternoon":0,"evening":0,"night":1},"bk24":{"morning":1,"afternoon":0,"evening":0,"night":1},"recent":[{"d":"2025-10-11","day":"Sat","time":"04:15","desc":"Aggravated Assault - Domestic Violence (DV)","res":""},{"d":"2025-09-18","day":"Thu","time":"09:59","desc":"Aggravated Assault - Other","res":""}]}},{"type":"Feature","geometry":{"type":"Polygon","coordinates":[[[-110.80064919877023,32.230162768597175],[-110.79940805109945,32.23181904670811],[-110.80049129446348,32.23354098681134],[-110.80281571893502,32.23360662866251],[-110.80405683185766,32.23195033335565],[-110.80297355505982,32.23022841339362],[-110.80064919877023,32.230162768597175],[-110.80064919877023,32.230162768597175]]]},"properties":{"h3":"8948e84241bffff","count":1,"c3":0,"c6":0,"c12":1,"c24":1,"score":0.5,"risk":2,"peakDay":"Thursday","peakTime":"afternoon","hood":"","bk12":{"morning":0,"afternoon":1,"evening":0,"night":0},"bk24":{"morning":0,"afternoon":1,"evening":0,"night":0},"recent":[{"d":"2025-09-18","day":"Thu","time":"13:44","desc":"Aggravated Assault - Other","res":""}]}},{"type":"Feature","geometry":{"type":"Polygon","coordinates":[[[-110.98264587513289,32.14214583700115],[-110.98140855792705,32.14380431670257],[-110.98249343313414,32.14552527982155],[-110.98481565841493,32.1455877428514],[-110.9860529403928,32.14392924609146],[-110.98496803232077,32.14220830336026],[-110.98264587513289,32.14214583700115],[-110.98264587513289,32.14214583700115]]]},"properties":{"h3":"8948e856493ffff","count":1,"c3":0,"c6":0,"c12":1,"c24":1,"score":0.5,"risk":2,"peakDay":"Thursday","peakTime":"evening","hood":"Sunnyside","bk12":{"morning":0,"afternoon":0,"evening":1,"night":0},"bk24":{"morning":0,"afternoon":0,"evening":1,"night":0},"recent":[{"d":"2025-09-18","day":"Thu","time":"17:12","desc":"Aggravated Assault - Domestic Violence (DV)","res":""}]}},{"type":"Feature","geometry":{"type":"Polygon","coordinates":[[[-110.94007784794864,32.15791113682823],[-110.93883968494127,32.15956913822432],[-110.93992413534933,32.16129037377754],[-110.9422467817629,32.16135358760172],[-110.94348490965714,32.159695569112046],[-110.94240042625383,32.15797435389185],[-110.94007784794864,32.15791113682823],[-110.94007784794864,32.15791113682823]]]},"properties":{"h3":"8948e8cdb37ffff","count":1,"c3":0,"c6":0,"c12":1,"c24":1,"score":0.5,"risk":2,"peakDay":"Friday","peakTime":"night","hood":"Cherry Avenue","bk12":{"morning":0,"afternoon":0,"evening":0,"night":1},"bk24":{"morning":0,"afternoon":0,"evening":0,"night":1},"recent":[{"d":"2025-09-19","day":"Fri","time":"00:12","desc":"Aggravated Assault - Other","res":""}]}},{"type":"Feature","geometry":{"type":"Polygon","coordinates":[[[-110.80348989617735,32.169345703261776],[-110.8022494449627,32.17100243516818],[-110.8033321581572,32.17272488217815],[-110.80565535595986,32.172790577102674],[-110.80689577245452,32.17113382796928],[-110.8058130258694,32.16941140113845],[-110.80348989617735,32.169345703261776],[-110.80348989617735,32.169345703261776]]]},"properties":{"h3":"8948e850163ffff","count":1,"c3":0,"c6":0,"c12":1,"c24":1,"score":0.5,"risk":2,"peakDay":"Friday","peakTime":"afternoon","hood":"","bk12":{"morning":0,"afternoon":1,"evening":0,"night":0},"bk24":{"morning":0,"afternoon":1,"evening":0,"night":0},"recent":[{"d":"2025-09-19","day":"Fri","time":"16:01","desc":"Aggravated Assault - Domestic Violence (DV)","res":""}]}},{"type":"Feature","geometry":{"type":"Polygon","coordinates":[[[-110.8943945076746,32.24123232890876],[-110.8931547273292,32.24288934800836],[-110.89423934224543,32.244610289973586],[-110.89656377068304,32.24467419260331],[-110.89780351599859,32.24301715640964],[-110.89671886790926,32.24129623468038],[-110.8943945076746,32.24123232890876],[-110.8943945076746,32.24123232890876]]]},"properties":{"h3":"8948e85557bffff","count":3,"c3":0,"c6":0,"c12":3,"c24":3,"score":1.6,"risk":7,"peakDay":"Saturday","peakTime":"night","hood":"Garden District","bk12":{"morning":0,"afternoon":0,"evening":1,"night":2},"bk24":{"morning":0,"afternoon":0,"evening":1,"night":2},"recent":[{"d":"2025-09-29","day":"Mon","time":"19:53","desc":"Aggravated Assault - Domestic Violence (DV)","res":""},{"d":"2025-09-20","day":"Sat","time":"22:19","desc":"Aggravated Assault - Domestic Violence (DV)","res":""},{"d":"2025-09-20","day":"Sat","time":"22:19","desc":"Aggravated Assault - Domestic Violence (DV)","res":""}]}},{"type":"Feature","geometry":{"type":"Polygon","coordinates":[[[-110.87534371430414,32.200115208642195],[-110.87410407180333,32.201772351643186],[-110.87518804447252,32.20349383955935],[-110.87751169284918,32.20355816423549],[-110.8787513004008,32.201901004098055],[-110.8776672945278,32.200179536421],[-110.87534371430414,32.200115208642195],[-110.87534371430414,32.200115208642195]]]},"properties":{"h3":"8948e85720bffff","count":2,"c3":0,"c6":0,"c12":2,"c24":2,"score":1.1,"risk":5,"peakDay":"Sunday","peakTime":"afternoon","hood":"Corbett","bk12":{"morning":0,"afternoon":2,"evening":0,"night":0},"bk24":{"morning":0,"afternoon":2,"evening":0,"night":0},"recent":[{"d":"2025-09-21","day":"Sun","time":"13:09","desc":"Aggravated Assault - Other","res":""},{"d":"2025-09-21","day":"Sun","time":"13:09","desc":"Aggravated Assault - Other","res":""}]}},{"type":"Feature","geometry":{"type":"Polygon","coordinates":[[[-110.95868345774362,32.20916108890949],[-110.95744504290306,32.21081889301512],[-110.95853022364088,32.21253949834246],[-110.96085385219358,32.21260227924084],[-110.96209223183548,32.210944458089315],[-110.96100701812624,32.20922387308538],[-110.95868345774362,32.20916108890949],[-110.95868345774362,32.20916108890949]]]},"properties":{"h3":"8948e8544bbffff","count":1,"c3":0,"c6":0,"c12":1,"c24":1,"score":0.5,"risk":2,"peakDay":"Wednesday","peakTime":"night","hood":"Millville","bk12":{"morning":0,"afternoon":0,"evening":0,"night":1},"bk24":{"morning":0,"afternoon":0,"evening":0,"night":1},"recent":[{"d":"2025-09-24","day":"Wed","time":"00:16","desc":"Aggravated Assault - Other","res":""}]}},{"type":"Feature","geometry":{"type":"Polygon","coordinates":[[[-110.81181784533861,32.21525524891736],[-110.81057703415527,32.216911730307324],[-110.81166028936887,32.218633694684776],[-110.8139843891621,32.2186991575105],[-110.81522516557347,32.21704265892765],[-110.81414187696646,32.215320714712036],[-110.81181784533861,32.21525524891736],[-110.81181784533861,32.21525524891736]]]},"properties":{"h3":"8948e850a23ffff","count":1,"c3":0,"c6":0,"c12":1,"c24":1,"score":0.5,"risk":2,"peakDay":"Thursday","peakTime":"morning","hood":"","bk12":{"morning":1,"afternoon":0,"evening":0,"night":0},"bk24":{"morning":1,"afternoon":0,"evening":0,"night":0},"recent":[{"d":"2025-09-25","day":"Thu","time":"05:39","desc":"Aggravated Assault - Domestic Violence (DV)","res":""}]}},{"type":"Feature","geometry":{"type":"Polygon","coordinates":[[[-110.94719906890533,32.1547213798728],[-110.94596105322782,32.1563794652428],[-110.94704556961536,32.15810066012522],[-110.94936813465648,32.1581637492952],[-110.95060611520198,32.15650564683717],[-110.94952156584127,32.15478447229725],[-110.94719906890533,32.1547213798728],[-110.94719906890533,32.1547213798728]]]},"properties":{"h3":"8948e8566d3ffff","count":1,"c3":0,"c6":0,"c12":1,"c24":1,"score":0.5,"risk":2,"peakDay":"Thursday","peakTime":"evening","hood":"Cherry Avenue","bk12":{"morning":0,"afternoon":0,"evening":1,"night":0},"bk24":{"morning":0,"afternoon":0,"evening":1,"night":0},"recent":[{"d":"2025-09-25","day":"Thu","time":"21:59","desc":"Robbery - Residence","res":""}]}},{"type":"Feature","geometry":{"type":"Polygon","coordinates":[[[-110.8483991599941,32.179066818835544],[-110.8471593155841,32.180723874777925],[-110.84824272729571,32.18244580632451],[-110.85056601668873,32.182510661706665],[-110.85180582624118,32.180853588588555],[-110.8507223812611,32.17913167726409],[-110.8483991599941,32.179066818835544],[-110.8483991599941,32.179066818835544]]]},"properties":{"h3":"8948e850dc3ffff","count":1,"c3":0,"c6":0,"c12":1,"c24":1,"score":0.5,"risk":2,"peakDay":"Thursday","peakTime":"night","hood":"Stella Mann","bk12":{"morning":0,"afternoon":0,"evening":0,"night":1},"bk24":{"morning":0,"afternoon":0,"evening":0,"night":1},"recent":[{"d":"2025-09-25","day":"Thu","time":"22:36","desc":"Aggravated Assault - Domestic Violence (DV)","res":""}]}},{"type":"Feature","geometry":{"type":"Polygon","coordinates":[[[-110.92507883593717,32.25729165906352],[-110.92383937125926,32.258948831848265],[-110.9249245506124,32.26066933584014],[-110.92724922774114,32.260732646787666],[-110.92848865728956,32.25907545694921],[-110.92740344484164,32.25735497321702],[-110.92507883593717,32.25729165906352],[-110.92507883593717,32.25729165906352]]]},"properties":{"h3":"8948e854267ffff","count":1,"c3":0,"c6":0,"c12":1,"c24":1,"score":0.5,"risk":2,"peakDay":"Friday","peakTime":"morning","hood":"Cabrini","bk12":{"morning":1,"afternoon":0,"evening":0,"night":0},"bk24":{"morning":1,"afternoon":0,"evening":0,"night":0},"recent":[{"d":"2025-09-26","day":"Fri","time":"09:58","desc":"Aggravated Assault - Domestic Violence (DV)","res":""}]}},{"type":"Feature","geometry":{"type":"Polygon","coordinates":[[[-110.94071846470374,32.22051313126358],[-110.93947964252042,32.22217069961896],[-110.9405646878231,32.22389137814667],[-110.94288858834106,32.22395446802146],[-110.94412737537138,32.22229688260803],[-110.94304229703958,32.22057622437792],[-110.94071846470374,32.22051313126358],[-110.94071846470374,32.22051313126358]]]},"properties":{"h3":"8948e8546b7ffff","count":3,"c3":0,"c6":0,"c12":3,"c24":3,"score":1.7,"risk":8,"peakDay":"Friday","peakTime":"morning","hood":"Sam Hughes","bk12":{"morning":3,"afternoon":0,"evening":0,"night":0},"bk24":{"morning":3,"afternoon":0,"evening":0,"night":0},"recent":[{"d":"2025-12-02","day":"Tue","time":"07:30","desc":"Robbery - Miscellaneous","res":""},{"d":"2025-10-23","day":"Thu","time":"07:04","desc":"Aggravated Assault - Other","res":""},{"d":"2025-09-26","day":"Fri","time":"10:51","desc":"Aggravated Assault - Other","res":""}]}},{"type":"Feature","geometry":{"type":"Polygon","coordinates":[[[-110.94941022694394,32.25964315239894],[-110.94817112425194,32.26130052020061],[-110.94925665348904,32.26302076841463],[-110.95158131844772,32.26308362854266],[-110.95282038593751,32.261426243713586],[-110.95173482367375,32.259706015783955],[-110.94941022694394,32.25964315239894],[-110.94941022694394,32.25964315239894]]]},"properties":{"h3":"8948e854303ffff","count":1,"c3":0,"c6":0,"c12":1,"c24":1,"score":0.5,"risk":2,"peakDay":"Friday","peakTime":"afternoon","hood":"Hedrick Acres","bk12":{"morning":0,"afternoon":1,"evening":0,"night":0},"bk24":{"morning":0,"afternoon":1,"evening":0,"night":0},"recent":[{"d":"2025-09-26","day":"Fri","time":"14:41","desc":"Aggravated Assault - Domestic Violence (DV)","res":""}]}},{"type":"Feature","geometry":{"type":"Polygon","coordinates":[[[-110.94443470659044,32.21554029167189],[-110.94319599673818,32.21719792728527],[-110.94428104547964,32.218918613858854],[-110.94660483709198,32.218981644514685],[-110.94784351178338,32.21732399184432],[-110.9467584300262,32.21560332557518],[-110.94443470659044,32.21554029167189],[-110.94443470659044,32.21554029167189]]]},"properties":{"h3":"8948e854447ffff","count":1,"c3":0,"c6":0,"c12":1,"c24":1,"score":0.5,"risk":2,"peakDay":"Friday","peakTime":"afternoon","hood":"Arroyo Chico","bk12":{"morning":0,"afternoon":1,"evening":0,"night":0},"bk24":{"morning":0,"afternoon":1,"evening":0,"night":0},"recent":[{"d":"2025-09-26","day":"Fri","time":"15:00","desc":"Robbery - Highway","res":""}]}},{"type":"Feature","geometry":{"type":"Polygon","coordinates":[[[-110.92259521382312,32.235240369498854],[-110.92135594577549,32.23689767651175],[-110.92244088492335,32.23861839971129],[-110.92476512521097,32.2386817956283],[-110.92600435814975,32.23702447154693],[-110.92491938591263,32.23530376861709],[-110.92259521382312,32.235240369498854],[-110.92259521382312,32.235240369498854]]]},"properties":{"h3":"8948e85466fffff","count":1,"c3":0,"c6":0,"c12":1,"c24":1,"score":0.5,"risk":2,"peakDay":"Saturday","peakTime":"night","hood":"Palo Verde ","bk12":{"morning":0,"afternoon":0,"evening":0,"night":1},"bk24":{"morning":0,"afternoon":0,"evening":0,"night":1},"recent":[{"d":"2025-09-27","day":"Sat","time":"04:35","desc":"Robbery - Convenience Stores","res":""}]}},{"type":"Feature","geometry":{"type":"Polygon","coordinates":[[[-110.77878119247747,32.10095858719382],[-110.77754108252415,32.10261558118626],[-110.7786228225571,32.10433886020735],[-110.78094470596768,32.1044051250444],[-110.78218478131436,32.10274811376143],[-110.78110300785995,32.10102485493203],[-110.77878119247747,32.10095858719382],[-110.77878119247747,32.10095858719382]]]},"properties":{"h3":"8948e852257ffff","count":2,"c3":0,"c6":0,"c12":2,"c24":2,"score":1.1,"risk":5,"peakDay":"Saturday","peakTime":"morning","hood":"Rita Ranch","bk12":{"morning":2,"afternoon":0,"evening":0,"night":0},"bk24":{"morning":2,"afternoon":0,"evening":0,"night":0},"recent":[{"d":"2025-09-27","day":"Sat","time":"05:26","desc":"Aggravated Assault - Domestic Violence (DV)","res":""},{"d":"2025-09-27","day":"Sat","time":"05:26","desc":"Aggravated Assault - Domestic Violence (DV)","res":""}]}},{"type":"Feature","geometry":{"type":"Polygon","coordinates":[[[-110.99247072186937,32.233745764171175],[-110.99123258239898,32.2354036883758],[-110.99231844793792,32.23712374976631],[-110.9946424858391,32.23718586660691],[-110.99588058999701,32.23552792540487],[-110.99479469156914,32.23380788435972],[-110.99247072186937,32.233745764171175],[-110.99247072186937,32.233745764171175]]]},"properties":{"h3":"8948e856acfffff","count":1,"c3":0,"c6":0,"c12":1,"c24":1,"score":0.5,"risk":2,"peakDay":"Saturday","peakTime":"evening","hood":"Barrio El Rio","bk12":{"morning":0,"afternoon":0,"evening":1,"night":0},"bk24":{"morning":0,"afternoon":0,"evening":1,"night":0},"recent":[{"d":"2025-09-27","day":"Sat","time":"17:49","desc":"Aggravated Assault - Domestic Violence (DV)","res":""}]}},{"type":"Feature","geometry":{"type":"Polygon","coordinates":[[[-110.84636482051273,32.22298949779225],[-110.84512447357324,32.22464622666069],[-110.84620826872296,32.226367791537896],[-110.84853244411453,32.22643260735202],[-110.84977275617601,32.224775861330244],[-110.8486889277268,32.22305431664776],[-110.84636482051273,32.22298949779225],[-110.84636482051273,32.22298949779225]]]},"properties":{"h3":"8948e8556d3ffff","count":1,"c3":0,"c6":0,"c12":1,"c24":1,"score":0.5,"risk":2,"peakDay":"Tuesday","peakTime":"afternoon","hood":"","bk12":{"morning":0,"afternoon":1,"evening":0,"night":0},"bk24":{"morning":0,"afternoon":1,"evening":0,"night":0},"recent":[{"d":"2025-09-30","day":"Tue","time":"13:29","desc":"Aggravated Assault - Other","res":""}]}},{"type":"Feature","geometry":{"type":"Polygon","coordinates":[[[-110.8596847762377,32.23689055043121],[-110.85844449154138,32.23854729738312],[-110.85952859694153,32.24026861164696],[-110.86185302031046,32.240333158757856],[-110.86309327008132,32.23867639467395],[-110.86200913141161,32.23695510061122],[-110.8596847762377,32.23689055043121],[-110.8596847762377,32.23689055043121]]]},"properties":{"h3":"8948e855633ffff","count":1,"c3":0,"c6":0,"c12":1,"c24":1,"score":0.5,"risk":2,"peakDay":"Tuesday","peakTime":"evening","hood":"","bk12":{"morning":0,"afternoon":0,"evening":1,"night":0},"bk24":{"morning":0,"afternoon":0,"evening":1,"night":0},"recent":[{"d":"2025-09-30","day":"Tue","time":"17:16","desc":"Robbery - Highway","res":""}]}},{"type":"Feature","geometry":{"type":"Polygon","coordinates":[[[-110.9778657210677,32.17077567486818],[-110.97662802197594,32.17243391386829],[-110.97771310102766,32.17415467195847],[-110.98003591206889,32.17421717068252],[-110.98127357592925,32.17255891463491],[-110.98018846398266,32.17083817691083],[-110.9778657210677,32.17077567486818],[-110.9778657210677,32.17077567486818]]]},"properties":{"h3":"8948e85608bffff","count":2,"c3":0,"c6":0,"c12":2,"c24":2,"score":1.1,"risk":5,"peakDay":"Wednesday","peakTime":"morning","hood":"Rose","bk12":{"morning":2,"afternoon":0,"evening":0,"night":0},"bk24":{"morning":2,"afternoon":0,"evening":0,"night":0},"recent":[{"d":"2025-11-02","day":"Sun","time":"05:04","desc":"Aggravated Assault - Other","res":""},{"d":"2025-10-01","day":"Wed","time":"05:00","desc":"Aggravated Assault - Other","res":""}]}},{"type":"Feature","geometry":{"type":"Polygon","coordinates":[[[-110.94330373584641,32.08693494368948],[-110.94206638190441,32.0885934655532],[-110.94315021198186,32.09031528972869],[-110.94547142894997,32.09037857166297],[-110.9467087478124,32.08872003266926],[-110.9456248847892,32.08699822887134],[-110.94330373584641,32.08693494368948],[-110.94330373584641,32.08693494368948]]]},"properties":{"h3":"8948e8cc237ffff","count":1,"c3":0,"c6":0,"c12":1,"c24":1,"score":0.5,"risk":2,"peakDay":"Wednesday","peakTime":"morning","hood":"","bk12":{"morning":1,"afternoon":0,"evening":0,"night":0},"bk24":{"morning":1,"afternoon":0,"evening":0,"night":0},"recent":[{"d":"2025-10-01","day":"Wed","time":"07:46","desc":"Aggravated Assault - Other","res":""}]}},{"type":"Feature","geometry":{"type":"Polygon","coordinates":[[[-110.84440383515846,32.11466096774856],[-110.84316461626901,32.11631843896709],[-110.84424737212237,32.11804097151448],[-110.84656938011095,32.118106012588505],[-110.84780856419326,32.11644852415409],[-110.84672577509703,32.11472601186161],[-110.84440383515846,32.11466096774856],[-110.84440383515846,32.11466096774856]]]},"properties":{"h3":"8948e852c5bffff","count":1,"c3":0,"c6":0,"c12":1,"c24":1,"score":0.5,"risk":2,"peakDay":"Wednesday","peakTime":"morning","hood":"","bk12":{"morning":1,"afternoon":0,"evening":0,"night":0},"bk24":{"morning":1,"afternoon":0,"evening":0,"night":0},"recent":[{"d":"2025-10-01","day":"Wed","time":"09:00","desc":"Aggravated Assault - Domestic Violence (DV)","res":""}]}},{"type":"Feature","geometry":{"type":"Polygon","coordinates":[[[-110.8626249979392,32.248810323224745],[-110.86138463215218,32.250467011463996],[-110.86246888894232,32.25218819211216],[-110.8647935447904,32.252252664323734],[-110.86603387563615,32.25059595896212],[-110.86494958557799,32.24887479851139],[-110.8626249979392,32.248810323224745],[-110.8626249979392,32.248810323224745]]]},"properties":{"h3":"8948e85504bffff","count":1,"c3":0,"c6":0,"c12":1,"c24":1,"score":0.5,"risk":2,"peakDay":"Thursday","peakTime":"morning","hood":"","bk12":{"morning":1,"afternoon":0,"evening":0,"night":0},"bk24":{"morning":1,"afternoon":0,"evening":0,"night":0},"recent":[{"d":"2025-10-02","day":"Thu","time":"07:30","desc":"Aggravated Assault - Other","res":""}]}},{"type":"Feature","geometry":{"type":"Polygon","coordinates":[[[-110.79850533942165,32.20134716862204],[-110.79726446665778,32.203003631659506],[-110.79834741144992,32.20472584581554],[-110.80067126243215,32.204791576778774],[-110.80191210047148,32.20313509652712],[-110.80082912225605,32.201412902526485],[-110.79850533942165,32.20134716862204],[-110.79850533942165,32.20134716862204]]]},"properties":{"h3":"8948e850ac3ffff","count":1,"c3":0,"c6":0,"c12":1,"c24":1,"score":0.5,"risk":2,"peakDay":"Friday","peakTime":"afternoon","hood":"","bk12":{"morning":0,"afternoon":1,"evening":0,"night":0},"bk24":{"morning":0,"afternoon":1,"evening":0,"night":0},"recent":[{"d":"2025-10-03","day":"Fri","time":"13:00","desc":"Aggravated Assault - Other","res":""}]}},{"type":"Feature","geometry":{"type":"Polygon","coordinates":[[[-111.00384875696541,32.13594751638093],[-111.00261184374732,32.137606222272105],[-111.0036969455795,32.1393270348701],[-111.00601899343366,32.13938912116293],[-111.00725587136564,32.13773039823164],[-111.00617073673246,32.136009606047715],[-111.00384875696541,32.13594751638093],[-111.00384875696541,32.13594751638093]]]},"properties":{"h3":"8948e8ccb8bffff","count":1,"c3":0,"c6":0,"c12":1,"c24":1,"score":0.5,"risk":2,"peakDay":"Friday","peakTime":"afternoon","hood":"Midvale Park","bk12":{"morning":0,"afternoon":1,"evening":0,"night":0},"bk24":{"morning":0,"afternoon":1,"evening":0,"night":0},"recent":[{"d":"2025-10-03","day":"Fri","time":"16:53","desc":"Aggravated Assault - Domestic Violence (DV)","res":""}]}},{"type":"Feature","geometry":{"type":"Polygon","coordinates":[[[-110.92012486642638,32.289282411419684],[-110.91888498019154,32.29093931409597],[-110.91997039282397,32.29265958175896],[-110.92229572482137,32.292722926509725],[-110.92353557592178,32.29106600679238],[-110.92245013016213,32.289345759365396],[-110.92012486642638,32.289282411419684],[-110.92012486642638,32.289282411419684]]]},"properties":{"h3":"8948e8558c7ffff","count":1,"c3":0,"c6":0,"c12":1,"c24":1,"score":0.5,"risk":2,"peakDay":"Saturday","peakTime":"afternoon","hood":"Blenman-Elm","bk12":{"morning":0,"afternoon":1,"evening":0,"night":0},"bk24":{"morning":0,"afternoon":1,"evening":0,"night":0},"recent":[{"d":"2025-10-04","day":"Sat","time":"16:00","desc":"Robbery - Miscellaneous","res":""}]}},{"type":"Feature","geometry":{"type":"Polygon","coordinates":[[[-110.96266439776261,32.12130377656315],[-110.96142698495841,32.12296222813425],[-110.96251139666022,32.12468356632461],[-110.9648332540792,32.124746432565495],[-110.96607063172642,32.12308796390362],[-110.96498618711452,32.121366646091694],[-110.96266439776261,32.12130377656315],[-110.96266439776261,32.12130377656315]]]},"properties":{"h3":"8948e8cdd33ffff","count":2,"c3":0,"c6":0,"c12":2,"c24":2,"score":1.2,"risk":5,"peakDay":"Monday","peakTime":"night","hood":"Barrio Nopal","bk12":{"morning":1,"afternoon":0,"evening":0,"night":1},"bk24":{"morning":1,"afternoon":0,"evening":0,"night":1},"recent":[{"d":"2025-12-18","day":"Thu","time":"10:25","desc":"Aggravated Assault - Other","res":""},{"d":"2025-10-06","day":"Mon","time":"02:41","desc":"Aggravated Assault - Domestic Violence (DV)","res":""}]}},{"type":"Feature","geometry":{"type":"Polygon","coordinates":[[[-110.91500448318473,32.24856175327887],[-110.91376495181859,32.25021890011489],[-110.91484991348788,32.25193957862716],[-110.91717443964473,32.252003090049584],[-110.91841393591615,32.25034592614469],[-110.91732894112837,32.24862526788631],[-110.91500448318473,32.24856175327887],[-110.91500448318473,32.24856175327887]]]},"properties":{"h3":"8948e854243ffff","count":3,"c3":0,"c6":0,"c12":3,"c24":3,"score":1.8,"risk":8,"peakDay":"Monday","peakTime":"morning","hood":"Dodge Flower","bk12":{"morning":2,"afternoon":0,"evening":0,"night":1},"bk24":{"morning":2,"afternoon":0,"evening":0,"night":1},"recent":[{"d":"2025-12-23","day":"Tue","time":"03:45","desc":"Aggravated Assault - Other","res":""},{"d":"2025-11-17","day":"Mon","time":"11:38","desc":"Aggravated Assault - Other","res":""},{"d":"2025-10-06","day":"Mon","time":"06:11","desc":"Robbery - Miscellaneous","res":""}]}},{"type":"Feature","geometry":{"type":"Polygon","coordinates":[[[-110.84467951462952,32.18403791930122],[-110.84343955808387,32.18569490787261],[-110.84452296599933,32.1874168314949],[-110.84684636374527,32.187481746330626],[-110.84808628544128,32.18582474058248],[-110.8470028442439,32.18410283717546],[-110.84467951462952,32.18403791930122],[-110.84467951462952,32.18403791930122]]]},"properties":{"h3":"8948e850d53ffff","count":1,"c3":0,"c6":0,"c12":1,"c24":1,"score":0.6,"risk":2,"peakDay":"Tuesday","peakTime":"morning","hood":"Stella Mann","bk12":{"morning":1,"afternoon":0,"evening":0,"night":0},"bk24":{"morning":1,"afternoon":0,"evening":0,"night":0},"recent":[{"d":"2025-10-07","day":"Tue","time":"10:00","desc":"Aggravated Assault - Domestic Violence (DV)","res":""}]}},{"type":"Feature","geometry":{"type":"Polygon","coordinates":[[[-110.91159512076293,32.246777466008844],[-110.91035555431316,32.248434595771506],[-110.91144045327593,32.250155322950135],[-110.91376495181859,32.25021890011489],[-110.91500448318473,32.24856175327887],[-110.91391955109475,32.2468410463515],[-110.91159512076293,32.246777466008844],[-110.91159512076293,32.246777466008844]]]},"properties":{"h3":"8948e85425bffff","count":1,"c3":0,"c6":0,"c12":1,"c24":1,"score":0.6,"risk":2,"peakDay":"Tuesday","peakTime":"afternoon","hood":"Palo Verde ","bk12":{"morning":0,"afternoon":1,"evening":0,"night":0},"bk24":{"morning":0,"afternoon":1,"evening":0,"night":0},"recent":[{"d":"2025-10-07","day":"Tue","time":"12:08","desc":"Aggravated Assault - Domestic Violence (DV)","res":""}]}},{"type":"Feature","geometry":{"type":"Polygon","coordinates":[[[-111.0025486150636,32.24246979430965],[-111.00131054300809,32.24412774439225],[-111.00239662578828,32.24584763091089],[-111.00472081349204,32.24590954699592],[-111.00595885020034,32.2442515799311],[-111.00487273455502,32.24253171376356],[-111.0025486150636,32.24246979430965],[-111.0025486150636,32.24246979430965]]]},"properties":{"h3":"8948e856a3bffff","count":1,"c3":0,"c6":0,"c12":1,"c24":1,"score":0.6,"risk":2,"peakDay":"Tuesday","peakTime":"evening","hood":"Silvercroft","bk12":{"morning":0,"afternoon":0,"evening":1,"night":0},"bk24":{"morning":0,"afternoon":0,"evening":1,"night":0},"recent":[{"d":"2025-10-07","day":"Tue","time":"17:48","desc":"Aggravated Assault - Domestic Violence (DV)","res":""}]}},{"type":"Feature","geometry":{"type":"Polygon","coordinates":[[[-110.97664451056855,32.19780616266323],[-110.97540650316526,32.19946420210142],[-110.97649181903947,32.20118473407793],[-110.97881517523355,32.20124720626715],[-110.98005314739257,32.19958914979526],[-110.97896779860467,32.19786863816792],[-110.97664451056855,32.19780616266323],[-110.97664451056855,32.19780616266323]]]},"properties":{"h3":"8948e856313ffff","count":2,"c3":0,"c6":0,"c12":2,"c24":2,"score":1.1,"risk":5,"peakDay":"Wednesday","peakTime":"evening","hood":"Barrio Santa Cruz","bk12":{"morning":0,"afternoon":0,"evening":2,"night":0},"bk24":{"morning":0,"afternoon":0,"evening":2,"night":0},"recent":[{"d":"2025-11-08","day":"Sat","time":"19:00","desc":"Robbery - Highway","res":""},{"d":"2025-10-08","day":"Wed","time":"18:49","desc":"Aggravated Assault - Other","res":""}]}},{"type":"Feature","geometry":{"type":"Polygon","coordinates":[[[-110.9687128368391,32.141770144137126],[-110.96747530180116,32.14342850595187],[-110.96855998628762,32.14514960683058],[-110.97088223871941,32.14521232552155],[-110.9721197385703,32.143553946633695],[-110.97103502117936,32.14183286612806],[-110.9687128368391,32.141770144137126],[-110.9687128368391,32.141770144137126]]]},"properties":{"h3":"8948e8cd9a7ffff","count":1,"c3":0,"c6":0,"c12":1,"c24":1,"score":0.6,"risk":2,"peakDay":"Wednesday","peakTime":"evening","hood":"Sunnyside","bk12":{"morning":0,"afternoon":0,"evening":1,"night":0},"bk24":{"morning":0,"afternoon":0,"evening":1,"night":0},"recent":[{"d":"2025-10-08","day":"Wed","time":"19:32","desc":"Aggravated Assault - Domestic Violence (DV)","res":""}]}},{"type":"Feature","geometry":{"type":"Polygon","coordinates":[[[-110.91345042432427,32.20623900575205],[-110.91221132131517,32.20789643748134],[-110.9132958654787,32.20961750481241],[-110.91561954575295,32.20968112013771],[-110.91685861369753,32.20802367131445],[-110.91577403643524,32.20630262425993],[-110.91345042432427,32.20623900575205],[-110.91345042432427,32.20623900575205]]]},"properties":{"h3":"8948e8573b3ffff","count":3,"c3":0,"c6":0,"c12":3,"c24":3,"score":1.7,"risk":7,"peakDay":"Thursday","peakTime":"morning","hood":"Julia Keen","bk12":{"morning":3,"afternoon":0,"evening":0,"night":0},"bk24":{"morning":3,"afternoon":0,"evening":0,"night":0},"recent":[{"d":"2025-10-09","day":"Thu","time":"10:18","desc":"Aggravated Assault - Domestic Violence (DV)","res":""},{"d":"2025-10-09","day":"Thu","time":"10:18","desc":"Aggravated Assault - Other","res":""},{"d":"2025-10-09","day":"Thu","time":"10:18","desc":"Aggravated Assault - Other","res":""}]}},{"type":"Feature","geometry":{"type":"Polygon","coordinates":[[[-110.97201339869832,32.2230503917728],[-110.9707750475854,32.22470821389825],[-110.97186053782154,32.226428567779735],[-110.97418441211477,32.22649107920615],[-110.97542272798155,32.22483324005624],[-110.97433720480414,32.22311290650443],[-110.97201339869832,32.2230503917728],[-110.97201339869832,32.2230503917728]]]},"properties":{"h3":"8948e85451bffff","count":2,"c3":0,"c6":0,"c12":2,"c24":2,"score":1.2,"risk":5,"peakDay":"Thursday","peakTime":"afternoon","hood":"El Presidio","bk12":{"morning":0,"afternoon":1,"evening":1,"night":0},"bk24":{"morning":0,"afternoon":1,"evening":1,"night":0},"recent":[{"d":"2025-12-18","day":"Thu","time":"17:10","desc":"Aggravated Assault - Drive-By","res":""},{"d":"2025-10-09","day":"Thu","time":"12:39","desc":"Robbery - Highway","res":""}]}},{"type":"Feature","geometry":{"type":"Polygon","coordinates":[[[-110.96584953200494,32.2820669687513],[-110.96461045099996,32.28372432060782],[-110.96569641197908,32.28544421062124],[-110.9680214869586,32.28550672848911],[-110.96926053269956,32.2838493596345],[-110.96817453872794,32.28212948991018],[-110.96584953200494,32.2820669687513],[-110.96584953200494,32.2820669687513]]]},"properties":{"h3":"8948e854e6bffff","count":2,"c3":0,"c6":0,"c12":2,"c24":2,"score":1.2,"risk":5,"peakDay":"Thursday","peakTime":"afternoon","hood":"Pie Allen","bk12":{"morning":0,"afternoon":2,"evening":0,"night":0},"bk24":{"morning":0,"afternoon":2,"evening":0,"night":0},"recent":[{"d":"2025-12-28","day":"Sun","time":"16:57","desc":"Aggravated Assault - Other","res":""},{"d":"2025-10-09","day":"Thu","time":"15:05","desc":"Robbery - Highway","res":""}]}},{"type":"Feature","geometry":{"type":"Polygon","coordinates":[[[-110.954166546395,32.15491052926793],[-110.95292863953208,32.15656867369154],[-110.95401325142134,32.158289799742256],[-110.95633580312985,32.158352761019565],[-110.95757367484023,32.156694599515205],[-110.95648902999754,32.15497349381437],[-110.954166546395,32.15491052926793],[-110.954166546395,32.15491052926793]]]},"properties":{"h3":"8948e85669bffff","count":1,"c3":0,"c6":0,"c12":1,"c24":1,"score":0.6,"risk":2,"peakDay":"Friday","peakTime":"morning","hood":"Cherry Avenue","bk12":{"morning":1,"afternoon":0,"evening":0,"night":0},"bk24":{"morning":1,"afternoon":0,"evening":0,"night":0},"recent":[{"d":"2025-10-10","day":"Fri","time":"05:33","desc":"Aggravated Assault - Peace Officer (Non-Serious Injury)","res":""}]}},{"type":"Feature","geometry":{"type":"Polygon","coordinates":[[[-110.76982581835851,32.21744805704837],[-110.76858431972427,32.21910415489184],[-110.76966702616517,32.22082650193324],[-110.77199126475742,32.22089273101615],[-110.77323272874169,32.219236615938314],[-110.77214998878661,32.217514289012],[-110.76982581835851,32.21744805704837],[-110.76982581835851,32.21744805704837]]]},"properties":{"h3":"8948e851953ffff","count":2,"c3":0,"c6":0,"c12":2,"c24":2,"score":1.1,"risk":5,"peakDay":"Friday","peakTime":"morning","hood":"Houghton East","bk12":{"morning":1,"afternoon":0,"evening":0,"night":1},"bk24":{"morning":1,"afternoon":0,"evening":0,"night":1},"recent":[{"d":"2025-11-14","day":"Fri","time":"00:37","desc":"Robbery - Commercial House","res":""},{"d":"2025-10-10","day":"Fri","time":"08:49","desc":"Robbery - Miscellaneous","res":""}]}},{"type":"Feature","geometry":{"type":"Polygon","coordinates":[[[-110.98005314739257,32.19958914979526],[-110.97881517523355,32.20124720626715],[-110.97990055363378,32.20296768958307],[-110.9822239371009,32.20303009607537],[-110.98346187400458,32.20137202257429],[-110.98237646269936,32.19965155961016],[-110.98005314739257,32.19958914979526],[-110.98005314739257,32.19958914979526]]]},"properties":{"h3":"8948e856317ffff","count":1,"c3":0,"c6":0,"c12":1,"c24":1,"score":0.6,"risk":2,"peakDay":"Saturday","peakTime":"night","hood":"Barrio Santa Cruz","bk12":{"morning":0,"afternoon":0,"evening":0,"night":1},"bk24":{"morning":0,"afternoon":0,"evening":0,"night":1},"recent":[{"d":"2025-10-11","day":"Sat","time":"04:00","desc":"Robbery - Carjacking","res":""}]}},{"type":"Feature","geometry":{"type":"Polygon","coordinates":[[[-111.00808439615768,32.19695669731386],[-111.00684689899064,32.198615014781986],[-111.00793262922383,32.20033525020187],[-111.01025588945049,32.20039714777039],[-111.01149335128187,32.19873881330051],[-111.01040758822518,32.197018598263924],[-111.00808439615768,32.19695669731386],[-111.00808439615768,32.19695669731386]]]},"properties":{"h3":"8948e856123ffff","count":1,"c3":0,"c6":0,"c12":1,"c24":1,"score":0.6,"risk":2,"peakDay":"Saturday","peakTime":"afternoon","hood":"A Mountain","bk12":{"morning":0,"afternoon":1,"evening":0,"night":0},"bk24":{"morning":0,"afternoon":1,"evening":0,"night":0},"recent":[{"d":"2025-10-11","day":"Sat","time":"12:00","desc":"Aggravated Assault - Other","res":""}]}},{"type":"Feature","geometry":{"type":"Polygon","coordinates":[[[-110.93205264952675,32.257481473196925],[-110.93081329374489,32.25913870533245],[-110.93189856887561,32.26085914034095],[-110.93422323286603,32.26092232294694],[-110.93546255349781,32.259265073764986],[-110.93437724529214,32.25754465902354],[-110.93205264952675,32.257481473196925],[-110.93205264952675,32.257481473196925]]]},"properties":{"h3":"8948e85422fffff","count":1,"c3":0,"c6":0,"c12":1,"c24":1,"score":0.6,"risk":2,"peakDay":"Sunday","peakTime":"night","hood":"La Madera","bk12":{"morning":0,"afternoon":0,"evening":0,"night":1},"bk24":{"morning":0,"afternoon":0,"evening":0,"night":1},"recent":[{"d":"2025-10-12","day":"Sun","time":"03:55","desc":"Aggravated Assault - Other","res":""}]}},{"type":"Feature","geometry":{"type":"Polygon","coordinates":[[[-110.96569641197908,32.28544421062124],[-110.96445729235943,32.28710153719013],[-110.96554328298203,32.28882139862322],[-110.96786842622205,32.28888391320047],[-110.96910751057607,32.287226569635195],[-110.9680214869586,32.28550672848911],[-110.96569641197908,32.28544421062124],[-110.96569641197908,32.28544421062124]]]},"properties":{"h3":"8948e854ad3ffff","count":1,"c3":0,"c6":0,"c12":1,"c24":1,"score":0.6,"risk":2,"peakDay":"Sunday","peakTime":"morning","hood":"","bk12":{"morning":1,"afternoon":0,"evening":0,"night":0},"bk24":{"morning":1,"afternoon":0,"evening":0,"night":0},"recent":[{"d":"2025-10-12","day":"Sun","time":"08:59","desc":"Robbery - Miscellaneous","res":""}]}},{"type":"Feature","geometry":{"type":"Polygon","coordinates":[[[-110.91949498595548,32.22669986891602],[-110.91825576004379,32.228357209190605],[-110.91934057736539,32.2300780377627],[-110.92166465369478,32.23014150578899],[-110.92290384451188,32.228484148438014],[-110.92181899409707,32.226763340137204],[-110.91949498595548,32.22669986891602],[-110.91949498595548,32.22669986891602]]]},"properties":{"h3":"8948e854647ffff","count":1,"c3":0,"c6":0,"c12":1,"c24":1,"score":0.6,"risk":2,"peakDay":"Sunday","peakTime":"night","hood":"El Conquistador","bk12":{"morning":0,"afternoon":0,"evening":0,"night":1},"bk24":{"morning":0,"afternoon":0,"evening":0,"night":1},"recent":[{"d":"2025-10-12","day":"Sun","time":"22:15","desc":"Aggravated Assault - Other","res":""}]}},{"type":"Feature","geometry":{"type":"Polygon","coordinates":[[[-110.94210205154988,32.19010650676315],[-110.94086357660737,32.1917643006454],[-110.94194835567572,32.19348523388912],[-110.94427164269734,32.19354835293403],[-110.94551008250129,32.191890541978246],[-110.9444252704251,32.19016962905115],[-110.94210205154988,32.19010650676315],[-110.94210205154988,32.19010650676315]]]},"properties":{"h3":"8948e856243ffff","count":1,"c3":0,"c6":0,"c12":1,"c24":1,"score":0.6,"risk":2,"peakDay":"Sunday","peakTime":"night","hood":"Pueblo Gardens","bk12":{"morning":0,"afternoon":0,"evening":0,"night":1},"bk24":{"morning":0,"afternoon":0,"evening":0,"night":1},"recent":[{"d":"2025-10-12","day":"Sun","time":"23:45","desc":"Aggravated Assault - Other","res":""}]}},{"type":"Feature","geometry":{"type":"Polygon","coordinates":[[[-110.85102405930677,32.19774783747521],[-110.84978405652924,32.19940478501399],[-110.85086767846188,32.201126527349274],[-110.85319133644667,32.201191301931644],[-110.85443130434771,32.19953433723024],[-110.85334764914334,32.19781261510918],[-110.85102405930677,32.19774783747521],[-110.85102405930677,32.19774783747521]]]},"properties":{"h3":"8948e850d6fffff","count":1,"c3":0,"c6":0,"c12":1,"c24":1,"score":0.6,"risk":2,"peakDay":"Monday","peakTime":"afternoon","hood":"Terra Del Sol","bk12":{"morning":0,"afternoon":1,"evening":0,"night":0},"bk24":{"morning":0,"afternoon":1,"evening":0,"night":0},"recent":[{"d":"2025-10-13","day":"Mon","time":"15:41","desc":"Aggravated Assault - Other","res":""}]}},{"type":"Feature","geometry":{"type":"Polygon","coordinates":[[[-110.93900167080926,32.18156468043974],[-110.93776323788084,32.183222507232756],[-110.9388478952212,32.18494354550278],[-110.94117101850466,32.185006736661634],[-110.94240941630873,32.18334889278714],[-110.94132472595658,32.18162787483533],[-110.93900167080926,32.18156468043974],[-110.93900167080926,32.18156468043974]]]},"properties":{"h3":"8948e857537ffff","count":1,"c3":0,"c6":0,"c12":1,"c24":1,"score":0.6,"risk":2,"peakDay":"Tuesday","peakTime":"morning","hood":"Western Hills II","bk12":{"morning":1,"afternoon":0,"evening":0,"night":0},"bk24":{"morning":1,"afternoon":0,"evening":0,"night":0},"recent":[{"d":"2025-10-14","day":"Tue","time":"11:00","desc":"Aggravated Assault - Domestic Violence (DV)","res":""}]}},{"type":"Feature","geometry":{"type":"Polygon","coordinates":[[[-110.94271674508677,32.176591065994494],[-110.94147842441167,32.178248959815825],[-110.94256308519495,32.17997000598174],[-110.94488609965461,32.1800331380013],[-110.94612438519752,32.17837522709954],[-110.94503969141586,32.17665420125871],[-110.94271674508677,32.176591065994494],[-110.94271674508677,32.176591065994494]]]},"properties":{"h3":"8948e8575a7ffff","count":1,"c3":0,"c6":0,"c12":1,"c24":1,"score":0.6,"risk":2,"peakDay":"Tuesday","peakTime":"evening","hood":"Las Vistas","bk12":{"morning":0,"afternoon":0,"evening":1,"night":0},"bk24":{"morning":0,"afternoon":0,"evening":1,"night":0},"recent":[{"d":"2025-10-14","day":"Tue","time":"19:11","desc":"Robbery - Convenience Stores","res":""}]}},{"type":"Feature","geometry":{"type":"Polygon","coordinates":[[[-110.9363632467139,32.16288507410167],[-110.93512497149281,32.16454300857336],[-110.93620941844915,32.16626423630233],[-110.93853217363818,32.16632750923353],[-110.93977041375396,32.16466955766724],[-110.93868593378893,32.16294835026442],[-110.9363632467139,32.16288507410167],[-110.9363632467139,32.16288507410167]]]},"properties":{"h3":"8948e8cdb2fffff","count":4,"c3":0,"c6":0,"c12":4,"c24":4,"score":2.4,"risk":11,"peakDay":"Friday","peakTime":"morning","hood":"","bk12":{"morning":2,"afternoon":2,"evening":0,"night":0},"bk24":{"morning":2,"afternoon":2,"evening":0,"night":0},"recent":[{"d":"2025-12-21","day":"Sun","time":"06:36","desc":"Aggravated Assault - Other","res":""},{"d":"2025-12-12","day":"Fri","time":"16:14","desc":"Robbery - Carjacking","res":""},{"d":"2025-12-12","day":"Fri","time":"16:14","desc":"Robbery - Carjacking","res":""},{"d":"2025-10-15","day":"Wed","time":"11:52","desc":"Aggravated Assault - Other","res":""}]}},{"type":"Feature","geometry":{"type":"Polygon","coordinates":[[[-110.81999494098436,32.264531534397534],[-110.81875373098165,32.266187738076624],[-110.81983755818777,32.26790918911834],[-110.82216262879803,32.2679744163386],[-110.8234038039751,32.266318195502386],[-110.82231994337046,32.26459676460313],[-110.81999494098436,32.264531534397534],[-110.81999494098436,32.264531534397534]]]},"properties":{"h3":"8948e8421cfffff","count":2,"c3":0,"c6":0,"c12":2,"c24":2,"score":1.1,"risk":5,"peakDay":"Friday","peakTime":"afternoon","hood":"Amphi","bk12":{"morning":0,"afternoon":2,"evening":0,"night":0},"bk24":{"morning":0,"afternoon":2,"evening":0,"night":0},"recent":[{"d":"2025-10-18","day":"Sat","time":"13:25","desc":"Aggravated Assault - Other","res":""},{"d":"2025-10-17","day":"Fri","time":"12:27","desc":"Robbery - Convenience Stores","res":""}]}},{"type":"Feature","geometry":{"type":"Polygon","coordinates":[[[-110.9317444791992,32.2642367537669],[-110.93050504616308,32.26589393539537],[-110.93159038049674,32.26761431345253],[-110.93391518094917,32.26767748961846],[-110.93515457883203,32.26602029094698],[-110.93406921141863,32.264299933152664],[-110.9317444791992,32.2642367537669],[-110.9317444791992,32.2642367537669]]]},"properties":{"h3":"8948e855c87ffff","count":1,"c3":0,"c6":0,"c12":1,"c24":1,"score":0.6,"risk":3,"peakDay":"Friday","peakTime":"afternoon","hood":"Amphi","bk12":{"morning":0,"afternoon":1,"evening":0,"night":0},"bk24":{"morning":0,"afternoon":1,"evening":0,"night":0},"recent":[{"d":"2025-10-17","day":"Fri","time":"12:27","desc":"Robbery - Convenience Stores","res":""}]}},{"type":"Feature","geometry":{"type":"Polygon","coordinates":[[[-111.00263401709361,32.16298218204684],[-111.0013967959199,32.164640689551646],[-111.0024821346171,32.16636127676868],[-111.00480472731068,32.166423336083895],[-111.00604191318541,32.16476481155281],[-111.00495654166843,32.163044244732866],[-111.00263401709361,32.16298218204684],[-111.00263401709361,32.16298218204684]]]},"properties":{"h3":"8948e856513ffff","count":1,"c3":0,"c6":0,"c12":1,"c24":1,"score":0.6,"risk":3,"peakDay":"Friday","peakTime":"evening","hood":"","bk12":{"morning":0,"afternoon":0,"evening":1,"night":0},"bk24":{"morning":0,"afternoon":0,"evening":1,"night":0},"recent":[{"d":"2025-10-17","day":"Fri","time":"17:00","desc":"Aggravated Assault - Other","res":""}]}},{"type":"Feature","geometry":{"type":"Polygon","coordinates":[[[-110.87269608721267,32.257544662076434],[-110.8714557876107,32.25920137635997],[-110.87254026234608,32.26092238283717],[-110.87486506993068,32.26098665482765],[-110.87610533455654,32.25932992343691],[-110.87502082657683,32.25760893716296],[-110.87269608721267,32.257544662076434],[-110.87269608721267,32.257544662076434]]]},"properties":{"h3":"8948e85506fffff","count":1,"c3":0,"c6":0,"c12":1,"c24":1,"score":0.6,"risk":3,"peakDay":"Sunday","peakTime":"morning","hood":"","bk12":{"morning":1,"afternoon":0,"evening":0,"night":0},"bk24":{"morning":1,"afternoon":0,"evening":0,"night":0},"recent":[{"d":"2025-10-19","day":"Sun","time":"08:13","desc":"Aggravated Assault - Domestic Violence (DV)","res":""}]}},{"type":"Feature","geometry":{"type":"Polygon","coordinates":[[[-110.96845120061558,32.22464563673187],[-110.96721277569577,32.22630341674474],[-110.96829823297956,32.22802379095115],[-110.9706221481384,32.228086364819816],[-110.97186053782154,32.226428567779735],[-110.9707750475854,32.22470821389825],[-110.96845120061558,32.22464563673187],[-110.96845120061558,32.22464563673187]]]},"properties":{"h3":"8948e854557ffff","count":1,"c3":0,"c6":0,"c12":1,"c24":1,"score":0.6,"risk":3,"peakDay":"Sunday","peakTime":"morning","hood":"Downtown","bk12":{"morning":1,"afternoon":0,"evening":0,"night":0},"bk24":{"morning":1,"afternoon":0,"evening":0,"night":0},"recent":[{"d":"2025-10-19","day":"Sun","time":"10:00","desc":"Aggravated Assault - Other","res":""}]}},{"type":"Feature","geometry":{"type":"Polygon","coordinates":[[[-110.96895447948697,32.290603725757364],[-110.9677153565175,32.29226104402199],[-110.96880143943146,32.293980827978785],[-110.97112667830623,32.29404327338351],[-110.97236576599737,32.292385938128696],[-110.97127965009493,32.29066617445943],[-110.96895447948697,32.290603725757364],[-110.96895447948697,32.290603725757364]]]},"properties":{"h3":"8948e854ac7ffff","count":3,"c3":0,"c6":0,"c12":3,"c24":3,"score":1.7,"risk":8,"peakDay":"Monday","peakTime":"night","hood":"","bk12":{"morning":0,"afternoon":0,"evening":0,"night":3},"bk24":{"morning":0,"afternoon":0,"evening":0,"night":3},"recent":[{"d":"2025-10-20","day":"Mon","time":"01:52","desc":"Aggravated Assault - Other","res":""},{"d":"2025-10-20","day":"Mon","time":"01:52","desc":"Aggravated Assault - Other","res":""},{"d":"2025-10-20","day":"Mon","time":"01:52","desc":"Aggravated Assault - Other","res":""}]}},{"type":"Feature","geometry":{"type":"Polygon","coordinates":[[[-110.98738436308153,32.269118731607406],[-110.98614576399508,32.27077636215323],[-110.98723189310678,32.272496158917896],[-110.98955665423144,32.272558304817245],[-110.99079521799874,32.270900657288344],[-110.98970905596343,32.26918088084324],[-110.98738436308153,32.269118731607406],[-110.98738436308153,32.269118731607406]]]},"properties":{"h3":"8948e854eb7ffff","count":1,"c3":0,"c6":0,"c12":1,"c24":1,"score":0.6,"risk":3,"peakDay":"Monday","peakTime":"morning","hood":"","bk12":{"morning":1,"afternoon":0,"evening":0,"night":0},"bk24":{"morning":1,"afternoon":0,"evening":0,"night":0},"recent":[{"d":"2025-10-20","day":"Mon","time":"08:35","desc":"Robbery - Miscellaneous","res":""}]}},{"type":"Feature","geometry":{"type":"Polygon","coordinates":[[[-110.99186157263182,32.247257385216734],[-110.99062327890492,32.24891520897067],[-110.99170926302328,32.25063515651428],[-110.99403357376978,32.2506972599671],[-110.99527183217776,32.24903941922258],[-110.99418581516105,32.247319492015905],[-110.99186157263182,32.247257385216734],[-110.99186157263182,32.247257385216734]]]},"properties":{"h3":"8948e856a6bffff","count":1,"c3":0,"c6":0,"c12":1,"c24":1,"score":0.6,"risk":3,"peakDay":"Tuesday","peakTime":"afternoon","hood":"Miracle Manor","bk12":{"morning":0,"afternoon":1,"evening":0,"night":0},"bk24":{"morning":0,"afternoon":1,"evening":0,"night":0},"recent":[{"d":"2025-10-21","day":"Tue","time":"14:32","desc":"Aggravated Assault - Other","res":""}]}},{"type":"Feature","geometry":{"type":"Polygon","coordinates":[[[-110.85039848099687,32.21126227676328],[-110.84915832359646,32.2129191236343],[-110.85024206352908,32.21464075309088],[-110.85256599414629,32.21470551547074],[-110.85380611666395,32.21304865144398],[-110.85272234345004,32.21132704219319],[-110.85039848099687,32.21126227676328],[-110.85039848099687,32.21126227676328]]]},"properties":{"h3":"8948e85090bffff","count":1,"c3":0,"c6":0,"c12":1,"c24":1,"score":0.6,"risk":3,"peakDay":"Tuesday","peakTime":"afternoon","hood":"Palo Verde Park","bk12":{"morning":0,"afternoon":1,"evening":0,"night":0},"bk24":{"morning":0,"afternoon":1,"evening":0,"night":0},"recent":[{"d":"2025-10-21","day":"Tue","time":"15:42","desc":"Aggravated Assault - Other","res":""}]}},{"type":"Feature","geometry":{"type":"Polygon","coordinates":[[[-110.93159038049674,32.26761431345253],[-110.9303509088299,32.26927146981046],[-110.93143627276744,32.27099181937556],[-110.93376114145683,32.27105499232204],[-110.9350005779688,32.26939781892281],[-110.93391518094917,32.26767748961846],[-110.93159038049674,32.26761431345253],[-110.93159038049674,32.26761431345253]]]},"properties":{"h3":"8948e855cbbffff","count":1,"c3":0,"c6":0,"c12":1,"c24":1,"score":0.6,"risk":3,"peakDay":"Wednesday","peakTime":"morning","hood":"","bk12":{"morning":1,"afternoon":0,"evening":0,"night":0},"bk24":{"morning":1,"afternoon":0,"evening":0,"night":0},"recent":[{"d":"2025-10-22","day":"Wed","time":"05:00","desc":"Aggravated Assault - Domestic Violence (DV)","res":""}]}},{"type":"Feature","geometry":{"type":"Polygon","coordinates":[[[-110.89392898412471,32.25136605120813],[-110.89268908783451,32.25302299455274],[-110.89377379143157,32.254743851333274],[-110.89609842450191,32.25480774453964],[-110.89733828575744,32.253150784106104],[-110.89625354898018,32.25142994755521],[-110.89392898412471,32.25136605120813],[-110.89392898412471,32.25136605120813]]]},"properties":{"h3":"8948e8551c3ffff","count":3,"c3":0,"c6":0,"c12":3,"c24":3,"score":1.7,"risk":8,"peakDay":"Wednesday","peakTime":"morning","hood":"Midway Village","bk12":{"morning":3,"afternoon":0,"evening":0,"night":0},"bk24":{"morning":3,"afternoon":0,"evening":0,"night":0},"recent":[{"d":"2025-11-29","day":"Sat","time":"05:17","desc":"Aggravated Assault - Other","res":""},{"d":"2025-10-22","day":"Wed","time":"05:14","desc":"Aggravated Assault - Other","res":""},{"d":"2025-10-22","day":"Wed","time":"05:14","desc":"Aggravated Assault - Other","res":""}]}},{"type":"Feature","geometry":{"type":"Polygon","coordinates":[[[-110.98900332869907,32.1558505218079],[-110.98776596643967,32.15750896116247],[-110.98885105533945,32.1592297427328],[-110.99117353935614,32.15929206456196],[-110.99241086636067,32.15763360816306],[-110.99132574460627,32.15591284697938],[-110.98900332869907,32.1558505218079],[-110.98900332869907,32.1558505218079]]]},"properties":{"h3":"8948e8564afffff","count":1,"c3":0,"c6":0,"c12":1,"c24":1,"score":0.6,"risk":3,"peakDay":"Wednesday","peakTime":"morning","hood":"","bk12":{"morning":1,"afternoon":0,"evening":0,"night":0},"bk24":{"morning":1,"afternoon":0,"evening":0,"night":0},"recent":[{"d":"2025-10-22","day":"Wed","time":"07:26","desc":"Aggravated Assault - Other","res":""}]}},{"type":"Feature","geometry":{"type":"Polygon","coordinates":[[[-110.80374120931032,32.23870665377165],[-110.80250001895905,32.240362898426504],[-110.80358338417537,32.24208473356518],[-110.80590797317578,32.24215030390941],[-110.80714912876465,32.240494042066516],[-110.8060657301184,32.23877222706751],[-110.80374120931032,32.23870665377165],[-110.80374120931032,32.23870665377165]]]},"properties":{"h3":"8948e842477ffff","count":1,"c3":0,"c6":0,"c12":1,"c24":1,"score":0.6,"risk":3,"peakDay":"Wednesday","peakTime":"afternoon","hood":"Windsor Park Community","bk12":{"morning":0,"afternoon":1,"evening":0,"night":0},"bk24":{"morning":0,"afternoon":1,"evening":0,"night":0},"recent":[{"d":"2025-10-22","day":"Wed","time":"15:24","desc":"Aggravated Assault - Domestic Violence (DV)","res":""}]}},{"type":"Feature","geometry":{"type":"Polygon","coordinates":[[[-110.86852881364706,32.196543275584986],[-110.86728910128109,32.19820038429965],[-110.86837294848242,32.199921969119885],[-110.8706965412738,32.199986424991735],[-110.87193621871272,32.19832929913167],[-110.8708523382902,32.196607734545225],[-110.86852881364706,32.196543275584986],[-110.86852881364706,32.196543275584986]]]},"properties":{"h3":"8948e857253ffff","count":1,"c3":0,"c6":0,"c12":1,"c24":1,"score":0.6,"risk":3,"peakDay":"Wednesday","peakTime":"afternoon","hood":"Corbett","bk12":{"morning":0,"afternoon":1,"evening":0,"night":0},"bk24":{"morning":0,"afternoon":1,"evening":0,"night":0},"recent":[{"d":"2025-10-22","day":"Wed","time":"16:36","desc":"Aggravated Assault - Other","res":""}]}},{"type":"Feature","geometry":{"type":"Polygon","coordinates":[[[-110.93497846815164,32.19329562065887],[-110.9337398458107,32.19495333034981],[-110.93482455883016,32.196674304212536],[-110.93714792722342,32.196737548077266],[-110.93838651444467,32.195079821307246],[-110.93730176839524,32.19335886775165],[-110.93497846815164,32.19329562065887],[-110.93497846815164,32.19329562065887]]]},"properties":{"h3":"8948e857187ffff","count":1,"c3":0,"c6":0,"c12":1,"c24":1,"score":0.6,"risk":3,"peakDay":"Thursday","peakTime":"night","hood":"Pueblo Gardens","bk12":{"morning":0,"afternoon":0,"evening":0,"night":1},"bk24":{"morning":0,"afternoon":0,"evening":0,"night":1},"recent":[{"d":"2025-10-23","day":"Thu","time":"03:06","desc":"Aggravated Assault - Domestic Violence (DV)","res":""}]}},{"type":"Feature","geometry":{"type":"Polygon","coordinates":[[[-110.85168213302707,32.10809582475895],[-110.85044309954566,32.10975340499727],[-110.85152589242111,32.11147592493904],[-110.85384775199931,32.111540844376016],[-110.85508675065627,32.10988324692555],[-110.85400392456238,32.10816074725035],[-110.85168213302707,32.10809582475895],[-110.85168213302707,32.10809582475895]]]},"properties":{"h3":"8948e852cc3ffff","count":1,"c3":0,"c6":0,"c12":1,"c24":1,"score":0.6,"risk":3,"peakDay":"Thursday","peakTime":"morning","hood":"","bk12":{"morning":1,"afternoon":0,"evening":0,"night":0},"bk24":{"morning":1,"afternoon":0,"evening":0,"night":0},"recent":[{"d":"2025-10-23","day":"Thu","time":"08:00","desc":"Aggravated Assault - Other","res":""}]}},{"type":"Feature","geometry":{"type":"Polygon","coordinates":[[[-110.80380534452713,32.16258718597035],[-110.8025649706488,32.16424396807147],[-110.80364762496707,32.165966471185065],[-110.80597068655241,32.166032172014255],[-110.80721102571385,32.1643753726827],[-110.80612833800974,32.162652889752465],[-110.80380534452713,32.16258718597035],[-110.80380534452713,32.16258718597035]]]},"properties":{"h3":"8948e85010bffff","count":1,"c3":0,"c6":0,"c12":1,"c24":1,"score":0.6,"risk":3,"peakDay":"Friday","peakTime":"night","hood":"","bk12":{"morning":0,"afternoon":0,"evening":0,"night":1},"bk24":{"morning":0,"afternoon":0,"evening":0,"night":1},"recent":[{"d":"2025-10-24","day":"Fri","time":"00:45","desc":"Aggravated Assault - Domestic Violence (DV)","res":""}]}},{"type":"Feature","geometry":{"type":"Polygon","coordinates":[[[-110.83802297977057,32.177084907348075],[-110.83678299220777,32.178741886650116],[-110.8378662450952,32.180463935093385],[-110.84018951884521,32.18052898402264],[-110.84142947158206,32.178871987533164],[-110.84034618539776,32.17714995930195],[-110.83802297977057,32.177084907348075],[-110.83802297977057,32.177084907348075]]]},"properties":{"h3":"8948e850c33ffff","count":2,"c3":0,"c6":0,"c12":2,"c24":2,"score":1.2,"risk":5,"peakDay":"Friday","peakTime":"afternoon","hood":"","bk12":{"morning":0,"afternoon":1,"evening":1,"night":0},"bk24":{"morning":0,"afternoon":1,"evening":1,"night":0},"recent":[{"d":"2025-12-28","day":"Sun","time":"17:03","desc":"Robbery - Convenience Stores","res":""},{"d":"2025-10-24","day":"Fri","time":"16:33","desc":"Aggravated Assault - Other","res":""}]}},{"type":"Feature","geometry":{"type":"Polygon","coordinates":[[[-110.82780404876281,32.17172298385767],[-110.8265639567886,32.17337991157051],[-110.82764702132384,32.17510210494642],[-110.82997021115901,32.17516735040549],[-110.83121026834046,32.173510405491776],[-110.83012717048238,32.171788232319955],[-110.82780404876281,32.17172298385767],[-110.82780404876281,32.17172298385767]]]},"properties":{"h3":"8948e850c1bffff","count":1,"c3":0,"c6":0,"c12":1,"c24":1,"score":0.6,"risk":3,"peakDay":"Friday","peakTime":"evening","hood":"Groves Lincoln Park","bk12":{"morning":0,"afternoon":0,"evening":1,"night":0},"bk24":{"morning":0,"afternoon":0,"evening":1,"night":0},"recent":[{"d":"2025-10-24","day":"Fri","time":"18:46","desc":"Aggravated Assault - Peace Officer (Non-Serious Injury)","res":""}]}},{"type":"Feature","geometry":{"type":"Polygon","coordinates":[[[-110.95109894144642,32.22248583666327],[-110.94986026334232,32.22414348128838],[-110.950945466894,32.22586404219767],[-110.95326938155334,32.22592693817431],[-110.95450802447286,32.22426927650291],[-110.95342278792053,32.22254873590122],[-110.95109894144642,32.22248583666327],[-110.95109894144642,32.22248583666327]]]},"properties":{"h3":"8948e854467ffff","count":2,"c3":0,"c6":0,"c12":2,"c24":2,"score":1.2,"risk":5,"peakDay":"Friday","peakTime":"evening","hood":"Desert Mallow","bk12":{"morning":0,"afternoon":0,"evening":2,"night":0},"bk24":{"morning":0,"afternoon":0,"evening":2,"night":0},"recent":[{"d":"2025-11-11","day":"Tue","time":"17:37","desc":"Aggravated Assault - Other","res":""},{"d":"2025-10-24","day":"Fri","time":"18:48","desc":"Aggravated Assault - Other","res":""}]}},{"type":"Feature","geometry":{"type":"Polygon","coordinates":[[[-110.92831674157354,32.186348077068025],[-110.92707808760798,32.18800577760493],[-110.92816264584653,32.18972687680113],[-110.9304858910985,32.18979025515653],[-110.93172450996808,32.188132537529846],[-110.93063991868456,32.186411458637615],[-110.92831674157354,32.186348077068025],[-110.92831674157354,32.186348077068025]]]},"properties":{"h3":"8948e857567ffff","count":1,"c3":0,"c6":0,"c12":1,"c24":1,"score":0.6,"risk":3,"peakDay":"Saturday","peakTime":"night","hood":"Las Vistas","bk12":{"morning":0,"afternoon":0,"evening":0,"night":1},"bk24":{"morning":0,"afternoon":0,"evening":0,"night":1},"recent":[{"d":"2025-10-25","day":"Sat","time":"04:27","desc":"Aggravated Assault - Other","res":""}]}},{"type":"Feature","geometry":{"type":"Polygon","coordinates":[[[-110.82964055636386,32.20729890869822],[-110.82840011255455,32.20895560215957],[-110.82948353462454,32.21067746568021],[-110.83180743384486,32.21074261555395],[-110.83304784283467,32.20908590491347],[-110.83196438742657,32.20736406157847],[-110.82964055636386,32.20729890869822],[-110.82964055636386,32.20729890869822]]]},"properties":{"h3":"8948e850867ffff","count":1,"c3":0,"c6":0,"c12":1,"c24":1,"score":0.6,"risk":3,"peakDay":"Saturday","peakTime":"morning","hood":"","bk12":{"morning":1,"afternoon":0,"evening":0,"night":0},"bk24":{"morning":1,"afternoon":0,"evening":0,"night":0},"recent":[{"d":"2025-10-25","day":"Sat","time":"10:45","desc":"Robbery - Residence","res":""}]}},{"type":"Feature","geometry":{"type":"Polygon","coordinates":[[[-110.9780687314449,32.24350600166762],[-110.9768302579764,32.24516373228008],[-110.9779160214818,32.24688384655107],[-110.98024029139418,32.2469462098853],[-110.98147872958639,32.245288462265975],[-110.98039293314537,32.24356836831934],[-110.9780687314449,32.24350600166762],[-110.9780687314449,32.24350600166762]]]},"properties":{"h3":"8948e85418fffff","count":1,"c3":0,"c6":0,"c12":1,"c24":1,"score":0.6,"risk":3,"peakDay":"Saturday","peakTime":"morning","hood":"Bronx Park","bk12":{"morning":1,"afternoon":0,"evening":0,"night":0},"bk24":{"morning":1,"afternoon":0,"evening":0,"night":0},"recent":[{"d":"2025-10-25","day":"Sat","time":"11:08","desc":"Aggravated Assault - Other","res":""}]}},{"type":"Feature","geometry":{"type":"Polygon","coordinates":[[[-110.89036448248271,32.252959035617494],[-110.88912451251436,32.2546159365961],[-110.89020918292007,32.25633681360154],[-110.89253385648837,32.256400769403555],[-110.89377379143157,32.254743851333274],[-110.89268908783451,32.25302299455274],[-110.89036448248271,32.252959035617494],[-110.89036448248271,32.252959035617494]]]},"properties":{"h3":"8948e8551cbffff","count":1,"c3":0,"c6":0,"c12":1,"c24":1,"score":0.6,"risk":3,"peakDay":"Sunday","peakTime":"morning","hood":"Glenn Heights","bk12":{"morning":1,"afternoon":0,"evening":0,"night":0},"bk24":{"morning":1,"afternoon":0,"evening":0,"night":0},"recent":[{"d":"2025-10-26","day":"Sun","time":"07:58","desc":"Aggravated Assault - Domestic Violence (DV)","res":""}]}},{"type":"Feature","geometry":{"type":"Polygon","coordinates":[[[-110.97583201367745,32.13857867659462],[-110.97459462604878,32.14023712216545],[-110.97567937633316,32.14195818229328],[-110.97800154713147,32.14202077646778],[-110.97923889955426,32.14036231382941],[-110.97815411638749,32.13864127408413],[-110.97583201367745,32.13857867659462],[-110.97583201367745,32.13857867659462]]]},"properties":{"h3":"8948e8cca63ffff","count":2,"c3":0,"c6":0,"c12":2,"c24":2,"score":1.2,"risk":5,"peakDay":"Sunday","peakTime":"evening","hood":"Sunnyside","bk12":{"morning":0,"afternoon":0,"evening":2,"night":0},"bk24":{"morning":0,"afternoon":0,"evening":2,"night":0},"recent":[{"d":"2025-11-19","day":"Wed","time":"21:05","desc":"Aggravated Assault - Other","res":""},{"d":"2025-10-26","day":"Sun","time":"21:30","desc":"Robbery - Highway","res":""}]}},{"type":"Feature","geometry":{"type":"Polygon","coordinates":[[[-110.91251559942386,32.15039049679514],[-110.91127707877494,32.15204831147862],[-110.9123610876277,32.15376987829881],[-110.91468365020177,32.15383361012783],[-110.91592213582267,32.15217577831827],[-110.91483809390043,32.150454231805824],[-110.91251559942386,32.15039049679514],[-110.91251559942386,32.15039049679514]]]},"properties":{"h3":"8948e8cda2fffff","count":1,"c3":0,"c6":0,"c12":1,"c24":1,"score":0.6,"risk":3,"peakDay":"Monday","peakTime":"morning","hood":"Mortimore","bk12":{"morning":1,"afternoon":0,"evening":0,"night":0},"bk24":{"morning":1,"afternoon":0,"evening":0,"night":0},"recent":[{"d":"2025-10-27","day":"Mon","time":"06:47","desc":"Aggravated Assault - Other","res":""}]}},{"type":"Feature","geometry":{"type":"Polygon","coordinates":[[[-110.97817093435071,32.16401752138286],[-110.97693331231311,32.165675810159904],[-110.97801833217511,32.167396624668854],[-110.98034100696778,32.16745913003053],[-110.98157859377719,32.165800824202556],[-110.98049354102503,32.16408003006393],[-110.97817093435071,32.16401752138286],[-110.97817093435071,32.16401752138286]]]},"properties":{"h3":"8948e856467ffff","count":1,"c3":0,"c6":0,"c12":1,"c24":1,"score":0.6,"risk":3,"peakDay":"Tuesday","peakTime":"night","hood":"","bk12":{"morning":0,"afternoon":0,"evening":0,"night":1},"bk24":{"morning":0,"afternoon":0,"evening":0,"night":1},"recent":[{"d":"2025-10-28","day":"Tue","time":"04:08","desc":"Robbery - Highway","res":""}]}},{"type":"Feature","geometry":{"type":"Polygon","coordinates":[[[-110.94768994844182,32.22070228244244],[-110.94645123516419,32.22235991001678],[-110.94753637610832,32.2240805195922],[-110.94986026334232,32.22414348128838],[-110.95109894144642,32.22248583666327],[-110.95001376749296,32.22076524739281],[-110.94768994844182,32.22070228244244],[-110.94768994844182,32.22070228244244]]]},"properties":{"h3":"8948e854463ffff","count":1,"c3":0,"c6":0,"c12":1,"c24":1,"score":0.6,"risk":3,"peakDay":"Friday","peakTime":"morning","hood":"Miles","bk12":{"morning":1,"afternoon":0,"evening":0,"night":0},"bk24":{"morning":1,"afternoon":0,"evening":0,"night":0},"recent":[{"d":"2025-10-31","day":"Fri","time":"08:47","desc":"Robbery - Convenience Stores","res":""}]}},{"type":"Feature","geometry":{"type":"Polygon","coordinates":[[[-110.8130779611169,32.188225760096245],[-110.81183745941298,32.18988244312382],[-110.8129204789129,32.191604632918065],[-110.81524403349387,32.191670119506135],[-110.81648450043834,32.19001341927189],[-110.81540144756417,32.18829124965634],[-110.8130779611169,32.188225760096245],[-110.8130779611169,32.188225760096245]]]},"properties":{"h3":"8948e850e33ffff","count":1,"c3":0,"c6":0,"c12":1,"c24":1,"score":0.6,"risk":3,"peakDay":"Friday","peakTime":"morning","hood":"","bk12":{"morning":1,"afternoon":0,"evening":0,"night":0},"bk24":{"morning":1,"afternoon":0,"evening":0,"night":0},"recent":[{"d":"2025-10-31","day":"Fri","time":"09:00","desc":"Aggravated Assault - Domestic Violence (DV)","res":""}]}},{"type":"Feature","geometry":{"type":"Polygon","coordinates":[[[-110.92631279329248,32.230268313630596],[-110.92507363758106,32.2319256880535],[-110.92615858023653,32.233646419359275],[-110.92848271168211,32.23370975596568],[-110.92972183227677,32.23205236447535],[-110.92863685654552,32.23033165344612],[-110.92631279329248,32.230268313630596],[-110.92631279329248,32.230268313630596]]]},"properties":{"h3":"8948e854677ffff","count":2,"c3":0,"c6":0,"c12":2,"c24":2,"score":1.2,"risk":5,"peakDay":"Saturday","peakTime":"morning","hood":"Miramonte","bk12":{"morning":2,"afternoon":0,"evening":0,"night":0},"bk24":{"morning":2,"afternoon":0,"evening":0,"night":0},"recent":[{"d":"2025-11-19","day":"Wed","time":"07:10","desc":"Aggravated Assault - Other","res":""},{"d":"2025-11-01","day":"Sat","time":"09:10","desc":"Robbery - Carjacking","res":""}]}},{"type":"Feature","geometry":{"type":"Polygon","coordinates":[[[-110.80049129446348,32.23354098681134],[-110.79925010807801,32.23519723960366],[-110.80033338091091,32.23691915144127],[-110.80265787356836,32.236984790347556],[-110.80389902520413,32.235328520361044],[-110.80281571893502,32.23360662866251],[-110.80049129446348,32.23354098681134],[-110.80049129446348,32.23354098681134]]]},"properties":{"h3":"8948e84240bffff","count":2,"c3":0,"c6":0,"c12":2,"c24":2,"score":1.2,"risk":5,"peakDay":"Saturday","peakTime":"morning","hood":"","bk12":{"morning":1,"afternoon":0,"evening":1,"night":0},"bk24":{"morning":1,"afternoon":0,"evening":1,"night":0},"recent":[{"d":"2025-11-15","day":"Sat","time":"20:00","desc":"Aggravated Assault - Domestic Violence (DV)","res":""},{"d":"2025-11-01","day":"Sat","time":"09:46","desc":"Aggravated Assault - Other","res":""}]}},{"type":"Feature","geometry":{"type":"Polygon","coordinates":[[[-110.85380611666395,32.21304865144398],[-110.85256599414629,32.21470551547074],[-110.85364979686652,32.216427096476565],[-110.85597375537989,32.21649179324727],[-110.85721384300366,32.21483491206926],[-110.85613000701086,32.21311335127187],[-110.85380611666395,32.21304865144398],[-110.85380611666395,32.21304865144398]]]},"properties":{"h3":"8948e85090fffff","count":1,"c3":0,"c6":0,"c12":1,"c24":1,"score":0.6,"risk":3,"peakDay":"Saturday","peakTime":"afternoon","hood":"Palo Verde Park","bk12":{"morning":0,"afternoon":1,"evening":0,"night":0},"bk24":{"morning":0,"afternoon":1,"evening":0,"night":0},"recent":[{"d":"2025-11-01","day":"Sat","time":"14:33","desc":"Aggravated Assault - Other","res":""}]}},{"type":"Feature","geometry":{"type":"Polygon","coordinates":[[[-110.92151472169958,32.25888545513033],[-110.92027518327008,32.26054258560285],[-110.92136032951737,32.26226310984968],[-110.92368504730292,32.26232648336912],[-110.9249245506124,32.26066933584014],[-110.92383937125926,32.258948831848265],[-110.92151472169958,32.25888545513033],[-110.92151472169958,32.25888545513033]]]},"properties":{"h3":"8948e85426fffff","count":1,"c3":0,"c6":0,"c12":1,"c24":1,"score":0.6,"risk":3,"peakDay":"Sunday","peakTime":"morning","hood":"Cabrini","bk12":{"morning":1,"afternoon":0,"evening":0,"night":0},"bk24":{"morning":1,"afternoon":0,"evening":0,"night":0},"recent":[{"d":"2025-11-02","day":"Sun","time":"10:31","desc":"Aggravated Assault - Domestic Violence (DV)","res":""}]}},{"type":"Feature","geometry":{"type":"Polygon","coordinates":[[[-110.97262475270625,32.20953715341423],[-110.97138655585053,32.211195075767726],[-110.97247192762755,32.21291554310891],[-110.97479552919505,32.21297806775856],[-110.9760336908111,32.21132012837375],[-110.97494828610222,32.20959968137067],[-110.97262475270625,32.20953715341423],[-110.97262475270625,32.20953715341423]]]},"properties":{"h3":"8948e856363ffff","count":2,"c3":0,"c6":0,"c12":2,"c24":2,"score":1.2,"risk":5,"peakDay":"Sunday","peakTime":"night","hood":"Barrio Santa Rosa","bk12":{"morning":0,"afternoon":0,"evening":0,"night":2},"bk24":{"morning":0,"afternoon":0,"evening":0,"night":2},"recent":[{"d":"2025-11-02","day":"Sun","time":"23:59","desc":"Aggravated Assault - Other","res":""},{"d":"2025-11-02","day":"Sun","time":"23:59","desc":"Aggravated Assault - Other","res":""}]}},{"type":"Feature","geometry":{"type":"Polygon","coordinates":[[[-111.00785083954757,32.27980856437964],[-111.00661245254219,32.28146629675651],[-111.00769895707414,32.28318580010406],[-111.01002388148564,32.28324755073956],[-111.01126223310547,32.28158980140659],[-111.0101756957023,32.2798703183943],[-111.00785083954757,32.27980856437964],[-111.00785083954757,32.27980856437964]]]},"properties":{"h3":"8948e8548b3ffff","count":1,"c3":0,"c6":0,"c12":1,"c24":1,"score":0.6,"risk":3,"peakDay":"Monday","peakTime":"evening","hood":"Flowing Wells","bk12":{"morning":0,"afternoon":0,"evening":1,"night":0},"bk24":{"morning":0,"afternoon":0,"evening":1,"night":0},"recent":[{"d":"2025-11-03","day":"Mon","time":"18:00","desc":"Aggravated Assault - Domestic Violence (DV)","res":""}]}},{"type":"Feature","geometry":{"type":"Polygon","coordinates":[[[-110.84420984124854,32.19417449606474],[-110.84296976875126,32.19583140926482],[-110.84405326512633,32.1975532483963],[-110.84637686729063,32.19761815411887],[-110.84761690493355,32.195961223747204],[-110.84653337526942,32.19423940482465],[-110.84420984124854,32.19417449606474],[-110.84420984124854,32.19417449606474]]]},"properties":{"h3":"8948e8508b7ffff","count":2,"c3":0,"c6":0,"c12":2,"c24":2,"score":1.2,"risk":5,"peakDay":"Monday","peakTime":"evening","hood":"Terra Del Sol","bk12":{"morning":0,"afternoon":0,"evening":2,"night":0},"bk24":{"morning":0,"afternoon":0,"evening":2,"night":0},"recent":[{"d":"2025-11-03","day":"Mon","time":"20:14","desc":"Aggravated Assault - Other","res":""},{"d":"2025-11-03","day":"Mon","time":"20:14","desc":"Aggravated Assault - Other","res":""}]}},{"type":"Feature","geometry":{"type":"Polygon","coordinates":[[[-110.82607624134558,32.20889038671164],[-110.82483572405035,32.210547037783435],[-110.8259191127712,32.212268921484984],[-110.82824305213933,32.2123341339339],[-110.82948353462454,32.21067746568021],[-110.82840011255455,32.20895560215957],[-110.82607624134558,32.20889038671164],[-110.82607624134558,32.20889038671164]]]},"properties":{"h3":"8948e85086fffff","count":1,"c3":0,"c6":0,"c12":1,"c24":1,"score":0.6,"risk":3,"peakDay":"Wednesday","peakTime":"morning","hood":"","bk12":{"morning":1,"afternoon":0,"evening":0,"night":0},"bk24":{"morning":1,"afternoon":0,"evening":0,"night":0},"recent":[{"d":"2025-11-05","day":"Wed","time":"09:13","desc":"Robbery - Highway","res":""}]}},{"type":"Feature","geometry":{"type":"Polygon","coordinates":[[[-110.87195554040947,32.12219856820298],[-110.87071667745813,32.12385622678353],[-110.87179987577991,32.125578429549805],[-110.87412197022475,32.125642953455305],[-110.8753607982838,32.12398527769132],[-110.87427756679318,32.12226309520535],[-110.87195554040947,32.12219856820298],[-110.87195554040947,32.12219856820298]]]},"properties":{"h3":"8948e852dcbffff","count":1,"c3":0,"c6":0,"c12":1,"c24":1,"score":0.6,"risk":3,"peakDay":"Thursday","peakTime":"night","hood":"","bk12":{"morning":0,"afternoon":0,"evening":0,"night":1},"bk24":{"morning":0,"afternoon":0,"evening":0,"night":1},"recent":[{"d":"2025-11-06","day":"Thu","time":"00:50","desc":"Aggravated Assault - Domestic Violence (DV)","res":""}]}},{"type":"Feature","geometry":{"type":"Polygon","coordinates":[[[-110.9222865469856,32.24199637634868],[-110.9210472016979,32.243653632978145],[-110.9221322000091,32.24537429938877],[-110.9244565767049,32.245437688904524],[-110.92569588688052,32.24378041521002],[-110.92461085547534,32.242059769064866],[-110.9222865469856,32.24199637634868],[-110.9222865469856,32.24199637634868]]]},"properties":{"h3":"8948e8542c7ffff","count":1,"c3":0,"c6":0,"c12":1,"c24":1,"score":0.6,"risk":3,"peakDay":"Friday","peakTime":"afternoon","hood":"Palo Verde ","bk12":{"morning":0,"afternoon":1,"evening":0,"night":0},"bk24":{"morning":0,"afternoon":1,"evening":0,"night":0},"recent":[{"d":"2025-11-07","day":"Fri","time":"13:10","desc":"Robbery - Residence","res":""}]}},{"type":"Feature","geometry":{"type":"Polygon","coordinates":[[[-110.96056046493926,32.244725830576186],[-110.95932169948732,32.2463834006421],[-110.96040723890746,32.248103673381586],[-110.96273157676876,32.24816635575027],[-110.96397030699494,32.24650876866015],[-110.96288473458846,32.244788516225604],[-110.96056046493926,32.244725830576186],[-110.96056046493926,32.244725830576186]]]},"properties":{"h3":"8948e854027ffff","count":1,"c3":0,"c6":0,"c12":1,"c24":1,"score":0.6,"risk":3,"peakDay":"Friday","peakTime":"afternoon","hood":"","bk12":{"morning":0,"afternoon":1,"evening":0,"night":0},"bk24":{"morning":0,"afternoon":1,"evening":0,"night":0},"recent":[{"d":"2025-11-07","day":"Fri","time":"13:36","desc":"Aggravated Assault - Other","res":""}]}},{"type":"Feature","geometry":{"type":"Polygon","coordinates":[[[-110.82670466366962,32.195375713711705],[-110.82546430106994,32.197032465539124],[-110.82654757188301,32.19875446200305],[-110.82887123863824,32.198819686450285],[-110.83011156643418,32.19716291743407],[-110.82902826228153,32.19544094115947],[-110.82670466366962,32.195375713711705],[-110.82670466366962,32.195375713711705]]]},"properties":{"h3":"8948e85081bffff","count":1,"c3":0,"c6":0,"c12":1,"c24":1,"score":0.6,"risk":3,"peakDay":"Saturday","peakTime":"afternoon","hood":"Dietz","bk12":{"morning":0,"afternoon":1,"evening":0,"night":0},"bk24":{"morning":0,"afternoon":1,"evening":0,"night":0},"recent":[{"d":"2025-11-08","day":"Sat","time":"15:41","desc":"Aggravated Assault - Domestic Violence (DV)","res":""}]}},{"type":"Feature","geometry":{"type":"Polygon","coordinates":[[[-110.84765219865899,32.1198284969589],[-110.84641297597611,32.12148596050814],[-110.84749582397754,32.12320841694546],[-110.84981792790133,32.12327338957817],[-110.85105711576449,32.121615908819265],[-110.84997423452646,32.11989347263739],[-110.84765219865899,32.1198284969589],[-110.84765219865899,32.1198284969589]]]},"properties":{"h3":"8948e852c4fffff","count":1,"c3":0,"c6":0,"c12":1,"c24":1,"score":0.6,"risk":3,"peakDay":"Saturday","peakTime":"evening","hood":"","bk12":{"morning":0,"afternoon":0,"evening":1,"night":0},"bk24":{"morning":0,"afternoon":0,"evening":1,"night":0},"recent":[{"d":"2025-11-08","day":"Sat","time":"18:47","desc":"Aggravated Assault - Domestic Violence (DV)","res":""}]}},{"type":"Feature","geometry":{"type":"Polygon","coordinates":[[[-110.95217301173797,32.198836902321624],[-110.95093460367636,32.20049472239268],[-110.9520196000739,32.20221548160014],[-110.95434303752002,32.20227840041422],[-110.9555814104083,32.20062056328484],[-110.95449638102666,32.198899824399774],[-110.95217301173797,32.198836902321624],[-110.95217301173797,32.198836902321624]]]},"properties":{"h3":"8948e856267ffff","count":1,"c3":0,"c6":0,"c12":1,"c24":1,"score":0.6,"risk":3,"peakDay":"Sunday","peakTime":"morning","hood":"South Park","bk12":{"morning":1,"afternoon":0,"evening":0,"night":0},"bk24":{"morning":1,"afternoon":0,"evening":0,"night":0},"recent":[{"d":"2025-11-09","day":"Sun","time":"06:22","desc":"Aggravated Assault - Other","res":""}]}},{"type":"Feature","geometry":{"type":"Polygon","coordinates":[[[-111.01149335128187,32.19873881330051],[-111.01025588945049,32.20039714777039],[-111.01134168214703,32.20211733447077],[-111.01366496949265,32.20217916631547],[-111.01490239597737,32.20052081484835],[-111.01381657046605,32.19880064853386],[-111.01149335128187,32.19873881330051],[-111.01149335128187,32.19873881330051]]]},"properties":{"h3":"8948e856127ffff","count":1,"c3":0,"c6":0,"c12":1,"c24":1,"score":0.6,"risk":3,"peakDay":"Sunday","peakTime":"morning","hood":"Westside","bk12":{"morning":1,"afternoon":0,"evening":0,"night":0},"bk24":{"morning":1,"afternoon":0,"evening":0,"night":0},"recent":[{"d":"2025-11-09","day":"Sun","time":"06:37","desc":"Aggravated Assault - Domestic Violence (DV)","res":""}]}},{"type":"Feature","geometry":{"type":"Polygon","coordinates":[[[-111.02566553468627,32.27182741518567],[-111.0244275175363,32.27348535831512],[-111.02551418631325,32.275204759939264],[-111.02783890505877,32.27526619807519],[-111.02907688677593,32.27360823800361],[-111.02799018518327,32.27188885673831],[-111.02566553468627,32.27182741518567],[-111.02566553468627,32.27182741518567]]]},"properties":{"h3":"8948e854d17ffff","count":1,"c3":0,"c6":0,"c12":1,"c24":1,"score":0.6,"risk":3,"peakDay":"Monday","peakTime":"morning","hood":"","bk12":{"morning":1,"afternoon":0,"evening":0,"night":0},"bk24":{"morning":1,"afternoon":0,"evening":0,"night":0},"recent":[{"d":"2025-11-10","day":"Mon","time":"08:05","desc":"Aggravated Assault - Other","res":""}]}},{"type":"Feature","geometry":{"type":"Polygon","coordinates":[[[-110.92554163769647,32.24715830664089],[-110.92430228889884,32.248815555124956],[-110.92538737947844,32.250536144441625],[-110.92771185194621,32.25059946500827],[-110.92895116561913,32.24894219946537],[-110.92786604195189,32.24722163041472],[-110.92554163769647,32.24715830664089],[-110.92554163769647,32.24715830664089]]]},"properties":{"h3":"8948e854203ffff","count":1,"c3":0,"c6":0,"c12":1,"c24":1,"score":0.6,"risk":3,"peakDay":"Wednesday","peakTime":"afternoon","hood":"Doolen/Fruitvale","bk12":{"morning":0,"afternoon":1,"evening":0,"night":0},"bk24":{"morning":0,"afternoon":1,"evening":0,"night":0},"recent":[{"d":"2025-11-12","day":"Wed","time":"12:41","desc":"Aggravated Assault - Other","res":""}]}},{"type":"Feature","geometry":{"type":"Polygon","coordinates":[[[-110.94084627603246,32.141014156968936],[-110.9396083057546,32.142672282740705],[-110.94069260840145,32.14439365888135],[-110.94301491431254,32.1444568889067],[-110.94425284948527,32.1427987460327],[-110.94316851385494,32.141077390235665],[-110.94084627603246,32.141014156968936],[-110.94084627603246,32.141014156968936]]]},"properties":{"h3":"8948e8cd95bffff","count":1,"c3":0,"c6":0,"c12":1,"c24":1,"score":0.6,"risk":3,"peakDay":"Thursday","peakTime":"night","hood":"","bk12":{"morning":0,"afternoon":0,"evening":0,"night":1},"bk24":{"morning":0,"afternoon":0,"evening":0,"night":1},"recent":[{"d":"2025-11-13","day":"Thu","time":"04:17","desc":"Aggravated Assault - Other","res":""}]}},{"type":"Feature","geometry":{"type":"Polygon","coordinates":[[[-110.98967034136204,32.21845088404333],[-110.98843232081522,32.22010889150838],[-110.98951800527752,32.2218291153125],[-110.99184174317782,32.2218913113004],[-110.9930797284297,32.22023328682653],[-110.99199401107913,32.218513083373615],[-110.98967034136204,32.21845088404333],[-110.98967034136204,32.21845088404333]]]},"properties":{"h3":"8948e856e4fffff","count":2,"c3":0,"c6":0,"c12":2,"c24":2,"score":1.2,"risk":5,"peakDay":"Friday","peakTime":"night","hood":"Menlo Park","bk12":{"morning":0,"afternoon":0,"evening":0,"night":2},"bk24":{"morning":0,"afternoon":0,"evening":0,"night":2},"recent":[{"d":"2025-11-14","day":"Fri","time":"04:08","desc":"Aggravated Assault - Domestic Violence (DV)","res":""},{"d":"2025-11-14","day":"Fri","time":"04:08","desc":"Aggravated Assault - Domestic Violence (DV)","res":""}]}},{"type":"Feature","geometry":{"type":"Polygon","coordinates":[[[-110.96500011950708,32.14674516286383],[-110.96376247224985,32.14840345795149],[-110.9648471533927,32.15012455107393],[-110.96716951471355,32.150187328742575],[-110.96840712679158,32.14852901658077],[-110.96732241273084,32.146807943824534],[-110.96500011950708,32.14674516286383],[-110.96500011950708,32.14674516286383]]]},"properties":{"h3":"8948e8cd937ffff","count":1,"c3":0,"c6":0,"c12":1,"c24":1,"score":0.6,"risk":3,"peakDay":"Friday","peakTime":"morning","hood":"Sunnyside","bk12":{"morning":1,"afternoon":0,"evening":0,"night":0},"bk24":{"morning":1,"afternoon":0,"evening":0,"night":0},"recent":[{"d":"2025-11-14","day":"Fri","time":"06:15","desc":"Aggravated Assault - Other","res":""}]}},{"type":"Feature","geometry":{"type":"Polygon","coordinates":[[[-110.91205906888023,32.23664357347912],[-110.91081961832276,32.23830077888652],[-110.9119044285643,32.24002159125106],[-110.91422872248631,32.24008517795068],[-110.91546813796494,32.238427955464786],[-110.9143832946033,32.236707163357835],[-110.91205906888023,32.23664357347912],[-110.91205906888023,32.23664357347912]]]},"properties":{"h3":"8948e8555afffff","count":2,"c3":0,"c6":0,"c12":2,"c24":2,"score":1.2,"risk":5,"peakDay":"Friday","peakTime":"morning","hood":"Palo Verde ","bk12":{"morning":1,"afternoon":1,"evening":0,"night":0},"bk24":{"morning":1,"afternoon":1,"evening":0,"night":0},"recent":[{"d":"2025-12-08","day":"Mon","time":"13:31","desc":"Aggravated Assault - Domestic Violence (DV)","res":""},{"d":"2025-11-14","day":"Fri","time":"10:50","desc":"Aggravated Assault - Other","res":""}]}},{"type":"Feature","geometry":{"type":"Polygon","coordinates":[[[-110.86681379486167,32.23370596713798],[-110.86557365735638,32.23536279885925],[-110.86665782928456,32.23708407271613],[-110.86898217196833,32.23714849464121],[-110.87022227452916,32.23549164579348],[-110.86913806935355,32.23377039214721],[-110.86681379486167,32.23370596713798],[-110.86681379486167,32.23370596713798]]]},"properties":{"h3":"8948e8556a7ffff","count":1,"c3":0,"c6":0,"c12":1,"c24":1,"score":0.6,"risk":3,"peakDay":"Friday","peakTime":"afternoon","hood":"Mitman","bk12":{"morning":0,"afternoon":1,"evening":0,"night":0},"bk24":{"morning":0,"afternoon":1,"evening":0,"night":0},"recent":[{"d":"2025-11-14","day":"Fri","time":"13:43","desc":"Robbery - Miscellaneous","res":""}]}},{"type":"Feature","geometry":{"type":"Polygon","coordinates":[[[-110.8064228233765,32.18127111206141],[-110.80518229086417,32.182927785812396],[-110.8062651552302,32.18465010031276],[-110.80858858550063,32.18471572088672],[-110.80982908327718,32.183059029918404],[-110.80874618552198,32.18133673559352],[-110.8064228233765,32.18127111206141],[-110.8064228233765,32.18127111206141]]]},"properties":{"h3":"8948e850e13ffff","count":1,"c3":0,"c6":0,"c12":1,"c24":1,"score":0.6,"risk":3,"peakDay":"Friday","peakTime":"afternoon","hood":"","bk12":{"morning":0,"afternoon":1,"evening":0,"night":0},"bk24":{"morning":0,"afternoon":1,"evening":0,"night":0},"recent":[{"d":"2025-11-14","day":"Fri","time":"16:57","desc":"Aggravated Assault - Domestic Violence (DV)","res":""}]}},{"type":"Feature","geometry":{"type":"Polygon","coordinates":[[[-110.9826993048004,32.21826402976633],[-110.98146117514096,32.219921978155114],[-110.98254676416771,32.22164227103341],[-110.98487051576484,32.22170459517912],[-110.98610861014983,32.220046629774224],[-110.98502298821504,32.21832635723978],[-110.9826993048004,32.21826402976633],[-110.9826993048004,32.21826402976633]]]},"properties":{"h3":"8948e854587ffff","count":1,"c3":0,"c6":0,"c12":1,"c24":1,"score":0.6,"risk":3,"peakDay":"Friday","peakTime":"evening","hood":"Downtown","bk12":{"morning":0,"afternoon":0,"evening":1,"night":0},"bk24":{"morning":0,"afternoon":0,"evening":1,"night":0},"recent":[{"d":"2025-11-14","day":"Fri","time":"18:27","desc":"Aggravated Assault - Other","res":""}]}},{"type":"Feature","geometry":{"type":"Polygon","coordinates":[[[-110.97273066072904,32.13003569244951],[-110.97149331492339,32.131694170513754],[-110.97257794359396,32.13341533531463],[-110.97489995095944,32.13347800166717],[-110.97613726157343,32.131819506527414],[-110.97505260001647,32.130098362110715],[-110.97273066072904,32.13003569244951],[-110.97273066072904,32.13003569244951]]]},"properties":{"h3":"8948e8cca57ffff","count":1,"c3":0,"c6":0,"c12":1,"c24":1,"score":0.6,"risk":3,"peakDay":"Friday","peakTime":"evening","hood":"Barrio Nopal","bk12":{"morning":0,"afternoon":0,"evening":1,"night":0},"bk24":{"morning":0,"afternoon":0,"evening":1,"night":0},"recent":[{"d":"2025-11-14","day":"Fri","time":"21:43","desc":"Aggravated Assault - Other","res":""}]}},{"type":"Feature","geometry":{"type":"Polygon","coordinates":[[[-110.99846622058334,32.178094538952244],[-110.99722877156425,32.17975290507416],[-110.99831419589194,32.18147339972139],[-111.00063710208184,32.18153550786285],[-111.0018745158049,32.17987712471876],[-111.00078905863697,32.17815665045545],[-110.99846622058334,32.178094538952244],[-110.99846622058334,32.178094538952244]]]},"properties":{"h3":"8948e85656fffff","count":1,"c3":0,"c6":0,"c12":1,"c24":1,"score":0.6,"risk":3,"peakDay":"Saturday","peakTime":"night","hood":"Santa Cruz Southwest","bk12":{"morning":0,"afternoon":0,"evening":0,"night":1},"bk24":{"morning":0,"afternoon":0,"evening":0,"night":1},"recent":[{"d":"2025-11-15","day":"Sat","time":"01:35","desc":"Aggravated Assault - Other","res":""}]}},{"type":"Feature","geometry":{"type":"Polygon","coordinates":[[[-110.7650089879086,32.097179743922084],[-110.76376870098686,32.09883664379596],[-110.76485021911145,32.10056008695995],[-110.767172057619,32.10062661007127],[-110.76841230997672,32.09896969289071],[-110.76733075839381,32.097246269905604],[-110.7650089879086,32.097179743922084],[-110.7650089879086,32.097179743922084]]]},"properties":{"h3":"8948e85352bffff","count":2,"c3":0,"c6":0,"c12":2,"c24":2,"score":1.2,"risk":5,"peakDay":"Saturday","peakTime":"evening","hood":"Rita Ranch","bk12":{"morning":0,"afternoon":0,"evening":2,"night":0},"bk24":{"morning":0,"afternoon":0,"evening":2,"night":0},"recent":[{"d":"2025-11-15","day":"Sat","time":"17:36","desc":"Aggravated Assault - Domestic Violence (DV)","res":""},{"d":"2025-11-15","day":"Sat","time":"17:36","desc":"Aggravated Assault - Domestic Violence (DV)","res":""}]}},{"type":"Feature","geometry":{"type":"Polygon","coordinates":[[[-110.98249343313414,32.14552527982155],[-110.98125607742061,32.147183734718],[-110.98234098221455,32.14890466970102],[-110.98466327559224,32.148967129401996],[-110.9859005960762,32.147308657448754],[-110.98481565841493,32.1455877428514],[-110.98249343313414,32.14552527982155],[-110.98249343313414,32.14552527982155]]]},"properties":{"h3":"8948e856483ffff","count":1,"c3":0,"c6":0,"c12":1,"c24":1,"score":0.6,"risk":3,"peakDay":"Saturday","peakTime":"evening","hood":"Sunnyside","bk12":{"morning":0,"afternoon":0,"evening":1,"night":0},"bk24":{"morning":0,"afternoon":0,"evening":1,"night":0},"recent":[{"d":"2025-11-15","day":"Sat","time":"19:32","desc":"Aggravated Assault - Domestic Violence (DV)","res":""}]}},{"type":"Feature","geometry":{"type":"Polygon","coordinates":[[[-110.98793722800144,32.17950395388957],[-110.98669959611122,32.181162219107954],[-110.9877848922411,32.18288280314188],[-110.99010785313519,32.18294510158565],[-110.99134544975924,32.181286819335035],[-110.99026012075826,32.179566255672945],[-110.98793722800144,32.17950395388957],[-110.98793722800144,32.17950395388957]]]},"properties":{"h3":"8948e8560afffff","count":1,"c3":0,"c6":0,"c12":1,"c24":1,"score":0.6,"risk":3,"peakDay":"Sunday","peakTime":"evening","hood":"Santa Cruz Southwest","bk12":{"morning":0,"afternoon":0,"evening":1,"night":0},"bk24":{"morning":0,"afternoon":0,"evening":1,"night":0},"recent":[{"d":"2025-11-16","day":"Sun","time":"18:38","desc":"Aggravated Assault - Other","res":""}]}},{"type":"Feature","geometry":{"type":"Polygon","coordinates":[[[-111.00285256691089,32.23571396041157],[-111.00161457196437,32.237371960684456],[-111.00270059543757,32.23909190413579],[-111.00502464672056,32.239153826958976],[-111.00626260632305,32.23749580970047],[-111.00517654998944,32.23577588660445],[-111.00285256691089,32.23571396041157],[-111.00285256691089,32.23571396041157]]]},"properties":{"h3":"8948e856a17ffff","count":1,"c3":0,"c6":0,"c12":1,"c24":1,"score":0.6,"risk":3,"peakDay":"Tuesday","peakTime":"morning","hood":"Santiago Hills","bk12":{"morning":1,"afternoon":0,"evening":0,"night":0},"bk24":{"morning":1,"afternoon":0,"evening":0,"night":0},"recent":[{"d":"2025-11-18","day":"Tue","time":"09:47","desc":"Robbery - Miscellaneous","res":""}]}},{"type":"Feature","geometry":{"type":"Polygon","coordinates":[[[-110.89098558978985,32.23944738709853],[-110.88974577442565,32.24110438909959],[-110.89083032660298,32.24282537967114],[-110.8931547273292,32.24288934800836],[-110.8943945076746,32.24123232890876],[-110.89330992231547,32.23951135857053],[-110.89098558978985,32.23944738709853],[-110.89098558978985,32.23944738709853]]]},"properties":{"h3":"8948e85554fffff","count":2,"c3":0,"c6":0,"c12":2,"c24":2,"score":1.2,"risk":6,"peakDay":"Tuesday","peakTime":"afternoon","hood":"Palo Verde ","bk12":{"morning":0,"afternoon":1,"evening":0,"night":1},"bk24":{"morning":0,"afternoon":1,"evening":0,"night":1},"recent":[{"d":"2025-12-29","day":"Mon","time":"04:46","desc":"Aggravated Assault - Domestic Violence (DV)","res":""},{"d":"2025-11-18","day":"Tue","time":"16:00","desc":"Aggravated Assault - Domestic Violence (DV)","res":""}]}},{"type":"Feature","geometry":{"type":"Polygon","coordinates":[[[-110.88200350250898,32.207065253716216],[-110.88076389128686,32.20872240585422],[-110.88184801893355,32.2104437685703],[-110.88417179099413,32.210507958906184],[-110.88541136724336,32.20885078964243],[-110.88432720640782,32.20712944716862],[-110.88200350250898,32.207065253716216],[-110.88200350250898,32.207065253716216]]]},"properties":{"h3":"8948e85722bffff","count":2,"c3":0,"c6":0,"c12":2,"c24":2,"score":1.2,"risk":5,"peakDay":"Wednesday","peakTime":"night","hood":"Desert Aire/Loma Linda","bk12":{"morning":0,"afternoon":0,"evening":0,"night":2},"bk24":{"morning":0,"afternoon":0,"evening":0,"night":2},"recent":[{"d":"2025-11-19","day":"Wed","time":"02:50","desc":"Aggravated Assault - Other","res":""},{"d":"2025-11-19","day":"Wed","time":"02:50","desc":"Aggravated Assault - Other","res":""}]}},{"type":"Feature","geometry":{"type":"Polygon","coordinates":[[[-110.83739598602504,32.19060069891063],[-110.83615584385227,32.1922575777541],[-110.83723921465091,32.19397951363575],[-110.83956276093167,32.19404455047039],[-110.84080286827222,32.19238765444637],[-110.83971946416715,32.190665738768345],[-110.83739598602504,32.19060069891063],[-110.83739598602504,32.19060069891063]]]},"properties":{"h3":"8948e850887ffff","count":1,"c3":0,"c6":0,"c12":1,"c24":1,"score":0.6,"risk":3,"peakDay":"Saturday","peakTime":"night","hood":"Dietz","bk12":{"morning":0,"afternoon":0,"evening":0,"night":1},"bk24":{"morning":0,"afternoon":0,"evening":0,"night":1},"recent":[{"d":"2025-11-22","day":"Sat","time":"04:56","desc":"Aggravated Assault - Other","res":""}]}},{"type":"Feature","geometry":{"type":"Polygon","coordinates":[[[-110.95121963192241,32.1429881214012],[-110.9499818055271,32.14464632331233],[-110.95106626620507,32.14636758221857],[-110.95338858623631,32.14643061886014],[-110.95462637749499,32.14477239985855],[-110.95354188386194,32.14305116130593],[-110.95121963192241,32.1429881214012],[-110.95121963192241,32.1429881214012]]]},"properties":{"h3":"8948e8cd90bffff","count":2,"c3":0,"c6":0,"c12":2,"c24":2,"score":1.2,"risk":6,"peakDay":"Saturday","peakTime":"morning","hood":"Copper Vista","bk12":{"morning":2,"afternoon":0,"evening":0,"night":0},"bk24":{"morning":2,"afternoon":0,"evening":0,"night":0},"recent":[{"d":"2025-12-26","day":"Fri","time":"05:11","desc":"Aggravated Assault - Drive-By","res":""},{"d":"2025-11-22","day":"Sat","time":"05:29","desc":"Robbery - Residence","res":""}]}},{"type":"Feature","geometry":{"type":"Polygon","coordinates":[[[-110.80421462927174,32.228572092777725],[-110.80297355505982,32.23022841339362],[-110.80405683185766,32.23195033335565],[-110.80638121629309,32.23201591255589],[-110.80762225574732,32.230359574746814],[-110.80653894552674,32.228637674930745],[-110.80421462927174,32.228572092777725],[-110.80421462927174,32.228572092777725]]]},"properties":{"h3":"8948e842413ffff","count":1,"c3":0,"c6":0,"c12":1,"c24":1,"score":0.6,"risk":3,"peakDay":"Sunday","peakTime":"morning","hood":"","bk12":{"morning":1,"afternoon":0,"evening":0,"night":0},"bk24":{"morning":1,"afternoon":0,"evening":0,"night":0},"recent":[{"d":"2025-11-23","day":"Sun","time":"08:05","desc":"Aggravated Assault - Domestic Violence (DV)","res":""}]}},{"type":"Feature","geometry":{"type":"Polygon","coordinates":[[[-110.79787357206213,32.21486155693525],[-110.79663254449532,32.216517918999976],[-110.79771560710596,32.21824002041388],[-110.80003973071912,32.218305739616156],[-110.80128072355511,32.216649360344114],[-110.80019762751162,32.214927279077195],[-110.79787357206213,32.21486155693525],[-110.79787357206213,32.21486155693525]]]},"properties":{"h3":"8948e850a7bffff","count":1,"c3":0,"c6":0,"c12":1,"c24":1,"score":0.6,"risk":3,"peakDay":"Sunday","peakTime":"afternoon","hood":"","bk12":{"morning":0,"afternoon":1,"evening":0,"night":0},"bk24":{"morning":0,"afternoon":1,"evening":0,"night":0},"recent":[{"d":"2025-11-23","day":"Sun","time":"12:50","desc":"Aggravated Assault - Domestic Violence (DV)","res":""}]}},{"type":"Feature","geometry":{"type":"Polygon","coordinates":[[[-110.86465358327209,32.2048931524722],[-110.86341372006687,32.20655016863462],[-110.8644975930582,32.208271717239505],[-110.86682136249465,32.2083362294572],[-110.86806119077912,32.20667919615006],[-110.86697728455079,32.20495766777001],[-110.86465358327209,32.2048931524722],[-110.86465358327209,32.2048931524722]]]},"properties":{"h3":"8948e8509b3ffff","count":1,"c3":0,"c6":0,"c12":1,"c24":1,"score":0.6,"risk":3,"peakDay":"Sunday","peakTime":"afternoon","hood":"Colonia Del Valle","bk12":{"morning":0,"afternoon":1,"evening":0,"night":0},"bk24":{"morning":0,"afternoon":1,"evening":0,"night":0},"recent":[{"d":"2025-11-23","day":"Sun","time":"15:20","desc":"Aggravated Assault - Other","res":""}]}},{"type":"Feature","geometry":{"type":"Polygon","coordinates":[[[-111.01914616113562,32.26151044641241],[-111.01790815026988,32.26316840596486],[-111.01899463465081,32.264887962596895],[-111.02131916272887,32.264949539318714],[-111.02255713818724,32.26329156281172],[-111.02147062097781,32.261572026537515],[-111.01914616113562,32.26151044641241],[-111.01914616113562,32.26151044641241]]]},"properties":{"h3":"8948e856b6fffff","count":1,"c3":0,"c6":0,"c12":1,"c24":1,"score":0.6,"risk":3,"peakDay":"Sunday","peakTime":"afternoon","hood":"","bk12":{"morning":0,"afternoon":1,"evening":0,"night":0},"bk24":{"morning":0,"afternoon":1,"evening":0,"night":0},"recent":[{"d":"2025-11-23","day":"Sun","time":"16:06","desc":"Aggravated Assault - Domestic Violence (DV)","res":""}]}},{"type":"Feature","geometry":{"type":"Polygon","coordinates":[[[-110.87472098029457,32.21362941206003],[-110.87348118324367,32.21528645448119],[-110.8745652740049,32.21700782940234],[-110.87688919503327,32.21707214167178],[-110.87812895712864,32.21541508212109],[-110.87704483315407,32.21369372743057],[-110.87472098029457,32.21362941206003],[-110.87472098029457,32.21362941206003]]]},"properties":{"h3":"8948e8554d7ffff","count":1,"c3":0,"c6":0,"c12":1,"c24":1,"score":0.6,"risk":3,"peakDay":"Monday","peakTime":"morning","hood":"Wilshire Heights","bk12":{"morning":1,"afternoon":0,"evening":0,"night":0},"bk24":{"morning":1,"afternoon":0,"evening":0,"night":0},"recent":[{"d":"2025-11-24","day":"Mon","time":"06:04","desc":"Aggravated Assault - Other","res":""}]}},{"type":"Feature","geometry":{"type":"Polygon","coordinates":[[[-110.96132646050903,32.22783581296492],[-110.96008788799183,32.22949350871538],[-110.9611732793377,32.23121392355746],[-110.96349727617816,32.23127662233368],[-110.96473581347759,32.22961890955042],[-110.96365038915722,32.227898515023796],[-110.96132646050903,32.22783581296492],[-110.96132646050903,32.22783581296492]]]},"properties":{"h3":"8948e85454bffff","count":1,"c3":0,"c6":0,"c12":1,"c24":1,"score":0.6,"risk":3,"peakDay":"Monday","peakTime":"afternoon","hood":"West University","bk12":{"morning":0,"afternoon":1,"evening":0,"night":0},"bk24":{"morning":0,"afternoon":1,"evening":0,"night":0},"recent":[{"d":"2025-11-24","day":"Mon","time":"13:00","desc":"Aggravated Assault - Other","res":""}]}},{"type":"Feature","geometry":{"type":"Polygon","coordinates":[[[-110.92072992926116,32.19967259410106],[-110.91949101218924,32.20133013526058],[-110.92057559297814,32.20305119030441],[-110.92289912391612,32.20311468390064],[-110.9241380059062,32.20145712565095],[-110.92305339204303,32.19973609089527],[-110.92072992926116,32.19967259410106],[-110.92072992926116,32.19967259410106]]]},"properties":{"h3":"8948e857157ffff","count":1,"c3":0,"c6":0,"c12":1,"c24":1,"score":0.6,"risk":3,"peakDay":"Wednesday","peakTime":"afternoon","hood":"Julia Keen","bk12":{"morning":0,"afternoon":1,"evening":0,"night":0},"bk24":{"morning":0,"afternoon":1,"evening":0,"night":0},"recent":[{"d":"2025-11-26","day":"Wed","time":"15:40","desc":"Aggravated Assault - Other","res":""}]}},{"type":"Feature","geometry":{"type":"Polygon","coordinates":[[[-110.93854031703971,32.19170111595886],[-110.93730176839524,32.19335886775165],[-110.93838651444467,32.195079821307246],[-110.94070984216039,32.19514300275824],[-110.94194835567572,32.19348523388912],[-110.94086357660737,32.1917643006454],[-110.93854031703971,32.19170111595886],[-110.93854031703971,32.19170111595886]]]},"properties":{"h3":"8948e85624bffff","count":1,"c3":0,"c6":0,"c12":1,"c24":1,"score":0.6,"risk":3,"peakDay":"Wednesday","peakTime":"afternoon","hood":"Las Vistas","bk12":{"morning":0,"afternoon":1,"evening":0,"night":0},"bk24":{"morning":0,"afternoon":1,"evening":0,"night":0},"recent":[{"d":"2025-11-26","day":"Wed","time":"16:32","desc":"Aggravated Assault - Drive-By","res":""}]}},{"type":"Feature","geometry":{"type":"Polygon","coordinates":[[[-110.93592444785669,32.24913184525008],[-110.93468524308368,32.25078917011279],[-110.93577049208798,32.25250964175762],[-110.93809497892737,32.25257276826379],[-110.93933414854403,32.250915426354],[-110.93824886648058,32.24919497498518],[-110.93592444785669,32.24913184525008],[-110.93592444785669,32.24913184525008]]]},"properties":{"h3":"8948e8542afffff","count":3,"c3":0,"c6":0,"c12":3,"c24":3,"score":1.8,"risk":8,"peakDay":"Thursday","peakTime":"afternoon","hood":"Catalina Vista","bk12":{"morning":1,"afternoon":2,"evening":0,"night":0},"bk24":{"morning":1,"afternoon":2,"evening":0,"night":0},"recent":[{"d":"2025-12-19","day":"Fri","time":"10:12","desc":"Robbery - Highway","res":""},{"d":"2025-11-27","day":"Thu","time":"15:21","desc":"Aggravated Assault - Domestic Violence (DV)","res":""},{"d":"2025-11-27","day":"Thu","time":"15:21","desc":"Aggravated Assault - Domestic Violence (DV)","res":""}]}},{"type":"Feature","geometry":{"type":"Polygon","coordinates":[[[-110.80730684699336,32.23711593989121],[-110.8060657301184,32.23877222706751],[-110.80714912876465,32.240494042066516],[-110.80947367770762,32.24055954974489],[-110.8107147598107,32.23890324538329],[-110.80963132774558,32.2371814505287],[-110.80730684699336,32.23711593989121],[-110.80730684699336,32.23711593989121]]]},"properties":{"h3":"8948e84243bffff","count":1,"c3":0,"c6":0,"c12":1,"c24":1,"score":0.6,"risk":3,"peakDay":"Friday","peakTime":"morning","hood":"","bk12":{"morning":1,"afternoon":0,"evening":0,"night":0},"bk24":{"morning":1,"afternoon":0,"evening":0,"night":0},"recent":[{"d":"2025-11-28","day":"Fri","time":"09:40","desc":"Aggravated Assault - Domestic Violence (DV)","res":""}]}},{"type":"Feature","geometry":{"type":"Polygon","coordinates":[[[-110.95155931118839,32.21235089939579],[-110.95032074883103,32.21400861928009],[-110.95140586359283,32.21572926524002],[-110.95372957370842,32.2157921710018],[-110.954968100886,32.21413443406605],[-110.95388295313064,32.21241380842005],[-110.95155931118839,32.21235089939579],[-110.95155931118839,32.21235089939579]]]},"properties":{"h3":"8948e854403ffff","count":1,"c3":0,"c6":0,"c12":1,"c24":1,"score":0.6,"risk":3,"peakDay":"Saturday","peakTime":"evening","hood":"Barrio San Antonio","bk12":{"morning":0,"afternoon":0,"evening":1,"night":0},"bk24":{"morning":0,"afternoon":0,"evening":1,"night":0},"recent":[{"d":"2025-11-29","day":"Sat","time":"17:01","desc":"Aggravated Assault - Domestic Violence (DV)","res":""}]}},{"type":"Feature","geometry":{"type":"Polygon","coordinates":[[[-111.11084945949112,32.160754499793306],[-111.10961399108493,32.16241395462271],[-111.11070075782644,32.16413351214797],[-111.11302302548651,32.16419359433024],[-111.11425845827948,32.16253412258545],[-111.11317165902845,32.16081458557385],[-111.11084945949112,32.160754499793306],[-111.11084945949112,32.160754499793306]]]},"properties":{"h3":"8948e81804bffff","count":3,"c3":0,"c6":0,"c12":3,"c24":3,"score":1.9,"risk":8,"peakDay":"Sunday","peakTime":"night","hood":"Sunnyside","bk12":{"morning":1,"afternoon":0,"evening":0,"night":2},"bk24":{"morning":1,"afternoon":0,"evening":0,"night":2},"recent":[{"d":"2025-12-29","day":"Mon","time":"08:48","desc":"Aggravated Assault - Other","res":""},{"d":"2025-11-30","day":"Sun","time":"04:36","desc":"Aggravated Assault - Other","res":""},{"d":"2025-11-30","day":"Sun","time":"04:36","desc":"Aggravated Assault - Other","res":""}]}},{"type":"Feature","geometry":{"type":"Polygon","coordinates":[[[-110.81014419675213,32.176300955824715],[-110.80890377631998,32.1779576970628],[-110.80998664462516,32.17968001948464],[-110.8123099667412,32.17974558048611],[-110.81355035242967,32.17808882203171],[-110.81246745074873,32.17636651979223],[-110.81014419675213,32.176300955824715],[-110.81014419675213,32.176300955824715]]]},"properties":{"h3":"8948e850e83ffff","count":1,"c3":0,"c6":0,"c12":1,"c24":1,"score":0.6,"risk":3,"peakDay":"Sunday","peakTime":"afternoon","hood":"","bk12":{"morning":0,"afternoon":1,"evening":0,"night":0},"bk24":{"morning":0,"afternoon":1,"evening":0,"night":0},"recent":[{"d":"2025-11-30","day":"Sun","time":"15:33","desc":"Aggravated Assault - Domestic Violence (DV)","res":""}]}},{"type":"Feature","geometry":{"type":"Polygon","coordinates":[[[-110.87209197709595,32.19495058357029],[-110.8708523382902,32.196607734545225],[-110.87193621871272,32.19832929913167],[-110.87425977115402,32.198393692504695],[-110.87549937502321,32.196736524387106],[-110.87441546139057,32.19501498003921],[-110.87209197709595,32.19495058357029],[-110.87209197709595,32.19495058357029]]]},"properties":{"h3":"8948e8572cfffff","count":1,"c3":0,"c6":0,"c12":1,"c24":1,"score":0.6,"risk":3,"peakDay":"Monday","peakTime":"morning","hood":"","bk12":{"morning":1,"afternoon":0,"evening":0,"night":0},"bk24":{"morning":1,"afternoon":0,"evening":0,"night":0},"recent":[{"d":"2025-12-01","day":"Mon","time":"05:41","desc":"Aggravated Assault - Peace Officer (Non-Serious Injury)","res":""}]}},{"type":"Feature","geometry":{"type":"Polygon","coordinates":[[[-110.95278656859313,32.18532205240258],[-110.95154831478924,32.18697997247881],[-110.95263319284793,32.18870084475846],[-110.95495635768806,32.188763776631134],[-110.956194576325,32.1871058394897],[-110.95510966529166,32.18538498754087],[-110.95278656859313,32.18532205240258],[-110.95278656859313,32.18532205240258]]]},"properties":{"h3":"8948e856213ffff","count":1,"c3":0,"c6":0,"c12":1,"c24":1,"score":0.6,"risk":3,"peakDay":"Monday","peakTime":"afternoon","hood":"South Park","bk12":{"morning":0,"afternoon":1,"evening":0,"night":0},"bk24":{"morning":0,"afternoon":1,"evening":0,"night":0},"recent":[{"d":"2025-12-01","day":"Mon","time":"15:18","desc":"Robbery - Miscellaneous","res":""}]}},{"type":"Feature","geometry":{"type":"Polygon","coordinates":[[[-110.9458172518287,32.18513299096835],[-110.94457888916004,32.186790851919845],[-110.94566367166021,32.18851179309182],[-110.94798684982639,32.18857485298892],[-110.94922517734862,32.186916974964944],[-110.94814036185403,32.18519605411644],[-110.9458172518287,32.18513299096835],[-110.9458172518287,32.18513299096835]]]},"properties":{"h3":"8948e8562cfffff","count":1,"c3":0,"c6":0,"c12":1,"c24":1,"score":0.6,"risk":3,"peakDay":"Wednesday","peakTime":"morning","hood":"South Park","bk12":{"morning":1,"afternoon":0,"evening":0,"night":0},"bk24":{"morning":1,"afternoon":0,"evening":0,"night":0},"recent":[{"d":"2025-12-03","day":"Wed","time":"10:15","desc":"Aggravated Assault - Other","res":""}]}},{"type":"Feature","geometry":{"type":"Polygon","coordinates":[[[-110.90508636582106,32.236452547359384],[-110.9038468065075,32.23810969339617],[-110.90493152090978,32.239830574639264],[-110.90725582776841,32.239894289595455],[-110.90849535202365,32.2382371264729],[-110.90741060448148,32.236516265480006],[-110.90508636582106,32.236452547359384],[-110.90508636582106,32.236452547359384]]]},"properties":{"h3":"8948e855507ffff","count":1,"c3":0,"c6":0,"c12":1,"c24":1,"score":0.6,"risk":3,"peakDay":"Thursday","peakTime":"morning","hood":"Garden District","bk12":{"morning":1,"afternoon":0,"evening":0,"night":0},"bk24":{"morning":1,"afternoon":0,"evening":0,"night":0},"recent":[{"d":"2025-12-04","day":"Thu","time":"10:00","desc":"Aggravated Assault - Domestic Violence (DV)","res":""}]}},{"type":"Feature","geometry":{"type":"Polygon","coordinates":[[[-111.00710415767175,32.14110988521476],[-111.0058672412552,32.142768583385795],[-111.00695243509979,32.14448931929456],[-111.00927457815847,32.144551336617816],[-111.01051145927629,32.14289262141292],[-111.00942623263704,32.141171905918696],[-111.00710415767175,32.14110988521476],[-111.00710415767175,32.14110988521476]]]},"properties":{"h3":"8948e8ccb17ffff","count":1,"c3":0,"c6":0,"c12":1,"c24":1,"score":0.6,"risk":3,"peakDay":"Saturday","peakTime":"morning","hood":"Midvale Park","bk12":{"morning":1,"afternoon":0,"evening":0,"night":0},"bk24":{"morning":1,"afternoon":0,"evening":0,"night":0},"recent":[{"d":"2025-12-06","day":"Sat","time":"10:02","desc":"Aggravated Assault - Domestic Violence (DV)","res":""}]}},{"type":"Feature","geometry":{"type":"Polygon","coordinates":[[[-110.9662661542281,32.19583518153292],[-110.9650280026038,32.197493144851826],[-110.96611316046946,32.199213794454366],[-110.9684365029045,32.19927646039884],[-110.96967461931604,32.19761848003443],[-110.9685894285082,32.195897850771104],[-110.9662661542281,32.19583518153292],[-110.9662661542281,32.19583518153292]]]},"properties":{"h3":"8948e8563cbffff","count":1,"c3":0,"c6":0,"c12":1,"c24":1,"score":0.6,"risk":3,"peakDay":"Saturday","peakTime":"evening","hood":"","bk12":{"morning":0,"afternoon":0,"evening":1,"night":0},"bk24":{"morning":0,"afternoon":0,"evening":1,"night":0},"recent":[{"d":"2025-12-06","day":"Sat","time":"17:39","desc":"Aggravated Assault - Peace Officer (Non-Serious Injury)","res":""}]}},{"type":"Feature","geometry":{"type":"Polygon","coordinates":[[[-110.95205291799492,32.27831362746462],[-110.95081365742348,32.279970886003],[-110.9518993974292,32.28169094282633],[-110.95422443103905,32.281753720834836],[-110.95546365638916,32.28009644528208],[-110.95437788335366,32.278376408735255],[-110.95205291799492,32.27831362746462],[-110.95205291799492,32.27831362746462]]]},"properties":{"h3":"8948e855d8fffff","count":1,"c3":0,"c6":0,"c12":1,"c24":1,"score":0.6,"risk":3,"peakDay":"Sunday","peakTime":"morning","hood":"Campus Farm","bk12":{"morning":1,"afternoon":0,"evening":0,"night":0},"bk24":{"morning":1,"afternoon":0,"evening":0,"night":0},"recent":[{"d":"2025-12-07","day":"Sun","time":"10:24","desc":"Robbery - Carjacking","res":""}]}},{"type":"Feature","geometry":{"type":"Polygon","coordinates":[[[-110.96259183026973,32.2769071355971],[-110.96135275262567,32.278564495725604],[-110.96243862132376,32.280284463155546],[-110.9647636006677,32.28034705016845],[-110.9660026430604,32.27868967303563],[-110.96491674136347,32.27696972589428],[-110.96259183026973,32.2769071355971],[-110.96259183026973,32.2769071355971]]]},"properties":{"h3":"8948e854e4fffff","count":1,"c3":0,"c6":0,"c12":1,"c24":1,"score":0.6,"risk":3,"peakDay":"Monday","peakTime":"afternoon","hood":"Amphi","bk12":{"morning":0,"afternoon":1,"evening":0,"night":0},"bk24":{"morning":0,"afternoon":1,"evening":0,"night":0},"recent":[{"d":"2025-12-08","day":"Mon","time":"16:06","desc":"Aggravated Assault - Other","res":""}]}},{"type":"Feature","geometry":{"type":"Polygon","coordinates":[[[-110.96412342622452,32.24313090397417],[-110.96288473458846,32.244788516225604],[-110.96397030699494,32.24650876866015],[-110.96629460401556,32.24657138853368],[-110.96753326041637,32.244913759260825],[-110.96644765503468,32.24319352713594],[-110.96412342622452,32.24313090397417],[-110.96412342622452,32.24313090397417]]]},"properties":{"h3":"8948e8541cbffff","count":1,"c3":0,"c6":0,"c12":1,"c24":1,"score":0.6,"risk":3,"peakDay":"Tuesday","peakTime":"night","hood":"Sugar Hill","bk12":{"morning":0,"afternoon":0,"evening":0,"night":1},"bk24":{"morning":0,"afternoon":0,"evening":0,"night":1},"recent":[{"d":"2025-12-09","day":"Tue","time":"02:50","desc":"Aggravated Assault - Other","res":""}]}},{"type":"Feature","geometry":{"type":"Polygon","coordinates":[[[-110.80033338091091,32.23691915144127],[-110.79909215580838,32.23857537890362],[-110.80017545811171,32.2402972624647],[-110.80250001895905,32.240362898426504],[-110.80374120931032,32.23870665377165],[-110.80265787356836,32.236984790347556],[-110.80033338091091,32.23691915144127],[-110.80033338091091,32.23691915144127]]]},"properties":{"h3":"8948e842473ffff","count":1,"c3":0,"c6":0,"c12":1,"c24":1,"score":0.6,"risk":3,"peakDay":"Tuesday","peakTime":"night","hood":"Desert Palms Park","bk12":{"morning":0,"afternoon":0,"evening":0,"night":1},"bk24":{"morning":0,"afternoon":0,"evening":0,"night":1},"recent":[{"d":"2025-12-09","day":"Tue","time":"04:02","desc":"Aggravated Assault - Other","res":""}]}},{"type":"Feature","geometry":{"type":"Polygon","coordinates":[[[-110.9730360681946,32.123276248215255],[-110.97179879939738,32.12493477579946],[-110.972883368929,32.126655996742265],[-110.97520524014236,32.126718669712524],[-110.97644247375112,32.12506012504932],[-110.97535787133788,32.12333892449494],[-110.9730360681946,32.123276248215255],[-110.9730360681946,32.123276248215255]]]},"properties":{"h3":"8948e8ccac3ffff","count":1,"c3":0,"c6":0,"c12":1,"c24":1,"score":0.6,"risk":3,"peakDay":"Thursday","peakTime":"evening","hood":"Barrio Nopal","bk12":{"morning":0,"afternoon":0,"evening":1,"night":0},"bk24":{"morning":0,"afternoon":0,"evening":1,"night":0},"recent":[{"d":"2025-12-11","day":"Thu","time":"17:20","desc":"Aggravated Assault - Drive-By","res":""}]}},{"type":"Feature","geometry":{"type":"Polygon","coordinates":[[[-110.93108892304424,32.12552060137948],[-110.92985096314074,32.127178750291016],[-110.93093498955233,32.12890035581485],[-110.9332570088728,32.12896379208511],[-110.93449493370905,32.12730562605265],[-110.93341087429499,32.125584040870926],[-110.93108892304424,32.12552060137948],[-110.93108892304424,32.12552060137948]]]},"properties":{"h3":"8948e8cd813ffff","count":1,"c3":0,"c6":0,"c12":1,"c24":1,"score":0.6,"risk":3,"peakDay":"Saturday","peakTime":"night","hood":"Barrio Nopal","bk12":{"morning":0,"afternoon":0,"evening":0,"night":1},"bk24":{"morning":0,"afternoon":0,"evening":0,"night":1},"recent":[{"d":"2025-12-13","day":"Sat","time":"00:53","desc":"Aggravated Assault - Drive-By","res":""}]}},{"type":"Feature","geometry":{"type":"Polygon","coordinates":[[[-110.78995222649351,32.23493416503996],[-110.78871085847949,32.236590315561884],[-110.78979400147576,32.238312316060124],[-110.79211854595589,32.23837814590963],[-110.79335987925032,32.23672197818353],[-110.79227670278708,32.23499999781219],[-110.78995222649351,32.23493416503996],[-110.78995222649351,32.23493416503996]]]},"properties":{"h3":"8948e84244bffff","count":1,"c3":0,"c6":0,"c12":1,"c24":1,"score":0.6,"risk":3,"peakDay":"Saturday","peakTime":"morning","hood":"","bk12":{"morning":1,"afternoon":0,"evening":0,"night":0},"bk24":{"morning":1,"afternoon":0,"evening":0,"night":0},"recent":[{"d":"2025-12-13","day":"Sat","time":"10:48","desc":"Aggravated Assault - Other","res":""}]}},{"type":"Feature","geometry":{"type":"Polygon","coordinates":[[[-110.95699738901565,32.24632065249737],[-110.95575854975328,32.24797818036538],[-110.95684405617602,32.24969847340505],[-110.95916843486144,32.24976121827659],[-110.96040723890746,32.248103673381586],[-110.95932169948732,32.2463834006421],[-110.95699738901565,32.24632065249737],[-110.95699738901565,32.24632065249737]]]},"properties":{"h3":"8948e85402fffff","count":1,"c3":0,"c6":0,"c12":1,"c24":1,"score":0.6,"risk":3,"peakDay":"Sunday","peakTime":"morning","hood":"Jefferson Park","bk12":{"morning":1,"afternoon":0,"evening":0,"night":0},"bk24":{"morning":1,"afternoon":0,"evening":0,"night":0},"recent":[{"d":"2025-12-14","day":"Sun","time":"07:39","desc":"Aggravated Assault - Other","res":""}]}},{"type":"Feature","geometry":{"type":"Polygon","coordinates":[[[-110.90988206460501,32.13170724315498],[-110.90864370176412,32.13336516511932],[-110.90972750041244,32.13508692063369],[-110.9120496949709,32.135150733868095],[-110.91328802280283,32.13349279476452],[-110.91220419108814,32.13177105956585],[-110.90988206460501,32.13170724315498],[-110.90988206460501,32.13170724315498]]]},"properties":{"h3":"8948e8cda83ffff","count":1,"c3":0,"c6":0,"c12":1,"c24":1,"score":0.6,"risk":3,"peakDay":"Tuesday","peakTime":"afternoon","hood":"","bk12":{"morning":0,"afternoon":1,"evening":0,"night":0},"bk24":{"morning":0,"afternoon":1,"evening":0,"night":0},"recent":[{"d":"2025-12-16","day":"Tue","time":"14:31","desc":"Aggravated Assault - Other","res":""}]}},{"type":"Feature","geometry":{"type":"Polygon","coordinates":[[[-110.84174271823089,32.172113834728314],[-110.84050284278159,32.1737708813824],[-110.84158609948965,32.175492937724485],[-110.84390926493334,32.17555792719362],[-110.84514910554878,32.173900863353104],[-110.84406581555731,32.17217882722995],[-110.84174271823089,32.172113834728314],[-110.84174271823089,32.172113834728314]]]},"properties":{"h3":"8948e850ca3ffff","count":1,"c3":0,"c6":0,"c12":1,"c24":1,"score":0.6,"risk":3,"peakDay":"Wednesday","peakTime":"night","hood":"Groves Lincoln Park","bk12":{"morning":0,"afternoon":0,"evening":0,"night":1},"bk24":{"morning":0,"afternoon":0,"evening":0,"night":1},"recent":[{"d":"2025-12-17","day":"Wed","time":"04:56","desc":"Aggravated Assault - Other","res":""}]}},{"type":"Feature","geometry":{"type":"Polygon","coordinates":[[[-110.77838368458316,32.18385932431209],[-110.7771426811102,32.18551573436818],[-110.7782251896845,32.1872382944155],[-110.78054873520507,32.187304424263196],[-110.781789704023,32.18564799696266],[-110.7807071619783,32.18392545705896],[-110.77838368458316,32.18385932431209],[-110.77838368458316,32.18385932431209]]]},"properties":{"h3":"8948e85036fffff","count":1,"c3":0,"c6":0,"c12":1,"c24":1,"score":0.6,"risk":3,"peakDay":"Wednesday","peakTime":"afternoon","hood":"South Harrison","bk12":{"morning":0,"afternoon":1,"evening":0,"night":0},"bk24":{"morning":0,"afternoon":1,"evening":0,"night":0},"recent":[{"d":"2025-12-17","day":"Wed","time":"14:53","desc":"Aggravated Assault - Domestic Violence (DV)","res":""}]}},{"type":"Feature","geometry":{"type":"Polygon","coordinates":[[[-110.91717790733897,32.27736677188801],[-110.91593810194213,32.27902373354761],[-110.91702336303646,32.28074413559689],[-110.91934846265937,32.28080755574695],[-110.92058823293765,32.27915057703666],[-110.91950293871452,32.27743019522707],[-110.91717790733897,32.27736677188801],[-110.91717790733897,32.27736677188801]]]},"properties":{"h3":"8948e855c7bffff","count":1,"c3":0,"c6":0,"c12":1,"c24":1,"score":0.6,"risk":3,"peakDay":"Thursday","peakTime":"evening","hood":"Amphi","bk12":{"morning":0,"afternoon":0,"evening":1,"night":0},"bk24":{"morning":0,"afternoon":0,"evening":1,"night":0},"recent":[{"d":"2025-12-18","day":"Thu","time":"21:25","desc":"Robbery - Highway","res":""}]}},{"type":"Feature","geometry":{"type":"Polygon","coordinates":[[[-110.96565412544774,32.20934931332671],[-110.9644158195819,32.2110071765675],[-110.96550109585596,32.21272771291248],[-110.96782471095038,32.21279036568599],[-110.96906298159705,32.211132485406594],[-110.96797767237136,32.209411969392356],[-110.96565412544774,32.20934931332671],[-110.96565412544774,32.20934931332671]]]},"properties":{"h3":"8948e8544b7ffff","count":1,"c3":0,"c6":0,"c12":1,"c24":1,"score":0.6,"risk":3,"peakDay":"Friday","peakTime":"afternoon","hood":"Barrio Santa Rita Park-West Ochoa","bk12":{"morning":0,"afternoon":1,"evening":0,"night":0},"bk24":{"morning":0,"afternoon":1,"evening":0,"night":0},"recent":[{"d":"2025-12-19","day":"Fri","time":"16:47","desc":"Aggravated Assault - Other","res":""}]}},{"type":"Feature","geometry":{"type":"Polygon","coordinates":[[[-110.75976471045477,32.2087031059774],[-110.75852314667043,32.210359177388916],[-110.75960563480876,32.212081697450216],[-110.7619297202721,32.21214812599089],[-110.76317124944129,32.21049203732989],[-110.76208872776522,32.20876953737779],[-110.75976471045477,32.2087031059774],[-110.75976471045477,32.2087031059774]]]},"properties":{"h3":"8948e851807ffff","count":1,"c3":0,"c6":0,"c12":1,"c24":1,"score":0.6,"risk":3,"peakDay":"Saturday","peakTime":"night","hood":"Houghton East","bk12":{"morning":0,"afternoon":0,"evening":0,"night":1},"bk24":{"morning":0,"afternoon":0,"evening":0,"night":1},"recent":[{"d":"2025-12-20","day":"Sat","time":"02:57","desc":"Aggravated Assault - Domestic Violence (DV)","res":""}]}},{"type":"Feature","geometry":{"type":"Polygon","coordinates":[[[-110.88432347500039,32.23249905151334],[-110.88308362828006,32.234156044527694],[-110.8841680254202,32.235877160623936],[-110.88649230248036,32.23594126347571],[-110.88773211420562,32.234284253352115],[-110.8866476838687,32.232563157486034],[-110.88432347500039,32.23249905151334],[-110.88432347500039,32.23249905151334]]]},"properties":{"h3":"8948e85542fffff","count":1,"c3":0,"c6":0,"c12":1,"c24":1,"score":0.6,"risk":3,"peakDay":"Saturday","peakTime":"morning","hood":"Swan Way Park","bk12":{"morning":1,"afternoon":0,"evening":0,"night":0},"bk24":{"morning":1,"afternoon":0,"evening":0,"night":0},"recent":[{"d":"2025-12-20","day":"Sat","time":"05:00","desc":"Aggravated Assault - Other","res":""}]}},{"type":"Feature","geometry":{"type":"Polygon","coordinates":[[[-110.95745733365756,32.23618686818111],[-110.95621861017513,32.23784447152272],[-110.95730402775561,32.23956484986311],[-110.95962820181175,32.23962760455544],[-110.96086689008267,32.237969984181696],[-110.95978143951186,32.23624962614782],[-110.95745733365756,32.23618686818111],[-110.95745733365756,32.23618686818111]]]},"properties":{"h3":"8948e8540abffff","count":2,"c3":0,"c6":0,"c12":2,"c24":2,"score":1.3,"risk":6,"peakDay":"Saturday","peakTime":"evening","hood":"Feldman's","bk12":{"morning":0,"afternoon":0,"evening":2,"night":0},"bk24":{"morning":0,"afternoon":0,"evening":2,"night":0},"recent":[{"d":"2025-12-20","day":"Sat","time":"20:08","desc":"Aggravated Assault - Peace Officer (Non-Serious Injury)","res":""},{"d":"2025-12-20","day":"Sat","time":"20:08","desc":"Aggravated Assault - Peace Officer (Non-Serious Injury)","res":""}]}},{"type":"Feature","geometry":{"type":"Polygon","coordinates":[[[-110.88929305992303,32.12437140830815],[-110.88805444869026,32.126029202493484],[-110.88913790122,32.127751219889824],[-110.89145999810614,32.12781542280312],[-110.8926985743946,32.1261576114533],[-110.89161508874412,32.12443561435474],[-110.88929305992303,32.12437140830815],[-110.88929305992303,32.12437140830815]]]},"properties":{"h3":"8948e852dbbffff","count":1,"c3":0,"c6":0,"c12":1,"c24":1,"score":0.6,"risk":3,"peakDay":"Saturday","peakTime":"evening","hood":"","bk12":{"morning":0,"afternoon":0,"evening":1,"night":0},"bk24":{"morning":0,"afternoon":0,"evening":1,"night":0},"recent":[{"d":"2025-12-20","day":"Sat","time":"20:12","desc":"Aggravated Assault - Other","res":""}]}},{"type":"Feature","geometry":{"type":"Polygon","coordinates":[[[-110.96764269511529,32.16542527040074],[-110.96640489039555,32.167083458231346],[-110.96748978193534,32.1688043620222],[-110.96981251111872,32.16886705762427],[-110.97105028064016,32.16720885273265],[-110.96996535617939,32.165487969300045],[-110.96764269511529,32.16542527040074],[-110.96764269511529,32.16542527040074]]]},"properties":{"h3":"8948e8566a7ffff","count":1,"c3":0,"c6":0,"c12":1,"c24":1,"score":0.6,"risk":3,"peakDay":"Sunday","peakTime":"night","hood":"","bk12":{"morning":0,"afternoon":0,"evening":0,"night":1},"bk24":{"morning":0,"afternoon":0,"evening":0,"night":1},"recent":[{"d":"2025-12-21","day":"Sun","time":"04:40","desc":"Aggravated Assault - Domestic Violence (DV)","res":""}]}},{"type":"Feature","geometry":{"type":"Polygon","coordinates":[[[-110.95588801131419,32.19386330792479],[-110.95464971555636,32.195521195082904],[-110.95573471534853,32.19724196225035],[-110.95805804387213,32.19730482193054],[-110.95929630444877,32.195646917715166],[-110.95821127168594,32.19392617087693],[-110.95588801131419,32.19386330792479],[-110.95588801131419,32.19386330792479]]]},"properties":{"h3":"8948e85623bffff","count":1,"c3":0,"c6":0,"c12":1,"c24":1,"score":0.6,"risk":3,"peakDay":"Tuesday","peakTime":"morning","hood":"South Park","bk12":{"morning":1,"afternoon":0,"evening":0,"night":0},"bk24":{"morning":1,"afternoon":0,"evening":0,"night":0},"recent":[{"d":"2025-12-23","day":"Tue","time":"11:56","desc":"Aggravated Assault - Domestic Violence (DV)","res":""}]}},{"type":"Feature","geometry":{"type":"Polygon","coordinates":[[[-110.98208908867177,32.231776674090746],[-110.98085080476497,32.23343452218552],[-110.98193651230456,32.23515470145424],[-110.98426053667137,32.23521701229285],[-110.98549878529728,32.23355914718885],[-110.98441304484022,32.23183898825553],[-110.98208908867177,32.231776674090746],[-110.98208908867177,32.231776674090746]]]},"properties":{"h3":"8948e854523ffff","count":1,"c3":0,"c6":0,"c12":1,"c24":1,"score":0.6,"risk":3,"peakDay":"Tuesday","peakTime":"evening","hood":"Barrio Hollywood","bk12":{"morning":0,"afternoon":0,"evening":1,"night":0},"bk24":{"morning":0,"afternoon":0,"evening":1,"night":0},"recent":[{"d":"2025-12-23","day":"Tue","time":"19:34","desc":"Aggravated Assault - Other","res":""}]}},{"type":"Feature","geometry":{"type":"Polygon","coordinates":[[[-110.81118756611026,32.2287687110048],[-110.80994660012996,32.23042509130373],[-110.81102997323825,32.23214694270974],[-110.81335434573276,32.23221239366351],[-110.8145952769348,32.2305559961786],[-110.8135118704235,32.228834164925985],[-110.81118756611026,32.2287687110048],[-110.81118756611026,32.2287687110048]]]},"properties":{"h3":"8948e8424bbffff","count":1,"c3":0,"c6":0,"c12":1,"c24":1,"score":0.6,"risk":3,"peakDay":"Wednesday","peakTime":"afternoon","hood":"Carriage Park","bk12":{"morning":0,"afternoon":1,"evening":0,"night":0},"bk24":{"morning":0,"afternoon":1,"evening":0,"night":0},"recent":[{"d":"2025-12-24","day":"Wed","time":"13:00","desc":"Aggravated Assault - Domestic Violence (DV)","res":""}]}},{"type":"Feature","geometry":{"type":"Polygon","coordinates":[[[-110.92970319732191,32.15593648685214],[-110.92846489048355,32.1575944120365],[-110.92954918274438,32.15931576484094],[-110.9318718148702,32.159379172138046],[-110.93311008662695,32.15772122984834],[-110.93202576134239,32.15599989736694],[-110.92970319732191,32.15593648685214],[-110.92970319732191,32.15593648685214]]]},"properties":{"h3":"8948e8cdb0fffff","count":1,"c3":0,"c6":0,"c12":1,"c24":1,"score":0.6,"risk":3,"peakDay":"Wednesday","peakTime":"afternoon","hood":"","bk12":{"morning":0,"afternoon":1,"evening":0,"night":0},"bk24":{"morning":0,"afternoon":1,"evening":0,"night":0},"recent":[{"d":"2025-12-24","day":"Wed","time":"16:44","desc":"Aggravated Assault - Peace Officer (Non-Serious Injury)","res":""}]}},{"type":"Feature","geometry":{"type":"Polygon","coordinates":[[[-110.87331929542609,32.24403324208741],[-110.87207915049812,32.24569005754041],[-110.87316350705909,32.24741117758203],[-110.87548804178574,32.24747546195904],[-110.87672815174395,32.24581862939198],[-110.87564376194818,32.24409752956203],[-110.87331929542609,32.24403324208741],[-110.87331929542609,32.24403324208741]]]},"properties":{"h3":"8948e85501bffff","count":1,"c3":0,"c6":0,"c12":1,"c24":1,"score":0.6,"risk":3,"peakDay":"Friday","peakTime":"morning","hood":"","bk12":{"morning":1,"afternoon":0,"evening":0,"night":0},"bk24":{"morning":1,"afternoon":0,"evening":0,"night":0},"recent":[{"d":"2025-12-26","day":"Fri","time":"07:23","desc":"Aggravated Assault - Domestic Violence (DV)","res":""}]}},{"type":"Feature","geometry":{"type":"Polygon","coordinates":[[[-110.83152410050492,32.16675206599939],[-110.83028412062045,32.168409061067344],[-110.83136718901417,32.17013126232345],[-110.8336902706047,32.170196448300715],[-110.83493021568852,32.16853943603291],[-110.83384711398536,32.16681725498777],[-110.83152410050492,32.16675206599939],[-110.83152410050492,32.16675206599939]]]},"properties":{"h3":"8948e850c8bffff","count":1,"c3":0,"c6":0,"c12":1,"c24":1,"score":0.6,"risk":3,"peakDay":"Friday","peakTime":"morning","hood":"Groves Lincoln Park","bk12":{"morning":1,"afternoon":0,"evening":0,"night":0},"bk24":{"morning":1,"afternoon":0,"evening":0,"night":0},"recent":[{"d":"2025-12-26","day":"Fri","time":"09:39","desc":"Aggravated Assault - Other","res":""}]}},{"type":"Feature","geometry":{"type":"Polygon","coordinates":[[[-110.94317767080356,32.166453927164966],[-110.94193946580414,32.168111895821376],[-110.94302403789027,32.169833026563786],[-110.9453468479701,32.169896168318445],[-110.94658501784215,32.168238182576424],[-110.9455004127647,32.166517072165426],[-110.94317767080356,32.166453927164966],[-110.94317767080356,32.166453927164966]]]},"properties":{"h3":"8948e856643ffff","count":1,"c3":0,"c6":0,"c12":1,"c24":1,"score":0.6,"risk":3,"peakDay":"Friday","peakTime":"afternoon","hood":"South Park","bk12":{"morning":0,"afternoon":1,"evening":0,"night":0},"bk24":{"morning":0,"afternoon":1,"evening":0,"night":0},"recent":[{"d":"2025-12-26","day":"Fri","time":"16:15","desc":"Aggravated Assault - Other","res":""}]}},{"type":"Feature","geometry":{"type":"Polygon","coordinates":[[[-110.78163130667743,32.18902693607499],[-110.78039029915932,32.19068333818068],[-110.78147290006088,32.19240582188962],[-110.7837965419476,32.19247188334875],[-110.78503751479803,32.190815464004814],[-110.78395488043233,32.18909300044005],[-110.78163130667743,32.18902693607499],[-110.78163130667743,32.18902693607499]]]},"properties":{"h3":"8948e851d8bffff","count":1,"c3":0,"c6":0,"c12":1,"c24":1,"score":0.6,"risk":3,"peakDay":"Saturday","peakTime":"morning","hood":"South Harrison","bk12":{"morning":1,"afternoon":0,"evening":0,"night":0},"bk24":{"morning":1,"afternoon":0,"evening":0,"night":0},"recent":[{"d":"2025-12-27","day":"Sat","time":"06:18","desc":"Aggravated Assault - Domestic Violence (DV)","res":""}]}},{"type":"Feature","geometry":{"type":"Polygon","coordinates":[[[-110.97837412454143,32.236750151159285],[-110.97713572822362,32.238407932028714],[-110.97822143246452,32.24012810319627],[-110.98054556595706,32.240190473165875],[-110.98178392700181,32.238532675286145],[-110.98069818982998,32.236812524447174],[-110.97837412454143,32.236750151159285],[-110.97837412454143,32.236750151159285]]]},"properties":{"h3":"8948e854193ffff","count":1,"c3":0,"c6":0,"c12":1,"c24":1,"score":0.6,"risk":3,"peakDay":"Saturday","peakTime":"afternoon","hood":"Barrio Blue Moon","bk12":{"morning":0,"afternoon":1,"evening":0,"night":0},"bk24":{"morning":0,"afternoon":1,"evening":0,"night":0},"recent":[{"d":"2025-12-27","day":"Sat","time":"15:36","desc":"Robbery - Miscellaneous","res":""}]}},{"type":"Feature","geometry":{"type":"Polygon","coordinates":[[[-110.93728602728032,32.14260898718047],[-110.93604798336558,32.14426707099484],[-110.93713225301792,32.145988467474375],[-110.93945459958243,32.14605175980073],[-110.94069260840145,32.14439365888135],[-110.9396083057546,32.142672282740705],[-110.93728602728032,32.14260898718047],[-110.93728602728032,32.14260898718047]]]},"properties":{"h3":"8948e8cdb97ffff","count":1,"c3":0,"c6":0,"c12":1,"c24":1,"score":0.6,"risk":3,"peakDay":"Saturday","peakTime":"evening","hood":"","bk12":{"morning":0,"afternoon":0,"evening":1,"night":0},"bk24":{"morning":0,"afternoon":0,"evening":1,"night":0},"recent":[{"d":"2025-12-27","day":"Sat","time":"21:05","desc":"Aggravated Assault - Domestic Violence (DV)","res":""}]}},{"type":"Feature","geometry":{"type":"Polygon","coordinates":[[[-110.82345503193518,32.19020956333709],[-110.82221467321236,32.19186632313008],[-110.82329785173515,32.19358839609817],[-110.82562142232953,32.193653689084584],[-110.82686174626127,32.19199691209662],[-110.82577853439263,32.19027485931729],[-110.82345503193518,32.19020956333709],[-110.82345503193518,32.19020956333709]]]},"properties":{"h3":"8948e8508c3ffff","count":1,"c3":0,"c6":0,"c12":1,"c24":1,"score":0.6,"risk":3,"peakDay":"Sunday","peakTime":"afternoon","hood":"","bk12":{"morning":0,"afternoon":1,"evening":0,"night":0},"bk24":{"morning":0,"afternoon":1,"evening":0,"night":0},"recent":[{"d":"2025-12-28","day":"Sun","time":"16:16","desc":"Aggravated Assault - Other","res":""}]}},{"type":"Feature","geometry":{"type":"Polygon","coordinates":[[[-110.9760336908111,32.21132012837375],[-110.97479552919505,32.21297806775856],[-110.97588096351869,32.21469848641525],[-110.97820459238437,32.21476094534647],[-110.9794427187497,32.213102988934835],[-110.97835725150294,32.211382590618875],[-110.9760336908111,32.21132012837375],[-110.9760336908111,32.21132012837375]]]},"properties":{"h3":"8948e856367ffff","count":1,"c3":0,"c6":0,"c12":1,"c24":1,"score":0.6,"risk":3,"peakDay":"Monday","peakTime":"afternoon","hood":"Barrio Viejo","bk12":{"morning":0,"afternoon":1,"evening":0,"night":0},"bk24":{"morning":0,"afternoon":1,"evening":0,"night":0},"recent":[{"d":"2025-12-29","day":"Mon","time":"14:55","desc":"Aggravated Assault - Other","res":""}]}},{"type":"Feature","geometry":{"type":"Polygon","coordinates":[[[-110.79913695887585,32.18783192634171],[-110.79789624087668,32.18948849017036],[-110.7989790678756,32.191210816893104],[-110.80130264629024,32.19127655962345],[-110.8025433295711,32.18961997857368],[-110.80146046915851,32.18789767201476],[-110.79913695887585,32.18783192634171],[-110.79913695887585,32.18783192634171]]]},"properties":{"h3":"8948e850e47ffff","count":1,"c3":0,"c6":0,"c12":1,"c24":1,"score":0.6,"risk":3,"peakDay":"Wednesday","peakTime":"afternoon","hood":"South Harrison","bk12":{"morning":0,"afternoon":1,"evening":0,"night":0},"bk24":{"morning":0,"afternoon":1,"evening":0,"night":0},"recent":[{"d":"2025-12-31","day":"Wed","time":"16:15","desc":"Aggravated Assault - Other","res":""}]}}]}